,y_pred,y_true
2025-10-01 00:00:00+02:00,91.36859211596051,102.6
2025-10-01 00:15:00+02:00,91.36859211596051,92.24
2025-10-01 00:30:00+02:00,91.36859211596051,86.03
2025-10-01 00:45:00+02:00,91.36859211596051,85.39
2025-10-01 01:00:00+02:00,87.73034509231547,89.99
2025-10-01 01:15:00+02:00,87.73034509231547,86.03
2025-10-01 01:30:00+02:00,87.73034509231547,85.03
2025-10-01 01:45:00+02:00,87.73034509231547,84.09
2025-10-01 02:00:00+02:00,85.70470251138246,85.41
2025-10-01 02:15:00+02:00,85.6994446501293,85.0
2025-10-01 02:30:00+02:00,85.7055608050634,84.54
2025-10-01 02:45:00+02:00,85.71131065681529,84.54
2025-10-01 03:00:00+02:00,85.20092156893509,87.39
2025-10-01 03:15:00+02:00,85.20092156893509,87.36
2025-10-01 03:30:00+02:00,85.20092156893509,88.56
2025-10-01 03:45:00+02:00,85.20092156893509,89.99
2025-10-01 04:00:00+02:00,86.78027645828902,86.31
2025-10-01 04:15:00+02:00,86.78027645828902,89.06
2025-10-01 04:30:00+02:00,86.78027645828902,86.42
2025-10-01 04:45:00+02:00,86.78027645828902,88.83
2025-10-01 05:00:00+02:00,97.01928635950395,84.26
2025-10-01 05:15:00+02:00,97.01928635950395,90.76
2025-10-01 05:30:00+02:00,97.01928635950395,97.55
2025-10-01 05:45:00+02:00,97.01928635950395,108.74
2025-10-01 06:00:00+02:00,129.9630827189059,97.03
2025-10-01 06:15:00+02:00,129.9630827189059,117.49
2025-10-01 06:30:00+02:00,129.9630827189059,133.23
2025-10-01 06:45:00+02:00,129.9630827189059,152.09
2025-10-01 07:00:00+02:00,176.8364722647081,160.95
2025-10-01 07:15:00+02:00,176.8364722647081,181.48
2025-10-01 07:30:00+02:00,176.8364722647081,180.23
2025-10-01 07:45:00+02:00,176.8364722647081,170.54
2025-10-01 08:00:00+02:00,162.44871527999936,200.25
2025-10-01 08:15:00+02:00,162.44871527999936,143.35
2025-10-01 08:30:00+02:00,162.44871527999936,117.5
2025-10-01 08:45:00+02:00,162.44871527999936,95.25
2025-10-01 09:00:00+02:00,117.77665801212352,139.48
2025-10-01 09:15:00+02:00,117.77665801212352,105.01
2025-10-01 09:30:00+02:00,117.77665801212352,93.66
2025-10-01 09:45:00+02:00,117.77665801212352,82.85
2025-10-01 10:00:00+02:00,82.8320824027768,103.22
2025-10-01 10:15:00+02:00,82.8320824027768,93.06
2025-10-01 10:30:00+02:00,82.8320824027768,81.21
2025-10-01 10:45:00+02:00,82.8320824027768,66.65
2025-10-01 11:00:00+02:00,65.26524947583039,83.5
2025-10-01 11:15:00+02:00,65.26524947583039,72.08
2025-10-01 11:30:00+02:00,65.26524947583039,65.32
2025-10-01 11:45:00+02:00,65.26524947583039,61.37
2025-10-01 12:00:00+02:00,51.569144943831326,68.21
2025-10-01 12:15:00+02:00,51.569144943831326,65.22
2025-10-01 12:30:00+02:00,51.569144943831326,65.45
2025-10-01 12:45:00+02:00,51.569144943831326,65.22
2025-10-01 13:00:00+02:00,48.068970346412186,65.6
2025-10-01 13:15:00+02:00,48.068970346412186,67.72
2025-10-01 13:30:00+02:00,48.068970346412186,69.44
2025-10-01 13:45:00+02:00,48.068970346412186,70.84
2025-10-01 14:00:00+02:00,54.72901477769276,64.49
2025-10-01 14:15:00+02:00,54.72901477769276,70.25
2025-10-01 14:30:00+02:00,54.72901477769276,74.63
2025-10-01 14:45:00+02:00,54.72901477769276,81.14
2025-10-01 15:00:00+02:00,69.84850862150391,65.3
2025-10-01 15:15:00+02:00,69.84850862150391,74.63
2025-10-01 15:30:00+02:00,69.84850862150391,88.02
2025-10-01 15:45:00+02:00,69.84850862150391,98.94
2025-10-01 16:00:00+02:00,88.41908292020074,62.15
2025-10-01 16:15:00+02:00,88.41908292020074,89.53
2025-10-01 16:30:00+02:00,88.41908292020074,103.08
2025-10-01 16:45:00+02:00,88.41908292020074,116.72
2025-10-01 17:00:00+02:00,127.37080177891357,85.49
2025-10-01 17:15:00+02:00,127.37080177891357,115.87
2025-10-01 17:30:00+02:00,127.37080177891357,144.98
2025-10-01 17:45:00+02:00,127.37080177891357,195.26
2025-10-01 18:00:00+02:00,182.86355655499437,146.95
2025-10-01 18:15:00+02:00,182.86355655499437,200.0
2025-10-01 18:30:00+02:00,182.86355655499437,285.0
2025-10-01 18:45:00+02:00,182.86355655499437,381.0
2025-10-01 19:00:00+02:00,201.6958695380595,408.5
2025-10-01 19:15:00+02:00,201.6958695380595,376.39
2025-10-01 19:30:00+02:00,201.6958695380595,321.94
2025-10-01 19:45:00+02:00,201.6958695380595,253.14
2025-10-01 20:00:00+02:00,145.66888042228697,218.02
2025-10-01 20:15:00+02:00,145.66888042228697,155.25
2025-10-01 20:30:00+02:00,145.66888042228697,126.82
2025-10-01 20:45:00+02:00,145.66888042228697,108.0
2025-10-01 21:00:00+02:00,120.39390798138368,130.68
2025-10-01 21:15:00+02:00,120.39390798138368,121.4
2025-10-01 21:30:00+02:00,120.39390798138368,102.98
2025-10-01 21:45:00+02:00,120.39390798138368,97.08
2025-10-01 22:00:00+02:00,105.18235979162809,108.84
2025-10-01 22:15:00+02:00,105.18235979162809,101.51
2025-10-01 22:30:00+02:00,105.18235979162809,95.36
2025-10-01 22:45:00+02:00,105.18235979162809,88.33
2025-10-01 23:00:00+02:00,92.36500687644887,94.57
2025-10-01 23:15:00+02:00,92.36500687644887,91.55
2025-10-01 23:30:00+02:00,92.36500687644887,91.11
2025-10-01 23:45:00+02:00,92.36500687644887,85.36
2025-10-02 00:00:00+02:00,92.94691136296738,99.58
2025-10-02 00:15:00+02:00,92.66399683545977,91.1
2025-10-02 00:30:00+02:00,92.24932378187592,86.09
2025-10-02 00:45:00+02:00,92.22435992315566,86.45
2025-10-02 01:00:00+02:00,87.33143423558347,94.45
2025-10-02 01:15:00+02:00,87.27075623677051,90.42
2025-10-02 01:30:00+02:00,87.25621578019641,84.59
2025-10-02 01:45:00+02:00,87.2427162285842,82.54
2025-10-02 02:00:00+02:00,85.88903303220631,86.46
2025-10-02 02:15:00+02:00,85.94752277619081,84.8
2025-10-02 02:30:00+02:00,85.93309693403044,86.21
2025-10-02 02:45:00+02:00,85.92798894353776,88.63
2025-10-02 03:00:00+02:00,84.65467642487941,89.67
2025-10-02 03:15:00+02:00,84.65352093370312,88.64
2025-10-02 03:30:00+02:00,84.69956546392604,88.64
2025-10-02 03:45:00+02:00,84.7607798198611,87.29
2025-10-02 04:00:00+02:00,86.37074005097146,88.08
2025-10-02 04:15:00+02:00,86.49054669048964,90.58
2025-10-02 04:30:00+02:00,86.37534406492173,92.13
2025-10-02 04:45:00+02:00,86.4801802733017,92.44
2025-10-02 05:00:00+02:00,95.41846757441331,85.42
2025-10-02 05:15:00+02:00,95.69552311101572,89.83
2025-10-02 05:30:00+02:00,96.04210842399381,96.57
2025-10-02 05:45:00+02:00,96.37888590247493,112.07
2025-10-02 06:00:00+02:00,124.6685325246586,94.15
2025-10-02 06:15:00+02:00,128.89373900774928,117.78
2025-10-02 06:30:00+02:00,131.1716917081129,134.03
2025-10-02 06:45:00+02:00,133.78866091436043,168.92
2025-10-02 07:00:00+02:00,169.9736134059106,173.9
2025-10-02 07:15:00+02:00,173.07869614116274,198.6
2025-10-02 07:30:00+02:00,172.90225885400895,187.76
2025-10-02 07:45:00+02:00,171.5046605591591,164.09
2025-10-02 08:00:00+02:00,162.74670069788255,188.89
2025-10-02 08:15:00+02:00,156.7736981154047,151.89
2025-10-02 08:30:00+02:00,152.9191259814175,115.3
2025-10-02 08:45:00+02:00,146.904565827008,90.63
2025-10-02 09:00:00+02:00,114.9790455499197,123.28
2025-10-02 09:15:00+02:00,110.05874811185382,112.8
2025-10-02 09:30:00+02:00,108.44534448695451,92.01
2025-10-02 09:45:00+02:00,107.39465784713641,73.93
2025-10-02 10:00:00+02:00,86.39075830988297,101.95
2025-10-02 10:15:00+02:00,84.88813039654788,99.97
2025-10-02 10:30:00+02:00,83.05177930895452,86.08
2025-10-02 10:45:00+02:00,81.30095968405537,77.92
2025-10-02 11:00:00+02:00,58.54127391808444,91.75
2025-10-02 11:15:00+02:00,56.81668959463706,83.31
2025-10-02 11:30:00+02:00,55.606443129098366,72.08
2025-10-02 11:45:00+02:00,54.98419780861495,66.0
2025-10-02 12:00:00+02:00,53.976210822166564,70.25
2025-10-02 12:15:00+02:00,53.3433169935346,64.35
2025-10-02 12:30:00+02:00,53.391741241164226,64.44
2025-10-02 12:45:00+02:00,53.3433169935346,64.04
2025-10-02 13:00:00+02:00,52.83583636114601,57.95
2025-10-02 13:15:00+02:00,53.180033872258115,60.4
2025-10-02 13:30:00+02:00,53.46080143119316,61.27
2025-10-02 13:45:00+02:00,53.68516594012763,62.38
2025-10-02 14:00:00+02:00,57.68216961146126,61.7
2025-10-02 14:15:00+02:00,58.61416002306281,66.34
2025-10-02 14:30:00+02:00,59.2835480529106,74.63
2025-10-02 14:45:00+02:00,60.42875550338164,82.49
2025-10-02 15:00:00+02:00,62.24446977599457,62.12
2025-10-02 15:15:00+02:00,65.7384151358344,74.85
2025-10-02 15:30:00+02:00,68.33937443196272,86.81
2025-10-02 15:45:00+02:00,70.51603383717864,98.87
2025-10-02 16:00:00+02:00,61.985275320431214,71.94
2025-10-02 16:15:00+02:00,63.975482929039245,83.5
2025-10-02 16:30:00+02:00,66.06117887600026,98.44
2025-10-02 16:45:00+02:00,68.62200742252398,111.9
2025-10-02 17:00:00+02:00,92.80591669360625,72.46
2025-10-02 17:15:00+02:00,99.23186183824893,89.52
2025-10-02 17:30:00+02:00,105.90894227844255,117.3
2025-10-02 17:45:00+02:00,111.71362556993297,174.0
2025-10-02 18:00:00+02:00,142.52361286257803,118.32
2025-10-02 18:15:00+02:00,148.41505771460498,142.55
2025-10-02 18:30:00+02:00,152.79345201059925,178.63
2025-10-02 18:45:00+02:00,155.9485540746153,232.2
2025-10-02 19:00:00+02:00,215.04967651108333,219.39
2025-10-02 19:15:00+02:00,213.7988372092019,202.03
2025-10-02 19:30:00+02:00,211.81794763606285,162.92
2025-10-02 19:45:00+02:00,207.68173196898016,123.01
2025-10-02 20:00:00+02:00,158.5408503274099,136.09
2025-10-02 20:15:00+02:00,153.19219180353392,110.35
2025-10-02 20:30:00+02:00,149.1208599939116,98.43
2025-10-02 20:45:00+02:00,146.25518885734928,94.81
2025-10-02 21:00:00+02:00,118.68613200297035,98.47
2025-10-02 21:15:00+02:00,117.36214324095339,93.22
2025-10-02 21:30:00+02:00,115.25351182396696,84.09
2025-10-02 21:45:00+02:00,114.74765548144214,87.64
2025-10-02 22:00:00+02:00,102.75274624550755,105.25
2025-10-02 22:15:00+02:00,101.85118865001517,102.96
2025-10-02 22:30:00+02:00,101.08397479778863,95.43
2025-10-02 22:45:00+02:00,100.27085853375513,82.99
2025-10-02 23:00:00+02:00,89.90867896146047,105.11
2025-10-02 23:15:00+02:00,89.36067324139331,93.39
2025-10-02 23:30:00+02:00,89.26790903673454,74.94
2025-10-02 23:45:00+02:00,88.12744783639185,54.93
2025-10-03 00:00:00+02:00,102.24194809916075,97.06
2025-10-03 00:15:00+02:00,99.78709458558193,89.29
2025-10-03 00:30:00+02:00,97.66691127324046,82.88
2025-10-03 00:45:00+02:00,97.78434858666044,74.5
2025-10-03 01:00:00+02:00,94.42306863883832,87.06
2025-10-03 01:15:00+02:00,93.81779844500724,81.97
2025-10-03 01:30:00+02:00,92.9988262514095,74.88
2025-10-03 01:45:00+02:00,92.75980440211056,64.65
2025-10-03 02:00:00+02:00,90.52862922543768,82.76
2025-10-03 02:15:00+02:00,91.04040476945919,67.27
2025-10-03 02:30:00+02:00,90.48381887437696,69.18
2025-10-03 02:45:00+02:00,91.70559601413416,67.79
2025-10-03 03:00:00+02:00,91.84259582621235,62.05
2025-10-03 03:15:00+02:00,91.60129593736903,77.79
2025-10-03 03:30:00+02:00,91.60239201432286,79.88
2025-10-03 03:45:00+02:00,89.26322881684717,75.91
2025-10-03 04:00:00+02:00,90.08682464293052,71.57
2025-10-03 04:15:00+02:00,91.11054096293321,72.33
2025-10-03 04:30:00+02:00,91.58898311845998,79.85
2025-10-03 04:45:00+02:00,91.80945371883756,81.4
2025-10-03 05:00:00+02:00,79.78033020347425,68.79
2025-10-03 05:15:00+02:00,92.58229184437833,73.87
2025-10-03 05:30:00+02:00,93.9013850685026,82.29
2025-10-03 05:45:00+02:00,95.85302443804012,86.97
2025-10-03 06:00:00+02:00,40.17870769828697,88.68
2025-10-03 06:15:00+02:00,76.68733767439737,91.07
2025-10-03 06:30:00+02:00,91.99200973509,105.53
2025-10-03 06:45:00+02:00,99.32213449161121,89.84
2025-10-03 07:00:00+02:00,113.056208897846,96.31
2025-10-03 07:15:00+02:00,117.58288728902563,104.01
2025-10-03 07:30:00+02:00,115.23441648765296,96.87
2025-10-03 07:45:00+02:00,104.75604665851243,104.48
2025-10-03 08:00:00+02:00,119.79463590453753,123.03
2025-10-03 08:15:00+02:00,109.20048247142509,114.24
2025-10-03 08:30:00+02:00,84.45270045625311,102.97
2025-10-03 08:45:00+02:00,52.898388276184335,74.48
2025-10-03 09:00:00+02:00,91.78932288130905,108.53
2025-10-03 09:15:00+02:00,89.68106479203554,95.45
2025-10-03 09:30:00+02:00,73.45578715280729,77.56
2025-10-03 09:45:00+02:00,51.58406614488846,54.07
2025-10-03 10:00:00+02:00,66.55334683385084,90.0
2025-10-03 10:15:00+02:00,67.27671290639216,64.15
2025-10-03 10:30:00+02:00,64.24839827985893,45.12
2025-10-03 10:45:00+02:00,59.12652347712218,40.72
2025-10-03 11:00:00+02:00,48.02419265306678,46.91
2025-10-03 11:15:00+02:00,46.48432184683509,42.89
2025-10-03 11:30:00+02:00,47.62006012971506,40.51
2025-10-03 11:45:00+02:00,45.59133424858064,31.7
2025-10-03 12:00:00+02:00,31.307164053920225,32.47
2025-10-03 12:15:00+02:00,30.299812381008632,27.25
2025-10-03 12:30:00+02:00,30.325537034724814,24.62
2025-10-03 12:45:00+02:00,30.252626171853173,21.07
2025-10-03 13:00:00+02:00,30.378803137939155,18.31
2025-10-03 13:15:00+02:00,30.897140901326463,14.24
2025-10-03 13:30:00+02:00,31.09603069892995,14.68
2025-10-03 13:45:00+02:00,31.316660251668043,18.78
2025-10-03 14:00:00+02:00,31.011843739242938,10.53
2025-10-03 14:15:00+02:00,33.43812577464653,23.71
2025-10-03 14:30:00+02:00,35.57327542407644,30.63
2025-10-03 14:45:00+02:00,36.777875201786166,39.94
2025-10-03 15:00:00+02:00,26.079378437510798,32.77
2025-10-03 15:15:00+02:00,34.25773702125397,40.0
2025-10-03 15:30:00+02:00,37.587915208381276,58.96
2025-10-03 15:45:00+02:00,15.075824442138952,67.8
2025-10-03 16:00:00+02:00,22.950353510314088,39.55
2025-10-03 16:15:00+02:00,40.20346638218965,48.74
2025-10-03 16:30:00+02:00,46.12765470930276,74.28
2025-10-03 16:45:00+02:00,49.28957805821301,91.0
2025-10-03 17:00:00+02:00,22.079621748481543,49.89
2025-10-03 17:15:00+02:00,23.587299236596593,78.49
2025-10-03 17:30:00+02:00,57.1869656451001,102.6
2025-10-03 17:45:00+02:00,80.47817515906495,128.62
2025-10-03 18:00:00+02:00,68.91694561037468,113.32
2025-10-03 18:15:00+02:00,84.92881307537684,118.26
2025-10-03 18:30:00+02:00,103.58838651075938,128.5
2025-10-03 18:45:00+02:00,111.9801758806816,122.96
2025-10-03 19:00:00+02:00,122.46769196658045,124.22
2025-10-03 19:15:00+02:00,115.60340598357831,114.99
2025-10-03 19:30:00+02:00,92.00681594199605,99.91
2025-10-03 19:45:00+02:00,77.32702090139551,96.92
2025-10-03 20:00:00+02:00,50.970185888060044,106.78
2025-10-03 20:15:00+02:00,37.32665653476917,81.91
2025-10-03 20:30:00+02:00,31.50249833016443,56.68
2025-10-03 20:45:00+02:00,30.758919283075528,54.79
2025-10-03 21:00:00+02:00,-45.33873995570282,72.48
2025-10-03 21:15:00+02:00,-62.21533437733585,47.23
2025-10-03 21:30:00+02:00,-72.12599659691355,37.59
2025-10-03 21:45:00+02:00,-51.0492693442051,16.47
2025-10-03 22:00:00+02:00,40.3786992057064,37.77
2025-10-03 22:15:00+02:00,39.17136415902547,21.34
2025-10-03 22:30:00+02:00,16.479777916051205,21.84
2025-10-03 22:45:00+02:00,-23.518651285669222,20.66
2025-10-03 23:00:00+02:00,28.779296587665485,24.58
2025-10-03 23:15:00+02:00,20.818970291210434,9.77
2025-10-03 23:30:00+02:00,-66.45877365574235,7.49
2025-10-03 23:45:00+02:00,-120.41681579433971,2.59
2025-10-04 00:00:00+02:00,28.471864296221,2.93
2025-10-04 00:15:00+02:00,16.408235829964894,0.1
2025-10-04 00:30:00+02:00,8.766441075550489,-0.05
2025-10-04 00:45:00+02:00,4.282673757099047,-0.08
2025-10-04 01:00:00+02:00,13.99653229851026,0.0
2025-10-04 01:15:00+02:00,7.2471370678612885,-0.01
2025-10-04 01:30:00+02:00,2.0489278186836515,-0.01
2025-10-04 01:45:00+02:00,0.9666248990059501,-0.02
2025-10-04 02:00:00+02:00,-9.207572635175481,-0.01
2025-10-04 02:15:00+02:00,-11.37884442320194,-0.01
2025-10-04 02:30:00+02:00,-15.798243139430483,-0.04
2025-10-04 02:45:00+02:00,-12.335848582873425,-0.11
2025-10-04 03:00:00+02:00,-33.436687831511435,-0.07
2025-10-04 03:15:00+02:00,-28.276769182624008,-0.09
2025-10-04 03:30:00+02:00,-25.196461523140854,-0.1
2025-10-04 03:45:00+02:00,-28.76669061877861,-0.13
2025-10-04 04:00:00+02:00,-24.659607191873306,-0.93
2025-10-04 04:15:00+02:00,-23.715576233986013,-0.97
2025-10-04 04:30:00+02:00,-18.389646155065336,-1.03
2025-10-04 04:45:00+02:00,-16.42320145069263,-1.58
2025-10-04 05:00:00+02:00,-45.434892594587694,-1.52
2025-10-04 05:15:00+02:00,-40.68436578180524,-2.02
2025-10-04 05:30:00+02:00,-42.18189588628704,-2.02
2025-10-04 05:45:00+02:00,-37.08036487008167,-2.06
2025-10-04 06:00:00+02:00,-174.69386670471647,-2.15
2025-10-04 06:15:00+02:00,-161.9382764452506,-2.02
2025-10-04 06:30:00+02:00,-111.4679952598793,-1.48
2025-10-04 06:45:00+02:00,-152.75240814849917,-2.01
2025-10-04 07:00:00+02:00,-141.7250254532315,-0.25
2025-10-04 07:15:00+02:00,-115.02446642897391,-0.81
2025-10-04 07:30:00+02:00,-134.06258456520578,-1.0
2025-10-04 07:45:00+02:00,-118.12378480325609,-1.04
2025-10-04 08:00:00+02:00,-23.665871120622697,-0.7
2025-10-04 08:15:00+02:00,-25.169949773859017,-0.09
2025-10-04 08:30:00+02:00,-57.50955902100459,-0.08
2025-10-04 08:45:00+02:00,-58.01511935008905,-0.33
2025-10-04 09:00:00+02:00,-12.963595343748949,-0.1
2025-10-04 09:15:00+02:00,-19.475951076708768,-0.43
2025-10-04 09:30:00+02:00,-45.72511812279889,-0.05
2025-10-04 09:45:00+02:00,-63.958399580641526,-0.07
2025-10-04 10:00:00+02:00,-8.138136272552288,-0.01
2025-10-04 10:15:00+02:00,-22.73034046144859,-0.1
2025-10-04 10:30:00+02:00,-41.507712751012406,-0.14
2025-10-04 10:45:00+02:00,-40.88427319543139,-0.11
2025-10-04 11:00:00+02:00,6.413691926736597,-0.01
2025-10-04 11:15:00+02:00,4.333315364905388,-0.26
2025-10-04 11:30:00+02:00,3.0906770884776336,-0.08
2025-10-04 11:45:00+02:00,-3.7717265290212794,-0.04
2025-10-04 12:00:00+02:00,16.161177308739816,-0.19
2025-10-04 12:15:00+02:00,13.236261671910434,-0.06
2025-10-04 12:30:00+02:00,12.064090006288183,-0.03
2025-10-04 12:45:00+02:00,9.630942302351684,-0.04
2025-10-04 13:00:00+02:00,-0.37228508340358957,-0.24
2025-10-04 13:15:00+02:00,-3.1075517587600174,-0.23
2025-10-04 13:30:00+02:00,-2.8266979688309704,-0.4
2025-10-04 13:45:00+02:00,-0.16318317343156963,-0.89
2025-10-04 14:00:00+02:00,-6.733983307556642,-0.13
2025-10-04 14:15:00+02:00,2.38755534069292,-1.02
2025-10-04 14:30:00+02:00,6.986856484893117,-2.02
2025-10-04 14:45:00+02:00,12.007520473710173,-5.01
2025-10-04 15:00:00+02:00,-4.1769882994890395,-1.82
2025-10-04 15:15:00+02:00,2.6301646620682675,-5.02
2025-10-04 15:30:00+02:00,10.397956530285924,-2.51
2025-10-04 15:45:00+02:00,12.27029265310744,-1.07
2025-10-04 16:00:00+02:00,10.05452543618587,-0.25
2025-10-04 16:15:00+02:00,20.342388474431047,-0.01
2025-10-04 16:30:00+02:00,36.425623665082064,-0.04
2025-10-04 16:45:00+02:00,42.26393202692939,-0.08
2025-10-04 17:00:00+02:00,5.901655553389148,-1.08
2025-10-04 17:15:00+02:00,27.03057155748357,-0.01
2025-10-04 17:30:00+02:00,46.45309577895004,0.0
2025-10-04 17:45:00+02:00,66.98337773899483,0.72
2025-10-04 18:00:00+02:00,48.77222627793131,-0.03
2025-10-04 18:15:00+02:00,59.74054380897463,0.0
2025-10-04 18:30:00+02:00,62.2879410431619,2.2
2025-10-04 18:45:00+02:00,58.20844270682555,2.25
2025-10-04 19:00:00+02:00,61.51198495262602,2.44
2025-10-04 19:15:00+02:00,53.01451649752623,2.74
2025-10-04 19:30:00+02:00,35.01395401640582,4.02
2025-10-04 19:45:00+02:00,31.84235960797919,3.72
2025-10-04 20:00:00+02:00,8.443035943983517,1.3
2025-10-04 20:15:00+02:00,-36.86699929061584,0.0
2025-10-04 20:30:00+02:00,-50.569947444990916,0.0
2025-10-04 20:45:00+02:00,-48.431501801298324,-0.01
2025-10-04 21:00:00+02:00,-28.203074426638707,0.1
2025-10-04 21:15:00+02:00,-51.13022010796986,0.0
2025-10-04 21:30:00+02:00,-58.74005205232882,-0.01
2025-10-04 21:45:00+02:00,-61.09891034794913,-0.47
2025-10-04 22:00:00+02:00,-9.33527771941472,-0.06
2025-10-04 22:15:00+02:00,-23.189629507036898,-0.08
2025-10-04 22:30:00+02:00,-18.784652923953274,-0.01
2025-10-04 22:45:00+02:00,-26.677250672430603,-0.06
2025-10-04 23:00:00+02:00,-18.021992936574577,-0.01
2025-10-04 23:15:00+02:00,-35.47178953384771,-0.03
2025-10-04 23:30:00+02:00,-50.66154669974516,-0.08
2025-10-04 23:45:00+02:00,-53.06170952120287,-1.25
2025-10-05 00:00:00+02:00,-12.261972803429927,-0.07
2025-10-05 00:15:00+02:00,-10.978513854298257,-0.26
2025-10-05 00:30:00+02:00,-5.3702005653700695,-1.45
2025-10-05 00:45:00+02:00,-12.029614698202465,-1.21
2025-10-05 01:00:00+02:00,-21.15006537515849,-1.09
2025-10-05 01:15:00+02:00,-19.760361971265894,-2.01
2025-10-05 01:30:00+02:00,-19.776759086117423,-1.48
2025-10-05 01:45:00+02:00,-20.095814027828013,-1.03
2025-10-05 02:00:00+02:00,-25.966217727829758,-4.2
2025-10-05 02:15:00+02:00,-26.139233799036518,-4.19
2025-10-05 02:30:00+02:00,-26.107615029479376,-4.18
2025-10-05 02:45:00+02:00,-31.12296980951949,-4.19
2025-10-05 03:00:00+02:00,-42.39779250507816,-4.2
2025-10-05 03:15:00+02:00,-25.39743499058774,-4.11
2025-10-05 03:30:00+02:00,-25.352118070450658,-4.11
2025-10-05 03:45:00+02:00,-41.05035418331458,-5.09
2025-10-05 04:00:00+02:00,-30.27573489910614,-4.82
2025-10-05 04:15:00+02:00,-31.077889111860202,-5.03
2025-10-05 04:30:00+02:00,-30.59803598388403,-5.05
2025-10-05 04:45:00+02:00,-31.319267037316777,-5.02
2025-10-05 05:00:00+02:00,-30.05366851783502,-4.99
2025-10-05 05:15:00+02:00,-30.194693610256962,-4.82
2025-10-05 05:30:00+02:00,-31.220790714428816,-4.01
2025-10-05 05:45:00+02:00,-31.419682579397616,-4.01
2025-10-05 06:00:00+02:00,-33.184637632441195,-4.11
2025-10-05 06:15:00+02:00,-36.025339911857486,-4.05
2025-10-05 06:30:00+02:00,-34.5270936075118,-3.8
2025-10-05 06:45:00+02:00,-34.87580818461649,-3.08
2025-10-05 07:00:00+02:00,-10.110936680798929,-2.02
2025-10-05 07:15:00+02:00,-13.253795700237418,-1.78
2025-10-05 07:30:00+02:00,-11.504495534636959,-1.42
2025-10-05 07:45:00+02:00,-10.567743668226413,-0.8
2025-10-05 08:00:00+02:00,-9.77609072418916,-0.1
2025-10-05 08:15:00+02:00,-13.493152100481069,-0.09
2025-10-05 08:30:00+02:00,-5.789459276275153,-0.05
2025-10-05 08:45:00+02:00,2.01272885434048,-0.11
2025-10-05 09:00:00+02:00,-10.229453623610752,-0.01
2025-10-05 09:15:00+02:00,-11.465205839848466,-0.08
2025-10-05 09:30:00+02:00,-5.249850862143219,-2.01
2025-10-05 09:45:00+02:00,-3.4206705795429855,-3.47
2025-10-05 10:00:00+02:00,4.100090066256698,-1.48
2025-10-05 10:15:00+02:00,4.300912488114662,-2.9
2025-10-05 10:30:00+02:00,1.919430125665798,-4.06
2025-10-05 10:45:00+02:00,3.51140941649075,-4.88
2025-10-05 11:00:00+02:00,-27.28206014844386,-2.02
2025-10-05 11:15:00+02:00,-27.856258605781164,-2.02
2025-10-05 11:30:00+02:00,-28.271247392025998,-2.01
2025-10-05 11:45:00+02:00,-30.630672205923673,-2.02
2025-10-05 12:00:00+02:00,-25.739933383303153,-4.04
2025-10-05 12:15:00+02:00,-26.59645772951461,-3.04
2025-10-05 12:30:00+02:00,-27.166801998485383,-3.01
2025-10-05 12:45:00+02:00,-27.727107231385034,-3.57
2025-10-05 13:00:00+02:00,-30.9942782079116,-3.38
2025-10-05 13:15:00+02:00,-32.008265279240725,-3.54
2025-10-05 13:30:00+02:00,-32.0297393975443,-3.17
2025-10-05 13:45:00+02:00,-31.883935657310865,-3.46
2025-10-05 14:00:00+02:00,-39.2527246139265,-3.1
2025-10-05 14:15:00+02:00,-40.21691708142933,-3.02
2025-10-05 14:30:00+02:00,-38.27823561995814,-3.02
2025-10-05 14:45:00+02:00,-36.87664811983562,-2.63
2025-10-05 15:00:00+02:00,-29.284171408330977,-2.4
2025-10-05 15:15:00+02:00,-30.911398190371898,-2.13
2025-10-05 15:30:00+02:00,-28.856666228702224,-2.02
2025-10-05 15:45:00+02:00,-29.48363491864704,-3.02
2025-10-05 16:00:00+02:00,-21.603221089131225,-1.59
2025-10-05 16:15:00+02:00,-25.131221099600154,-1.02
2025-10-05 16:30:00+02:00,-17.67256892660116,-0.1
2025-10-05 16:45:00+02:00,-16.612723814711742,-0.04
2025-10-05 17:00:00+02:00,-6.401626685368242,-3.16
2025-10-05 17:15:00+02:00,-7.066417684651682,-0.06
2025-10-05 17:30:00+02:00,-8.57567125108423,0.1
2025-10-05 17:45:00+02:00,-14.749750079705734,6.53
2025-10-05 18:00:00+02:00,27.092842449307327,5.37
2025-10-05 18:15:00+02:00,28.168708359659988,11.0
2025-10-05 18:30:00+02:00,30.01760117953161,19.91
2025-10-05 18:45:00+02:00,29.699011250877646,28.05
2025-10-05 19:00:00+02:00,26.592193394564276,21.25
2025-10-05 19:15:00+02:00,26.395204365575466,26.69
2025-10-05 19:30:00+02:00,26.813020226871657,42.84
2025-10-05 19:45:00+02:00,28.724677456583166,49.41
2025-10-05 20:00:00+02:00,16.890205621512635,34.0
2025-10-05 20:15:00+02:00,14.063053934956628,24.58
2025-10-05 20:30:00+02:00,12.895614790228791,13.66
2025-10-05 20:45:00+02:00,15.484191540914608,7.08
2025-10-05 21:00:00+02:00,1.466636408770114,7.84
2025-10-05 21:15:00+02:00,-2.074983914920395,5.15
2025-10-05 21:30:00+02:00,0.20415440064004997,4.75
2025-10-05 21:45:00+02:00,-0.6413124998997404,4.17
2025-10-05 22:00:00+02:00,28.805794709779263,5.75
2025-10-05 22:15:00+02:00,27.87797925225354,4.86
2025-10-05 22:30:00+02:00,30.237501840242317,5.96
2025-10-05 22:45:00+02:00,34.73200983898377,4.24
2025-10-05 23:00:00+02:00,12.959874136570676,4.88
2025-10-05 23:15:00+02:00,14.202466367438106,4.1
2025-10-05 23:30:00+02:00,15.529025596842487,3.96
2025-10-05 23:45:00+02:00,12.91422608899758,3.36
2025-10-06 00:00:00+02:00,3.4817908929324233,30.98
2025-10-06 00:15:00+02:00,-0.11387090090208574,24.53
2025-10-06 00:30:00+02:00,1.0577408625511424,15.77
2025-10-06 00:45:00+02:00,0.8738564021464441,12.1
2025-10-06 01:00:00+02:00,-1.16473141678442,13.85
2025-10-06 01:15:00+02:00,1.2689889066626847,10.57
2025-10-06 01:30:00+02:00,1.7685093665992184,9.11
2025-10-06 01:45:00+02:00,1.454876359552955,6.66
2025-10-06 02:00:00+02:00,-1.1499956876061788,7.0
2025-10-06 02:15:00+02:00,-1.38460089801778,8.7
2025-10-06 02:30:00+02:00,-1.1952923969144678,10.58
2025-10-06 02:45:00+02:00,-2.017991310911299,10.13
2025-10-06 03:00:00+02:00,2.877121404261189,10.53
2025-10-06 03:15:00+02:00,3.1185889993346763,10.52
2025-10-06 03:30:00+02:00,3.1262658114465722,11.03
2025-10-06 03:45:00+02:00,2.8078222225413327,10.85
2025-10-06 04:00:00+02:00,14.0932372687858,11.02
2025-10-06 04:15:00+02:00,13.12841485940659,18.12
2025-10-06 04:30:00+02:00,14.071179103344534,17.86
2025-10-06 04:45:00+02:00,13.432889046349587,20.2
2025-10-06 05:00:00+02:00,40.54273043167519,7.81
2025-10-06 05:15:00+02:00,40.145522349622794,9.9
2025-10-06 05:30:00+02:00,39.20544050917399,22.8
2025-10-06 05:45:00+02:00,39.43460530031197,49.9
2025-10-06 06:00:00+02:00,77.83262589989087,18.39
2025-10-06 06:15:00+02:00,75.55793784905649,76.6
2025-10-06 06:30:00+02:00,75.33341468906214,78.19
2025-10-06 06:45:00+02:00,73.59054741690821,101.16
2025-10-06 07:00:00+02:00,105.86179885072974,89.97
2025-10-06 07:15:00+02:00,104.8818693897368,105.32
2025-10-06 07:30:00+02:00,105.16987761417457,108.93
2025-10-06 07:45:00+02:00,105.12300925829389,115.99
2025-10-06 08:00:00+02:00,108.98661962095784,126.58
2025-10-06 08:15:00+02:00,109.71740613429307,127.91
2025-10-06 08:30:00+02:00,111.13653968306608,120.8
2025-10-06 08:45:00+02:00,112.0303444365617,111.78
2025-10-06 09:00:00+02:00,95.20411223842675,135.73
2025-10-06 09:15:00+02:00,97.56599408163922,121.42
2025-10-06 09:30:00+02:00,97.64907096359673,119.6
2025-10-06 09:45:00+02:00,98.11694838279742,107.72
2025-10-06 10:00:00+02:00,73.30779247061581,114.69
2025-10-06 10:15:00+02:00,72.97303701108859,104.8
2025-10-06 10:30:00+02:00,73.13684265406252,95.23
2025-10-06 10:45:00+02:00,73.83375674650628,87.39
2025-10-06 11:00:00+02:00,73.5614283257562,98.55
2025-10-06 11:15:00+02:00,73.03666301440487,92.75
2025-10-06 11:30:00+02:00,72.94307294720223,84.89
2025-10-06 11:45:00+02:00,72.52020726118658,81.02
2025-10-06 12:00:00+02:00,73.8058123674142,82.57
2025-10-06 12:15:00+02:00,73.88166638800737,86.67
2025-10-06 12:30:00+02:00,73.96386745638779,86.12
2025-10-06 12:45:00+02:00,74.11250313856216,93.94
2025-10-06 13:00:00+02:00,69.0338926805138,84.06
2025-10-06 13:15:00+02:00,68.90467395194447,88.05
2025-10-06 13:30:00+02:00,68.88879724039266,83.88
2025-10-06 13:45:00+02:00,68.70493975608348,82.4
2025-10-06 14:00:00+02:00,73.9682450957568,82.78
2025-10-06 14:15:00+02:00,74.01829630083412,89.59
2025-10-06 14:30:00+02:00,74.46597070407532,100.96
2025-10-06 14:45:00+02:00,74.72441257800352,95.98
2025-10-06 15:00:00+02:00,77.44739252586469,89.47
2025-10-06 15:15:00+02:00,77.2280279206136,92.03
2025-10-06 15:30:00+02:00,79.65243628237826,95.69
2025-10-06 15:45:00+02:00,79.09143559710593,101.0
2025-10-06 16:00:00+02:00,88.93699133985135,86.45
2025-10-06 16:15:00+02:00,89.19550383927452,97.87
2025-10-06 16:30:00+02:00,89.86607927472217,110.69
2025-10-06 16:45:00+02:00,89.17499166779149,124.08
2025-10-06 17:00:00+02:00,111.570871418176,93.91
2025-10-06 17:15:00+02:00,110.27006069624427,112.95
2025-10-06 17:30:00+02:00,109.89890867007648,121.84
2025-10-06 17:45:00+02:00,110.06888596550078,152.46
2025-10-06 18:00:00+02:00,137.7285552908549,109.36
2025-10-06 18:15:00+02:00,139.23899421817478,118.41
2025-10-06 18:30:00+02:00,140.70737960565265,147.8
2025-10-06 18:45:00+02:00,141.18503643940053,190.78
2025-10-06 19:00:00+02:00,159.22280813124695,168.9
2025-10-06 19:15:00+02:00,158.92592652942125,175.37
2025-10-06 19:30:00+02:00,162.07054938089126,169.0
2025-10-06 19:45:00+02:00,163.19016921090122,159.99
2025-10-06 20:00:00+02:00,140.80778566158637,156.93
2025-10-06 20:15:00+02:00,140.40081644528075,131.1
2025-10-06 20:30:00+02:00,140.44121294800877,125.87
2025-10-06 20:45:00+02:00,140.5076046848026,120.81
2025-10-06 21:00:00+02:00,114.39280024873543,128.0
2025-10-06 21:15:00+02:00,114.63839449672288,123.93
2025-10-06 21:30:00+02:00,113.77070721834897,115.65
2025-10-06 21:45:00+02:00,113.5905894698551,113.23
2025-10-06 22:00:00+02:00,102.55760842513969,135.26
2025-10-06 22:15:00+02:00,102.45355021119774,114.58
2025-10-06 22:30:00+02:00,102.33343307465529,115.2
2025-10-06 22:45:00+02:00,101.78599789571578,109.62
2025-10-06 23:00:00+02:00,90.6884295410348,112.33
2025-10-06 23:15:00+02:00,90.68400202487908,105.04
2025-10-06 23:30:00+02:00,90.38309458200199,103.67
2025-10-06 23:45:00+02:00,90.33971515929868,100.96
2025-10-07 00:00:00+02:00,107.86781040088997,105.51
2025-10-07 00:15:00+02:00,103.86945009638951,102.6
2025-10-07 00:30:00+02:00,100.84605587727056,99.05
2025-10-07 00:45:00+02:00,99.58509908467279,93.89
2025-10-07 01:00:00+02:00,100.58868895653494,100.0
2025-10-07 01:15:00+02:00,97.56608931021321,94.82
2025-10-07 01:30:00+02:00,94.97013208645666,92.68
2025-10-07 01:45:00+02:00,93.63848989263963,88.45
2025-10-07 02:00:00+02:00,94.37717843773292,91.23
2025-10-07 02:15:00+02:00,90.85545348118929,89.36
2025-10-07 02:30:00+02:00,91.24625105297277,89.45
2025-10-07 02:45:00+02:00,91.12856146338302,89.23
2025-10-07 03:00:00+02:00,89.76761986912048,88.66
2025-10-07 03:15:00+02:00,91.01000140688906,88.59
2025-10-07 03:30:00+02:00,91.80563153309978,89.47
2025-10-07 03:45:00+02:00,90.23644099701401,91.48
2025-10-07 04:00:00+02:00,91.84812140963562,86.92
2025-10-07 04:15:00+02:00,92.21745275185445,88.8
2025-10-07 04:30:00+02:00,94.16039915738114,95.03
2025-10-07 04:45:00+02:00,94.65927352849997,101.15
2025-10-07 05:00:00+02:00,98.46560543461133,86.94
2025-10-07 05:15:00+02:00,99.11362755729195,93.11
2025-10-07 05:30:00+02:00,100.54053274278124,99.05
2025-10-07 05:45:00+02:00,104.39945421299794,107.86
2025-10-07 06:00:00+02:00,121.00845863561783,106.77
2025-10-07 06:15:00+02:00,127.14607757701046,125.07
2025-10-07 06:30:00+02:00,135.43507919935587,141.18
2025-10-07 06:45:00+02:00,140.91539382476898,166.52
2025-10-07 07:00:00+02:00,185.7593014724825,148.03
2025-10-07 07:15:00+02:00,197.10839960077925,207.93
2025-10-07 07:30:00+02:00,193.8029755783636,270.09
2025-10-07 07:45:00+02:00,193.7518676449388,288.17
2025-10-07 08:00:00+02:00,283.32877749651783,307.91
2025-10-07 08:15:00+02:00,272.13150516345115,300.04
2025-10-07 08:30:00+02:00,223.02185694936014,288.15
2025-10-07 08:45:00+02:00,190.20518303595344,254.58
2025-10-07 09:00:00+02:00,210.38244697368486,293.61
2025-10-07 09:15:00+02:00,198.2356583973064,249.64
2025-10-07 09:30:00+02:00,181.31341160663993,167.9
2025-10-07 09:45:00+02:00,164.2595892977365,137.58
2025-10-07 10:00:00+02:00,190.10657757351447,197.38
2025-10-07 10:15:00+02:00,179.61890799150945,164.08
2025-10-07 10:30:00+02:00,164.85940232576272,138.01
2025-10-07 10:45:00+02:00,157.5257801887534,119.17
2025-10-07 11:00:00+02:00,189.3342476418078,153.65
2025-10-07 11:15:00+02:00,171.29553326664058,135.82
2025-10-07 11:30:00+02:00,169.2639132877395,118.81
2025-10-07 11:45:00+02:00,166.05154840708116,111.35
2025-10-07 12:00:00+02:00,145.71491663533564,123.01
2025-10-07 12:15:00+02:00,146.71747241974577,109.38
2025-10-07 12:30:00+02:00,146.6376837011532,105.91
2025-10-07 12:45:00+02:00,146.59850558648418,105.46
2025-10-07 13:00:00+02:00,141.39315012128515,112.23
2025-10-07 13:15:00+02:00,138.74620889895024,105.73
2025-10-07 13:30:00+02:00,140.81355333552295,104.76
2025-10-07 13:45:00+02:00,141.59913227287666,102.01
2025-10-07 14:00:00+02:00,129.95856797229732,103.08
2025-10-07 14:15:00+02:00,132.12316555242003,104.76
2025-10-07 14:30:00+02:00,134.554993151236,105.91
2025-10-07 14:45:00+02:00,135.15304926660622,107.66
2025-10-07 15:00:00+02:00,127.76103377918164,101.2
2025-10-07 15:15:00+02:00,132.55167950271868,105.68
2025-10-07 15:30:00+02:00,135.1999631943574,116.17
2025-10-07 15:45:00+02:00,137.69623962686143,129.59
2025-10-07 16:00:00+02:00,139.3940812384786,103.91
2025-10-07 16:15:00+02:00,145.58525705542917,110.59
2025-10-07 16:30:00+02:00,152.81560391585612,127.15
2025-10-07 16:45:00+02:00,156.51313925083477,146.77
2025-10-07 17:00:00+02:00,131.58618495554288,115.04
2025-10-07 17:15:00+02:00,145.63099583357678,128.99
2025-10-07 17:30:00+02:00,161.54703795343838,155.82
2025-10-07 17:45:00+02:00,211.20428559061486,207.51
2025-10-07 18:00:00+02:00,159.25823496884226,147.29
2025-10-07 18:15:00+02:00,173.07714541642298,154.33
2025-10-07 18:30:00+02:00,197.27025466904647,220.61
2025-10-07 18:45:00+02:00,203.3846607230791,287.44
2025-10-07 19:00:00+02:00,199.80951802744838,253.39
2025-10-07 19:15:00+02:00,196.0837362285049,221.51
2025-10-07 19:30:00+02:00,182.86035071998748,197.41
2025-10-07 19:45:00+02:00,178.92058319568997,180.81
2025-10-07 20:00:00+02:00,155.47989704249633,178.46
2025-10-07 20:15:00+02:00,143.56756138659256,158.89
2025-10-07 20:30:00+02:00,140.33445487964954,131.01
2025-10-07 20:45:00+02:00,139.0490196873726,117.0
2025-10-07 21:00:00+02:00,129.68247788366602,147.22
2025-10-07 21:15:00+02:00,128.26464661303868,129.01
2025-10-07 21:30:00+02:00,127.57411873425379,112.79
2025-10-07 21:45:00+02:00,126.32114699780087,103.95
2025-10-07 22:00:00+02:00,125.86732516194081,116.35
2025-10-07 22:15:00+02:00,125.35666540030596,111.87
2025-10-07 22:30:00+02:00,121.51596338226155,106.1
2025-10-07 22:45:00+02:00,117.8919328432869,95.37
2025-10-07 23:00:00+02:00,108.70595968844538,107.82
2025-10-07 23:15:00+02:00,107.7753042191662,98.43
2025-10-07 23:30:00+02:00,103.1021029339118,93.57
2025-10-07 23:45:00+02:00,101.45880938119038,90.11
2025-10-08 00:00:00+02:00,105.26075663585127,101.74
2025-10-08 00:15:00+02:00,99.5913483979396,91.4
2025-10-08 00:30:00+02:00,94.31235800551872,91.47
2025-10-08 00:45:00+02:00,91.39942662616068,89.2
2025-10-08 01:00:00+02:00,98.6760158847182,91.85
2025-10-08 01:15:00+02:00,93.42173779010083,89.07
2025-10-08 01:30:00+02:00,90.02263843910282,87.33
2025-10-08 01:45:00+02:00,87.3642481682779,85.5
2025-10-08 02:00:00+02:00,93.36207797973795,89.21
2025-10-08 02:15:00+02:00,87.76454523678672,88.14
2025-10-08 02:30:00+02:00,88.26261447836363,86.99
2025-10-08 02:45:00+02:00,88.05734030375214,85.9
2025-10-08 03:00:00+02:00,87.8707126730526,86.97
2025-10-08 03:15:00+02:00,90.54736343598375,86.91
2025-10-08 03:30:00+02:00,91.70612926499184,86.98
2025-10-08 03:45:00+02:00,90.5002361207862,87.04
2025-10-08 04:00:00+02:00,88.71742463894249,85.66
2025-10-08 04:15:00+02:00,89.22880656403512,87.74
2025-10-08 04:30:00+02:00,93.32948030851817,91.18
2025-10-08 04:45:00+02:00,94.76794846800779,94.11
2025-10-08 05:00:00+02:00,96.33541826332932,86.98
2025-10-08 05:15:00+02:00,97.47476633314338,93.28
2025-10-08 05:30:00+02:00,98.64515135530614,99.91
2025-10-08 05:45:00+02:00,103.65684984192916,109.41
2025-10-08 06:00:00+02:00,119.03855538552965,92.99
2025-10-08 06:15:00+02:00,130.18280817781897,113.91
2025-10-08 06:30:00+02:00,146.62617656246113,122.99
2025-10-08 06:45:00+02:00,157.5421089086587,138.54
2025-10-08 07:00:00+02:00,180.75276874413314,130.47
2025-10-08 07:15:00+02:00,218.198078450685,151.59
2025-10-08 07:30:00+02:00,220.07457541868092,168.9
2025-10-08 07:45:00+02:00,223.90640987563285,171.36
2025-10-08 08:00:00+02:00,287.020036869396,203.62
2025-10-08 08:15:00+02:00,274.1499536712454,175.34
2025-10-08 08:30:00+02:00,244.10239692489188,151.24
2025-10-08 08:45:00+02:00,209.15521913191313,135.38
2025-10-08 09:00:00+02:00,207.48756853615347,174.2
2025-10-08 09:15:00+02:00,187.02352481409133,140.92
2025-10-08 09:30:00+02:00,161.66241733559536,119.67
2025-10-08 09:45:00+02:00,142.23518988546203,105.91
2025-10-08 10:00:00+02:00,168.46517257975043,142.74
2025-10-08 10:15:00+02:00,159.22373429525362,121.74
2025-10-08 10:30:00+02:00,141.25524924624582,107.37
2025-10-08 10:45:00+02:00,133.4873392718118,101.93
2025-10-08 11:00:00+02:00,149.93758231404104,123.01
2025-10-08 11:15:00+02:00,139.08857168305414,104.46
2025-10-08 11:30:00+02:00,131.4363524110411,97.58
2025-10-08 11:45:00+02:00,125.61783768930609,88.25
2025-10-08 12:00:00+02:00,122.60441876311549,94.88
2025-10-08 12:15:00+02:00,117.47561676355977,91.03
2025-10-08 12:30:00+02:00,115.60362716794651,88.78
2025-10-08 12:45:00+02:00,114.45813251710624,88.6
2025-10-08 13:00:00+02:00,131.38488803866687,90.79
2025-10-08 13:15:00+02:00,128.70495219240678,90.1
2025-10-08 13:30:00+02:00,128.30747054136614,89.17
2025-10-08 13:45:00+02:00,129.65487661755438,87.28
2025-10-08 14:00:00+02:00,131.55801334259985,85.44
2025-10-08 14:15:00+02:00,140.95961312323254,87.72
2025-10-08 14:30:00+02:00,143.6513035854294,90.0
2025-10-08 14:45:00+02:00,148.07337091345423,98.61
2025-10-08 15:00:00+02:00,127.14843312123025,89.1
2025-10-08 15:15:00+02:00,131.4850841833052,93.72
2025-10-08 15:30:00+02:00,134.98592528498637,101.34
2025-10-08 15:45:00+02:00,141.79109363988042,113.55
2025-10-08 16:00:00+02:00,133.75242173398004,93.15
2025-10-08 16:15:00+02:00,139.74023152133583,102.2
2025-10-08 16:30:00+02:00,146.36522499012165,127.44
2025-10-08 16:45:00+02:00,156.26453816515982,147.07
2025-10-08 17:00:00+02:00,159.17912747078282,102.83
2025-10-08 17:15:00+02:00,175.7356282823806,123.24
2025-10-08 17:30:00+02:00,207.34340942992856,155.33
2025-10-08 17:45:00+02:00,271.44281701536397,216.52
2025-10-08 18:00:00+02:00,198.1132126224322,135.54
2025-10-08 18:15:00+02:00,206.04879638503783,147.6
2025-10-08 18:30:00+02:00,244.80533136095636,204.53
2025-10-08 18:45:00+02:00,248.5725644470703,247.56
2025-10-08 19:00:00+02:00,239.3021751869079,235.93
2025-10-08 19:15:00+02:00,227.08180112017033,204.62
2025-10-08 19:30:00+02:00,200.47193009725083,180.46
2025-10-08 19:45:00+02:00,190.727435027193,175.0
2025-10-08 20:00:00+02:00,162.6510359469421,170.48
2025-10-08 20:15:00+02:00,144.93447972230797,149.96
2025-10-08 20:30:00+02:00,140.11514256073798,128.09
2025-10-08 20:45:00+02:00,138.93355563675465,118.25
2025-10-08 21:00:00+02:00,133.56823985546484,128.88
2025-10-08 21:15:00+02:00,130.24593395196308,117.94
2025-10-08 21:30:00+02:00,125.52868543044839,109.29
2025-10-08 21:45:00+02:00,122.77806849487905,102.85
2025-10-08 22:00:00+02:00,127.81558427305326,114.61
2025-10-08 22:15:00+02:00,123.30748023882482,113.93
2025-10-08 22:30:00+02:00,118.36712514055152,106.49
2025-10-08 22:45:00+02:00,111.94391503538625,97.93
2025-10-08 23:00:00+02:00,113.65779429058875,106.06
2025-10-08 23:15:00+02:00,109.09833852291422,99.79
2025-10-08 23:30:00+02:00,103.57966703490592,95.48
2025-10-08 23:45:00+02:00,101.83284617257956,90.0
2025-10-09 00:00:00+02:00,103.75570102154325,109.22
2025-10-09 00:15:00+02:00,98.20890843254541,100.01
2025-10-09 00:30:00+02:00,95.35863542185173,90.88
2025-10-09 00:45:00+02:00,93.30082623025652,88.75
2025-10-09 01:00:00+02:00,96.76353030589877,91.7
2025-10-09 01:15:00+02:00,93.59716444964758,93.33
2025-10-09 01:30:00+02:00,90.51431541242802,92.32
2025-10-09 01:45:00+02:00,88.20499419802599,92.98
2025-10-09 02:00:00+02:00,92.27965112306057,96.05
2025-10-09 02:15:00+02:00,90.07537534574536,92.32
2025-10-09 02:30:00+02:00,88.95646830183763,92.28
2025-10-09 02:45:00+02:00,88.5235131551101,92.4
2025-10-09 03:00:00+02:00,86.9002658660182,93.36
2025-10-09 03:15:00+02:00,88.37367782379576,89.9
2025-10-09 03:30:00+02:00,89.05090032792886,89.97
2025-10-09 03:45:00+02:00,88.00719603370135,90.04
2025-10-09 04:00:00+02:00,88.98442898596255,86.94
2025-10-09 04:15:00+02:00,89.83554325357964,89.03
2025-10-09 04:30:00+02:00,92.78963982020065,92.49
2025-10-09 04:45:00+02:00,94.4780974180131,102.34
2025-10-09 05:00:00+02:00,91.38809124778659,87.41
2025-10-09 05:15:00+02:00,92.7151369168108,91.81
2025-10-09 05:30:00+02:00,97.99331217094834,104.3
2025-10-09 05:45:00+02:00,104.03045016948346,121.09
2025-10-09 06:00:00+02:00,105.7626504239849,102.35
2025-10-09 06:15:00+02:00,115.87721123402073,121.42
2025-10-09 06:30:00+02:00,124.77330016217002,132.35
2025-10-09 06:45:00+02:00,131.28857087963655,146.2
2025-10-09 07:00:00+02:00,135.6654114705845,125.35
2025-10-09 07:15:00+02:00,145.63108626689606,146.35
2025-10-09 07:30:00+02:00,150.69092939052686,156.11
2025-10-09 07:45:00+02:00,152.10249889899086,152.19
2025-10-09 08:00:00+02:00,180.50589001950618,172.25
2025-10-09 08:15:00+02:00,157.41588235066996,152.98
2025-10-09 08:30:00+02:00,141.81679994079548,143.8
2025-10-09 08:45:00+02:00,124.18579961212892,130.57
2025-10-09 09:00:00+02:00,157.44876494586248,166.46
2025-10-09 09:15:00+02:00,143.064815288077,134.41
2025-10-09 09:30:00+02:00,125.60046649387016,122.99
2025-10-09 09:45:00+02:00,106.78852855087217,106.09
2025-10-09 10:00:00+02:00,143.1285046162021,131.55
2025-10-09 10:15:00+02:00,127.75110445002338,113.86
2025-10-09 10:30:00+02:00,112.09122514425445,102.3
2025-10-09 10:45:00+02:00,104.43573811633854,91.04
2025-10-09 11:00:00+02:00,126.0294123415451,106.52
2025-10-09 11:15:00+02:00,111.7653293285841,102.13
2025-10-09 11:30:00+02:00,98.26090370577558,91.64
2025-10-09 11:45:00+02:00,90.78536534732363,87.56
2025-10-09 12:00:00+02:00,98.88340646209909,100.33
2025-10-09 12:15:00+02:00,94.94305160788397,92.2
2025-10-09 12:30:00+02:00,93.11149618595614,87.93
2025-10-09 12:45:00+02:00,92.86495436250905,83.63
2025-10-09 13:00:00+02:00,80.02094544347102,89.01
2025-10-09 13:15:00+02:00,79.13664333799699,88.22
2025-10-09 13:30:00+02:00,78.78197948131438,84.65
2025-10-09 13:45:00+02:00,78.5620357454859,71.53
2025-10-09 14:00:00+02:00,77.10900053177266,77.77
2025-10-09 14:15:00+02:00,81.6658738981746,83.77
2025-10-09 14:30:00+02:00,84.76531938138646,84.15
2025-10-09 14:45:00+02:00,89.133817156524,87.11
2025-10-09 15:00:00+02:00,77.18002042084805,79.61
2025-10-09 15:15:00+02:00,82.63399230290938,84.13
2025-10-09 15:30:00+02:00,90.15823947409457,89.22
2025-10-09 15:45:00+02:00,96.94124369594182,102.35
2025-10-09 16:00:00+02:00,83.49420577199582,87.51
2025-10-09 16:15:00+02:00,90.38062455979725,88.37
2025-10-09 16:30:00+02:00,98.18665296348172,92.11
2025-10-09 16:45:00+02:00,111.17304442443076,100.31
2025-10-09 17:00:00+02:00,88.61422013146485,87.53
2025-10-09 17:15:00+02:00,106.01749170931427,110.57
2025-10-09 17:30:00+02:00,129.95181722135035,112.0
2025-10-09 17:45:00+02:00,162.42491817236012,129.94
2025-10-09 18:00:00+02:00,115.25940618139445,115.48
2025-10-09 18:15:00+02:00,120.26371233751476,124.26
2025-10-09 18:30:00+02:00,139.60751791984177,126.56
2025-10-09 18:45:00+02:00,150.86280394747772,125.33
2025-10-09 19:00:00+02:00,148.9967004775197,125.71
2025-10-09 19:15:00+02:00,137.37581475383377,126.43
2025-10-09 19:30:00+02:00,126.57742133530323,122.58
2025-10-09 19:45:00+02:00,121.47023237888388,117.73
2025-10-09 20:00:00+02:00,126.85936416129803,119.72
2025-10-09 20:15:00+02:00,113.08065409544741,114.76
2025-10-09 20:30:00+02:00,92.89206624124085,110.14
2025-10-09 20:45:00+02:00,85.91006398427385,104.83
2025-10-09 21:00:00+02:00,100.39597543791345,107.15
2025-10-09 21:15:00+02:00,91.96107062921536,101.69
2025-10-09 21:30:00+02:00,84.80566235023508,96.39
2025-10-09 21:45:00+02:00,80.05237623041079,87.14
2025-10-09 22:00:00+02:00,97.3452085788494,113.22
2025-10-09 22:15:00+02:00,96.04988896021987,95.43
2025-10-09 22:30:00+02:00,88.20027420080172,90.93
2025-10-09 22:45:00+02:00,82.8556261064133,87.75
2025-10-09 23:00:00+02:00,89.7947733781173,98.98
2025-10-09 23:15:00+02:00,85.37347542442369,90.55
2025-10-09 23:30:00+02:00,80.08125026739924,87.65
2025-10-09 23:45:00+02:00,77.7392480482932,77.62
2025-10-10 00:00:00+02:00,93.66829827003158,95.72
2025-10-10 00:15:00+02:00,86.7193245544713,89.14
2025-10-10 00:30:00+02:00,83.8013257860221,86.45
2025-10-10 00:45:00+02:00,82.35246718969084,80.73
2025-10-10 01:00:00+02:00,84.20018373343763,90.84
2025-10-10 01:15:00+02:00,81.65227938379212,84.36
2025-10-10 01:30:00+02:00,79.02997511056802,83.5
2025-10-10 01:45:00+02:00,77.36546778380999,81.17
2025-10-10 02:00:00+02:00,80.73038317055246,83.19
2025-10-10 02:15:00+02:00,76.679219654289,79.99
2025-10-10 02:30:00+02:00,76.48986846432835,78.91
2025-10-10 02:45:00+02:00,76.40141395274829,78.26
2025-10-10 03:00:00+02:00,76.79974811657257,79.77
2025-10-10 03:15:00+02:00,77.11671949487288,78.7
2025-10-10 03:30:00+02:00,78.14898924558074,77.4
2025-10-10 03:45:00+02:00,77.22907225046991,77.27
2025-10-10 04:00:00+02:00,76.79211288914276,78.77
2025-10-10 04:15:00+02:00,78.1342365570916,80.06
2025-10-10 04:30:00+02:00,80.48961978226814,76.81
2025-10-10 04:45:00+02:00,83.57939138582894,81.2
2025-10-10 05:00:00+02:00,77.24072943393179,76.82
2025-10-10 05:15:00+02:00,80.4458232978177,81.28
2025-10-10 05:30:00+02:00,86.51983011082156,84.79
2025-10-10 05:45:00+02:00,91.1036362290685,101.4
2025-10-10 06:00:00+02:00,88.30381312301762,83.53
2025-10-10 06:15:00+02:00,97.24651439911742,105.2
2025-10-10 06:30:00+02:00,103.85769031519193,99.33
2025-10-10 06:45:00+02:00,106.96951227606034,122.49
2025-10-10 07:00:00+02:00,114.46688594210114,102.12
2025-10-10 07:15:00+02:00,120.18577109727585,113.67
2025-10-10 07:30:00+02:00,125.20823262866848,125.29
2025-10-10 07:45:00+02:00,125.32926352755037,136.22
2025-10-10 08:00:00+02:00,133.08404469391874,151.65
2025-10-10 08:15:00+02:00,133.71809215604054,133.39
2025-10-10 08:30:00+02:00,126.85115152611668,109.4
2025-10-10 08:45:00+02:00,113.80816565063355,96.01
2025-10-10 09:00:00+02:00,129.0223416328825,143.83
2025-10-10 09:15:00+02:00,114.9284322568835,112.07
2025-10-10 09:30:00+02:00,104.52321894226993,96.73
2025-10-10 09:45:00+02:00,95.18559044503895,78.43
2025-10-10 10:00:00+02:00,114.43245896386668,123.0
2025-10-10 10:15:00+02:00,102.89641190321555,93.17
2025-10-10 10:30:00+02:00,90.25469819641694,84.55
2025-10-10 10:45:00+02:00,86.24472288554828,71.31
2025-10-10 11:00:00+02:00,97.8511812022304,96.26
2025-10-10 11:15:00+02:00,89.76534181736253,79.29
2025-10-10 11:30:00+02:00,84.03252416366783,79.04
2025-10-10 11:45:00+02:00,79.97108280975954,73.88
2025-10-10 12:00:00+02:00,79.65063794034633,87.88
2025-10-10 12:15:00+02:00,75.91721138707224,79.84
2025-10-10 12:30:00+02:00,72.97412653397257,74.67
2025-10-10 12:45:00+02:00,74.16025166396352,67.74
2025-10-10 13:00:00+02:00,72.78586367309119,76.07
2025-10-10 13:15:00+02:00,72.06343588021551,78.85
2025-10-10 13:30:00+02:00,70.93877330401446,77.26
2025-10-10 13:45:00+02:00,67.80609693030368,70.58
2025-10-10 14:00:00+02:00,67.44589982343103,59.95
2025-10-10 14:15:00+02:00,70.52525144046501,77.39
2025-10-10 14:30:00+02:00,71.88433968117732,80.07
2025-10-10 14:45:00+02:00,75.21749586727098,91.62
2025-10-10 15:00:00+02:00,73.28135692045898,76.48
2025-10-10 15:15:00+02:00,75.77576317436557,85.09
2025-10-10 15:30:00+02:00,81.80947875028446,91.56
2025-10-10 15:45:00+02:00,89.65076810997581,102.45
2025-10-10 16:00:00+02:00,78.13941991492176,77.06
2025-10-10 16:15:00+02:00,80.74531342343653,91.53
2025-10-10 16:30:00+02:00,89.29694524708997,99.84
2025-10-10 16:45:00+02:00,95.42406747624688,123.0
2025-10-10 17:00:00+02:00,87.76441487522567,97.74
2025-10-10 17:15:00+02:00,100.51253133261015,111.9
2025-10-10 17:30:00+02:00,106.97019853444363,123.39
2025-10-10 17:45:00+02:00,117.68241647583696,139.77
2025-10-10 18:00:00+02:00,121.21214135336191,107.18
2025-10-10 18:15:00+02:00,126.13638053187783,117.5
2025-10-10 18:30:00+02:00,127.35536052370232,121.42
2025-10-10 18:45:00+02:00,128.01580934462493,136.32
2025-10-10 19:00:00+02:00,138.51358862920105,124.81
2025-10-10 19:15:00+02:00,135.58479351302844,123.84
2025-10-10 19:30:00+02:00,129.26856339849743,123.87
2025-10-10 19:45:00+02:00,127.7395676148338,120.64
2025-10-10 20:00:00+02:00,130.649460049023,131.89
2025-10-10 20:15:00+02:00,126.36879898666085,119.32
2025-10-10 20:30:00+02:00,116.90517310173811,110.0
2025-10-10 20:45:00+02:00,115.18817062191043,100.35
2025-10-10 21:00:00+02:00,109.65452952920506,115.53
2025-10-10 21:15:00+02:00,104.71341325164431,110.95
2025-10-10 21:30:00+02:00,98.39627422840681,101.04
2025-10-10 21:45:00+02:00,94.82380586781727,88.14
2025-10-10 22:00:00+02:00,103.37570232073352,104.53
2025-10-10 22:15:00+02:00,97.47013480992257,102.46
2025-10-10 22:30:00+02:00,93.86752804339656,97.94
2025-10-10 22:45:00+02:00,90.42384497727835,86.02
2025-10-10 23:00:00+02:00,97.26720581634098,94.58
2025-10-10 23:15:00+02:00,89.84520514722597,92.97
2025-10-10 23:30:00+02:00,86.88275586735465,96.62
2025-10-10 23:45:00+02:00,84.63478780817132,89.23
2025-10-11 00:00:00+02:00,90.56158666755832,102.78
2025-10-11 00:15:00+02:00,89.01350300530353,97.66
2025-10-11 00:30:00+02:00,88.221711197249,88.08
2025-10-11 00:45:00+02:00,88.32192096619444,83.35
2025-10-11 01:00:00+02:00,84.88121277706227,91.25
2025-10-11 01:15:00+02:00,84.28531960355996,89.52
2025-10-11 01:30:00+02:00,84.2881242315239,87.4
2025-10-11 01:45:00+02:00,83.9292218413,87.17
2025-10-11 02:00:00+02:00,83.11742350961185,87.53
2025-10-11 02:15:00+02:00,83.32189485906933,88.63
2025-10-11 02:30:00+02:00,83.17694481063678,87.21
2025-10-11 02:45:00+02:00,83.5078662459568,86.18
2025-10-11 03:00:00+02:00,80.84072458420086,86.26
2025-10-11 03:15:00+02:00,80.04924907238498,84.5
2025-10-11 03:30:00+02:00,79.79589494501718,83.63
2025-10-11 03:45:00+02:00,79.3726784273372,82.31
2025-10-11 04:00:00+02:00,80.00899762013916,82.86
2025-10-11 04:15:00+02:00,80.52961668919117,82.63
2025-10-11 04:30:00+02:00,80.40076664707138,80.79
2025-10-11 04:45:00+02:00,81.39248059826829,81.83
2025-10-11 05:00:00+02:00,81.22472154603379,82.21
2025-10-11 05:15:00+02:00,83.57694111630667,84.55
2025-10-11 05:30:00+02:00,84.32204069983466,85.13
2025-10-11 05:45:00+02:00,86.59027107128125,87.13
2025-10-11 06:00:00+02:00,63.083635982502386,87.87
2025-10-11 06:15:00+02:00,72.05509154798867,88.97
2025-10-11 06:30:00+02:00,74.86788280347093,91.2
2025-10-11 06:45:00+02:00,82.39185955722249,93.02
2025-10-11 07:00:00+02:00,79.57589406543302,96.71
2025-10-11 07:15:00+02:00,89.63019976299987,95.06
2025-10-11 07:30:00+02:00,93.13383995461619,97.62
2025-10-11 07:45:00+02:00,92.84799671749876,97.62
2025-10-11 08:00:00+02:00,109.52604750249273,103.96
2025-10-11 08:15:00+02:00,104.82451267447856,103.22
2025-10-11 08:30:00+02:00,94.97160081062887,101.37
2025-10-11 08:45:00+02:00,83.88430645291682,93.05
2025-10-11 09:00:00+02:00,102.95252854277564,108.11
2025-10-11 09:15:00+02:00,96.17201733688154,100.02
2025-10-11 09:30:00+02:00,90.82737094313057,89.11
2025-10-11 09:45:00+02:00,83.82547452983158,74.6
2025-10-11 10:00:00+02:00,100.84717294307556,97.36
2025-10-11 10:15:00+02:00,90.61546403557834,85.84
2025-10-11 10:30:00+02:00,83.76234007216866,73.26
2025-10-11 10:45:00+02:00,77.85699590522096,73.27
2025-10-11 11:00:00+02:00,75.3337517658843,87.29
2025-10-11 11:15:00+02:00,72.05408149220867,76.86
2025-10-11 11:30:00+02:00,69.47778721410094,71.39
2025-10-11 11:45:00+02:00,65.98814347212335,60.54
2025-10-11 12:00:00+02:00,57.93639886234084,63.44
2025-10-11 12:15:00+02:00,56.09170040975743,60.1
2025-10-11 12:30:00+02:00,54.71576943910368,51.21
2025-10-11 12:45:00+02:00,55.806855603363225,46.92
2025-10-11 13:00:00+02:00,51.76329920734645,51.67
2025-10-11 13:15:00+02:00,52.23220028805453,47.13
2025-10-11 13:30:00+02:00,52.154085594541755,43.17
2025-10-11 13:45:00+02:00,51.26231664321165,45.12
2025-10-11 14:00:00+02:00,49.24074069326891,41.76
2025-10-11 14:15:00+02:00,55.60569014304362,48.54
2025-10-11 14:30:00+02:00,57.33396549648282,52.74
2025-10-11 14:45:00+02:00,61.9132248352749,61.08
2025-10-11 15:00:00+02:00,67.41116774489807,54.55
2025-10-11 15:15:00+02:00,70.99528962305357,75.1
2025-10-11 15:30:00+02:00,74.47392224957002,89.6
2025-10-11 15:45:00+02:00,82.65709013511518,88.52
2025-10-11 16:00:00+02:00,79.57787536926892,62.84
2025-10-11 16:15:00+02:00,83.49959677058821,76.17
2025-10-11 16:30:00+02:00,89.02906713262497,89.61
2025-10-11 16:45:00+02:00,96.19940719091917,105.98
2025-10-11 17:00:00+02:00,97.37838511637186,83.89
2025-10-11 17:15:00+02:00,104.13107203574226,99.22
2025-10-11 17:30:00+02:00,110.51478800766034,126.09
2025-10-11 17:45:00+02:00,122.093783404367,146.82
2025-10-11 18:00:00+02:00,115.04155365913876,110.81
2025-10-11 18:15:00+02:00,116.85937942982558,122.14
2025-10-11 18:30:00+02:00,122.25284818042836,129.9
2025-10-11 18:45:00+02:00,123.96039670418972,142.9
2025-10-11 19:00:00+02:00,129.67469309478503,130.59
2025-10-11 19:15:00+02:00,128.15583085071998,139.21
2025-10-11 19:30:00+02:00,124.73411866294782,130.31
2025-10-11 19:45:00+02:00,123.5719629250113,120.58
2025-10-11 20:00:00+02:00,120.04200658125468,145.64
2025-10-11 20:15:00+02:00,114.73210426586334,128.34
2025-10-11 20:30:00+02:00,111.35332482181657,108.5
2025-10-11 20:45:00+02:00,109.67387604791381,100.06
2025-10-11 21:00:00+02:00,113.37608507157375,125.8
2025-10-11 21:15:00+02:00,107.89500250199129,114.05
2025-10-11 21:30:00+02:00,105.23240162221956,113.69
2025-10-11 21:45:00+02:00,103.13920771801747,96.64
2025-10-11 22:00:00+02:00,109.41719487762859,122.5
2025-10-11 22:15:00+02:00,107.30782173635103,110.4
2025-10-11 22:30:00+02:00,103.59838958860988,101.57
2025-10-11 22:45:00+02:00,102.02618346315758,93.16
2025-10-11 23:00:00+02:00,101.45837553501352,104.7
2025-10-11 23:15:00+02:00,99.82503040735695,95.41
2025-10-11 23:30:00+02:00,97.96033087581068,93.18
2025-10-11 23:45:00+02:00,95.58760054630423,87.1
2025-10-12 00:00:00+02:00,101.55312885949853,108.73
2025-10-12 00:15:00+02:00,94.62595673842718,105.82
2025-10-12 00:30:00+02:00,90.72923492341118,87.8
2025-10-12 00:45:00+02:00,88.21110640174949,82.36
2025-10-12 01:00:00+02:00,92.78605358187357,101.1
2025-10-12 01:15:00+02:00,89.09151284144671,96.85
2025-10-12 01:30:00+02:00,86.675754945426,86.2
2025-10-12 01:45:00+02:00,85.37761209021849,84.52
2025-10-12 02:00:00+02:00,88.2668568477384,97.66
2025-10-12 02:15:00+02:00,84.84550783775092,87.85
2025-10-12 02:30:00+02:00,84.68826300427482,84.71
2025-10-12 02:45:00+02:00,84.41538503987715,85.22
2025-10-12 03:00:00+02:00,81.33190052550434,90.23
2025-10-12 03:15:00+02:00,82.6729501754907,85.83
2025-10-12 03:30:00+02:00,82.93310124829146,84.8
2025-10-12 03:45:00+02:00,81.89349284015695,79.66
2025-10-12 04:00:00+02:00,81.0588712338523,79.4
2025-10-12 04:15:00+02:00,81.74823095772548,82.2
2025-10-12 04:30:00+02:00,84.0692212518866,92.22
2025-10-12 04:45:00+02:00,86.24163087231818,91.83
2025-10-12 05:00:00+02:00,82.84071116851483,83.25
2025-10-12 05:15:00+02:00,84.24826612244829,79.83
2025-10-12 05:30:00+02:00,87.97671223340136,92.66
2025-10-12 05:45:00+02:00,94.24967804920817,90.89
2025-10-12 06:00:00+02:00,81.80679060496604,85.56
2025-10-12 06:15:00+02:00,91.70677241011778,87.95
2025-10-12 06:30:00+02:00,96.1092015997628,90.49
2025-10-12 06:45:00+02:00,98.0576729311716,89.2
2025-10-12 07:00:00+02:00,92.5365662445398,97.64
2025-10-12 07:15:00+02:00,95.39022363220758,86.04
2025-10-12 07:30:00+02:00,98.98845953266388,86.65
2025-10-12 07:45:00+02:00,102.94421983545124,86.36
2025-10-12 08:00:00+02:00,112.98297024950854,102.86
2025-10-12 08:15:00+02:00,109.71867735340747,88.47
2025-10-12 08:30:00+02:00,104.31546581094115,86.44
2025-10-12 08:45:00+02:00,95.67566316330237,76.87
2025-10-12 09:00:00+02:00,114.98412975069503,99.35
2025-10-12 09:15:00+02:00,105.64142371628856,85.81
2025-10-12 09:30:00+02:00,91.75093793418941,71.58
2025-10-12 09:45:00+02:00,80.39675006229787,75.51
2025-10-12 10:00:00+02:00,107.95636943324251,86.74
2025-10-12 10:15:00+02:00,95.52277835779931,77.11
2025-10-12 10:30:00+02:00,85.43088457824118,70.73
2025-10-12 10:45:00+02:00,81.5565147834968,70.24
2025-10-12 11:00:00+02:00,88.16299947604797,75.45
2025-10-12 11:15:00+02:00,79.98396923372366,71.19
2025-10-12 11:30:00+02:00,78.57638884760969,71.27
2025-10-12 11:45:00+02:00,71.45350185160206,69.69
2025-10-12 12:00:00+02:00,68.69921305906476,68.94
2025-10-12 12:15:00+02:00,61.57616902917738,67.61
2025-10-12 12:30:00+02:00,60.29563510228666,66.6
2025-10-12 12:45:00+02:00,57.01986232605634,64.4
2025-10-12 13:00:00+02:00,54.54957315441817,55.84
2025-10-12 13:15:00+02:00,52.690060425250934,53.3
2025-10-12 13:30:00+02:00,51.92422133688887,50.65
2025-10-12 13:45:00+02:00,51.01335335231283,48.85
2025-10-12 14:00:00+02:00,52.10614261046728,53.6
2025-10-12 14:15:00+02:00,54.42342875907095,57.06
2025-10-12 14:30:00+02:00,57.29275031738526,65.74
2025-10-12 14:45:00+02:00,62.84257213611114,73.5
2025-10-12 15:00:00+02:00,64.6714643509328,70.21
2025-10-12 15:15:00+02:00,73.89471854219222,72.52
2025-10-12 15:30:00+02:00,80.83563299329656,84.93
2025-10-12 15:45:00+02:00,85.10942774826906,92.28
2025-10-12 16:00:00+02:00,73.10514590672344,72.76
2025-10-12 16:15:00+02:00,80.91881797029879,83.74
2025-10-12 16:30:00+02:00,94.1539886827984,92.94
2025-10-12 16:45:00+02:00,104.67135793144,102.57
2025-10-12 17:00:00+02:00,98.60442675288992,86.89
2025-10-12 17:15:00+02:00,105.0925155850338,102.71
2025-10-12 17:30:00+02:00,117.47069432266026,113.23
2025-10-12 17:45:00+02:00,137.09119281375024,119.37
2025-10-12 18:00:00+02:00,122.15572541688408,96.75
2025-10-12 18:15:00+02:00,128.86144878103812,105.97
2025-10-12 18:30:00+02:00,138.25305215109367,112.01
2025-10-12 18:45:00+02:00,143.34409965579854,120.87
2025-10-12 19:00:00+02:00,151.7625161127002,114.63
2025-10-12 19:15:00+02:00,147.93182429093068,115.39
2025-10-12 19:30:00+02:00,139.48287590570453,120.92
2025-10-12 19:45:00+02:00,139.47424768261297,115.62
2025-10-12 20:00:00+02:00,145.46949289484533,119.39
2025-10-12 20:15:00+02:00,130.1450128579377,118.91
2025-10-12 20:30:00+02:00,122.22772711227171,112.64
2025-10-12 20:45:00+02:00,119.76341535773146,111.17
2025-10-12 21:00:00+02:00,123.33775608450941,117.97
2025-10-12 21:15:00+02:00,118.19546625925223,114.92
2025-10-12 21:30:00+02:00,113.97281879899874,106.63
2025-10-12 21:45:00+02:00,109.95423853464244,102.27
2025-10-12 22:00:00+02:00,115.05437490829307,118.92
2025-10-12 22:15:00+02:00,112.82567551929547,111.38
2025-10-12 22:30:00+02:00,106.14200809429947,103.65
2025-10-12 22:45:00+02:00,102.62935944267645,97.21
2025-10-12 23:00:00+02:00,107.24303589389655,102.84
2025-10-12 23:15:00+02:00,100.25792118149324,93.59
2025-10-12 23:30:00+02:00,98.44483453254969,91.83
2025-10-12 23:45:00+02:00,95.75580914505677,85.52
2025-10-13 00:00:00+02:00,100.54685471143856,104.05
2025-10-13 00:15:00+02:00,95.85126280469255,93.08
2025-10-13 00:30:00+02:00,89.94202284786851,90.19
2025-10-13 00:45:00+02:00,87.48383207201712,86.49
2025-10-13 01:00:00+02:00,94.08422320583112,91.31
2025-10-13 01:15:00+02:00,90.35824719311596,87.58
2025-10-13 01:30:00+02:00,86.83712130112401,91.61
2025-10-13 01:45:00+02:00,85.6266262148471,90.54
2025-10-13 02:00:00+02:00,89.61437573469462,93.67
2025-10-13 02:15:00+02:00,86.22665244056576,91.92
2025-10-13 02:30:00+02:00,85.56817419455471,89.27
2025-10-13 02:45:00+02:00,85.38426625920356,88.47
2025-10-13 03:00:00+02:00,86.70504124578859,89.67
2025-10-13 03:15:00+02:00,85.41531474704995,89.0
2025-10-13 03:30:00+02:00,85.47448332915903,87.72
2025-10-13 03:45:00+02:00,84.58104353982093,90.1
2025-10-13 04:00:00+02:00,87.22454169030362,93.0
2025-10-13 04:15:00+02:00,88.30288908430866,88.57
2025-10-13 04:30:00+02:00,91.38631892353094,93.4
2025-10-13 04:45:00+02:00,93.78375888001663,98.84
2025-10-13 05:00:00+02:00,93.2982818818176,89.06
2025-10-13 05:15:00+02:00,94.6064193125561,93.71
2025-10-13 05:30:00+02:00,99.04643673985068,96.79
2025-10-13 05:45:00+02:00,104.00047916761235,112.82
2025-10-13 06:00:00+02:00,113.27756239585611,84.71
2025-10-13 06:15:00+02:00,120.03436411336703,114.21
2025-10-13 06:30:00+02:00,123.23991546869087,142.96
2025-10-13 06:45:00+02:00,130.21308535681328,183.76
2025-10-13 07:00:00+02:00,157.149383721306,144.36
2025-10-13 07:15:00+02:00,153.5813543088236,213.9
2025-10-13 07:30:00+02:00,163.6112497252392,252.53
2025-10-13 07:45:00+02:00,163.25605731850106,263.76
2025-10-13 08:00:00+02:00,192.92565103649125,256.61
2025-10-13 08:15:00+02:00,177.68462244909466,228.95
2025-10-13 08:30:00+02:00,161.03103882805155,175.68
2025-10-13 08:45:00+02:00,154.6187592953792,136.99
2025-10-13 09:00:00+02:00,203.99600407078123,202.36
2025-10-13 09:15:00+02:00,177.3295259995836,153.44
2025-10-13 09:30:00+02:00,152.03247768709193,135.96
2025-10-13 09:45:00+02:00,141.1247658367809,108.98
2025-10-13 10:00:00+02:00,190.92105575808847,141.47
2025-10-13 10:15:00+02:00,165.76373674413855,132.41
2025-10-13 10:30:00+02:00,149.73961018715625,118.19
2025-10-13 10:45:00+02:00,144.33131105507886,108.32
2025-10-13 11:00:00+02:00,153.43369754879132,127.09
2025-10-13 11:15:00+02:00,143.54249848873567,111.15
2025-10-13 11:30:00+02:00,139.19067627325785,103.47
2025-10-13 11:45:00+02:00,133.81496211174976,98.29
2025-10-13 12:00:00+02:00,115.75041855728371,103.56
2025-10-13 12:15:00+02:00,111.52826667452472,95.83
2025-10-13 12:30:00+02:00,109.82275476759463,92.44
2025-10-13 12:45:00+02:00,107.27417334189435,88.57
2025-10-13 13:00:00+02:00,101.61764244687814,95.05
2025-10-13 13:15:00+02:00,100.78815039153952,92.2
2025-10-13 13:30:00+02:00,98.68087759666153,87.57
2025-10-13 13:45:00+02:00,97.84109624286785,84.61
2025-10-13 14:00:00+02:00,108.786339009036,82.75
2025-10-13 14:15:00+02:00,113.07001513771304,87.75
2025-10-13 14:30:00+02:00,115.72368788412075,95.87
2025-10-13 14:45:00+02:00,120.02477205064778,102.02
2025-10-13 15:00:00+02:00,117.65067860262313,88.3
2025-10-13 15:15:00+02:00,121.96029935516871,95.13
2025-10-13 15:30:00+02:00,130.0553722466465,104.88
2025-10-13 15:45:00+02:00,134.5509411998209,119.06
2025-10-13 16:00:00+02:00,120.62822256402424,92.2
2025-10-13 16:15:00+02:00,126.93496573024998,107.46
2025-10-13 16:30:00+02:00,135.2137419912075,123.29
2025-10-13 16:45:00+02:00,151.89530860365238,148.66
2025-10-13 17:00:00+02:00,131.38020493535743,106.78
2025-10-13 17:15:00+02:00,147.26962233580036,130.89
2025-10-13 17:30:00+02:00,156.34275176292036,198.43
2025-10-13 17:45:00+02:00,183.2387990986507,286.3
2025-10-13 18:00:00+02:00,138.11558387250102,195.22
2025-10-13 18:15:00+02:00,143.91665619702184,260.78
2025-10-13 18:30:00+02:00,150.9714613827176,361.99
2025-10-13 18:45:00+02:00,159.31715182756608,404.97
2025-10-13 19:00:00+02:00,159.61635075485995,396.92
2025-10-13 19:15:00+02:00,158.9167742752366,344.43
2025-10-13 19:30:00+02:00,157.70130909764518,270.65
2025-10-13 19:45:00+02:00,155.51085824857748,214.3
2025-10-13 20:00:00+02:00,142.81541621178164,273.43
2025-10-13 20:15:00+02:00,142.4434223128964,201.95
2025-10-13 20:30:00+02:00,134.14874627249338,143.39
2025-10-13 20:45:00+02:00,130.73698041775754,129.04
2025-10-13 21:00:00+02:00,123.82329657330651,176.2
2025-10-13 21:15:00+02:00,120.13590766075266,139.36
2025-10-13 21:30:00+02:00,116.79469367782161,118.96
2025-10-13 21:45:00+02:00,113.23407358015737,114.18
2025-10-13 22:00:00+02:00,117.59814579158656,134.99
2025-10-13 22:15:00+02:00,114.85481982694132,128.17
2025-10-13 22:30:00+02:00,110.16601373404248,117.3
2025-10-13 22:45:00+02:00,106.45813343183687,107.49
2025-10-13 23:00:00+02:00,108.56464706931105,123.09
2025-10-13 23:15:00+02:00,103.09602991753972,109.69
2025-10-13 23:30:00+02:00,100.90661397610494,107.42
2025-10-13 23:45:00+02:00,98.72203833175189,104.9
2025-10-14 00:00:00+02:00,119.98271106209184,114.93
2025-10-14 00:15:00+02:00,111.42060027380472,116.53
2025-10-14 00:30:00+02:00,105.22912065505831,105.51
2025-10-14 00:45:00+02:00,103.53439881976368,99.76
2025-10-14 01:00:00+02:00,110.32228442807897,107.3
2025-10-14 01:15:00+02:00,104.93761640127569,104.71
2025-10-14 01:30:00+02:00,101.79516669373426,102.65
2025-10-14 01:45:00+02:00,100.41642564612465,97.4
2025-10-14 02:00:00+02:00,107.51657401336054,104.85
2025-10-14 02:15:00+02:00,102.66182401132293,100.36
2025-10-14 02:30:00+02:00,101.57238055321027,98.04
2025-10-14 02:45:00+02:00,100.95132353071212,94.83
2025-10-14 03:00:00+02:00,99.16603250480757,100.87
2025-10-14 03:15:00+02:00,100.5674637226903,99.09
2025-10-14 03:30:00+02:00,100.68672363692289,97.43
2025-10-14 03:45:00+02:00,99.40888767956301,98.08
2025-10-14 04:00:00+02:00,100.05725288404284,97.88
2025-10-14 04:15:00+02:00,99.91577022315981,99.2
2025-10-14 04:30:00+02:00,103.99948512413603,98.71
2025-10-14 04:45:00+02:00,110.22466126732608,104.4
2025-10-14 05:00:00+02:00,105.21444621676793,97.27
2025-10-14 05:15:00+02:00,105.86074315463375,102.82
2025-10-14 05:30:00+02:00,112.52017638807725,101.99
2025-10-14 05:45:00+02:00,125.2945054029937,103.71
2025-10-14 06:00:00+02:00,118.59315238330349,92.59
2025-10-14 06:15:00+02:00,132.62124881444404,121.87
2025-10-14 06:30:00+02:00,151.69388444017935,143.01
2025-10-14 06:45:00+02:00,177.75075061871917,135.7
2025-10-14 07:00:00+02:00,174.18647496466076,130.94
2025-10-14 07:15:00+02:00,190.71160963634972,143.01
2025-10-14 07:30:00+02:00,208.94595786691428,179.03
2025-10-14 07:45:00+02:00,212.34977285441727,187.8
2025-10-14 08:00:00+02:00,299.6603497926051,231.08
2025-10-14 08:15:00+02:00,242.48770216722733,224.0
2025-10-14 08:30:00+02:00,186.63270551445976,167.21
2025-10-14 08:45:00+02:00,158.39960084234508,140.99
2025-10-14 09:00:00+02:00,219.38343976366156,215.71
2025-10-14 09:15:00+02:00,171.01411841485714,153.83
2025-10-14 09:30:00+02:00,145.1647092969316,134.11
2025-10-14 09:45:00+02:00,129.36842736170652,122.13
2025-10-14 10:00:00+02:00,172.68558101845628,180.81
2025-10-14 10:15:00+02:00,148.2396132622741,132.93
2025-10-14 10:30:00+02:00,126.81922195012746,116.51
2025-10-14 10:45:00+02:00,117.48534714308764,108.65
2025-10-14 11:00:00+02:00,155.20844798144293,135.03
2025-10-14 11:15:00+02:00,134.99511692786535,120.93
2025-10-14 11:30:00+02:00,125.24342308267515,116.02
2025-10-14 11:45:00+02:00,115.79624760663678,107.4
2025-10-14 12:00:00+02:00,124.98785939837842,112.9
2025-10-14 12:15:00+02:00,117.27623505583412,111.69
2025-10-14 12:30:00+02:00,114.4591103876727,107.38
2025-10-14 12:45:00+02:00,112.28300998874667,98.62
2025-10-14 13:00:00+02:00,114.79259560703085,104.84
2025-10-14 13:15:00+02:00,112.89301219180737,102.49
2025-10-14 13:30:00+02:00,111.0132236758217,103.49
2025-10-14 13:45:00+02:00,105.93058830868392,101.17
2025-10-14 14:00:00+02:00,109.72854774723362,86.18
2025-10-14 14:15:00+02:00,121.51282820352966,100.81
2025-10-14 14:30:00+02:00,129.4648263334079,108.64
2025-10-14 14:45:00+02:00,137.70177272563657,125.43
2025-10-14 15:00:00+02:00,120.81841313888273,101.87
2025-10-14 15:15:00+02:00,129.76462358912605,112.9
2025-10-14 15:30:00+02:00,143.02887265530052,118.14
2025-10-14 15:45:00+02:00,156.79496353562834,156.19
2025-10-14 16:00:00+02:00,130.30235880084183,91.04
2025-10-14 16:15:00+02:00,145.47643809723002,116.09
2025-10-14 16:30:00+02:00,166.28066156576756,154.95
2025-10-14 16:45:00+02:00,184.17149784137746,224.32
2025-10-14 17:00:00+02:00,139.9693195963282,113.94
2025-10-14 17:15:00+02:00,167.66802330535216,145.1
2025-10-14 17:30:00+02:00,220.69666365023596,238.96
2025-10-14 17:45:00+02:00,294.4020503262257,378.78
2025-10-14 18:00:00+02:00,189.7771008008316,274.81
2025-10-14 18:15:00+02:00,228.88219549795986,361.84
2025-10-14 18:30:00+02:00,287.1589221639944,474.8
2025-10-14 18:45:00+02:00,310.2348597536685,508.38
2025-10-14 19:00:00+02:00,284.36662006480026,493.94
2025-10-14 19:15:00+02:00,269.1924771154962,448.63
2025-10-14 19:30:00+02:00,229.22386063233535,379.98
2025-10-14 19:45:00+02:00,205.88676767697063,306.27
2025-10-14 20:00:00+02:00,197.6326323277791,332.2
2025-10-14 20:15:00+02:00,169.77326661508653,242.83
2025-10-14 20:30:00+02:00,148.3788954365623,181.7
2025-10-14 20:45:00+02:00,141.14109850944322,145.19
2025-10-14 21:00:00+02:00,152.12913510726045,214.2
2025-10-14 21:15:00+02:00,138.62178072855428,165.07
2025-10-14 21:30:00+02:00,129.13723475476394,146.91
2025-10-14 21:45:00+02:00,124.30410541059305,125.98
2025-10-14 22:00:00+02:00,142.68488317546044,146.9
2025-10-14 22:15:00+02:00,133.346773722313,132.57
2025-10-14 22:30:00+02:00,124.25137743261024,123.09
2025-10-14 22:45:00+02:00,118.05436290333442,116.87
2025-10-14 23:00:00+02:00,127.39353430210757,123.95
2025-10-14 23:15:00+02:00,118.28532573439766,118.01
2025-10-14 23:30:00+02:00,114.25384159010042,110.63
2025-10-14 23:45:00+02:00,109.41729153800053,108.85
2025-10-15 00:00:00+02:00,122.45210221807504,120.26
2025-10-15 00:15:00+02:00,116.29374541032281,116.09
2025-10-15 00:30:00+02:00,112.2902661410951,113.53
2025-10-15 00:45:00+02:00,108.84279832896708,111.97
2025-10-15 01:00:00+02:00,113.43267023524419,117.16
2025-10-15 01:15:00+02:00,110.48486397934349,112.45
2025-10-15 01:30:00+02:00,108.61616497310004,110.16
2025-10-15 01:45:00+02:00,105.38813914361239,107.69
2025-10-15 02:00:00+02:00,111.25107080140154,110.15
2025-10-15 02:15:00+02:00,107.33147985748391,108.38
2025-10-15 02:30:00+02:00,105.78634455643382,106.29
2025-10-15 02:45:00+02:00,104.54911308491606,105.9
2025-10-15 03:00:00+02:00,106.63236484471382,105.98
2025-10-15 03:15:00+02:00,108.28411902377087,104.94
2025-10-15 03:30:00+02:00,108.38838777081315,101.43
2025-10-15 03:45:00+02:00,107.4716698083405,102.12
2025-10-15 04:00:00+02:00,107.14268272870682,102.06
2025-10-15 04:15:00+02:00,107.7387198124057,104.76
2025-10-15 04:30:00+02:00,111.32132773984985,107.21
2025-10-15 04:45:00+02:00,116.36833069809569,111.89
2025-10-15 05:00:00+02:00,112.61804694770711,108.85
2025-10-15 05:15:00+02:00,113.78381624558175,112.74
2025-10-15 05:30:00+02:00,118.78088106978156,116.6
2025-10-15 05:45:00+02:00,129.64782730209384,119.4
2025-10-15 06:00:00+02:00,125.95222109938007,117.12
2025-10-15 06:15:00+02:00,151.7160089853474,131.33
2025-10-15 06:30:00+02:00,173.22142773882558,164.35
2025-10-15 06:45:00+02:00,192.71452630050203,195.04
2025-10-15 07:00:00+02:00,178.40042997104584,211.75
2025-10-15 07:15:00+02:00,197.6423498413611,270.1
2025-10-15 07:30:00+02:00,225.4723608174666,319.58
2025-10-15 07:45:00+02:00,225.55965513474735,313.53
2025-10-15 08:00:00+02:00,263.79420044315293,354.61
2025-10-15 08:15:00+02:00,227.74641879411774,304.77
2025-10-15 08:30:00+02:00,202.133628018919,247.13
2025-10-15 08:45:00+02:00,166.25228650328148,198.28
2025-10-15 09:00:00+02:00,217.09052575079397,252.11
2025-10-15 09:15:00+02:00,173.3163471088706,197.67
2025-10-15 09:30:00+02:00,148.6857225944526,143.43
2025-10-15 09:45:00+02:00,127.44688254067998,131.0
2025-10-15 10:00:00+02:00,178.53503741856213,184.44
2025-10-15 10:15:00+02:00,144.11077191317486,141.01
2025-10-15 10:30:00+02:00,127.50648237080813,131.88
2025-10-15 10:45:00+02:00,118.54244497323009,112.1
2025-10-15 11:00:00+02:00,143.53514116117145,145.77
2025-10-15 11:15:00+02:00,128.27906683735893,130.42
2025-10-15 11:30:00+02:00,119.71341295966894,117.22
2025-10-15 11:45:00+02:00,112.6600788186094,111.01
2025-10-15 12:00:00+02:00,116.81937547654178,127.91
2025-10-15 12:15:00+02:00,111.41428393483507,124.04
2025-10-15 12:30:00+02:00,104.1683591425774,115.92
2025-10-15 12:45:00+02:00,96.87890745283758,109.83
2025-10-15 13:00:00+02:00,116.24433534103464,118.01
2025-10-15 13:15:00+02:00,115.3452321439869,115.82
2025-10-15 13:30:00+02:00,112.00219069734091,111.0
2025-10-15 13:45:00+02:00,104.98160424134697,106.68
2025-10-15 14:00:00+02:00,116.22545215420057,107.51
2025-10-15 14:15:00+02:00,120.99893133744791,109.68
2025-10-15 14:30:00+02:00,128.5811890222222,116.98
2025-10-15 14:45:00+02:00,139.94360800213596,127.4
2025-10-15 15:00:00+02:00,108.91081378615971,103.7
2025-10-15 15:15:00+02:00,116.76179136941161,107.64
2025-10-15 15:30:00+02:00,128.12853060122222,124.93
2025-10-15 15:45:00+02:00,152.4268365524752,154.3
2025-10-15 16:00:00+02:00,101.97972544102778,101.51
2025-10-15 16:15:00+02:00,119.37969392709095,118.71
2025-10-15 16:30:00+02:00,142.42380676838258,147.98
2025-10-15 16:45:00+02:00,169.19454601694787,174.57
2025-10-15 17:00:00+02:00,111.4107473186759,105.02
2025-10-15 17:15:00+02:00,138.35805940096074,130.3
2025-10-15 17:30:00+02:00,175.61842458806052,183.17
2025-10-15 17:45:00+02:00,232.79873074933835,261.51
2025-10-15 18:00:00+02:00,174.8731079926066,156.76
2025-10-15 18:15:00+02:00,210.19597015223803,189.62
2025-10-15 18:30:00+02:00,231.05174371531825,246.84
2025-10-15 18:45:00+02:00,242.2162974611407,294.29
2025-10-15 19:00:00+02:00,234.00046345216543,293.57
2025-10-15 19:15:00+02:00,227.4656737336587,242.91
2025-10-15 19:30:00+02:00,206.13350306269504,182.93
2025-10-15 19:45:00+02:00,189.01629112569233,160.59
2025-10-15 20:00:00+02:00,189.08363553920225,213.51
2025-10-15 20:15:00+02:00,156.8797799644412,158.01
2025-10-15 20:30:00+02:00,137.1740412966389,124.95
2025-10-15 20:45:00+02:00,125.86838502182407,114.91
2025-10-15 21:00:00+02:00,145.95400960822423,153.28
2025-10-15 21:15:00+02:00,128.91031517091588,131.41
2025-10-15 21:30:00+02:00,121.88424233558816,118.17
2025-10-15 21:45:00+02:00,116.172222606842,94.51
2025-10-15 22:00:00+02:00,128.16726049699244,114.72
2025-10-15 22:15:00+02:00,119.99304915664663,101.31
2025-10-15 22:30:00+02:00,114.653652868253,95.35
2025-10-15 22:45:00+02:00,109.50659161758891,81.46
2025-10-15 23:00:00+02:00,113.19779233980431,95.39
2025-10-15 23:15:00+02:00,107.32411989473565,87.17
2025-10-15 23:30:00+02:00,104.32682009996724,87.1
2025-10-15 23:45:00+02:00,101.14084099546862,83.02
2025-10-16 00:00:00+02:00,94.899623428076,90.22
2025-10-16 00:15:00+02:00,89.5711933500352,91.63
2025-10-16 00:30:00+02:00,85.50404250367203,88.93
2025-10-16 00:45:00+02:00,84.30316056678758,81.88
2025-10-16 01:00:00+02:00,87.59255573423111,90.67
2025-10-16 01:15:00+02:00,84.88617335469885,87.14
2025-10-16 01:30:00+02:00,83.10397741861924,85.09
2025-10-16 01:45:00+02:00,82.43981285098769,80.33
2025-10-16 02:00:00+02:00,85.79502165463836,90.41
2025-10-16 02:15:00+02:00,84.3350221292088,88.7
2025-10-16 02:30:00+02:00,82.81034968128345,87.91
2025-10-16 02:45:00+02:00,82.78373142105403,84.98
2025-10-16 03:00:00+02:00,83.34081592600069,90.01
2025-10-16 03:15:00+02:00,81.26634425520544,88.69
2025-10-16 03:30:00+02:00,80.9428819631195,88.69
2025-10-16 03:45:00+02:00,80.57924274135765,79.23
2025-10-16 04:00:00+02:00,83.24710941119491,86.13
2025-10-16 04:15:00+02:00,83.58878099777588,88.05
2025-10-16 04:30:00+02:00,84.9683085219652,88.49
2025-10-16 04:45:00+02:00,87.44595912232128,90.67
2025-10-16 05:00:00+02:00,89.05736313217298,80.24
2025-10-16 05:15:00+02:00,89.9464168534081,81.25
2025-10-16 05:30:00+02:00,92.05224939912105,85.1
2025-10-16 05:45:00+02:00,99.09579670334588,93.59
2025-10-16 06:00:00+02:00,96.9612753845015,79.19
2025-10-16 06:15:00+02:00,108.61869431588492,89.99
2025-10-16 06:30:00+02:00,124.11279021446485,98.27
2025-10-16 06:45:00+02:00,132.42390620382594,117.32
2025-10-16 07:00:00+02:00,134.13990051377843,101.88
2025-10-16 07:15:00+02:00,144.7654372410613,116.05
2025-10-16 07:30:00+02:00,152.84945879560414,121.06
2025-10-16 07:45:00+02:00,152.38065256498865,125.5
2025-10-16 08:00:00+02:00,176.2060106164738,148.39
2025-10-16 08:15:00+02:00,159.50551919095207,146.12
2025-10-16 08:30:00+02:00,143.24325123826895,132.74
2025-10-16 08:45:00+02:00,128.57553874916698,103.82
2025-10-16 09:00:00+02:00,144.14320475150316,147.5
2025-10-16 09:15:00+02:00,119.97799785148464,132.71
2025-10-16 09:30:00+02:00,103.932640354803,106.38
2025-10-16 09:45:00+02:00,93.72567238450063,93.13
2025-10-16 10:00:00+02:00,121.85996898630131,118.0
2025-10-16 10:15:00+02:00,98.27601863349328,93.73
2025-10-16 10:30:00+02:00,87.85720628492038,81.21
2025-10-16 10:45:00+02:00,81.07942477513171,76.01
2025-10-16 11:00:00+02:00,100.94101672618743,102.38
2025-10-16 11:15:00+02:00,91.25874636127884,86.71
2025-10-16 11:30:00+02:00,84.28623883742871,85.48
2025-10-16 11:45:00+02:00,78.68018184670309,78.66
2025-10-16 12:00:00+02:00,90.8389928878526,89.01
2025-10-16 12:15:00+02:00,84.88757852743682,82.76
2025-10-16 12:30:00+02:00,80.17911318659307,83.44
2025-10-16 12:45:00+02:00,75.02539684110656,78.4
2025-10-16 13:00:00+02:00,73.94228880547692,84.28
2025-10-16 13:15:00+02:00,71.83274301806745,82.54
2025-10-16 13:30:00+02:00,70.14136511464478,80.68
2025-10-16 13:45:00+02:00,67.15237507310034,78.4
2025-10-16 14:00:00+02:00,77.9722376342182,76.96
2025-10-16 14:15:00+02:00,82.15940534436439,79.25
2025-10-16 14:30:00+02:00,87.83883665219376,81.56
2025-10-16 14:45:00+02:00,98.03546988506622,94.15
2025-10-16 15:00:00+02:00,85.0143002362232,72.1
2025-10-16 15:15:00+02:00,92.23739636856175,82.42
2025-10-16 15:30:00+02:00,105.78109756499629,85.09
2025-10-16 15:45:00+02:00,123.1464242477922,92.5
2025-10-16 16:00:00+02:00,75.17333125152456,68.12
2025-10-16 16:15:00+02:00,89.79442639248528,79.48
2025-10-16 16:30:00+02:00,110.18346438130402,92.41
2025-10-16 16:45:00+02:00,133.13272897377087,116.1
2025-10-16 17:00:00+02:00,84.31427706844117,78.4
2025-10-16 17:15:00+02:00,104.23162491413547,116.06
2025-10-16 17:30:00+02:00,132.01079013226925,132.51
2025-10-16 17:45:00+02:00,165.85957635921858,156.69
2025-10-16 18:00:00+02:00,134.201742901942,109.6
2025-10-16 18:15:00+02:00,156.2560776365568,128.7
2025-10-16 18:30:00+02:00,177.20564425175633,135.91
2025-10-16 18:45:00+02:00,192.23202332534456,145.79
2025-10-16 19:00:00+02:00,189.50876338752767,137.23
2025-10-16 19:15:00+02:00,180.52059936151545,144.29
2025-10-16 19:30:00+02:00,166.11669489667133,144.65
2025-10-16 19:45:00+02:00,152.848647440374,136.19
2025-10-16 20:00:00+02:00,168.91012111297204,145.04
2025-10-16 20:15:00+02:00,141.04619672505953,123.38
2025-10-16 20:30:00+02:00,123.51152560900235,128.0
2025-10-16 20:45:00+02:00,111.67856404922397,105.96
2025-10-16 21:00:00+02:00,132.02514748260793,124.53
2025-10-16 21:15:00+02:00,116.24790444020385,106.18
2025-10-16 21:30:00+02:00,106.02590505712246,90.47
2025-10-16 21:45:00+02:00,94.76227329271,87.75
2025-10-16 22:00:00+02:00,112.18219943225529,96.5
2025-10-16 22:15:00+02:00,104.86824784311655,100.23
2025-10-16 22:30:00+02:00,98.06246064920941,105.99
2025-10-16 22:45:00+02:00,92.63530844832731,96.7
2025-10-16 23:00:00+02:00,99.2273735221866,100.87
2025-10-16 23:15:00+02:00,91.71466945694452,95.47
2025-10-16 23:30:00+02:00,90.5099609847037,93.2
2025-10-16 23:45:00+02:00,86.25429266597217,83.91
2025-10-17 00:00:00+02:00,97.63145168747825,91.4
2025-10-17 00:15:00+02:00,93.8046812293681,88.11
2025-10-17 00:30:00+02:00,89.3091805693844,87.24
2025-10-17 00:45:00+02:00,85.15871521479487,85.84
2025-10-17 01:00:00+02:00,90.71756567448466,87.07
2025-10-17 01:15:00+02:00,88.58605331281616,87.52
2025-10-17 01:30:00+02:00,86.61351982424827,88.38
2025-10-17 01:45:00+02:00,84.31541219798628,90.28
2025-10-17 02:00:00+02:00,88.91965952984184,91.4
2025-10-17 02:15:00+02:00,86.42089619719177,88.2
2025-10-17 02:30:00+02:00,85.7241048664496,88.4
2025-10-17 02:45:00+02:00,84.77735101008143,88.23
2025-10-17 03:00:00+02:00,85.47798348473579,89.71
2025-10-17 03:15:00+02:00,85.35863630289131,87.83
2025-10-17 03:30:00+02:00,84.67309561315865,88.76
2025-10-17 03:45:00+02:00,83.46193521306049,87.53
2025-10-17 04:00:00+02:00,84.58015030619654,87.27
2025-10-17 04:15:00+02:00,85.4128485288463,87.46
2025-10-17 04:30:00+02:00,87.40762456515566,91.4
2025-10-17 04:45:00+02:00,89.48492956647388,96.22
2025-10-17 05:00:00+02:00,87.19750670634721,89.99
2025-10-17 05:15:00+02:00,87.7067532939991,90.13
2025-10-17 05:30:00+02:00,92.92632372757357,98.27
2025-10-17 05:45:00+02:00,98.54211830548032,99.65
2025-10-17 06:00:00+02:00,89.56961010584632,85.77
2025-10-17 06:15:00+02:00,103.30856791804077,95.93
2025-10-17 06:30:00+02:00,110.39842077008406,119.3
2025-10-17 06:45:00+02:00,119.38474808590352,130.64
2025-10-17 07:00:00+02:00,112.7440100734275,119.57
2025-10-17 07:15:00+02:00,123.28790934824839,117.78
2025-10-17 07:30:00+02:00,129.8423911762876,133.01
2025-10-17 07:45:00+02:00,131.93211692792727,147.58
2025-10-17 08:00:00+02:00,153.39515655787628,158.82
2025-10-17 08:15:00+02:00,148.23123051891326,159.99
2025-10-17 08:30:00+02:00,137.33641443186033,140.81
2025-10-17 08:45:00+02:00,118.62506841719818,119.72
2025-10-17 09:00:00+02:00,166.32168266341534,161.02
2025-10-17 09:15:00+02:00,134.73657706941043,133.0
2025-10-17 09:30:00+02:00,118.9472596394034,120.0
2025-10-17 09:45:00+02:00,102.17741179501077,102.06
2025-10-17 10:00:00+02:00,139.16011359619898,129.09
2025-10-17 10:15:00+02:00,115.41995185349427,123.62
2025-10-17 10:30:00+02:00,105.26204477001713,112.61
2025-10-17 10:45:00+02:00,97.98527907697438,103.4
2025-10-17 11:00:00+02:00,110.00652328655501,115.0
2025-10-17 11:15:00+02:00,99.76210552630852,103.56
2025-10-17 11:30:00+02:00,97.90414891903872,91.85
2025-10-17 11:45:00+02:00,93.46895658284838,85.74
2025-10-17 12:00:00+02:00,103.76600870251494,93.83
2025-10-17 12:15:00+02:00,101.48125449603671,87.92
2025-10-17 12:30:00+02:00,98.51598806782013,86.74
2025-10-17 12:45:00+02:00,93.863350972657,84.07
2025-10-17 13:00:00+02:00,99.06232611025764,88.4
2025-10-17 13:15:00+02:00,98.06085464384347,87.41
2025-10-17 13:30:00+02:00,95.90004683011443,87.4
2025-10-17 13:45:00+02:00,90.1809550733908,83.66
2025-10-17 14:00:00+02:00,86.99538258733115,82.73
2025-10-17 14:15:00+02:00,92.50089932714567,87.09
2025-10-17 14:30:00+02:00,96.45757389538028,89.68
2025-10-17 14:45:00+02:00,102.70965608655315,91.72
2025-10-17 15:00:00+02:00,99.1303987024104,83.9
2025-10-17 15:15:00+02:00,94.29701625925706,87.4
2025-10-17 15:30:00+02:00,101.28086375496068,91.1
2025-10-17 15:45:00+02:00,110.74678212331092,92.17
2025-10-17 16:00:00+02:00,91.41907543134825,84.05
2025-10-17 16:15:00+02:00,101.50112618766437,87.32
2025-10-17 16:30:00+02:00,111.47276331936025,93.76
2025-10-17 16:45:00+02:00,130.09359104777093,114.87
2025-10-17 17:00:00+02:00,85.86069512717125,88.25
2025-10-17 17:15:00+02:00,108.65310193013467,108.23
2025-10-17 17:30:00+02:00,126.55964013971126,122.14
2025-10-17 17:45:00+02:00,143.7076690442482,150.05
2025-10-17 18:00:00+02:00,114.67662606285414,126.4
2025-10-17 18:15:00+02:00,124.19111049602338,129.32
2025-10-17 18:30:00+02:00,137.03268617627987,125.33
2025-10-17 18:45:00+02:00,141.02766269383176,136.19
2025-10-17 19:00:00+02:00,144.4307693508387,127.86
2025-10-17 19:15:00+02:00,144.3244779938055,129.54
2025-10-17 19:30:00+02:00,139.8016218232316,136.45
2025-10-17 19:45:00+02:00,132.79741780710165,128.91
2025-10-17 20:00:00+02:00,145.69555655766212,131.43
2025-10-17 20:15:00+02:00,129.8707513071807,111.15
2025-10-17 20:30:00+02:00,128.1212086320424,119.44
2025-10-17 20:45:00+02:00,126.08797308855405,105.93
2025-10-17 21:00:00+02:00,121.7797704572688,114.7
2025-10-17 21:15:00+02:00,111.20973889853741,101.44
2025-10-17 21:30:00+02:00,102.79888900501025,101.45
2025-10-17 21:45:00+02:00,92.09337491595694,98.63
2025-10-17 22:00:00+02:00,107.5968846491014,108.12
2025-10-17 22:15:00+02:00,102.21938686179423,102.81
2025-10-17 22:30:00+02:00,101.27032793128369,101.98
2025-10-17 22:45:00+02:00,98.90832160109382,95.82
2025-10-17 23:00:00+02:00,97.53394787214759,105.45
2025-10-17 23:15:00+02:00,94.62634246891,95.3
2025-10-17 23:30:00+02:00,95.92278011049108,87.85
2025-10-17 23:45:00+02:00,91.90906614561196,81.39
2025-10-18 00:00:00+02:00,103.12970774407668,93.61
2025-10-18 00:15:00+02:00,95.85669592509129,103.62
2025-10-18 00:30:00+02:00,90.129481023033,93.4
2025-10-18 00:45:00+02:00,85.71633378290592,87.83
2025-10-18 01:00:00+02:00,94.55756045472587,96.35
2025-10-18 01:15:00+02:00,90.39102417581552,89.71
2025-10-18 01:30:00+02:00,87.80645849556777,86.82
2025-10-18 01:45:00+02:00,85.05228067628124,86.56
2025-10-18 02:00:00+02:00,93.99795769244676,97.2
2025-10-18 02:15:00+02:00,86.31223410934436,89.8
2025-10-18 02:30:00+02:00,87.39357538842211,86.87
2025-10-18 02:45:00+02:00,86.66100182713306,85.38
2025-10-18 03:00:00+02:00,85.44107452656615,86.51
2025-10-18 03:15:00+02:00,86.88021500791912,86.83
2025-10-18 03:30:00+02:00,87.09951774304228,89.62
2025-10-18 03:45:00+02:00,86.08236838541791,90.38
2025-10-18 04:00:00+02:00,85.61840389634361,85.41
2025-10-18 04:15:00+02:00,86.43076257801272,86.07
2025-10-18 04:30:00+02:00,89.54132545781312,89.29
2025-10-18 04:45:00+02:00,93.27935973996664,92.63
2025-10-18 05:00:00+02:00,87.78094051919362,82.36
2025-10-18 05:15:00+02:00,89.36154132073975,85.06
2025-10-18 05:30:00+02:00,94.76463799331398,93.41
2025-10-18 05:45:00+02:00,100.18398151913557,92.43
2025-10-18 06:00:00+02:00,78.49776851270049,80.22
2025-10-18 06:15:00+02:00,105.4986109540453,85.4
2025-10-18 06:30:00+02:00,110.24470140161004,95.7
2025-10-18 06:45:00+02:00,112.07222548679741,106.5
2025-10-18 07:00:00+02:00,105.31242099193612,93.19
2025-10-18 07:15:00+02:00,120.62488679382963,108.74
2025-10-18 07:30:00+02:00,120.96313399493935,115.87
2025-10-18 07:45:00+02:00,126.67232122116565,120.09
2025-10-18 08:00:00+02:00,134.55844654390643,121.19
2025-10-18 08:15:00+02:00,125.96307476315847,117.52
2025-10-18 08:30:00+02:00,119.26996138765956,116.5
2025-10-18 08:45:00+02:00,87.84325875619025,102.97
2025-10-18 09:00:00+02:00,125.10231539377148,124.99
2025-10-18 09:15:00+02:00,103.51780506361328,115.67
2025-10-18 09:30:00+02:00,92.24732546567427,92.87
2025-10-18 09:45:00+02:00,76.61822438534993,75.44
2025-10-18 10:00:00+02:00,106.38523256857208,114.91
2025-10-18 10:15:00+02:00,76.68465695356224,91.69
2025-10-18 10:30:00+02:00,67.8914105332659,82.88
2025-10-18 10:45:00+02:00,61.8956414835486,76.39
2025-10-18 11:00:00+02:00,83.54615929629814,87.99
2025-10-18 11:15:00+02:00,75.64257209782413,82.61
2025-10-18 11:30:00+02:00,69.50185489400717,79.79
2025-10-18 11:45:00+02:00,65.90996630688542,72.76
2025-10-18 12:00:00+02:00,64.83849739741385,78.44
2025-10-18 12:15:00+02:00,59.18596555874392,75.85
2025-10-18 12:30:00+02:00,56.67365869510007,73.78
2025-10-18 12:45:00+02:00,53.594339887956615,67.69
2025-10-18 13:00:00+02:00,51.79352268470953,68.67
2025-10-18 13:15:00+02:00,49.61554637953159,65.6
2025-10-18 13:30:00+02:00,47.66506629314983,67.53
2025-10-18 13:45:00+02:00,47.94359357049838,68.33
2025-10-18 14:00:00+02:00,62.32232834707902,64.41
2025-10-18 14:15:00+02:00,64.4509582650245,70.4
2025-10-18 14:30:00+02:00,67.02637283176331,75.14
2025-10-18 14:45:00+02:00,70.64021713243243,79.24
2025-10-18 15:00:00+02:00,63.04134832279575,71.22
2025-10-18 15:15:00+02:00,63.95109889292401,78.41
2025-10-18 15:30:00+02:00,73.85033914934868,86.27
2025-10-18 15:45:00+02:00,83.9378663159246,98.1
2025-10-18 16:00:00+02:00,74.49667173671249,66.9
2025-10-18 16:15:00+02:00,79.51053685824411,84.65
2025-10-18 16:30:00+02:00,98.85013590017009,106.15
2025-10-18 16:45:00+02:00,113.06395821443272,128.5
2025-10-18 17:00:00+02:00,71.95287925215621,87.28
2025-10-18 17:15:00+02:00,93.13617853977316,110.94
2025-10-18 17:30:00+02:00,115.89413519754034,122.23
2025-10-18 17:45:00+02:00,135.79710235301292,162.11
2025-10-18 18:00:00+02:00,130.72206944076936,126.18
2025-10-18 18:15:00+02:00,145.64437426555776,132.02
2025-10-18 18:30:00+02:00,153.30163807155367,138.52
2025-10-18 18:45:00+02:00,158.04047585451264,136.22
2025-10-18 19:00:00+02:00,148.23654634737989,138.39
2025-10-18 19:15:00+02:00,147.74254038498003,127.22
2025-10-18 19:30:00+02:00,144.8470599763933,118.06
2025-10-18 19:45:00+02:00,141.983319012611,115.62
2025-10-18 20:00:00+02:00,140.43234664802253,133.0
2025-10-18 20:15:00+02:00,136.81637240257606,115.38
2025-10-18 20:30:00+02:00,132.97396766012378,105.98
2025-10-18 20:45:00+02:00,131.57016282117334,97.62
2025-10-18 21:00:00+02:00,118.95555705208292,99.16
2025-10-18 21:15:00+02:00,112.29708618415333,97.02
2025-10-18 21:30:00+02:00,105.73559737801855,89.14
2025-10-18 21:45:00+02:00,98.82505519201725,84.89
2025-10-18 22:00:00+02:00,107.23015049380531,104.16
2025-10-18 22:15:00+02:00,103.44542386088939,95.86
2025-10-18 22:30:00+02:00,100.9404317742121,96.88
2025-10-18 22:45:00+02:00,99.74583230408862,85.41
2025-10-18 23:00:00+02:00,98.25087062512398,105.87
2025-10-18 23:15:00+02:00,94.4115685214134,96.35
2025-10-18 23:30:00+02:00,92.87320297767192,89.31
2025-10-18 23:45:00+02:00,88.21261095475624,85.89
2025-10-19 00:00:00+02:00,99.03347026003793,103.22
2025-10-19 00:15:00+02:00,94.62913779111985,92.0
2025-10-19 00:30:00+02:00,88.54885540810122,87.58
2025-10-19 00:45:00+02:00,84.93946403056339,86.57
2025-10-19 01:00:00+02:00,90.87508383070646,95.65
2025-10-19 01:15:00+02:00,86.40058012998735,89.43
2025-10-19 01:30:00+02:00,83.68215928883959,84.92
2025-10-19 01:45:00+02:00,81.121113694235,80.34
2025-10-19 02:00:00+02:00,86.71197060380197,86.43
2025-10-19 02:15:00+02:00,80.54739384853681,81.5
2025-10-19 02:30:00+02:00,79.90799868747376,81.72
2025-10-19 02:45:00+02:00,78.6207188081941,79.52
2025-10-19 03:00:00+02:00,80.11178041332604,83.07
2025-10-19 03:15:00+02:00,81.07764752603231,80.58
2025-10-19 03:30:00+02:00,82.04844514783262,81.52
2025-10-19 03:45:00+02:00,80.60411596077371,83.39
2025-10-19 04:00:00+02:00,77.7247976481579,83.59
2025-10-19 04:15:00+02:00,78.9128178062505,82.35
2025-10-19 04:30:00+02:00,81.93197121384401,84.09
2025-10-19 04:45:00+02:00,85.35640741823497,82.82
2025-10-19 05:00:00+02:00,79.9278652430325,82.37
2025-10-19 05:15:00+02:00,80.57422807003131,81.29
2025-10-19 05:30:00+02:00,85.65900600512823,85.62
2025-10-19 05:45:00+02:00,89.58423014834393,84.71
2025-10-19 06:00:00+02:00,55.072456176124646,82.5
2025-10-19 06:15:00+02:00,90.32578584649059,82.34
2025-10-19 06:30:00+02:00,94.86266161318724,85.14
2025-10-19 06:45:00+02:00,98.54136499369204,91.02
2025-10-19 07:00:00+02:00,97.62931246874058,85.55
2025-10-19 07:15:00+02:00,100.14942332615429,87.77
2025-10-19 07:30:00+02:00,103.09375726585688,83.49
2025-10-19 07:45:00+02:00,103.39712244032624,84.21
2025-10-19 08:00:00+02:00,99.24734200480383,98.73
2025-10-19 08:15:00+02:00,94.38664610146185,95.56
2025-10-19 08:30:00+02:00,88.89754098708,81.87
2025-10-19 08:45:00+02:00,74.22611849225606,72.47
2025-10-19 09:00:00+02:00,93.08881289957077,96.86
2025-10-19 09:15:00+02:00,79.77038005868026,82.82
2025-10-19 09:30:00+02:00,61.402647776839146,74.43
2025-10-19 09:45:00+02:00,45.37764079793868,59.62
2025-10-19 10:00:00+02:00,88.52419118338689,81.51
2025-10-19 10:15:00+02:00,70.8988052519774,69.96
2025-10-19 10:30:00+02:00,63.416789389347606,67.72
2025-10-19 10:45:00+02:00,54.9752875388003,59.36
2025-10-19 11:00:00+02:00,71.91614371390381,74.05
2025-10-19 11:15:00+02:00,65.56828634836478,66.2
2025-10-19 11:30:00+02:00,60.38190657649571,60.03
2025-10-19 11:45:00+02:00,56.84410942166757,40.92
2025-10-19 12:00:00+02:00,60.85928575921219,54.36
2025-10-19 12:15:00+02:00,58.7181713747817,40.05
2025-10-19 12:30:00+02:00,58.32138010546015,28.0
2025-10-19 12:45:00+02:00,52.11448842884627,15.86
2025-10-19 13:00:00+02:00,40.29658521611363,24.08
2025-10-19 13:15:00+02:00,37.74208782317437,21.25
2025-10-19 13:30:00+02:00,36.88090468609157,19.78
2025-10-19 13:45:00+02:00,35.87723098804507,16.07
2025-10-19 14:00:00+02:00,28.183068239560306,11.68
2025-10-19 14:15:00+02:00,32.98440093145648,22.67
2025-10-19 14:30:00+02:00,36.91986519008234,44.71
2025-10-19 14:45:00+02:00,41.57517089516265,65.81
2025-10-19 15:00:00+02:00,37.00009463605917,40.06
2025-10-19 15:15:00+02:00,39.25009779432925,68.89
2025-10-19 15:30:00+02:00,45.67977564147691,73.1
2025-10-19 15:45:00+02:00,54.69455702732106,85.04
2025-10-19 16:00:00+02:00,40.43739500110932,59.06
2025-10-19 16:15:00+02:00,48.04397171316986,79.39
2025-10-19 16:30:00+02:00,62.98675538859019,100.59
2025-10-19 16:45:00+02:00,72.54795172020621,120.68
2025-10-19 17:00:00+02:00,46.11435946771305,86.07
2025-10-19 17:15:00+02:00,72.627489104379,100.01
2025-10-19 17:30:00+02:00,84.74645348371945,113.61
2025-10-19 17:45:00+02:00,105.87797882827329,124.6
2025-10-19 18:00:00+02:00,92.25021683441281,121.05
2025-10-19 18:15:00+02:00,98.41059090644544,118.14
2025-10-19 18:30:00+02:00,99.55091632348275,99.57
2025-10-19 18:45:00+02:00,101.31645986482188,91.99
2025-10-19 19:00:00+02:00,87.68234971441737,102.07
2025-10-19 19:15:00+02:00,83.23044225610685,87.49
2025-10-19 19:30:00+02:00,80.34425021408852,83.0
2025-10-19 19:45:00+02:00,81.11645806590776,69.92
2025-10-19 20:00:00+02:00,109.38049070244773,87.08
2025-10-19 20:15:00+02:00,104.4139321871166,72.06
2025-10-19 20:30:00+02:00,103.30168229179489,73.99
2025-10-19 20:45:00+02:00,101.68348063879111,68.88
2025-10-19 21:00:00+02:00,88.24926314655525,86.81
2025-10-19 21:15:00+02:00,81.75501456816389,71.66
2025-10-19 21:30:00+02:00,72.69268258585203,69.48
2025-10-19 21:45:00+02:00,61.05545584660206,64.65
2025-10-19 22:00:00+02:00,80.64463159423214,95.0
2025-10-19 22:15:00+02:00,72.01362875362055,77.96
2025-10-19 22:30:00+02:00,67.2996964030634,68.75
2025-10-19 22:45:00+02:00,65.65514147237752,57.26
2025-10-19 23:00:00+02:00,79.48271881814365,71.43
2025-10-19 23:15:00+02:00,72.96840707091837,58.78
2025-10-19 23:30:00+02:00,66.94346718571168,59.53
2025-10-19 23:45:00+02:00,61.68928297845601,53.68
2025-10-20 00:00:00+02:00,71.56501957549526,82.95
2025-10-20 00:15:00+02:00,67.59751180552234,69.03
2025-10-20 00:30:00+02:00,62.042470441809286,70.04
2025-10-20 00:45:00+02:00,60.624236853506225,58.13
2025-10-20 01:00:00+02:00,64.24226298272714,70.3
2025-10-20 01:15:00+02:00,60.84804341440699,66.48
2025-10-20 01:30:00+02:00,58.31229603723939,60.52
2025-10-20 01:45:00+02:00,58.39178368668079,58.6
2025-10-20 02:00:00+02:00,52.79045054057914,66.31
2025-10-20 02:15:00+02:00,53.25210775335195,60.07
2025-10-20 02:30:00+02:00,50.065506846891545,59.89
2025-10-20 02:45:00+02:00,47.095647503762855,57.65
2025-10-20 03:00:00+02:00,53.95789858875144,61.87
2025-10-20 03:15:00+02:00,51.32674713833791,59.37
2025-10-20 03:30:00+02:00,48.65153492104381,58.65
2025-10-20 03:45:00+02:00,52.8775863511128,60.12
2025-10-20 04:00:00+02:00,53.63381885184381,55.86
2025-10-20 04:15:00+02:00,53.71284299690498,58.61
2025-10-20 04:30:00+02:00,53.63801042786922,59.02
2025-10-20 04:45:00+02:00,58.39138879871801,68.92
2025-10-20 05:00:00+02:00,60.879051589226286,57.19
2025-10-20 05:15:00+02:00,61.6010002668536,75.29
2025-10-20 05:30:00+02:00,63.35648484690455,80.53
2025-10-20 05:45:00+02:00,66.8272293008082,86.23
2025-10-20 06:00:00+02:00,64.62663220812475,55.14
2025-10-20 06:15:00+02:00,79.29389335224596,86.43
2025-10-20 06:30:00+02:00,83.88811122197473,88.68
2025-10-20 06:45:00+02:00,86.30720228584076,74.76
2025-10-20 07:00:00+02:00,95.54144244922614,79.96
2025-10-20 07:15:00+02:00,97.8481951038854,85.34
2025-10-20 07:30:00+02:00,102.8644633438404,94.69
2025-10-20 07:45:00+02:00,103.72128919724508,107.48
2025-10-20 08:00:00+02:00,106.4508859352589,150.53
2025-10-20 08:15:00+02:00,101.99783842431238,138.82
2025-10-20 08:30:00+02:00,98.5135890531585,115.82
2025-10-20 08:45:00+02:00,89.81861055756207,95.22
2025-10-20 09:00:00+02:00,85.50498507844623,117.97
2025-10-20 09:15:00+02:00,75.05991413630929,101.76
2025-10-20 09:30:00+02:00,69.86921829428441,78.04
2025-10-20 09:45:00+02:00,65.14165000803908,70.97
2025-10-20 10:00:00+02:00,78.46989011637315,86.4
2025-10-20 10:15:00+02:00,66.63039616100193,77.35
2025-10-20 10:30:00+02:00,67.3782573838802,66.47
2025-10-20 10:45:00+02:00,61.364348495954715,62.38
2025-10-20 11:00:00+02:00,47.872790034334045,77.19
2025-10-20 11:15:00+02:00,41.79805027535326,70.31
2025-10-20 11:30:00+02:00,40.96009005548137,69.92
2025-10-20 11:45:00+02:00,37.02983864568663,62.32
2025-10-20 12:00:00+02:00,31.224960772416566,62.63
2025-10-20 12:15:00+02:00,28.61242710963895,60.09
2025-10-20 12:30:00+02:00,27.86396568891606,57.95
2025-10-20 12:45:00+02:00,24.33848496676969,60.48
2025-10-20 13:00:00+02:00,30.129069159224454,60.18
2025-10-20 13:15:00+02:00,27.81085354018571,61.91
2025-10-20 13:30:00+02:00,28.462421374963494,68.66
2025-10-20 13:45:00+02:00,21.779208856529188,70.34
2025-10-20 14:00:00+02:00,46.92890719883929,65.71
2025-10-20 14:15:00+02:00,48.83648282113803,72.04
2025-10-20 14:30:00+02:00,51.56332939304468,75.68
2025-10-20 14:45:00+02:00,52.308904827042404,90.91
2025-10-20 15:00:00+02:00,28.844634210343038,74.77
2025-10-20 15:15:00+02:00,44.83600257429154,85.39
2025-10-20 15:30:00+02:00,49.76860293065617,106.98
2025-10-20 15:45:00+02:00,65.37783786098655,121.42
2025-10-20 16:00:00+02:00,79.52191148103964,86.63
2025-10-20 16:15:00+02:00,87.86388639392189,105.01
2025-10-20 16:30:00+02:00,97.92930152933383,130.11
2025-10-20 16:45:00+02:00,110.61499418865907,156.29
2025-10-20 17:00:00+02:00,99.56786543785293,108.95
2025-10-20 17:15:00+02:00,115.20004799588125,130.19
2025-10-20 17:30:00+02:00,116.91977870822667,138.29
2025-10-20 17:45:00+02:00,127.12181401567082,147.06
2025-10-20 18:00:00+02:00,122.24516123761885,130.04
2025-10-20 18:15:00+02:00,127.28916507151449,130.48
2025-10-20 18:30:00+02:00,112.86894266576941,128.39
2025-10-20 18:45:00+02:00,114.79193417585563,111.45
2025-10-20 19:00:00+02:00,115.26549398036113,127.0
2025-10-20 19:15:00+02:00,114.11511245191882,105.96
2025-10-20 19:30:00+02:00,112.28204834303439,94.84
2025-10-20 19:45:00+02:00,110.79510225369137,84.2
2025-10-20 20:00:00+02:00,112.15651932486898,105.09
2025-10-20 20:15:00+02:00,107.60429538134268,80.51
2025-10-20 20:30:00+02:00,102.35766095001063,72.23
2025-10-20 20:45:00+02:00,99.39827594934599,71.33
2025-10-20 21:00:00+02:00,78.40131139427423,86.28
2025-10-20 21:15:00+02:00,68.39491981650309,95.07
2025-10-20 21:30:00+02:00,53.52020668074947,69.32
2025-10-20 21:45:00+02:00,43.9657434759074,54.34
2025-10-20 22:00:00+02:00,74.51405539393579,86.37
2025-10-20 22:15:00+02:00,63.485296957385906,72.68
2025-10-20 22:30:00+02:00,54.56536892919661,62.62
2025-10-20 22:45:00+02:00,46.57372843753405,51.84
2025-10-20 23:00:00+02:00,61.04810772924993,53.35
2025-10-20 23:15:00+02:00,51.836493978772324,56.81
2025-10-20 23:30:00+02:00,48.001235800874014,54.2
2025-10-20 23:45:00+02:00,40.561012373823864,39.64
2025-10-21 00:00:00+02:00,60.55929290011727,80.9
2025-10-21 00:15:00+02:00,59.63972611341039,65.7
2025-10-21 00:30:00+02:00,57.29471764762028,53.65
2025-10-21 00:45:00+02:00,52.53257176791322,45.67
2025-10-21 01:00:00+02:00,54.12747399129506,55.53
2025-10-21 01:15:00+02:00,55.07665190171559,49.85
2025-10-21 01:30:00+02:00,54.237149108721624,42.57
2025-10-21 01:45:00+02:00,52.76800813907238,27.38
2025-10-21 02:00:00+02:00,46.49830298601953,46.5
2025-10-21 02:15:00+02:00,49.235938601614116,34.76
2025-10-21 02:30:00+02:00,46.13522165652407,31.05
2025-10-21 02:45:00+02:00,43.849640176741936,19.98
2025-10-21 03:00:00+02:00,48.510906856601245,32.18
2025-10-21 03:15:00+02:00,46.45557796290415,22.4
2025-10-21 03:30:00+02:00,45.39397698368024,17.5
2025-10-21 03:45:00+02:00,46.616953871981316,17.03
2025-10-21 04:00:00+02:00,49.43277721882781,20.27
2025-10-21 04:15:00+02:00,49.77902826936152,20.96
2025-10-21 04:30:00+02:00,49.99727393641448,30.62
2025-10-21 04:45:00+02:00,52.26730911563835,31.8
2025-10-21 05:00:00+02:00,50.957130791118956,26.05
2025-10-21 05:15:00+02:00,54.03035017509621,46.22
2025-10-21 05:30:00+02:00,60.693070529730136,52.87
2025-10-21 05:45:00+02:00,60.705906841463474,64.7
2025-10-21 06:00:00+02:00,43.16818095161133,39.86
2025-10-21 06:15:00+02:00,76.2024577229045,77.51
2025-10-21 06:30:00+02:00,81.9337428881294,91.01
2025-10-21 06:45:00+02:00,82.74071999645628,92.0
2025-10-21 07:00:00+02:00,98.09159256592662,70.28
2025-10-21 07:15:00+02:00,99.8919422393969,95.0
2025-10-21 07:30:00+02:00,105.65488551160172,100.04
2025-10-21 07:45:00+02:00,106.60205957111754,87.17
2025-10-21 08:00:00+02:00,118.10620347679502,89.07
2025-10-21 08:15:00+02:00,116.81939070733111,91.4
2025-10-21 08:30:00+02:00,106.15642851739517,94.85
2025-10-21 08:45:00+02:00,92.88448919611844,91.01
2025-10-21 09:00:00+02:00,90.72559703981067,101.03
2025-10-21 09:15:00+02:00,88.01655635826677,86.22
2025-10-21 09:30:00+02:00,64.875888977772,82.21
2025-10-21 09:45:00+02:00,52.49758711562928,69.41
2025-10-21 10:00:00+02:00,66.43993963974857,92.0
2025-10-21 10:15:00+02:00,53.70902806468462,84.06
2025-10-21 10:30:00+02:00,47.92536764865247,66.35
2025-10-21 10:45:00+02:00,43.90138097542317,54.67
2025-10-21 11:00:00+02:00,67.63111255315305,85.0
2025-10-21 11:15:00+02:00,58.57917276973957,72.91
2025-10-21 11:30:00+02:00,52.19847286587974,58.4
2025-10-21 11:45:00+02:00,47.11035726254115,44.14
2025-10-21 12:00:00+02:00,54.61547514778592,57.65
2025-10-21 12:15:00+02:00,51.27758452593673,52.32
2025-10-21 12:30:00+02:00,52.58147478317049,49.83
2025-10-21 12:45:00+02:00,51.468763931092525,30.02
2025-10-21 13:00:00+02:00,58.67008404500224,44.22
2025-10-21 13:15:00+02:00,57.30381587322391,36.31
2025-10-21 13:30:00+02:00,60.0115724067141,25.21
2025-10-21 13:45:00+02:00,60.220655275520045,20.59
2025-10-21 14:00:00+02:00,51.029235816493156,16.49
2025-10-21 14:15:00+02:00,58.073639250673665,28.18
2025-10-21 14:30:00+02:00,60.524124720949516,35.48
2025-10-21 14:45:00+02:00,68.5713297321607,52.09
2025-10-21 15:00:00+02:00,43.535047207334316,23.39
2025-10-21 15:15:00+02:00,52.654733267413434,47.69
2025-10-21 15:30:00+02:00,64.095125910588,78.83
2025-10-21 15:45:00+02:00,82.37376134125665,91.01
2025-10-21 16:00:00+02:00,62.68090011800811,35.44
2025-10-21 16:15:00+02:00,75.97865318620022,53.42
2025-10-21 16:30:00+02:00,90.39923616125304,85.69
2025-10-21 16:45:00+02:00,112.54685238876976,98.26
2025-10-21 17:00:00+02:00,94.36076915321549,51.97
2025-10-21 17:15:00+02:00,108.24975702206498,90.22
2025-10-21 17:30:00+02:00,116.08691454088994,120.26
2025-10-21 17:45:00+02:00,140.64260567702752,137.55
2025-10-21 18:00:00+02:00,130.49057417982235,87.11
2025-10-21 18:15:00+02:00,128.92350665206436,112.75
2025-10-21 18:30:00+02:00,129.741833205496,144.12
2025-10-21 18:45:00+02:00,127.39478763002555,143.22
2025-10-21 19:00:00+02:00,123.84188765697488,122.3
2025-10-21 19:15:00+02:00,119.86621402659291,128.35
2025-10-21 19:30:00+02:00,118.74793024109404,111.32
2025-10-21 19:45:00+02:00,117.5338082930216,99.57
2025-10-21 20:00:00+02:00,121.26784228385485,114.37
2025-10-21 20:15:00+02:00,114.4344869409326,101.75
2025-10-21 20:30:00+02:00,110.87007293735414,95.0
2025-10-21 20:45:00+02:00,109.38722975709739,87.57
2025-10-21 21:00:00+02:00,101.49378214884464,88.73
2025-10-21 21:15:00+02:00,94.4333857271618,79.44
2025-10-21 21:30:00+02:00,87.35840404692772,85.79
2025-10-21 21:45:00+02:00,81.16665823609692,70.26
2025-10-21 22:00:00+02:00,99.44881056937959,92.79
2025-10-21 22:15:00+02:00,94.19514145054092,82.38
2025-10-21 22:30:00+02:00,89.52047336761412,79.59
2025-10-21 22:45:00+02:00,85.90818987911842,71.96
2025-10-21 23:00:00+02:00,86.24045691172198,83.78
2025-10-21 23:15:00+02:00,82.8402138890514,76.9
2025-10-21 23:30:00+02:00,80.84034655775295,73.95
2025-10-21 23:45:00+02:00,76.8498807614709,62.69
2025-10-22 00:00:00+02:00,79.92354401657956,92.09
2025-10-22 00:15:00+02:00,76.43259608353661,91.64
2025-10-22 00:30:00+02:00,70.9041898450421,84.94
2025-10-22 00:45:00+02:00,66.91434005355677,82.68
2025-10-22 01:00:00+02:00,73.0534669874708,88.87
2025-10-22 01:15:00+02:00,70.19197283380294,88.38
2025-10-22 01:30:00+02:00,68.10484895643363,88.1
2025-10-22 01:45:00+02:00,65.3933410270576,84.62
2025-10-22 02:00:00+02:00,69.23355265709274,83.63
2025-10-22 02:15:00+02:00,65.50892845131057,83.62
2025-10-22 02:30:00+02:00,64.26276381031933,86.63
2025-10-22 02:45:00+02:00,62.353574781569655,87.74
2025-10-22 03:00:00+02:00,68.83532940433732,89.28
2025-10-22 03:15:00+02:00,66.72805729904482,90.26
2025-10-22 03:30:00+02:00,66.57821215753879,90.56
2025-10-22 03:45:00+02:00,65.47835716920264,87.29
2025-10-22 04:00:00+02:00,69.86162172318467,85.31
2025-10-22 04:15:00+02:00,70.6859152237493,87.73
2025-10-22 04:30:00+02:00,73.71291076950742,92.15
2025-10-22 04:45:00+02:00,76.50878944318616,92.82
2025-10-22 05:00:00+02:00,76.83833550712464,81.24
2025-10-22 05:15:00+02:00,77.24553212011051,86.8
2025-10-22 05:30:00+02:00,82.45797558083902,95.34
2025-10-22 05:45:00+02:00,87.33024551437961,97.32
2025-10-22 06:00:00+02:00,86.12244965275652,91.65
2025-10-22 06:15:00+02:00,98.91367796610538,96.25
2025-10-22 06:30:00+02:00,103.18154339476011,96.62
2025-10-22 06:45:00+02:00,104.63999639414646,113.05
2025-10-22 07:00:00+02:00,114.85533310032962,97.01
2025-10-22 07:15:00+02:00,120.94200629367407,100.07
2025-10-22 07:30:00+02:00,127.52505333753894,98.56
2025-10-22 07:45:00+02:00,127.43728823180884,105.09
2025-10-22 08:00:00+02:00,187.09551886608227,94.19
2025-10-22 08:15:00+02:00,170.33119059097498,123.0
2025-10-22 08:30:00+02:00,143.97873843466917,128.13
2025-10-22 08:45:00+02:00,127.12556970712042,109.71
2025-10-22 09:00:00+02:00,164.44961303208066,148.0
2025-10-22 09:15:00+02:00,134.109006292924,138.53
2025-10-22 09:30:00+02:00,113.0859783451206,115.64
2025-10-22 09:45:00+02:00,101.05428942342678,100.7
2025-10-22 10:00:00+02:00,133.9386640500695,130.54
2025-10-22 10:15:00+02:00,111.67510609083791,105.99
2025-10-22 10:30:00+02:00,93.46399231107462,96.57
2025-10-22 10:45:00+02:00,88.8254369711255,89.81
2025-10-22 11:00:00+02:00,118.8043260162758,98.4
2025-10-22 11:15:00+02:00,107.50109840329772,94.88
2025-10-22 11:30:00+02:00,100.37919102914991,89.62
2025-10-22 11:45:00+02:00,92.04465962987774,81.96
2025-10-22 12:00:00+02:00,106.44785921401261,94.43
2025-10-22 12:15:00+02:00,95.26813763523586,83.83
2025-10-22 12:30:00+02:00,94.8754975379222,84.54
2025-10-22 12:45:00+02:00,90.30392189719339,85.6
2025-10-22 13:00:00+02:00,98.03279906596423,92.73
2025-10-22 13:15:00+02:00,94.94237206663922,87.8
2025-10-22 13:30:00+02:00,93.51092754806774,83.76
2025-10-22 13:45:00+02:00,91.5314537385088,79.71
2025-10-22 14:00:00+02:00,82.6863834378086,80.78
2025-10-22 14:15:00+02:00,90.0212172961389,92.17
2025-10-22 14:30:00+02:00,94.32081095020189,95.87
2025-10-22 14:45:00+02:00,104.31078024079102,105.02
2025-10-22 15:00:00+02:00,95.32410969290908,83.4
2025-10-22 15:15:00+02:00,105.65953842431522,98.77
2025-10-22 15:30:00+02:00,123.68683821026065,123.0
2025-10-22 15:45:00+02:00,144.16237518652724,137.45
2025-10-22 16:00:00+02:00,110.5702680608959,80.16
2025-10-22 16:15:00+02:00,125.17886069493358,108.09
2025-10-22 16:30:00+02:00,148.87031629616894,144.23
2025-10-22 16:45:00+02:00,171.3676887399132,207.52
2025-10-22 17:00:00+02:00,130.3458276185143,132.71
2025-10-22 17:15:00+02:00,152.51077761289807,161.82
2025-10-22 17:30:00+02:00,186.33791375453308,220.03
2025-10-22 17:45:00+02:00,235.12245935786171,277.65
2025-10-22 18:00:00+02:00,160.33856294639799,221.88
2025-10-22 18:15:00+02:00,191.77114536625447,270.09
2025-10-22 18:30:00+02:00,225.2639306722179,340.7
2025-10-22 18:45:00+02:00,242.5570204000508,353.26
2025-10-22 19:00:00+02:00,204.055558208082,330.32
2025-10-22 19:15:00+02:00,187.8907024384654,305.02
2025-10-22 19:30:00+02:00,171.4806886136789,258.34
2025-10-22 19:45:00+02:00,157.43268553236362,225.36
2025-10-22 20:00:00+02:00,164.7030783923248,259.2
2025-10-22 20:15:00+02:00,151.8435375109275,194.85
2025-10-22 20:30:00+02:00,148.47724922363426,150.57
2025-10-22 20:45:00+02:00,146.36593553993603,136.62
2025-10-22 21:00:00+02:00,138.0238797868392,175.97
2025-10-22 21:15:00+02:00,131.9140898717958,139.36
2025-10-22 21:30:00+02:00,123.79975830776279,117.86
2025-10-22 21:45:00+02:00,118.59554418049326,102.6
2025-10-22 22:00:00+02:00,120.92799788856844,141.33
2025-10-22 22:15:00+02:00,114.91368261583415,127.01
2025-10-22 22:30:00+02:00,112.71186554088534,113.63
2025-10-22 22:45:00+02:00,109.25324145812353,106.29
2025-10-22 23:00:00+02:00,107.14226230505027,114.5
2025-10-22 23:15:00+02:00,104.02519617649534,111.36
2025-10-22 23:30:00+02:00,101.69057101497943,107.41
2025-10-22 23:45:00+02:00,97.67859694952416,99.1
2025-10-23 00:00:00+02:00,111.69109115954342,110.17
2025-10-23 00:15:00+02:00,108.66041264194543,105.55
2025-10-23 00:30:00+02:00,105.25861281480167,97.2
2025-10-23 00:45:00+02:00,101.18527241774322,92.58
2025-10-23 01:00:00+02:00,102.02875786026047,106.1
2025-10-23 01:15:00+02:00,100.1363193109216,103.85
2025-10-23 01:30:00+02:00,98.60470496222325,94.45
2025-10-23 01:45:00+02:00,96.64412566093526,90.58
2025-10-23 02:00:00+02:00,93.00114944424288,107.08
2025-10-23 02:15:00+02:00,91.73446131006887,98.4
2025-10-23 02:30:00+02:00,91.10529710192408,89.07
2025-10-23 02:45:00+02:00,90.49725490586314,85.72
2025-10-23 03:00:00+02:00,87.05240772764618,93.18
2025-10-23 03:15:00+02:00,86.56226130084377,87.13
2025-10-23 03:30:00+02:00,86.7830348212302,74.38
2025-10-23 03:45:00+02:00,86.54000269962934,65.0
2025-10-23 04:00:00+02:00,83.45184349611888,75.27
2025-10-23 04:15:00+02:00,84.96379252422575,70.77
2025-10-23 04:30:00+02:00,86.99819804428218,69.81
2025-10-23 04:45:00+02:00,88.35475200042256,68.14
2025-10-23 05:00:00+02:00,79.5822744370873,67.31
2025-10-23 05:15:00+02:00,82.44762017976609,67.31
2025-10-23 05:30:00+02:00,89.1058983708649,67.55
2025-10-23 05:45:00+02:00,91.75762395270598,67.91
2025-10-23 06:00:00+02:00,80.28915976390415,64.54
2025-10-23 06:15:00+02:00,99.44411362710704,74.02
2025-10-23 06:30:00+02:00,103.76496219581864,72.08
2025-10-23 06:45:00+02:00,104.87519860464064,78.36
2025-10-23 07:00:00+02:00,119.1778997452643,78.97
2025-10-23 07:15:00+02:00,122.80855580865587,84.38
2025-10-23 07:30:00+02:00,128.60674176770513,86.89
2025-10-23 07:45:00+02:00,128.92820078160025,78.89
2025-10-23 08:00:00+02:00,117.19965049067326,100.1
2025-10-23 08:15:00+02:00,111.54110992669658,100.01
2025-10-23 08:30:00+02:00,104.56299246844424,85.01
2025-10-23 08:45:00+02:00,94.12861193574827,74.88
2025-10-23 09:00:00+02:00,82.88198997083099,91.98
2025-10-23 09:15:00+02:00,90.90249850503379,87.53
2025-10-23 09:30:00+02:00,60.74561526208598,82.98
2025-10-23 09:45:00+02:00,45.971668697424214,69.58
2025-10-23 10:00:00+02:00,73.20549579268926,95.34
2025-10-23 10:15:00+02:00,62.49077671603658,84.9
2025-10-23 10:30:00+02:00,46.23918950092223,72.65
2025-10-23 10:45:00+02:00,27.837617937143,65.92
2025-10-23 11:00:00+02:00,82.43511140384813,73.08
2025-10-23 11:15:00+02:00,71.0171973431914,70.28
2025-10-23 11:30:00+02:00,62.22269327297103,68.38
2025-10-23 11:45:00+02:00,55.03457403225126,66.66
2025-10-23 12:00:00+02:00,65.4928231599381,68.05
2025-10-23 12:15:00+02:00,57.89717341079883,66.12
2025-10-23 12:30:00+02:00,54.89139057030573,65.68
2025-10-23 12:45:00+02:00,52.363174116881,64.54
2025-10-23 13:00:00+02:00,51.699557226752376,65.93
2025-10-23 13:15:00+02:00,51.81384426589719,63.99
2025-10-23 13:30:00+02:00,53.394016654691725,63.56
2025-10-23 13:45:00+02:00,50.556818932890216,62.94
2025-10-23 14:00:00+02:00,33.35296448306562,58.78
2025-10-23 14:15:00+02:00,37.445138196896984,63.02
2025-10-23 14:30:00+02:00,42.969444078397615,65.04
2025-10-23 14:45:00+02:00,54.47509269418667,67.3
2025-10-23 15:00:00+02:00,26.610468137670964,64.56
2025-10-23 15:15:00+02:00,36.853156761085344,68.73
2025-10-23 15:30:00+02:00,49.4386866151652,80.7
2025-10-23 15:45:00+02:00,66.53578099531427,88.43
2025-10-23 16:00:00+02:00,28.281969843595483,70.79
2025-10-23 16:15:00+02:00,46.48191351862129,76.45
2025-10-23 16:30:00+02:00,76.89173165004,95.0
2025-10-23 16:45:00+02:00,100.55662414780682,99.75
2025-10-23 17:00:00+02:00,76.7914434274074,79.15
2025-10-23 17:15:00+02:00,88.53917355310305,98.92
2025-10-23 17:30:00+02:00,107.00729340891066,105.94
2025-10-23 17:45:00+02:00,125.55161842192229,108.46
2025-10-23 18:00:00+02:00,92.59464650601178,106.94
2025-10-23 18:15:00+02:00,103.22857282654665,114.54
2025-10-23 18:30:00+02:00,114.09525613799813,126.89
2025-10-23 18:45:00+02:00,122.50481186389938,111.35
2025-10-23 19:00:00+02:00,107.36829627093235,129.17
2025-10-23 19:15:00+02:00,99.65812440424486,109.06
2025-10-23 19:30:00+02:00,82.55388282460407,100.95
2025-10-23 19:45:00+02:00,45.20969019971183,92.47
2025-10-23 20:00:00+02:00,85.06645785810952,97.0
2025-10-23 20:15:00+02:00,83.75612706310423,89.49
2025-10-23 20:30:00+02:00,77.62228267814262,86.85
2025-10-23 20:45:00+02:00,79.75907942609207,77.51
2025-10-23 21:00:00+02:00,11.746805305850145,92.31
2025-10-23 21:15:00+02:00,-39.96479162458394,85.56
2025-10-23 21:30:00+02:00,-56.57084140731915,79.64
2025-10-23 21:45:00+02:00,-83.25649521223905,73.74
2025-10-23 22:00:00+02:00,55.04775029054121,97.98
2025-10-23 22:15:00+02:00,39.10013054820229,76.69
2025-10-23 22:30:00+02:00,5.601614930301935,73.36
2025-10-23 22:45:00+02:00,-9.10431384150995,62.59
2025-10-23 23:00:00+02:00,53.40982024243327,68.34
2025-10-23 23:15:00+02:00,25.31423947754392,61.36
2025-10-23 23:30:00+02:00,14.522980769816613,58.83
2025-10-23 23:45:00+02:00,-5.60615319684527,51.78
2025-10-24 00:00:00+02:00,57.80052531847025,15.96
2025-10-24 00:15:00+02:00,53.81483086986753,19.4
2025-10-24 00:30:00+02:00,47.80456629613662,12.93
2025-10-24 00:45:00+02:00,44.862208851897094,9.05
2025-10-24 01:00:00+02:00,45.94887416829001,13.98
2025-10-24 01:15:00+02:00,41.924297237735374,10.02
2025-10-24 01:30:00+02:00,37.053961168114974,8.99
2025-10-24 01:45:00+02:00,34.0225834860723,6.35
2025-10-24 02:00:00+02:00,39.72331880749934,10.03
2025-10-24 02:15:00+02:00,33.50785659282205,6.88
2025-10-24 02:30:00+02:00,28.2192552012014,5.06
2025-10-24 02:45:00+02:00,26.90065990944165,4.13
2025-10-24 03:00:00+02:00,29.75318344880965,3.8
2025-10-24 03:15:00+02:00,27.27304881890238,0.1
2025-10-24 03:30:00+02:00,20.544629314879202,0.1
2025-10-24 03:45:00+02:00,13.3057360124712,0.1
2025-10-24 04:00:00+02:00,15.380453454897562,2.52
2025-10-24 04:15:00+02:00,15.889760816473853,1.34
2025-10-24 04:30:00+02:00,18.53205635512643,2.33
2025-10-24 04:45:00+02:00,20.17802129024261,2.57
2025-10-24 05:00:00+02:00,16.15781367912723,4.13
2025-10-24 05:15:00+02:00,21.607916937042006,4.66
2025-10-24 05:30:00+02:00,27.810241116595193,7.35
2025-10-24 05:45:00+02:00,35.59301868014524,13.96
2025-10-24 06:00:00+02:00,15.579306338194058,7.31
2025-10-24 06:15:00+02:00,57.660503708602214,17.08
2025-10-24 06:30:00+02:00,60.63821554872706,28.18
2025-10-24 06:45:00+02:00,66.22138830164181,40.54
2025-10-24 07:00:00+02:00,78.76319452381668,50.6
2025-10-24 07:15:00+02:00,81.03068967563647,58.61
2025-10-24 07:30:00+02:00,85.83343102165753,72.7
2025-10-24 07:45:00+02:00,87.64954524755898,78.03
2025-10-24 08:00:00+02:00,92.21621495291755,85.7
2025-10-24 08:15:00+02:00,89.75719749310431,88.96
2025-10-24 08:30:00+02:00,84.85800874805355,85.87
2025-10-24 08:45:00+02:00,76.79628970991796,78.95
2025-10-24 09:00:00+02:00,77.40016685192094,88.37
2025-10-24 09:15:00+02:00,68.49680139877067,81.15
2025-10-24 09:30:00+02:00,57.5690534017678,71.86
2025-10-24 09:45:00+02:00,45.36525501418002,64.81
2025-10-24 10:00:00+02:00,36.90523983231023,75.8
2025-10-24 10:15:00+02:00,34.91787576011096,63.27
2025-10-24 10:30:00+02:00,51.98256432010732,52.97
2025-10-24 10:45:00+02:00,45.25461783789489,41.17
2025-10-24 11:00:00+02:00,53.19070415764109,56.08
2025-10-24 11:15:00+02:00,45.27001756761554,44.28
2025-10-24 11:30:00+02:00,35.52243655022647,26.58
2025-10-24 11:45:00+02:00,27.51179081876615,5.06
2025-10-24 12:00:00+02:00,50.62717249084536,5.02
2025-10-24 12:15:00+02:00,45.182267866384485,0.0
2025-10-24 12:30:00+02:00,41.545367245702906,0.0
2025-10-24 12:45:00+02:00,38.237252445691844,-0.01
2025-10-24 13:00:00+02:00,41.52018718832873,0.0
2025-10-24 13:15:00+02:00,39.561432476887774,-0.01
2025-10-24 13:30:00+02:00,38.19872620359345,-0.01
2025-10-24 13:45:00+02:00,37.3208567466205,-0.02
2025-10-24 14:00:00+02:00,36.712749273895476,-0.02
2025-10-24 14:15:00+02:00,40.891822800117254,-0.01
2025-10-24 14:30:00+02:00,46.77188641319561,-0.01
2025-10-24 14:45:00+02:00,53.204870247508985,0.0
2025-10-24 15:00:00+02:00,18.490340006879286,-0.01
2025-10-24 15:15:00+02:00,26.7148328971124,0.0
2025-10-24 15:30:00+02:00,46.153967669008026,2.24
2025-10-24 15:45:00+02:00,43.62688414598092,5.01
2025-10-24 16:00:00+02:00,-2.1453836566942215,5.03
2025-10-24 16:15:00+02:00,13.89897486688777,26.67
2025-10-24 16:30:00+02:00,24.967424202266237,50.22
2025-10-24 16:45:00+02:00,39.50806024536534,67.36
2025-10-24 17:00:00+02:00,-4.662567063673762,49.82
2025-10-24 17:15:00+02:00,37.41000488471534,62.25
2025-10-24 17:30:00+02:00,53.15017772965517,70.18
2025-10-24 17:45:00+02:00,66.24297224565183,82.79
2025-10-24 18:00:00+02:00,43.28538803808847,68.51
2025-10-24 18:15:00+02:00,54.32325957249401,70.88
2025-10-24 18:30:00+02:00,68.69082621854142,78.44
2025-10-24 18:45:00+02:00,62.349059820094155,80.61
2025-10-24 19:00:00+02:00,45.358784346261956,85.15
2025-10-24 19:15:00+02:00,37.49354618474348,72.73
2025-10-24 19:30:00+02:00,54.21358642593739,70.56
2025-10-24 19:45:00+02:00,51.58035347791886,70.01
2025-10-24 20:00:00+02:00,50.58320051573591,70.01
2025-10-24 20:15:00+02:00,47.511638397656796,62.38
2025-10-24 20:30:00+02:00,41.1344168545248,49.01
2025-10-24 20:45:00+02:00,36.66684922318623,46.8
2025-10-24 21:00:00+02:00,74.9360449658358,60.52
2025-10-24 21:15:00+02:00,64.5239883747941,51.5
2025-10-24 21:30:00+02:00,45.94863283775054,36.69
2025-10-24 21:45:00+02:00,27.10375010588254,17.32
2025-10-24 22:00:00+02:00,70.29896925168941,36.41
2025-10-24 22:15:00+02:00,51.852125610275145,28.45
2025-10-24 22:30:00+02:00,41.76706981252764,30.82
2025-10-24 22:45:00+02:00,36.752327367878365,20.01
2025-10-24 23:00:00+02:00,38.73575994258078,23.19
2025-10-24 23:15:00+02:00,25.95574487284334,7.52
2025-10-24 23:30:00+02:00,16.235655104819557,5.27
2025-10-24 23:45:00+02:00,2.1793312473483155,3.89
2025-10-25 00:00:00+02:00,19.17085123906719,3.26
2025-10-25 00:15:00+02:00,16.850856694351236,4.21
2025-10-25 00:30:00+02:00,7.367568538864646,3.84
2025-10-25 00:45:00+02:00,9.687959687438976,2.79
2025-10-25 01:00:00+02:00,11.529119070940382,2.34
2025-10-25 01:15:00+02:00,8.265357281927322,2.11
2025-10-25 01:30:00+02:00,2.4097813099745338,0.78
2025-10-25 01:45:00+02:00,-0.9618462125158942,0.05
2025-10-25 02:00:00+02:00,7.159114242567824,2.28
2025-10-25 02:15:00+02:00,0.5729504438608046,1.32
2025-10-25 02:30:00+02:00,-3.787418071422735,0.1
2025-10-25 02:45:00+02:00,-6.670047553213209,0.0
2025-10-25 03:00:00+02:00,-6.835082946481435,0.0
2025-10-25 03:15:00+02:00,-10.735592609118385,0.0
2025-10-25 03:30:00+02:00,-10.255166111110256,0.0
2025-10-25 03:45:00+02:00,-12.289673748852266,-0.01
2025-10-25 04:00:00+02:00,-15.00955340403003,-0.01
2025-10-25 04:15:00+02:00,-15.380472235724483,-0.01
2025-10-25 04:30:00+02:00,-14.637262454673134,0.0
2025-10-25 04:45:00+02:00,-12.000894990408312,-0.01
2025-10-25 05:00:00+02:00,-19.38193095699529,0.0
2025-10-25 05:15:00+02:00,-17.755862567113,0.0
2025-10-25 05:30:00+02:00,-9.804373163414809,0.37
2025-10-25 05:45:00+02:00,3.111232651178298,0.29
2025-10-25 06:00:00+02:00,-65.88415339966207,-0.01
2025-10-25 06:15:00+02:00,-54.73799857123032,0.0
2025-10-25 06:30:00+02:00,38.067704252630236,0.52
2025-10-25 06:45:00+02:00,41.979846395155775,1.58
2025-10-25 07:00:00+02:00,52.06754880655113,1.6
2025-10-25 07:15:00+02:00,60.55733923857557,1.93
2025-10-25 07:30:00+02:00,62.24144750948329,0.45
2025-10-25 07:45:00+02:00,63.8024040273967,-0.02
2025-10-25 08:00:00+02:00,17.41014948331167,3.87
2025-10-25 08:15:00+02:00,25.76441249971863,3.23
2025-10-25 08:30:00+02:00,25.6167881838214,4.24
2025-10-25 08:45:00+02:00,21.294005459703826,4.64
2025-10-25 09:00:00+02:00,38.57897791341988,8.46
2025-10-25 09:15:00+02:00,-3.902510484526772,7.32
2025-10-25 09:30:00+02:00,-18.139573712257857,7.08
2025-10-25 09:45:00+02:00,-50.72038050041134,7.47
2025-10-25 10:00:00+02:00,37.18230295209567,7.79
2025-10-25 10:15:00+02:00,31.52632107565865,7.45
2025-10-25 10:30:00+02:00,24.856589016826277,6.24
2025-10-25 10:45:00+02:00,18.390825551200763,5.43
2025-10-25 11:00:00+02:00,36.17171780755872,5.45
2025-10-25 11:15:00+02:00,32.56764047402762,3.58
2025-10-25 11:30:00+02:00,26.82693020618604,5.05
2025-10-25 11:45:00+02:00,22.34547641320303,4.98
2025-10-25 12:00:00+02:00,25.695402865445928,5.03
2025-10-25 12:15:00+02:00,24.67363991560545,5.87
2025-10-25 12:30:00+02:00,24.466925845556226,7.48
2025-10-25 12:45:00+02:00,23.05158237142809,6.0
2025-10-25 13:00:00+02:00,20.05396444248538,5.09
2025-10-25 13:15:00+02:00,16.70481053086721,4.07
2025-10-25 13:30:00+02:00,17.311088904079448,3.77
2025-10-25 13:45:00+02:00,16.401956803157237,4.55
2025-10-25 14:00:00+02:00,29.880161530306648,1.62
2025-10-25 14:15:00+02:00,33.15040003634902,2.5
2025-10-25 14:30:00+02:00,35.041868994527334,5.04
2025-10-25 14:45:00+02:00,39.08936271757673,6.96
2025-10-25 15:00:00+02:00,14.405681297644854,1.39
2025-10-25 15:15:00+02:00,26.54563658552079,4.96
2025-10-25 15:30:00+02:00,36.098085994278435,5.06
2025-10-25 15:45:00+02:00,43.87563648685121,4.37
2025-10-25 16:00:00+02:00,7.230177513092926,3.88
2025-10-25 16:15:00+02:00,16.40967412663221,5.05
2025-10-25 16:30:00+02:00,29.986468934566958,4.46
2025-10-25 16:45:00+02:00,47.810768618398846,8.84
2025-10-25 17:00:00+02:00,-16.21910474401868,10.09
2025-10-25 17:15:00+02:00,15.333079156704287,23.77
2025-10-25 17:30:00+02:00,41.59636857495883,31.55
2025-10-25 17:45:00+02:00,66.19936415066954,35.82
2025-10-25 18:00:00+02:00,65.40987239274646,48.75
2025-10-25 18:15:00+02:00,68.15947697227261,52.25
2025-10-25 18:30:00+02:00,77.78587833990699,60.0
2025-10-25 18:45:00+02:00,85.39504018406406,60.01
2025-10-25 19:00:00+02:00,83.00115289582368,66.19
2025-10-25 19:15:00+02:00,79.0621986698141,64.41
2025-10-25 19:30:00+02:00,75.8737005220548,60.0
2025-10-25 19:45:00+02:00,73.18368096980365,54.46
2025-10-25 20:00:00+02:00,73.07035662376921,58.09
2025-10-25 20:15:00+02:00,68.8538020667016,39.16
2025-10-25 20:30:00+02:00,63.58720595795599,30.87
2025-10-25 20:45:00+02:00,60.25025790787818,7.86
2025-10-25 21:00:00+02:00,77.32695640708464,32.53
2025-10-25 21:15:00+02:00,66.81522412989608,16.06
2025-10-25 21:30:00+02:00,53.05085730058835,5.07
2025-10-25 21:45:00+02:00,33.506421688282046,2.77
2025-10-25 22:00:00+02:00,65.62214453222535,21.83
2025-10-25 22:15:00+02:00,57.42965853325343,13.02
2025-10-25 22:30:00+02:00,54.55057203112842,17.65
2025-10-25 22:45:00+02:00,51.859975266066606,14.23
2025-10-25 23:00:00+02:00,56.11944381831204,13.2
2025-10-25 23:15:00+02:00,49.20450838058946,8.18
2025-10-25 23:30:00+02:00,48.183649489265484,7.01
2025-10-25 23:45:00+02:00,39.643165456417684,4.29
2025-10-26 00:00:00+02:00,26.799785563687863,7.17
2025-10-26 00:15:00+02:00,12.999346686581418,6.57
2025-10-26 00:30:00+02:00,9.749941582862348,4.29
2025-10-26 00:45:00+02:00,9.589666143526799,4.26
2025-10-26 01:00:00+02:00,7.5976034068353755,4.01
2025-10-26 01:15:00+02:00,5.936127601076947,3.76
2025-10-26 01:30:00+02:00,2.3741352856562514,3.75
2025-10-26 01:45:00+02:00,0.9773373329965978,3.27
2025-10-26 02:00:00+02:00,-5.055994626541363,3.4400000000000004
2025-10-26 02:15:00+02:00,-5.493817557727482,2.915
2025-10-26 02:30:00+02:00,-9.310682716562184,2.58
2025-10-26 02:45:00+02:00,-10.599484993287604,1.475
2025-10-26 02:00:00+01:00,-21.968139593411777,1.23
2025-10-26 02:15:00+01:00,-20.303611624310165,0.04
2025-10-26 02:30:00+01:00,-13.517412469069228,0.1
2025-10-26 02:45:00+01:00,-19.6006574196128,0.0
2025-10-26 03:00:00+01:00,-35.889427943837575,0.2
2025-10-26 03:15:00+01:00,-38.22669629739876,0.1
2025-10-26 03:30:00+01:00,-40.08581219261889,0.1
2025-10-26 03:45:00+01:00,-41.1230781157705,0.01
2025-10-26 04:00:00+01:00,-63.6764048810693,0.12
2025-10-26 04:15:00+01:00,-54.336964228414956,0.1
2025-10-26 04:30:00+01:00,-45.35986494609568,0.1
2025-10-26 04:45:00+01:00,-24.05146822830102,0.1
2025-10-26 05:00:00+01:00,-108.28960146066731,0.0
2025-10-26 05:15:00+01:00,-52.26165268756694,0.03
2025-10-26 05:30:00+01:00,13.725791322301248,0.3
2025-10-26 05:45:00+01:00,18.374222085677744,0.1
2025-10-26 06:00:00+01:00,22.441635804497523,0.32
2025-10-26 06:15:00+01:00,29.832851670226333,0.1
2025-10-26 06:30:00+01:00,32.21535981752018,0.0
2025-10-26 06:45:00+01:00,-59.257046777037985,-0.01
2025-10-26 07:00:00+01:00,-6.825474035098765,0.01
2025-10-26 07:15:00+01:00,-45.13844440116458,0.0
2025-10-26 07:30:00+01:00,-55.7823763508061,-0.01
2025-10-26 07:45:00+01:00,-49.5093091353685,-0.04
2025-10-26 08:00:00+01:00,32.61892567438408,-0.04
2025-10-26 08:15:00+01:00,27.30150835247734,-0.07
2025-10-26 08:30:00+01:00,-0.1344996630803763,-0.09
2025-10-26 08:45:00+01:00,-14.863127268313335,-1.05
2025-10-26 09:00:00+01:00,16.276211074511636,-0.07
2025-10-26 09:15:00+01:00,13.35911607327246,-0.07
2025-10-26 09:30:00+01:00,9.959867900490949,-0.06
2025-10-26 09:45:00+01:00,6.173030471588945,-0.06
2025-10-26 10:00:00+01:00,14.00527017653473,-0.09
2025-10-26 10:15:00+01:00,12.069912708123972,-0.08
2025-10-26 10:30:00+01:00,10.153301469163438,-0.07
2025-10-26 10:45:00+01:00,0.2359890420444657,-0.08
2025-10-26 11:00:00+01:00,2.4483737428672043,-0.08
2025-10-26 11:15:00+01:00,-0.9705267131984243,-0.07
2025-10-26 11:30:00+01:00,0.2639503735594957,-0.05
2025-10-26 11:45:00+01:00,0.30945659254165747,-0.06
2025-10-26 12:00:00+01:00,1.245489808489232,-0.06
2025-10-26 12:15:00+01:00,2.158301099127698,-0.07
2025-10-26 12:30:00+01:00,1.7676671231939736,-1.0
2025-10-26 12:45:00+01:00,2.9222148504972765,-1.05
2025-10-26 13:00:00+01:00,10.424153268587816,-0.32
2025-10-26 13:15:00+01:00,10.248801872139836,-1.03
2025-10-26 13:30:00+01:00,11.310108646702844,-1.04
2025-10-26 13:45:00+01:00,14.182387804116367,-0.54
2025-10-26 14:00:00+01:00,15.296070495198897,-1.02
2025-10-26 14:15:00+01:00,22.172538673010152,-0.07
2025-10-26 14:30:00+01:00,26.824168170872355,0.0
2025-10-26 14:45:00+01:00,31.68598626877271,1.05
2025-10-26 15:00:00+01:00,25.95194892529539,-0.04
2025-10-26 15:15:00+01:00,26.500394861013547,0.1
2025-10-26 15:30:00+01:00,30.049269108196043,0.0
2025-10-26 15:45:00+01:00,34.4110230629762,12.09
2025-10-26 16:00:00+01:00,9.202900581654376,3.83
2025-10-26 16:15:00+01:00,20.318613816237374,27.51
2025-10-26 16:30:00+01:00,18.06189910499407,42.19
2025-10-26 16:45:00+01:00,26.07893924571046,46.48
2025-10-26 17:00:00+01:00,21.73342598047836,47.82
2025-10-26 17:15:00+01:00,27.01904687561121,43.86
2025-10-26 17:30:00+01:00,18.098278228844734,49.34
2025-10-26 17:45:00+01:00,17.53870299725301,27.07
2025-10-26 18:00:00+01:00,25.11574139239316,41.4
2025-10-26 18:15:00+01:00,21.999840102221754,39.7
2025-10-26 18:30:00+01:00,22.636033713776087,30.0
2025-10-26 18:45:00+01:00,15.621697270145702,27.82
2025-10-26 19:00:00+01:00,22.65600970329649,43.49
2025-10-26 19:15:00+01:00,19.216682684610802,17.91
2025-10-26 19:30:00+01:00,12.772613223030064,2.57
2025-10-26 19:45:00+01:00,12.864188814842962,2.6
2025-10-26 20:00:00+01:00,-77.59047407378763,3.88
2025-10-26 20:15:00+01:00,-92.32824175548521,2.66
2025-10-26 20:30:00+01:00,-94.8523409729748,3.17
2025-10-26 20:45:00+01:00,-108.5787328993987,2.55
2025-10-26 21:00:00+01:00,-56.34200374053236,14.06
2025-10-26 21:15:00+01:00,-64.39805707503564,11.43
2025-10-26 21:30:00+01:00,-66.4143214227156,22.63
2025-10-26 21:45:00+01:00,-67.06041294646216,11.51
2025-10-26 22:00:00+01:00,-59.472405540006136,2.56
2025-10-26 22:15:00+01:00,-74.3109770093407,9.13
2025-10-26 22:30:00+01:00,-80.05594690937717,5.39
2025-10-26 22:45:00+01:00,-89.67672373055734,3.16
2025-10-27 00:00:00+01:00,9.237395442800917,2.82
2025-10-27 00:15:00+01:00,2.4160199838369465,2.55
2025-10-27 00:30:00+01:00,1.8883881310192976,0.0
2025-10-27 00:45:00+01:00,8.296869475955745,0.0
2025-10-27 01:00:00+01:00,8.730145657656394,2.83
2025-10-27 01:15:00+01:00,0.5456279923989058,2.49
2025-10-27 01:30:00+01:00,6.2671691903552045,1.19
2025-10-27 01:45:00+01:00,-3.888224326470663,0.79
2025-10-27 02:00:00+01:00,-4.603694279979834,2.81
2025-10-27 02:15:00+01:00,-2.7833678877938297,1.38
2025-10-27 02:30:00+01:00,2.911415295340362,0.72
2025-10-27 02:45:00+01:00,0.4004497696047338,0.09
2025-10-27 03:00:00+01:00,-13.411636598440069,0.0
2025-10-27 03:15:00+01:00,-13.253021096321234,0.0
2025-10-27 03:30:00+01:00,-12.655321934284359,0.0
2025-10-27 03:45:00+01:00,-12.218742986951028,-0.01
2025-10-27 04:00:00+01:00,-6.898013025710469,-0.1
2025-10-27 04:15:00+01:00,-7.8032637272112595,0.0
2025-10-27 04:30:00+01:00,-9.984156905031654,1.07
2025-10-27 04:45:00+01:00,-12.32979046934841,4.26
2025-10-27 05:00:00+01:00,12.054770984694116,3.82
2025-10-27 05:15:00+01:00,11.10634492913286,4.27
2025-10-27 05:30:00+01:00,13.942590791963042,10.77
2025-10-27 05:45:00+01:00,22.544988218160753,24.27
2025-10-27 06:00:00+01:00,52.22104258828605,15.5
2025-10-27 06:15:00+01:00,74.0617720415163,36.2
2025-10-27 06:30:00+01:00,59.07852554680428,68.27
2025-10-27 06:45:00+01:00,63.50785272023666,100.03
2025-10-27 07:00:00+01:00,74.68323482677374,74.1
2025-10-27 07:15:00+01:00,77.07848049791994,89.68
2025-10-27 07:30:00+01:00,78.50908616486177,89.99
2025-10-27 07:45:00+01:00,97.19361251417959,90.49
2025-10-27 08:00:00+01:00,116.00425638522329,101.98
2025-10-27 08:15:00+01:00,100.23211207221932,101.7
2025-10-27 08:30:00+01:00,91.62690611711014,101.87
2025-10-27 08:45:00+01:00,85.46994353165036,95.04
2025-10-27 09:00:00+01:00,95.21009718090703,109.35
2025-10-27 09:15:00+01:00,86.34474752912007,105.01
2025-10-27 09:30:00+01:00,83.380136865337,100.97
2025-10-27 09:45:00+01:00,73.63472734615972,92.11
2025-10-27 10:00:00+01:00,86.1338414928012,105.0
2025-10-27 10:15:00+01:00,77.64280396296053,99.63
2025-10-27 10:30:00+01:00,73.114873518628,95.01
2025-10-27 10:45:00+01:00,68.86704011515891,87.31
2025-10-27 11:00:00+01:00,68.65939736095031,99.21
2025-10-27 11:15:00+01:00,63.278951598507895,97.53
2025-10-27 11:30:00+01:00,61.62039383487934,93.01
2025-10-27 11:45:00+01:00,57.666292097994926,88.78
2025-10-27 12:00:00+01:00,55.75540234932383,88.05
2025-10-27 12:15:00+01:00,55.38665707739212,80.05
2025-10-27 12:30:00+01:00,55.46560703913832,81.15
2025-10-27 12:45:00+01:00,55.79202628087952,81.54
2025-10-27 13:00:00+01:00,52.63671308230337,82.55
2025-10-27 13:15:00+01:00,53.50123464850486,82.17
2025-10-27 13:30:00+01:00,53.409190386194325,81.34
2025-10-27 13:45:00+01:00,51.20945818981701,78.43
2025-10-27 14:00:00+01:00,57.285107386776886,75.34
2025-10-27 14:15:00+01:00,59.85848460500317,80.39
2025-10-27 14:30:00+01:00,60.82754804616847,84.72
2025-10-27 14:45:00+01:00,62.148074183779045,92.94
2025-10-27 15:00:00+01:00,54.22685854964844,73.92
2025-10-27 15:15:00+01:00,62.10752743086483,73.99
2025-10-27 15:30:00+01:00,65.185771418582,87.3
2025-10-27 15:45:00+01:00,68.71650409374737,99.45
2025-10-27 16:00:00+01:00,65.86293718884926,87.3
2025-10-27 16:15:00+01:00,70.07530555665805,94.73
2025-10-27 16:30:00+01:00,70.69032989959406,103.89
2025-10-27 16:45:00+01:00,87.1447123704078,111.01
2025-10-27 17:00:00+01:00,87.30416423986168,100.52
2025-10-27 17:15:00+01:00,96.57117021921445,106.68
2025-10-27 17:30:00+01:00,91.81743431649312,113.06
2025-10-27 17:45:00+01:00,104.96887117685876,122.58
2025-10-27 18:00:00+01:00,87.58864930167081,114.27
2025-10-27 18:15:00+01:00,91.11456089196916,119.64
2025-10-27 18:30:00+01:00,95.85948318159531,136.43
2025-10-27 18:45:00+01:00,92.79735472785752,135.81
2025-10-27 19:00:00+01:00,86.7587807980246,136.77
2025-10-27 19:15:00+01:00,81.59840640170779,123.88
2025-10-27 19:30:00+01:00,80.15154779079488,102.93
2025-10-27 19:45:00+01:00,78.53807149747243,90.41
2025-10-27 20:00:00+01:00,81.47883607289128,104.98
2025-10-27 20:15:00+01:00,78.08151561690366,107.92
2025-10-27 20:30:00+01:00,69.63475467698325,92.68
2025-10-27 20:45:00+01:00,64.31032076398708,74.56
2025-10-27 21:00:00+01:00,75.69309458407987,88.9
2025-10-27 21:15:00+01:00,74.14878510835916,87.33
2025-10-27 21:30:00+01:00,69.73802347473985,72.52
2025-10-27 21:45:00+01:00,66.18043448201969,63.01
2025-10-27 22:00:00+01:00,72.60644852867367,83.93
2025-10-27 22:15:00+01:00,63.22496681791934,76.05
2025-10-27 22:30:00+01:00,63.21556154985555,76.19
2025-10-27 22:45:00+01:00,56.90375138628206,61.75
2025-10-27 23:00:00+01:00,42.98557782014924,80.0
2025-10-27 23:15:00+01:00,39.937284379333846,68.02
2025-10-27 23:30:00+01:00,39.39601331050331,55.61
2025-10-27 23:45:00+01:00,37.86466593234084,46.07
2025-10-28 00:00:00+01:00,71.565351765376,54.94
2025-10-28 00:15:00+01:00,64.1757569624671,51.65
2025-10-28 00:30:00+01:00,57.041580534339076,41.12
2025-10-28 00:45:00+01:00,49.67249910985579,28.73
2025-10-28 01:00:00+01:00,63.70243989705526,39.94
2025-10-28 01:15:00+01:00,57.28933923904987,28.49
2025-10-28 01:30:00+01:00,53.51176225328611,26.73
2025-10-28 01:45:00+01:00,48.87682254984837,20.37
2025-10-28 02:00:00+01:00,58.40706243329804,21.79
2025-10-28 02:15:00+01:00,48.97346484471565,18.07
2025-10-28 02:30:00+01:00,47.0073257646155,17.4
2025-10-28 02:45:00+01:00,45.46187303185931,16.91
2025-10-28 03:00:00+01:00,44.49452936161979,13.19
2025-10-28 03:15:00+01:00,46.72824114474652,10.03
2025-10-28 03:30:00+01:00,45.565785595032345,8.85
2025-10-28 03:45:00+01:00,45.35046887988357,8.82
2025-10-28 04:00:00+01:00,38.97436738015265,5.02
2025-10-28 04:15:00+01:00,39.09590629590422,6.43
2025-10-28 04:30:00+01:00,47.469938497324414,12.33
2025-10-28 04:45:00+01:00,53.05031381574938,20.03
2025-10-28 05:00:00+01:00,49.00907104470235,12.9
2025-10-28 05:15:00+01:00,51.54324637415018,15.49
2025-10-28 05:30:00+01:00,57.33689104883978,39.93
2025-10-28 05:45:00+01:00,64.80983087153291,53.31
2025-10-28 06:00:00+01:00,65.03808748022747,23.63
2025-10-28 06:15:00+01:00,79.64472048438374,56.05
2025-10-28 06:30:00+01:00,84.93615658407619,74.52
2025-10-28 06:45:00+01:00,89.4174767614185,83.89
2025-10-28 07:00:00+01:00,96.48993740544232,85.93
2025-10-28 07:15:00+01:00,102.05400887524566,83.78
2025-10-28 07:30:00+01:00,105.35047119336846,77.07
2025-10-28 07:45:00+01:00,104.11772016930293,74.75
2025-10-28 08:00:00+01:00,134.592150797734,99.59
2025-10-28 08:15:00+01:00,123.28645942589141,90.63
2025-10-28 08:30:00+01:00,112.31576527366818,84.76
2025-10-28 08:45:00+01:00,104.01768300498348,82.6
2025-10-28 09:00:00+01:00,122.25942271030243,98.48
2025-10-28 09:15:00+01:00,128.57197867443162,89.91
2025-10-28 09:30:00+01:00,112.71416158813915,84.17
2025-10-28 09:45:00+01:00,101.28638250883633,76.9
2025-10-28 10:00:00+01:00,114.07503074863311,92.91
2025-10-28 10:15:00+01:00,105.49400884600082,81.7
2025-10-28 10:30:00+01:00,94.476736248263,77.58
2025-10-28 10:45:00+01:00,89.32625895630993,71.82
2025-10-28 11:00:00+01:00,111.49342350865717,78.61
2025-10-28 11:15:00+01:00,103.77930210399373,75.21
2025-10-28 11:30:00+01:00,100.07214184197052,74.04
2025-10-28 11:45:00+01:00,95.8228165235127,73.8
2025-10-28 12:00:00+01:00,90.91514724092282,73.34
2025-10-28 12:15:00+01:00,97.91776378340361,68.04
2025-10-28 12:30:00+01:00,98.48564226068945,65.81
2025-10-28 12:45:00+01:00,89.66715243893654,63.05
2025-10-28 13:00:00+01:00,74.16224070094013,65.17
2025-10-28 13:15:00+01:00,73.17885214756613,62.75
2025-10-28 13:30:00+01:00,79.16976237078708,61.25
2025-10-28 13:45:00+01:00,78.10443345158669,60.04
2025-10-28 14:00:00+01:00,73.59412599409505,56.8
2025-10-28 14:15:00+01:00,77.52530765299716,61.87
2025-10-28 14:30:00+01:00,82.65820788093485,68.4
2025-10-28 14:45:00+01:00,87.53410847859047,70.61
2025-10-28 15:00:00+01:00,85.02119915206426,46.06
2025-10-28 15:15:00+01:00,91.48848161493248,79.71
2025-10-28 15:30:00+01:00,95.57208681151042,84.94
2025-10-28 15:45:00+01:00,106.93156117637555,81.68
2025-10-28 16:00:00+01:00,88.88752617723826,68.12
2025-10-28 16:15:00+01:00,97.58917560377975,84.21
2025-10-28 16:30:00+01:00,114.85285101185029,79.22
2025-10-28 16:45:00+01:00,123.08590508514999,88.74
2025-10-28 17:00:00+01:00,91.02602644721989,81.39
2025-10-28 17:15:00+01:00,106.3008219613374,90.07
2025-10-28 17:30:00+01:00,125.86210406489299,99.84
2025-10-28 17:45:00+01:00,173.05141267101763,104.03
2025-10-28 18:00:00+01:00,110.44215809084834,106.56
2025-10-28 18:15:00+01:00,116.38563380385193,107.74
2025-10-28 18:30:00+01:00,129.72302269368228,115.35
2025-10-28 18:45:00+01:00,131.54494443616156,111.27
2025-10-28 19:00:00+01:00,100.64644420186166,112.79
2025-10-28 19:15:00+01:00,97.37248288381785,109.01
2025-10-28 19:30:00+01:00,89.36910036156843,104.73
2025-10-28 19:45:00+01:00,83.21189413397107,101.12
2025-10-28 20:00:00+01:00,81.54085705765416,100.3
2025-10-28 20:15:00+01:00,80.02671967996008,92.97
2025-10-28 20:30:00+01:00,73.78824820757993,87.91
2025-10-28 20:45:00+01:00,69.40967631749541,86.52
2025-10-28 21:00:00+01:00,92.57150993368285,89.67
2025-10-28 21:15:00+01:00,85.6618916461862,85.88
2025-10-28 21:30:00+01:00,75.5734530318569,78.36
2025-10-28 21:45:00+01:00,60.708995710316444,69.44
2025-10-28 22:00:00+01:00,81.56391180151928,87.36
2025-10-28 22:15:00+01:00,71.71946532106473,77.27
2025-10-28 22:30:00+01:00,68.86334745728328,77.04
2025-10-28 22:45:00+01:00,62.60822267928273,76.65
2025-10-28 23:00:00+01:00,74.29128871733306,78.01
2025-10-28 23:15:00+01:00,61.77732990719139,73.46
2025-10-28 23:30:00+01:00,58.49146747635977,74.59
2025-10-28 23:45:00+01:00,54.91318472866661,66.83
2025-10-29 00:00:00+01:00,68.81748066252712,65.83
2025-10-29 00:15:00+01:00,68.95048150176315,62.1
2025-10-29 00:30:00+01:00,66.29335178625514,55.9
2025-10-29 00:45:00+01:00,64.3079576348324,51.38
2025-10-29 01:00:00+01:00,65.4587740141356,57.96
2025-10-29 01:15:00+01:00,63.65931575577444,53.66
2025-10-29 01:30:00+01:00,62.93146920516418,53.02
2025-10-29 01:45:00+01:00,61.89667169565689,51.5
2025-10-29 02:00:00+01:00,63.85316549677523,53.21
2025-10-29 02:15:00+01:00,63.0536795253245,52.59
2025-10-29 02:30:00+01:00,64.6265623313738,55.54
2025-10-29 02:45:00+01:00,63.96052484779754,55.28
2025-10-29 03:00:00+01:00,65.5432018384598,57.35
2025-10-29 03:15:00+01:00,64.80978558966049,57.6
2025-10-29 03:30:00+01:00,64.85445535403804,56.18
2025-10-29 03:45:00+01:00,64.03736461611209,54.26
2025-10-29 04:00:00+01:00,66.37222698219249,48.64
2025-10-29 04:15:00+01:00,66.72637633811766,53.06
2025-10-29 04:30:00+01:00,68.38809326772649,56.34
2025-10-29 04:45:00+01:00,70.31602687315095,60.86
2025-10-29 05:00:00+01:00,71.32781413087616,51.67
2025-10-29 05:15:00+01:00,72.93472694233157,58.77
2025-10-29 05:30:00+01:00,76.87038725898555,73.29
2025-10-29 05:45:00+01:00,77.67579633908178,82.74
2025-10-29 06:00:00+01:00,82.05041683556504,64.35
2025-10-29 06:15:00+01:00,92.03265108888966,87.11
2025-10-29 06:30:00+01:00,94.34562097262625,99.76
2025-10-29 06:45:00+01:00,95.85896229866691,130.51
2025-10-29 07:00:00+01:00,108.08024549340593,104.81
2025-10-29 07:15:00+01:00,109.94292279170992,110.95
2025-10-29 07:30:00+01:00,110.99697717943558,110.41
2025-10-29 07:45:00+01:00,110.72256274476892,103.96
2025-10-29 08:00:00+01:00,130.02294003779798,120.34
2025-10-29 08:15:00+01:00,125.6023479143733,108.57
2025-10-29 08:30:00+01:00,115.61367506424715,97.15
2025-10-29 08:45:00+01:00,110.19154020451693,75.0
2025-10-29 09:00:00+01:00,108.17442414480435,108.09
2025-10-29 09:15:00+01:00,103.71160329247002,91.25
2025-10-29 09:30:00+01:00,101.50551712505656,75.1
2025-10-29 09:45:00+01:00,90.1615400281288,68.78
2025-10-29 10:00:00+01:00,85.23034283173673,82.13
2025-10-29 10:15:00+01:00,78.20631151433835,71.67
2025-10-29 10:30:00+01:00,71.94757324521909,68.57
2025-10-29 10:45:00+01:00,71.40788253353469,65.44
2025-10-29 11:00:00+01:00,57.23182497979266,70.94
2025-10-29 11:15:00+01:00,45.20381254066922,69.51
2025-10-29 11:30:00+01:00,39.724572863832094,70.05
2025-10-29 11:45:00+01:00,31.848593472864984,70.35
2025-10-29 12:00:00+01:00,52.49201654793256,64.7
2025-10-29 12:15:00+01:00,50.561622729662155,68.9
2025-10-29 12:30:00+01:00,43.08999325540043,71.57
2025-10-29 12:45:00+01:00,42.846605078563705,78.18
2025-10-29 13:00:00+01:00,62.502177236261346,70.07
2025-10-29 13:15:00+01:00,60.2662423549371,74.88
2025-10-29 13:30:00+01:00,58.76510466600922,75.64
2025-10-29 13:45:00+01:00,57.105225616780004,87.86
2025-10-29 14:00:00+01:00,62.270121559399755,60.03
2025-10-29 14:15:00+01:00,67.42336115504781,80.0
2025-10-29 14:30:00+01:00,71.49764494784053,100.2
2025-10-29 14:45:00+01:00,77.48785058714739,115.18
2025-10-29 15:00:00+01:00,83.78625451149782,94.81
2025-10-29 15:15:00+01:00,88.17549248160068,106.55
2025-10-29 15:30:00+01:00,100.20424770930606,125.06
2025-10-29 15:45:00+01:00,108.93561352010323,139.01
2025-10-29 16:00:00+01:00,101.51746090847487,115.55
2025-10-29 16:15:00+01:00,106.97591624736157,122.58
2025-10-29 16:30:00+01:00,119.99093572022927,124.91
2025-10-29 16:45:00+01:00,133.0891218199606,141.89
2025-10-29 17:00:00+01:00,121.78468358181067,128.83
2025-10-29 17:15:00+01:00,133.63926568316964,121.9
2025-10-29 17:30:00+01:00,153.22009487976385,128.45
2025-10-29 17:45:00+01:00,182.96847267108262,128.72
2025-10-29 18:00:00+01:00,137.1507545344013,122.68
2025-10-29 18:15:00+01:00,142.8629254676389,124.55
2025-10-29 18:30:00+01:00,152.33225493615936,132.45
2025-10-29 18:45:00+01:00,149.76179502447792,135.29
2025-10-29 19:00:00+01:00,134.05607535943278,128.24
2025-10-29 19:15:00+01:00,134.55893533549965,114.92
2025-10-29 19:30:00+01:00,131.5618576631618,111.55
2025-10-29 19:45:00+01:00,129.23302611729738,99.46
2025-10-29 20:00:00+01:00,124.3135947726513,108.09
2025-10-29 20:15:00+01:00,122.21607042991569,102.57
2025-10-29 20:30:00+01:00,118.9016881454155,101.0
2025-10-29 20:45:00+01:00,117.08963293624163,98.94
2025-10-29 21:00:00+01:00,113.33585845193524,101.96
2025-10-29 21:15:00+01:00,108.75483353406416,101.92
2025-10-29 21:30:00+01:00,103.3910274346138,98.32
2025-10-29 21:45:00+01:00,99.99930424926723,83.81
2025-10-29 22:00:00+01:00,104.44637349806938,105.43
2025-10-29 22:15:00+01:00,98.86378610320004,102.16
2025-10-29 22:30:00+01:00,98.40810795703402,89.64
2025-10-29 22:45:00+01:00,95.08348102659204,80.46
2025-10-29 23:00:00+01:00,92.9863261688824,94.64
2025-10-29 23:15:00+01:00,91.06997376250024,87.36
2025-10-29 23:30:00+01:00,90.75730995872107,85.13
2025-10-29 23:45:00+01:00,86.92003431848869,81.44
2025-10-30 00:00:00+01:00,88.92044183656301,90.0
2025-10-30 00:15:00+01:00,86.45398895636664,77.0
2025-10-30 00:30:00+01:00,79.86521618751979,72.12
2025-10-30 00:45:00+01:00,77.61715588426706,61.86
2025-10-30 01:00:00+01:00,81.08931743489056,78.78
2025-10-30 01:15:00+01:00,79.0545559209337,68.01
2025-10-30 01:30:00+01:00,75.83761420692682,68.38
2025-10-30 01:45:00+01:00,74.48607683158575,65.25
2025-10-30 02:00:00+01:00,77.01470405897004,67.45
2025-10-30 02:15:00+01:00,73.18396255783973,64.23
2025-10-30 02:30:00+01:00,71.40083883976939,66.79
2025-10-30 02:45:00+01:00,70.4790424261769,63.63
2025-10-30 03:00:00+01:00,68.39268845096282,67.07
2025-10-30 03:15:00+01:00,66.99759064285628,64.47
2025-10-30 03:30:00+01:00,64.35613262672257,59.36
2025-10-30 03:45:00+01:00,63.019405658355936,50.77
2025-10-30 04:00:00+01:00,62.05303969922862,63.06
2025-10-30 04:15:00+01:00,61.855737946701844,55.8
2025-10-30 04:30:00+01:00,64.29637401272933,54.65
2025-10-30 04:45:00+01:00,66.89746122718314,55.1
2025-10-30 05:00:00+01:00,68.15895029193334,53.17
2025-10-30 05:15:00+01:00,69.11842015675822,59.1
2025-10-30 05:30:00+01:00,71.9189509717025,61.65
2025-10-30 05:45:00+01:00,76.04588471814276,66.13
2025-10-30 06:00:00+01:00,62.35479737592415,60.6
2025-10-30 06:15:00+01:00,80.95962676019323,67.56
2025-10-30 06:30:00+01:00,84.04603586018008,72.35
2025-10-30 06:45:00+01:00,89.17406315558073,76.2
2025-10-30 07:00:00+01:00,96.24592538617856,70.39
2025-10-30 07:15:00+01:00,98.78085337052832,81.57
2025-10-30 07:30:00+01:00,100.86304841366943,85.2
2025-10-30 07:45:00+01:00,102.0867211692582,82.59
2025-10-30 08:00:00+01:00,92.28040618197639,98.84
2025-10-30 08:15:00+01:00,94.75407171463004,86.35
2025-10-30 08:30:00+01:00,87.71536241634162,88.33
2025-10-30 08:45:00+01:00,76.5878307126992,67.67
2025-10-30 09:00:00+01:00,96.90384609795343,87.82
2025-10-30 09:15:00+01:00,87.51344619900463,74.6
2025-10-30 09:30:00+01:00,83.62162990096519,58.72
2025-10-30 09:45:00+01:00,72.59367333140504,45.75
2025-10-30 10:00:00+01:00,66.54966350995115,77.57
2025-10-30 10:15:00+01:00,53.67433698608425,58.85
2025-10-30 10:30:00+01:00,41.701548633564336,30.15
2025-10-30 10:45:00+01:00,38.47733000023188,5.04
2025-10-30 11:00:00+01:00,38.87425412212423,13.6
2025-10-30 11:15:00+01:00,15.334971399724331,13.39
2025-10-30 11:30:00+01:00,23.81730467020899,1.34
2025-10-30 11:45:00+01:00,-6.548453575434664,0.0
2025-10-30 12:00:00+01:00,18.939920378027914,0.0
2025-10-30 12:15:00+01:00,30.966489762146594,0.0
2025-10-30 12:30:00+01:00,33.13545750418285,-0.01
2025-10-30 12:45:00+01:00,13.280727372049483,0.0
2025-10-30 13:00:00+01:00,21.59295492278287,-0.04
2025-10-30 13:15:00+01:00,17.78905578736067,-0.03
2025-10-30 13:30:00+01:00,7.7674129267121685,-0.01
2025-10-30 13:45:00+01:00,7.1015260844217565,0.09
2025-10-30 14:00:00+01:00,15.005425294693168,0.1
2025-10-30 14:15:00+01:00,22.6322353316567,16.07
2025-10-30 14:30:00+01:00,26.423493751235508,47.13
2025-10-30 14:45:00+01:00,33.28177662315146,61.87
2025-10-30 15:00:00+01:00,37.561137990799566,20.18
2025-10-30 15:15:00+01:00,43.75082003405998,52.45
2025-10-30 15:30:00+01:00,53.577885417984895,88.59
2025-10-30 15:45:00+01:00,68.0651759562101,117.98
2025-10-30 16:00:00+01:00,44.54860788301954,43.76
2025-10-30 16:15:00+01:00,51.62789957809902,72.47
2025-10-30 16:30:00+01:00,76.34459960236678,97.76
2025-10-30 16:45:00+01:00,78.81738709279571,127.19
2025-10-30 17:00:00+01:00,94.98426052280335,105.58
2025-10-30 17:15:00+01:00,115.90820513306788,112.78
2025-10-30 17:30:00+01:00,119.13476051775818,121.01
2025-10-30 17:45:00+01:00,127.99718225933974,132.35
2025-10-30 18:00:00+01:00,128.06449940772725,116.29
2025-10-30 18:15:00+01:00,127.8582929872408,116.86
2025-10-30 18:30:00+01:00,130.6618192958104,118.74
2025-10-30 18:45:00+01:00,131.08032399163605,118.9
2025-10-30 19:00:00+01:00,124.74442450586069,121.27
2025-10-30 19:15:00+01:00,124.58154940323115,118.5
2025-10-30 19:30:00+01:00,133.12477372327484,118.47
2025-10-30 19:45:00+01:00,129.84986799932548,112.45
2025-10-30 20:00:00+01:00,139.31224055906637,118.31
2025-10-30 20:15:00+01:00,137.69068287385954,106.71
2025-10-30 20:30:00+01:00,135.16984067007493,105.19
2025-10-30 20:45:00+01:00,132.0242144367963,90.94
2025-10-30 21:00:00+01:00,117.57204288152862,108.04
2025-10-30 21:15:00+01:00,113.51324073840651,103.71
2025-10-30 21:30:00+01:00,114.03832524601371,97.97
2025-10-30 21:45:00+01:00,109.95706490030636,82.42
2025-10-30 22:00:00+01:00,115.87086912909196,106.91
2025-10-30 22:15:00+01:00,110.86421732212402,100.16
2025-10-30 22:30:00+01:00,107.59712510420984,100.54
2025-10-30 22:45:00+01:00,104.37575082029436,86.15
2025-10-30 23:00:00+01:00,102.14225397275615,105.03
2025-10-30 23:15:00+01:00,96.97472200939276,91.48
2025-10-30 23:30:00+01:00,96.31975531211985,79.75
2025-10-30 23:45:00+01:00,94.2910864054384,63.07
2025-10-31 00:00:00+01:00,97.84250073811329,102.81
2025-10-31 00:15:00+01:00,90.07649853523154,89.76
2025-10-31 00:30:00+01:00,81.6937445523648,81.66
2025-10-31 00:45:00+01:00,72.79848948678261,76.73
2025-10-31 01:00:00+01:00,88.7863833163713,87.49
2025-10-31 01:15:00+01:00,82.50412109269695,82.05
2025-10-31 01:30:00+01:00,78.38187991782551,74.0
2025-10-31 01:45:00+01:00,74.03504267210786,69.09
2025-10-31 02:00:00+01:00,87.45569966239611,80.93
2025-10-31 02:15:00+01:00,77.70899591096739,73.07
2025-10-31 02:30:00+01:00,77.37309156082692,73.0
2025-10-31 02:45:00+01:00,76.0340592256961,71.96
2025-10-31 03:00:00+01:00,76.32212084093237,71.05
2025-10-31 03:15:00+01:00,78.05811642684138,72.7
2025-10-31 03:30:00+01:00,77.94703686541992,78.15
2025-10-31 03:45:00+01:00,76.18430838081586,80.8
2025-10-31 04:00:00+01:00,73.91493409970955,72.26
2025-10-31 04:15:00+01:00,73.86805430791108,74.82
2025-10-31 04:30:00+01:00,80.07847713329394,87.36
2025-10-31 04:45:00+01:00,85.16642186286285,84.61
2025-10-31 05:00:00+01:00,77.13250942519902,83.15
2025-10-31 05:15:00+01:00,79.94473831263497,85.12
2025-10-31 05:30:00+01:00,87.06653141160302,98.06
2025-10-31 05:45:00+01:00,93.06644892681817,100.97
2025-10-31 06:00:00+01:00,98.66786991482348,101.23
2025-10-31 06:15:00+01:00,98.92714750281922,120.92
2025-10-31 06:30:00+01:00,108.2969013097937,129.3
2025-10-31 06:45:00+01:00,111.460652906279,130.09
2025-10-31 07:00:00+01:00,112.81640557871353,124.3
2025-10-31 07:15:00+01:00,117.00871547934568,129.62
2025-10-31 07:30:00+01:00,117.90922327109855,117.5
2025-10-31 07:45:00+01:00,118.32813602682056,106.87
2025-10-31 08:00:00+01:00,116.2920255768765,135.99
2025-10-31 08:15:00+01:00,101.43133701311525,117.05
2025-10-31 08:30:00+01:00,94.84310409579113,98.37
2025-10-31 08:45:00+01:00,77.56755394932085,83.65
2025-10-31 09:00:00+01:00,109.7966534741861,108.21
2025-10-31 09:15:00+01:00,94.65972206262944,86.27
2025-10-31 09:30:00+01:00,86.13328962393534,71.42
2025-10-31 09:45:00+01:00,78.07814206328128,66.15
2025-10-31 10:00:00+01:00,89.64166546960078,79.45
2025-10-31 10:15:00+01:00,71.06280689050948,76.26
2025-10-31 10:30:00+01:00,59.36687935312223,75.02
2025-10-31 10:45:00+01:00,49.865712911709224,71.95
2025-10-31 11:00:00+01:00,60.895714693561565,75.08
2025-10-31 11:15:00+01:00,55.874422730156574,73.87
2025-10-31 11:30:00+01:00,50.581193128134494,73.0
2025-10-31 11:45:00+01:00,44.7008577350918,74.4
2025-10-31 12:00:00+01:00,48.283526984774184,71.47
2025-10-31 12:15:00+01:00,40.638196012294046,71.89
2025-10-31 12:30:00+01:00,38.88787950093136,78.92
2025-10-31 12:45:00+01:00,41.79685406743899,81.68
2025-10-31 13:00:00+01:00,38.74106130748686,75.2
2025-10-31 13:15:00+01:00,37.192455285277546,79.99
2025-10-31 13:30:00+01:00,41.662334230558564,85.35
2025-10-31 13:45:00+01:00,39.896871034617746,96.29
2025-10-31 14:00:00+01:00,41.36176563149495,79.49
2025-10-31 14:15:00+01:00,47.74944720451921,99.75
2025-10-31 14:30:00+01:00,60.19572475925669,115.58
2025-10-31 14:45:00+01:00,70.00604741914614,131.98
2025-10-31 15:00:00+01:00,70.31019017348791,107.25
2025-10-31 15:15:00+01:00,83.04064426189778,123.17
2025-10-31 15:30:00+01:00,100.3316935061026,138.94
2025-10-31 15:45:00+01:00,108.68523278890089,138.95
2025-10-31 16:00:00+01:00,95.71374202421688,133.9
2025-10-31 16:15:00+01:00,107.94809516820568,132.72
2025-10-31 16:30:00+01:00,121.37144664368876,133.9
2025-10-31 16:45:00+01:00,147.21113417329144,127.67
2025-10-31 17:00:00+01:00,101.53564726255027,134.49
2025-10-31 17:15:00+01:00,113.52176778301123,126.51
2025-10-31 17:30:00+01:00,132.70089727633962,122.64
2025-10-31 17:45:00+01:00,155.05288985124446,105.06
2025-10-31 18:00:00+01:00,131.97662457231377,127.01
2025-10-31 18:15:00+01:00,131.5956985356152,116.51
2025-10-31 18:30:00+01:00,131.44334166909206,100.98
2025-10-31 18:45:00+01:00,131.40031480085983,84.62
2025-10-31 19:00:00+01:00,122.04116043248551,97.25
2025-10-31 19:15:00+01:00,118.02937379963879,84.65
2025-10-31 19:30:00+01:00,126.74157960576416,93.63
2025-10-31 19:45:00+01:00,124.8109372818402,84.49
2025-10-31 20:00:00+01:00,122.513202593291,99.41
2025-10-31 20:15:00+01:00,120.88471380872038,91.24
2025-10-31 20:30:00+01:00,116.8540771177955,80.88
2025-10-31 20:45:00+01:00,112.64110688338381,72.66
2025-10-31 21:00:00+01:00,103.20144936635866,97.81
2025-10-31 21:15:00+01:00,96.93777316522426,90.15
2025-10-31 21:30:00+01:00,90.62596596724515,85.87
2025-10-31 21:45:00+01:00,78.23420510377306,76.03
2025-10-31 22:00:00+01:00,99.62765455689548,94.91
2025-10-31 22:15:00+01:00,91.18924711026847,84.16
2025-10-31 22:30:00+01:00,85.18397581890005,79.78
2025-10-31 22:45:00+01:00,79.17839351655991,68.53
2025-10-31 23:00:00+01:00,89.98466345440967,97.16
2025-10-31 23:15:00+01:00,81.17318038704398,75.23
2025-10-31 23:30:00+01:00,77.33329011878612,55.65
2025-10-31 23:45:00+01:00,68.52144467769313,42.37
2025-11-01 00:00:00+01:00,89.35774636323467,63.5
2025-11-01 00:15:00+01:00,75.9195759760809,53.67
2025-11-01 00:30:00+01:00,67.88782378345645,52.37
2025-11-01 00:45:00+01:00,54.97251403477493,49.29
2025-11-01 01:00:00+01:00,76.12201937068409,52.32
2025-11-01 01:15:00+01:00,64.90916761363955,44.57
2025-11-01 01:30:00+01:00,57.91145993667962,32.23
2025-11-01 01:45:00+01:00,52.52649507755634,23.34
2025-11-01 02:00:00+01:00,69.55362606048602,29.31
2025-11-01 02:15:00+01:00,55.47455795426933,24.13
2025-11-01 02:30:00+01:00,50.370699632587744,33.96
2025-11-01 02:45:00+01:00,50.577296797600965,25.69
2025-11-01 03:00:00+01:00,46.95233208696164,50.25
2025-11-01 03:15:00+01:00,48.171042528814496,31.33
2025-11-01 03:30:00+01:00,51.67684562335777,20.09
2025-11-01 03:45:00+01:00,52.06028076874245,18.16
2025-11-01 04:00:00+01:00,47.57397603238664,21.17
2025-11-01 04:15:00+01:00,46.01608258785499,22.48
2025-11-01 04:30:00+01:00,61.56245473541188,20.44
2025-11-01 04:45:00+01:00,65.62792178409225,15.52
2025-11-01 05:00:00+01:00,45.12904091007749,15.61
2025-11-01 05:15:00+01:00,50.87054929522045,24.04
2025-11-01 05:30:00+01:00,64.35496835587958,11.41
2025-11-01 05:45:00+01:00,72.33206652883428,10.25
2025-11-01 06:00:00+01:00,8.147687124467097,14.96
2025-11-01 06:15:00+01:00,66.45954618638896,11.44
2025-11-01 06:30:00+01:00,77.49225233617658,11.17
2025-11-01 06:45:00+01:00,79.01576731944125,8.94
2025-11-01 07:00:00+01:00,75.77311972253959,21.14
2025-11-01 07:15:00+01:00,76.20906579692482,16.17
2025-11-01 07:30:00+01:00,75.09374332796267,13.01
2025-11-01 07:45:00+01:00,76.06328822589711,20.1
2025-11-01 08:00:00+01:00,84.21951451705357,45.58
2025-11-01 08:15:00+01:00,73.51750247117971,37.76
2025-11-01 08:30:00+01:00,36.22330530212784,22.06
2025-11-01 08:45:00+01:00,31.883254393601987,14.4
2025-11-01 09:00:00+01:00,68.08340926086676,45.74
2025-11-01 09:15:00+01:00,55.78898536085192,30.08
2025-11-01 09:30:00+01:00,36.12804296326613,19.44
2025-11-01 09:45:00+01:00,20.015413555619972,12.92
2025-11-01 10:00:00+01:00,58.89582752042644,23.72
2025-11-01 10:15:00+01:00,46.73345125980156,18.08
2025-11-01 10:30:00+01:00,38.08938229131251,16.4
2025-11-01 10:45:00+01:00,29.353240516012818,15.0
2025-11-01 11:00:00+01:00,56.92650019386981,15.0
2025-11-01 11:15:00+01:00,56.525448191781905,15.06
2025-11-01 11:30:00+01:00,53.701381927389704,15.0
2025-11-01 11:45:00+01:00,50.65940053826347,17.97
2025-11-01 12:00:00+01:00,49.71510812265405,14.85
2025-11-01 12:15:00+01:00,45.71399670641924,18.0
2025-11-01 12:30:00+01:00,46.51372633316885,24.78
2025-11-01 12:45:00+01:00,46.54875493923544,26.43
2025-11-01 13:00:00+01:00,59.2257850677131,20.25
2025-11-01 13:15:00+01:00,59.26821217161613,25.51
2025-11-01 13:30:00+01:00,59.93182435579368,39.36
2025-11-01 13:45:00+01:00,60.58180219148116,41.84
2025-11-01 14:00:00+01:00,52.3817500275073,43.47
2025-11-01 14:15:00+01:00,61.1366606174242,56.26
2025-11-01 14:30:00+01:00,75.3391611652896,57.32
2025-11-01 14:45:00+01:00,79.29228687032307,58.96
2025-11-01 15:00:00+01:00,72.37460980328389,47.19
2025-11-01 15:15:00+01:00,81.6085567151417,57.23
2025-11-01 15:30:00+01:00,85.89732865120442,63.51
2025-11-01 15:45:00+01:00,84.47560153725142,68.36
2025-11-01 16:00:00+01:00,91.19555184624335,59.8
2025-11-01 16:15:00+01:00,97.39325998281497,74.87
2025-11-01 16:30:00+01:00,102.36246313260709,84.76
2025-11-01 16:45:00+01:00,112.92879725658204,86.91
2025-11-01 17:00:00+01:00,100.48402230318798,86.94
2025-11-01 17:15:00+01:00,103.6586276206799,89.24
2025-11-01 17:30:00+01:00,116.49659918478878,89.72
2025-11-01 17:45:00+01:00,115.97549035666847,89.26
2025-11-01 18:00:00+01:00,116.84992318991164,87.21
2025-11-01 18:15:00+01:00,113.59232724543375,91.0
2025-11-01 18:30:00+01:00,103.29281859296368,91.92
2025-11-01 18:45:00+01:00,94.5657641303801,86.09
2025-11-01 19:00:00+01:00,93.94481629430868,85.29
2025-11-01 19:15:00+01:00,88.81020334487648,88.22
2025-11-01 19:30:00+01:00,84.768762133492,86.06
2025-11-01 19:45:00+01:00,100.70814405307257,86.03
2025-11-01 20:00:00+01:00,108.9171216680266,90.11
2025-11-01 20:15:00+01:00,108.8875775052542,91.0
2025-11-01 20:30:00+01:00,106.94206685236279,86.93
2025-11-01 20:45:00+01:00,104.22423025705409,76.75
2025-11-01 21:00:00+01:00,98.35108835039115,86.94
2025-11-01 21:15:00+01:00,91.84534621991315,85.1
2025-11-01 21:30:00+01:00,84.24278721098094,81.19
2025-11-01 21:45:00+01:00,76.91744454484775,79.9
2025-11-01 22:00:00+01:00,97.31016604614142,87.04
2025-11-01 22:15:00+01:00,86.43315513981615,89.5
2025-11-01 22:30:00+01:00,83.25031805411295,82.49
2025-11-01 22:45:00+01:00,77.01530423805784,72.69
2025-11-01 23:00:00+01:00,89.20127659111196,85.73
2025-11-01 23:15:00+01:00,80.48266977384371,81.82
2025-11-01 23:30:00+01:00,75.41402645116646,72.29
2025-11-01 23:45:00+01:00,71.14735169319135,70.19
2025-11-02 00:00:00+01:00,77.26025000955042,58.1
2025-11-02 00:15:00+01:00,74.38876237433202,67.03
2025-11-02 00:30:00+01:00,71.03407095262388,65.7
2025-11-02 00:45:00+01:00,67.7042304459674,66.31
2025-11-02 01:00:00+01:00,71.28378778061102,62.34
2025-11-02 01:15:00+01:00,68.66156464069874,61.91
2025-11-02 01:30:00+01:00,64.83363642097815,57.42
2025-11-02 01:45:00+01:00,64.04353864423614,59.64
2025-11-02 02:00:00+01:00,70.13061747853236,60.82
2025-11-02 02:15:00+01:00,65.44955402422192,61.64
2025-11-02 02:30:00+01:00,66.2711966556583,60.11
2025-11-02 02:45:00+01:00,65.94498432885115,61.34
2025-11-02 03:00:00+01:00,68.44346560663621,61.98
2025-11-02 03:15:00+01:00,67.51071364720298,62.59
2025-11-02 03:30:00+01:00,66.59583057609359,64.15
2025-11-02 03:45:00+01:00,66.2540570310638,62.21
2025-11-02 04:00:00+01:00,65.37004235747338,62.64
2025-11-02 04:15:00+01:00,65.3694374314338,64.62
2025-11-02 04:30:00+01:00,68.54282239392546,66.55
2025-11-02 04:45:00+01:00,66.26209833887803,74.26
2025-11-02 05:00:00+01:00,69.30004517264851,66.09
2025-11-02 05:15:00+01:00,69.74986417748717,73.98
2025-11-02 05:30:00+01:00,72.63640797309516,64.93
2025-11-02 05:45:00+01:00,72.47208216485114,70.24
2025-11-02 06:00:00+01:00,67.77364913546907,61.28
2025-11-02 06:15:00+01:00,79.32063842773967,69.49
2025-11-02 06:30:00+01:00,81.87696280093428,73.3
2025-11-02 06:45:00+01:00,82.46516934238261,77.32
2025-11-02 07:00:00+01:00,80.142016864222,77.17
2025-11-02 07:15:00+01:00,82.7195804621906,74.59
2025-11-02 07:30:00+01:00,83.29390690911896,74.93
2025-11-02 07:45:00+01:00,81.08952081798344,75.43
2025-11-02 08:00:00+01:00,100.36115995105683,81.48
2025-11-02 08:15:00+01:00,98.6190544021914,80.07
2025-11-02 08:30:00+01:00,102.73945072671093,73.77
2025-11-02 08:45:00+01:00,98.56227546411971,73.16
2025-11-02 09:00:00+01:00,93.31955571691337,91.61
2025-11-02 09:15:00+01:00,104.91249977627373,77.57
2025-11-02 09:30:00+01:00,100.418216931847,75.62
2025-11-02 09:45:00+01:00,99.56944633754425,69.03
2025-11-02 10:00:00+01:00,76.82664455265757,81.6
2025-11-02 10:15:00+01:00,72.98290177363114,76.07
2025-11-02 10:30:00+01:00,72.47665056592986,72.26
2025-11-02 10:45:00+01:00,78.14366570677353,70.03
2025-11-02 11:00:00+01:00,64.73930116975677,75.39
2025-11-02 11:15:00+01:00,64.63753826112523,75.6
2025-11-02 11:30:00+01:00,63.47603973292996,75.07
2025-11-02 11:45:00+01:00,63.12156737327745,73.86
2025-11-02 12:00:00+01:00,60.11446023049556,73.94
2025-11-02 12:15:00+01:00,59.72874672327597,73.49
2025-11-02 12:30:00+01:00,58.63927343368195,73.3
2025-11-02 12:45:00+01:00,58.2660436382955,80.12
2025-11-02 13:00:00+01:00,54.87676266074065,76.4
2025-11-02 13:15:00+01:00,54.835578176139116,79.64
2025-11-02 13:30:00+01:00,55.65216516160451,85.57
2025-11-02 13:45:00+01:00,61.3732117526222,91.04
2025-11-02 14:00:00+01:00,60.384655718478555,82.83
2025-11-02 14:15:00+01:00,64.58409365798956,88.8
2025-11-02 14:30:00+01:00,69.335912066529,96.4
2025-11-02 14:45:00+01:00,72.02030450936313,102.17
2025-11-02 15:00:00+01:00,84.28397150066803,95.98
2025-11-02 15:15:00+01:00,87.80454913663299,106.51
2025-11-02 15:30:00+01:00,89.41929458488639,112.42
2025-11-02 15:45:00+01:00,91.20920137557904,127.7
2025-11-02 16:00:00+01:00,111.68501238078116,101.92
2025-11-02 16:15:00+01:00,106.04163772365834,110.99
2025-11-02 16:30:00+01:00,103.80074484696651,119.03
2025-11-02 16:45:00+01:00,100.48416442974143,134.07
2025-11-02 17:00:00+01:00,129.11095849248895,118.0
2025-11-02 17:15:00+01:00,140.50355793224546,131.39
2025-11-02 17:30:00+01:00,121.97118729448225,138.83
2025-11-02 17:45:00+01:00,121.0904520230185,140.07
2025-11-02 18:00:00+01:00,117.46726772218905,137.52
2025-11-02 18:15:00+01:00,115.55726289171236,135.71
2025-11-02 18:30:00+01:00,112.87187119683146,130.5
2025-11-02 18:45:00+01:00,109.7311070076684,117.9
2025-11-02 19:00:00+01:00,115.8253341613013,127.2
2025-11-02 19:15:00+01:00,114.86746990525354,125.14
2025-11-02 19:30:00+01:00,117.85733542032358,108.0
2025-11-02 19:45:00+01:00,116.51144915222356,94.09
2025-11-02 20:00:00+01:00,122.94339645208035,110.97
2025-11-02 20:15:00+01:00,123.3785759667921,104.42
2025-11-02 20:30:00+01:00,121.61350451423792,92.1
2025-11-02 20:45:00+01:00,118.06961791180774,86.91
2025-11-02 21:00:00+01:00,109.47321673031583,100.06
2025-11-02 21:15:00+01:00,107.53204907437328,94.08
2025-11-02 21:30:00+01:00,103.72056544056119,95.1
2025-11-02 21:45:00+01:00,102.08573281898798,92.08
2025-11-02 22:00:00+01:00,100.55020257058689,97.54
2025-11-02 22:15:00+01:00,97.63696161337377,95.91
2025-11-02 22:30:00+01:00,93.76963764108984,95.9
2025-11-02 22:45:00+01:00,90.45086117245344,83.36
2025-11-02 23:00:00+01:00,91.17972522502289,99.08
2025-11-02 23:15:00+01:00,86.47627255253349,85.47
2025-11-02 23:30:00+01:00,83.77768416151623,83.02
2025-11-02 23:45:00+01:00,82.41499676709377,72.6
2025-11-03 00:00:00+01:00,89.93743670674097,85.52
2025-11-03 00:15:00+01:00,83.62182865387756,82.41
2025-11-03 00:30:00+01:00,79.12450307970956,86.91
2025-11-03 00:45:00+01:00,75.0939117834031,74.92
2025-11-03 01:00:00+01:00,80.09695854273237,85.73
2025-11-03 01:15:00+01:00,75.533482894164,83.86
2025-11-03 01:30:00+01:00,73.43211881913227,78.12
2025-11-03 01:45:00+01:00,70.99556908834248,72.71
2025-11-03 02:00:00+01:00,73.35875064452858,85.12
2025-11-03 02:15:00+01:00,70.10608803198814,74.74
2025-11-03 02:30:00+01:00,70.13059571863201,72.91
2025-11-03 02:45:00+01:00,69.18434240433497,67.22
2025-11-03 03:00:00+01:00,69.87884974346692,74.43
2025-11-03 03:15:00+01:00,69.20784198654195,72.06
2025-11-03 03:30:00+01:00,69.00456128779739,72.91
2025-11-03 03:45:00+01:00,68.39115883423523,73.16
2025-11-03 04:00:00+01:00,65.2497625326728,72.91
2025-11-03 04:15:00+01:00,65.76894237051023,73.58
2025-11-03 04:30:00+01:00,70.42664083586851,77.18
2025-11-03 04:45:00+01:00,72.94782610241458,76.22
2025-11-03 05:00:00+01:00,71.78323300427039,72.75
2025-11-03 05:15:00+01:00,74.16740840516468,74.93
2025-11-03 05:30:00+01:00,79.70412331510907,80.33
2025-11-03 05:45:00+01:00,82.1057631864253,71.99
2025-11-03 06:00:00+01:00,72.9014067735929,72.42
2025-11-03 06:15:00+01:00,89.0210520808237,89.31
2025-11-03 06:30:00+01:00,96.50780409012229,112.68
2025-11-03 06:45:00+01:00,100.35576085686277,106.91
2025-11-03 07:00:00+01:00,103.41887507955477,113.67
2025-11-03 07:15:00+01:00,104.91007039584863,120.45
2025-11-03 07:30:00+01:00,107.1584490302024,119.79
2025-11-03 07:45:00+01:00,106.61992451714576,115.11
2025-11-03 08:00:00+01:00,127.98071882482057,139.25
2025-11-03 08:15:00+01:00,122.31137195884234,110.0
2025-11-03 08:30:00+01:00,112.03573094558601,90.08
2025-11-03 08:45:00+01:00,100.65343362125712,80.67
2025-11-03 09:00:00+01:00,124.01246366292808,103.89
2025-11-03 09:15:00+01:00,109.94729666961558,92.57
2025-11-03 09:30:00+01:00,105.25554402564828,79.73
2025-11-03 09:45:00+01:00,96.48379970762797,66.86
2025-11-03 10:00:00+01:00,104.4828359832227,95.04
2025-11-03 10:15:00+01:00,100.43765216731317,73.67
2025-11-03 10:30:00+01:00,110.30496775641703,68.59
2025-11-03 10:45:00+01:00,102.6233301710854,64.48
2025-11-03 11:00:00+01:00,91.41934344675083,73.35
2025-11-03 11:15:00+01:00,89.2149034387167,74.49
2025-11-03 11:30:00+01:00,83.4109002956804,67.03
2025-11-03 11:45:00+01:00,79.6522345918597,71.83
2025-11-03 12:00:00+01:00,72.62497700279529,69.95
2025-11-03 12:15:00+01:00,70.4565392044362,66.39
2025-11-03 12:30:00+01:00,67.18020809316018,67.17
2025-11-03 12:45:00+01:00,65.76345668976921,68.45
2025-11-03 13:00:00+01:00,73.54153274781382,66.23
2025-11-03 13:15:00+01:00,71.96861897914881,73.16
2025-11-03 13:30:00+01:00,75.02951302628105,74.84
2025-11-03 13:45:00+01:00,74.55429373465948,73.47
2025-11-03 14:00:00+01:00,72.82909694035561,64.13
2025-11-03 14:15:00+01:00,80.52582818378033,66.63
2025-11-03 14:30:00+01:00,86.58585726965109,74.77
2025-11-03 14:45:00+01:00,89.9785965303258,94.37
2025-11-03 15:00:00+01:00,74.09907191239715,68.07
2025-11-03 15:15:00+01:00,84.70067452870948,85.11
2025-11-03 15:30:00+01:00,94.26717431868911,84.38
2025-11-03 15:45:00+01:00,99.0637601171452,92.86
2025-11-03 16:00:00+01:00,67.23669718663064,85.06
2025-11-03 16:15:00+01:00,81.45298089637143,92.1
2025-11-03 16:30:00+01:00,94.32127897590358,90.09
2025-11-03 16:45:00+01:00,115.23888895063443,103.69
2025-11-03 17:00:00+01:00,91.47783891976444,96.21
2025-11-03 17:15:00+01:00,97.1024636485293,94.53
2025-11-03 17:30:00+01:00,102.83601997203547,87.4
2025-11-03 17:45:00+01:00,116.59918472773829,91.94
2025-11-03 18:00:00+01:00,108.6411420504631,92.37
2025-11-03 18:15:00+01:00,111.413520263075,88.6
2025-11-03 18:30:00+01:00,113.13060485703126,91.25
2025-11-03 18:45:00+01:00,109.12812511944277,90.0
2025-11-03 19:00:00+01:00,109.92360168613192,90.71
2025-11-03 19:15:00+01:00,106.4426062768442,86.8
2025-11-03 19:30:00+01:00,99.08593345368489,82.08
2025-11-03 19:45:00+01:00,88.58860129707375,66.71
2025-11-03 20:00:00+01:00,98.47156461063982,90.04
2025-11-03 20:15:00+01:00,93.28200276848487,70.52
2025-11-03 20:30:00+01:00,86.99433699965806,68.34
2025-11-03 20:45:00+01:00,82.37564529648773,57.63
2025-11-03 21:00:00+01:00,91.00700442469422,63.76
2025-11-03 21:15:00+01:00,86.77922519324774,56.73
2025-11-03 21:30:00+01:00,72.68289726326392,65.24
2025-11-03 21:45:00+01:00,61.113710959339215,54.3
2025-11-03 22:00:00+01:00,82.55764671769495,66.41
2025-11-03 22:15:00+01:00,73.18874909030404,54.42
2025-11-03 22:30:00+01:00,67.37923718183211,47.99
2025-11-03 22:45:00+01:00,57.024690377851975,42.03
2025-11-03 23:00:00+01:00,71.15203164071728,50.65
2025-11-03 23:15:00+01:00,58.648009762949975,26.03
2025-11-03 23:30:00+01:00,50.79522560267457,28.98
2025-11-03 23:45:00+01:00,43.14116690577772,9.2
2025-11-04 00:00:00+01:00,43.22804906185171,35.1
2025-11-04 00:15:00+01:00,32.23799339556129,15.07
2025-11-04 00:30:00+01:00,26.87625288694251,9.95
2025-11-04 00:45:00+01:00,22.638458989074778,6.0
2025-11-04 01:00:00+01:00,40.35811705900714,9.0
2025-11-04 01:15:00+01:00,32.41851853724979,6.72
2025-11-04 01:30:00+01:00,29.816854526043755,7.42
2025-11-04 01:45:00+01:00,26.111350590542585,5.89
2025-11-04 02:00:00+01:00,39.18037094841392,5.14
2025-11-04 02:15:00+01:00,33.38032117533645,4.35
2025-11-04 02:30:00+01:00,34.202720314812275,5.05
2025-11-04 02:45:00+01:00,31.361137836731658,5.16
2025-11-04 03:00:00+01:00,37.831660806484045,5.11
2025-11-04 03:15:00+01:00,37.83110123410834,5.16
2025-11-04 03:30:00+01:00,39.40533008407344,5.76
2025-11-04 03:45:00+01:00,40.189680937806564,9.22
2025-11-04 04:00:00+01:00,39.58456051759685,5.19
2025-11-04 04:15:00+01:00,42.03703078378046,5.17
2025-11-04 04:30:00+01:00,46.93286479001891,39.5
2025-11-04 04:45:00+01:00,49.29581134875069,34.93
2025-11-04 05:00:00+01:00,53.41758277357668,18.77
2025-11-04 05:15:00+01:00,56.99007046274895,56.16
2025-11-04 05:30:00+01:00,63.25843191637529,69.89
2025-11-04 05:45:00+01:00,66.73273051788046,88.91
2025-11-04 06:00:00+01:00,60.853295580070764,33.92
2025-11-04 06:15:00+01:00,81.77523366782135,79.62
2025-11-04 06:30:00+01:00,87.442116426105,99.44
2025-11-04 06:45:00+01:00,90.5211834861963,111.17
2025-11-04 07:00:00+01:00,98.5364883434456,106.88
2025-11-04 07:15:00+01:00,101.46295635600998,124.53
2025-11-04 07:30:00+01:00,103.82227078606134,118.01
2025-11-04 07:45:00+01:00,104.24096711397154,107.81
2025-11-04 08:00:00+01:00,104.67915021363906,130.78
2025-11-04 08:15:00+01:00,102.71930950483284,121.44
2025-11-04 08:30:00+01:00,94.79983399660199,102.96
2025-11-04 08:45:00+01:00,83.57854695660772,84.82
2025-11-04 09:00:00+01:00,91.69726272612402,98.0
2025-11-04 09:15:00+01:00,80.48495010215457,96.04
2025-11-04 09:30:00+01:00,74.56048995722416,72.95
2025-11-04 09:45:00+01:00,69.84983032803342,56.4
2025-11-04 10:00:00+01:00,68.05780190540736,73.02
2025-11-04 10:15:00+01:00,62.17559563600092,60.64
2025-11-04 10:30:00+01:00,57.09437654265346,57.45
2025-11-04 10:45:00+01:00,57.88137921727865,51.48
2025-11-04 11:00:00+01:00,58.39562570531329,57.79
2025-11-04 11:15:00+01:00,54.30531124542919,54.47
2025-11-04 11:30:00+01:00,55.99523574110065,50.23
2025-11-04 11:45:00+01:00,53.40951015206452,48.99
2025-11-04 12:00:00+01:00,53.77907172334693,47.13
2025-11-04 12:15:00+01:00,51.465288577101965,47.95
2025-11-04 12:30:00+01:00,52.37070496879301,50.1
2025-11-04 12:45:00+01:00,56.444991213815484,55.43
2025-11-04 13:00:00+01:00,57.68550601881445,44.99
2025-11-04 13:15:00+01:00,59.83397496765993,62.8
2025-11-04 13:30:00+01:00,61.93183611576517,75.52
2025-11-04 13:45:00+01:00,65.58307515470506,84.44
2025-11-04 14:00:00+01:00,64.91596882634899,52.89
2025-11-04 14:15:00+01:00,70.18010285823385,70.41
2025-11-04 14:30:00+01:00,77.32385740153205,86.89
2025-11-04 14:45:00+01:00,82.96778938045404,114.01
2025-11-04 15:00:00+01:00,82.96627975928259,84.19
2025-11-04 15:15:00+01:00,87.56379980233794,100.25
2025-11-04 15:30:00+01:00,92.2352869204077,114.35
2025-11-04 15:45:00+01:00,98.77295804247336,166.27
2025-11-04 16:00:00+01:00,103.061957299801,92.23
2025-11-04 16:15:00+01:00,101.09819591547381,114.0
2025-11-04 16:30:00+01:00,105.33210099005342,131.29
2025-11-04 16:45:00+01:00,115.62218479809468,172.38
2025-11-04 17:00:00+01:00,100.92965644037749,132.0
2025-11-04 17:15:00+01:00,103.70881005872332,129.25
2025-11-04 17:30:00+01:00,110.99000730834352,131.85
2025-11-04 17:45:00+01:00,121.84130572431023,123.3
2025-11-04 18:00:00+01:00,116.65217125561225,153.06
2025-11-04 18:15:00+01:00,117.39225974767692,127.01
2025-11-04 18:30:00+01:00,118.7091775527574,118.0
2025-11-04 18:45:00+01:00,115.99024351012463,92.98
2025-11-04 19:00:00+01:00,120.08301570673184,132.3
2025-11-04 19:15:00+01:00,113.91451233807965,114.0
2025-11-04 19:30:00+01:00,111.05905425728866,95.0
2025-11-04 19:45:00+01:00,107.30624698303455,85.49
2025-11-04 20:00:00+01:00,115.67378973222759,106.01
2025-11-04 20:15:00+01:00,113.27720604704372,98.41
2025-11-04 20:30:00+01:00,109.53166482724656,87.68
2025-11-04 20:45:00+01:00,105.95240710035861,94.91
2025-11-04 21:00:00+01:00,92.46530196965364,105.76
2025-11-04 21:15:00+01:00,88.99496839912781,91.27
2025-11-04 21:30:00+01:00,83.33931848832785,88.9
2025-11-04 21:45:00+01:00,76.16199226819104,79.53
2025-11-04 22:00:00+01:00,89.0474275743683,91.06
2025-11-04 22:15:00+01:00,86.8725751680995,88.73
2025-11-04 22:30:00+01:00,83.0023720004631,86.82
2025-11-04 22:45:00+01:00,79.00481732074327,78.34
2025-11-04 23:00:00+01:00,80.84902029725603,80.65
2025-11-04 23:15:00+01:00,76.08920896916143,75.07
2025-11-04 23:30:00+01:00,73.70303167224195,79.53
2025-11-04 23:45:00+01:00,70.85837054313407,69.24
2025-11-05 00:00:00+01:00,78.63112290136051,80.4
2025-11-05 00:15:00+01:00,73.62960872458426,73.61
2025-11-05 00:30:00+01:00,71.99693239174863,78.24
2025-11-05 00:45:00+01:00,69.16003266883939,77.07
2025-11-05 01:00:00+01:00,71.74162372340224,76.25
2025-11-05 01:15:00+01:00,69.55044570722359,75.14
2025-11-05 01:30:00+01:00,69.30640895877943,75.98
2025-11-05 01:45:00+01:00,67.47459656722248,75.92
2025-11-05 02:00:00+01:00,70.03960590336519,70.46
2025-11-05 02:15:00+01:00,68.83119483587652,73.3
2025-11-05 02:30:00+01:00,68.07138305585947,75.42
2025-11-05 02:45:00+01:00,67.33466563335315,78.24
2025-11-05 03:00:00+01:00,68.59726185293695,73.31
2025-11-05 03:15:00+01:00,67.86561498821628,72.44
2025-11-05 03:30:00+01:00,67.71701539479004,78.0
2025-11-05 03:45:00+01:00,66.75310633203469,74.98
2025-11-05 04:00:00+01:00,68.73150602609448,73.3
2025-11-05 04:15:00+01:00,69.25520313510164,73.48
2025-11-05 04:30:00+01:00,72.20427721815702,82.79
2025-11-05 04:45:00+01:00,72.6822268251299,85.97
2025-11-05 05:00:00+01:00,74.74326026529134,71.43
2025-11-05 05:15:00+01:00,78.88957479137558,81.88
2025-11-05 05:30:00+01:00,83.40861968953475,90.84
2025-11-05 05:45:00+01:00,83.13846218429887,95.85
2025-11-05 06:00:00+01:00,86.42135661869844,82.31
2025-11-05 06:15:00+01:00,94.7984939866417,84.62
2025-11-05 06:30:00+01:00,98.70008351689891,90.38
2025-11-05 06:45:00+01:00,102.1259621198184,108.14
2025-11-05 07:00:00+01:00,108.86828334509686,108.8
2025-11-05 07:15:00+01:00,107.83096052071538,127.01
2025-11-05 07:30:00+01:00,112.57452958945821,122.25
2025-11-05 07:45:00+01:00,112.14262293164624,105.54
2025-11-05 08:00:00+01:00,131.45143793659304,140.29
2025-11-05 08:15:00+01:00,126.26425904021002,117.27
2025-11-05 08:30:00+01:00,109.6659662358454,103.44
2025-11-05 08:45:00+01:00,99.1577059317117,67.46
2025-11-05 09:00:00+01:00,113.53804955924775,89.48
2025-11-05 09:15:00+01:00,101.98611821323003,76.34
2025-11-05 09:30:00+01:00,90.94251942787348,67.65
2025-11-05 09:45:00+01:00,75.87151847114995,64.69
2025-11-05 10:00:00+01:00,92.57263651897165,70.15
2025-11-05 10:15:00+01:00,79.74698776930487,60.04
2025-11-05 10:30:00+01:00,74.71416892954909,61.69
2025-11-05 10:45:00+01:00,69.49833520308547,59.65
2025-11-05 11:00:00+01:00,79.18232087875795,61.31
2025-11-05 11:15:00+01:00,78.01604152729448,59.99
2025-11-05 11:30:00+01:00,73.06152366870518,61.03
2025-11-05 11:45:00+01:00,70.51906891205387,65.7
2025-11-05 12:00:00+01:00,72.58532347417298,50.89
2025-11-05 12:15:00+01:00,72.59259915329253,61.08
2025-11-05 12:30:00+01:00,74.35804645734746,65.41
2025-11-05 12:45:00+01:00,73.51043403045797,70.9
2025-11-05 13:00:00+01:00,78.83849412817605,60.79
2025-11-05 13:15:00+01:00,83.20583538446164,71.09
2025-11-05 13:30:00+01:00,84.58129818798398,83.15
2025-11-05 13:45:00+01:00,85.2780044720888,94.3
2025-11-05 14:00:00+01:00,75.38208271436065,73.28
2025-11-05 14:15:00+01:00,90.40218627601021,91.24
2025-11-05 14:30:00+01:00,102.08571784962999,102.7
2025-11-05 14:45:00+01:00,112.01349323982272,117.55
2025-11-05 15:00:00+01:00,104.1863795423849,81.02
2025-11-05 15:15:00+01:00,131.42297252204582,110.64
2025-11-05 15:30:00+01:00,144.99066200510623,125.9
2025-11-05 15:45:00+01:00,161.37748117160885,144.02
2025-11-05 16:00:00+01:00,141.95125145515073,123.07
2025-11-05 16:15:00+01:00,146.53748490569916,130.88
2025-11-05 16:30:00+01:00,164.21991864863776,144.55
2025-11-05 16:45:00+01:00,182.16545073639864,167.03
2025-11-05 17:00:00+01:00,126.64895506993722,148.13
2025-11-05 17:15:00+01:00,138.917787454314,153.09
2025-11-05 17:30:00+01:00,165.57736674895372,151.44
2025-11-05 17:45:00+01:00,156.2959828934557,137.01
2025-11-05 18:00:00+01:00,151.99966668182861,148.22
2025-11-05 18:15:00+01:00,147.0482244989789,134.77
2025-11-05 18:30:00+01:00,141.12151011547752,119.21
2025-11-05 18:45:00+01:00,128.94602169631352,108.12
2025-11-05 19:00:00+01:00,140.81820818439843,128.48
2025-11-05 19:15:00+01:00,132.79672280922458,116.72
2025-11-05 19:30:00+01:00,127.93942984896486,109.73
2025-11-05 19:45:00+01:00,126.78052667915162,104.09
2025-11-05 20:00:00+01:00,137.1669706892294,110.93
2025-11-05 20:15:00+01:00,134.03895379238014,103.37
2025-11-05 20:30:00+01:00,131.23956926441116,103.02
2025-11-05 20:45:00+01:00,128.87786721384714,101.84
2025-11-05 21:00:00+01:00,111.6924882643275,108.39
2025-11-05 21:15:00+01:00,110.22317888539185,102.83
2025-11-05 21:30:00+01:00,102.17850561318468,99.02
2025-11-05 21:45:00+01:00,96.04537980783877,85.43
2025-11-05 22:00:00+01:00,108.31139349301539,102.48
2025-11-05 22:15:00+01:00,105.16640772299202,89.89
2025-11-05 22:30:00+01:00,102.03591587282737,85.49
2025-11-05 22:45:00+01:00,97.96338828670446,77.53
2025-11-05 23:00:00+01:00,96.5671426199737,91.32
2025-11-05 23:15:00+01:00,93.25271178614429,91.86
2025-11-05 23:30:00+01:00,91.7079699420358,89.37
2025-11-05 23:45:00+01:00,87.41854813066728,78.25
2025-11-06 00:00:00+01:00,89.03236267996523,96.78
2025-11-06 00:15:00+01:00,87.12205912300502,93.11
2025-11-06 00:30:00+01:00,85.21938274852229,93.43
2025-11-06 00:45:00+01:00,80.39579698796344,90.17
2025-11-06 01:00:00+01:00,83.00691013377411,93.38
2025-11-06 01:15:00+01:00,83.00872257375593,91.08
2025-11-06 01:30:00+01:00,81.6590813412093,90.26
2025-11-06 01:45:00+01:00,79.49422416731652,88.6
2025-11-06 02:00:00+01:00,80.99190481950727,93.02
2025-11-06 02:15:00+01:00,80.42193621899145,90.54
2025-11-06 02:30:00+01:00,80.66866495291976,91.75
2025-11-06 02:45:00+01:00,79.33713322882015,90.28
2025-11-06 03:00:00+01:00,81.06387471276909,91.67
2025-11-06 03:15:00+01:00,79.75826093424425,91.09
2025-11-06 03:30:00+01:00,79.92992096964541,89.12
2025-11-06 03:45:00+01:00,80.48036037068486,90.14
2025-11-06 04:00:00+01:00,80.8089997755325,91.61
2025-11-06 04:15:00+01:00,80.92574366270054,91.08
2025-11-06 04:30:00+01:00,84.13207737984618,91.53
2025-11-06 04:45:00+01:00,84.72389371055954,93.38
2025-11-06 05:00:00+01:00,84.75013760414599,86.11
2025-11-06 05:15:00+01:00,87.0849071107294,88.76
2025-11-06 05:30:00+01:00,93.17561564292905,94.6
2025-11-06 05:45:00+01:00,93.61683062675404,99.21
2025-11-06 06:00:00+01:00,90.06075720977974,93.88
2025-11-06 06:15:00+01:00,104.49575790591476,113.52
2025-11-06 06:30:00+01:00,109.82268212598916,121.99
2025-11-06 06:45:00+01:00,112.81305873243245,144.01
2025-11-06 07:00:00+01:00,119.67771554566413,127.72
2025-11-06 07:15:00+01:00,121.33758997274585,136.0
2025-11-06 07:30:00+01:00,123.7600309870987,136.0
2025-11-06 07:45:00+01:00,122.88459897665541,121.21
2025-11-06 08:00:00+01:00,130.98056068557915,144.97
2025-11-06 08:15:00+01:00,118.33741693572809,129.01
2025-11-06 08:30:00+01:00,106.25349396720515,111.68
2025-11-06 08:45:00+01:00,93.82786406927832,93.06
2025-11-06 09:00:00+01:00,116.74620390635226,110.73
2025-11-06 09:15:00+01:00,100.15486775969246,100.6
2025-11-06 09:30:00+01:00,88.54652077037584,86.29
2025-11-06 09:45:00+01:00,81.95570394050814,75.23
2025-11-06 10:00:00+01:00,97.86133446594744,94.8
2025-11-06 10:15:00+01:00,90.21764430012107,87.55
2025-11-06 10:30:00+01:00,83.58878801543999,80.34
2025-11-06 10:45:00+01:00,79.13345797668434,77.94
2025-11-06 11:00:00+01:00,78.08770761141179,86.9
2025-11-06 11:15:00+01:00,74.06756920845797,84.97
2025-11-06 11:30:00+01:00,72.34108205272581,82.93
2025-11-06 11:45:00+01:00,72.91465598743602,80.0
2025-11-06 12:00:00+01:00,67.9592473409702,81.13
2025-11-06 12:15:00+01:00,66.49804292838051,78.76
2025-11-06 12:30:00+01:00,68.05265786888444,86.64
2025-11-06 12:45:00+01:00,73.56581641069019,89.44
2025-11-06 13:00:00+01:00,74.24610360787699,80.8
2025-11-06 13:15:00+01:00,81.75154056998124,86.58
2025-11-06 13:30:00+01:00,82.00245281776151,87.6
2025-11-06 13:45:00+01:00,87.3069866195523,93.74
2025-11-06 14:00:00+01:00,72.96364323763622,78.51
2025-11-06 14:15:00+01:00,83.27823401170872,94.53
2025-11-06 14:30:00+01:00,94.38298462895776,102.9
2025-11-06 14:45:00+01:00,112.22010860609453,122.0
2025-11-06 15:00:00+01:00,96.3654056688401,101.31
2025-11-06 15:15:00+01:00,119.33713561487359,109.16
2025-11-06 15:30:00+01:00,136.072832930529,135.32
2025-11-06 15:45:00+01:00,153.90279699891198,167.17
2025-11-06 16:00:00+01:00,131.84541730799958,123.1
2025-11-06 16:15:00+01:00,146.09358470585835,137.01
2025-11-06 16:30:00+01:00,156.31465096258813,156.79
2025-11-06 16:45:00+01:00,171.34198053426877,173.08
2025-11-06 17:00:00+01:00,144.3889654167703,165.46
2025-11-06 17:15:00+01:00,146.70170671952928,162.87
2025-11-06 17:30:00+01:00,140.86014096574593,150.19
2025-11-06 17:45:00+01:00,152.5867576374001,138.5
2025-11-06 18:00:00+01:00,145.24163635202987,149.09
2025-11-06 18:15:00+01:00,144.34640113625122,139.04
2025-11-06 18:30:00+01:00,134.47590375576377,134.82
2025-11-06 18:45:00+01:00,127.08272372622928,126.84
2025-11-06 19:00:00+01:00,138.21079943036204,138.15
2025-11-06 19:15:00+01:00,133.22514744697284,129.36
2025-11-06 19:30:00+01:00,129.56600595091248,119.71
2025-11-06 19:45:00+01:00,127.77602648604123,118.63
2025-11-06 20:00:00+01:00,144.61201904514795,123.02
2025-11-06 20:15:00+01:00,141.71213162080377,119.85
2025-11-06 20:30:00+01:00,138.56469212273885,112.48
2025-11-06 20:45:00+01:00,136.08815783804403,104.53
2025-11-06 21:00:00+01:00,109.4242374757132,109.64
2025-11-06 21:15:00+01:00,107.25415356447292,103.66
2025-11-06 21:30:00+01:00,104.385468909995,101.51
2025-11-06 21:45:00+01:00,99.20539050559488,89.11
2025-11-06 22:00:00+01:00,110.87394293581747,100.1
2025-11-06 22:15:00+01:00,105.89409246253467,93.67
2025-11-06 22:30:00+01:00,102.79666830792557,101.05
2025-11-06 22:45:00+01:00,97.17673051488744,95.12
2025-11-06 23:00:00+01:00,100.43014963818395,99.89
2025-11-06 23:15:00+01:00,96.24904191670694,95.0
2025-11-06 23:30:00+01:00,94.23660872454298,87.84
2025-11-06 23:45:00+01:00,89.56104014158565,79.48
2025-11-07 00:00:00+01:00,95.08808531248972,90.9
2025-11-07 00:15:00+01:00,91.98829630030818,88.27
2025-11-07 00:30:00+01:00,88.71625792135954,92.99
2025-11-07 00:45:00+01:00,84.3019960292045,88.55
2025-11-07 01:00:00+01:00,90.0630410384963,90.53
2025-11-07 01:15:00+01:00,88.22899114116436,88.44
2025-11-07 01:30:00+01:00,85.47546500917673,88.45
2025-11-07 01:45:00+01:00,84.39556636666445,87.87
2025-11-07 02:00:00+01:00,87.9392874731114,90.59
2025-11-07 02:15:00+01:00,84.83901635997616,88.98
2025-11-07 02:30:00+01:00,85.1602697217928,89.89
2025-11-07 02:45:00+01:00,84.4637147032963,88.94
2025-11-07 03:00:00+01:00,84.72232015585706,89.9
2025-11-07 03:15:00+01:00,84.51931645449746,89.54
2025-11-07 03:30:00+01:00,84.77329992401741,89.08
2025-11-07 03:45:00+01:00,84.7215271768186,89.93
2025-11-07 04:00:00+01:00,85.78143777371588,87.07
2025-11-07 04:15:00+01:00,86.07916310712737,89.4
2025-11-07 04:30:00+01:00,88.9133226456837,92.39
2025-11-07 04:45:00+01:00,89.42471549888562,92.78
2025-11-07 05:00:00+01:00,91.60930421364122,85.06
2025-11-07 05:15:00+01:00,94.13472826405767,90.29
2025-11-07 05:30:00+01:00,99.44975475528838,97.89
2025-11-07 05:45:00+01:00,102.7370705431068,103.6
2025-11-07 06:00:00+01:00,105.41731169046007,89.47
2025-11-07 06:15:00+01:00,118.50303076758567,102.11
2025-11-07 06:30:00+01:00,124.75669536384795,113.11
2025-11-07 06:45:00+01:00,130.32191149438611,144.37
2025-11-07 07:00:00+01:00,135.0420743194667,120.36
2025-11-07 07:15:00+01:00,140.99223331439615,137.63
2025-11-07 07:30:00+01:00,147.96234400778314,136.49
2025-11-07 07:45:00+01:00,147.02832427722888,141.05
2025-11-07 08:00:00+01:00,167.7518552957756,157.49
2025-11-07 08:15:00+01:00,150.97739888373476,142.86
2025-11-07 08:30:00+01:00,135.70300595684557,117.62
2025-11-07 08:45:00+01:00,121.75081431993968,94.22
2025-11-07 09:00:00+01:00,143.18972187101136,126.3
2025-11-07 09:15:00+01:00,134.07597022128436,117.13
2025-11-07 09:30:00+01:00,120.41923938191381,99.71
2025-11-07 09:45:00+01:00,108.99358694020687,89.28
2025-11-07 10:00:00+01:00,123.69578088504551,102.85
2025-11-07 10:15:00+01:00,118.64662919636743,94.96
2025-11-07 10:30:00+01:00,111.56523579808606,89.23
2025-11-07 10:45:00+01:00,106.46500770465892,86.48
2025-11-07 11:00:00+01:00,109.62266700739791,92.54
2025-11-07 11:15:00+01:00,110.01865204234196,89.69
2025-11-07 11:30:00+01:00,107.95978230275526,89.83
2025-11-07 11:45:00+01:00,107.50664161471484,87.89
2025-11-07 12:00:00+01:00,98.22210722050774,88.29
2025-11-07 12:15:00+01:00,98.71255202128799,88.22
2025-11-07 12:30:00+01:00,103.47386563432622,88.8
2025-11-07 12:45:00+01:00,104.06350474658312,89.9
2025-11-07 13:00:00+01:00,94.95134041395673,88.23
2025-11-07 13:15:00+01:00,99.59051528206118,90.56
2025-11-07 13:30:00+01:00,108.22795957739544,93.54
2025-11-07 13:45:00+01:00,112.92704169668025,95.88
2025-11-07 14:00:00+01:00,102.2307335756135,80.82
2025-11-07 14:15:00+01:00,114.24997617873962,98.87
2025-11-07 14:30:00+01:00,122.68210696723804,106.81
2025-11-07 14:45:00+01:00,136.74727984990952,125.9
2025-11-07 15:00:00+01:00,136.11163336987528,91.87
2025-11-07 15:15:00+01:00,151.48488005815494,112.21
2025-11-07 15:30:00+01:00,161.50998889945774,133.5
2025-11-07 15:45:00+01:00,180.96413145912751,180.91
2025-11-07 16:00:00+01:00,172.89432609881203,129.33
2025-11-07 16:15:00+01:00,188.71491231878747,144.57
2025-11-07 16:30:00+01:00,203.60471308563245,166.96
2025-11-07 16:45:00+01:00,244.42820731886928,219.63
2025-11-07 17:00:00+01:00,205.77045157370526,172.06
2025-11-07 17:15:00+01:00,211.5329248104037,184.76
2025-11-07 17:30:00+01:00,224.92968970721222,180.71
2025-11-07 17:45:00+01:00,206.8775908886435,176.62
2025-11-07 18:00:00+01:00,178.15604670861921,154.59
2025-11-07 18:15:00+01:00,170.8015559213403,141.42
2025-11-07 18:30:00+01:00,162.24237208433993,142.95
2025-11-07 18:45:00+01:00,156.96328681932943,143.77
2025-11-07 19:00:00+01:00,170.3735047881216,144.45
2025-11-07 19:15:00+01:00,158.7133766909442,136.28
2025-11-07 19:30:00+01:00,155.96562948067142,123.29
2025-11-07 19:45:00+01:00,153.5246098620512,121.91
2025-11-07 20:00:00+01:00,168.04471959661834,133.46
2025-11-07 20:15:00+01:00,162.92621283836937,120.71
2025-11-07 20:30:00+01:00,160.23575866131193,115.42
2025-11-07 20:45:00+01:00,156.7327379732844,108.12
2025-11-07 21:00:00+01:00,129.78315514088803,117.27
2025-11-07 21:15:00+01:00,124.92248952660312,109.6
2025-11-07 21:30:00+01:00,121.41813487696122,103.77
2025-11-07 21:45:00+01:00,115.64159124975629,95.97
2025-11-07 22:00:00+01:00,125.9030821443263,107.31
2025-11-07 22:15:00+01:00,118.79503385567284,104.51
2025-11-07 22:30:00+01:00,118.456191108414,94.99
2025-11-07 22:45:00+01:00,113.59787351016944,86.29
2025-11-07 23:00:00+01:00,119.15473477997823,100.73
2025-11-07 23:15:00+01:00,113.92565027207631,94.99
2025-11-07 23:30:00+01:00,109.43612177468574,88.89
2025-11-07 23:45:00+01:00,105.58395724631885,83.6
2025-11-08 00:00:00+01:00,99.63613711758771,102.32
2025-11-08 00:15:00+01:00,95.92877059350269,101.1
2025-11-08 00:30:00+01:00,93.22431020779153,90.13
2025-11-08 00:45:00+01:00,89.84912659629784,92.57
2025-11-08 01:00:00+01:00,94.29412270009828,100.41
2025-11-08 01:15:00+01:00,92.06057946570714,96.56
2025-11-08 01:30:00+01:00,89.546962294146,94.99
2025-11-08 01:45:00+01:00,88.62413812660355,93.34
2025-11-08 02:00:00+01:00,92.25293052342938,95.97
2025-11-08 02:15:00+01:00,89.48366680609948,93.29
2025-11-08 02:30:00+01:00,89.66931071459749,93.88
2025-11-08 02:45:00+01:00,89.49979429302289,92.85
2025-11-08 03:00:00+01:00,89.59239236633644,94.76
2025-11-08 03:15:00+01:00,89.22034312854753,94.22
2025-11-08 03:30:00+01:00,89.59582756849017,93.86
2025-11-08 03:45:00+01:00,89.51726076509173,93.05
2025-11-08 04:00:00+01:00,89.59571357988595,93.81
2025-11-08 04:15:00+01:00,89.97905120304695,95.56
2025-11-08 04:30:00+01:00,92.87835218036336,95.82
2025-11-08 04:45:00+01:00,93.68961940543323,94.96
2025-11-08 05:00:00+01:00,92.58082056855535,93.82
2025-11-08 05:15:00+01:00,95.30583691891152,93.65
2025-11-08 05:30:00+01:00,98.97751938103148,94.51
2025-11-08 05:45:00+01:00,102.32065204521446,94.8
2025-11-08 06:00:00+01:00,83.85763259812101,87.61
2025-11-08 06:15:00+01:00,111.22711126439704,90.7
2025-11-08 06:30:00+01:00,118.24064942322326,99.57
2025-11-08 06:45:00+01:00,121.63490352774164,103.23
2025-11-08 07:00:00+01:00,119.44055272608934,99.97
2025-11-08 07:15:00+01:00,125.41765795414388,102.67
2025-11-08 07:30:00+01:00,125.760854848705,106.93
2025-11-08 07:45:00+01:00,124.81654937265256,105.8
2025-11-08 08:00:00+01:00,114.58586037790712,111.07
2025-11-08 08:15:00+01:00,105.88812093657204,108.31
2025-11-08 08:30:00+01:00,92.91558748596205,102.82
2025-11-08 08:45:00+01:00,81.34732960633828,99.8
2025-11-08 09:00:00+01:00,115.76153653036289,111.37
2025-11-08 09:15:00+01:00,107.63271024285497,103.77
2025-11-08 09:30:00+01:00,90.52897894682897,102.14
2025-11-08 09:45:00+01:00,80.41163592661768,97.2
2025-11-08 10:00:00+01:00,108.62398723706578,110.81
2025-11-08 10:15:00+01:00,99.26440769128925,102.83
2025-11-08 10:30:00+01:00,89.5269859240431,99.75
2025-11-08 10:45:00+01:00,85.03987000921835,95.32
2025-11-08 11:00:00+01:00,105.85746561235051,100.05
2025-11-08 11:15:00+01:00,102.6203509625879,97.89
2025-11-08 11:30:00+01:00,101.70202645908955,94.85
2025-11-08 11:45:00+01:00,95.42540138997123,95.0
2025-11-08 12:00:00+01:00,99.57282296429908,99.94
2025-11-08 12:15:00+01:00,99.05684846994154,95.84
2025-11-08 12:30:00+01:00,98.81349737953737,92.59
2025-11-08 12:45:00+01:00,96.1272085749674,92.27
2025-11-08 13:00:00+01:00,95.13642602943673,93.15
2025-11-08 13:15:00+01:00,93.26097009410888,93.59
2025-11-08 13:30:00+01:00,91.78372391049223,96.92
2025-11-08 13:45:00+01:00,91.84241657908849,99.99
2025-11-08 14:00:00+01:00,92.2143586180204,86.33
2025-11-08 14:15:00+01:00,100.76887793511929,97.21
2025-11-08 14:30:00+01:00,106.96164822038432,104.41
2025-11-08 14:45:00+01:00,116.2069718088243,118.22
2025-11-08 15:00:00+01:00,102.16014375676198,95.68
2025-11-08 15:15:00+01:00,120.1612503572587,109.93
2025-11-08 15:30:00+01:00,135.99136761460647,127.0
2025-11-08 15:45:00+01:00,157.6467068482154,137.86
2025-11-08 16:00:00+01:00,119.78052646762497,112.51
2025-11-08 16:15:00+01:00,136.81466216201437,118.6
2025-11-08 16:30:00+01:00,157.75091102154192,124.42
2025-11-08 16:45:00+01:00,182.8961893837768,143.01
2025-11-08 17:00:00+01:00,140.96914473897456,123.9
2025-11-08 17:15:00+01:00,156.25102428849073,136.88
2025-11-08 17:30:00+01:00,165.55182047190252,138.04
2025-11-08 17:45:00+01:00,195.16723756610423,140.84
2025-11-08 18:00:00+01:00,152.14566641043024,137.72
2025-11-08 18:15:00+01:00,159.539202876319,135.99
2025-11-08 18:30:00+01:00,160.35453137536956,136.78
2025-11-08 18:45:00+01:00,158.53800724649292,135.64
2025-11-08 19:00:00+01:00,163.47369343093246,136.15
2025-11-08 19:15:00+01:00,155.90401073450124,133.43
2025-11-08 19:30:00+01:00,154.3837206640297,131.0
2025-11-08 19:45:00+01:00,149.73942974379972,127.34
2025-11-08 20:00:00+01:00,170.36303302846716,132.7
2025-11-08 20:15:00+01:00,164.34765902945298,126.07
2025-11-08 20:30:00+01:00,160.40845312995626,121.83
2025-11-08 20:45:00+01:00,157.52434002198206,111.27
2025-11-08 21:00:00+01:00,131.1410081076239,122.6
2025-11-08 21:15:00+01:00,123.39542138108342,120.04
2025-11-08 21:30:00+01:00,119.88063964892531,108.39
2025-11-08 21:45:00+01:00,114.64292476613738,102.19
2025-11-08 22:00:00+01:00,123.70094531375595,112.3
2025-11-08 22:15:00+01:00,118.73793762220215,107.43
2025-11-08 22:30:00+01:00,114.28128193796182,104.69
2025-11-08 22:45:00+01:00,108.09903179403724,100.62
2025-11-08 23:00:00+01:00,115.23501706759674,104.41
2025-11-08 23:15:00+01:00,107.92034482143737,99.93
2025-11-08 23:30:00+01:00,103.91033741261516,95.0
2025-11-08 23:45:00+01:00,100.11221170769466,88.28
2025-11-09 00:00:00+01:00,103.18242160100745,99.33
2025-11-09 00:15:00+01:00,100.55530706920328,92.43
2025-11-09 00:30:00+01:00,98.1959834617047,97.99
2025-11-09 00:45:00+01:00,94.74088527082068,95.63
2025-11-09 01:00:00+01:00,97.36267718396894,100.39
2025-11-09 01:15:00+01:00,95.31915245828817,95.0
2025-11-09 01:30:00+01:00,93.948835991858,92.42
2025-11-09 01:45:00+01:00,92.69796097427786,90.41
2025-11-09 02:00:00+01:00,95.34309048860516,95.08
2025-11-09 02:15:00+01:00,92.6921438085453,93.77
2025-11-09 02:30:00+01:00,92.81848805498885,92.07
2025-11-09 02:45:00+01:00,92.55632265064199,90.41
2025-11-09 03:00:00+01:00,91.33411805987971,91.52
2025-11-09 03:15:00+01:00,91.38571256559885,90.4
2025-11-09 03:30:00+01:00,91.71209585277305,89.99
2025-11-09 03:45:00+01:00,91.95175454231774,92.62
2025-11-09 04:00:00+01:00,90.52734802016472,90.49
2025-11-09 04:15:00+01:00,91.05258392277658,91.42
2025-11-09 04:30:00+01:00,93.84260860487181,90.98
2025-11-09 04:45:00+01:00,94.35762397355293,93.7
2025-11-09 05:00:00+01:00,89.87863286952395,91.83
2025-11-09 05:15:00+01:00,94.66114402262805,91.3
2025-11-09 05:30:00+01:00,98.43225770583831,93.2
2025-11-09 05:45:00+01:00,100.44683985630311,90.41
2025-11-09 06:00:00+01:00,84.21253931935524,90.18
2025-11-09 06:15:00+01:00,108.31453115427679,89.14
2025-11-09 06:30:00+01:00,113.57872724148487,90.4
2025-11-09 06:45:00+01:00,116.36937977752382,90.03
2025-11-09 07:00:00+01:00,117.27851818714538,89.97
2025-11-09 07:15:00+01:00,108.98381006260797,84.97
2025-11-09 07:30:00+01:00,110.43752146990686,88.56
2025-11-09 07:45:00+01:00,121.75098947040064,90.96
2025-11-09 08:00:00+01:00,119.79186947543617,93.75
2025-11-09 08:15:00+01:00,112.11445847761604,100.09
2025-11-09 08:30:00+01:00,101.0725784256457,98.75
2025-11-09 08:45:00+01:00,92.0922262713552,96.5
2025-11-09 09:00:00+01:00,115.821105545715,101.01
2025-11-09 09:15:00+01:00,103.51275906728428,98.91
2025-11-09 09:30:00+01:00,91.78684095322977,96.23
2025-11-09 09:45:00+01:00,82.15334031731525,94.32
2025-11-09 10:00:00+01:00,113.60039557097952,99.49
2025-11-09 10:15:00+01:00,105.55408216999365,96.05
2025-11-09 10:30:00+01:00,100.39104516734753,97.19
2025-11-09 10:45:00+01:00,97.10252357325396,95.4
2025-11-09 11:00:00+01:00,111.67520928207853,99.69
2025-11-09 11:15:00+01:00,106.61067293364223,98.45
2025-11-09 11:30:00+01:00,104.86283582674793,96.33
2025-11-09 11:45:00+01:00,105.79190619304414,94.75
2025-11-09 12:00:00+01:00,105.71900636164517,98.79
2025-11-09 12:15:00+01:00,103.62564617934224,97.63
2025-11-09 12:30:00+01:00,103.94607437032514,96.69
2025-11-09 12:45:00+01:00,104.65751544418096,98.24
2025-11-09 13:00:00+01:00,101.30762087542622,99.38
2025-11-09 13:15:00+01:00,102.87068062358838,98.78
2025-11-09 13:30:00+01:00,105.10238490542241,93.88
2025-11-09 13:45:00+01:00,104.38437385233564,93.57
2025-11-09 14:00:00+01:00,89.29422467267761,93.93
2025-11-09 14:15:00+01:00,96.33386230058339,93.71
2025-11-09 14:30:00+01:00,103.45356801799664,98.58
2025-11-09 14:45:00+01:00,112.20765375948423,103.04
2025-11-09 15:00:00+01:00,105.18538192447026,89.97
2025-11-09 15:15:00+01:00,111.5523415435122,97.24
2025-11-09 15:30:00+01:00,118.36523913132658,99.87
2025-11-09 15:45:00+01:00,136.05468472853033,104.1
2025-11-09 16:00:00+01:00,116.62699187222907,102.66
2025-11-09 16:15:00+01:00,127.58081644434847,109.6
2025-11-09 16:30:00+01:00,135.45072953256744,112.63
2025-11-09 16:45:00+01:00,155.89036506100058,114.5
2025-11-09 17:00:00+01:00,140.43141705759442,112.92
2025-11-09 17:15:00+01:00,147.040116599981,124.24
2025-11-09 17:30:00+01:00,151.35156593665909,130.73
2025-11-09 17:45:00+01:00,159.04143597170537,132.51
2025-11-09 18:00:00+01:00,140.54110323783357,125.56
2025-11-09 18:15:00+01:00,137.3836831395163,127.51
2025-11-09 18:30:00+01:00,137.40335121297676,126.71
2025-11-09 18:45:00+01:00,135.9663003778964,124.62
2025-11-09 19:00:00+01:00,145.38215415488312,122.09
2025-11-09 19:15:00+01:00,144.60550010083372,121.36
2025-11-09 19:30:00+01:00,141.65478769443695,114.5
2025-11-09 19:45:00+01:00,139.04452569901702,113.87
2025-11-09 20:00:00+01:00,156.96265923610918,115.16
2025-11-09 20:15:00+01:00,153.4475183672325,116.18
2025-11-09 20:30:00+01:00,149.7952034346324,102.88
2025-11-09 20:45:00+01:00,147.76336931042013,89.78
2025-11-09 21:00:00+01:00,117.36597513410099,102.84
2025-11-09 21:15:00+01:00,110.49099503719897,89.97
2025-11-09 21:30:00+01:00,106.61552942969264,93.05
2025-11-09 21:45:00+01:00,99.13684746826422,88.29
2025-11-09 22:00:00+01:00,111.9712785732554,102.83
2025-11-09 22:15:00+01:00,108.00317666401071,93.83
2025-11-09 22:30:00+01:00,106.37563035424031,89.5
2025-11-09 22:45:00+01:00,100.06145332110273,83.1
2025-11-09 23:00:00+01:00,105.59991990862342,95.11
2025-11-09 23:15:00+01:00,99.66011534613276,89.53
2025-11-09 23:30:00+01:00,96.47107866497596,89.49
2025-11-09 23:45:00+01:00,90.58176008988998,85.59
2025-11-10 00:00:00+01:00,94.30393449513531,92.38
2025-11-10 00:15:00+01:00,91.58773829530288,89.98
2025-11-10 00:30:00+01:00,90.38112735532535,87.4
2025-11-10 00:45:00+01:00,88.56274461284531,86.16
2025-11-10 01:00:00+01:00,89.48399336199435,88.71
2025-11-10 01:15:00+01:00,87.80956321132896,88.46
2025-11-10 01:30:00+01:00,87.77663257461222,86.43
2025-11-10 01:45:00+01:00,86.52981591754843,86.94
2025-11-10 02:00:00+01:00,87.39865591139801,90.65
2025-11-10 02:15:00+01:00,86.84118786243387,89.6
2025-11-10 02:30:00+01:00,86.68891804682343,88.25
2025-11-10 02:45:00+01:00,86.13273852403152,87.11
2025-11-10 03:00:00+01:00,85.86175618326197,88.17
2025-11-10 03:15:00+01:00,86.4708274105035,87.27
2025-11-10 03:30:00+01:00,86.68164409602254,87.63
2025-11-10 03:45:00+01:00,86.30854871427952,87.02
2025-11-10 04:00:00+01:00,85.92012373609104,85.32
2025-11-10 04:15:00+01:00,85.93486200176665,85.05
2025-11-10 04:30:00+01:00,87.4733479480601,87.02
2025-11-10 04:45:00+01:00,88.1123863959522,91.32
2025-11-10 05:00:00+01:00,91.14100687007401,86.07
2025-11-10 05:15:00+01:00,92.64743538260636,86.54
2025-11-10 05:30:00+01:00,95.73179522201154,94.57
2025-11-10 05:45:00+01:00,96.96435242816548,102.07
2025-11-10 06:00:00+01:00,106.77297363743747,88.27
2025-11-10 06:15:00+01:00,111.93178343114357,103.37
2025-11-10 06:30:00+01:00,115.94900300231886,122.25
2025-11-10 06:45:00+01:00,121.51496933777166,139.92
2025-11-10 07:00:00+01:00,139.61274305547073,125.13
2025-11-10 07:15:00+01:00,154.14430230921548,140.93
2025-11-10 07:30:00+01:00,155.3827289594573,149.45
2025-11-10 07:45:00+01:00,133.3864739399436,156.47
2025-11-10 08:00:00+01:00,174.2235080181147,176.4
2025-11-10 08:15:00+01:00,163.6767829865399,159.14
2025-11-10 08:30:00+01:00,150.5544830692328,156.15
2025-11-10 08:45:00+01:00,130.30747719286055,139.81
2025-11-10 09:00:00+01:00,149.48138646096572,175.95
2025-11-10 09:15:00+01:00,142.76434940056131,146.07
2025-11-10 09:30:00+01:00,133.10780916320599,132.6
2025-11-10 09:45:00+01:00,115.21063877293018,122.57
2025-11-10 10:00:00+01:00,129.15047246679308,145.7
2025-11-10 10:15:00+01:00,118.46256971515903,127.54
2025-11-10 10:30:00+01:00,111.82638375359852,123.34
2025-11-10 10:45:00+01:00,106.79623713992295,108.51
2025-11-10 11:00:00+01:00,130.31887140181124,122.57
2025-11-10 11:15:00+01:00,124.7939082769552,117.76
2025-11-10 11:30:00+01:00,121.15100567938552,111.81
2025-11-10 11:45:00+01:00,119.15417061624447,108.84
2025-11-10 12:00:00+01:00,121.88478505629396,109.43
2025-11-10 12:15:00+01:00,118.22989226820044,107.39
2025-11-10 12:30:00+01:00,116.89406527533347,102.83
2025-11-10 12:45:00+01:00,116.76244655854023,104.04
2025-11-10 13:00:00+01:00,119.19835451932502,107.91
2025-11-10 13:15:00+01:00,145.29872138007306,107.08
2025-11-10 13:30:00+01:00,147.2573065171581,105.47
2025-11-10 13:45:00+01:00,146.8999208313851,113.18
2025-11-10 14:00:00+01:00,125.8548615330194,102.38
2025-11-10 14:15:00+01:00,129.895714366498,104.13
2025-11-10 14:30:00+01:00,135.90011715409366,118.62
2025-11-10 14:45:00+01:00,143.46243202532995,137.13
2025-11-10 15:00:00+01:00,127.67198698211824,102.85
2025-11-10 15:15:00+01:00,132.3497540561615,110.52
2025-11-10 15:30:00+01:00,136.9111090545478,128.94
2025-11-10 15:45:00+01:00,157.49806986341423,162.7
2025-11-10 16:00:00+01:00,131.7809181417738,125.11
2025-11-10 16:15:00+01:00,148.41346429408588,129.52
2025-11-10 16:30:00+01:00,161.9946767498541,131.96
2025-11-10 16:45:00+01:00,186.3950707155326,146.83
2025-11-10 17:00:00+01:00,136.71440820278423,146.44
2025-11-10 17:15:00+01:00,149.10729070962387,146.3
2025-11-10 17:30:00+01:00,149.53698046469668,136.77
2025-11-10 17:45:00+01:00,163.79156861116093,128.1
2025-11-10 18:00:00+01:00,136.29049062161252,154.37
2025-11-10 18:15:00+01:00,135.52739010704698,130.56
2025-11-10 18:30:00+01:00,136.78364511074486,103.39
2025-11-10 18:45:00+01:00,135.59418290104196,94.58
2025-11-10 19:00:00+01:00,139.41747633372339,133.08
2025-11-10 19:15:00+01:00,133.05860148641528,102.11
2025-11-10 19:30:00+01:00,128.75905523457453,90.58
2025-11-10 19:45:00+01:00,124.93863599106325,88.88
2025-11-10 20:00:00+01:00,130.62321320141658,89.7
2025-11-10 20:15:00+01:00,123.49482829183349,96.4
2025-11-10 20:30:00+01:00,117.7837539603058,88.44
2025-11-10 20:45:00+01:00,113.49409664546407,85.9
2025-11-10 21:00:00+01:00,107.62170608976042,94.0
2025-11-10 21:15:00+01:00,101.5299261899211,87.63
2025-11-10 21:30:00+01:00,93.35701180240575,88.63
2025-11-10 21:45:00+01:00,84.50710790955549,85.69
2025-11-10 22:00:00+01:00,96.49649635833309,92.18
2025-11-10 22:15:00+01:00,91.38316582619296,89.59
2025-11-10 22:30:00+01:00,85.3547130085762,85.9
2025-11-10 22:45:00+01:00,79.95417739388421,85.9
2025-11-10 23:00:00+01:00,90.02377865443637,92.91
2025-11-10 23:15:00+01:00,83.88966099054076,85.62
2025-11-10 23:30:00+01:00,81.14491488453402,81.24
2025-11-10 23:45:00+01:00,76.70898452156345,75.71
2025-11-11 00:00:00+01:00,87.54302982132546,89.65
2025-11-11 00:15:00+01:00,83.08646047227053,86.47
2025-11-11 00:30:00+01:00,82.3733116606903,78.38
2025-11-11 00:45:00+01:00,79.19287512131253,78.26
2025-11-11 01:00:00+01:00,81.58802924971737,88.86
2025-11-11 01:15:00+01:00,78.91113451724192,80.93
2025-11-11 01:30:00+01:00,77.61462214678517,76.54
2025-11-11 01:45:00+01:00,76.375425096102,73.6
2025-11-11 02:00:00+01:00,78.13644764200119,77.65
2025-11-11 02:15:00+01:00,76.3375843001596,76.9
2025-11-11 02:30:00+01:00,76.71353973869181,74.5
2025-11-11 02:45:00+01:00,75.1284430903215,74.16
2025-11-11 03:00:00+01:00,75.99108821197822,73.04
2025-11-11 03:15:00+01:00,74.76082824696562,75.86
2025-11-11 03:30:00+01:00,74.91062215789856,76.4
2025-11-11 03:45:00+01:00,76.97322073617845,74.18
2025-11-11 04:00:00+01:00,75.72934983817275,73.51
2025-11-11 04:15:00+01:00,75.31673807238754,75.37
2025-11-11 04:30:00+01:00,77.16697923656338,75.94
2025-11-11 04:45:00+01:00,77.25641705892987,77.16
2025-11-11 05:00:00+01:00,78.84057306192997,70.72
2025-11-11 05:15:00+01:00,82.39520371779184,76.63
2025-11-11 05:30:00+01:00,85.27332115020889,76.92
2025-11-11 05:45:00+01:00,85.9737139394434,84.02
2025-11-11 06:00:00+01:00,69.39378918414812,74.61
2025-11-11 06:15:00+01:00,101.11377597476701,77.76
2025-11-11 06:30:00+01:00,105.36327291263598,88.88
2025-11-11 06:45:00+01:00,102.81705498798229,105.9
2025-11-11 07:00:00+01:00,99.47580329590514,97.03
2025-11-11 07:15:00+01:00,113.29605787396397,103.94
2025-11-11 07:30:00+01:00,111.91666150749231,109.38
2025-11-11 07:45:00+01:00,115.20445115089557,110.49
2025-11-11 08:00:00+01:00,144.9206363475116,119.64
2025-11-11 08:15:00+01:00,137.28552709228364,115.42
2025-11-11 08:30:00+01:00,116.29910166278886,113.56
2025-11-11 08:45:00+01:00,100.27064887251728,106.57
2025-11-11 09:00:00+01:00,123.54683239523294,115.76
2025-11-11 09:15:00+01:00,108.59091147612588,98.64
2025-11-11 09:30:00+01:00,99.64493413206063,103.62
2025-11-11 09:45:00+01:00,90.00363299074932,94.44
2025-11-11 10:00:00+01:00,105.30267873912122,106.39
2025-11-11 10:15:00+01:00,94.78277018082586,90.83
2025-11-11 10:30:00+01:00,89.61660706006447,85.99
2025-11-11 10:45:00+01:00,84.98082668718904,82.68
2025-11-11 11:00:00+01:00,83.75655768177528,93.08
2025-11-11 11:15:00+01:00,80.31894777122797,88.87
2025-11-11 11:30:00+01:00,78.0071271797133,85.91
2025-11-11 11:45:00+01:00,77.72430641247159,83.83
2025-11-11 12:00:00+01:00,74.42177454297284,85.41
2025-11-11 12:15:00+01:00,73.25910357738412,83.58
2025-11-11 12:30:00+01:00,72.69214642611914,85.29
2025-11-11 12:45:00+01:00,73.59560345613724,92.36
2025-11-11 13:00:00+01:00,74.11952657389008,84.06
2025-11-11 13:15:00+01:00,80.09754148179061,86.7
2025-11-11 13:30:00+01:00,77.46881560883044,90.43
2025-11-11 13:45:00+01:00,82.54582804171356,98.53
2025-11-11 14:00:00+01:00,72.47416913172864,87.43
2025-11-11 14:15:00+01:00,83.6958983620959,94.24
2025-11-11 14:30:00+01:00,96.7515674627505,104.77
2025-11-11 14:45:00+01:00,110.54826702752086,118.5
2025-11-11 15:00:00+01:00,77.43069168272709,97.75
2025-11-11 15:15:00+01:00,93.77545792835609,117.05
2025-11-11 15:30:00+01:00,104.44328158412594,136.58
2025-11-11 15:45:00+01:00,118.22796588225896,145.72
2025-11-11 16:00:00+01:00,108.9355662420124,128.59
2025-11-11 16:15:00+01:00,118.050122271979,141.12
2025-11-11 16:30:00+01:00,125.54097829316999,148.68
2025-11-11 16:45:00+01:00,148.3892690499,153.9
2025-11-11 17:00:00+01:00,134.51109949990962,147.63
2025-11-11 17:15:00+01:00,135.86024888039668,149.49
2025-11-11 17:30:00+01:00,136.43708907154593,143.6
2025-11-11 17:45:00+01:00,139.01789772490082,132.31
2025-11-11 18:00:00+01:00,142.76791657045183,137.35
2025-11-11 18:15:00+01:00,133.4553727435611,122.31
2025-11-11 18:30:00+01:00,123.01731463152159,107.44
2025-11-11 18:45:00+01:00,116.15103980411102,92.89
2025-11-11 19:00:00+01:00,135.7356642027433,112.69
2025-11-11 19:15:00+01:00,128.50241023763462,96.44
2025-11-11 19:30:00+01:00,121.7840339057341,105.18
2025-11-11 19:45:00+01:00,118.25249038796682,105.82
2025-11-11 20:00:00+01:00,130.3163158757153,106.87
2025-11-11 20:15:00+01:00,126.07497256763061,103.73
2025-11-11 20:30:00+01:00,120.47645953690325,96.9
2025-11-11 20:45:00+01:00,117.2550934348552,85.2
2025-11-11 21:00:00+01:00,104.52633171806896,106.94
2025-11-11 21:15:00+01:00,102.8147415456882,96.91
2025-11-11 21:30:00+01:00,96.15324655187837,94.43
2025-11-11 21:45:00+01:00,89.16025070910402,87.25
2025-11-11 22:00:00+01:00,101.4149949988505,116.38
2025-11-11 22:15:00+01:00,95.59104150929626,94.56
2025-11-11 22:30:00+01:00,93.70195096448725,85.91
2025-11-11 22:45:00+01:00,87.8988232420923,71.39
2025-11-11 23:00:00+01:00,93.990494384257,89.78
2025-11-11 23:15:00+01:00,88.57530651872155,79.84
2025-11-11 23:30:00+01:00,85.48225085937659,74.29
2025-11-11 23:45:00+01:00,80.61482409879942,58.09
2025-11-12 00:00:00+01:00,84.01349855978842,88.54
2025-11-12 00:15:00+01:00,78.06612840433955,76.66
2025-11-12 00:30:00+01:00,76.11812428244488,68.23
2025-11-12 00:45:00+01:00,71.03223988243978,66.48
2025-11-12 01:00:00+01:00,76.99421577947012,76.38
2025-11-12 01:15:00+01:00,73.51500992269378,69.06
2025-11-12 01:30:00+01:00,71.27396969382283,62.55
2025-11-12 01:45:00+01:00,69.45445836852666,65.27
2025-11-12 02:00:00+01:00,72.5196709802225,65.4
2025-11-12 02:15:00+01:00,70.18811030992,64.06
2025-11-12 02:30:00+01:00,70.44074554025933,67.0
2025-11-12 02:45:00+01:00,69.3168010633585,61.18
2025-11-12 03:00:00+01:00,68.78200337054489,65.51
2025-11-12 03:15:00+01:00,68.96265971833671,62.12
2025-11-12 03:30:00+01:00,68.59508479800748,60.97
2025-11-12 03:45:00+01:00,68.31350719155681,61.0
2025-11-12 04:00:00+01:00,67.43462320618698,60.89
2025-11-12 04:15:00+01:00,68.39383981243073,63.22
2025-11-12 04:30:00+01:00,71.21126125832521,63.78
2025-11-12 04:45:00+01:00,72.25047616830435,61.31
2025-11-12 05:00:00+01:00,66.53963009706675,63.99
2025-11-12 05:15:00+01:00,73.07217845898717,66.28
2025-11-12 05:30:00+01:00,79.87099164220663,74.12
2025-11-12 05:45:00+01:00,82.65070383585521,72.81
2025-11-12 06:00:00+01:00,70.05207585741925,59.39
2025-11-12 06:15:00+01:00,92.91087312441834,77.21
2025-11-12 06:30:00+01:00,96.76509237988708,76.4
2025-11-12 06:45:00+01:00,103.50828061052992,94.99
2025-11-12 07:00:00+01:00,83.74797862245637,105.94
2025-11-12 07:15:00+01:00,89.53392404968528,107.55
2025-11-12 07:30:00+01:00,91.40039384427081,110.46
2025-11-12 07:45:00+01:00,118.1357874178933,105.09
2025-11-12 08:00:00+01:00,100.8848759053691,134.39
2025-11-12 08:15:00+01:00,92.47490677520008,109.73
2025-11-12 08:30:00+01:00,86.39206805215865,103.55
2025-11-12 08:45:00+01:00,73.49472139584731,55.22
2025-11-12 09:00:00+01:00,95.60064912927932,107.02
2025-11-12 09:15:00+01:00,80.73877828147727,83.19
2025-11-12 09:30:00+01:00,72.17010911263324,71.36
2025-11-12 09:45:00+01:00,62.8998912404966,50.88
2025-11-12 10:00:00+01:00,81.66966609880723,88.59
2025-11-12 10:15:00+01:00,72.16571434058045,72.2
2025-11-12 10:30:00+01:00,64.03735557724862,70.99
2025-11-12 10:45:00+01:00,60.499695590173545,54.33
2025-11-12 11:00:00+01:00,60.507681156093355,72.22
2025-11-12 11:15:00+01:00,52.52129595649089,58.88
2025-11-12 11:30:00+01:00,52.991850724060285,55.06
2025-11-12 11:45:00+01:00,52.30018430847696,53.86
2025-11-12 12:00:00+01:00,61.165220122350256,52.5
2025-11-12 12:15:00+01:00,60.73348094117245,54.12
2025-11-12 12:30:00+01:00,61.842690535821234,58.91
2025-11-12 12:45:00+01:00,63.14301317674471,71.01
2025-11-12 13:00:00+01:00,62.7446543416937,53.0
2025-11-12 13:15:00+01:00,66.65709107387569,64.83
2025-11-12 13:30:00+01:00,74.68636418703298,83.87
2025-11-12 13:45:00+01:00,72.49031061908963,93.37
2025-11-12 14:00:00+01:00,66.97527291204574,61.48
2025-11-12 14:15:00+01:00,77.40489227012135,57.24
2025-11-12 14:30:00+01:00,83.2332713485859,80.0
2025-11-12 14:45:00+01:00,93.69435289303016,122.98
2025-11-12 15:00:00+01:00,79.80807374172606,65.85
2025-11-12 15:15:00+01:00,91.80209351177446,92.64
2025-11-12 15:30:00+01:00,104.27752079866914,127.0
2025-11-12 15:45:00+01:00,122.87845274681206,134.39
2025-11-12 16:00:00+01:00,109.62473590813252,100.0
2025-11-12 16:15:00+01:00,117.86212120213835,114.0
2025-11-12 16:30:00+01:00,127.58625473037353,116.0
2025-11-12 16:45:00+01:00,141.87712506815407,124.5
2025-11-12 17:00:00+01:00,129.62106971590322,117.21
2025-11-12 17:15:00+01:00,124.53041232796451,115.99
2025-11-12 17:30:00+01:00,117.21769281125871,119.0
2025-11-12 17:45:00+01:00,112.4434410461143,109.38
2025-11-12 18:00:00+01:00,109.09453784348939,115.99
2025-11-12 18:15:00+01:00,102.74060362832907,109.9
2025-11-12 18:30:00+01:00,93.7757731209442,99.05
2025-11-12 18:45:00+01:00,85.88523155431629,94.53
2025-11-12 19:00:00+01:00,103.19998445796307,99.35
2025-11-12 19:15:00+01:00,96.35319221987133,87.42
2025-11-12 19:30:00+01:00,93.3655771736133,87.21
2025-11-12 19:45:00+01:00,91.93923441026632,81.73
2025-11-12 20:00:00+01:00,109.24707682533707,85.5
2025-11-12 20:15:00+01:00,101.83341347744616,84.81
2025-11-12 20:30:00+01:00,98.95633159472119,86.03
2025-11-12 20:45:00+01:00,95.82130959705574,67.44
2025-11-12 21:00:00+01:00,84.73305155908912,106.53
2025-11-12 21:15:00+01:00,77.60185250708858,86.02
2025-11-12 21:30:00+01:00,64.4087485011465,63.0
2025-11-12 21:45:00+01:00,52.553439594907346,52.07
2025-11-12 22:00:00+01:00,90.29015105607797,102.13
2025-11-12 22:15:00+01:00,79.16124933503829,79.43
2025-11-12 22:30:00+01:00,69.39708430376747,64.63
2025-11-12 22:45:00+01:00,59.310089553737626,55.99
2025-11-12 23:00:00+01:00,82.57962769920783,73.57
2025-11-12 23:15:00+01:00,71.19542179796149,64.53
2025-11-12 23:30:00+01:00,64.17531397322409,51.41
2025-11-12 23:45:00+01:00,54.85636456380622,38.23
2025-11-13 00:00:00+01:00,66.18372383965637,44.57
2025-11-13 00:15:00+01:00,59.24334438803843,36.24
2025-11-13 00:30:00+01:00,55.100497119695675,30.88
2025-11-13 00:45:00+01:00,49.59642023950808,19.98
2025-11-13 01:00:00+01:00,59.138803600778544,25.37
2025-11-13 01:15:00+01:00,52.9764460991132,19.03
2025-11-13 01:30:00+01:00,49.260413620858806,17.26
2025-11-13 01:45:00+01:00,47.111469860407645,14.23
2025-11-13 02:00:00+01:00,53.660232239175855,14.2
2025-11-13 02:15:00+01:00,49.80187482567378,13.36
2025-11-13 02:30:00+01:00,50.436366412374156,9.25
2025-11-13 02:45:00+01:00,48.37327627025118,7.94
2025-11-13 03:00:00+01:00,49.11095746278091,8.57
2025-11-13 03:15:00+01:00,48.42050291398218,8.09
2025-11-13 03:30:00+01:00,40.591933139227876,7.91
2025-11-13 03:45:00+01:00,40.52826271178306,6.55
2025-11-13 04:00:00+01:00,47.38768228751563,5.64
2025-11-13 04:15:00+01:00,48.62644986799539,5.63
2025-11-13 04:30:00+01:00,51.37545379265154,5.63
2025-11-13 04:45:00+01:00,52.42431292923584,7.1
2025-11-13 05:00:00+01:00,51.884235257709356,9.18
2025-11-13 05:15:00+01:00,57.07525678848211,15.63
2025-11-13 05:30:00+01:00,62.56858138372809,32.1
2025-11-13 05:45:00+01:00,67.1242726707982,46.98
2025-11-13 06:00:00+01:00,38.52805426318572,33.77
2025-11-13 06:15:00+01:00,79.436592333085,54.99
2025-11-13 06:30:00+01:00,84.11641748839696,57.17
2025-11-13 06:45:00+01:00,92.00331276512425,57.61
2025-11-13 07:00:00+01:00,85.74366639926168,56.18
2025-11-13 07:15:00+01:00,98.41074417319427,85.02
2025-11-13 07:30:00+01:00,98.00050438461413,86.11
2025-11-13 07:45:00+01:00,93.78469171068464,80.07
2025-11-13 08:00:00+01:00,108.44841084637393,85.29
2025-11-13 08:15:00+01:00,95.15532299710378,67.91
2025-11-13 08:30:00+01:00,86.91867404946206,51.65
2025-11-13 08:45:00+01:00,61.809231823206815,59.48
2025-11-13 09:00:00+01:00,83.55590596132343,58.79
2025-11-13 09:15:00+01:00,63.03039525218256,56.76
2025-11-13 09:30:00+01:00,49.641578230240086,50.6
2025-11-13 09:45:00+01:00,30.361406477511792,48.29
2025-11-13 10:00:00+01:00,66.36302864291248,58.51
2025-11-13 10:15:00+01:00,56.75295843812202,50.4
2025-11-13 10:30:00+01:00,46.71362324251761,47.59
2025-11-13 10:45:00+01:00,36.92164181705045,44.79
2025-11-13 11:00:00+01:00,41.05709300754283,47.25
2025-11-13 11:15:00+01:00,32.18333656270016,36.95
2025-11-13 11:30:00+01:00,25.384231229294656,40.07
2025-11-13 11:45:00+01:00,22.108613960662147,47.57
2025-11-13 12:00:00+01:00,31.612364256377692,42.05
2025-11-13 12:15:00+01:00,36.81013018386647,46.86
2025-11-13 12:30:00+01:00,36.88229603985462,51.23
2025-11-13 12:45:00+01:00,38.985417138916375,52.22
2025-11-13 13:00:00+01:00,37.879824007481226,50.41
2025-11-13 13:15:00+01:00,43.68921482556371,52.21
2025-11-13 13:30:00+01:00,52.66947326054033,68.01
2025-11-13 13:45:00+01:00,47.14731053478613,71.66
2025-11-13 14:00:00+01:00,51.026048376172255,48.49
2025-11-13 14:15:00+01:00,57.90842296629334,64.37
2025-11-13 14:30:00+01:00,68.8893685458066,80.27
2025-11-13 14:45:00+01:00,82.38273546700367,116.21
2025-11-13 15:00:00+01:00,63.927556959066116,66.94
2025-11-13 15:15:00+01:00,81.33510311050283,85.44
2025-11-13 15:30:00+01:00,103.04344679200086,118.21
2025-11-13 15:45:00+01:00,118.08539229010366,136.07
2025-11-13 16:00:00+01:00,86.7946064335278,75.35
2025-11-13 16:15:00+01:00,99.59697217314591,118.17
2025-11-13 16:30:00+01:00,112.60355448904461,129.6
2025-11-13 16:45:00+01:00,130.3196657364586,122.93
2025-11-13 17:00:00+01:00,114.78654137561762,114.95
2025-11-13 17:15:00+01:00,122.94604461236669,128.49
2025-11-13 17:30:00+01:00,132.09214754795164,134.41
2025-11-13 17:45:00+01:00,136.4825825606689,142.55
2025-11-13 18:00:00+01:00,124.40561236134107,125.67
2025-11-13 18:15:00+01:00,124.36488660896472,128.47
2025-11-13 18:30:00+01:00,123.01039959424439,134.35
2025-11-13 18:45:00+01:00,122.32703556509598,138.72
2025-11-13 19:00:00+01:00,124.97256505516005,132.32
2025-11-13 19:15:00+01:00,122.83462217667221,130.57
2025-11-13 19:30:00+01:00,120.16666959814903,130.15
2025-11-13 19:45:00+01:00,118.70212014120312,126.51
2025-11-13 20:00:00+01:00,135.3860340553386,122.99
2025-11-13 20:15:00+01:00,130.47474063711633,107.94
2025-11-13 20:30:00+01:00,127.91500131058959,102.16
2025-11-13 20:45:00+01:00,124.2081210468856,114.29
2025-11-13 21:00:00+01:00,131.9509009666419,131.32
2025-11-13 21:15:00+01:00,118.87396863651264,123.82
2025-11-13 21:30:00+01:00,111.46189439500476,111.33
2025-11-13 21:45:00+01:00,104.66057782009801,99.96
2025-11-13 22:00:00+01:00,120.48396818445677,127.32
2025-11-13 22:15:00+01:00,111.26887585032513,114.18
2025-11-13 22:30:00+01:00,107.324669247289,103.83
2025-11-13 22:45:00+01:00,101.04695639843986,97.01
2025-11-13 23:00:00+01:00,107.58327761302169,117.09
2025-11-13 23:15:00+01:00,100.45058993589286,109.52
2025-11-13 23:30:00+01:00,97.2807011877145,100.01
2025-11-13 23:45:00+01:00,92.86262251401445,84.47
2025-11-14 00:00:00+01:00,110.82408381341548,97.96
2025-11-14 00:15:00+01:00,107.1806434396384,94.94
2025-11-14 00:30:00+01:00,101.25145895732521,101.3
2025-11-14 00:45:00+01:00,93.89180335772471,99.57
2025-11-14 01:00:00+01:00,103.23354355626607,96.96
2025-11-14 01:15:00+01:00,98.82535740334801,91.72
2025-11-14 01:30:00+01:00,95.53307104217623,98.89
2025-11-14 01:45:00+01:00,92.99282962889865,95.64
2025-11-14 02:00:00+01:00,99.21955425900619,98.65
2025-11-14 02:15:00+01:00,94.81952380954996,97.3
2025-11-14 02:30:00+01:00,94.85405378897417,97.09
2025-11-14 02:45:00+01:00,93.45403850081112,86.69
2025-11-14 03:00:00+01:00,93.07780800896529,90.79
2025-11-14 03:15:00+01:00,92.42828708679203,89.83
2025-11-14 03:30:00+01:00,92.5082093382385,90.62
2025-11-14 03:45:00+01:00,91.1417729177851,94.88
2025-11-14 04:00:00+01:00,90.49830870131134,88.83
2025-11-14 04:15:00+01:00,89.31554196320707,90.07
2025-11-14 04:30:00+01:00,92.88187115988985,93.05
2025-11-14 04:45:00+01:00,93.05885554333796,96.57
2025-11-14 05:00:00+01:00,87.5138247009382,95.69
2025-11-14 05:15:00+01:00,90.5669537412585,92.08
2025-11-14 05:30:00+01:00,98.68664023129915,86.08
2025-11-14 05:45:00+01:00,101.02369004072574,92.56
2025-11-14 06:00:00+01:00,89.09647667995644,97.64
2025-11-14 06:15:00+01:00,112.09047567576069,113.1
2025-11-14 06:30:00+01:00,112.52144733198607,112.87
2025-11-14 06:45:00+01:00,125.17658983719537,127.5
2025-11-14 07:00:00+01:00,134.54758964710746,131.0
2025-11-14 07:15:00+01:00,140.55932651915313,140.0
2025-11-14 07:30:00+01:00,143.8389589819953,139.99
2025-11-14 07:45:00+01:00,152.78428804865513,142.4
2025-11-14 08:00:00+01:00,193.55563163191943,153.68
2025-11-14 08:15:00+01:00,160.6806444789891,140.31
2025-11-14 08:30:00+01:00,139.8195045560469,132.54
2025-11-14 08:45:00+01:00,117.49288192599347,119.01
2025-11-14 09:00:00+01:00,153.44201640539148,134.74
2025-11-14 09:15:00+01:00,122.87151602205576,121.93
2025-11-14 09:30:00+01:00,103.8340585052831,119.9
2025-11-14 09:45:00+01:00,100.01324910363901,107.04
2025-11-14 10:00:00+01:00,133.72352873435113,122.8
2025-11-14 10:15:00+01:00,118.26564061454533,115.64
2025-11-14 10:30:00+01:00,105.9200345062863,106.17
2025-11-14 10:45:00+01:00,91.14906680985784,103.5
2025-11-14 11:00:00+01:00,89.86008129156495,110.37
2025-11-14 11:15:00+01:00,78.64287641704112,106.29
2025-11-14 11:30:00+01:00,73.73509699259344,105.23
2025-11-14 11:45:00+01:00,72.93561999098307,102.25
2025-11-14 12:00:00+01:00,86.9817975166032,102.1
2025-11-14 12:15:00+01:00,87.01075256328578,100.0
2025-11-14 12:30:00+01:00,89.19640257119437,99.55
2025-11-14 12:45:00+01:00,93.31331513007459,103.25
2025-11-14 13:00:00+01:00,93.64932656384104,102.19
2025-11-14 13:15:00+01:00,101.31673034899259,101.52
2025-11-14 13:30:00+01:00,114.27001159361438,105.28
2025-11-14 13:45:00+01:00,115.98288719838942,112.7
2025-11-14 14:00:00+01:00,97.67157857068435,103.69
2025-11-14 14:15:00+01:00,116.55033403227897,110.7
2025-11-14 14:30:00+01:00,129.18323766163482,101.27
2025-11-14 14:45:00+01:00,154.85202507286962,112.59
2025-11-14 15:00:00+01:00,101.31106355151061,112.71
2025-11-14 15:15:00+01:00,120.76329503599615,107.77
2025-11-14 15:30:00+01:00,146.01882443102357,117.26
2025-11-14 15:45:00+01:00,162.4544689385478,123.83
2025-11-14 16:00:00+01:00,124.77480552004297,117.04
2025-11-14 16:15:00+01:00,142.67042177060662,124.91
2025-11-14 16:30:00+01:00,160.42019343196333,106.9
2025-11-14 16:45:00+01:00,172.7944340840093,115.01
2025-11-14 17:00:00+01:00,137.124200204984,135.55
2025-11-14 17:15:00+01:00,161.27893391536122,134.26
2025-11-14 17:30:00+01:00,186.5131434298226,130.94
2025-11-14 17:45:00+01:00,175.97941250033205,125.53
2025-11-14 18:00:00+01:00,140.90114604568691,121.17
2025-11-14 18:15:00+01:00,141.5368417377679,106.01
2025-11-14 18:30:00+01:00,150.84991823926063,117.06
2025-11-14 18:45:00+01:00,150.6048119684394,135.0
2025-11-14 19:00:00+01:00,135.85199248613577,124.96
2025-11-14 19:15:00+01:00,132.4731282957739,102.29
2025-11-14 19:30:00+01:00,127.2319813525882,100.0
2025-11-14 19:45:00+01:00,124.41849052431925,98.71
2025-11-14 20:00:00+01:00,131.67155283165206,101.25
2025-11-14 20:15:00+01:00,124.52620496542558,94.69
2025-11-14 20:30:00+01:00,120.07464353185848,98.42
2025-11-14 20:45:00+01:00,118.01737241856716,101.3
2025-11-14 21:00:00+01:00,105.72194647479247,102.7
2025-11-14 21:15:00+01:00,91.07392875615925,89.06
2025-11-14 21:30:00+01:00,75.50559043290971,92.94
2025-11-14 21:45:00+01:00,64.87659749886254,87.95
2025-11-14 22:00:00+01:00,103.74819307369957,103.2
2025-11-14 22:15:00+01:00,93.9606679019115,101.22
2025-11-14 22:30:00+01:00,89.31192286450955,99.72
2025-11-14 22:45:00+01:00,80.42471842834662,83.92
2025-11-14 23:00:00+01:00,99.8356410174799,98.68
2025-11-14 23:15:00+01:00,89.53831293794305,85.12
2025-11-14 23:30:00+01:00,82.3347674484604,72.97
2025-11-14 23:45:00+01:00,75.71338813725654,57.83
2025-11-15 00:00:00+01:00,85.15148223280288,85.67
2025-11-15 00:15:00+01:00,78.0186152786683,78.99
2025-11-15 00:30:00+01:00,72.52425063524274,78.58
2025-11-15 00:45:00+01:00,67.24171820102693,66.27
2025-11-15 01:00:00+01:00,77.56681014505982,83.9
2025-11-15 01:15:00+01:00,71.84423460210303,81.59
2025-11-15 01:30:00+01:00,69.12618702280896,75.97
2025-11-15 01:45:00+01:00,67.01113114943324,70.34
2025-11-15 02:00:00+01:00,73.75779542331637,81.24
2025-11-15 02:15:00+01:00,69.77084742352457,75.07
2025-11-15 02:30:00+01:00,69.41293963752815,73.9
2025-11-15 02:45:00+01:00,66.76560711284856,68.66
2025-11-15 03:00:00+01:00,68.63784005595231,76.0
2025-11-15 03:15:00+01:00,69.03876364298605,69.39
2025-11-15 03:30:00+01:00,69.49196740868467,74.16
2025-11-15 03:45:00+01:00,69.38528973957916,72.57
2025-11-15 04:00:00+01:00,65.27408220257897,77.16
2025-11-15 04:15:00+01:00,66.3510296356934,73.94
2025-11-15 04:30:00+01:00,70.04482467805843,68.64
2025-11-15 04:45:00+01:00,72.42379554357682,69.06
2025-11-15 05:00:00+01:00,63.692133907905486,66.21
2025-11-15 05:15:00+01:00,66.76090014619471,66.91
2025-11-15 05:30:00+01:00,74.01809766703532,69.23
2025-11-15 05:45:00+01:00,77.3773012971789,80.11
2025-11-15 06:00:00+01:00,17.997849189061682,55.15
2025-11-15 06:15:00+01:00,79.62428116919622,66.7
2025-11-15 06:30:00+01:00,84.02169170887946,70.26
2025-11-15 06:45:00+01:00,90.24729404775694,80.52
2025-11-15 07:00:00+01:00,54.11822144768614,77.02
2025-11-15 07:15:00+01:00,70.64117833119033,77.91
2025-11-15 07:30:00+01:00,72.9939584265368,77.87
2025-11-15 07:45:00+01:00,73.48628195324284,75.42
2025-11-15 08:00:00+01:00,95.77036304583781,74.37
2025-11-15 08:15:00+01:00,84.08581858091023,75.05
2025-11-15 08:30:00+01:00,78.52841367537715,86.93
2025-11-15 08:45:00+01:00,62.092766841834965,83.91
2025-11-15 09:00:00+01:00,96.81525820786221,85.34
2025-11-15 09:15:00+01:00,85.54927002090696,80.35
2025-11-15 09:30:00+01:00,78.24669917439586,89.91
2025-11-15 09:45:00+01:00,66.04153228965235,85.34
2025-11-15 10:00:00+01:00,92.13389750250019,86.85
2025-11-15 10:15:00+01:00,82.00375278221155,85.94
2025-11-15 10:30:00+01:00,75.43543221271723,83.26
2025-11-15 10:45:00+01:00,74.91108585585509,86.4
2025-11-15 11:00:00+01:00,99.84297330587572,86.32
2025-11-15 11:15:00+01:00,95.93839730547731,85.68
2025-11-15 11:30:00+01:00,95.5081888207823,86.13
2025-11-15 11:45:00+01:00,91.8126554112759,83.56
2025-11-15 12:00:00+01:00,83.38964740436289,80.74
2025-11-15 12:15:00+01:00,82.24382356607317,81.24
2025-11-15 12:30:00+01:00,82.10130988036586,87.28
2025-11-15 12:45:00+01:00,82.18665772976313,87.51
2025-11-15 13:00:00+01:00,81.63428452702156,85.99
2025-11-15 13:15:00+01:00,83.00146444745916,93.42
2025-11-15 13:30:00+01:00,86.45958506106336,89.31
2025-11-15 13:45:00+01:00,89.65783235337936,93.95
2025-11-15 14:00:00+01:00,92.04516827650734,89.91
2025-11-15 14:15:00+01:00,99.62700468941281,89.92
2025-11-15 14:30:00+01:00,106.20505065747157,89.91
2025-11-15 14:45:00+01:00,114.63954009457966,108.87
2025-11-15 15:00:00+01:00,122.8255665274497,95.82
2025-11-15 15:15:00+01:00,127.28824317488528,106.91
2025-11-15 15:30:00+01:00,133.6644665133245,91.28
2025-11-15 15:45:00+01:00,150.42561573335723,110.76
2025-11-15 16:00:00+01:00,112.75203772613956,106.37
2025-11-15 16:15:00+01:00,126.23683947202642,101.5
2025-11-15 16:30:00+01:00,125.45715609780521,110.3
2025-11-15 16:45:00+01:00,138.16583322249375,121.0
2025-11-15 17:00:00+01:00,115.92691648890414,114.26
2025-11-15 17:15:00+01:00,124.41913512951402,125.02
2025-11-15 17:30:00+01:00,126.4421156836467,125.01
2025-11-15 17:45:00+01:00,134.67467853224997,122.91
2025-11-15 18:00:00+01:00,127.09322111632669,125.04
2025-11-15 18:15:00+01:00,121.84196553831389,126.39
2025-11-15 18:30:00+01:00,130.92847152423934,120.84
2025-11-15 18:45:00+01:00,136.07851616091148,113.82
2025-11-15 19:00:00+01:00,133.62772423927134,117.9
2025-11-15 19:15:00+01:00,132.29376701025595,110.6
2025-11-15 19:30:00+01:00,130.15769713177522,117.56
2025-11-15 19:45:00+01:00,127.02049718531151,110.2
2025-11-15 20:00:00+01:00,120.32726369620089,110.98
2025-11-15 20:15:00+01:00,116.80908992756305,118.68
2025-11-15 20:30:00+01:00,114.51026750547679,108.16
2025-11-15 20:45:00+01:00,112.72634116796638,98.68
2025-11-15 21:00:00+01:00,113.5740058321769,105.62
2025-11-15 21:15:00+01:00,107.07146437370888,103.29
2025-11-15 21:30:00+01:00,101.8917712481796,102.64
2025-11-15 21:45:00+01:00,95.71214789231134,99.99
2025-11-15 22:00:00+01:00,115.11363322801039,108.66
2025-11-15 22:15:00+01:00,110.76267669439392,103.21
2025-11-15 22:30:00+01:00,106.8388715030137,100.03
2025-11-15 22:45:00+01:00,100.21456710672038,94.97
2025-11-15 23:00:00+01:00,108.54690975216641,105.39
2025-11-15 23:15:00+01:00,99.9428100932563,100.0
2025-11-15 23:30:00+01:00,97.14066288570152,98.79
2025-11-15 23:45:00+01:00,93.55458068301733,87.29
2025-11-16 00:00:00+01:00,100.38266029695968,96.71
2025-11-16 00:15:00+01:00,98.26846645847138,93.15
2025-11-16 00:30:00+01:00,95.57365114360523,92.08
2025-11-16 00:45:00+01:00,91.52699890051274,93.05
2025-11-16 01:00:00+01:00,96.09390932442471,97.78
2025-11-16 01:15:00+01:00,94.2055092698635,91.71
2025-11-16 01:30:00+01:00,93.1226956335945,96.65
2025-11-16 01:45:00+01:00,91.72524114238519,93.86
2025-11-16 02:00:00+01:00,94.80403038947244,93.27
2025-11-16 02:15:00+01:00,92.80892759465992,88.56
2025-11-16 02:30:00+01:00,92.99841269668295,95.81
2025-11-16 02:45:00+01:00,91.28204714050837,95.76
2025-11-16 03:00:00+01:00,91.28311236706621,96.81
2025-11-16 03:15:00+01:00,94.44244018175456,94.75
2025-11-16 03:30:00+01:00,95.39056362738654,87.09
2025-11-16 03:45:00+01:00,94.90042528863049,87.15
2025-11-16 04:00:00+01:00,89.71338688725241,90.81
2025-11-16 04:15:00+01:00,89.8135690131442,88.21
2025-11-16 04:30:00+01:00,90.9207590808089,87.1
2025-11-16 04:45:00+01:00,91.12179310255385,86.74
2025-11-16 05:00:00+01:00,89.78975048346955,97.99
2025-11-16 05:15:00+01:00,91.01158316653306,90.41
2025-11-16 05:30:00+01:00,95.68584497968712,89.05
2025-11-16 05:45:00+01:00,96.19098424237121,87.07
2025-11-16 06:00:00+01:00,93.07339130371055,81.65
2025-11-16 06:15:00+01:00,102.38027282737238,86.92
2025-11-16 06:30:00+01:00,106.44325668303236,87.03
2025-11-16 06:45:00+01:00,106.81021731416041,87.09
2025-11-16 07:00:00+01:00,110.62605589477138,87.08
2025-11-16 07:15:00+01:00,104.47167688446763,98.16
2025-11-16 07:30:00+01:00,102.31002006471556,88.34
2025-11-16 07:45:00+01:00,103.75289046142343,96.37
2025-11-16 08:00:00+01:00,108.64373600861363,99.1
2025-11-16 08:15:00+01:00,112.23455821034759,99.1
2025-11-16 08:30:00+01:00,108.17255393799022,99.83
2025-11-16 08:45:00+01:00,96.53373789515884,95.93
2025-11-16 09:00:00+01:00,113.25624283069338,102.31
2025-11-16 09:15:00+01:00,108.55457583914341,101.76
2025-11-16 09:30:00+01:00,105.43495431701382,100.73
2025-11-16 09:45:00+01:00,96.55586222967763,99.94
2025-11-16 10:00:00+01:00,113.95459724932823,100.3
2025-11-16 10:15:00+01:00,109.80794207204272,99.55
2025-11-16 10:30:00+01:00,106.82612478679167,97.84
2025-11-16 10:45:00+01:00,105.72498165255786,99.42
2025-11-16 11:00:00+01:00,111.74054283333983,102.12
2025-11-16 11:15:00+01:00,110.56408414722864,103.86
2025-11-16 11:30:00+01:00,110.23726569248993,103.62
2025-11-16 11:45:00+01:00,107.37954287311189,100.67
2025-11-16 12:00:00+01:00,110.41397007711797,105.58
2025-11-16 12:15:00+01:00,107.44966138985394,101.2
2025-11-16 12:30:00+01:00,107.26683094920934,101.82
2025-11-16 12:45:00+01:00,108.31684035032127,101.27
2025-11-16 13:00:00+01:00,104.02233678654298,103.21
2025-11-16 13:15:00+01:00,104.91950095336634,106.63
2025-11-16 13:30:00+01:00,105.38296718752844,102.18
2025-11-16 13:45:00+01:00,107.20521279071242,103.97
2025-11-16 14:00:00+01:00,102.55924605307928,100.78
2025-11-16 14:15:00+01:00,112.77245392359191,109.6
2025-11-16 14:30:00+01:00,114.47512304241275,112.81
2025-11-16 14:45:00+01:00,122.03074565798826,113.87
2025-11-16 15:00:00+01:00,114.62802940405423,107.38
2025-11-16 15:15:00+01:00,122.43762478238509,113.55
2025-11-16 15:30:00+01:00,124.2630534365311,118.89
2025-11-16 15:45:00+01:00,135.3766867296873,127.06
2025-11-16 16:00:00+01:00,104.68338999721135,116.32
2025-11-16 16:15:00+01:00,114.23306875116336,121.55
2025-11-16 16:30:00+01:00,116.54593720960725,124.93
2025-11-16 16:45:00+01:00,126.73283276254219,135.18
2025-11-16 17:00:00+01:00,132.99118362902323,123.83
2025-11-16 17:15:00+01:00,144.01055691491422,128.9
2025-11-16 17:30:00+01:00,145.28211364540223,132.94
2025-11-16 17:45:00+01:00,141.65700622562514,131.82
2025-11-16 18:00:00+01:00,128.50961559429868,129.5
2025-11-16 18:15:00+01:00,131.76180886932258,125.13
2025-11-16 18:30:00+01:00,128.79418964779575,124.71
2025-11-16 18:45:00+01:00,127.2900773646735,121.5
2025-11-16 19:00:00+01:00,132.968870883212,120.2
2025-11-16 19:15:00+01:00,133.96482941448934,116.98
2025-11-16 19:30:00+01:00,130.0793850068565,116.05
2025-11-16 19:45:00+01:00,128.40964651824916,108.09
2025-11-16 20:00:00+01:00,136.01729094102285,111.96
2025-11-16 20:15:00+01:00,131.46174108353898,103.27
2025-11-16 20:30:00+01:00,128.12906420465941,100.0
2025-11-16 20:45:00+01:00,125.52798924870952,95.64
2025-11-16 21:00:00+01:00,110.56325381628236,94.38
2025-11-16 21:15:00+01:00,105.60397655815761,91.04
2025-11-16 21:30:00+01:00,102.5732249457067,93.03
2025-11-16 21:45:00+01:00,97.49588297476777,87.19
2025-11-16 22:00:00+01:00,107.71382065365265,99.99
2025-11-16 22:15:00+01:00,103.75506889278422,96.31
2025-11-16 22:30:00+01:00,101.35361127303597,90.74
2025-11-16 22:45:00+01:00,96.04350551302187,90.5
2025-11-16 23:00:00+01:00,100.40398069948287,100.02
2025-11-16 23:15:00+01:00,94.93575820091928,86.78
2025-11-16 23:30:00+01:00,91.59651583457162,84.78
2025-11-16 23:45:00+01:00,86.70438764888262,74.53
2025-11-17 00:00:00+01:00,91.69614078460317,90.05
2025-11-17 00:15:00+01:00,86.56684359288327,88.84
2025-11-17 00:30:00+01:00,83.58777184861289,90.04
2025-11-17 00:45:00+01:00,80.87969637434347,84.23
2025-11-17 01:00:00+01:00,85.90448982404924,86.36
2025-11-17 01:15:00+01:00,81.21898932443399,82.26
2025-11-17 01:30:00+01:00,80.2582270540135,79.7
2025-11-17 01:45:00+01:00,79.1206221672032,73.91
2025-11-17 02:00:00+01:00,80.04785508534626,78.13
2025-11-17 02:15:00+01:00,78.30464949418007,74.67
2025-11-17 02:30:00+01:00,78.81000817073223,72.7
2025-11-17 02:45:00+01:00,77.70739166526336,70.85
2025-11-17 03:00:00+01:00,78.29622062197176,72.35
2025-11-17 03:15:00+01:00,77.74081019303983,70.61
2025-11-17 03:30:00+01:00,78.56149721707558,71.24
2025-11-17 03:45:00+01:00,78.89106407649284,71.09
2025-11-17 04:00:00+01:00,79.03220517802758,71.39
2025-11-17 04:15:00+01:00,78.19535919839129,71.5
2025-11-17 04:30:00+01:00,80.01497515575356,74.01
2025-11-17 04:45:00+01:00,81.10586553814214,79.48
2025-11-17 05:00:00+01:00,82.26714102439261,71.71
2025-11-17 05:15:00+01:00,83.57423126200933,82.86
2025-11-17 05:30:00+01:00,87.51961359259282,87.78
2025-11-17 05:45:00+01:00,89.64165913646649,92.05
2025-11-17 06:00:00+01:00,80.95514595184105,85.87
2025-11-17 06:15:00+01:00,103.25031022121787,94.13
2025-11-17 06:30:00+01:00,108.03318651049999,86.31
2025-11-17 06:45:00+01:00,113.45450241175564,92.05
2025-11-17 07:00:00+01:00,121.26161956905291,110.05
2025-11-17 07:15:00+01:00,131.14665646393297,115.3
2025-11-17 07:30:00+01:00,133.28405877316925,114.98
2025-11-17 07:45:00+01:00,134.95673585127557,119.14
2025-11-17 08:00:00+01:00,149.21098068071842,123.04
2025-11-17 08:15:00+01:00,135.15849985023613,130.09
2025-11-17 08:30:00+01:00,132.3336745573793,129.16
2025-11-17 08:45:00+01:00,121.67340848728355,125.68
2025-11-17 09:00:00+01:00,155.65440814229783,122.44
2025-11-17 09:15:00+01:00,128.7731691538171,128.78
2025-11-17 09:30:00+01:00,116.61914214113304,126.31
2025-11-17 09:45:00+01:00,106.84909096906782,109.22
2025-11-17 10:00:00+01:00,125.62403802265841,124.89
2025-11-17 10:15:00+01:00,116.20969721474904,110.1
2025-11-17 10:30:00+01:00,112.79683191614308,96.55
2025-11-17 10:45:00+01:00,107.71983407952762,89.32
2025-11-17 11:00:00+01:00,106.57599630215661,91.35
2025-11-17 11:15:00+01:00,104.76580774011614,84.19
2025-11-17 11:30:00+01:00,104.67627769154998,83.81
2025-11-17 11:45:00+01:00,100.92299545551633,78.22
2025-11-17 12:00:00+01:00,110.10547714953962,81.78
2025-11-17 12:15:00+01:00,108.41356536617465,77.5
2025-11-17 12:30:00+01:00,108.66488172800447,77.04
2025-11-17 12:45:00+01:00,108.7963094214029,74.9
2025-11-17 13:00:00+01:00,110.68342115119289,73.22
2025-11-17 13:15:00+01:00,113.35058487019072,76.31
2025-11-17 13:30:00+01:00,120.56490735558216,77.92
2025-11-17 13:45:00+01:00,123.34870746132393,83.69
2025-11-17 14:00:00+01:00,109.94201306171753,85.04
2025-11-17 14:15:00+01:00,115.0024271069804,85.07
2025-11-17 14:30:00+01:00,121.24522340946737,84.54
2025-11-17 14:45:00+01:00,126.57530148658282,93.49
2025-11-17 15:00:00+01:00,112.0729283098783,84.15
2025-11-17 15:15:00+01:00,118.4536087045135,96.3
2025-11-17 15:30:00+01:00,121.63827212747202,101.99
2025-11-17 15:45:00+01:00,132.9921433228007,107.64
2025-11-17 16:00:00+01:00,119.64683244327523,101.79
2025-11-17 16:15:00+01:00,132.11873395906474,108.31
2025-11-17 16:30:00+01:00,138.84707689578588,106.98
2025-11-17 16:45:00+01:00,158.87776294964488,112.2
2025-11-17 17:00:00+01:00,160.51252938198184,114.3
2025-11-17 17:15:00+01:00,158.2044953519462,118.26
2025-11-17 17:30:00+01:00,163.28982069589668,117.86
2025-11-17 17:45:00+01:00,171.03707695512995,119.0
2025-11-17 18:00:00+01:00,158.79559090910485,119.7
2025-11-17 18:15:00+01:00,152.0870264317203,114.32
2025-11-17 18:30:00+01:00,147.05164889985016,115.85
2025-11-17 18:45:00+01:00,142.34020763251445,116.1
2025-11-17 19:00:00+01:00,150.62951204687744,114.59
2025-11-17 19:15:00+01:00,144.88782305834206,112.22
2025-11-17 19:30:00+01:00,140.28702843726828,108.72
2025-11-17 19:45:00+01:00,136.86512171412903,107.28
2025-11-17 20:00:00+01:00,130.11036293236305,107.98
2025-11-17 20:15:00+01:00,124.4602304275064,107.28
2025-11-17 20:30:00+01:00,118.53459551599846,104.32
2025-11-17 20:45:00+01:00,113.58340795040644,91.98
2025-11-17 21:00:00+01:00,110.15310686464973,101.42
2025-11-17 21:15:00+01:00,105.68401074555207,94.42
2025-11-17 21:30:00+01:00,100.15648030631874,90.24
2025-11-17 21:45:00+01:00,93.87457371797116,84.71
2025-11-17 22:00:00+01:00,105.01090870140737,93.6
2025-11-17 22:15:00+01:00,98.32294297033881,90.5
2025-11-17 22:30:00+01:00,97.52173659504194,90.01
2025-11-17 22:45:00+01:00,92.68869009004456,84.72
2025-11-17 23:00:00+01:00,98.83913788044795,90.45
2025-11-17 23:15:00+01:00,92.10723256018547,83.72
2025-11-17 23:30:00+01:00,89.68508060465948,78.39
2025-11-17 23:45:00+01:00,85.51077041620952,72.0
2025-11-18 00:00:00+01:00,82.05365130334675,89.07
2025-11-18 00:15:00+01:00,79.83353641420426,83.52
2025-11-18 00:30:00+01:00,76.73421287513273,85.98
2025-11-18 00:45:00+01:00,74.03604520813707,80.97
2025-11-18 01:00:00+01:00,78.97459434657507,86.66
2025-11-18 01:15:00+01:00,75.56487949239722,82.94
2025-11-18 01:30:00+01:00,72.60924101000114,82.33
2025-11-18 01:45:00+01:00,71.6692273291925,79.39
2025-11-18 02:00:00+01:00,76.44084117216791,81.29
2025-11-18 02:15:00+01:00,74.36098133472684,79.15
2025-11-18 02:30:00+01:00,73.58253642531267,78.88
2025-11-18 02:45:00+01:00,73.8830232877824,76.83
2025-11-18 03:00:00+01:00,74.10859780229411,78.21
2025-11-18 03:15:00+01:00,72.80070133246409,77.69
2025-11-18 03:30:00+01:00,72.04960655830853,77.62
2025-11-18 03:45:00+01:00,71.19131563684937,77.35
2025-11-18 04:00:00+01:00,73.03621356006724,76.88
2025-11-18 04:15:00+01:00,72.46110148720288,78.9
2025-11-18 04:30:00+01:00,73.36946714782745,81.58
2025-11-18 04:45:00+01:00,74.5519739802103,84.69
2025-11-18 05:00:00+01:00,75.98494094835183,76.78
2025-11-18 05:15:00+01:00,80.3791309302951,82.95
2025-11-18 05:30:00+01:00,84.18640836566725,86.06
2025-11-18 05:45:00+01:00,86.8415921461941,88.1
2025-11-18 06:00:00+01:00,80.55937220556328,87.15
2025-11-18 06:15:00+01:00,98.46396383063525,95.11
2025-11-18 06:30:00+01:00,102.9239331637261,91.55
2025-11-18 06:45:00+01:00,99.42544966323294,90.38
2025-11-18 07:00:00+01:00,95.02949387275892,102.37
2025-11-18 07:15:00+01:00,97.91551717391413,98.89
2025-11-18 07:30:00+01:00,102.2040054279638,107.79
2025-11-18 07:45:00+01:00,107.07101108283958,109.89
2025-11-18 08:00:00+01:00,116.57469114158856,132.09
2025-11-18 08:15:00+01:00,113.82053822776759,125.6
2025-11-18 08:30:00+01:00,112.65146369886975,118.92
2025-11-18 08:45:00+01:00,102.9361231010695,102.75
2025-11-18 09:00:00+01:00,110.73667028788819,133.83
2025-11-18 09:15:00+01:00,92.09025787276649,110.46
2025-11-18 09:30:00+01:00,93.44220429171519,97.72
2025-11-18 09:45:00+01:00,82.73877980529672,87.79
2025-11-18 10:00:00+01:00,99.4145943827217,101.55
2025-11-18 10:15:00+01:00,94.35682559148329,89.74
2025-11-18 10:30:00+01:00,92.61636063957819,89.31
2025-11-18 10:45:00+01:00,90.37084909844017,87.91
2025-11-18 11:00:00+01:00,87.00330560770243,87.13
2025-11-18 11:15:00+01:00,84.34251948514463,88.17
2025-11-18 11:30:00+01:00,80.96531109021281,89.55
2025-11-18 11:45:00+01:00,81.8407382785479,90.34
2025-11-18 12:00:00+01:00,84.97823234081471,89.11
2025-11-18 12:15:00+01:00,85.59276177641647,88.81
2025-11-18 12:30:00+01:00,83.75707311826334,89.36
2025-11-18 12:45:00+01:00,83.33090935107488,89.52
2025-11-18 13:00:00+01:00,88.42417311564486,90.46
2025-11-18 13:15:00+01:00,88.55092833273649,92.47
2025-11-18 13:30:00+01:00,90.0439936521171,89.12
2025-11-18 13:45:00+01:00,92.61980583976342,90.35
2025-11-18 14:00:00+01:00,77.62805683297316,89.11
2025-11-18 14:15:00+01:00,86.80331830125894,90.62
2025-11-18 14:30:00+01:00,101.12915180971424,101.93
2025-11-18 14:45:00+01:00,110.99419588015641,104.64
2025-11-18 15:00:00+01:00,89.59926386241008,106.38
2025-11-18 15:15:00+01:00,105.85246193472702,114.28
2025-11-18 15:30:00+01:00,113.75074516269447,125.73
2025-11-18 15:45:00+01:00,120.23755930168932,135.99
2025-11-18 16:00:00+01:00,115.896513586995,122.07
2025-11-18 16:15:00+01:00,121.92514879542958,136.0
2025-11-18 16:30:00+01:00,123.42085890618618,145.01
2025-11-18 16:45:00+01:00,131.17144505098142,164.57
2025-11-18 17:00:00+01:00,123.24482299196573,146.75
2025-11-18 17:15:00+01:00,129.19818476750686,155.29
2025-11-18 17:30:00+01:00,124.25129502041398,153.94
2025-11-18 17:45:00+01:00,126.8932265037376,150.66
2025-11-18 18:00:00+01:00,118.66992868061698,151.31
2025-11-18 18:15:00+01:00,121.25802621308603,144.51
2025-11-18 18:30:00+01:00,121.95597746910059,139.67
2025-11-18 18:45:00+01:00,119.4202607053963,139.72
2025-11-18 19:00:00+01:00,128.58201819398732,134.64
2025-11-18 19:15:00+01:00,125.55291638988847,132.76
2025-11-18 19:30:00+01:00,124.96278146913636,130.93
2025-11-18 19:45:00+01:00,123.85147533688678,126.27
2025-11-18 20:00:00+01:00,130.98112050591365,122.59
2025-11-18 20:15:00+01:00,127.02511781029585,104.66
2025-11-18 20:30:00+01:00,123.06261425259845,103.76
2025-11-18 20:45:00+01:00,119.71849358225909,97.51
2025-11-18 21:00:00+01:00,110.44136561780434,100.38
2025-11-18 21:15:00+01:00,105.58052861206119,92.61
2025-11-18 21:30:00+01:00,104.01636312687941,95.01
2025-11-18 21:45:00+01:00,97.85899238522262,90.57
2025-11-18 22:00:00+01:00,105.79894414989678,102.29
2025-11-18 22:15:00+01:00,101.13915329378591,96.24
2025-11-18 22:30:00+01:00,98.99416819290539,100.08
2025-11-18 22:45:00+01:00,94.6704664289733,91.32
2025-11-18 23:00:00+01:00,100.64718484156096,97.35
2025-11-18 23:15:00+01:00,94.8867105263855,89.12
2025-11-18 23:30:00+01:00,93.64104471317359,88.85
2025-11-18 23:45:00+01:00,89.19917214564104,84.53
2025-11-19 00:00:00+01:00,90.42873863047174,91.46
2025-11-19 00:15:00+01:00,87.08891253555781,87.18
2025-11-19 00:30:00+01:00,83.85320529867987,86.52
2025-11-19 00:45:00+01:00,82.59142022111956,84.35
2025-11-19 01:00:00+01:00,85.46057457911358,86.85
2025-11-19 01:15:00+01:00,81.99205595258945,84.7
2025-11-19 01:30:00+01:00,79.82742866505392,87.12
2025-11-19 01:45:00+01:00,79.49019942480552,86.23
2025-11-19 02:00:00+01:00,80.50031473237135,85.77
2025-11-19 02:15:00+01:00,79.31369086992292,82.58
2025-11-19 02:30:00+01:00,79.17039028151508,84.4
2025-11-19 02:45:00+01:00,80.03686555208057,83.92
2025-11-19 03:00:00+01:00,81.73475627542462,82.07
2025-11-19 03:15:00+01:00,80.66344949983403,82.88
2025-11-19 03:30:00+01:00,79.67395717164592,83.55
2025-11-19 03:45:00+01:00,78.87477606591068,84.24
2025-11-19 04:00:00+01:00,80.16019043278875,81.16
2025-11-19 04:15:00+01:00,79.63577359479262,83.49
2025-11-19 04:30:00+01:00,80.16350922227774,85.6
2025-11-19 04:45:00+01:00,81.50959902112803,87.32
2025-11-19 05:00:00+01:00,80.10258157502543,87.23
2025-11-19 05:15:00+01:00,82.68658622437337,87.99
2025-11-19 05:30:00+01:00,85.04610920262982,87.44
2025-11-19 05:45:00+01:00,87.84379688432172,85.35
2025-11-19 06:00:00+01:00,79.33773457404104,88.6
2025-11-19 06:15:00+01:00,97.87885006067351,97.74
2025-11-19 06:30:00+01:00,102.08655789107257,100.4
2025-11-19 06:45:00+01:00,105.0275720680226,109.38
2025-11-19 07:00:00+01:00,102.42146998693102,123.3
2025-11-19 07:15:00+01:00,111.61497563443059,125.69
2025-11-19 07:30:00+01:00,113.38442904137003,128.64
2025-11-19 07:45:00+01:00,98.93810451169895,130.49
2025-11-19 08:00:00+01:00,131.69048175288907,156.84
2025-11-19 08:15:00+01:00,121.77580117282704,141.52
2025-11-19 08:30:00+01:00,115.19913150782469,132.76
2025-11-19 08:45:00+01:00,102.71407008141693,115.56
2025-11-19 09:00:00+01:00,122.55122056356467,129.58
2025-11-19 09:15:00+01:00,107.4566973803951,119.34
2025-11-19 09:30:00+01:00,102.3949310022572,114.32
2025-11-19 09:45:00+01:00,96.6476869935783,97.41
2025-11-19 10:00:00+01:00,117.72598803579834,110.98
2025-11-19 10:15:00+01:00,105.29786864338323,97.28
2025-11-19 10:30:00+01:00,101.61276923203984,93.33
2025-11-19 10:45:00+01:00,96.83003008007776,88.5
2025-11-19 11:00:00+01:00,103.87384746435336,94.82
2025-11-19 11:15:00+01:00,99.4212496316303,91.34
2025-11-19 11:30:00+01:00,97.11844403329694,89.62
2025-11-19 11:45:00+01:00,92.80069917381334,90.7
2025-11-19 12:00:00+01:00,81.8448940030636,89.07
2025-11-19 12:15:00+01:00,80.17720458457077,89.53
2025-11-19 12:30:00+01:00,79.74126544243262,90.19
2025-11-19 12:45:00+01:00,82.76399200206735,89.57
2025-11-19 13:00:00+01:00,73.87700952926414,87.95
2025-11-19 13:15:00+01:00,76.92329833944243,89.31
2025-11-19 13:30:00+01:00,79.83405027074801,94.93
2025-11-19 13:45:00+01:00,84.27138353563144,102.2
2025-11-19 14:00:00+01:00,72.91082058805156,89.03
2025-11-19 14:15:00+01:00,78.98298097075542,101.15
2025-11-19 14:30:00+01:00,88.3015929781251,109.3
2025-11-19 14:45:00+01:00,98.03315563037106,119.0
2025-11-19 15:00:00+01:00,89.42668789610974,103.39
2025-11-19 15:15:00+01:00,105.42324779997989,117.81
2025-11-19 15:30:00+01:00,119.31073745087247,110.0
2025-11-19 15:45:00+01:00,131.2047722460053,121.0
2025-11-19 16:00:00+01:00,123.94223885018468,108.22
2025-11-19 16:15:00+01:00,139.1029402499448,121.0
2025-11-19 16:30:00+01:00,159.09151495123209,121.0
2025-11-19 16:45:00+01:00,176.46253377868095,121.01
2025-11-19 17:00:00+01:00,142.626309645331,121.01
2025-11-19 17:15:00+01:00,166.4871577106182,127.0
2025-11-19 17:30:00+01:00,159.13595871411968,130.07
2025-11-19 17:45:00+01:00,185.17969711420835,132.19
2025-11-19 18:00:00+01:00,157.20811399796054,116.99
2025-11-19 18:15:00+01:00,159.1425932949955,117.76
2025-11-19 18:30:00+01:00,161.82409444068065,121.0
2025-11-19 18:45:00+01:00,156.84062437805676,121.01
2025-11-19 19:00:00+01:00,160.08992108664842,119.76
2025-11-19 19:15:00+01:00,147.04825781590495,116.85
2025-11-19 19:30:00+01:00,141.84153224519994,118.59
2025-11-19 19:45:00+01:00,137.57236328841702,121.0
2025-11-19 20:00:00+01:00,122.21803621476356,119.5
2025-11-19 20:15:00+01:00,114.90097896287259,108.32
2025-11-19 20:30:00+01:00,112.02947800998311,101.84
2025-11-19 20:45:00+01:00,108.19817575378168,93.09
2025-11-19 21:00:00+01:00,113.65220888977304,103.57
2025-11-19 21:15:00+01:00,109.9057200908982,102.32
2025-11-19 21:30:00+01:00,105.3800955372891,101.08
2025-11-19 21:45:00+01:00,99.86165616137205,93.93
2025-11-19 22:00:00+01:00,103.3009561326804,100.03
2025-11-19 22:15:00+01:00,98.84344623402927,99.38
2025-11-19 22:30:00+01:00,96.50871776994458,101.66
2025-11-19 22:45:00+01:00,92.34066503940409,95.61
2025-11-19 23:00:00+01:00,93.94541039289813,95.75
2025-11-19 23:15:00+01:00,87.7173823152627,93.48
2025-11-19 23:30:00+01:00,85.82625561566209,90.19
2025-11-19 23:45:00+01:00,80.84716661934107,88.12
2025-11-20 00:00:00+01:00,90.19544487022198,93.39
2025-11-20 00:15:00+01:00,87.22712932058658,92.39
2025-11-20 00:30:00+01:00,86.54576527702494,89.12
2025-11-20 00:45:00+01:00,85.12820853238091,87.61
2025-11-20 01:00:00+01:00,84.92611027506213,89.49
2025-11-20 01:15:00+01:00,83.08234988284642,88.28
2025-11-20 01:30:00+01:00,81.71484381275923,87.61
2025-11-20 01:45:00+01:00,80.92298403854649,86.99
2025-11-20 02:00:00+01:00,82.52428975162151,88.11
2025-11-20 02:15:00+01:00,80.48986990481058,87.2
2025-11-20 02:30:00+01:00,80.29016731851341,86.52
2025-11-20 02:45:00+01:00,79.428899479691,86.3
2025-11-20 03:00:00+01:00,80.84071326214507,86.3
2025-11-20 03:15:00+01:00,79.58685900808497,87.14
2025-11-20 03:30:00+01:00,78.54044738514042,86.88
2025-11-20 03:45:00+01:00,78.53715538575157,86.86
2025-11-20 04:00:00+01:00,79.60765459775628,85.99
2025-11-20 04:15:00+01:00,79.9739811367927,86.51
2025-11-20 04:30:00+01:00,80.14066476417064,87.24
2025-11-20 04:45:00+01:00,80.35589134785806,88.76
2025-11-20 05:00:00+01:00,85.0392417591947,87.84
2025-11-20 05:15:00+01:00,87.23297924230394,92.45
2025-11-20 05:30:00+01:00,88.08965307771248,89.5
2025-11-20 05:45:00+01:00,89.60946513715061,92.22
2025-11-20 06:00:00+01:00,79.25190754365805,91.08
2025-11-20 06:15:00+01:00,104.29836557069608,98.92
2025-11-20 06:30:00+01:00,104.84489848833975,104.75
2025-11-20 06:45:00+01:00,111.87645321137512,119.98
2025-11-20 07:00:00+01:00,106.34986700299353,137.72
2025-11-20 07:15:00+01:00,114.60142248723628,136.0
2025-11-20 07:30:00+01:00,118.93142667864416,146.76
2025-11-20 07:45:00+01:00,120.95182441638978,157.15
2025-11-20 08:00:00+01:00,134.29678533295822,153.93
2025-11-20 08:15:00+01:00,128.30259118462212,162.18
2025-11-20 08:30:00+01:00,127.0070917659514,157.08
2025-11-20 08:45:00+01:00,119.48432632394366,149.67
2025-11-20 09:00:00+01:00,133.44883993763975,174.53
2025-11-20 09:15:00+01:00,129.76947904474358,153.75
2025-11-20 09:30:00+01:00,121.42586177830015,150.82
2025-11-20 09:45:00+01:00,114.54928808456498,135.52
2025-11-20 10:00:00+01:00,122.79624751312943,162.52
2025-11-20 10:15:00+01:00,117.77535102084371,141.54
2025-11-20 10:30:00+01:00,110.60233766678047,136.0
2025-11-20 10:45:00+01:00,106.52670713258809,125.02
2025-11-20 11:00:00+01:00,105.47114027464136,135.39
2025-11-20 11:15:00+01:00,106.2062126941415,130.9
2025-11-20 11:30:00+01:00,102.13469555815936,128.0
2025-11-20 11:45:00+01:00,99.93070428833758,122.92
2025-11-20 12:00:00+01:00,99.58634500366335,127.89
2025-11-20 12:15:00+01:00,95.14265028612937,123.37
2025-11-20 12:30:00+01:00,94.04777251801332,124.66
2025-11-20 12:45:00+01:00,94.36736904774375,124.3
2025-11-20 13:00:00+01:00,99.76409067913937,120.79
2025-11-20 13:15:00+01:00,99.58253449071556,125.17
2025-11-20 13:30:00+01:00,100.23119406505276,128.0
2025-11-20 13:45:00+01:00,97.97030398887344,130.44
2025-11-20 14:00:00+01:00,91.63344084553329,124.97
2025-11-20 14:15:00+01:00,99.77393983513431,133.67
2025-11-20 14:30:00+01:00,115.06423597888991,138.51
2025-11-20 14:45:00+01:00,128.13160083877804,139.66
2025-11-20 15:00:00+01:00,101.784161881801,132.18
2025-11-20 15:15:00+01:00,107.89061354003601,145.12
2025-11-20 15:30:00+01:00,123.96812255104479,150.0
2025-11-20 15:45:00+01:00,136.08289533361355,171.44
2025-11-20 16:00:00+01:00,120.98333454584954,152.0
2025-11-20 16:15:00+01:00,133.2333397169708,164.51
2025-11-20 16:30:00+01:00,139.26941508728663,188.46
2025-11-20 16:45:00+01:00,153.49646440862193,198.35
2025-11-20 17:00:00+01:00,159.92309188103437,176.57
2025-11-20 17:15:00+01:00,166.92535982781266,178.53
2025-11-20 17:30:00+01:00,165.51060627750314,175.46
2025-11-20 17:45:00+01:00,173.86682206503576,171.33
2025-11-20 18:00:00+01:00,155.74065645829674,170.61
2025-11-20 18:15:00+01:00,152.6440951438145,164.4
2025-11-20 18:30:00+01:00,154.62581327921663,159.67
2025-11-20 18:45:00+01:00,148.0979137565473,158.32
2025-11-20 19:00:00+01:00,149.02554946384453,166.7
2025-11-20 19:15:00+01:00,147.63784482124902,156.79
2025-11-20 19:30:00+01:00,147.70598457360782,154.52
2025-11-20 19:45:00+01:00,146.34387540356096,146.06
2025-11-20 20:00:00+01:00,155.1134921953142,146.05
2025-11-20 20:15:00+01:00,148.1822677418919,147.17
2025-11-20 20:30:00+01:00,142.8283376816875,135.6
2025-11-20 20:45:00+01:00,123.55538792199563,119.59
2025-11-20 21:00:00+01:00,123.6716395432161,136.0
2025-11-20 21:15:00+01:00,119.44501159061375,128.07
2025-11-20 21:30:00+01:00,118.85170068708639,114.9
2025-11-20 21:45:00+01:00,114.18784154751572,104.04
2025-11-20 22:00:00+01:00,122.29312465257803,116.03
2025-11-20 22:15:00+01:00,118.79177348125633,111.27
2025-11-20 22:30:00+01:00,117.92766653647665,105.54
2025-11-20 22:45:00+01:00,112.6704663530165,100.1
2025-11-20 23:00:00+01:00,111.79490476376671,105.67
2025-11-20 23:15:00+01:00,107.25851669649091,93.49
2025-11-20 23:30:00+01:00,104.95449376901514,90.0
2025-11-20 23:45:00+01:00,99.0748114254952,85.89
2025-11-21 00:00:00+01:00,102.31414834984682,104.02
2025-11-21 00:15:00+01:00,96.9421957399876,104.49
2025-11-21 00:30:00+01:00,94.19336972751832,102.03
2025-11-21 00:45:00+01:00,92.17714195663264,95.67
2025-11-21 01:00:00+01:00,98.07502422448911,102.71
2025-11-21 01:15:00+01:00,93.43949609503434,95.35
2025-11-21 01:30:00+01:00,92.06731716257852,90.08
2025-11-21 01:45:00+01:00,91.41955755895117,88.42
2025-11-21 02:00:00+01:00,94.16283906960315,93.99
2025-11-21 02:15:00+01:00,92.05168289419149,89.09
2025-11-21 02:30:00+01:00,92.28765163517134,88.86
2025-11-21 02:45:00+01:00,91.40279289761918,89.19
2025-11-21 03:00:00+01:00,90.8801803160602,90.0
2025-11-21 03:15:00+01:00,90.18110504615403,89.29
2025-11-21 03:30:00+01:00,90.828427793585,90.39
2025-11-21 03:45:00+01:00,90.80291309101413,91.06
2025-11-21 04:00:00+01:00,91.4240619308447,88.7
2025-11-21 04:15:00+01:00,92.13134816025737,90.08
2025-11-21 04:30:00+01:00,93.93477377646163,94.32
2025-11-21 04:45:00+01:00,95.9504868057761,101.4
2025-11-21 05:00:00+01:00,99.23700177979119,90.77
2025-11-21 05:15:00+01:00,101.79288528645763,98.91
2025-11-21 05:30:00+01:00,104.86774023973084,103.14
2025-11-21 05:45:00+01:00,108.71776074852094,114.64
2025-11-21 06:00:00+01:00,114.4907635693394,108.49
2025-11-21 06:15:00+01:00,126.3853319608975,121.51
2025-11-21 06:30:00+01:00,133.18582878032015,133.6
2025-11-21 06:45:00+01:00,145.48117437161991,170.5
2025-11-21 07:00:00+01:00,170.59509551674955,149.32
2025-11-21 07:15:00+01:00,173.1903924613405,182.25
2025-11-21 07:30:00+01:00,172.29937174494054,190.11
2025-11-21 07:45:00+01:00,172.20550179315916,200.0
2025-11-21 08:00:00+01:00,205.9504306578869,229.62
2025-11-21 08:15:00+01:00,177.40618414724474,223.39
2025-11-21 08:30:00+01:00,169.52496243974886,200.0
2025-11-21 08:45:00+01:00,153.53541987325633,168.52
2025-11-21 09:00:00+01:00,159.99951523493422,220.0
2025-11-21 09:15:00+01:00,139.36486869439628,190.32
2025-11-21 09:30:00+01:00,131.98538936591376,168.3
2025-11-21 09:45:00+01:00,124.74411854646885,148.7
2025-11-21 10:00:00+01:00,133.40474358837827,179.32
2025-11-21 10:15:00+01:00,118.31522733061868,155.78
2025-11-21 10:30:00+01:00,110.64586752556266,143.51
2025-11-21 10:45:00+01:00,106.5237752975047,125.45
2025-11-21 11:00:00+01:00,110.86868238137637,152.43
2025-11-21 11:15:00+01:00,105.4763461643321,140.0
2025-11-21 11:30:00+01:00,104.23863481506885,132.49
2025-11-21 11:45:00+01:00,102.70347409264863,125.96
2025-11-21 12:00:00+01:00,112.40536325267368,132.8
2025-11-21 12:15:00+01:00,111.01381593882593,128.75
2025-11-21 12:30:00+01:00,108.61876918578473,129.27
2025-11-21 12:45:00+01:00,109.9153738779267,130.55
2025-11-21 13:00:00+01:00,107.47968093033819,125.98
2025-11-21 13:15:00+01:00,110.33993855974256,130.74
2025-11-21 13:30:00+01:00,115.80512846196419,135.25
2025-11-21 13:45:00+01:00,114.63416896664248,150.33
2025-11-21 14:00:00+01:00,113.24253678723784,120.8
2025-11-21 14:15:00+01:00,116.9378011895744,147.57
2025-11-21 14:30:00+01:00,125.90691146693203,172.74
2025-11-21 14:45:00+01:00,129.93420771453856,173.9
2025-11-21 15:00:00+01:00,124.15783494732241,148.82
2025-11-21 15:15:00+01:00,131.78004276139583,172.03
2025-11-21 15:30:00+01:00,137.29101391533015,202.58
2025-11-21 15:45:00+01:00,145.84816122571618,263.92
2025-11-21 16:00:00+01:00,139.78729192387385,196.83
2025-11-21 16:15:00+01:00,149.94482386947362,237.86
2025-11-21 16:30:00+01:00,150.35952285009907,259.52
2025-11-21 16:45:00+01:00,168.62416961744418,313.27
2025-11-21 17:00:00+01:00,149.02397319035384,258.17
2025-11-21 17:15:00+01:00,181.92084853050446,269.78
2025-11-21 17:30:00+01:00,181.19017189254146,245.7
2025-11-21 17:45:00+01:00,188.40819380651863,226.38
2025-11-21 18:00:00+01:00,166.37082509684782,230.04
2025-11-21 18:15:00+01:00,163.54815314359368,214.6
2025-11-21 18:30:00+01:00,168.7335550556794,193.8
2025-11-21 18:45:00+01:00,170.4201632786419,181.91
2025-11-21 19:00:00+01:00,173.39884998544406,184.35
2025-11-21 19:15:00+01:00,170.22013913695568,166.06
2025-11-21 19:30:00+01:00,165.81119858416807,167.7
2025-11-21 19:45:00+01:00,164.00668764178943,167.36
2025-11-21 20:00:00+01:00,162.31936498613882,174.2
2025-11-21 20:15:00+01:00,155.18303080094387,153.41
2025-11-21 20:30:00+01:00,148.2138206867699,123.98
2025-11-21 20:45:00+01:00,116.06074289215897,116.21
2025-11-21 21:00:00+01:00,118.69799962222282,133.6
2025-11-21 21:15:00+01:00,111.38745572488713,120.27
2025-11-21 21:30:00+01:00,104.02654371478033,112.35
2025-11-21 21:45:00+01:00,97.03943866039955,103.01
2025-11-21 22:00:00+01:00,113.27126369982776,115.68
2025-11-21 22:15:00+01:00,107.7629520642954,110.43
2025-11-21 22:30:00+01:00,106.06186674429235,100.59
2025-11-21 22:45:00+01:00,98.77792713589352,92.9
2025-11-21 23:00:00+01:00,103.15437606987771,108.7
2025-11-21 23:15:00+01:00,96.74248470695953,95.0
2025-11-21 23:30:00+01:00,94.41765699024928,90.37
2025-11-21 23:45:00+01:00,89.50499679510509,86.06
2025-11-22 00:00:00+01:00,102.27646645134189,122.49
2025-11-22 00:15:00+01:00,95.57092840180292,106.86
2025-11-22 00:30:00+01:00,91.81654688568156,93.44
2025-11-22 00:45:00+01:00,88.91141360916893,86.2
2025-11-22 01:00:00+01:00,96.05130491598985,98.95
2025-11-22 01:15:00+01:00,90.94050008086084,93.73
2025-11-22 01:30:00+01:00,87.46701468519008,92.22
2025-11-22 01:45:00+01:00,86.11872207955443,93.5
2025-11-22 02:00:00+01:00,91.00678119397185,90.37
2025-11-22 02:15:00+01:00,86.71589961601195,89.16
2025-11-22 02:30:00+01:00,87.26811181913033,87.23
2025-11-22 02:45:00+01:00,86.22600311156216,87.0
2025-11-22 03:00:00+01:00,85.08092310419862,86.64
2025-11-22 03:15:00+01:00,84.64312942476201,85.07
2025-11-22 03:30:00+01:00,85.22486281524907,85.49
2025-11-22 03:45:00+01:00,85.29981971680188,83.91
2025-11-22 04:00:00+01:00,84.52806496756736,82.19
2025-11-22 04:15:00+01:00,85.13578358089572,86.59
2025-11-22 04:30:00+01:00,87.09436890000573,86.93
2025-11-22 04:45:00+01:00,88.39777267268897,88.68
2025-11-22 05:00:00+01:00,86.89637703612372,85.05
2025-11-22 05:15:00+01:00,89.16812477742087,84.64
2025-11-22 05:30:00+01:00,92.97993781890969,84.6
2025-11-22 05:45:00+01:00,95.97568719547377,86.82
2025-11-22 06:00:00+01:00,79.34051913883351,85.5
2025-11-22 06:15:00+01:00,101.93425479317774,87.04
2025-11-22 06:30:00+01:00,98.74980204546665,89.77
2025-11-22 06:45:00+01:00,101.52350169025583,99.78
2025-11-22 07:00:00+01:00,95.2163901305361,98.17
2025-11-22 07:15:00+01:00,106.95731322822418,104.62
2025-11-22 07:30:00+01:00,110.10231094536249,110.63
2025-11-22 07:45:00+01:00,105.56070980478044,113.57
2025-11-22 08:00:00+01:00,132.26321544212442,121.0
2025-11-22 08:15:00+01:00,116.55766500685357,114.43
2025-11-22 08:30:00+01:00,105.89456881138739,96.64
2025-11-22 08:45:00+01:00,93.47387555130807,84.77
2025-11-22 09:00:00+01:00,114.34548108171812,115.24
2025-11-22 09:15:00+01:00,104.74606867702724,84.93
2025-11-22 09:30:00+01:00,90.28247928036123,85.29
2025-11-22 09:45:00+01:00,80.11004742804379,71.01
2025-11-22 10:00:00+01:00,97.544672087968,87.16
2025-11-22 10:15:00+01:00,85.11004972423996,79.53
2025-11-22 10:30:00+01:00,74.66168878001757,80.66
2025-11-22 10:45:00+01:00,70.06673904876438,80.69
2025-11-22 11:00:00+01:00,89.44056232461003,79.77
2025-11-22 11:15:00+01:00,84.01747727224375,79.09
2025-11-22 11:30:00+01:00,80.57370545098917,78.74
2025-11-22 11:45:00+01:00,75.54605294281974,76.72
2025-11-22 12:00:00+01:00,78.59399313665124,76.96
2025-11-22 12:15:00+01:00,75.46314143354346,75.92
2025-11-22 12:30:00+01:00,73.60410947227523,76.42
2025-11-22 12:45:00+01:00,72.46949628922476,75.83
2025-11-22 13:00:00+01:00,75.34525127903214,74.0
2025-11-22 13:15:00+01:00,75.7034078311365,74.01
2025-11-22 13:30:00+01:00,78.46072182606599,74.94
2025-11-22 13:45:00+01:00,80.16798296394924,78.52
2025-11-22 14:00:00+01:00,70.7652066047009,76.87
2025-11-22 14:15:00+01:00,80.43075740032127,75.91
2025-11-22 14:30:00+01:00,83.9384606206948,80.71
2025-11-22 14:45:00+01:00,96.8433983244611,93.09
2025-11-22 15:00:00+01:00,80.4544881376383,83.9
2025-11-22 15:15:00+01:00,93.53665954468832,82.78
2025-11-22 15:30:00+01:00,106.29422477004174,98.28
2025-11-22 15:45:00+01:00,117.73026510476343,90.9
2025-11-22 16:00:00+01:00,86.79553796185267,100.45
2025-11-22 16:15:00+01:00,99.87620376294922,102.65
2025-11-22 16:30:00+01:00,112.30067658205053,103.19
2025-11-22 16:45:00+01:00,127.67022400871471,113.71
2025-11-22 17:00:00+01:00,113.83318036504355,112.24
2025-11-22 17:15:00+01:00,123.31435335152554,117.26
2025-11-22 17:30:00+01:00,131.02205228291461,115.11
2025-11-22 17:45:00+01:00,139.59526406233482,113.21
2025-11-22 18:00:00+01:00,122.56642856800909,118.94
2025-11-22 18:15:00+01:00,120.43224394185181,113.23
2025-11-22 18:30:00+01:00,115.60353403593,106.11
2025-11-22 18:45:00+01:00,113.56149006193795,98.73
2025-11-22 19:00:00+01:00,122.92863619460307,101.99
2025-11-22 19:15:00+01:00,121.34329324912848,101.07
2025-11-22 19:30:00+01:00,120.01003275380907,96.61
2025-11-22 19:45:00+01:00,119.75613838441244,93.65
2025-11-22 20:00:00+01:00,116.28609100990062,88.75
2025-11-22 20:15:00+01:00,109.16596347850721,84.19
2025-11-22 20:30:00+01:00,104.39858666534704,87.17
2025-11-22 20:45:00+01:00,72.78180222819273,86.33
2025-11-22 21:00:00+01:00,102.41488885094,94.33
2025-11-22 21:15:00+01:00,91.13665852459384,92.37
2025-11-22 21:30:00+01:00,84.96738207320259,87.86
2025-11-22 21:45:00+01:00,73.81468124938272,82.43
2025-11-22 22:00:00+01:00,97.01733559963661,94.48
2025-11-22 22:15:00+01:00,89.33659426319784,90.02
2025-11-22 22:30:00+01:00,84.31019112012001,89.16
2025-11-22 22:45:00+01:00,76.56011407889065,84.05
2025-11-22 23:00:00+01:00,90.72141335983741,87.99
2025-11-22 23:15:00+01:00,79.369626705082,83.9
2025-11-22 23:30:00+01:00,75.60836843293622,79.69
2025-11-22 23:45:00+01:00,67.67233121179179,77.34
2025-11-23 00:00:00+01:00,77.66745851399205,95.06
2025-11-23 00:15:00+01:00,75.80544998594007,88.83
2025-11-23 00:30:00+01:00,74.5438791261267,75.0
2025-11-23 00:45:00+01:00,72.74636229683091,67.22
2025-11-23 01:00:00+01:00,72.92633845978102,81.22
2025-11-23 01:15:00+01:00,70.62677110747508,73.54
2025-11-23 01:30:00+01:00,69.1755542871264,71.46
2025-11-23 01:45:00+01:00,68.74692114768516,71.19
2025-11-23 02:00:00+01:00,70.39106033691571,74.84
2025-11-23 02:15:00+01:00,68.17670761859603,71.42
2025-11-23 02:30:00+01:00,68.68661830927786,68.69
2025-11-23 02:45:00+01:00,68.67434300636106,66.81
2025-11-23 03:00:00+01:00,67.74205852652015,65.18
2025-11-23 03:15:00+01:00,67.77924261301536,63.01
2025-11-23 03:30:00+01:00,68.69516002218083,63.38
2025-11-23 03:45:00+01:00,68.84936423907072,61.35
2025-11-23 04:00:00+01:00,69.59795449573122,62.74
2025-11-23 04:15:00+01:00,69.56130981834572,61.43
2025-11-23 04:30:00+01:00,71.38500012005508,60.66
2025-11-23 04:45:00+01:00,71.81182419109894,58.71
2025-11-23 05:00:00+01:00,72.02374189218827,63.89
2025-11-23 05:15:00+01:00,73.86558705941943,64.22
2025-11-23 05:30:00+01:00,75.90289190394894,65.0
2025-11-23 05:45:00+01:00,76.72117773883217,63.73
2025-11-23 06:00:00+01:00,46.112160818044565,60.4
2025-11-23 06:15:00+01:00,77.24730708206535,60.99
2025-11-23 06:30:00+01:00,69.51629924132807,62.49
2025-11-23 06:45:00+01:00,73.27916675691189,64.24
2025-11-23 07:00:00+01:00,49.71239471946481,64.26
2025-11-23 07:15:00+01:00,65.55093403331651,68.71
2025-11-23 07:30:00+01:00,64.20264575757123,68.59
2025-11-23 07:45:00+01:00,56.32157732927078,70.37
2025-11-23 08:00:00+01:00,84.57424149607863,71.56
2025-11-23 08:15:00+01:00,78.73506073774242,67.95
2025-11-23 08:30:00+01:00,73.7597726512244,69.34
2025-11-23 08:45:00+01:00,59.15236630946375,62.48
2025-11-23 09:00:00+01:00,62.78474758970402,69.3
2025-11-23 09:15:00+01:00,62.96784385305028,65.74
2025-11-23 09:30:00+01:00,64.1474663763346,66.85
2025-11-23 09:45:00+01:00,57.885958351631714,61.95
2025-11-23 10:00:00+01:00,50.706655734380526,68.88
2025-11-23 10:15:00+01:00,50.70716871249479,68.38
2025-11-23 10:30:00+01:00,47.07148599394222,63.25
2025-11-23 10:45:00+01:00,45.73724457162572,63.43
2025-11-23 11:00:00+01:00,59.07253791634474,64.31
2025-11-23 11:15:00+01:00,57.99690213757569,66.75
2025-11-23 11:30:00+01:00,57.78486550321885,67.16
2025-11-23 11:45:00+01:00,55.23646891445277,68.54
2025-11-23 12:00:00+01:00,67.67899797025422,66.76
2025-11-23 12:15:00+01:00,65.80426616477443,67.46
2025-11-23 12:30:00+01:00,63.962492612332,68.51
2025-11-23 12:45:00+01:00,68.39568748652465,68.72
2025-11-23 13:00:00+01:00,63.9720375189533,69.37
2025-11-23 13:15:00+01:00,68.08077404092653,64.57
2025-11-23 13:30:00+01:00,68.6467540939966,63.85
2025-11-23 13:45:00+01:00,71.20371025863078,64.04
2025-11-23 14:00:00+01:00,54.25049455669905,66.48
2025-11-23 14:15:00+01:00,57.57029115835229,66.8
2025-11-23 14:30:00+01:00,63.19115528679779,71.09
2025-11-23 14:45:00+01:00,73.16022778908135,73.34
2025-11-23 15:00:00+01:00,59.39362461377769,71.3
2025-11-23 15:15:00+01:00,62.47972211450996,74.44
2025-11-23 15:30:00+01:00,67.25924412418459,80.21
2025-11-23 15:45:00+01:00,77.16502214185526,83.21
2025-11-23 16:00:00+01:00,66.50847265054766,82.39
2025-11-23 16:15:00+01:00,74.55549584286074,75.58
2025-11-23 16:30:00+01:00,76.59982869406794,75.42
2025-11-23 16:45:00+01:00,82.67573055185932,78.16
2025-11-23 17:00:00+01:00,70.20612302544467,78.9
2025-11-23 17:15:00+01:00,86.95598352047736,82.15
2025-11-23 17:30:00+01:00,84.94160137534955,80.93
2025-11-23 17:45:00+01:00,85.91053013493426,81.38
2025-11-23 18:00:00+01:00,91.57108287536407,82.35
2025-11-23 18:15:00+01:00,88.79578317193514,81.09
2025-11-23 18:30:00+01:00,78.73255185551096,78.63
2025-11-23 18:45:00+01:00,72.38287682071609,88.1
2025-11-23 19:00:00+01:00,70.27293521793243,87.37
2025-11-23 19:15:00+01:00,67.61317747137456,86.22
2025-11-23 19:30:00+01:00,68.07558399478683,82.11
2025-11-23 19:45:00+01:00,68.29732301177083,79.49
2025-11-23 20:00:00+01:00,76.01260058576764,82.17
2025-11-23 20:15:00+01:00,74.11646365956523,79.08
2025-11-23 20:30:00+01:00,71.61819272152738,76.77
2025-11-23 20:45:00+01:00,9.434313385702694,71.63
2025-11-23 21:00:00+01:00,62.48363976593463,79.2
2025-11-23 21:15:00+01:00,59.23858067350958,74.2
2025-11-23 21:30:00+01:00,58.79332450811248,72.58
2025-11-23 21:45:00+01:00,45.076330172250124,70.66
2025-11-23 22:00:00+01:00,80.20536755466085,77.46
2025-11-23 22:15:00+01:00,77.07391751857699,76.76
2025-11-23 22:30:00+01:00,75.61591533363902,74.62
2025-11-23 22:45:00+01:00,66.79208705744327,71.83
2025-11-23 23:00:00+01:00,81.07553869979346,72.51
2025-11-23 23:15:00+01:00,76.6018887206965,71.86
2025-11-23 23:30:00+01:00,74.13645559935338,71.74
2025-11-23 23:45:00+01:00,65.02631635990329,68.94
2025-11-24 00:00:00+01:00,64.01429368313309,80.12
2025-11-24 00:15:00+01:00,66.67835587957201,70.96
2025-11-24 00:30:00+01:00,66.21798660097929,69.38
2025-11-24 00:45:00+01:00,65.21541237326481,69.37
2025-11-24 01:00:00+01:00,62.15056990466498,70.15
2025-11-24 01:15:00+01:00,61.66129197347199,69.59
2025-11-24 01:30:00+01:00,61.59069829250791,70.13
2025-11-24 01:45:00+01:00,60.75134803123096,70.38
2025-11-24 02:00:00+01:00,61.393005568096726,69.0
2025-11-24 02:15:00+01:00,61.34763005632145,73.02
2025-11-24 02:30:00+01:00,61.480328191864444,72.91
2025-11-24 02:45:00+01:00,60.74597085272312,74.09
2025-11-24 03:00:00+01:00,61.64468565546289,71.25
2025-11-24 03:15:00+01:00,61.98684661842024,71.87
2025-11-24 03:30:00+01:00,61.038797587703996,74.98
2025-11-24 03:45:00+01:00,61.188604854128016,75.0
2025-11-24 04:00:00+01:00,65.61697921649625,70.74
2025-11-24 04:15:00+01:00,66.112502851963,73.97
2025-11-24 04:30:00+01:00,67.4190972844051,72.15
2025-11-24 04:45:00+01:00,67.41136592864542,78.16
2025-11-24 05:00:00+01:00,74.64292297602935,70.71
2025-11-24 05:15:00+01:00,76.95885329562932,73.88
2025-11-24 05:30:00+01:00,78.55995200114049,83.76
2025-11-24 05:45:00+01:00,79.80874541292025,91.91
2025-11-24 06:00:00+01:00,85.39652987394979,76.08
2025-11-24 06:15:00+01:00,97.95916913138073,90.03
2025-11-24 06:30:00+01:00,97.80706413923836,92.38
2025-11-24 06:45:00+01:00,106.90646953199918,102.74
2025-11-24 07:00:00+01:00,135.52308589323295,94.86
2025-11-24 07:15:00+01:00,140.39440545606627,104.42
2025-11-24 07:30:00+01:00,144.3295833347932,107.07
2025-11-24 07:45:00+01:00,147.22826818665158,111.22
2025-11-24 08:00:00+01:00,166.67476160163557,114.99
2025-11-24 08:15:00+01:00,169.63532525304356,104.74
2025-11-24 08:30:00+01:00,168.0244330955341,105.66
2025-11-24 08:45:00+01:00,150.74692294637404,105.75
2025-11-24 09:00:00+01:00,144.61748126834965,110.0
2025-11-24 09:15:00+01:00,143.88150654955575,106.38
2025-11-24 09:30:00+01:00,140.391814624644,114.17
2025-11-24 09:45:00+01:00,128.76823093015855,110.49
2025-11-24 10:00:00+01:00,125.86856893816136,115.97
2025-11-24 10:15:00+01:00,120.49238422018516,112.53
2025-11-24 10:30:00+01:00,119.34985436091961,116.27
2025-11-24 10:45:00+01:00,116.65792579404662,125.02
2025-11-24 11:00:00+01:00,120.12236652564985,121.42
2025-11-24 11:15:00+01:00,119.13351738548207,126.91
2025-11-24 11:30:00+01:00,117.09984568344609,130.01
2025-11-24 11:45:00+01:00,115.78303941438699,133.81
2025-11-24 12:00:00+01:00,114.58643485590379,122.88
2025-11-24 12:15:00+01:00,115.34039456039424,131.95
2025-11-24 12:30:00+01:00,114.97477247503275,135.49
2025-11-24 12:45:00+01:00,115.30353949934445,146.62
2025-11-24 13:00:00+01:00,121.73949919116201,131.81
2025-11-24 13:15:00+01:00,123.17773930959666,141.0
2025-11-24 13:30:00+01:00,127.10795282541837,155.82
2025-11-24 13:45:00+01:00,129.04076336244458,171.34
2025-11-24 14:00:00+01:00,125.24669891705716,171.09
2025-11-24 14:15:00+01:00,129.28553581152244,192.76
2025-11-24 14:30:00+01:00,134.99996797609583,159.95
2025-11-24 14:45:00+01:00,141.84853266629173,170.35
2025-11-24 15:00:00+01:00,134.92386934574859,172.13
2025-11-24 15:15:00+01:00,141.15793307470352,190.93
2025-11-24 15:30:00+01:00,156.50075636160722,210.19
2025-11-24 15:45:00+01:00,172.07829499897252,210.0
2025-11-24 16:00:00+01:00,161.96317220781827,176.56
2025-11-24 16:15:00+01:00,173.0093689067486,202.53
2025-11-24 16:30:00+01:00,180.31585087439638,224.97
2025-11-24 16:45:00+01:00,172.57595996615578,299.04
2025-11-24 17:00:00+01:00,226.98471864936477,232.05
2025-11-24 17:15:00+01:00,211.4758153111172,264.98
2025-11-24 17:30:00+01:00,221.85301024847888,275.19
2025-11-24 17:45:00+01:00,182.8047810849077,281.71
2025-11-24 18:00:00+01:00,180.45019529437343,270.1
2025-11-24 18:15:00+01:00,170.1567736581242,229.97
2025-11-24 18:30:00+01:00,175.81329519580453,219.96
2025-11-24 18:45:00+01:00,179.4878115673163,202.32
2025-11-24 19:00:00+01:00,165.2543035881754,213.21
2025-11-24 19:15:00+01:00,160.6651264086339,184.54
2025-11-24 19:30:00+01:00,158.56021120720771,187.55
2025-11-24 19:45:00+01:00,151.79236808724215,167.92
2025-11-24 20:00:00+01:00,157.19271954564402,163.26
2025-11-24 20:15:00+01:00,151.40175504154325,145.0
2025-11-24 20:30:00+01:00,143.22368749789823,155.43
2025-11-24 20:45:00+01:00,153.3847342177897,141.05
2025-11-24 21:00:00+01:00,140.37577520417645,155.33
2025-11-24 21:15:00+01:00,138.56535224431397,137.77
2025-11-24 21:30:00+01:00,133.60062379853687,128.89
2025-11-24 21:45:00+01:00,126.5553267172454,118.95
2025-11-24 22:00:00+01:00,131.4014157461961,134.87
2025-11-24 22:15:00+01:00,123.00211364302876,130.29
2025-11-24 22:30:00+01:00,119.41514668360864,119.2
2025-11-24 22:45:00+01:00,115.32614525740455,107.78
2025-11-24 23:00:00+01:00,117.87672710832324,115.1
2025-11-24 23:15:00+01:00,113.94502033020092,106.19
2025-11-24 23:30:00+01:00,112.48685036610513,103.2
2025-11-24 23:45:00+01:00,108.05662761079316,97.13
2025-11-25 00:00:00+01:00,114.69637217550054,101.75
2025-11-25 00:15:00+01:00,110.87474343764353,99.93
2025-11-25 00:30:00+01:00,104.42334777668552,101.91
2025-11-25 00:45:00+01:00,101.36530303290611,100.01
2025-11-25 01:00:00+01:00,108.33020799605657,102.08
2025-11-25 01:15:00+01:00,104.13927458414668,101.55
2025-11-25 01:30:00+01:00,102.422551383203,96.6
2025-11-25 01:45:00+01:00,101.47957024007333,96.38
2025-11-25 02:00:00+01:00,107.376037070515,98.69
2025-11-25 02:15:00+01:00,102.08414003377605,97.01
2025-11-25 02:30:00+01:00,102.72835832330514,97.13
2025-11-25 02:45:00+01:00,103.3582264396148,97.52
2025-11-25 03:00:00+01:00,104.67072462849498,99.02
2025-11-25 03:15:00+01:00,106.539107223327,94.23
2025-11-25 03:30:00+01:00,106.12699336718867,95.01
2025-11-25 03:45:00+01:00,105.64435294254938,96.13
2025-11-25 04:00:00+01:00,107.37488083452584,97.69
2025-11-25 04:15:00+01:00,105.69381403350005,100.32
2025-11-25 04:30:00+01:00,109.01885553912119,97.52
2025-11-25 04:45:00+01:00,110.76816522063686,102.51
2025-11-25 05:00:00+01:00,108.37667272245484,99.2
2025-11-25 05:15:00+01:00,112.06758649990824,101.27
2025-11-25 05:30:00+01:00,117.44641490044779,111.96
2025-11-25 05:45:00+01:00,122.22055752785427,114.49
2025-11-25 06:00:00+01:00,138.00105756953403,89.2
2025-11-25 06:15:00+01:00,150.05773223039733,106.16
2025-11-25 06:30:00+01:00,144.2080523936255,124.0
2025-11-25 06:45:00+01:00,163.7155468024421,170.27
2025-11-25 07:00:00+01:00,192.7465384327657,157.69
2025-11-25 07:15:00+01:00,189.69499768382005,252.88
2025-11-25 07:30:00+01:00,193.10207039765382,361.36
2025-11-25 07:45:00+01:00,193.71244496548036,392.15
2025-11-25 08:00:00+01:00,255.30656651406633,289.17
2025-11-25 08:15:00+01:00,222.552207965136,351.94
2025-11-25 08:30:00+01:00,190.78480911930666,350.01
2025-11-25 08:45:00+01:00,161.12588319090497,341.98
2025-11-25 09:00:00+01:00,230.4910088264393,296.04
2025-11-25 09:15:00+01:00,190.5467892113645,333.01
2025-11-25 09:30:00+01:00,182.06057119721538,271.45
2025-11-25 09:45:00+01:00,161.8590727545714,270.1
2025-11-25 10:00:00+01:00,209.02770001758944,321.3
2025-11-25 10:15:00+01:00,189.3545491909741,271.34
2025-11-25 10:30:00+01:00,174.5742071501577,254.26
2025-11-25 10:45:00+01:00,168.65287711912646,245.44
2025-11-25 11:00:00+01:00,199.08280179804154,283.79
2025-11-25 11:15:00+01:00,193.92233866185757,333.01
2025-11-25 11:30:00+01:00,189.7542874942578,345.98
2025-11-25 11:45:00+01:00,191.45790323665707,343.73
2025-11-25 12:00:00+01:00,191.60232151706052,333.01
2025-11-25 12:15:00+01:00,190.36985022998385,333.01
2025-11-25 12:30:00+01:00,194.00260331229805,344.12
2025-11-25 12:45:00+01:00,198.03210780307296,393.86
2025-11-25 13:00:00+01:00,195.5445333535832,341.3
2025-11-25 13:15:00+01:00,201.3649389467614,333.01
2025-11-25 13:30:00+01:00,210.8664191344552,307.61
2025-11-25 13:45:00+01:00,218.602917927195,288.69
2025-11-25 14:00:00+01:00,179.4940519129845,270.09
2025-11-25 14:15:00+01:00,194.35065014128992,316.36
2025-11-25 14:30:00+01:00,214.2878330571952,280.54
2025-11-25 14:45:00+01:00,234.22723646933275,333.01
2025-11-25 15:00:00+01:00,170.34545220556794,310.48
2025-11-25 15:15:00+01:00,198.19035301980597,333.88
2025-11-25 15:30:00+01:00,217.83661973880064,290.98
2025-11-25 15:45:00+01:00,238.16747449145146,304.64
2025-11-25 16:00:00+01:00,187.85425604833017,266.2
2025-11-25 16:15:00+01:00,210.8611495713455,306.42
2025-11-25 16:30:00+01:00,217.9736050249415,350.01
2025-11-25 16:45:00+01:00,242.33253010779694,377.7
2025-11-25 17:00:00+01:00,222.5433184653548,348.7
2025-11-25 17:15:00+01:00,215.59390954680885,399.93
2025-11-25 17:30:00+01:00,227.74556032408756,395.01
2025-11-25 17:45:00+01:00,257.46573361828587,349.61
2025-11-25 18:00:00+01:00,197.26336541494084,333.01
2025-11-25 18:15:00+01:00,192.08691355000622,300.42
2025-11-25 18:30:00+01:00,193.0188352500587,308.78
2025-11-25 18:45:00+01:00,187.6475870800536,249.41
2025-11-25 19:00:00+01:00,179.29661284298018,357.06
2025-11-25 19:15:00+01:00,171.54860933034053,266.61
2025-11-25 19:30:00+01:00,167.3281991886316,205.81
2025-11-25 19:45:00+01:00,162.0876820440838,168.01
2025-11-25 20:00:00+01:00,149.5035009484219,223.67
2025-11-25 20:15:00+01:00,143.96715028631718,175.87
2025-11-25 20:30:00+01:00,139.2011798484972,155.8
2025-11-25 20:45:00+01:00,134.27307262933763,136.0
2025-11-25 21:00:00+01:00,128.89597388632214,168.0
2025-11-25 21:15:00+01:00,124.73383164403971,141.87
2025-11-25 21:30:00+01:00,119.56556915715464,122.15
2025-11-25 21:45:00+01:00,114.15821911914627,108.06
2025-11-25 22:00:00+01:00,123.64654390989503,130.41
2025-11-25 22:15:00+01:00,116.79522024253558,123.86
2025-11-25 22:30:00+01:00,109.95093530816291,116.8
2025-11-25 22:45:00+01:00,104.91349680216044,105.55
2025-11-25 23:00:00+01:00,113.44368974585272,117.11
2025-11-25 23:15:00+01:00,106.11043060132589,105.59
2025-11-25 23:30:00+01:00,101.21566134943654,97.14
2025-11-25 23:45:00+01:00,96.10414541488767,88.3
2025-11-26 00:00:00+01:00,111.17236059889531,102.07
2025-11-26 00:15:00+01:00,104.7222346351526,90.14
2025-11-26 00:30:00+01:00,100.14966590171426,90.5
2025-11-26 00:45:00+01:00,96.15654844049968,88.71
2025-11-26 01:00:00+01:00,106.07235778873738,92.32
2025-11-26 01:15:00+01:00,100.03429258408764,89.41
2025-11-26 01:30:00+01:00,97.74082652488772,89.07
2025-11-26 01:45:00+01:00,96.17365104288987,89.0
2025-11-26 02:00:00+01:00,101.52330239278331,89.5
2025-11-26 02:15:00+01:00,96.9529529245091,88.98
2025-11-26 02:30:00+01:00,96.85969944858763,87.42
2025-11-26 02:45:00+01:00,96.38731858118351,87.4
2025-11-26 03:00:00+01:00,97.13561103555331,88.93
2025-11-26 03:15:00+01:00,96.21496902301814,88.99
2025-11-26 03:30:00+01:00,96.625221862224,90.07
2025-11-26 03:45:00+01:00,98.10851236724824,89.75
2025-11-26 04:00:00+01:00,95.76256246623683,87.28
2025-11-26 04:15:00+01:00,96.1513729390714,88.74
2025-11-26 04:30:00+01:00,98.63346260815956,90.26
2025-11-26 04:45:00+01:00,100.87853028651392,92.93
2025-11-26 05:00:00+01:00,95.31431330856125,87.09
2025-11-26 05:15:00+01:00,99.55780043611648,90.59
2025-11-26 05:30:00+01:00,104.89411157448389,101.19
2025-11-26 05:45:00+01:00,108.67465510011804,110.13
2025-11-26 06:00:00+01:00,99.98180860945605,100.89
2025-11-26 06:15:00+01:00,113.05499380071808,118.84
2025-11-26 06:30:00+01:00,120.01875455396313,133.26
2025-11-26 06:45:00+01:00,139.08685175039358,166.3
2025-11-26 07:00:00+01:00,151.33323419800183,146.66
2025-11-26 07:15:00+01:00,176.30624617421094,182.57
2025-11-26 07:30:00+01:00,188.6227680995288,204.0
2025-11-26 07:45:00+01:00,193.28811744666814,231.45
2025-11-26 08:00:00+01:00,284.81117792663895,213.04
2025-11-26 08:15:00+01:00,253.3357445697497,220.62
2025-11-26 08:30:00+01:00,222.15041048758036,270.1
2025-11-26 08:45:00+01:00,175.78068976279715,245.13
2025-11-26 09:00:00+01:00,309.7236750992379,240.51
2025-11-26 09:15:00+01:00,258.7591408744397,204.08
2025-11-26 09:30:00+01:00,230.1564831191733,206.85
2025-11-26 09:45:00+01:00,187.20812478524743,195.95
2025-11-26 10:00:00+01:00,297.7297973169614,240.4
2025-11-26 10:15:00+01:00,241.04972369949792,199.52
2025-11-26 10:30:00+01:00,212.22536782525935,179.53
2025-11-26 10:45:00+01:00,190.21654037522487,169.1
2025-11-26 11:00:00+01:00,230.58781428676258,177.09
2025-11-26 11:15:00+01:00,218.57597713014243,175.28
2025-11-26 11:30:00+01:00,218.6957449491253,169.82
2025-11-26 11:45:00+01:00,221.01509523560827,159.8
2025-11-26 12:00:00+01:00,232.65495114092298,166.55
2025-11-26 12:15:00+01:00,220.7144913168698,160.43
2025-11-26 12:30:00+01:00,216.49704066744175,165.76
2025-11-26 12:45:00+01:00,212.2580851784206,165.99
2025-11-26 13:00:00+01:00,230.0229343130716,169.65
2025-11-26 13:15:00+01:00,225.75280190907074,177.18
2025-11-26 13:30:00+01:00,230.5901491348483,167.44
2025-11-26 13:45:00+01:00,239.22448076663295,158.68
2025-11-26 14:00:00+01:00,220.38770879588543,161.77
2025-11-26 14:15:00+01:00,240.06631336752514,171.43
2025-11-26 14:30:00+01:00,260.8199722077004,196.7
2025-11-26 14:45:00+01:00,270.9083310691198,208.06
2025-11-26 15:00:00+01:00,216.40026669296708,169.44
2025-11-26 15:15:00+01:00,247.90205247983562,200.04
2025-11-26 15:30:00+01:00,239.22932583311695,236.81
2025-11-26 15:45:00+01:00,270.6155347314785,288.6
2025-11-26 16:00:00+01:00,222.25408835384457,214.95
2025-11-26 16:15:00+01:00,262.25332325637817,277.29
2025-11-26 16:30:00+01:00,280.33047387276963,314.03
2025-11-26 16:45:00+01:00,308.97079773260845,371.24
2025-11-26 17:00:00+01:00,199.02302350529982,291.5
2025-11-26 17:15:00+01:00,236.9102292868182,298.58
2025-11-26 17:30:00+01:00,251.21663197817338,295.42
2025-11-26 17:45:00+01:00,279.78268632072616,292.94
2025-11-26 18:00:00+01:00,220.39292895853924,267.96
2025-11-26 18:15:00+01:00,226.55370336552318,213.57
2025-11-26 18:30:00+01:00,230.10045508991627,226.25
2025-11-26 18:45:00+01:00,226.13870532127316,207.94
2025-11-26 19:00:00+01:00,234.30616217639385,219.26
2025-11-26 19:15:00+01:00,216.47622101144822,190.0
2025-11-26 19:30:00+01:00,203.19262458230943,169.81
2025-11-26 19:45:00+01:00,191.609490906958,155.63
2025-11-26 20:00:00+01:00,171.25891687651585,175.01
2025-11-26 20:15:00+01:00,159.6889547146265,149.99
2025-11-26 20:30:00+01:00,152.99759092687336,128.89
2025-11-26 20:45:00+01:00,148.74896990315898,111.15
2025-11-26 21:00:00+01:00,136.32058297779776,141.0
2025-11-26 21:15:00+01:00,122.7839994736502,124.33
2025-11-26 21:30:00+01:00,111.04614066972802,103.06
2025-11-26 21:45:00+01:00,100.74607227332633,91.4
2025-11-26 22:00:00+01:00,124.93391734190804,118.94
2025-11-26 22:15:00+01:00,116.90292759088622,105.08
2025-11-26 22:30:00+01:00,110.94975735265534,94.27
2025-11-26 22:45:00+01:00,105.54643764694168,89.68
2025-11-26 23:00:00+01:00,112.12260908734162,99.79
2025-11-26 23:15:00+01:00,102.10749821878436,90.9
2025-11-26 23:30:00+01:00,97.73752713587815,88.06
2025-11-26 23:45:00+01:00,92.31642956798113,82.0
2025-11-27 00:00:00+01:00,95.74046710717954,94.07
2025-11-27 00:15:00+01:00,90.93664963320452,91.21
2025-11-27 00:30:00+01:00,88.62211067062462,87.81
2025-11-27 00:45:00+01:00,85.51689152801892,86.69
2025-11-27 01:00:00+01:00,89.76076359848362,88.91
2025-11-27 01:15:00+01:00,86.58536483791089,85.62
2025-11-27 01:30:00+01:00,84.1111528043075,82.62
2025-11-27 01:45:00+01:00,82.66110483105936,79.95
2025-11-27 02:00:00+01:00,84.62716952436023,83.73
2025-11-27 02:15:00+01:00,81.92601866158869,81.09
2025-11-27 02:30:00+01:00,81.69598408004481,79.37
2025-11-27 02:45:00+01:00,80.61553859044197,75.6
2025-11-27 03:00:00+01:00,81.30895619624019,80.85
2025-11-27 03:15:00+01:00,80.35775139415522,79.37
2025-11-27 03:30:00+01:00,80.1508561707739,77.42
2025-11-27 03:45:00+01:00,79.61532188139422,71.73
2025-11-27 04:00:00+01:00,78.44036517057694,76.69
2025-11-27 04:15:00+01:00,79.5478693458336,76.92
2025-11-27 04:30:00+01:00,81.18049061041906,82.83
2025-11-27 04:45:00+01:00,83.30567727749636,83.35
2025-11-27 05:00:00+01:00,80.25058025158722,83.19
2025-11-27 05:15:00+01:00,83.79042681173833,73.46
2025-11-27 05:30:00+01:00,89.13658909612033,84.35
2025-11-27 05:45:00+01:00,91.70934432535205,87.31
2025-11-27 06:00:00+01:00,86.41188166866516,86.98
2025-11-27 06:15:00+01:00,98.36267033762778,111.57
2025-11-27 06:30:00+01:00,99.85118621648895,119.44
2025-11-27 06:45:00+01:00,107.78740485272868,130.89
2025-11-27 07:00:00+01:00,118.67974625085554,116.39
2025-11-27 07:15:00+01:00,129.7175352476035,120.6
2025-11-27 07:30:00+01:00,138.1941153120478,125.98
2025-11-27 07:45:00+01:00,138.85668696030746,125.03
2025-11-27 08:00:00+01:00,159.0879577959282,132.01
2025-11-27 08:15:00+01:00,152.55181384221746,126.84
2025-11-27 08:30:00+01:00,135.5180954355434,119.91
2025-11-27 08:45:00+01:00,122.14710671322389,113.66
2025-11-27 09:00:00+01:00,155.48120679789815,116.5
2025-11-27 09:15:00+01:00,122.19948720264318,119.82
2025-11-27 09:30:00+01:00,108.9549837442273,103.4
2025-11-27 09:45:00+01:00,98.79035378260707,88.09
2025-11-27 10:00:00+01:00,118.78731336696917,103.09
2025-11-27 10:15:00+01:00,103.18113429584473,87.54
2025-11-27 10:30:00+01:00,97.31787130870107,86.49
2025-11-27 10:45:00+01:00,89.68615447073823,86.67
2025-11-27 11:00:00+01:00,106.12952549064543,92.82
2025-11-27 11:15:00+01:00,97.01762420023488,89.39
2025-11-27 11:30:00+01:00,91.34026204798714,86.61
2025-11-27 11:45:00+01:00,86.5092909557571,85.84
2025-11-27 12:00:00+01:00,92.81553924291632,90.38
2025-11-27 12:15:00+01:00,91.39499734627857,85.72
2025-11-27 12:30:00+01:00,92.36646996097912,85.75
2025-11-27 12:45:00+01:00,90.8912484942962,86.4
2025-11-27 13:00:00+01:00,102.36779667866907,86.45
2025-11-27 13:15:00+01:00,101.65737417204357,85.06
2025-11-27 13:30:00+01:00,102.06617520607965,85.32
2025-11-27 13:45:00+01:00,99.86116096065551,86.21
2025-11-27 14:00:00+01:00,92.14025578416931,86.32
2025-11-27 14:15:00+01:00,98.88502644497518,86.52
2025-11-27 14:30:00+01:00,116.12854562857137,90.0
2025-11-27 14:45:00+01:00,133.6206426272437,94.15
2025-11-27 15:00:00+01:00,96.81079357444375,86.61
2025-11-27 15:15:00+01:00,113.76204206905877,88.82
2025-11-27 15:30:00+01:00,133.5129764734977,97.13
2025-11-27 15:45:00+01:00,146.84356627938712,89.84
2025-11-27 16:00:00+01:00,106.68817335157769,94.1
2025-11-27 16:15:00+01:00,120.07672930777406,86.32
2025-11-27 16:30:00+01:00,131.1272323377475,88.21
2025-11-27 16:45:00+01:00,154.8846855458827,93.09
2025-11-27 17:00:00+01:00,124.57853709316875,85.47
2025-11-27 17:15:00+01:00,124.68604122894185,92.01
2025-11-27 17:30:00+01:00,125.56433271414596,100.19
2025-11-27 17:45:00+01:00,138.68718763372152,112.36
2025-11-27 18:00:00+01:00,128.49465231211926,103.57
2025-11-27 18:15:00+01:00,126.3473051963985,99.75
2025-11-27 18:30:00+01:00,125.6535149330848,101.78
2025-11-27 18:45:00+01:00,122.45133039538756,100.47
2025-11-27 19:00:00+01:00,125.55452685384937,98.54
2025-11-27 19:15:00+01:00,120.76489176200491,88.66
2025-11-27 19:30:00+01:00,116.96847754928511,85.3
2025-11-27 19:45:00+01:00,115.21394658726123,80.58
2025-11-27 20:00:00+01:00,110.31105259063307,91.42
2025-11-27 20:15:00+01:00,101.12299062465027,90.83
2025-11-27 20:30:00+01:00,95.81549879297893,82.01
2025-11-27 20:45:00+01:00,90.36670768290067,77.33
2025-11-27 21:00:00+01:00,90.40763581494315,88.62
2025-11-27 21:15:00+01:00,74.79403453190719,75.77
2025-11-27 21:30:00+01:00,56.88544809984284,80.57
2025-11-27 21:45:00+01:00,38.65147636848967,77.54
2025-11-27 22:00:00+01:00,92.329417090218,90.43
2025-11-27 22:15:00+01:00,79.58216168390828,83.69
2025-11-27 22:30:00+01:00,68.09310352881968,87.03
2025-11-27 22:45:00+01:00,58.57584473966939,79.27
2025-11-27 23:00:00+01:00,86.27577734973724,84.9
2025-11-27 23:15:00+01:00,73.63317994576201,74.68
2025-11-27 23:30:00+01:00,67.64155430380598,66.89
2025-11-27 23:45:00+01:00,60.15595009197686,51.36
2025-11-28 00:00:00+01:00,71.69576747462683,70.39
2025-11-28 00:15:00+01:00,65.33436679372042,65.07
2025-11-28 00:30:00+01:00,62.27737918677106,55.81
2025-11-28 00:45:00+01:00,56.41352459248139,52.09
2025-11-28 01:00:00+01:00,67.82929981605601,65.16
2025-11-28 01:15:00+01:00,61.46350671599031,52.5
2025-11-28 01:30:00+01:00,60.222503783483894,53.72
2025-11-28 01:45:00+01:00,56.52819938837109,48.62
2025-11-28 02:00:00+01:00,64.48199204980708,54.94
2025-11-28 02:15:00+01:00,59.709061218618245,53.41
2025-11-28 02:30:00+01:00,59.59580734054611,52.71
2025-11-28 02:45:00+01:00,59.10885267629156,50.66
2025-11-28 03:00:00+01:00,62.139119277063884,46.88
2025-11-28 03:15:00+01:00,64.8398055205473,48.21
2025-11-28 03:30:00+01:00,65.07651936276292,47.88
2025-11-28 03:45:00+01:00,63.809078370255385,48.56
2025-11-28 04:00:00+01:00,62.502818683738084,52.1
2025-11-28 04:15:00+01:00,63.83901301260701,51.42
2025-11-28 04:30:00+01:00,66.9938663470711,60.07
2025-11-28 04:45:00+01:00,68.77901690525297,69.91
2025-11-28 05:00:00+01:00,68.04788318567346,51.5
2025-11-28 05:15:00+01:00,70.63518922555377,54.6
2025-11-28 05:30:00+01:00,76.79090449491261,59.93
2025-11-28 05:45:00+01:00,79.90555149085145,78.13
2025-11-28 06:00:00+01:00,77.58375345915104,63.73
2025-11-28 06:15:00+01:00,91.38778552671862,78.11
2025-11-28 06:30:00+01:00,97.60596384359783,87.33
2025-11-28 06:45:00+01:00,104.34486190981232,102.28
2025-11-28 07:00:00+01:00,114.6802646525056,78.23
2025-11-28 07:15:00+01:00,122.08004164700239,90.96
2025-11-28 07:30:00+01:00,123.09495297689558,95.0
2025-11-28 07:45:00+01:00,125.75360042729585,87.09
2025-11-28 08:00:00+01:00,135.74942233062583,102.89
2025-11-28 08:15:00+01:00,133.2265840565356,98.63
2025-11-28 08:30:00+01:00,125.42098523862047,100.37
2025-11-28 08:45:00+01:00,111.99150039017636,100.01
2025-11-28 09:00:00+01:00,133.21955687713955,114.3
2025-11-28 09:15:00+01:00,118.47500351443998,102.25
2025-11-28 09:30:00+01:00,108.96085131520732,100.1
2025-11-28 09:45:00+01:00,99.44853809138243,96.95
2025-11-28 10:00:00+01:00,107.34979599028753,102.24
2025-11-28 10:15:00+01:00,95.35072766200915,96.07
2025-11-28 10:30:00+01:00,91.39979408439542,97.01
2025-11-28 10:45:00+01:00,89.44347493586179,96.06
2025-11-28 11:00:00+01:00,102.0586105866179,104.5
2025-11-28 11:15:00+01:00,99.18437916467032,102.98
2025-11-28 11:30:00+01:00,95.69398798480879,102.83
2025-11-28 11:45:00+01:00,93.63228167017937,100.97
2025-11-28 12:00:00+01:00,103.28692225674101,94.73
2025-11-28 12:15:00+01:00,101.89906858802794,94.2
2025-11-28 12:30:00+01:00,104.28174795325765,102.74
2025-11-28 12:45:00+01:00,107.75385302101719,103.18
2025-11-28 13:00:00+01:00,111.13105293513567,97.56
2025-11-28 13:15:00+01:00,113.25385734458159,99.96
2025-11-28 13:30:00+01:00,114.60224671138144,100.96
2025-11-28 13:45:00+01:00,118.99086824377822,99.32
2025-11-28 14:00:00+01:00,107.44454486307693,92.35
2025-11-28 14:15:00+01:00,113.94556503585913,94.54
2025-11-28 14:30:00+01:00,117.80677862787986,102.32
2025-11-28 14:45:00+01:00,125.21237814600707,105.95
2025-11-28 15:00:00+01:00,95.55055537397254,94.63
2025-11-28 15:15:00+01:00,104.88479070566075,104.02
2025-11-28 15:30:00+01:00,113.40506527055203,117.63
2025-11-28 15:45:00+01:00,124.19318670927929,102.4
2025-11-28 16:00:00+01:00,108.54638028509848,106.13
2025-11-28 16:15:00+01:00,107.91189355336836,103.0
2025-11-28 16:30:00+01:00,113.27342255910166,101.42
2025-11-28 16:45:00+01:00,127.14290280125209,103.05
2025-11-28 17:00:00+01:00,116.15089665884821,94.32
2025-11-28 17:15:00+01:00,120.41455466005611,96.95
2025-11-28 17:30:00+01:00,121.57174552099056,96.47
2025-11-28 17:45:00+01:00,135.42973647175035,96.89
2025-11-28 18:00:00+01:00,128.09441474054685,101.04
2025-11-28 18:15:00+01:00,123.22686012903864,95.41
2025-11-28 18:30:00+01:00,122.82132418986266,98.03
2025-11-28 18:45:00+01:00,121.32612719241533,98.02
2025-11-28 19:00:00+01:00,124.21918477131183,102.32
2025-11-28 19:15:00+01:00,120.8220354791006,96.1
2025-11-28 19:30:00+01:00,118.71170460578065,91.57
2025-11-28 19:45:00+01:00,115.54791963330909,83.29
2025-11-28 20:00:00+01:00,113.05971033649043,102.8
2025-11-28 20:15:00+01:00,106.4312077153454,87.62
2025-11-28 20:30:00+01:00,98.50723252610997,85.29
2025-11-28 20:45:00+01:00,87.21962060267103,78.12
2025-11-28 21:00:00+01:00,101.46978226375398,91.34
2025-11-28 21:15:00+01:00,92.05378140078867,89.37
2025-11-28 21:30:00+01:00,87.97257606947227,86.05
2025-11-28 21:45:00+01:00,80.41436092652243,74.88
2025-11-28 22:00:00+01:00,96.57658448853964,91.61
2025-11-28 22:15:00+01:00,91.13093651616403,84.73
2025-11-28 22:30:00+01:00,88.13122126589225,88.43
2025-11-28 22:45:00+01:00,81.14017088794341,77.41
2025-11-28 23:00:00+01:00,90.1702325466915,85.83
2025-11-28 23:15:00+01:00,81.94634863266126,77.69
2025-11-28 23:30:00+01:00,78.02487414386458,75.84
2025-11-28 23:45:00+01:00,71.57708465941286,71.96
2025-11-29 00:00:00+01:00,78.98061488280959,95.22
2025-11-29 00:15:00+01:00,75.63525273484662,83.55
2025-11-29 00:30:00+01:00,72.5710489034501,77.91
2025-11-29 00:45:00+01:00,70.97705499849141,70.24
2025-11-29 01:00:00+01:00,74.1183019407521,83.48
2025-11-29 01:15:00+01:00,70.04765220363711,78.65
2025-11-29 01:30:00+01:00,69.79277631039541,80.62
2025-11-29 01:45:00+01:00,68.13288274662428,80.84
2025-11-29 02:00:00+01:00,69.17115850203922,84.28
2025-11-29 02:15:00+01:00,67.50348657835355,83.11
2025-11-29 02:30:00+01:00,68.46405163346924,78.97
2025-11-29 02:45:00+01:00,67.91318482346662,78.98
2025-11-29 03:00:00+01:00,68.61421539164324,84.07
2025-11-29 03:15:00+01:00,72.26177366601536,80.89
2025-11-29 03:30:00+01:00,71.96018981507288,82.18
2025-11-29 03:45:00+01:00,69.98350155895929,83.09
2025-11-29 04:00:00+01:00,72.05875801258202,83.02
2025-11-29 04:15:00+01:00,72.19056541259737,85.4
2025-11-29 04:30:00+01:00,73.83315479785384,86.79
2025-11-29 04:45:00+01:00,74.82570610003678,87.58
2025-11-29 05:00:00+01:00,73.66471266779656,90.25
2025-11-29 05:15:00+01:00,76.46511222714152,91.88
2025-11-29 05:30:00+01:00,80.31531914805379,84.93
2025-11-29 05:45:00+01:00,82.2757429253669,92.93
2025-11-29 06:00:00+01:00,62.304146461384555,81.1
2025-11-29 06:15:00+01:00,66.3301369621397,87.26
2025-11-29 06:30:00+01:00,74.6526377191394,93.64
2025-11-29 06:45:00+01:00,87.37604373776053,101.55
2025-11-29 07:00:00+01:00,88.70011639518779,79.12
2025-11-29 07:15:00+01:00,88.74538775608866,88.55
2025-11-29 07:30:00+01:00,93.22696889594172,104.37
2025-11-29 07:45:00+01:00,84.60575204477593,112.66
2025-11-29 08:00:00+01:00,107.0492656998821,92.7
2025-11-29 08:15:00+01:00,103.19624406495353,85.78
2025-11-29 08:30:00+01:00,100.18912170791137,89.8
2025-11-29 08:45:00+01:00,95.3049288783098,88.32
2025-11-29 09:00:00+01:00,102.29310323921419,99.87
2025-11-29 09:15:00+01:00,97.67448543174179,101.78
2025-11-29 09:30:00+01:00,98.06084168970025,101.98
2025-11-29 09:45:00+01:00,93.38781797435867,102.7
2025-11-29 10:00:00+01:00,93.19002606620298,109.99
2025-11-29 10:15:00+01:00,86.42845122959437,103.69
2025-11-29 10:30:00+01:00,86.61838335416962,99.74
2025-11-29 10:45:00+01:00,85.80286309717985,92.34
2025-11-29 11:00:00+01:00,84.82758980698031,100.8
2025-11-29 11:15:00+01:00,86.97769834006178,99.76
2025-11-29 11:30:00+01:00,89.17374866217675,94.8
2025-11-29 11:45:00+01:00,88.99741819135657,85.69
2025-11-29 12:00:00+01:00,92.88212987418558,91.03
2025-11-29 12:15:00+01:00,94.11407376417498,85.22
2025-11-29 12:30:00+01:00,96.88419550115103,85.25
2025-11-29 12:45:00+01:00,103.10288313540136,82.89
2025-11-29 13:00:00+01:00,99.24521191032193,93.16
2025-11-29 13:15:00+01:00,104.00277507267342,85.26
2025-11-29 13:30:00+01:00,107.25084033993949,85.52
2025-11-29 13:45:00+01:00,111.82436886365346,87.89
2025-11-29 14:00:00+01:00,101.17251663264031,86.1
2025-11-29 14:15:00+01:00,107.8147345702235,88.82
2025-11-29 14:30:00+01:00,108.37520366064365,93.64
2025-11-29 14:45:00+01:00,112.88483302792602,98.35
2025-11-29 15:00:00+01:00,98.04885056049625,97.31
2025-11-29 15:15:00+01:00,99.52725559934296,107.93
2025-11-29 15:30:00+01:00,107.9371798504668,102.44
2025-11-29 15:45:00+01:00,113.36409287593415,103.21
2025-11-29 16:00:00+01:00,105.80725087628196,91.77
2025-11-29 16:15:00+01:00,105.93704601568743,100.12
2025-11-29 16:30:00+01:00,104.71631477212429,104.57
2025-11-29 16:45:00+01:00,112.45704391197978,114.12
2025-11-29 17:00:00+01:00,114.87507883615945,107.43
2025-11-29 17:15:00+01:00,115.52398212083014,109.38
2025-11-29 17:30:00+01:00,110.94194414371056,108.14
2025-11-29 17:45:00+01:00,110.96398071902172,103.39
2025-11-29 18:00:00+01:00,115.11179943385415,107.41
2025-11-29 18:15:00+01:00,109.95116459831787,98.0
2025-11-29 18:30:00+01:00,107.99134397660002,95.02
2025-11-29 18:45:00+01:00,104.06644460509874,92.09
2025-11-29 19:00:00+01:00,109.06671995578523,92.17
2025-11-29 19:15:00+01:00,103.79422695832184,89.88
2025-11-29 19:30:00+01:00,99.69985397105455,85.61
2025-11-29 19:45:00+01:00,98.17288351557193,86.06
2025-11-29 20:00:00+01:00,110.65450387991872,89.88
2025-11-29 20:15:00+01:00,102.24346536119853,83.11
2025-11-29 20:30:00+01:00,98.02861827219563,76.91
2025-11-29 20:45:00+01:00,83.65840387091556,74.55
2025-11-29 21:00:00+01:00,92.9950139251435,85.61
2025-11-29 21:15:00+01:00,88.23831224184589,82.58
2025-11-29 21:30:00+01:00,85.29702235205544,78.31
2025-11-29 21:45:00+01:00,76.41351427318386,76.7
2025-11-29 22:00:00+01:00,92.10856563580327,86.95
2025-11-29 22:15:00+01:00,84.92318042396212,83.91
2025-11-29 22:30:00+01:00,84.72653775958672,86.43
2025-11-29 22:45:00+01:00,78.51773974215659,76.67
2025-11-29 23:00:00+01:00,83.48783503059246,83.1
2025-11-29 23:15:00+01:00,77.46237346109177,76.95
2025-11-29 23:30:00+01:00,74.73095000148832,76.0
2025-11-29 23:45:00+01:00,67.26813268774026,74.86
2025-11-30 00:00:00+01:00,77.91070706253615,84.65
2025-11-30 00:15:00+01:00,73.29467550359229,78.22
2025-11-30 00:30:00+01:00,72.53404844095718,71.64
2025-11-30 00:45:00+01:00,71.89308056470331,69.38
2025-11-30 01:00:00+01:00,71.83355543293081,74.13
2025-11-30 01:15:00+01:00,68.84012815758888,68.56
2025-11-30 01:30:00+01:00,68.45365602778061,68.38
2025-11-30 01:45:00+01:00,68.12214469761388,68.06
2025-11-30 02:00:00+01:00,67.14424514458469,69.34
2025-11-30 02:15:00+01:00,66.21060346432009,68.74
2025-11-30 02:30:00+01:00,67.53141312936445,67.74
2025-11-30 02:45:00+01:00,67.63570136926128,63.93
2025-11-30 03:00:00+01:00,66.46516620717605,68.56
2025-11-30 03:15:00+01:00,67.77291203559726,67.03
2025-11-30 03:30:00+01:00,67.88378231666249,65.14
2025-11-30 03:45:00+01:00,66.10221967601802,60.69
2025-11-30 04:00:00+01:00,67.6743114790556,65.55
2025-11-30 04:15:00+01:00,68.72637355602535,67.09
2025-11-30 04:30:00+01:00,70.61692298002166,68.7
2025-11-30 04:45:00+01:00,71.45564866431211,66.66
2025-11-30 05:00:00+01:00,69.87706924646858,72.04
2025-11-30 05:15:00+01:00,73.42416822177233,71.48
2025-11-30 05:30:00+01:00,76.78652220635642,75.74
2025-11-30 05:45:00+01:00,78.80700990237412,77.91
2025-11-30 06:00:00+01:00,24.129825119652253,71.32
2025-11-30 06:15:00+01:00,50.933632885226835,72.86
2025-11-30 06:30:00+01:00,59.85193723190709,77.18
2025-11-30 06:45:00+01:00,74.90226322046234,80.95
2025-11-30 07:00:00+01:00,34.47563267858335,72.4
2025-11-30 07:15:00+01:00,47.917354293017624,71.46
2025-11-30 07:30:00+01:00,79.67055678874,77.91
2025-11-30 07:45:00+01:00,37.10124872599708,82.13
2025-11-30 08:00:00+01:00,57.79589346269892,75.79
2025-11-30 08:15:00+01:00,49.23899733943181,83.06
2025-11-30 08:30:00+01:00,52.07854757963123,79.77
2025-11-30 08:45:00+01:00,47.741518879965334,80.74
2025-11-30 09:00:00+01:00,79.6980573627785,82.06
2025-11-30 09:15:00+01:00,69.32600140915602,82.4
2025-11-30 09:30:00+01:00,67.3192162220652,82.0
2025-11-30 09:45:00+01:00,62.22755130281648,76.14
2025-11-30 10:00:00+01:00,74.30271269678884,87.79
2025-11-30 10:15:00+01:00,71.94731320547247,85.1
2025-11-30 10:30:00+01:00,70.9068303586201,83.74
2025-11-30 10:45:00+01:00,69.70559486373764,81.06
2025-11-30 11:00:00+01:00,70.28906061357112,77.9
2025-11-30 11:15:00+01:00,71.00480553013563,80.16
2025-11-30 11:30:00+01:00,68.25087004922604,84.11
2025-11-30 11:45:00+01:00,70.48104455077466,84.0
2025-11-30 12:00:00+01:00,63.996710114753455,78.81
2025-11-30 12:15:00+01:00,62.58603029967504,76.41
2025-11-30 12:30:00+01:00,63.690949631625486,82.48
2025-11-30 12:45:00+01:00,67.5640795677017,85.08
2025-11-30 13:00:00+01:00,69.0871545612768,77.91
2025-11-30 13:15:00+01:00,68.62068831000491,80.74
2025-11-30 13:30:00+01:00,68.23127606612994,83.68
2025-11-30 13:45:00+01:00,70.57199226351207,87.74
2025-11-30 14:00:00+01:00,67.49785115573349,78.32
2025-11-30 14:15:00+01:00,72.31044833103442,87.18
2025-11-30 14:30:00+01:00,71.14339962844387,89.08
2025-11-30 14:45:00+01:00,81.78212464887415,95.61
2025-11-30 15:00:00+01:00,82.14865858111548,81.82
2025-11-30 15:15:00+01:00,87.47911285565112,88.59
2025-11-30 15:30:00+01:00,92.31266013383232,103.14
2025-11-30 15:45:00+01:00,96.84664248744069,100.76
2025-11-30 16:00:00+01:00,85.42580021377032,82.79
2025-11-30 16:15:00+01:00,94.01738537484866,86.61
2025-11-30 16:30:00+01:00,98.17374447448884,99.94
2025-11-30 16:45:00+01:00,109.8753727098234,101.9
2025-11-30 17:00:00+01:00,101.94923102314269,103.02
2025-11-30 17:15:00+01:00,107.90423464351412,103.09
2025-11-30 17:30:00+01:00,105.27861019397189,105.03
2025-11-30 17:45:00+01:00,103.6836125823837,105.05
2025-11-30 18:00:00+01:00,104.14526814720148,106.37
2025-11-30 18:15:00+01:00,102.94098965019667,105.07
2025-11-30 18:30:00+01:00,99.29787144813565,105.1
2025-11-30 18:45:00+01:00,95.43960962914194,108.31
2025-11-30 19:00:00+01:00,94.07868655883773,103.08
2025-11-30 19:15:00+01:00,92.04018265071562,105.01
2025-11-30 19:30:00+01:00,90.84989901099979,103.28
2025-11-30 19:45:00+01:00,88.51658674547537,105.14
2025-11-30 20:00:00+01:00,108.15217566615365,97.27
2025-11-30 20:15:00+01:00,102.11241267019318,97.7
2025-11-30 20:30:00+01:00,98.09891219546921,96.74
2025-11-30 20:45:00+01:00,80.44500790335567,98.39
2025-11-30 21:00:00+01:00,98.49301052628073,95.94
2025-11-30 21:15:00+01:00,95.80663447668812,96.66
2025-11-30 21:30:00+01:00,94.03382646507065,90.92
2025-11-30 21:45:00+01:00,89.0717835090945,88.2
2025-11-30 22:00:00+01:00,103.6347968148218,95.51
2025-11-30 22:15:00+01:00,99.55002072895168,93.93
2025-11-30 22:30:00+01:00,96.32437400679372,91.64
2025-11-30 22:45:00+01:00,87.9665874018039,89.31
2025-11-30 23:00:00+01:00,98.05330297409097,88.51
2025-11-30 23:15:00+01:00,93.54796487719915,86.44
2025-11-30 23:30:00+01:00,90.83373586701337,87.27
2025-11-30 23:45:00+01:00,85.37194595928285,86.29
2025-12-01 00:00:00+01:00,89.22415593145821,90.91
2025-12-01 00:15:00+01:00,85.8745300341375,90.44
2025-12-01 00:30:00+01:00,82.06963305079891,86.29
2025-12-01 00:45:00+01:00,81.31238818357863,84.34
2025-12-01 01:00:00+01:00,81.09014082621732,90.79
2025-12-01 01:15:00+01:00,77.66604605949637,85.05
2025-12-01 01:30:00+01:00,78.82928130520258,85.46
2025-12-01 01:45:00+01:00,76.89471043584919,82.79
2025-12-01 02:00:00+01:00,77.93673201019405,85.03
2025-12-01 02:15:00+01:00,76.66520325915117,81.35
2025-12-01 02:30:00+01:00,76.88674337752731,78.91
2025-12-01 02:45:00+01:00,74.9588515657856,80.07
2025-12-01 03:00:00+01:00,80.19982372384511,86.29
2025-12-01 03:15:00+01:00,79.36787203348574,85.02
2025-12-01 03:30:00+01:00,79.222486640696,82.8
2025-12-01 03:45:00+01:00,78.25219428064077,86.45
2025-12-01 04:00:00+01:00,79.22602704539102,80.08
2025-12-01 04:15:00+01:00,79.48056325876937,81.32
2025-12-01 04:30:00+01:00,80.10312976314145,76.83
2025-12-01 04:45:00+01:00,80.5717714416449,82.8
2025-12-01 05:00:00+01:00,86.47706253460052,81.36
2025-12-01 05:15:00+01:00,88.76806669739885,79.44
2025-12-01 05:30:00+01:00,87.32542441863832,90.9
2025-12-01 05:45:00+01:00,89.15334201770362,103.28
2025-12-01 06:00:00+01:00,93.8377246847253,77.9
2025-12-01 06:15:00+01:00,107.64952942380357,81.33
2025-12-01 06:30:00+01:00,113.42758613230063,92.36
2025-12-01 06:45:00+01:00,122.43013795785,102.91
2025-12-01 07:00:00+01:00,126.47765762800991,119.01
2025-12-01 07:15:00+01:00,125.14096675883337,119.06
2025-12-01 07:30:00+01:00,141.5741634251527,130.98
2025-12-01 07:45:00+01:00,134.23703856039253,142.39
2025-12-01 08:00:00+01:00,142.79951848800727,170.36
2025-12-01 08:15:00+01:00,137.13914543212275,146.72
2025-12-01 08:30:00+01:00,132.78728365404467,122.86
2025-12-01 08:45:00+01:00,124.9209370308788,117.39
2025-12-01 09:00:00+01:00,132.27806952043218,117.0
2025-12-01 09:15:00+01:00,127.1046794663294,112.59
2025-12-01 09:30:00+01:00,124.77705828077961,104.5
2025-12-01 09:45:00+01:00,118.19278993087201,86.29
2025-12-01 10:00:00+01:00,102.90260538827224,97.71
2025-12-01 10:15:00+01:00,100.73599724326844,95.05
2025-12-01 10:30:00+01:00,102.54687961334636,95.02
2025-12-01 10:45:00+01:00,100.64944794904035,87.15
2025-12-01 11:00:00+01:00,97.88130545060895,90.58
2025-12-01 11:15:00+01:00,104.11366620315164,86.3
2025-12-01 11:30:00+01:00,99.76301808124428,83.32
2025-12-01 11:45:00+01:00,102.44622885885838,83.64
2025-12-01 12:00:00+01:00,112.74336623432364,86.29
2025-12-01 12:15:00+01:00,111.06002687807279,81.4
2025-12-01 12:30:00+01:00,112.77814060081332,84.9
2025-12-01 12:45:00+01:00,115.73011238404767,87.48
2025-12-01 13:00:00+01:00,108.77187491776952,86.19
2025-12-01 13:15:00+01:00,110.76575023018094,86.98
2025-12-01 13:30:00+01:00,111.69707202061498,89.91
2025-12-01 13:45:00+01:00,115.84434145659544,97.2
2025-12-01 14:00:00+01:00,103.71946440046449,98.21
2025-12-01 14:15:00+01:00,105.34926014274892,106.89
2025-12-01 14:30:00+01:00,117.08605133706794,114.77
2025-12-01 14:45:00+01:00,127.71294484349431,109.0
2025-12-01 15:00:00+01:00,103.00564802698216,117.43
2025-12-01 15:15:00+01:00,112.08534302070268,122.89
2025-12-01 15:30:00+01:00,123.41297135337086,126.75
2025-12-01 15:45:00+01:00,134.0929316902122,114.22
2025-12-01 16:00:00+01:00,102.67859021461884,118.92
2025-12-01 16:15:00+01:00,102.26208369549933,119.94
2025-12-01 16:30:00+01:00,105.19805932331451,112.45
2025-12-01 16:45:00+01:00,118.24619035865578,100.55
2025-12-01 17:00:00+01:00,113.03080962325836,89.91
2025-12-01 17:15:00+01:00,115.38684214525533,97.82
2025-12-01 17:30:00+01:00,114.15444313345557,100.56
2025-12-01 17:45:00+01:00,111.39995155799552,89.36
2025-12-01 18:00:00+01:00,117.45300731607736,86.91
2025-12-01 18:15:00+01:00,113.41641624971038,89.7
2025-12-01 18:30:00+01:00,113.6858106696524,91.08
2025-12-01 18:45:00+01:00,111.15925858081776,88.28
2025-12-01 19:00:00+01:00,103.68752177551016,95.08
2025-12-01 19:15:00+01:00,95.01107066600176,85.38
2025-12-01 19:30:00+01:00,91.70717625044213,85.91
2025-12-01 19:45:00+01:00,89.18079188286652,80.7
2025-12-01 20:00:00+01:00,96.87321189379233,91.99
2025-12-01 20:15:00+01:00,92.25838299160569,84.07
2025-12-01 20:30:00+01:00,87.37523574658849,75.91
2025-12-01 20:45:00+01:00,82.3583249814313,77.23
2025-12-01 21:00:00+01:00,62.798083704075715,86.86
2025-12-01 21:15:00+01:00,67.92830236686083,80.98
2025-12-01 21:30:00+01:00,69.12310461158059,69.87
2025-12-01 21:45:00+01:00,62.69231271423429,66.09
2025-12-01 22:00:00+01:00,78.84158935273503,84.08
2025-12-01 22:15:00+01:00,75.34607672067565,72.56
2025-12-01 22:30:00+01:00,72.35853473029059,79.69
2025-12-01 22:45:00+01:00,63.582049962132324,69.39
2025-12-01 23:00:00+01:00,72.03544808804187,82.47
2025-12-01 23:15:00+01:00,67.73692052315465,70.76
2025-12-01 23:30:00+01:00,66.76318331506073,71.18
2025-12-01 23:45:00+01:00,57.87225150140893,62.8
2025-12-02 00:00:00+01:00,72.47869641512914,74.08
2025-12-02 00:15:00+01:00,63.89018786754576,69.92
2025-12-02 00:30:00+01:00,64.22793316585171,63.16
2025-12-02 00:45:00+01:00,61.53082847104319,55.95
2025-12-02 01:00:00+01:00,65.98947871563851,65.41
2025-12-02 01:15:00+01:00,60.81553697846384,58.49
2025-12-02 01:30:00+01:00,60.43115265138839,56.59
2025-12-02 01:45:00+01:00,58.972956413485434,54.79
2025-12-02 02:00:00+01:00,57.846999201884984,55.08
2025-12-02 02:15:00+01:00,58.11999267714566,54.24
2025-12-02 02:30:00+01:00,58.1544456828689,54.69
2025-12-02 02:45:00+01:00,52.80330054776942,55.73
2025-12-02 03:00:00+01:00,60.1505181076383,55.16
2025-12-02 03:15:00+01:00,58.23301119256341,53.71
2025-12-02 03:30:00+01:00,57.944428400913665,54.16
2025-12-02 03:45:00+01:00,57.87345727543761,51.9
2025-12-02 04:00:00+01:00,60.20165566331595,48.96
2025-12-02 04:15:00+01:00,59.83994572894228,49.78
2025-12-02 04:30:00+01:00,63.77277678748954,51.02
2025-12-02 04:45:00+01:00,66.8972920151196,52.11
2025-12-02 05:00:00+01:00,66.79697471131645,50.29
2025-12-02 05:15:00+01:00,72.51921303343886,59.31
2025-12-02 05:30:00+01:00,77.7189790838629,69.17
2025-12-02 05:45:00+01:00,80.76376495568496,79.57
2025-12-02 06:00:00+01:00,48.58714616213393,62.56
2025-12-02 06:15:00+01:00,71.22645834789873,76.7
2025-12-02 06:30:00+01:00,79.39471447085646,90.05
2025-12-02 06:45:00+01:00,100.5505690627273,84.74
2025-12-02 07:00:00+01:00,78.72058845024105,74.21
2025-12-02 07:15:00+01:00,95.4858697058265,80.8
2025-12-02 07:30:00+01:00,104.95625328015294,92.82
2025-12-02 07:45:00+01:00,114.3862963469304,103.32
2025-12-02 08:00:00+01:00,129.12300907814637,84.2
2025-12-02 08:15:00+01:00,118.54407186772625,87.9
2025-12-02 08:30:00+01:00,106.28327923713778,88.12
2025-12-02 08:45:00+01:00,97.81130923584331,90.38
2025-12-02 09:00:00+01:00,118.54349114436397,88.79
2025-12-02 09:15:00+01:00,104.93274671194331,89.98
2025-12-02 09:30:00+01:00,100.23282816975984,89.16
2025-12-02 09:45:00+01:00,89.74377079359083,85.19
2025-12-02 10:00:00+01:00,101.07281553916928,87.61
2025-12-02 10:15:00+01:00,94.69325371802356,85.38
2025-12-02 10:30:00+01:00,90.03096865590493,84.61
2025-12-02 10:45:00+01:00,88.70998564418244,85.73
2025-12-02 11:00:00+01:00,106.31412155309596,85.07
2025-12-02 11:15:00+01:00,100.59568708584476,85.2
2025-12-02 11:30:00+01:00,95.6882027296554,87.84
2025-12-02 11:45:00+01:00,93.96554786639925,88.78
2025-12-02 12:00:00+01:00,96.98127939227872,87.01
2025-12-02 12:15:00+01:00,100.19798979656599,86.99
2025-12-02 12:30:00+01:00,99.82103430190459,87.58
2025-12-02 12:45:00+01:00,100.63929599645546,88.21
2025-12-02 13:00:00+01:00,107.41198156335518,94.84
2025-12-02 13:15:00+01:00,111.96406039488272,91.79
2025-12-02 13:30:00+01:00,115.23207348303586,94.84
2025-12-02 13:45:00+01:00,119.89351440747443,106.67
2025-12-02 14:00:00+01:00,113.29289621843148,84.49
2025-12-02 14:15:00+01:00,121.05323790936853,86.75
2025-12-02 14:30:00+01:00,127.57774507687822,116.52
2025-12-02 14:45:00+01:00,145.36205397306296,132.27
2025-12-02 15:00:00+01:00,130.261757844425,122.27
2025-12-02 15:15:00+01:00,151.5401492748598,137.87
2025-12-02 15:30:00+01:00,160.7611512295109,150.35
2025-12-02 15:45:00+01:00,177.02692657240928,150.99
2025-12-02 16:00:00+01:00,151.13614215409672,130.07
2025-12-02 16:15:00+01:00,155.31452456198218,126.39
2025-12-02 16:30:00+01:00,168.74477140393589,136.63
2025-12-02 16:45:00+01:00,186.7441373490318,152.27
2025-12-02 17:00:00+01:00,147.35109316921364,142.01
2025-12-02 17:15:00+01:00,160.46381974791487,152.91
2025-12-02 17:30:00+01:00,156.849898681754,157.84
2025-12-02 17:45:00+01:00,161.68254987730526,153.8
2025-12-02 18:00:00+01:00,158.42702394474867,154.72
2025-12-02 18:15:00+01:00,157.35940617877245,153.97
2025-12-02 18:30:00+01:00,159.8295549112225,160.89
2025-12-02 18:45:00+01:00,156.54207341214618,178.99
2025-12-02 19:00:00+01:00,170.31964407576785,165.42
2025-12-02 19:15:00+01:00,167.84350269724644,157.12
2025-12-02 19:30:00+01:00,160.19253536915193,172.28
2025-12-02 19:45:00+01:00,155.82603062010455,157.99
2025-12-02 20:00:00+01:00,147.39739727484002,181.42
2025-12-02 20:15:00+01:00,142.7823591646172,160.01
2025-12-02 20:30:00+01:00,134.0223528470529,147.98
2025-12-02 20:45:00+01:00,129.0214239033491,130.13
2025-12-02 21:00:00+01:00,149.93481911093778,140.25
2025-12-02 21:15:00+01:00,138.96301004524258,135.99
2025-12-02 21:30:00+01:00,131.2544273813074,127.03
2025-12-02 21:45:00+01:00,123.15332156800964,114.12
2025-12-02 22:00:00+01:00,134.96209965076665,129.63
2025-12-02 22:15:00+01:00,128.36067327453472,122.53
2025-12-02 22:30:00+01:00,122.03496896004198,116.06
2025-12-02 22:45:00+01:00,116.63260795889316,108.67
2025-12-02 23:00:00+01:00,120.57486854447112,108.06
2025-12-02 23:15:00+01:00,116.15116233239003,105.04
2025-12-02 23:30:00+01:00,112.82516014805176,96.24
2025-12-02 23:45:00+01:00,108.43230784177874,87.21
2025-12-03 00:00:00+01:00,102.3041246637339,92.22
2025-12-03 00:15:00+01:00,96.5989388714605,89.98
2025-12-03 00:30:00+01:00,95.41962035215788,90.88
2025-12-03 00:45:00+01:00,91.16140773076569,90.26
2025-12-03 01:00:00+01:00,97.040951422692,87.22
2025-12-03 01:15:00+01:00,93.79813270440046,86.51
2025-12-03 01:30:00+01:00,92.38081382251295,91.3
2025-12-03 01:45:00+01:00,90.05026994313472,91.26
2025-12-03 02:00:00+01:00,95.00218044091265,89.98
2025-12-03 02:15:00+01:00,91.90304811811791,89.87
2025-12-03 02:30:00+01:00,92.56940140114361,90.64
2025-12-03 02:45:00+01:00,91.13871159951718,90.54
2025-12-03 03:00:00+01:00,93.79794792070082,91.39
2025-12-03 03:15:00+01:00,92.93180459576375,90.75
2025-12-03 03:30:00+01:00,92.56364443685581,88.66
2025-12-03 03:45:00+01:00,92.34936422304312,88.71
2025-12-03 04:00:00+01:00,92.55059089043496,90.24
2025-12-03 04:15:00+01:00,93.38205394587266,89.02
2025-12-03 04:30:00+01:00,95.94151483806449,89.89
2025-12-03 04:45:00+01:00,97.61915338775111,90.93
2025-12-03 05:00:00+01:00,96.13030961149364,89.37
2025-12-03 05:15:00+01:00,99.33888446093434,90.83
2025-12-03 05:30:00+01:00,104.73702933570985,99.82
2025-12-03 05:45:00+01:00,110.75234718303923,115.9
2025-12-03 06:00:00+01:00,107.16036260089273,111.45
2025-12-03 06:15:00+01:00,129.14530638522655,131.89
2025-12-03 06:30:00+01:00,128.50830085369432,160.34
2025-12-03 06:45:00+01:00,140.1371925252613,200.1
2025-12-03 07:00:00+01:00,135.04641649056208,153.9
2025-12-03 07:15:00+01:00,146.77247301250696,184.0
2025-12-03 07:30:00+01:00,180.78179743707742,236.0
2025-12-03 07:45:00+01:00,181.58361572306893,226.1
2025-12-03 08:00:00+01:00,203.8613214898608,236.03
2025-12-03 08:15:00+01:00,196.1731623353681,260.8
2025-12-03 08:30:00+01:00,180.71870863106489,270.09
2025-12-03 08:45:00+01:00,160.26563104717562,233.07
2025-12-03 09:00:00+01:00,197.3148530567518,263.7
2025-12-03 09:15:00+01:00,182.27246580723212,240.76
2025-12-03 09:30:00+01:00,158.8368475107509,187.07
2025-12-03 09:45:00+01:00,137.77056445905987,188.03
2025-12-03 10:00:00+01:00,190.42817048215346,209.82
2025-12-03 10:15:00+01:00,165.04968882837466,184.12
2025-12-03 10:30:00+01:00,155.44433955768568,178.24
2025-12-03 10:45:00+01:00,149.90175002226778,176.54
2025-12-03 11:00:00+01:00,196.081001229874,176.76
2025-12-03 11:15:00+01:00,190.55131750506135,172.13
2025-12-03 11:30:00+01:00,187.85567161556423,170.79
2025-12-03 11:45:00+01:00,183.20262203844538,173.81
2025-12-03 12:00:00+01:00,189.70111872428672,165.0
2025-12-03 12:15:00+01:00,179.68525435169676,157.01
2025-12-03 12:30:00+01:00,181.50572430795484,169.05
2025-12-03 12:45:00+01:00,191.40800414918684,179.84
2025-12-03 13:00:00+01:00,181.93696047746974,171.62
2025-12-03 13:15:00+01:00,180.37976781266806,175.55
2025-12-03 13:30:00+01:00,181.34138012323652,188.46
2025-12-03 13:45:00+01:00,186.6416941126557,190.0
2025-12-03 14:00:00+01:00,181.57199490608957,176.28
2025-12-03 14:15:00+01:00,192.22622087894152,190.0
2025-12-03 14:30:00+01:00,198.0576847553711,220.0
2025-12-03 14:45:00+01:00,213.5141918880981,213.47
2025-12-03 15:00:00+01:00,203.5717295717413,194.49
2025-12-03 15:15:00+01:00,219.066502689703,214.67
2025-12-03 15:30:00+01:00,229.9613087443725,268.25
2025-12-03 15:45:00+01:00,243.43780091117029,292.84
2025-12-03 16:00:00+01:00,186.6689776453088,239.89
2025-12-03 16:15:00+01:00,208.0220656476908,304.99
2025-12-03 16:30:00+01:00,232.1157916165792,330.24
2025-12-03 16:45:00+01:00,256.66864084316455,358.28
2025-12-03 17:00:00+01:00,234.57035540087807,276.81
2025-12-03 17:15:00+01:00,237.2037134074418,288.07
2025-12-03 17:30:00+01:00,259.64532625318816,254.45
2025-12-03 17:45:00+01:00,282.3064179380649,219.08
2025-12-03 18:00:00+01:00,212.0720313382187,219.69
2025-12-03 18:15:00+01:00,213.48651551162473,220.59
2025-12-03 18:30:00+01:00,229.13997792165247,197.5
2025-12-03 18:45:00+01:00,234.28257814131717,178.7
2025-12-03 19:00:00+01:00,212.06552274542565,202.14
2025-12-03 19:15:00+01:00,210.00962517529916,175.13
2025-12-03 19:30:00+01:00,200.1636267292912,161.16
2025-12-03 19:45:00+01:00,194.03413190029687,152.08
2025-12-03 20:00:00+01:00,169.7478229709614,173.3
2025-12-03 20:15:00+01:00,161.04343254414314,151.23
2025-12-03 20:30:00+01:00,152.20333458943855,135.8
2025-12-03 20:45:00+01:00,138.43859839842435,124.63
2025-12-03 21:00:00+01:00,154.35352317798385,140.13
2025-12-03 21:15:00+01:00,137.88060355595434,133.67
2025-12-03 21:30:00+01:00,127.64237724837248,117.18
2025-12-03 21:45:00+01:00,118.93385114091598,108.32
2025-12-03 22:00:00+01:00,140.34686123330587,128.84
2025-12-03 22:15:00+01:00,129.72266642528464,117.17
2025-12-03 22:30:00+01:00,121.99487802339132,106.77
2025-12-03 22:45:00+01:00,114.87241863586316,100.84
2025-12-03 23:00:00+01:00,120.00450833014494,116.78
2025-12-03 23:15:00+01:00,111.88596399088306,105.61
2025-12-03 23:30:00+01:00,106.5455504931278,99.72
2025-12-03 23:45:00+01:00,101.06542586003488,94.43
2025-12-04 00:00:00+01:00,108.74482524810396,100.72
2025-12-04 00:15:00+01:00,102.14213563283998,99.64
2025-12-04 00:30:00+01:00,100.97763124288487,96.84
2025-12-04 00:45:00+01:00,97.98049072362534,92.33
2025-12-04 01:00:00+01:00,101.89177184923649,99.99
2025-12-04 01:15:00+01:00,97.1878852370778,95.23
2025-12-04 01:30:00+01:00,96.35812387815979,91.26
2025-12-04 01:45:00+01:00,95.88820195319916,89.05
2025-12-04 02:00:00+01:00,96.19023208890255,93.32
2025-12-04 02:15:00+01:00,94.69521740571516,89.9
2025-12-04 02:30:00+01:00,93.86675006662789,89.5
2025-12-04 02:45:00+01:00,93.15183066424544,90.61
2025-12-04 03:00:00+01:00,92.12467758619235,92.25
2025-12-04 03:15:00+01:00,91.30946884628226,90.52
2025-12-04 03:30:00+01:00,90.99268490170077,89.91
2025-12-04 03:45:00+01:00,90.38512298128646,88.75
2025-12-04 04:00:00+01:00,91.93982469717118,89.81
2025-12-04 04:15:00+01:00,92.3460982826998,91.73
2025-12-04 04:30:00+01:00,95.06671789718878,92.82
2025-12-04 04:45:00+01:00,96.81771394686434,94.95
2025-12-04 05:00:00+01:00,95.50388056725953,91.17
2025-12-04 05:15:00+01:00,97.629653904745,95.63
2025-12-04 05:30:00+01:00,103.13692724148288,99.74
2025-12-04 05:45:00+01:00,107.83605145775255,100.48
2025-12-04 06:00:00+01:00,111.15058986103463,106.86
2025-12-04 06:15:00+01:00,122.6292395857442,108.98
2025-12-04 06:30:00+01:00,132.50002148524092,130.01
2025-12-04 06:45:00+01:00,141.9953283555473,153.61
2025-12-04 07:00:00+01:00,152.3438651620161,129.0
2025-12-04 07:15:00+01:00,166.86017856460603,130.04
2025-12-04 07:30:00+01:00,178.39736777328446,121.66
2025-12-04 07:45:00+01:00,163.74764179510004,132.94
2025-12-04 08:00:00+01:00,226.7549717255144,140.21
2025-12-04 08:15:00+01:00,204.59418619788704,150.0
2025-12-04 08:30:00+01:00,199.24692911326858,148.39
2025-12-04 08:45:00+01:00,177.91366714330627,140.21
2025-12-04 09:00:00+01:00,198.6006980415827,166.1
2025-12-04 09:15:00+01:00,184.48991642588345,169.95
2025-12-04 09:30:00+01:00,167.639488429153,159.9
2025-12-04 09:45:00+01:00,145.65113724636558,159.99
2025-12-04 10:00:00+01:00,161.73081178176434,136.0
2025-12-04 10:15:00+01:00,142.1991317933727,136.9
2025-12-04 10:30:00+01:00,132.00405517021056,140.21
2025-12-04 10:45:00+01:00,127.65307479412425,140.51
2025-12-04 11:00:00+01:00,145.93490730007068,149.68
2025-12-04 11:15:00+01:00,135.11549135621226,148.16
2025-12-04 11:30:00+01:00,133.7468641912725,145.78
2025-12-04 11:45:00+01:00,129.7513926175443,148.75
2025-12-04 12:00:00+01:00,137.68104008509545,140.99
2025-12-04 12:15:00+01:00,135.24612776868577,136.0
2025-12-04 12:30:00+01:00,139.42016621786024,140.86
2025-12-04 12:45:00+01:00,138.2298167867679,150.0
2025-12-04 13:00:00+01:00,140.2436311966349,142.01
2025-12-04 13:15:00+01:00,142.78539099007438,144.4
2025-12-04 13:30:00+01:00,146.44003326454998,146.32
2025-12-04 13:45:00+01:00,148.6079106925471,148.0
2025-12-04 14:00:00+01:00,139.52278247933876,142.62
2025-12-04 14:15:00+01:00,151.00511988856744,151.16
2025-12-04 14:30:00+01:00,161.99224853963395,158.57
2025-12-04 14:45:00+01:00,173.92361960307946,155.92
2025-12-04 15:00:00+01:00,135.0496546436723,151.66
2025-12-04 15:15:00+01:00,159.75185640568856,160.55
2025-12-04 15:30:00+01:00,168.49480617542554,149.76
2025-12-04 15:45:00+01:00,188.8506993090946,142.0
2025-12-04 16:00:00+01:00,149.5309836093735,152.0
2025-12-04 16:15:00+01:00,162.7511308345863,150.68
2025-12-04 16:30:00+01:00,180.6108459765594,137.81
2025-12-04 16:45:00+01:00,194.38288697138609,140.3
2025-12-04 17:00:00+01:00,160.5943315710866,149.99
2025-12-04 17:15:00+01:00,175.75215498457916,146.13
2025-12-04 17:30:00+01:00,166.51555411712428,141.32
2025-12-04 17:45:00+01:00,155.68554784201828,141.35
2025-12-04 18:00:00+01:00,183.4980836499476,139.32
2025-12-04 18:15:00+01:00,171.73853320952412,138.01
2025-12-04 18:30:00+01:00,162.2738576491531,142.01
2025-12-04 18:45:00+01:00,155.1940942039639,149.99
2025-12-04 19:00:00+01:00,157.4661214537528,150.05
2025-12-04 19:15:00+01:00,149.6771802213643,139.78
2025-12-04 19:30:00+01:00,144.92446448449962,130.0
2025-12-04 19:45:00+01:00,142.47160025291933,120.11
2025-12-04 20:00:00+01:00,147.08776235152314,134.1
2025-12-04 20:15:00+01:00,140.0792070123001,124.04
2025-12-04 20:30:00+01:00,135.09206079933801,111.51
2025-12-04 20:45:00+01:00,130.2005753403476,104.76
2025-12-04 21:00:00+01:00,128.69012622078807,108.35
2025-12-04 21:15:00+01:00,119.07020457265651,106.88
2025-12-04 21:30:00+01:00,111.21204261813125,102.99
2025-12-04 21:45:00+01:00,103.92411559554148,95.19
2025-12-04 22:00:00+01:00,116.765198857734,113.02
2025-12-04 22:15:00+01:00,111.35834466490134,111.95
2025-12-04 22:30:00+01:00,107.74007088417888,108.71
2025-12-04 22:45:00+01:00,102.31439792238561,102.47
2025-12-04 23:00:00+01:00,110.28302833862482,105.94
2025-12-04 23:15:00+01:00,102.00871114063223,102.46
2025-12-04 23:30:00+01:00,99.05331316255132,96.7
2025-12-04 23:45:00+01:00,93.17075160739597,87.93
2025-12-05 00:00:00+01:00,102.40492394993251,99.6
2025-12-05 00:15:00+01:00,98.38851727449763,98.0
2025-12-05 00:30:00+01:00,97.6811504773762,94.7
2025-12-05 00:45:00+01:00,93.72777474301807,90.67
2025-12-05 01:00:00+01:00,98.67014779798839,97.42
2025-12-05 01:15:00+01:00,94.39443961813922,94.78
2025-12-05 01:30:00+01:00,94.69887729172477,92.79
2025-12-05 01:45:00+01:00,93.20852319314729,90.46
2025-12-05 02:00:00+01:00,97.1602019516922,92.0
2025-12-05 02:15:00+01:00,94.84600588836678,91.83
2025-12-05 02:30:00+01:00,94.58129594905776,91.84
2025-12-05 02:45:00+01:00,93.41323004935296,88.01
2025-12-05 03:00:00+01:00,95.99532855587789,87.67
2025-12-05 03:15:00+01:00,96.19745742771858,89.41
2025-12-05 03:30:00+01:00,96.25236481127727,90.09
2025-12-05 03:45:00+01:00,96.6024105800691,95.1
2025-12-05 04:00:00+01:00,95.56202340153064,90.79
2025-12-05 04:15:00+01:00,96.57785386969181,91.1
2025-12-05 04:30:00+01:00,100.01514325650068,95.78
2025-12-05 04:45:00+01:00,101.46332425583113,98.45
2025-12-05 05:00:00+01:00,99.82436891369241,91.22
2025-12-05 05:15:00+01:00,102.97438487536539,96.11
2025-12-05 05:30:00+01:00,108.15978406343791,102.1
2025-12-05 05:45:00+01:00,115.2080098042489,114.06
2025-12-05 06:00:00+01:00,102.3839638115916,99.16
2025-12-05 06:15:00+01:00,123.02385900357068,114.0
2025-12-05 06:30:00+01:00,133.80276239044815,125.8
2025-12-05 06:45:00+01:00,148.52857839057242,157.0
2025-12-05 07:00:00+01:00,135.1991895061163,152.67
2025-12-05 07:15:00+01:00,144.52241578572892,168.45
2025-12-05 07:30:00+01:00,149.03218456323143,165.13
2025-12-05 07:45:00+01:00,155.8481482186542,163.42
2025-12-05 08:00:00+01:00,196.06400420416696,160.73
2025-12-05 08:15:00+01:00,176.17966414569258,182.13
2025-12-05 08:30:00+01:00,151.5249974111502,198.71
2025-12-05 08:45:00+01:00,135.5448426806173,196.16
2025-12-05 09:00:00+01:00,187.71119274692632,197.6
2025-12-05 09:15:00+01:00,166.2419565277774,192.33
2025-12-05 09:30:00+01:00,154.4933549836801,177.47
2025-12-05 09:45:00+01:00,141.0783310206355,169.18
2025-12-05 10:00:00+01:00,170.04230907412006,177.77
2025-12-05 10:15:00+01:00,163.5520713592178,177.74
2025-12-05 10:30:00+01:00,161.76678136516372,168.31
2025-12-05 10:45:00+01:00,158.66757096803371,161.57
2025-12-05 11:00:00+01:00,156.43431291442002,172.43
2025-12-05 11:15:00+01:00,160.5390776784251,168.43
2025-12-05 11:30:00+01:00,158.31300759797713,169.87
2025-12-05 11:45:00+01:00,155.47680736967786,159.33
2025-12-05 12:00:00+01:00,156.68930075842894,166.37
2025-12-05 12:15:00+01:00,149.29027413903893,157.45
2025-12-05 12:30:00+01:00,149.37207030465981,158.61
2025-12-05 12:45:00+01:00,158.14653269761965,163.81
2025-12-05 13:00:00+01:00,145.02434594354293,162.4
2025-12-05 13:15:00+01:00,149.82298228196686,160.04
2025-12-05 13:30:00+01:00,153.8919539185197,157.36
2025-12-05 13:45:00+01:00,158.41694298470765,149.99
2025-12-05 14:00:00+01:00,137.79794292197988,158.7
2025-12-05 14:15:00+01:00,145.5369700202867,155.66
2025-12-05 14:30:00+01:00,152.12525846095275,160.49
2025-12-05 14:45:00+01:00,167.47221457610044,169.86
2025-12-05 15:00:00+01:00,148.75391805504165,158.61
2025-12-05 15:15:00+01:00,159.29210447852358,156.09
2025-12-05 15:30:00+01:00,167.3910223217744,169.87
2025-12-05 15:45:00+01:00,176.12141500218974,164.82
2025-12-05 16:00:00+01:00,155.07820557898083,157.91
2025-12-05 16:15:00+01:00,156.19246309490455,171.11
2025-12-05 16:30:00+01:00,156.3276240860519,173.9
2025-12-05 16:45:00+01:00,172.0008089991814,175.07
2025-12-05 17:00:00+01:00,149.42027911956941,165.04
2025-12-05 17:15:00+01:00,155.15984400277284,156.7
2025-12-05 17:30:00+01:00,155.73670873554914,162.5
2025-12-05 17:45:00+01:00,148.70637740196176,148.98
2025-12-05 18:00:00+01:00,154.04401604811127,161.06
2025-12-05 18:15:00+01:00,146.34873620074808,151.4
2025-12-05 18:30:00+01:00,144.0599212113978,143.79
2025-12-05 18:45:00+01:00,140.23425393272137,132.74
2025-12-05 19:00:00+01:00,152.25755309581962,147.5
2025-12-05 19:15:00+01:00,149.40651060057596,136.3
2025-12-05 19:30:00+01:00,143.51997515051264,130.07
2025-12-05 19:45:00+01:00,139.487448618692,112.29
2025-12-05 20:00:00+01:00,144.37844658482138,125.69
2025-12-05 20:15:00+01:00,136.3352419628571,122.11
2025-12-05 20:30:00+01:00,128.64865928889577,112.36
2025-12-05 20:45:00+01:00,106.5105533124354,100.44
2025-12-05 21:00:00+01:00,109.23204906663699,107.07
2025-12-05 21:15:00+01:00,102.43542437946023,102.44
2025-12-05 21:30:00+01:00,98.65188336684197,92.41
2025-12-05 21:45:00+01:00,90.72993482645022,88.3
2025-12-05 22:00:00+01:00,106.9518976625619,100.07
2025-12-05 22:15:00+01:00,97.84290612269476,94.71
2025-12-05 22:30:00+01:00,95.93898148564278,90.8
2025-12-05 22:45:00+01:00,91.85727017127675,86.74
2025-12-05 23:00:00+01:00,93.81663695875491,98.57
2025-12-05 23:15:00+01:00,86.98105353731194,88.02
2025-12-05 23:30:00+01:00,83.43530897808529,78.65
2025-12-05 23:45:00+01:00,76.56109010887812,71.25
2025-12-06 00:00:00+01:00,89.85696745658184,94.19
2025-12-06 00:15:00+01:00,82.56021357199677,81.12
2025-12-06 00:30:00+01:00,78.53980995200166,76.96
2025-12-06 00:45:00+01:00,74.39363856903782,76.05
2025-12-06 01:00:00+01:00,81.24797886353142,85.24
2025-12-06 01:15:00+01:00,75.56898925942708,78.47
2025-12-06 01:30:00+01:00,72.96713146242169,75.8
2025-12-06 01:45:00+01:00,71.60196882418214,68.38
2025-12-06 02:00:00+01:00,73.1342983150476,79.57
2025-12-06 02:15:00+01:00,70.11670205584085,75.33
2025-12-06 02:30:00+01:00,70.00287228946195,70.65
2025-12-06 02:45:00+01:00,70.57040089691378,68.97
2025-12-06 03:00:00+01:00,69.64316219331579,75.31
2025-12-06 03:15:00+01:00,68.64274582602464,69.13
2025-12-06 03:30:00+01:00,67.46866954896197,70.84
2025-12-06 03:45:00+01:00,66.47894610328272,64.76
2025-12-06 04:00:00+01:00,67.36809116752646,67.54
2025-12-06 04:15:00+01:00,67.81042713226422,66.25
2025-12-06 04:30:00+01:00,69.68776458244196,68.31
2025-12-06 04:45:00+01:00,70.77201428774455,67.61
2025-12-06 05:00:00+01:00,61.14153546978046,67.6
2025-12-06 05:15:00+01:00,65.87083731302329,64.68
2025-12-06 05:30:00+01:00,72.69840855719593,65.35
2025-12-06 05:45:00+01:00,74.6208961224014,62.26
2025-12-06 06:00:00+01:00,34.56227418081983,61.66
2025-12-06 06:15:00+01:00,72.08154757702881,63.98
2025-12-06 06:30:00+01:00,76.91612928739309,66.63
2025-12-06 06:45:00+01:00,77.22786566116565,66.07
2025-12-06 07:00:00+01:00,50.135131754863835,64.29
2025-12-06 07:15:00+01:00,58.72585578434972,67.61
2025-12-06 07:30:00+01:00,58.62336051197186,67.36
2025-12-06 07:45:00+01:00,47.20108842079864,72.22
2025-12-06 08:00:00+01:00,80.39509829815908,75.12
2025-12-06 08:15:00+01:00,78.25116367964914,76.53
2025-12-06 08:30:00+01:00,71.21025323869898,80.78
2025-12-06 08:45:00+01:00,63.4458715772305,82.02
2025-12-06 09:00:00+01:00,77.22515095217355,82.31
2025-12-06 09:15:00+01:00,72.15248183129872,82.64
2025-12-06 09:30:00+01:00,72.6935875540429,82.42
2025-12-06 09:45:00+01:00,65.79031324718167,76.39
2025-12-06 10:00:00+01:00,78.22557601298283,80.55
2025-12-06 10:15:00+01:00,73.10580137917376,84.09
2025-12-06 10:30:00+01:00,70.05270378323392,83.5
2025-12-06 10:45:00+01:00,69.43966301595026,81.04
2025-12-06 11:00:00+01:00,69.68815095454448,80.58
2025-12-06 11:15:00+01:00,71.38021811986982,82.12
2025-12-06 11:30:00+01:00,73.09859412744709,79.98
2025-12-06 11:45:00+01:00,74.78291131123726,79.77
2025-12-06 12:00:00+01:00,71.9617030738456,79.17
2025-12-06 12:15:00+01:00,71.6275588492192,78.61
2025-12-06 12:30:00+01:00,75.04898646612781,78.91
2025-12-06 12:45:00+01:00,77.88126052534794,85.77
2025-12-06 13:00:00+01:00,78.17737077735907,78.57
2025-12-06 13:15:00+01:00,81.62494631508238,77.65
2025-12-06 13:30:00+01:00,86.29378529216045,82.39
2025-12-06 13:45:00+01:00,88.06215008043799,86.69
2025-12-06 14:00:00+01:00,76.16266043319894,82.6
2025-12-06 14:15:00+01:00,79.48436998560788,86.6
2025-12-06 14:30:00+01:00,94.57692687789802,87.5
2025-12-06 14:45:00+01:00,97.17718388340359,87.99
2025-12-06 15:00:00+01:00,83.96001055136998,88.54
2025-12-06 15:15:00+01:00,91.60564948183455,89.27
2025-12-06 15:30:00+01:00,95.08811858478725,91.23
2025-12-06 15:45:00+01:00,96.61393427819539,95.05
2025-12-06 16:00:00+01:00,94.45433162353197,90.01
2025-12-06 16:15:00+01:00,98.43752125992162,94.55
2025-12-06 16:30:00+01:00,98.11512327742007,93.17
2025-12-06 16:45:00+01:00,103.85092998940013,104.62
2025-12-06 17:00:00+01:00,102.71223062423921,93.09
2025-12-06 17:15:00+01:00,104.51980034910976,97.14
2025-12-06 17:30:00+01:00,97.80131354993614,99.0
2025-12-06 17:45:00+01:00,93.72704778643407,91.24
2025-12-06 18:00:00+01:00,111.82850248058197,95.0
2025-12-06 18:15:00+01:00,109.5760249358539,88.1
2025-12-06 18:30:00+01:00,103.04443788699425,90.08
2025-12-06 18:45:00+01:00,96.09404832425031,83.55
2025-12-06 19:00:00+01:00,105.91171668036215,103.11
2025-12-06 19:15:00+01:00,104.79007274572547,85.58
2025-12-06 19:30:00+01:00,96.38936862144014,84.68
2025-12-06 19:45:00+01:00,95.01675190787691,85.25
2025-12-06 20:00:00+01:00,107.97482674362269,88.97
2025-12-06 20:15:00+01:00,102.52060291489956,80.12
2025-12-06 20:30:00+01:00,99.64944970749906,85.43
2025-12-06 20:45:00+01:00,53.796540602094225,79.02
2025-12-06 21:00:00+01:00,84.5908973996537,88.98
2025-12-06 21:15:00+01:00,80.04726138701417,83.69
2025-12-06 21:30:00+01:00,75.50638597604456,79.44
2025-12-06 21:45:00+01:00,67.52360394619221,70.33
2025-12-06 22:00:00+01:00,93.58098464667451,86.89
2025-12-06 22:15:00+01:00,86.88457778790612,76.03
2025-12-06 22:30:00+01:00,81.00148375649034,72.62
2025-12-06 22:45:00+01:00,72.9175367040483,70.44
2025-12-06 23:00:00+01:00,89.24208990324877,74.61
2025-12-06 23:15:00+01:00,81.32682226138962,74.63
2025-12-06 23:30:00+01:00,76.40027552669373,71.62
2025-12-06 23:45:00+01:00,68.9868752746931,65.4
2025-12-07 00:00:00+01:00,74.23295879906841,76.6
2025-12-07 00:15:00+01:00,70.90530668409438,68.61
2025-12-07 00:30:00+01:00,69.49301350404912,63.44
2025-12-07 00:45:00+01:00,68.63959420457947,60.64
2025-12-07 01:00:00+01:00,69.89793249247377,61.89
2025-12-07 01:15:00+01:00,67.22463771005322,60.77
2025-12-07 01:30:00+01:00,66.91953794492072,60.93
2025-12-07 01:45:00+01:00,65.76539637221565,60.39
2025-12-07 02:00:00+01:00,69.57947191715644,59.99
2025-12-07 02:15:00+01:00,70.50441001715336,59.55
2025-12-07 02:30:00+01:00,70.85961726603475,59.13
2025-12-07 02:45:00+01:00,68.95760069776269,59.02
2025-12-07 03:00:00+01:00,69.2771647729059,58.38
2025-12-07 03:15:00+01:00,68.7354379630279,58.38
2025-12-07 03:30:00+01:00,69.28644872808385,58.57
2025-12-07 03:45:00+01:00,69.38621609756973,58.91
2025-12-07 04:00:00+01:00,69.20122213771165,60.74
2025-12-07 04:15:00+01:00,69.88879843126459,61.94
2025-12-07 04:30:00+01:00,71.16616619824134,62.62
2025-12-07 04:45:00+01:00,72.3735153538481,63.0
2025-12-07 05:00:00+01:00,68.60446802404999,60.91
2025-12-07 05:15:00+01:00,71.0214727098977,61.51
2025-12-07 05:30:00+01:00,70.34872004650416,64.6
2025-12-07 05:45:00+01:00,72.6763203128632,61.0
2025-12-07 06:00:00+01:00,59.38564214112094,60.47
2025-12-07 06:15:00+01:00,68.28315711747199,65.14
2025-12-07 06:30:00+01:00,71.22560553653335,64.46
2025-12-07 06:45:00+01:00,79.25092850064692,64.81
2025-12-07 07:00:00+01:00,73.49959727508653,71.23
2025-12-07 07:15:00+01:00,79.32748851576994,65.21
2025-12-07 07:30:00+01:00,78.2600463475987,72.59
2025-12-07 07:45:00+01:00,76.82908539351396,78.31
2025-12-07 08:00:00+01:00,93.89530013450094,70.08
2025-12-07 08:15:00+01:00,95.24544545600104,72.74
2025-12-07 08:30:00+01:00,91.2251439693434,82.59
2025-12-07 08:45:00+01:00,83.99273426969759,86.58
2025-12-07 09:00:00+01:00,93.05074902734196,85.01
2025-12-07 09:15:00+01:00,89.54009671265447,89.35
2025-12-07 09:30:00+01:00,90.05310710896049,84.99
2025-12-07 09:45:00+01:00,85.09367810841428,82.87
2025-12-07 10:00:00+01:00,91.26045833774045,91.89
2025-12-07 10:15:00+01:00,90.61821685728827,91.21
2025-12-07 10:30:00+01:00,92.55111707058893,87.83
2025-12-07 10:45:00+01:00,93.27031500914043,91.19
2025-12-07 11:00:00+01:00,87.99881566972616,86.88
2025-12-07 11:15:00+01:00,89.74789380655272,90.63
2025-12-07 11:30:00+01:00,92.08868843678454,91.97
2025-12-07 11:45:00+01:00,94.34206564571946,98.21
2025-12-07 12:00:00+01:00,79.2176559404715,97.11
2025-12-07 12:15:00+01:00,80.75929853237517,95.99
2025-12-07 12:30:00+01:00,81.93590992928529,98.61
2025-12-07 12:45:00+01:00,86.19956566511378,98.04
2025-12-07 13:00:00+01:00,78.50856815203845,97.66
2025-12-07 13:15:00+01:00,79.61989646444475,96.62
2025-12-07 13:30:00+01:00,79.54709801073922,99.41
2025-12-07 13:45:00+01:00,79.89241963273773,104.6
2025-12-07 14:00:00+01:00,80.27221900111113,101.59
2025-12-07 14:15:00+01:00,81.7066628269573,104.22
2025-12-07 14:30:00+01:00,83.01885481729279,102.82
2025-12-07 14:45:00+01:00,88.45243413843588,107.95
2025-12-07 15:00:00+01:00,86.65685133336186,102.78
2025-12-07 15:15:00+01:00,89.24340166292029,105.38
2025-12-07 15:30:00+01:00,93.25004243690995,106.29
2025-12-07 15:45:00+01:00,95.96688554041663,108.49
2025-12-07 16:00:00+01:00,99.97953800092763,106.0
2025-12-07 16:15:00+01:00,103.7654480486106,107.01
2025-12-07 16:30:00+01:00,104.83979668184631,109.42
2025-12-07 16:45:00+01:00,113.68752313209889,116.0
2025-12-07 17:00:00+01:00,105.70967902833677,116.01
2025-12-07 17:15:00+01:00,106.99306697629277,116.27
2025-12-07 17:30:00+01:00,104.58507101584226,109.56
2025-12-07 17:45:00+01:00,95.52401920832426,105.44
2025-12-07 18:00:00+01:00,103.74890858667948,106.6
2025-12-07 18:15:00+01:00,101.09600282469438,98.53
2025-12-07 18:30:00+01:00,96.6709547738256,95.9
2025-12-07 18:45:00+01:00,89.75044956414763,86.49
2025-12-07 19:00:00+01:00,98.2789014725201,94.69
2025-12-07 19:15:00+01:00,94.29219613678424,83.14
2025-12-07 19:30:00+01:00,95.48018292066342,90.12
2025-12-07 19:45:00+01:00,93.43354200126464,81.9
2025-12-07 20:00:00+01:00,93.11441187318474,83.62
2025-12-07 20:15:00+01:00,86.02033184288229,94.52
2025-12-07 20:30:00+01:00,79.66095700868954,83.35
2025-12-07 20:45:00+01:00,50.35722547836882,73.55
2025-12-07 21:00:00+01:00,69.33178258900372,89.21
2025-12-07 21:15:00+01:00,65.39766712128517,75.86
2025-12-07 21:30:00+01:00,62.36463055623778,72.88
2025-12-07 21:45:00+01:00,52.06905721377758,56.93
2025-12-07 22:00:00+01:00,71.07317066291824,78.54
2025-12-07 22:15:00+01:00,59.74722610484387,67.74
2025-12-07 22:30:00+01:00,53.013628967332934,62.87
2025-12-07 22:45:00+01:00,42.23697759738127,53.24
2025-12-07 23:00:00+01:00,54.617282770326746,57.76
2025-12-07 23:15:00+01:00,42.82956131147169,45.86
2025-12-07 23:30:00+01:00,37.21031951746197,38.3
2025-12-07 23:45:00+01:00,23.709131947770558,25.03
2025-12-08 00:00:00+01:00,48.32728435660802,22.03
2025-12-08 00:15:00+01:00,40.35872038468558,26.49
2025-12-08 00:30:00+01:00,37.94402454953787,20.03
2025-12-08 00:45:00+01:00,35.54646908710599,8.53
2025-12-08 01:00:00+01:00,41.689049090099445,15.38
2025-12-08 01:15:00+01:00,34.3756290714471,15.72
2025-12-08 01:30:00+01:00,33.32287544809399,9.26
2025-12-08 01:45:00+01:00,28.597753948456415,4.0
2025-12-08 02:00:00+01:00,37.556983527634586,16.81
2025-12-08 02:15:00+01:00,36.36362250789548,12.36
2025-12-08 02:30:00+01:00,34.95235874462386,9.21
2025-12-08 02:45:00+01:00,31.30698974919656,8.27
2025-12-08 03:00:00+01:00,36.14220402891811,5.94
2025-12-08 03:15:00+01:00,33.50949808051503,5.55
2025-12-08 03:30:00+01:00,33.37823346245767,5.4
2025-12-08 03:45:00+01:00,31.34211635510289,5.47
2025-12-08 04:00:00+01:00,39.40339713211462,6.91
2025-12-08 04:15:00+01:00,39.41082983849359,9.32
2025-12-08 04:30:00+01:00,40.383242564711814,13.83
2025-12-08 04:45:00+01:00,41.71636439833055,21.5
2025-12-08 05:00:00+01:00,44.372237604424974,8.97
2025-12-08 05:15:00+01:00,49.488243020701304,18.56
2025-12-08 05:30:00+01:00,52.15742676258094,35.09
2025-12-08 05:45:00+01:00,57.74540209088669,52.0
2025-12-08 06:00:00+01:00,24.228270655630425,34.84
2025-12-08 06:15:00+01:00,48.49265728592782,69.46
2025-12-08 06:30:00+01:00,63.546281339563784,68.06
2025-12-08 06:45:00+01:00,76.71260624818972,84.91
2025-12-08 07:00:00+01:00,59.61371236629376,64.23
2025-12-08 07:15:00+01:00,69.55876562017573,87.29
2025-12-08 07:30:00+01:00,79.53532960019602,91.85
2025-12-08 07:45:00+01:00,82.84349884912166,87.99
2025-12-08 08:00:00+01:00,90.13376300178133,95.03
2025-12-08 08:15:00+01:00,98.24599151858423,100.37
2025-12-08 08:30:00+01:00,99.32955248653404,103.79
2025-12-08 08:45:00+01:00,89.8284674395774,100.81
2025-12-08 09:00:00+01:00,99.86441618066588,105.35
2025-12-08 09:15:00+01:00,95.99493386059808,102.9
2025-12-08 09:30:00+01:00,92.4145856411838,97.05
2025-12-08 09:45:00+01:00,84.64094839290246,88.05
2025-12-08 10:00:00+01:00,97.38812679314455,95.35
2025-12-08 10:15:00+01:00,88.88838749848108,85.96
2025-12-08 10:30:00+01:00,86.39848282131038,82.91
2025-12-08 10:45:00+01:00,83.61710502393784,79.93
2025-12-08 11:00:00+01:00,91.47159147419497,82.01
2025-12-08 11:15:00+01:00,90.76609278418542,77.98
2025-12-08 11:30:00+01:00,86.79598419126965,77.92
2025-12-08 11:45:00+01:00,84.72784118718725,82.05
2025-12-08 12:00:00+01:00,85.05160251063253,76.31
2025-12-08 12:15:00+01:00,85.05860683532404,77.31
2025-12-08 12:30:00+01:00,85.13388734458437,79.42
2025-12-08 12:45:00+01:00,92.53529914282964,84.35
2025-12-08 13:00:00+01:00,100.04125463080743,83.92
2025-12-08 13:15:00+01:00,102.54797851243589,87.79
2025-12-08 13:30:00+01:00,107.65151443768555,88.29
2025-12-08 13:45:00+01:00,106.49657581322164,87.38
2025-12-08 14:00:00+01:00,120.10054555462295,80.49
2025-12-08 14:15:00+01:00,121.00506225024336,93.61
2025-12-08 14:30:00+01:00,109.40887332516348,100.55
2025-12-08 14:45:00+01:00,115.57465610030141,101.67
2025-12-08 15:00:00+01:00,110.51077867328222,104.08
2025-12-08 15:15:00+01:00,115.36245038201619,94.4
2025-12-08 15:30:00+01:00,122.98449839587475,100.1
2025-12-08 15:45:00+01:00,123.33048101920528,102.0
2025-12-08 16:00:00+01:00,105.89084815824506,95.94
2025-12-08 16:15:00+01:00,111.14339553172003,103.02
2025-12-08 16:30:00+01:00,118.07027823667357,102.93
2025-12-08 16:45:00+01:00,128.63658209148593,102.41
2025-12-08 17:00:00+01:00,121.26778392408511,110.03
2025-12-08 17:15:00+01:00,122.10993846427472,111.45
2025-12-08 17:30:00+01:00,123.02032806480368,108.84
2025-12-08 17:45:00+01:00,120.73506929861824,109.08
2025-12-08 18:00:00+01:00,111.34093811660281,103.52
2025-12-08 18:15:00+01:00,106.58501918471791,98.48
2025-12-08 18:30:00+01:00,105.56307959997595,103.12
2025-12-08 18:45:00+01:00,103.48540437886861,95.93
2025-12-08 19:00:00+01:00,110.66799861335569,98.7
2025-12-08 19:15:00+01:00,109.8168243077827,94.74
2025-12-08 19:30:00+01:00,104.36298613321593,98.03
2025-12-08 19:45:00+01:00,98.93530583781397,95.07
2025-12-08 20:00:00+01:00,108.30083062836796,97.85
2025-12-08 20:15:00+01:00,103.95442924810588,94.47
2025-12-08 20:30:00+01:00,106.59224543219551,85.79
2025-12-08 20:45:00+01:00,97.04682893388534,79.27
2025-12-08 21:00:00+01:00,107.18913921700313,89.08
2025-12-08 21:15:00+01:00,101.4834852679225,91.27
2025-12-08 21:30:00+01:00,93.72411588703574,81.95
2025-12-08 21:45:00+01:00,86.18322280202725,71.77
2025-12-08 22:00:00+01:00,102.93322755913711,94.6
2025-12-08 22:15:00+01:00,95.41137120975023,86.49
2025-12-08 22:30:00+01:00,88.85337292046061,75.85
2025-12-08 22:45:00+01:00,82.06433092383332,63.9
2025-12-08 23:00:00+01:00,90.12109756524359,85.37
2025-12-08 23:15:00+01:00,85.02211732956351,73.36
2025-12-08 23:30:00+01:00,82.4041688412055,71.0
2025-12-08 23:45:00+01:00,75.82378789523074,63.28
2025-12-09 00:00:00+01:00,76.91979151093977,77.32
2025-12-09 00:15:00+01:00,71.32482229530804,71.49
2025-12-09 00:30:00+01:00,67.78707000337269,71.92
2025-12-09 00:45:00+01:00,60.18846618734313,74.06
2025-12-09 01:00:00+01:00,71.35438833598778,71.22
2025-12-09 01:15:00+01:00,66.98170313293967,71.55
2025-12-09 01:30:00+01:00,65.9934924314032,73.98
2025-12-09 01:45:00+01:00,64.31287316568876,74.39
2025-12-09 02:00:00+01:00,65.24362086794913,70.25
2025-12-09 02:15:00+01:00,62.73035749924077,71.71
2025-12-09 02:30:00+01:00,63.316115541630374,73.3
2025-12-09 02:45:00+01:00,62.23250516579206,79.59
2025-12-09 03:00:00+01:00,64.83523434692668,72.28
2025-12-09 03:15:00+01:00,64.03114204348832,72.86
2025-12-09 03:30:00+01:00,64.41077253592046,75.94
2025-12-09 03:45:00+01:00,65.35879713787786,78.3
2025-12-09 04:00:00+01:00,65.57132867649264,68.65
2025-12-09 04:15:00+01:00,65.76037776328796,72.12
2025-12-09 04:30:00+01:00,68.50535427883075,75.77
2025-12-09 04:45:00+01:00,70.49515870367796,78.34
2025-12-09 05:00:00+01:00,69.2548337447115,61.32
2025-12-09 05:15:00+01:00,73.22573534973775,70.09
2025-12-09 05:30:00+01:00,78.51223082298733,82.41
2025-12-09 05:45:00+01:00,82.30332794236345,107.0
2025-12-09 06:00:00+01:00,85.77756882362111,74.22
2025-12-09 06:15:00+01:00,99.62079746652729,98.19
2025-12-09 06:30:00+01:00,103.831367406707,110.99
2025-12-09 06:45:00+01:00,110.61389416852151,111.99
2025-12-09 07:00:00+01:00,117.13816876163187,94.03
2025-12-09 07:15:00+01:00,126.92464541462074,102.6
2025-12-09 07:30:00+01:00,131.31710917817244,108.53
2025-12-09 07:45:00+01:00,136.35714020814945,118.0
2025-12-09 08:00:00+01:00,137.62086285975653,135.99
2025-12-09 08:15:00+01:00,131.06656210457257,133.61
2025-12-09 08:30:00+01:00,126.23616645010057,129.8
2025-12-09 08:45:00+01:00,118.07952700723129,119.6
2025-12-09 09:00:00+01:00,126.06616677186122,126.08
2025-12-09 09:15:00+01:00,117.43959396490834,111.45
2025-12-09 09:30:00+01:00,112.30524941759322,107.74
2025-12-09 09:45:00+01:00,103.84227012271432,100.07
2025-12-09 10:00:00+01:00,111.05786485741203,107.52
2025-12-09 10:15:00+01:00,106.33374638836315,102.68
2025-12-09 10:30:00+01:00,104.49541563876524,102.2
2025-12-09 10:45:00+01:00,101.5197626360847,99.84
2025-12-09 11:00:00+01:00,106.3001340523127,105.35
2025-12-09 11:15:00+01:00,105.27244001214777,103.92
2025-12-09 11:30:00+01:00,106.19106778394614,103.22
2025-12-09 11:45:00+01:00,105.86837397125304,100.87
2025-12-09 12:00:00+01:00,108.09195007064454,99.21
2025-12-09 12:15:00+01:00,107.52100430095322,96.04
2025-12-09 12:30:00+01:00,111.14012189814525,97.91
2025-12-09 12:45:00+01:00,114.74811438027615,98.16
2025-12-09 13:00:00+01:00,116.9528686179001,99.26
2025-12-09 13:15:00+01:00,120.02728616497527,99.83
2025-12-09 13:30:00+01:00,124.45210397003332,101.96
2025-12-09 13:45:00+01:00,129.83627330924048,103.35
2025-12-09 14:00:00+01:00,114.31214164045508,91.74
2025-12-09 14:15:00+01:00,122.9025646631955,99.32
2025-12-09 14:30:00+01:00,131.66500241208576,103.99
2025-12-09 14:45:00+01:00,143.7103863283911,105.83
2025-12-09 15:00:00+01:00,110.75762964818797,104.32
2025-12-09 15:15:00+01:00,122.13153584620657,108.71
2025-12-09 15:30:00+01:00,131.35695890163814,116.6
2025-12-09 15:45:00+01:00,140.00873380467692,113.91
2025-12-09 16:00:00+01:00,113.99513953826003,105.46
2025-12-09 16:15:00+01:00,123.12706942345204,110.79
2025-12-09 16:30:00+01:00,122.06854202652482,109.95
2025-12-09 16:45:00+01:00,130.24862610026176,107.0
2025-12-09 17:00:00+01:00,126.84418735803636,105.17
2025-12-09 17:15:00+01:00,125.89119919362035,104.78
2025-12-09 17:30:00+01:00,116.9304672159303,106.25
2025-12-09 17:45:00+01:00,120.84032134873505,102.07
2025-12-09 18:00:00+01:00,124.44747661367157,101.72
2025-12-09 18:15:00+01:00,121.53000699237828,97.71
2025-12-09 18:30:00+01:00,121.68345997871084,101.85
2025-12-09 18:45:00+01:00,119.37380977758635,86.36
2025-12-09 19:00:00+01:00,120.9110286908165,95.9
2025-12-09 19:15:00+01:00,114.72475369934237,86.65
2025-12-09 19:30:00+01:00,111.90675028362487,81.11
2025-12-09 19:45:00+01:00,106.91452804915365,76.75
2025-12-09 20:00:00+01:00,111.60267229159143,96.06
2025-12-09 20:15:00+01:00,103.97042930834895,82.99
2025-12-09 20:30:00+01:00,86.6157541754905,79.55
2025-12-09 20:45:00+01:00,73.73479984536829,76.08
2025-12-09 21:00:00+01:00,86.18694300397418,93.47
2025-12-09 21:15:00+01:00,75.4238333124735,81.16
2025-12-09 21:30:00+01:00,65.54799289780942,75.83
2025-12-09 21:45:00+01:00,55.38023341488915,66.96
2025-12-09 22:00:00+01:00,86.97286493800058,82.46
2025-12-09 22:15:00+01:00,78.603904936538,77.93
2025-12-09 22:30:00+01:00,72.6289971434228,69.88
2025-12-09 22:45:00+01:00,62.88240341983636,63.06
2025-12-09 23:00:00+01:00,73.90723259320048,66.62
2025-12-09 23:15:00+01:00,63.35475375509661,59.14
2025-12-09 23:30:00+01:00,58.63756472731815,52.6
2025-12-09 23:45:00+01:00,44.100023891936715,43.32
2025-12-10 00:00:00+01:00,68.54349848220835,54.31
2025-12-10 00:15:00+01:00,60.86302609905298,50.51
2025-12-10 00:30:00+01:00,53.96643348807797,41.06
2025-12-10 00:45:00+01:00,50.4418357674729,29.72
2025-12-10 01:00:00+01:00,61.13786177934891,43.68
2025-12-10 01:15:00+01:00,53.432329445418944,36.59
2025-12-10 01:30:00+01:00,54.531389598136315,35.21
2025-12-10 01:45:00+01:00,50.402528465132306,30.44
2025-12-10 02:00:00+01:00,54.264678428902236,34.43
2025-12-10 02:15:00+01:00,57.09951338093866,29.7
2025-12-10 02:30:00+01:00,56.82972802833768,31.43
2025-12-10 02:45:00+01:00,56.622375368188045,28.44
2025-12-10 03:00:00+01:00,55.82133370843705,40.08
2025-12-10 03:15:00+01:00,54.979513116856,38.13
2025-12-10 03:30:00+01:00,55.8722496970358,30.02
2025-12-10 03:45:00+01:00,53.89560155845481,32.22
2025-12-10 04:00:00+01:00,56.54637201825237,31.77
2025-12-10 04:15:00+01:00,57.08592619615405,41.01
2025-12-10 04:30:00+01:00,58.74059150641356,52.95
2025-12-10 04:45:00+01:00,61.45548841642939,66.63
2025-12-10 05:00:00+01:00,62.69134516777593,51.9
2025-12-10 05:15:00+01:00,65.95640991469958,65.63
2025-12-10 05:30:00+01:00,71.50674106208359,70.37
2025-12-10 05:45:00+01:00,78.00110115709056,90.7
2025-12-10 06:00:00+01:00,58.94469843007266,44.18
2025-12-10 06:15:00+01:00,75.9707095578118,68.22
2025-12-10 06:30:00+01:00,89.73502890642825,90.79
2025-12-10 06:45:00+01:00,102.3452396133392,113.29
2025-12-10 07:00:00+01:00,77.62257336093487,81.01
2025-12-10 07:15:00+01:00,94.21966687007873,89.77
2025-12-10 07:30:00+01:00,110.90526280952659,92.34
2025-12-10 07:45:00+01:00,117.04707866744742,86.9
2025-12-10 08:00:00+01:00,110.91619790767788,91.17
2025-12-10 08:15:00+01:00,106.37430611792357,101.54
2025-12-10 08:30:00+01:00,99.90295618392287,96.9
2025-12-10 08:45:00+01:00,92.92625143228875,87.72
2025-12-10 09:00:00+01:00,118.54290783610384,106.45
2025-12-10 09:15:00+01:00,109.98281190915202,97.34
2025-12-10 09:30:00+01:00,108.66028298716196,91.09
2025-12-10 09:45:00+01:00,93.51860407442148,82.02
2025-12-10 10:00:00+01:00,112.4999558385548,103.38
2025-12-10 10:15:00+01:00,105.62202852027706,88.65
2025-12-10 10:30:00+01:00,101.54942876534277,81.88
2025-12-10 10:45:00+01:00,100.73084115125886,77.0
2025-12-10 11:00:00+01:00,113.18947727161861,84.42
2025-12-10 11:15:00+01:00,109.36931543413016,80.7
2025-12-10 11:30:00+01:00,108.82597843509086,78.87
2025-12-10 11:45:00+01:00,110.82995037100119,80.0
2025-12-10 12:00:00+01:00,108.75329652719617,80.47
2025-12-10 12:15:00+01:00,105.91807695077512,75.45
2025-12-10 12:30:00+01:00,107.5411150221282,81.01
2025-12-10 12:45:00+01:00,108.01564257135075,81.07
2025-12-10 13:00:00+01:00,105.61314205212415,81.38
2025-12-10 13:15:00+01:00,103.74286278536741,80.91
2025-12-10 13:30:00+01:00,104.99661222846845,80.92
2025-12-10 13:45:00+01:00,105.99395842268089,82.56
2025-12-10 14:00:00+01:00,95.49520119315332,82.79
2025-12-10 14:15:00+01:00,102.56671143953695,87.9
2025-12-10 14:30:00+01:00,114.78716322050806,92.0
2025-12-10 14:45:00+01:00,117.78688102848602,98.2
2025-12-10 15:00:00+01:00,105.92853573905987,97.23
2025-12-10 15:15:00+01:00,114.11915545368478,101.11
2025-12-10 15:30:00+01:00,120.94993539597169,102.84
2025-12-10 15:45:00+01:00,124.1187837132515,101.48
2025-12-10 16:00:00+01:00,113.53178769389862,101.76
2025-12-10 16:15:00+01:00,116.34975595395844,103.17
2025-12-10 16:30:00+01:00,122.36558701063223,102.41
2025-12-10 16:45:00+01:00,128.95737800875014,108.67
2025-12-10 17:00:00+01:00,114.89844667722613,107.93
2025-12-10 17:15:00+01:00,119.72284068839792,104.24
2025-12-10 17:30:00+01:00,112.044956405754,104.11
2025-12-10 17:45:00+01:00,119.71053202638426,106.41
2025-12-10 18:00:00+01:00,115.57949344039635,104.46
2025-12-10 18:15:00+01:00,114.0657627450158,104.54
2025-12-10 18:30:00+01:00,113.40028389332392,104.67
2025-12-10 18:45:00+01:00,111.03900208215325,105.11
2025-12-10 19:00:00+01:00,116.60340468176543,105.06
2025-12-10 19:15:00+01:00,113.13031395698026,98.8
2025-12-10 19:30:00+01:00,112.15817332574643,100.54
2025-12-10 19:45:00+01:00,106.64815633502697,82.69
2025-12-10 20:00:00+01:00,116.04197279115276,94.71
2025-12-10 20:15:00+01:00,109.18480966843651,83.36
2025-12-10 20:30:00+01:00,97.99942066544007,82.56
2025-12-10 20:45:00+01:00,80.42236212409226,90.37
2025-12-10 21:00:00+01:00,98.03321165190957,95.23
2025-12-10 21:15:00+01:00,90.9486003992082,86.0
2025-12-10 21:30:00+01:00,82.92760898303754,83.31
2025-12-10 21:45:00+01:00,73.1782318420409,80.7
2025-12-10 22:00:00+01:00,97.33719232705444,86.53
2025-12-10 22:15:00+01:00,89.67274119989041,80.12
2025-12-10 22:30:00+01:00,86.12657476038066,83.68
2025-12-10 22:45:00+01:00,77.73041643856943,79.61
2025-12-10 23:00:00+01:00,84.55934199102012,75.55
2025-12-10 23:15:00+01:00,78.04854952224733,79.89
2025-12-10 23:30:00+01:00,76.18489653713779,78.6
2025-12-10 23:45:00+01:00,68.09350816105905,71.66
2025-12-11 00:00:00+01:00,75.0103052077444,81.42
2025-12-11 00:15:00+01:00,72.6668488426143,73.09
2025-12-11 00:30:00+01:00,71.51067383062545,72.06
2025-12-11 00:45:00+01:00,69.09211146282846,69.33
2025-12-11 01:00:00+01:00,71.20148097136713,79.38
2025-12-11 01:15:00+01:00,69.06633194357471,72.2
2025-12-11 01:30:00+01:00,69.78816495750577,72.27
2025-12-11 01:45:00+01:00,68.37392353234036,69.82
2025-12-11 02:00:00+01:00,68.63428607850132,71.67
2025-12-11 02:15:00+01:00,72.12189847428039,71.1
2025-12-11 02:30:00+01:00,72.17815738321896,73.3
2025-12-11 02:45:00+01:00,71.99153476396933,73.99
2025-12-11 03:00:00+01:00,69.9310552919491,73.21
2025-12-11 03:15:00+01:00,69.39765454245034,72.91
2025-12-11 03:30:00+01:00,69.51854496847069,74.69
2025-12-11 03:45:00+01:00,69.35104676347535,80.02
2025-12-11 04:00:00+01:00,70.19655179101724,70.57
2025-12-11 04:15:00+01:00,71.0190252461626,74.65
2025-12-11 04:30:00+01:00,73.94152481878668,79.0
2025-12-11 04:45:00+01:00,75.51366974735316,83.43
2025-12-11 05:00:00+01:00,75.0183748503341,79.02
2025-12-11 05:15:00+01:00,78.45478301429577,78.95
2025-12-11 05:30:00+01:00,84.08540363422878,79.02
2025-12-11 05:45:00+01:00,88.61968952431452,85.38
2025-12-11 06:00:00+01:00,88.33587717640569,75.9
2025-12-11 06:15:00+01:00,97.4816251582865,89.48
2025-12-11 06:30:00+01:00,104.0966066989549,91.46
2025-12-11 06:45:00+01:00,111.24395017653863,103.52
2025-12-11 07:00:00+01:00,120.18911501652582,89.09
2025-12-11 07:15:00+01:00,130.599849123443,94.53
2025-12-11 07:30:00+01:00,132.45374602440108,101.85
2025-12-11 07:45:00+01:00,133.38318619552172,106.97
2025-12-11 08:00:00+01:00,131.46706439022904,102.97
2025-12-11 08:15:00+01:00,133.9990740926589,112.96
2025-12-11 08:30:00+01:00,129.108883796149,113.99
2025-12-11 08:45:00+01:00,116.02750798385716,111.51
2025-12-11 09:00:00+01:00,124.14079903975914,118.17
2025-12-11 09:15:00+01:00,119.91868328630004,110.63
2025-12-11 09:30:00+01:00,114.2434929823936,104.87
2025-12-11 09:45:00+01:00,106.36402274880238,91.0
2025-12-11 10:00:00+01:00,117.80927989155472,106.19
2025-12-11 10:15:00+01:00,108.51937048251588,93.83
2025-12-11 10:30:00+01:00,105.34336785484393,86.8
2025-12-11 10:45:00+01:00,99.71891794872494,85.9
2025-12-11 11:00:00+01:00,107.67053104467799,96.39
2025-12-11 11:15:00+01:00,104.60458759831002,95.06
2025-12-11 11:30:00+01:00,101.19301183067033,90.12
2025-12-11 11:45:00+01:00,99.86537836325186,86.1
2025-12-11 12:00:00+01:00,106.5419426518847,92.43
2025-12-11 12:15:00+01:00,103.43242045778075,87.01
2025-12-11 12:30:00+01:00,106.40351239015558,88.78
2025-12-11 12:45:00+01:00,110.11259825417466,89.38
2025-12-11 13:00:00+01:00,113.56896956855272,85.19
2025-12-11 13:15:00+01:00,113.1596360996851,86.45
2025-12-11 13:30:00+01:00,115.90984947395692,92.63
2025-12-11 13:45:00+01:00,113.94174871201884,96.61
2025-12-11 14:00:00+01:00,104.99538740958087,84.78
2025-12-11 14:15:00+01:00,112.97743080703553,94.02
2025-12-11 14:30:00+01:00,122.33370330053135,99.56
2025-12-11 14:45:00+01:00,131.02759725411315,112.79
2025-12-11 15:00:00+01:00,114.83582590895861,98.15
2025-12-11 15:15:00+01:00,127.78141033658692,106.06
2025-12-11 15:30:00+01:00,139.80232033531027,115.95
2025-12-11 15:45:00+01:00,147.92025182362846,124.9
2025-12-11 16:00:00+01:00,129.92796106101093,109.05
2025-12-11 16:15:00+01:00,137.99901363960367,109.54
2025-12-11 16:30:00+01:00,142.67780355899458,118.12
2025-12-11 16:45:00+01:00,154.1052579545883,122.09
2025-12-11 17:00:00+01:00,145.49184672662955,110.65
2025-12-11 17:15:00+01:00,149.30575794792776,116.93
2025-12-11 17:30:00+01:00,155.68925089842878,117.95
2025-12-11 17:45:00+01:00,153.3148622161183,116.09
2025-12-11 18:00:00+01:00,144.89646266644328,116.59
2025-12-11 18:15:00+01:00,140.70864543631714,112.51
2025-12-11 18:30:00+01:00,140.1847928003113,111.03
2025-12-11 18:45:00+01:00,141.01336560557547,110.14
2025-12-11 19:00:00+01:00,143.21718075888276,108.3
2025-12-11 19:15:00+01:00,137.5463017585063,105.69
2025-12-11 19:30:00+01:00,130.13433586459166,109.08
2025-12-11 19:45:00+01:00,125.25641231253768,108.09
2025-12-11 20:00:00+01:00,133.986404005488,113.96
2025-12-11 20:15:00+01:00,127.64586490963026,103.82
2025-12-11 20:30:00+01:00,120.8323228713984,99.79
2025-12-11 20:45:00+01:00,113.37428151133481,97.0
2025-12-11 21:00:00+01:00,120.5101602417182,103.57
2025-12-11 21:15:00+01:00,114.9425749243582,99.04
2025-12-11 21:30:00+01:00,108.86697335909808,92.27
2025-12-11 21:45:00+01:00,102.67117724107949,82.69
2025-12-11 22:00:00+01:00,113.90663610972825,100.59
2025-12-11 22:15:00+01:00,108.72598909387929,91.53
2025-12-11 22:30:00+01:00,107.11937428292568,92.79
2025-12-11 22:45:00+01:00,101.18770466785865,89.43
2025-12-11 23:00:00+01:00,105.23491706916447,101.03
2025-12-11 23:15:00+01:00,101.29785733848009,95.01
2025-12-11 23:30:00+01:00,98.32514275059044,91.31
2025-12-11 23:45:00+01:00,93.49601002057052,87.59
2025-12-12 00:00:00+01:00,96.49939617686336,88.14
2025-12-12 00:15:00+01:00,92.7463124073966,86.91
2025-12-12 00:30:00+01:00,90.15294506096839,79.0
2025-12-12 00:45:00+01:00,87.72790147824705,81.07
2025-12-12 01:00:00+01:00,91.23718955298203,84.34
2025-12-12 01:15:00+01:00,87.83553278417611,83.57
2025-12-12 01:30:00+01:00,86.76101898457175,89.23
2025-12-12 01:45:00+01:00,85.54449744949935,87.74
2025-12-12 02:00:00+01:00,87.08603112570025,88.09
2025-12-12 02:15:00+01:00,88.32753314553885,84.58
2025-12-12 02:30:00+01:00,87.51211176792665,88.8
2025-12-12 02:45:00+01:00,87.0098770439682,90.13
2025-12-12 03:00:00+01:00,85.49118604213263,90.81
2025-12-12 03:15:00+01:00,84.91588856440927,88.92
2025-12-12 03:30:00+01:00,85.27044413754336,90.48
2025-12-12 03:45:00+01:00,85.16944664046022,90.52
2025-12-12 04:00:00+01:00,85.32877017698463,87.83
2025-12-12 04:15:00+01:00,86.7902250296494,89.9
2025-12-12 04:30:00+01:00,87.11643820082543,95.1
2025-12-12 04:45:00+01:00,88.6511160559676,90.0
2025-12-12 05:00:00+01:00,91.38133955365377,84.67
2025-12-12 05:15:00+01:00,94.3374813519142,87.11
2025-12-12 05:30:00+01:00,96.82269188074962,97.06
2025-12-12 05:45:00+01:00,101.19949119307041,100.01
2025-12-12 06:00:00+01:00,96.93613700467513,84.46
2025-12-12 06:15:00+01:00,110.50196044575809,97.09
2025-12-12 06:30:00+01:00,120.05603187818133,110.28
2025-12-12 06:45:00+01:00,129.37669923866378,113.08
2025-12-12 07:00:00+01:00,125.92545573359818,108.32
2025-12-12 07:15:00+01:00,134.62174508935777,125.3
2025-12-12 07:30:00+01:00,136.26140013225435,122.78
2025-12-12 07:45:00+01:00,140.3694320067408,128.9
2025-12-12 08:00:00+01:00,153.02220520645116,128.79
2025-12-12 08:15:00+01:00,152.315454626273,132.96
2025-12-12 08:30:00+01:00,135.7931630272338,133.52
2025-12-12 08:45:00+01:00,131.6919249421165,128.14
2025-12-12 09:00:00+01:00,158.974322450783,133.97
2025-12-12 09:15:00+01:00,146.52743645364723,127.0
2025-12-12 09:30:00+01:00,139.76342616106643,124.64
2025-12-12 09:45:00+01:00,125.69448679420071,122.0
2025-12-12 10:00:00+01:00,135.34999918138138,129.2
2025-12-12 10:15:00+01:00,126.33115932260495,126.92
2025-12-12 10:30:00+01:00,123.80148359228434,118.18
2025-12-12 10:45:00+01:00,121.30234436451596,113.52
2025-12-12 11:00:00+01:00,136.78933879074796,122.1
2025-12-12 11:15:00+01:00,134.11289438333097,118.52
2025-12-12 11:30:00+01:00,129.70980585114248,117.91
2025-12-12 11:45:00+01:00,127.91633244586991,114.69
2025-12-12 12:00:00+01:00,135.93842821797844,111.63
2025-12-12 12:15:00+01:00,129.0770440072717,112.75
2025-12-12 12:30:00+01:00,130.54740836208282,113.29
2025-12-12 12:45:00+01:00,133.64252942196111,114.6
2025-12-12 13:00:00+01:00,134.0986928397807,114.22
2025-12-12 13:15:00+01:00,136.067751072485,115.04
2025-12-12 13:30:00+01:00,141.44685919800617,119.81
2025-12-12 13:45:00+01:00,145.2358020475957,123.97
2025-12-12 14:00:00+01:00,130.26950375195423,114.08
2025-12-12 14:15:00+01:00,140.35369084457258,121.73
2025-12-12 14:30:00+01:00,149.63366461700323,133.05
2025-12-12 14:45:00+01:00,159.1361369296407,138.43
2025-12-12 15:00:00+01:00,139.71129337758427,122.1
2025-12-12 15:15:00+01:00,155.7077328357948,127.3
2025-12-12 15:30:00+01:00,166.47798630762975,135.99
2025-12-12 15:45:00+01:00,177.28161521174212,142.4
2025-12-12 16:00:00+01:00,165.25752294279562,134.03
2025-12-12 16:15:00+01:00,165.29965988240176,138.1
2025-12-12 16:30:00+01:00,170.36430134810018,148.95
2025-12-12 16:45:00+01:00,181.45593544530857,160.87
2025-12-12 17:00:00+01:00,164.80509099001972,150.0
2025-12-12 17:15:00+01:00,165.1146700927679,151.81
2025-12-12 17:30:00+01:00,161.8362746754547,144.79
2025-12-12 17:45:00+01:00,167.4397175617559,140.7
2025-12-12 18:00:00+01:00,161.75916953340797,138.83
2025-12-12 18:15:00+01:00,155.81956828205557,133.66
2025-12-12 18:30:00+01:00,157.456206584217,131.01
2025-12-12 18:45:00+01:00,156.85780840975067,128.9
2025-12-12 19:00:00+01:00,151.72265269488597,129.0
2025-12-12 19:15:00+01:00,148.5212096229204,127.3
2025-12-12 19:30:00+01:00,147.44815988804285,128.63
2025-12-12 19:45:00+01:00,145.6540889795753,127.3
2025-12-12 20:00:00+01:00,145.708093094484,122.0
2025-12-12 20:15:00+01:00,141.9728185006396,122.0
2025-12-12 20:30:00+01:00,127.04160181860256,119.9
2025-12-12 20:45:00+01:00,118.41699584695199,104.11
2025-12-12 21:00:00+01:00,120.23168688284483,130.57
2025-12-12 21:15:00+01:00,116.98318771886738,117.33
2025-12-12 21:30:00+01:00,112.94141926106423,109.22
2025-12-12 21:45:00+01:00,106.16855188589012,102.6
2025-12-12 22:00:00+01:00,115.69536794339781,109.92
2025-12-12 22:15:00+01:00,111.24004348207619,107.64
2025-12-12 22:30:00+01:00,106.68987030402491,103.58
2025-12-12 22:45:00+01:00,100.68138760517023,94.14
2025-12-12 23:00:00+01:00,111.59297990353046,102.95
2025-12-12 23:15:00+01:00,104.50832238697812,95.31
2025-12-12 23:30:00+01:00,99.93616241179969,87.68
2025-12-12 23:45:00+01:00,96.6787890698617,81.07
2025-12-13 00:00:00+01:00,97.28724125577912,103.81
2025-12-13 00:15:00+01:00,91.31889670044488,93.33
2025-12-13 00:30:00+01:00,87.45219778419532,89.21
2025-12-13 00:45:00+01:00,84.52127235654609,82.78
2025-12-13 01:00:00+01:00,90.34872563569843,99.35
2025-12-13 01:15:00+01:00,85.93767189238547,92.78
2025-12-13 01:30:00+01:00,84.22789403760399,87.52
2025-12-13 01:45:00+01:00,83.19082660501657,82.36
2025-12-13 02:00:00+01:00,85.80933417923781,92.52
2025-12-13 02:15:00+01:00,86.95069622885407,85.52
2025-12-13 02:30:00+01:00,86.87770134134848,87.48
2025-12-13 02:45:00+01:00,85.73887335589994,84.04
2025-12-13 03:00:00+01:00,83.77894978429217,92.19
2025-12-13 03:15:00+01:00,82.74669346568992,87.23
2025-12-13 03:30:00+01:00,83.18576483885337,85.95
2025-12-13 03:45:00+01:00,82.67396261041152,82.8
2025-12-13 04:00:00+01:00,81.63056963063379,86.51
2025-12-13 04:15:00+01:00,82.83127280906217,84.34
2025-12-13 04:30:00+01:00,84.03930440629846,84.91
2025-12-13 04:45:00+01:00,86.18774228536427,84.24
2025-12-13 05:00:00+01:00,80.88829927772298,85.07
2025-12-13 05:15:00+01:00,83.42693140489315,84.38
2025-12-13 05:30:00+01:00,87.19621845657397,83.53
2025-12-13 05:45:00+01:00,88.89470624131496,85.69
2025-12-13 06:00:00+01:00,78.50510355834936,81.77
2025-12-13 06:15:00+01:00,82.51931288255935,75.9
2025-12-13 06:30:00+01:00,89.51270232337801,78.93
2025-12-13 06:45:00+01:00,102.04175069834727,79.97
2025-12-13 07:00:00+01:00,97.25702039555969,74.83
2025-12-13 07:15:00+01:00,98.98356390841515,76.48
2025-12-13 07:30:00+01:00,101.03196564482444,84.93
2025-12-13 07:45:00+01:00,106.14042842237245,88.3
2025-12-13 08:00:00+01:00,103.55005907227016,85.42
2025-12-13 08:15:00+01:00,106.37136545944924,90.79
2025-12-13 08:30:00+01:00,107.06058441620385,100.06
2025-12-13 08:45:00+01:00,105.63877642776146,107.54
2025-12-13 09:00:00+01:00,108.30245918712033,107.27
2025-12-13 09:15:00+01:00,101.13163452488678,107.33
2025-12-13 09:30:00+01:00,99.56145369571848,107.93
2025-12-13 09:45:00+01:00,93.96780327387424,104.55
2025-12-13 10:00:00+01:00,106.78084976291048,108.27
2025-12-13 10:15:00+01:00,100.19440756337048,105.62
2025-12-13 10:30:00+01:00,96.32423599568506,101.14
2025-12-13 10:45:00+01:00,94.17578535190464,95.31
2025-12-13 11:00:00+01:00,101.54732625134109,102.85
2025-12-13 11:15:00+01:00,102.82628550035727,100.7
2025-12-13 11:30:00+01:00,102.96278262420668,97.77
2025-12-13 11:45:00+01:00,101.28803383589582,91.05
2025-12-13 12:00:00+01:00,105.16404616735278,98.95
2025-12-13 12:15:00+01:00,103.08360625178281,93.59
2025-12-13 12:30:00+01:00,105.58153772266061,92.78
2025-12-13 12:45:00+01:00,108.9857270697703,89.71
2025-12-13 13:00:00+01:00,106.13315131270639,94.98
2025-12-13 13:15:00+01:00,107.29802035461215,91.95
2025-12-13 13:30:00+01:00,106.82678754840376,91.78
2025-12-13 13:45:00+01:00,109.81903018523936,93.03
2025-12-13 14:00:00+01:00,99.7188722340602,85.37
2025-12-13 14:15:00+01:00,103.83828831676954,87.98
2025-12-13 14:30:00+01:00,107.61403425723111,100.15
2025-12-13 14:45:00+01:00,113.52916170304826,109.53
2025-12-13 15:00:00+01:00,114.68626564584699,102.45
2025-12-13 15:15:00+01:00,120.41124080899135,115.63
2025-12-13 15:30:00+01:00,129.5149492791227,119.19
2025-12-13 15:45:00+01:00,135.30805032956306,121.36
2025-12-13 16:00:00+01:00,125.68017622107274,113.99
2025-12-13 16:15:00+01:00,135.83011966325773,118.0
2025-12-13 16:30:00+01:00,139.75385239958968,121.99
2025-12-13 16:45:00+01:00,147.65861372369864,124.85
2025-12-13 17:00:00+01:00,139.9679096282454,120.03
2025-12-13 17:15:00+01:00,144.21543109977523,120.67
2025-12-13 17:30:00+01:00,137.3566366798604,118.78
2025-12-13 17:45:00+01:00,141.5322065618113,114.31
2025-12-13 18:00:00+01:00,141.5003730811711,118.0
2025-12-13 18:15:00+01:00,135.6544604413872,115.05
2025-12-13 18:30:00+01:00,133.7463677968278,111.39
2025-12-13 18:45:00+01:00,129.7886830856214,104.58
2025-12-13 19:00:00+01:00,139.96885668432728,116.77
2025-12-13 19:15:00+01:00,137.89372602794285,106.7
2025-12-13 19:30:00+01:00,138.8778750253542,98.24
2025-12-13 19:45:00+01:00,131.90231545693013,92.81
2025-12-13 20:00:00+01:00,128.4438178462184,100.19
2025-12-13 20:15:00+01:00,130.95083686864263,93.59
2025-12-13 20:30:00+01:00,114.02217030447976,86.78
2025-12-13 20:45:00+01:00,104.69542985678027,86.27
2025-12-13 21:00:00+01:00,115.47031579299492,94.46
2025-12-13 21:15:00+01:00,108.06555090380672,94.71
2025-12-13 21:30:00+01:00,99.93285441625595,88.16
2025-12-13 21:45:00+01:00,91.82134124178862,84.9
2025-12-13 22:00:00+01:00,108.61965165020453,107.87
2025-12-13 22:15:00+01:00,103.0325436040461,96.29
2025-12-13 22:30:00+01:00,99.93586012474762,88.25
2025-12-13 22:45:00+01:00,93.03126925238786,82.33
2025-12-13 23:00:00+01:00,99.20764790065269,93.76
2025-12-13 23:15:00+01:00,91.48037933114067,89.73
2025-12-13 23:30:00+01:00,88.291229743042,82.71
2025-12-13 23:45:00+01:00,83.19097359879193,71.35
2025-12-14 00:00:00+01:00,88.77628839323019,97.5
2025-12-14 00:15:00+01:00,83.848912361747,91.92
2025-12-14 00:30:00+01:00,81.20049386308985,88.47
2025-12-14 00:45:00+01:00,79.11167333224816,86.89
2025-12-14 01:00:00+01:00,82.4530475669806,99.02
2025-12-14 01:15:00+01:00,78.9215261763545,95.24
2025-12-14 01:30:00+01:00,77.35131709568776,85.9
2025-12-14 01:45:00+01:00,75.41019614659858,81.93
2025-12-14 02:00:00+01:00,78.87015217002258,89.4
2025-12-14 02:15:00+01:00,76.82846467293697,83.34
2025-12-14 02:30:00+01:00,77.47482809106978,78.86
2025-12-14 02:45:00+01:00,75.79946934644704,76.0
2025-12-14 03:00:00+01:00,75.28017845536147,78.67
2025-12-14 03:15:00+01:00,74.44455868831614,81.7
2025-12-14 03:30:00+01:00,74.56077546606662,80.87
2025-12-14 03:45:00+01:00,74.69380189555038,78.56
2025-12-14 04:00:00+01:00,72.01450946497408,77.9
2025-12-14 04:15:00+01:00,73.00160046925703,76.84
2025-12-14 04:30:00+01:00,76.16035483094029,77.28
2025-12-14 04:45:00+01:00,77.18854433700243,77.2
2025-12-14 05:00:00+01:00,70.51172078991121,81.5
2025-12-14 05:15:00+01:00,72.81136558658778,78.68
2025-12-14 05:30:00+01:00,76.55057401490615,77.53
2025-12-14 05:45:00+01:00,80.76045212459947,77.34
2025-12-14 06:00:00+01:00,71.55556448564721,76.33
2025-12-14 06:15:00+01:00,76.80023837997965,76.47
2025-12-14 06:30:00+01:00,77.97196265498715,77.33
2025-12-14 06:45:00+01:00,84.03664318630197,78.57
2025-12-14 07:00:00+01:00,73.07320358874333,80.86
2025-12-14 07:15:00+01:00,71.00387126993346,76.06
2025-12-14 07:30:00+01:00,69.54760967380872,76.89
2025-12-14 07:45:00+01:00,69.86305632526114,76.08
2025-12-14 08:00:00+01:00,87.96480036957719,77.91
2025-12-14 08:15:00+01:00,89.30640105446547,81.65
2025-12-14 08:30:00+01:00,90.94760087759198,82.67
2025-12-14 08:45:00+01:00,85.64040775240134,84.81
2025-12-14 09:00:00+01:00,93.00922134496196,80.17
2025-12-14 09:15:00+01:00,92.19548003851395,85.91
2025-12-14 09:30:00+01:00,90.45820791355399,84.91
2025-12-14 09:45:00+01:00,82.97780459147592,78.39
2025-12-14 10:00:00+01:00,88.08910720114801,82.19
2025-12-14 10:15:00+01:00,84.87801468038569,79.91
2025-12-14 10:30:00+01:00,84.94111724227658,79.9
2025-12-14 10:45:00+01:00,85.87718528837134,78.02
2025-12-14 11:00:00+01:00,86.70490350045752,83.76
2025-12-14 11:15:00+01:00,84.85135150203257,85.09
2025-12-14 11:30:00+01:00,85.19824997110621,84.9
2025-12-14 11:45:00+01:00,85.4945460991617,82.56
2025-12-14 12:00:00+01:00,78.91363735619747,88.69
2025-12-14 12:15:00+01:00,76.42802210214656,87.43
2025-12-14 12:30:00+01:00,76.22712385593238,87.31
2025-12-14 12:45:00+01:00,77.42071051422278,85.66
2025-12-14 13:00:00+01:00,78.79225965839107,87.43
2025-12-14 13:15:00+01:00,78.04212493803092,85.9
2025-12-14 13:30:00+01:00,77.59963521587126,84.69
2025-12-14 13:45:00+01:00,83.44007880983585,89.81
2025-12-14 14:00:00+01:00,76.57271474587773,85.9
2025-12-14 14:15:00+01:00,78.43629057211331,80.69
2025-12-14 14:30:00+01:00,85.10892812974217,88.85
2025-12-14 14:45:00+01:00,94.53133039136398,99.16
2025-12-14 15:00:00+01:00,92.72809078117274,83.0
2025-12-14 15:15:00+01:00,97.21813593208196,88.91
2025-12-14 15:30:00+01:00,102.22820684799163,99.53
2025-12-14 15:45:00+01:00,105.57794662482954,96.95
2025-12-14 16:00:00+01:00,99.75823452829994,99.09
2025-12-14 16:15:00+01:00,105.19254071066581,101.83
2025-12-14 16:30:00+01:00,104.19164296872137,95.62
2025-12-14 16:45:00+01:00,105.6571917911017,100.59
2025-12-14 17:00:00+01:00,114.33375937261903,99.71
2025-12-14 17:15:00+01:00,111.86427655808593,105.28
2025-12-14 17:30:00+01:00,109.93158885986219,104.87
2025-12-14 17:45:00+01:00,104.50361717163373,101.28
2025-12-14 18:00:00+01:00,108.65602778915778,111.25
2025-12-14 18:15:00+01:00,105.33408658199183,106.04
2025-12-14 18:30:00+01:00,101.20531180018752,99.9
2025-12-14 18:45:00+01:00,92.71802674151239,95.98
2025-12-14 19:00:00+01:00,104.51065939158386,103.63
2025-12-14 19:15:00+01:00,101.10566878930925,98.04
2025-12-14 19:30:00+01:00,99.24202071184641,89.13
2025-12-14 19:45:00+01:00,89.83636736735811,81.16
2025-12-14 20:00:00+01:00,95.02112201936289,103.14
2025-12-14 20:15:00+01:00,90.5177617425204,92.47
2025-12-14 20:30:00+01:00,83.32003129127395,86.86
2025-12-14 20:45:00+01:00,77.84509575096104,79.12
2025-12-14 21:00:00+01:00,89.96802901625304,88.62
2025-12-14 21:15:00+01:00,83.02791305077115,85.38
2025-12-14 21:30:00+01:00,81.905842454205,84.91
2025-12-14 21:45:00+01:00,78.26462960639455,78.7
2025-12-14 22:00:00+01:00,95.93719268845665,88.14
2025-12-14 22:15:00+01:00,90.21759602994874,83.3
2025-12-14 22:30:00+01:00,85.50402536596508,81.38
2025-12-14 22:45:00+01:00,78.80539173945712,77.78
2025-12-14 23:00:00+01:00,91.641383609528,85.0
2025-12-14 23:15:00+01:00,84.06954608928143,74.7
2025-12-14 23:30:00+01:00,79.89509879271414,77.34
2025-12-14 23:45:00+01:00,72.7864913261078,65.96
2025-12-15 00:00:00+01:00,78.69747758183831,72.17
2025-12-15 00:15:00+01:00,73.72484335400979,75.04
2025-12-15 00:30:00+01:00,71.55448065563242,66.89
2025-12-15 00:45:00+01:00,68.40979073590049,75.9
2025-12-15 01:00:00+01:00,72.69843490807052,75.34
2025-12-15 01:15:00+01:00,69.81676579579847,72.69
2025-12-15 01:30:00+01:00,69.13915484093735,70.91
2025-12-15 01:45:00+01:00,67.03331947127515,68.57
2025-12-15 02:00:00+01:00,67.6611080167642,72.07
2025-12-15 02:15:00+01:00,67.31435487995915,70.57
2025-12-15 02:30:00+01:00,67.26848441309448,70.54
2025-12-15 02:45:00+01:00,65.83454007583514,70.97
2025-12-15 03:00:00+01:00,66.32795331687845,70.91
2025-12-15 03:15:00+01:00,65.56181805673862,69.76
2025-12-15 03:30:00+01:00,65.67882177271989,70.13
2025-12-15 03:45:00+01:00,65.57691895077737,71.87
2025-12-15 04:00:00+01:00,65.14642406829566,70.22
2025-12-15 04:15:00+01:00,65.592850022043,72.71
2025-12-15 04:30:00+01:00,68.55273218563042,76.28
2025-12-15 04:45:00+01:00,69.78817742561783,81.91
2025-12-15 05:00:00+01:00,69.1970104203446,70.46
2025-12-15 05:15:00+01:00,74.04220997979814,70.39
2025-12-15 05:30:00+01:00,78.60073035201135,77.49
2025-12-15 05:45:00+01:00,84.45564749074677,88.87
2025-12-15 06:00:00+01:00,72.3805724933864,71.0
2025-12-15 06:15:00+01:00,88.72950529307313,84.02
2025-12-15 06:30:00+01:00,97.48800749122134,85.8
2025-12-15 06:45:00+01:00,106.0331356316881,105.28
2025-12-15 07:00:00+01:00,113.28260202672656,78.89
2025-12-15 07:15:00+01:00,117.88618370610435,92.88
2025-12-15 07:30:00+01:00,119.48750952266546,104.39
2025-12-15 07:45:00+01:00,119.81331060365758,119.0
2025-12-15 08:00:00+01:00,131.90419536155207,104.08
2025-12-15 08:15:00+01:00,130.77338691312497,104.85
2025-12-15 08:30:00+01:00,125.06948646816222,104.37
2025-12-15 08:45:00+01:00,115.91317179712715,91.21
2025-12-15 09:00:00+01:00,121.18904561390636,103.02
2025-12-15 09:15:00+01:00,117.03087663758987,105.41
2025-12-15 09:30:00+01:00,115.02230770080197,97.82
2025-12-15 09:45:00+01:00,115.64898745396192,80.35
2025-12-15 10:00:00+01:00,108.25355334475405,112.79
2025-12-15 10:15:00+01:00,104.61809683246815,93.64
2025-12-15 10:30:00+01:00,106.58607410021017,80.3
2025-12-15 10:45:00+01:00,102.71450172354969,71.73
2025-12-15 11:00:00+01:00,98.63810506398426,86.93
2025-12-15 11:15:00+01:00,99.02240849547428,77.05
2025-12-15 11:30:00+01:00,99.2984504167569,77.58
2025-12-15 11:45:00+01:00,101.69754920370997,77.33
2025-12-15 12:00:00+01:00,96.43022785139118,76.17
2025-12-15 12:15:00+01:00,95.97937936202933,75.35
2025-12-15 12:30:00+01:00,99.12485923928136,81.1
2025-12-15 12:45:00+01:00,102.75054658487367,86.46
2025-12-15 13:00:00+01:00,100.42961997541818,83.59
2025-12-15 13:15:00+01:00,104.34169249313662,86.09
2025-12-15 13:30:00+01:00,108.85554469289424,87.04
2025-12-15 13:45:00+01:00,114.67854967601107,96.32
2025-12-15 14:00:00+01:00,113.09266459080774,83.12
2025-12-15 14:15:00+01:00,120.33417447045473,88.24
2025-12-15 14:30:00+01:00,126.6300584562245,104.96
2025-12-15 14:45:00+01:00,134.12255123735136,105.43
2025-12-15 15:00:00+01:00,126.76188075998968,103.51
2025-12-15 15:15:00+01:00,137.20675473716722,105.69
2025-12-15 15:30:00+01:00,141.99856577290774,105.0
2025-12-15 15:45:00+01:00,151.0825647584145,115.0
2025-12-15 16:00:00+01:00,131.6114309038976,100.55
2025-12-15 16:15:00+01:00,139.08653215480828,110.12
2025-12-15 16:30:00+01:00,144.33324122085924,111.35
2025-12-15 16:45:00+01:00,151.1708901973684,112.6
2025-12-15 17:00:00+01:00,135.53804517074698,103.71
2025-12-15 17:15:00+01:00,138.1131311999811,105.05
2025-12-15 17:30:00+01:00,135.82033039548014,104.07
2025-12-15 17:45:00+01:00,130.15800571573226,104.02
2025-12-15 18:00:00+01:00,132.6983746588423,103.07
2025-12-15 18:15:00+01:00,125.92528345626285,98.27
2025-12-15 18:30:00+01:00,121.0270035632447,99.51
2025-12-15 18:45:00+01:00,117.56568368943037,91.78
2025-12-15 19:00:00+01:00,130.389074588824,100.05
2025-12-15 19:15:00+01:00,123.16443019077708,91.82
2025-12-15 19:30:00+01:00,119.34296278127177,86.75
2025-12-15 19:45:00+01:00,112.47796064990544,83.05
2025-12-15 20:00:00+01:00,119.3067325262652,93.24
2025-12-15 20:15:00+01:00,113.444010378037,86.78
2025-12-15 20:30:00+01:00,110.84329373357686,80.29
2025-12-15 20:45:00+01:00,103.34577339278594,76.69
2025-12-15 21:00:00+01:00,109.55856903908686,87.36
2025-12-15 21:15:00+01:00,105.58387438191959,87.32
2025-12-15 21:30:00+01:00,100.38823196742219,86.08
2025-12-15 21:45:00+01:00,95.39151584016437,79.92
2025-12-15 22:00:00+01:00,103.81221193011355,92.0
2025-12-15 22:15:00+01:00,99.41297993829639,83.08
2025-12-15 22:30:00+01:00,96.78604240133241,82.93
2025-12-15 22:45:00+01:00,90.48470685385863,81.9
2025-12-15 23:00:00+01:00,95.7099045012686,81.9
2025-12-15 23:15:00+01:00,90.83951920555923,84.38
2025-12-15 23:30:00+01:00,87.53828743677806,80.12
2025-12-15 23:45:00+01:00,80.40114175694445,75.45
2025-12-16 00:00:00+01:00,80.26969592090937,80.91
2025-12-16 00:15:00+01:00,77.39629383852323,83.07
2025-12-16 00:30:00+01:00,76.23051725979207,81.91
2025-12-16 00:45:00+01:00,74.82047933465515,76.79
2025-12-16 01:00:00+01:00,77.08319034166712,82.17
2025-12-16 01:15:00+01:00,75.58402516688398,79.02
2025-12-16 01:30:00+01:00,73.98747745021015,78.18
2025-12-16 01:45:00+01:00,72.45517815983882,76.84
2025-12-16 02:00:00+01:00,75.1758030984746,77.84
2025-12-16 02:15:00+01:00,73.53641218469589,76.26
2025-12-16 02:30:00+01:00,73.64630549175084,77.19
2025-12-16 02:45:00+01:00,73.55125249487762,77.1
2025-12-16 03:00:00+01:00,73.83753987050632,77.41
2025-12-16 03:15:00+01:00,73.48785845965378,77.19
2025-12-16 03:30:00+01:00,74.45510385738014,80.29
2025-12-16 03:45:00+01:00,75.02821744241383,81.32
2025-12-16 04:00:00+01:00,75.26248065513468,78.08
2025-12-16 04:15:00+01:00,76.241447136317,82.12
2025-12-16 04:30:00+01:00,78.177647512253,79.15
2025-12-16 04:45:00+01:00,79.1124768357116,82.2
2025-12-16 05:00:00+01:00,79.52890311696346,78.6
2025-12-16 05:15:00+01:00,84.29179656909815,79.27
2025-12-16 05:30:00+01:00,88.12867453242313,82.1
2025-12-16 05:45:00+01:00,92.50290853897557,89.28
2025-12-16 06:00:00+01:00,78.98638391123394,80.29
2025-12-16 06:15:00+01:00,95.65524759534262,87.44
2025-12-16 06:30:00+01:00,105.18437645021683,89.8
2025-12-16 06:45:00+01:00,115.36740521837294,96.07
2025-12-16 07:00:00+01:00,102.20052864072649,89.91
2025-12-16 07:15:00+01:00,113.45392870778485,90.52
2025-12-16 07:30:00+01:00,120.65191064665703,90.31
2025-12-16 07:45:00+01:00,127.77538460187301,94.8
2025-12-16 08:00:00+01:00,128.97679666009284,100.54
2025-12-16 08:15:00+01:00,131.1524974436243,104.48
2025-12-16 08:30:00+01:00,131.51168419660277,104.31
2025-12-16 08:45:00+01:00,115.63568131321303,92.54
2025-12-16 09:00:00+01:00,127.90817633330207,108.42
2025-12-16 09:15:00+01:00,126.89093388527236,108.37
2025-12-16 09:30:00+01:00,121.05327758506728,98.27
2025-12-16 09:45:00+01:00,107.43815531319507,90.0
2025-12-16 10:00:00+01:00,119.70302943768814,100.69
2025-12-16 10:15:00+01:00,112.59405952388673,93.96
2025-12-16 10:30:00+01:00,106.56982395714769,88.78
2025-12-16 10:45:00+01:00,103.78101206010133,85.95
2025-12-16 11:00:00+01:00,112.62944005771779,91.58
2025-12-16 11:15:00+01:00,107.9041478239256,90.03
2025-12-16 11:30:00+01:00,107.51074170206368,90.14
2025-12-16 11:45:00+01:00,105.5505060728824,90.68
2025-12-16 12:00:00+01:00,105.98445632573825,89.72
2025-12-16 12:15:00+01:00,102.62963866293231,87.92
2025-12-16 12:30:00+01:00,105.20458916921157,91.32
2025-12-16 12:45:00+01:00,107.87904936762345,97.09
2025-12-16 13:00:00+01:00,113.9633248327044,87.76
2025-12-16 13:15:00+01:00,112.30597618338568,90.75
2025-12-16 13:30:00+01:00,115.52454404268484,100.58
2025-12-16 13:45:00+01:00,123.46876301689315,120.45
2025-12-16 14:00:00+01:00,114.70557974077639,100.83
2025-12-16 14:15:00+01:00,121.82069753237609,115.01
2025-12-16 14:30:00+01:00,130.91961894588567,139.36
2025-12-16 14:45:00+01:00,146.31942137456664,142.39
2025-12-16 15:00:00+01:00,127.36756422201667,122.14
2025-12-16 15:15:00+01:00,141.31774863303892,138.8
2025-12-16 15:30:00+01:00,156.20488532123488,143.69
2025-12-16 15:45:00+01:00,169.78132485613887,152.88
2025-12-16 16:00:00+01:00,146.49107370542617,140.01
2025-12-16 16:15:00+01:00,153.93667455944967,140.95
2025-12-16 16:30:00+01:00,164.0366499693048,162.35
2025-12-16 16:45:00+01:00,172.92510919106067,177.94
2025-12-16 17:00:00+01:00,159.8934664131786,157.92
2025-12-16 17:15:00+01:00,164.0462013661546,168.54
2025-12-16 17:30:00+01:00,162.30487711625418,165.22
2025-12-16 17:45:00+01:00,157.79451329733484,157.14
2025-12-16 18:00:00+01:00,149.98962588378183,151.11
2025-12-16 18:15:00+01:00,144.87349697578793,142.03
2025-12-16 18:30:00+01:00,141.0407667606113,138.93
2025-12-16 18:45:00+01:00,138.92420446240135,136.93
2025-12-16 19:00:00+01:00,145.53784904300446,147.29
2025-12-16 19:15:00+01:00,139.81028630307387,140.41
2025-12-16 19:30:00+01:00,138.21710228040502,131.7
2025-12-16 19:45:00+01:00,132.32373402065417,128.99
2025-12-16 20:00:00+01:00,144.7245284210463,130.62
2025-12-16 20:15:00+01:00,126.04004608903922,138.77
2025-12-16 20:30:00+01:00,120.2891091088421,127.0
2025-12-16 20:45:00+01:00,117.53932599311915,119.01
2025-12-16 21:00:00+01:00,130.04920251929903,133.59
2025-12-16 21:15:00+01:00,123.65128145397814,123.13
2025-12-16 21:30:00+01:00,117.3814832825512,115.6
2025-12-16 21:45:00+01:00,110.2344219818448,103.45
2025-12-16 22:00:00+01:00,119.62699571097535,127.33
2025-12-16 22:15:00+01:00,114.037028657165,116.56
2025-12-16 22:30:00+01:00,109.99877984591882,112.72
2025-12-16 22:45:00+01:00,104.98720106254268,105.69
2025-12-16 23:00:00+01:00,107.84720468849348,113.71
2025-12-16 23:15:00+01:00,103.56454070928882,106.54
2025-12-16 23:30:00+01:00,101.10472678028316,101.42
2025-12-16 23:45:00+01:00,95.68395586363219,92.01
2025-12-17 00:00:00+01:00,107.3222084982615,89.9
2025-12-17 00:15:00+01:00,102.40030532692717,89.12
2025-12-17 00:30:00+01:00,99.87842571266106,89.12
2025-12-17 00:45:00+01:00,96.43882632712626,87.87
2025-12-17 01:00:00+01:00,102.12869663972346,93.78
2025-12-17 01:15:00+01:00,97.79868071250436,90.09
2025-12-17 01:30:00+01:00,96.76953030467975,88.34
2025-12-17 01:45:00+01:00,94.86809191132555,86.95
2025-12-17 02:00:00+01:00,99.03656441779891,87.93
2025-12-17 02:15:00+01:00,95.90925051620825,85.55
2025-12-17 02:30:00+01:00,95.21150762861919,86.05
2025-12-17 02:45:00+01:00,94.12965125465388,86.44
2025-12-17 03:00:00+01:00,95.23005240766064,85.15
2025-12-17 03:15:00+01:00,93.9731545643379,84.91
2025-12-17 03:30:00+01:00,93.78390792034675,84.91
2025-12-17 03:45:00+01:00,94.23977889748635,85.13
2025-12-17 04:00:00+01:00,91.5035190140356,86.76
2025-12-17 04:15:00+01:00,92.34072867246275,85.74
2025-12-17 04:30:00+01:00,94.92045624582057,88.82
2025-12-17 04:45:00+01:00,96.73812119276444,90.99
2025-12-17 05:00:00+01:00,94.04967092201902,89.53
2025-12-17 05:15:00+01:00,95.26927714853973,87.61
2025-12-17 05:30:00+01:00,98.80259146285589,91.27
2025-12-17 05:45:00+01:00,104.57921408676383,93.58
2025-12-17 06:00:00+01:00,101.66221699240205,76.71
2025-12-17 06:15:00+01:00,110.19213608139758,85.1
2025-12-17 06:30:00+01:00,119.65001232403807,95.24
2025-12-17 06:45:00+01:00,133.33530622826783,124.9
2025-12-17 07:00:00+01:00,127.03224129163168,86.26
2025-12-17 07:15:00+01:00,133.2730083046242,97.26
2025-12-17 07:30:00+01:00,136.17178319794377,121.63
2025-12-17 07:45:00+01:00,136.5534092090681,130.15
2025-12-17 08:00:00+01:00,155.34031026686273,128.99
2025-12-17 08:15:00+01:00,149.36984301778344,137.0
2025-12-17 08:30:00+01:00,147.72825647288477,135.88
2025-12-17 08:45:00+01:00,134.6681222499186,131.97
2025-12-17 09:00:00+01:00,179.5498635226626,132.0
2025-12-17 09:15:00+01:00,159.8038299098013,133.61
2025-12-17 09:30:00+01:00,152.0865127945845,123.95
2025-12-17 09:45:00+01:00,140.18972259542542,115.62
2025-12-17 10:00:00+01:00,157.53543165501122,135.48
2025-12-17 10:15:00+01:00,151.80646591969293,126.34
2025-12-17 10:30:00+01:00,145.3703212246952,120.98
2025-12-17 10:45:00+01:00,141.54237945202001,115.34
2025-12-17 11:00:00+01:00,139.40193039586012,125.37
2025-12-17 11:15:00+01:00,135.73130973460846,119.0
2025-12-17 11:30:00+01:00,133.62199395052818,116.0
2025-12-17 11:45:00+01:00,132.56210680177887,112.23
2025-12-17 12:00:00+01:00,126.49064081774569,109.66
2025-12-17 12:15:00+01:00,125.09501621675442,108.34
2025-12-17 12:30:00+01:00,128.17252464126932,113.0
2025-12-17 12:45:00+01:00,133.05300466435557,116.58
2025-12-17 13:00:00+01:00,131.73698669651907,118.1
2025-12-17 13:15:00+01:00,134.50090706042417,119.01
2025-12-17 13:30:00+01:00,136.50473756349447,126.4
2025-12-17 13:45:00+01:00,146.85755480804085,127.12
2025-12-17 14:00:00+01:00,127.5156344924284,120.65
2025-12-17 14:15:00+01:00,138.62774381257606,121.66
2025-12-17 14:30:00+01:00,147.18566746050712,129.0
2025-12-17 14:45:00+01:00,164.11274356230163,148.57
2025-12-17 15:00:00+01:00,136.18206122597496,116.92
2025-12-17 15:15:00+01:00,149.33310078169953,124.98
2025-12-17 15:30:00+01:00,166.66452656112273,133.29
2025-12-17 15:45:00+01:00,178.97395555706527,134.82
2025-12-17 16:00:00+01:00,156.15954271706084,121.61
2025-12-17 16:15:00+01:00,171.2999069068836,125.56
2025-12-17 16:30:00+01:00,177.16792136283672,128.63
2025-12-17 16:45:00+01:00,186.90110189609544,130.19
2025-12-17 17:00:00+01:00,167.54873630814285,129.91
2025-12-17 17:15:00+01:00,172.55629673318128,126.37
2025-12-17 17:30:00+01:00,179.76651130885884,122.99
2025-12-17 17:45:00+01:00,175.38517096741157,112.03
2025-12-17 18:00:00+01:00,154.4216633889157,131.4
2025-12-17 18:15:00+01:00,149.55068822623733,118.56
2025-12-17 18:30:00+01:00,148.28682565586445,104.78
2025-12-17 18:45:00+01:00,144.93678930052806,90.86
2025-12-17 19:00:00+01:00,146.78258620991704,114.24
2025-12-17 19:15:00+01:00,137.9067677529468,95.63
2025-12-17 19:30:00+01:00,132.86819065384228,92.98
2025-12-17 19:45:00+01:00,126.25790314779972,87.17
2025-12-17 20:00:00+01:00,131.4112444190894,112.26
2025-12-17 20:15:00+01:00,118.1440994464655,98.28
2025-12-17 20:30:00+01:00,108.45601606825818,84.9
2025-12-17 20:45:00+01:00,102.36833778094115,83.4
2025-12-17 21:00:00+01:00,117.13654521989606,112.56
2025-12-17 21:15:00+01:00,108.32954073280447,94.64
2025-12-17 21:30:00+01:00,100.59332397070989,88.67
2025-12-17 21:45:00+01:00,93.11070220322037,82.94
2025-12-17 22:00:00+01:00,108.70528041515614,105.17
2025-12-17 22:15:00+01:00,100.63570745203988,99.91
2025-12-17 22:30:00+01:00,96.16141916068096,87.28
2025-12-17 22:45:00+01:00,88.69788268268015,80.51
2025-12-17 23:00:00+01:00,95.96857572696999,105.74
2025-12-17 23:15:00+01:00,87.53326389018477,88.41
2025-12-17 23:30:00+01:00,81.73945196146366,74.76
2025-12-17 23:45:00+01:00,74.69736987011936,71.09
2025-12-18 00:00:00+01:00,90.15618547309563,83.56
2025-12-18 00:15:00+01:00,80.2532821954523,84.15
2025-12-18 00:30:00+01:00,75.3716057200019,73.79
2025-12-18 00:45:00+01:00,71.7830363841768,69.52
2025-12-18 01:00:00+01:00,80.79304217995066,82.91
2025-12-18 01:15:00+01:00,72.90525019346768,69.55
2025-12-18 01:30:00+01:00,68.88915592752147,64.33
2025-12-18 01:45:00+01:00,67.45347112384295,59.47
2025-12-18 02:00:00+01:00,71.31471212368353,63.68
2025-12-18 02:15:00+01:00,66.98152119011257,59.17
2025-12-18 02:30:00+01:00,66.21050402810388,59.6
2025-12-18 02:45:00+01:00,64.93249462142413,58.06
2025-12-18 03:00:00+01:00,66.86738962129272,57.35
2025-12-18 03:15:00+01:00,65.6360096583447,52.06
2025-12-18 03:30:00+01:00,66.0635462062588,44.59
2025-12-18 03:45:00+01:00,64.49436516139329,41.56
2025-12-18 04:00:00+01:00,63.42319422261834,46.52
2025-12-18 04:15:00+01:00,63.47433445184827,43.19
2025-12-18 04:30:00+01:00,64.57216860631063,46.51
2025-12-18 04:45:00+01:00,66.45849443233149,43.05
2025-12-18 05:00:00+01:00,65.74665635764873,34.58
2025-12-18 05:15:00+01:00,69.3076552185698,39.87
2025-12-18 05:30:00+01:00,73.80038551217831,63.22
2025-12-18 05:45:00+01:00,77.22836234750054,65.64
2025-12-18 06:00:00+01:00,61.626667821128656,58.69
2025-12-18 06:15:00+01:00,70.74226184270145,60.26
2025-12-18 06:30:00+01:00,81.27515091724317,66.01
2025-12-18 06:45:00+01:00,93.36945642967109,68.01
2025-12-18 07:00:00+01:00,85.97802761878113,69.25
2025-12-18 07:15:00+01:00,92.32348863422745,77.87
2025-12-18 07:30:00+01:00,87.90724347249031,91.94
2025-12-18 07:45:00+01:00,92.6954476186014,87.04
2025-12-18 08:00:00+01:00,110.38329947905792,99.82
2025-12-18 08:15:00+01:00,105.62824469670117,86.1
2025-12-18 08:30:00+01:00,102.244086596838,93.34
2025-12-18 08:45:00+01:00,92.55922280391893,83.71
2025-12-18 09:00:00+01:00,105.7307757262375,118.01
2025-12-18 09:15:00+01:00,94.97378786586575,88.61
2025-12-18 09:30:00+01:00,91.9532454374563,72.46
2025-12-18 09:45:00+01:00,85.20514107169276,75.15
2025-12-18 10:00:00+01:00,94.82574200271227,82.91
2025-12-18 10:15:00+01:00,84.7010461385763,91.61
2025-12-18 10:30:00+01:00,80.91744588236305,74.64
2025-12-18 10:45:00+01:00,78.65401170184866,63.97
2025-12-18 11:00:00+01:00,90.24321238575348,85.17
2025-12-18 11:15:00+01:00,87.77279869054112,76.22
2025-12-18 11:30:00+01:00,85.37807969924737,78.39
2025-12-18 11:45:00+01:00,83.66903191513033,73.37
2025-12-18 12:00:00+01:00,86.77535030530045,73.71
2025-12-18 12:15:00+01:00,83.9247208569768,73.15
2025-12-18 12:30:00+01:00,85.68698844732158,77.95
2025-12-18 12:45:00+01:00,87.57692808144309,84.88
2025-12-18 13:00:00+01:00,87.37385636713105,68.67
2025-12-18 13:15:00+01:00,88.18817708273309,74.08
2025-12-18 13:30:00+01:00,90.94367537273013,85.0
2025-12-18 13:45:00+01:00,97.19053378007013,90.16
2025-12-18 14:00:00+01:00,86.54656210862983,82.48
2025-12-18 14:15:00+01:00,90.63096067668823,98.0
2025-12-18 14:30:00+01:00,100.66237985881548,120.8
2025-12-18 14:45:00+01:00,115.34539270404758,113.74
2025-12-18 15:00:00+01:00,93.82207546344262,106.66
2025-12-18 15:15:00+01:00,103.71941704691494,107.89
2025-12-18 15:30:00+01:00,112.63909576050801,115.52
2025-12-18 15:45:00+01:00,120.53600377363536,127.9
2025-12-18 16:00:00+01:00,106.40316662325509,102.75
2025-12-18 16:15:00+01:00,113.09993374097903,110.28
2025-12-18 16:30:00+01:00,113.32440905619212,120.77
2025-12-18 16:45:00+01:00,118.84349872498396,109.73
2025-12-18 17:00:00+01:00,109.0247925555355,108.49
2025-12-18 17:15:00+01:00,105.90826229000766,104.54
2025-12-18 17:30:00+01:00,101.74486406573429,103.4
2025-12-18 17:45:00+01:00,90.33817028785077,97.24
2025-12-18 18:00:00+01:00,103.45669499062262,84.61
2025-12-18 18:15:00+01:00,93.18052135250099,86.82
2025-12-18 18:30:00+01:00,84.23268323616858,96.5
2025-12-18 18:45:00+01:00,73.71081774477486,85.09
2025-12-18 19:00:00+01:00,78.94451030690033,97.12
2025-12-18 19:15:00+01:00,68.77671926712475,84.2
2025-12-18 19:30:00+01:00,65.48639280670561,74.39
2025-12-18 19:45:00+01:00,60.85409483471069,64.85
2025-12-18 20:00:00+01:00,50.858451751801596,77.0
2025-12-18 20:15:00+01:00,49.56424903949741,74.14
2025-12-18 20:30:00+01:00,36.799584131025824,65.5
2025-12-18 20:45:00+01:00,31.895016339936205,54.09
2025-12-18 21:00:00+01:00,52.37903084060022,60.02
2025-12-18 21:15:00+01:00,33.61470117910572,58.8
2025-12-18 21:30:00+01:00,23.10729997707851,50.23
2025-12-18 21:45:00+01:00,9.22629247751577,43.97
2025-12-18 22:00:00+01:00,64.44095886748534,61.73
2025-12-18 22:15:00+01:00,57.58491493385021,53.73
2025-12-18 22:30:00+01:00,49.8314201468703,52.38
2025-12-18 22:45:00+01:00,35.08271717861241,39.36
2025-12-18 23:00:00+01:00,65.06478309848812,32.0
2025-12-18 23:15:00+01:00,45.76330225697458,21.07
2025-12-18 23:30:00+01:00,36.05336470238513,14.46
2025-12-18 23:45:00+01:00,15.87219254994423,7.08
2025-12-19 00:00:00+01:00,25.969343816169697,12.77
2025-12-19 00:15:00+01:00,18.81634994248182,10.35
2025-12-19 00:30:00+01:00,13.885476536606433,9.24
2025-12-19 00:45:00+01:00,12.747951683469594,7.0
2025-12-19 01:00:00+01:00,17.667702641213822,8.1
2025-12-19 01:15:00+01:00,8.339649093536025,5.89
2025-12-19 01:30:00+01:00,12.775693748162823,5.05
2025-12-19 01:45:00+01:00,10.942739577217083,4.39
2025-12-19 02:00:00+01:00,6.377577870285677,4.35
2025-12-19 02:15:00+01:00,6.435194559108794,4.32
2025-12-19 02:30:00+01:00,12.536045928337344,4.33
2025-12-19 02:45:00+01:00,12.394313386600203,4.32
2025-12-19 03:00:00+01:00,11.66029421374337,3.69
2025-12-19 03:15:00+01:00,15.341922179477763,3.47
2025-12-19 03:30:00+01:00,15.01798777621049,3.28
2025-12-19 03:45:00+01:00,14.779844724361396,3.62
2025-12-19 04:00:00+01:00,27.89101944256106,3.4
2025-12-19 04:15:00+01:00,30.287186115536542,4.01
2025-12-19 04:30:00+01:00,32.860212146275245,4.32
2025-12-19 04:45:00+01:00,36.87036161375614,4.73
2025-12-19 05:00:00+01:00,32.48397558518512,4.64
2025-12-19 05:15:00+01:00,38.49124345124373,8.52
2025-12-19 05:30:00+01:00,46.561847471269765,10.0
2025-12-19 05:45:00+01:00,58.798535444950254,19.94
2025-12-19 06:00:00+01:00,39.21456121259782,15.0
2025-12-19 06:15:00+01:00,59.59034652520844,37.71
2025-12-19 06:30:00+01:00,65.81755891659174,43.81
2025-12-19 06:45:00+01:00,84.05083464454886,64.6
2025-12-19 07:00:00+01:00,70.91860128431898,53.75
2025-12-19 07:15:00+01:00,76.84380237484639,69.84
2025-12-19 07:30:00+01:00,82.93753443635663,88.13
2025-12-19 07:45:00+01:00,86.16333437156602,95.13
2025-12-19 08:00:00+01:00,91.51175899818506,87.59
2025-12-19 08:15:00+01:00,91.18937264122994,89.44
2025-12-19 08:30:00+01:00,97.30693620094004,92.22
2025-12-19 08:45:00+01:00,92.45404096792176,88.92
2025-12-19 09:00:00+01:00,95.49808527317496,92.81
2025-12-19 09:15:00+01:00,92.84185421167177,89.8
2025-12-19 09:30:00+01:00,91.21457901711861,88.77
2025-12-19 09:45:00+01:00,86.73163510399235,86.16
2025-12-19 10:00:00+01:00,92.73634572478872,93.11
2025-12-19 10:15:00+01:00,92.74534778684786,90.13
2025-12-19 10:30:00+01:00,92.60063742534004,87.68
2025-12-19 10:45:00+01:00,88.53283441139574,86.0
2025-12-19 11:00:00+01:00,96.99202174655335,87.23
2025-12-19 11:15:00+01:00,95.68728315619703,86.14
2025-12-19 11:30:00+01:00,93.0814556494722,87.94
2025-12-19 11:45:00+01:00,90.08917469500021,88.65
2025-12-19 12:00:00+01:00,95.1280580834761,79.91
2025-12-19 12:15:00+01:00,95.23958163630738,81.69
2025-12-19 12:30:00+01:00,97.74273969615564,87.31
2025-12-19 12:45:00+01:00,99.92377577639326,89.38
2025-12-19 13:00:00+01:00,99.85403591733237,89.2
2025-12-19 13:15:00+01:00,102.43835720732255,86.6
2025-12-19 13:30:00+01:00,106.638438809961,86.08
2025-12-19 13:45:00+01:00,111.53634387047269,88.62
2025-12-19 14:00:00+01:00,106.72556077484111,86.6
2025-12-19 14:15:00+01:00,114.26357092030482,92.59
2025-12-19 14:30:00+01:00,125.92979408882891,98.86
2025-12-19 14:45:00+01:00,136.3252213190741,95.34
2025-12-19 15:00:00+01:00,122.56474819798504,92.26
2025-12-19 15:15:00+01:00,132.09141431401795,97.1
2025-12-19 15:30:00+01:00,146.4921255540103,100.1
2025-12-19 15:45:00+01:00,152.0515857957972,100.15
2025-12-19 16:00:00+01:00,125.52598121779477,94.28
2025-12-19 16:15:00+01:00,136.31462875148748,95.78
2025-12-19 16:30:00+01:00,140.42490816968638,103.25
2025-12-19 16:45:00+01:00,143.36308058326443,108.02
2025-12-19 17:00:00+01:00,134.40868590913377,103.56
2025-12-19 17:15:00+01:00,132.75716417492976,107.71
2025-12-19 17:30:00+01:00,135.8114271400109,107.4
2025-12-19 17:45:00+01:00,131.03648397871353,108.95
2025-12-19 18:00:00+01:00,125.97818486188201,108.07
2025-12-19 18:15:00+01:00,124.67137159190811,108.04
2025-12-19 18:30:00+01:00,121.85015161092176,108.04
2025-12-19 18:45:00+01:00,120.21191687989298,105.77
2025-12-19 19:00:00+01:00,130.77912110269278,108.08
2025-12-19 19:15:00+01:00,122.0517251500065,105.44
2025-12-19 19:30:00+01:00,123.2643655152328,106.63
2025-12-19 19:45:00+01:00,118.72612460550097,100.34
2025-12-19 20:00:00+01:00,124.8653236040272,107.29
2025-12-19 20:15:00+01:00,118.79710218133073,107.45
2025-12-19 20:30:00+01:00,114.71649097894627,98.88
2025-12-19 20:45:00+01:00,109.78441633187617,98.02
2025-12-19 21:00:00+01:00,119.38283615624842,104.52
2025-12-19 21:15:00+01:00,114.12388865060267,101.24
2025-12-19 21:30:00+01:00,110.28284249431378,96.19
2025-12-19 21:45:00+01:00,102.81133893220405,91.9
2025-12-19 22:00:00+01:00,109.89237472009476,100.25
2025-12-19 22:15:00+01:00,106.12469022952878,98.33
2025-12-19 22:30:00+01:00,102.2063495897086,95.59
2025-12-19 22:45:00+01:00,98.39627345288591,90.94
2025-12-19 23:00:00+01:00,98.1982261132213,97.14
2025-12-19 23:15:00+01:00,94.83741642755437,89.15
2025-12-19 23:30:00+01:00,91.79994205752062,90.12
2025-12-19 23:45:00+01:00,87.57658603362162,84.31
2025-12-20 00:00:00+01:00,91.39628139263156,90.36
2025-12-20 00:15:00+01:00,88.83780420116494,86.46
2025-12-20 00:30:00+01:00,86.3615906051759,81.19
2025-12-20 00:45:00+01:00,84.70330691438595,81.24
2025-12-20 01:00:00+01:00,87.78056945915462,87.0
2025-12-20 01:15:00+01:00,85.82076464463191,83.37
2025-12-20 01:30:00+01:00,84.94773509240557,81.9
2025-12-20 01:45:00+01:00,83.77060877601934,81.33
2025-12-20 02:00:00+01:00,85.26848842406244,86.88
2025-12-20 02:15:00+01:00,84.4350178116401,85.28
2025-12-20 02:30:00+01:00,84.11133831234496,82.94
2025-12-20 02:45:00+01:00,83.09903334419289,84.91
2025-12-20 03:00:00+01:00,86.59291065602875,86.56
2025-12-20 03:15:00+01:00,85.74101107010873,85.86
2025-12-20 03:30:00+01:00,85.57248773369255,87.97
2025-12-20 03:45:00+01:00,85.04534735600917,89.56
2025-12-20 04:00:00+01:00,84.49522853755468,86.91
2025-12-20 04:15:00+01:00,85.16186825614477,86.93
2025-12-20 04:30:00+01:00,87.5245702846096,88.18
2025-12-20 04:45:00+01:00,88.48436530326273,91.82
2025-12-20 05:00:00+01:00,85.73046810250385,86.9
2025-12-20 05:15:00+01:00,87.55837511493279,85.51
2025-12-20 05:30:00+01:00,91.13659752873996,89.25
2025-12-20 05:45:00+01:00,94.2723993992963,98.0
2025-12-20 06:00:00+01:00,88.72178703932289,92.07
2025-12-20 06:15:00+01:00,95.48051964378055,94.38
2025-12-20 06:30:00+01:00,100.74295749706397,95.18
2025-12-20 06:45:00+01:00,104.75646643279154,102.27
2025-12-20 07:00:00+01:00,98.24795498412928,98.84
2025-12-20 07:15:00+01:00,102.33871388061162,102.21
2025-12-20 07:30:00+01:00,102.8224908664314,105.0
2025-12-20 07:45:00+01:00,105.50220393331986,109.95
2025-12-20 08:00:00+01:00,109.82357207598562,108.88
2025-12-20 08:15:00+01:00,108.8157975315047,110.44
2025-12-20 08:30:00+01:00,112.65526388694332,115.51
2025-12-20 08:45:00+01:00,112.10500437594456,118.0
2025-12-20 09:00:00+01:00,121.2780273880974,114.87
2025-12-20 09:15:00+01:00,119.69616079079418,116.97
2025-12-20 09:30:00+01:00,117.77242033685579,114.37
2025-12-20 09:45:00+01:00,116.3829328409954,112.99
2025-12-20 10:00:00+01:00,117.47872351068463,114.33
2025-12-20 10:15:00+01:00,112.73877263315963,115.19
2025-12-20 10:30:00+01:00,116.13572014452052,112.1
2025-12-20 10:45:00+01:00,111.23183737373168,109.05
2025-12-20 11:00:00+01:00,114.56652622610508,113.15
2025-12-20 11:15:00+01:00,116.40260671451846,110.33
2025-12-20 11:30:00+01:00,115.711495021569,110.82
2025-12-20 11:45:00+01:00,115.01051146053538,109.65
2025-12-20 12:00:00+01:00,126.46551407295732,108.74
2025-12-20 12:15:00+01:00,127.10035309067962,107.55
2025-12-20 12:30:00+01:00,124.58978580470355,111.63
2025-12-20 12:45:00+01:00,131.58918515036572,113.15
2025-12-20 13:00:00+01:00,132.59375201290896,109.33
2025-12-20 13:15:00+01:00,135.26145700321266,111.7
2025-12-20 13:30:00+01:00,148.17321756810983,117.97
2025-12-20 13:45:00+01:00,147.11609034834464,120.93
2025-12-20 14:00:00+01:00,143.62342576189076,115.62
2025-12-20 14:15:00+01:00,145.7260195563189,121.53
2025-12-20 14:30:00+01:00,157.23947199140844,120.39
2025-12-20 14:45:00+01:00,159.72363845955846,120.39
2025-12-20 15:00:00+01:00,149.82787695043896,116.59
2025-12-20 15:15:00+01:00,146.83813060510232,118.0
2025-12-20 15:30:00+01:00,143.8648219261247,121.01
2025-12-20 15:45:00+01:00,148.9744376799598,126.95
2025-12-20 16:00:00+01:00,127.92085700982909,114.25
2025-12-20 16:15:00+01:00,132.54426859357568,120.39
2025-12-20 16:30:00+01:00,135.10754639006856,120.4
2025-12-20 16:45:00+01:00,140.001782713906,125.78
2025-12-20 17:00:00+01:00,149.96965524172154,127.0
2025-12-20 17:15:00+01:00,144.43986025543433,122.46
2025-12-20 17:30:00+01:00,143.47214386560688,120.4
2025-12-20 17:45:00+01:00,139.3125436700188,119.71
2025-12-20 18:00:00+01:00,140.46379207794035,128.99
2025-12-20 18:15:00+01:00,136.27311294315734,120.6
2025-12-20 18:30:00+01:00,132.01806572884794,113.7
2025-12-20 18:45:00+01:00,127.38723894560137,109.77
2025-12-20 19:00:00+01:00,136.02201130622393,113.48
2025-12-20 19:15:00+01:00,126.02858447083457,104.49
2025-12-20 19:30:00+01:00,118.85146177540472,103.38
2025-12-20 19:45:00+01:00,114.36028024219972,95.09
2025-12-20 20:00:00+01:00,117.26555810606577,104.08
2025-12-20 20:15:00+01:00,113.46051921922982,96.55
2025-12-20 20:30:00+01:00,112.26469392798725,95.04
2025-12-20 20:45:00+01:00,103.62618930891658,89.86
2025-12-20 21:00:00+01:00,111.80661535985577,95.03
2025-12-20 21:15:00+01:00,112.10965537707276,91.54
2025-12-20 21:30:00+01:00,108.4993797750874,94.5
2025-12-20 21:45:00+01:00,105.0680695427402,90.97
2025-12-20 22:00:00+01:00,106.62425694180692,101.53
2025-12-20 22:15:00+01:00,104.64847413664313,90.73
2025-12-20 22:30:00+01:00,100.90782426732531,86.01
2025-12-20 22:45:00+01:00,93.3818033067706,90.71
2025-12-20 23:00:00+01:00,98.71066240048481,104.36
2025-12-20 23:15:00+01:00,94.57527738704103,90.86
2025-12-20 23:30:00+01:00,91.77209618703037,84.5
2025-12-20 23:45:00+01:00,85.85790349663439,82.97
2025-12-21 00:00:00+01:00,94.65239509660026,103.92
2025-12-21 00:15:00+01:00,89.85841628360363,98.0
2025-12-21 00:30:00+01:00,85.83009667141846,93.13
2025-12-21 00:45:00+01:00,83.1018092204289,87.75
2025-12-21 01:00:00+01:00,89.22692012883299,98.99
2025-12-21 01:15:00+01:00,83.98836379183564,90.05
2025-12-21 01:30:00+01:00,81.25831235007199,86.14
2025-12-21 01:45:00+01:00,80.19211219504305,85.0
2025-12-21 02:00:00+01:00,83.80732367053635,90.75
2025-12-21 02:15:00+01:00,80.61328629770657,86.56
2025-12-21 02:30:00+01:00,80.27655703087704,85.69
2025-12-21 02:45:00+01:00,79.29173277544115,82.94
2025-12-21 03:00:00+01:00,80.82342001879654,85.73
2025-12-21 03:15:00+01:00,79.47421381487996,86.41
2025-12-21 03:30:00+01:00,79.45765450573626,85.51
2025-12-21 03:45:00+01:00,78.52067703919558,83.93
2025-12-21 04:00:00+01:00,78.29162359697287,85.54
2025-12-21 04:15:00+01:00,78.74730321945115,84.29
2025-12-21 04:30:00+01:00,80.52925929249425,87.03
2025-12-21 04:45:00+01:00,81.57343151509954,85.65
2025-12-21 05:00:00+01:00,77.95557846165974,87.24
2025-12-21 05:15:00+01:00,79.87228145088585,86.28
2025-12-21 05:30:00+01:00,83.14194919772706,87.11
2025-12-21 05:45:00+01:00,84.98680089376593,86.67
2025-12-21 06:00:00+01:00,68.73078448913802,84.34
2025-12-21 06:15:00+01:00,72.97469858015592,86.87
2025-12-21 06:30:00+01:00,81.5881951334841,87.6
2025-12-21 06:45:00+01:00,89.82262171836159,93.75
2025-12-21 07:00:00+01:00,79.1321608363316,87.89
2025-12-21 07:15:00+01:00,80.63719308133072,90.57
2025-12-21 07:30:00+01:00,79.07894400684846,92.95
2025-12-21 07:45:00+01:00,79.31335946872747,100.0
2025-12-21 08:00:00+01:00,92.49163100020273,98.98
2025-12-21 08:15:00+01:00,89.57392879663675,102.42
2025-12-21 08:30:00+01:00,85.60516171801262,103.09
2025-12-21 08:45:00+01:00,78.27856514181757,104.1
2025-12-21 09:00:00+01:00,102.518193101922,106.7
2025-12-21 09:15:00+01:00,94.86654019597947,109.99
2025-12-21 09:30:00+01:00,90.70411293665317,107.39
2025-12-21 09:45:00+01:00,86.05355803026724,103.96
2025-12-21 10:00:00+01:00,94.68233455516254,111.83
2025-12-21 10:15:00+01:00,88.97270404826413,105.54
2025-12-21 10:30:00+01:00,86.08827052602636,99.37
2025-12-21 10:45:00+01:00,80.00337853040459,93.59
2025-12-21 11:00:00+01:00,87.82404322667014,104.58
2025-12-21 11:15:00+01:00,84.28852811384162,103.52
2025-12-21 11:30:00+01:00,82.77279785576766,99.29
2025-12-21 11:45:00+01:00,81.41616540382489,97.81
2025-12-21 12:00:00+01:00,85.93640951428905,101.95
2025-12-21 12:15:00+01:00,83.88286338949383,98.06
2025-12-21 12:30:00+01:00,84.65803479281136,97.47
2025-12-21 12:45:00+01:00,85.75889187829542,96.45
2025-12-21 13:00:00+01:00,85.45851423074015,99.32
2025-12-21 13:15:00+01:00,89.13479204165374,96.87
2025-12-21 13:30:00+01:00,92.60279044985207,92.86
2025-12-21 13:45:00+01:00,95.65779691912518,90.42
2025-12-21 14:00:00+01:00,82.06044529421803,94.39
2025-12-21 14:15:00+01:00,88.81163406917045,96.15
2025-12-21 14:30:00+01:00,97.00822990550373,101.07
2025-12-21 14:45:00+01:00,102.14587100924714,103.96
2025-12-21 15:00:00+01:00,88.08453686575083,94.03
2025-12-21 15:15:00+01:00,93.28128977060291,103.08
2025-12-21 15:30:00+01:00,92.03255437873018,102.63
2025-12-21 15:45:00+01:00,96.47846786320937,103.74
2025-12-21 16:00:00+01:00,96.20117291995632,91.64
2025-12-21 16:15:00+01:00,101.13459324716298,100.11
2025-12-21 16:30:00+01:00,99.71594701964932,98.56
2025-12-21 16:45:00+01:00,102.41635023704038,99.75
2025-12-21 17:00:00+01:00,98.69917844088981,102.1
2025-12-21 17:15:00+01:00,105.05161053444543,99.94
2025-12-21 17:30:00+01:00,101.70612803865423,95.53
2025-12-21 17:45:00+01:00,96.89132381824857,90.7
2025-12-21 18:00:00+01:00,108.55329774074957,100.83
2025-12-21 18:15:00+01:00,104.14161725297954,90.75
2025-12-21 18:30:00+01:00,101.08196270539133,86.03
2025-12-21 18:45:00+01:00,96.51552652694782,85.57
2025-12-21 19:00:00+01:00,99.20009718212388,88.15
2025-12-21 19:15:00+01:00,78.93357124212375,87.19
2025-12-21 19:30:00+01:00,73.10460621370822,85.28
2025-12-21 19:45:00+01:00,64.60042159368113,83.94
2025-12-21 20:00:00+01:00,54.78548938420103,84.8
2025-12-21 20:15:00+01:00,53.712482857035866,82.28
2025-12-21 20:30:00+01:00,35.98222889627034,80.61
2025-12-21 20:45:00+01:00,35.05142634152794,78.93
2025-12-21 21:00:00+01:00,64.10904025358667,83.51
2025-12-21 21:15:00+01:00,61.10041472432874,77.7
2025-12-21 21:30:00+01:00,61.6141221121312,79.94
2025-12-21 21:45:00+01:00,57.48278955467798,74.3
2025-12-21 22:00:00+01:00,87.85660818706428,83.4
2025-12-21 22:15:00+01:00,81.6126976955909,78.77
2025-12-21 22:30:00+01:00,80.81134102668179,76.24
2025-12-21 22:45:00+01:00,75.09037754580373,71.57
2025-12-21 23:00:00+01:00,85.59333466781686,78.03
2025-12-21 23:15:00+01:00,75.99824635164738,72.29
2025-12-21 23:30:00+01:00,73.61535124777382,69.17
2025-12-21 23:45:00+01:00,65.86005300157345,64.13
2025-12-22 00:00:00+01:00,73.0669364532126,72.5
2025-12-22 00:15:00+01:00,70.42179009275287,70.49
2025-12-22 00:30:00+01:00,67.8047304218547,69.35
2025-12-22 00:45:00+01:00,65.23656516543295,68.57
2025-12-22 01:00:00+01:00,69.92512935064467,71.27
2025-12-22 01:15:00+01:00,66.58830579657318,68.33
2025-12-22 01:30:00+01:00,65.01052372053041,68.67
2025-12-22 01:45:00+01:00,63.06430821179039,67.04
2025-12-22 02:00:00+01:00,66.17736508173809,69.22
2025-12-22 02:15:00+01:00,63.67385825934609,67.47
2025-12-22 02:30:00+01:00,63.81044584915631,67.23
2025-12-22 02:45:00+01:00,62.98913015230157,67.22
2025-12-22 03:00:00+01:00,62.21188697518285,65.92
2025-12-22 03:15:00+01:00,61.45560786666482,65.87
2025-12-22 03:30:00+01:00,64.33845014250412,66.33
2025-12-22 03:45:00+01:00,64.11400202449937,67.12
2025-12-22 04:00:00+01:00,61.998603186570676,70.97
2025-12-22 04:15:00+01:00,63.0188769830237,70.04
2025-12-22 04:30:00+01:00,65.35578371009103,71.59
2025-12-22 04:45:00+01:00,67.31485693410701,73.47
2025-12-22 05:00:00+01:00,67.5981123947888,70.44
2025-12-22 05:15:00+01:00,71.33977284630956,72.85
2025-12-22 05:30:00+01:00,75.94651156412888,77.1
2025-12-22 05:45:00+01:00,80.37212065755392,76.06
2025-12-22 06:00:00+01:00,70.08703311324263,71.37
2025-12-22 06:15:00+01:00,86.28475159591974,75.47
2025-12-22 06:30:00+01:00,90.87837345482552,78.52
2025-12-22 06:45:00+01:00,100.59048487076116,87.39
2025-12-22 07:00:00+01:00,99.833554791239,80.9
2025-12-22 07:15:00+01:00,106.0173312088403,81.24
2025-12-22 07:30:00+01:00,111.48759659489062,95.53
2025-12-22 07:45:00+01:00,115.88919418807549,104.12
2025-12-22 08:00:00+01:00,128.30958179293745,88.57
2025-12-22 08:15:00+01:00,123.35371184364932,90.65
2025-12-22 08:30:00+01:00,123.58003218127261,100.69
2025-12-22 08:45:00+01:00,117.212222165689,93.46
2025-12-22 09:00:00+01:00,130.4390682662938,93.55
2025-12-22 09:15:00+01:00,124.07099085008332,90.66
2025-12-22 09:30:00+01:00,115.21304458591368,89.66
2025-12-22 09:45:00+01:00,103.18313471735408,89.3
2025-12-22 10:00:00+01:00,121.41913237032705,101.54
2025-12-22 10:15:00+01:00,114.65838270068014,90.7
2025-12-22 10:30:00+01:00,109.23251630244951,86.89
2025-12-22 10:45:00+01:00,101.71498086053191,77.86
2025-12-22 11:00:00+01:00,112.39565947408927,86.43
2025-12-22 11:15:00+01:00,108.05949762414676,82.42
2025-12-22 11:30:00+01:00,105.23834300825212,84.96
2025-12-22 11:45:00+01:00,103.22299705931067,86.19
2025-12-22 12:00:00+01:00,104.63166924073872,87.72
2025-12-22 12:15:00+01:00,101.7455029403398,84.13
2025-12-22 12:30:00+01:00,102.43242775137116,86.88
2025-12-22 12:45:00+01:00,105.10567251017972,86.63
2025-12-22 13:00:00+01:00,104.1471983647157,90.0
2025-12-22 13:15:00+01:00,105.84326875451927,88.32
2025-12-22 13:30:00+01:00,108.79355657594652,87.14
2025-12-22 13:45:00+01:00,113.62302866910153,89.0
2025-12-22 14:00:00+01:00,103.79454692237331,91.07
2025-12-22 14:15:00+01:00,109.04868071236743,91.82
2025-12-22 14:30:00+01:00,116.78345808252152,92.07
2025-12-22 14:45:00+01:00,121.66255416752509,93.53
2025-12-22 15:00:00+01:00,108.05074997292596,91.55
2025-12-22 15:15:00+01:00,114.74421352599649,102.91
2025-12-22 15:30:00+01:00,122.42115772150979,101.0
2025-12-22 15:45:00+01:00,126.80986172364794,102.69
2025-12-22 16:00:00+01:00,113.0077474364979,94.53
2025-12-22 16:15:00+01:00,120.19542459888194,101.39
2025-12-22 16:30:00+01:00,126.42633244767003,103.49
2025-12-22 16:45:00+01:00,131.73993848365836,105.31
2025-12-22 17:00:00+01:00,123.47407690981409,107.04
2025-12-22 17:15:00+01:00,123.04142689755861,108.96
2025-12-22 17:30:00+01:00,123.46454237473216,109.31
2025-12-22 17:45:00+01:00,117.85788638301301,106.26
2025-12-22 18:00:00+01:00,118.69534056126324,104.31
2025-12-22 18:15:00+01:00,112.74895050039409,102.1
2025-12-22 18:30:00+01:00,108.94456555571394,98.73
2025-12-22 18:45:00+01:00,106.47816233257691,98.46
2025-12-22 19:00:00+01:00,117.56570111608042,94.95
2025-12-22 19:15:00+01:00,108.18732766338616,95.04
2025-12-22 19:30:00+01:00,104.86734382936827,93.07
2025-12-22 19:45:00+01:00,97.96922492587389,92.1
2025-12-22 20:00:00+01:00,108.77896063801302,92.07
2025-12-22 20:15:00+01:00,101.841124528103,91.21
2025-12-22 20:30:00+01:00,98.87308446269942,88.14
2025-12-22 20:45:00+01:00,93.87766820528478,86.49
2025-12-22 21:00:00+01:00,101.83378567704419,91.64
2025-12-22 21:15:00+01:00,97.64578128556911,84.84
2025-12-22 21:30:00+01:00,91.79585457109458,83.16
2025-12-22 21:45:00+01:00,87.19553434383337,79.8
2025-12-22 22:00:00+01:00,98.04161213942817,91.68
2025-12-22 22:15:00+01:00,94.1871905107072,87.89
2025-12-22 22:30:00+01:00,90.71983154627429,82.98
2025-12-22 22:45:00+01:00,85.52057474851881,76.74
2025-12-22 23:00:00+01:00,91.52385367737347,89.0
2025-12-22 23:15:00+01:00,85.93498809257918,80.21
2025-12-22 23:30:00+01:00,83.81894582133896,74.14
2025-12-22 23:45:00+01:00,78.03649693193984,68.52
2025-12-23 00:00:00+01:00,79.06830195421598,80.33
2025-12-23 00:15:00+01:00,74.95614417286907,73.4
2025-12-23 00:30:00+01:00,70.86192294004205,71.0
2025-12-23 00:45:00+01:00,67.39854940412681,64.2
2025-12-23 01:00:00+01:00,74.89488982706858,66.6
2025-12-23 01:15:00+01:00,70.12778160511584,64.71
2025-12-23 01:30:00+01:00,67.89011529844393,64.88
2025-12-23 01:45:00+01:00,65.96963614627741,63.94
2025-12-23 02:00:00+01:00,70.25706211196231,64.1
2025-12-23 02:15:00+01:00,66.33705673734565,62.06
2025-12-23 02:30:00+01:00,66.6325534074216,60.99
2025-12-23 02:45:00+01:00,65.53939666881212,60.87
2025-12-23 03:00:00+01:00,65.84179856041766,59.53
2025-12-23 03:15:00+01:00,65.99255952799663,59.59
2025-12-23 03:30:00+01:00,65.82308984152696,59.58
2025-12-23 03:45:00+01:00,65.66803001620671,57.54
2025-12-23 04:00:00+01:00,64.40151200475229,58.37
2025-12-23 04:15:00+01:00,64.70458317937138,58.12
2025-12-23 04:30:00+01:00,66.99944760318398,58.13
2025-12-23 04:45:00+01:00,68.67741926342289,57.83
2025-12-23 05:00:00+01:00,65.53074831569813,58.21
2025-12-23 05:15:00+01:00,67.91661992824554,58.36
2025-12-23 05:30:00+01:00,72.61742286340024,59.35
2025-12-23 05:45:00+01:00,77.16455685341552,60.17
2025-12-23 06:00:00+01:00,60.81511555306158,63.59
2025-12-23 06:15:00+01:00,75.56425946949004,64.34
2025-12-23 06:30:00+01:00,81.49842335413628,70.75
2025-12-23 06:45:00+01:00,93.55763178579542,72.71
2025-12-23 07:00:00+01:00,79.47502965228831,72.08
2025-12-23 07:15:00+01:00,82.5563549423759,76.38
2025-12-23 07:30:00+01:00,88.93737484411795,79.99
2025-12-23 07:45:00+01:00,97.22542581268677,83.62
2025-12-23 08:00:00+01:00,99.41423086020838,79.2
2025-12-23 08:15:00+01:00,101.21964332857577,84.35
2025-12-23 08:30:00+01:00,102.53530972888903,84.23
2025-12-23 08:45:00+01:00,97.62844377483171,87.72
2025-12-23 09:00:00+01:00,107.91212228116034,85.38
2025-12-23 09:15:00+01:00,100.98885469502187,86.19
2025-12-23 09:30:00+01:00,97.08247632726584,86.78
2025-12-23 09:45:00+01:00,86.58075691154126,83.51
2025-12-23 10:00:00+01:00,107.97217020923004,84.82
2025-12-23 10:15:00+01:00,100.51666459285336,86.45
2025-12-23 10:30:00+01:00,96.75560108674406,84.08
2025-12-23 10:45:00+01:00,93.15885227548705,80.0
2025-12-23 11:00:00+01:00,98.71886441232819,86.11
2025-12-23 11:15:00+01:00,97.59317022934174,82.46
2025-12-23 11:30:00+01:00,96.68962555657129,80.6
2025-12-23 11:45:00+01:00,96.6452180243848,78.3
2025-12-23 12:00:00+01:00,96.5245791367401,83.33
2025-12-23 12:15:00+01:00,94.35025874767435,79.9
2025-12-23 12:30:00+01:00,94.57292278116824,80.12
2025-12-23 12:45:00+01:00,94.62138814271452,78.59
2025-12-23 13:00:00+01:00,90.42068982342107,80.86
2025-12-23 13:15:00+01:00,90.91776698672172,79.0
2025-12-23 13:30:00+01:00,91.88745135581458,78.25
2025-12-23 13:45:00+01:00,94.51868756895082,78.74
2025-12-23 14:00:00+01:00,89.12679035372216,76.59
2025-12-23 14:15:00+01:00,92.87153709661007,78.35
2025-12-23 14:30:00+01:00,97.81654572050766,80.54
2025-12-23 14:45:00+01:00,104.51868306046228,81.38
2025-12-23 15:00:00+01:00,87.32071597928575,76.15
2025-12-23 15:15:00+01:00,96.54005428538304,80.6
2025-12-23 15:30:00+01:00,102.13593099019717,84.3
2025-12-23 15:45:00+01:00,105.67691209355084,86.26
2025-12-23 16:00:00+01:00,90.4519314445972,81.81
2025-12-23 16:15:00+01:00,98.78663857300128,79.75
2025-12-23 16:30:00+01:00,99.88006447386911,84.59
2025-12-23 16:45:00+01:00,105.00960052141784,88.6
2025-12-23 17:00:00+01:00,92.33210894895342,80.07
2025-12-23 17:15:00+01:00,100.45347345429383,80.59
2025-12-23 17:30:00+01:00,101.85117967750388,84.49
2025-12-23 17:45:00+01:00,98.82634015123045,84.72
2025-12-23 18:00:00+01:00,102.4288930303584,84.11
2025-12-23 18:15:00+01:00,97.7311064143146,82.32
2025-12-23 18:30:00+01:00,98.38589200820715,84.99
2025-12-23 18:45:00+01:00,92.80778776226232,84.36
2025-12-23 19:00:00+01:00,96.09654567851453,83.37
2025-12-23 19:15:00+01:00,83.35149508735651,82.66
2025-12-23 19:30:00+01:00,82.97650654017546,82.08
2025-12-23 19:45:00+01:00,75.21808523826688,81.75
2025-12-23 20:00:00+01:00,71.71286004550672,86.6
2025-12-23 20:15:00+01:00,66.10357144499818,83.1
2025-12-23 20:30:00+01:00,58.03261480405868,74.18
2025-12-23 20:45:00+01:00,54.118600021898416,68.14
2025-12-23 21:00:00+01:00,76.3745682107722,76.69
2025-12-23 21:15:00+01:00,68.6047313154019,73.84
2025-12-23 21:30:00+01:00,63.41748172859378,68.15
2025-12-23 21:45:00+01:00,55.17688564046917,61.04
2025-12-23 22:00:00+01:00,78.91676859037543,77.36
2025-12-23 22:15:00+01:00,70.60363710624739,70.83
2025-12-23 22:30:00+01:00,70.67577999851274,72.5
2025-12-23 22:45:00+01:00,53.54282599884195,66.65
2025-12-23 23:00:00+01:00,75.12337131766017,71.56
2025-12-23 23:15:00+01:00,66.37889028060275,63.89
2025-12-23 23:30:00+01:00,62.132046339075586,63.57
2025-12-23 23:45:00+01:00,53.42343392066655,57.35
2025-12-24 00:00:00+01:00,64.97840846685224,66.41
2025-12-24 00:15:00+01:00,65.12823543030173,66.21
2025-12-24 00:30:00+01:00,60.75516781359143,56.85
2025-12-24 00:45:00+01:00,60.94358565502034,51.52
2025-12-24 01:00:00+01:00,61.285171632717926,58.47
2025-12-24 01:15:00+01:00,58.55322108716857,55.7
2025-12-24 01:30:00+01:00,59.01150449690434,54.17
2025-12-24 01:45:00+01:00,56.72867722761034,55.11
2025-12-24 02:00:00+01:00,59.150841820171365,56.03
2025-12-24 02:15:00+01:00,59.00415405856424,56.92
2025-12-24 02:30:00+01:00,58.20863979649047,57.42
2025-12-24 02:45:00+01:00,57.20991284084717,56.83
2025-12-24 03:00:00+01:00,57.15685545442269,57.02
2025-12-24 03:15:00+01:00,56.5075102552265,56.15
2025-12-24 03:30:00+01:00,58.030877086902265,56.09
2025-12-24 03:45:00+01:00,57.74296524610092,54.1
2025-12-24 04:00:00+01:00,55.50218532470664,55.64
2025-12-24 04:15:00+01:00,55.46375431105375,56.16
2025-12-24 04:30:00+01:00,57.5664900232737,55.84
2025-12-24 04:45:00+01:00,56.75503588089643,55.75
2025-12-24 05:00:00+01:00,49.476310565011005,56.49
2025-12-24 05:15:00+01:00,53.07667510269904,53.1
2025-12-24 05:30:00+01:00,58.19533123020794,56.5
2025-12-24 05:45:00+01:00,62.44338303632837,57.31
2025-12-24 06:00:00+01:00,38.21874478476945,54.3
2025-12-24 06:15:00+01:00,47.61309646810371,54.39
2025-12-24 06:30:00+01:00,58.28161156413945,59.73
2025-12-24 06:45:00+01:00,75.07622692419275,60.44
2025-12-24 07:00:00+01:00,60.20546295558611,59.24
2025-12-24 07:15:00+01:00,69.12061825256762,66.76
2025-12-24 07:30:00+01:00,75.8090432989396,67.47
2025-12-24 07:45:00+01:00,75.36149790549085,76.31
2025-12-24 08:00:00+01:00,80.574534512311,74.89
2025-12-24 08:15:00+01:00,87.32835505987597,75.01
2025-12-24 08:30:00+01:00,85.4316633638096,85.54
2025-12-24 08:45:00+01:00,77.2343043237409,88.56
2025-12-24 09:00:00+01:00,91.56745760179204,89.37
2025-12-24 09:15:00+01:00,88.13747572368378,84.95
2025-12-24 09:30:00+01:00,84.68460740418897,80.96
2025-12-24 09:45:00+01:00,81.47238532433344,74.6
2025-12-24 10:00:00+01:00,83.92989904521735,80.22
2025-12-24 10:15:00+01:00,79.1570453096388,75.9
2025-12-24 10:30:00+01:00,76.25287518602207,75.08
2025-12-24 10:45:00+01:00,71.18900869289955,72.89
2025-12-24 11:00:00+01:00,83.98789381330124,71.47
2025-12-24 11:15:00+01:00,79.65204162073177,69.71
2025-12-24 11:30:00+01:00,78.17348376576801,68.5
2025-12-24 11:45:00+01:00,76.03119282212509,67.47
2025-12-24 12:00:00+01:00,76.786984808774,69.92
2025-12-24 12:15:00+01:00,76.24547234730665,68.75
2025-12-24 12:30:00+01:00,76.90635893606913,68.23
2025-12-24 12:45:00+01:00,78.71444123168743,67.15
2025-12-24 13:00:00+01:00,72.17144158740193,67.17
2025-12-24 13:15:00+01:00,73.7339193308341,67.26
2025-12-24 13:30:00+01:00,77.13650870738694,68.36
2025-12-24 13:45:00+01:00,80.23550938722826,69.16
2025-12-24 14:00:00+01:00,68.38910407924077,69.24
2025-12-24 14:15:00+01:00,70.21289725620375,70.68
2025-12-24 14:30:00+01:00,73.65689868488558,73.91
2025-12-24 14:45:00+01:00,75.36191578286744,81.2
2025-12-24 15:00:00+01:00,64.7500635044699,72.63
2025-12-24 15:15:00+01:00,68.81615819129885,87.51
2025-12-24 15:30:00+01:00,70.557790339291,86.83
2025-12-24 15:45:00+01:00,76.75140713693187,85.24
2025-12-24 16:00:00+01:00,68.24925782346116,83.23
2025-12-24 16:15:00+01:00,75.08323995965908,88.82
2025-12-24 16:30:00+01:00,80.69257347236972,90.74
2025-12-24 16:45:00+01:00,84.27646803874327,88.81
2025-12-24 17:00:00+01:00,75.14868894904197,89.8
2025-12-24 17:15:00+01:00,79.99808029478598,89.0
2025-12-24 17:30:00+01:00,82.86135015706245,90.1
2025-12-24 17:45:00+01:00,80.3523678062073,87.63
2025-12-24 18:00:00+01:00,71.80516450809351,88.82
2025-12-24 18:15:00+01:00,77.13910446483067,76.36
2025-12-24 18:30:00+01:00,72.68285124330612,77.16
2025-12-24 18:45:00+01:00,70.22367615973673,73.29
2025-12-24 19:00:00+01:00,55.947937414043466,73.86
2025-12-24 19:15:00+01:00,42.654449900513455,72.29
2025-12-24 19:30:00+01:00,39.88393877499372,71.75
2025-12-24 19:45:00+01:00,30.42611627213357,69.19
2025-12-24 20:00:00+01:00,58.1288305316678,71.18
2025-12-24 20:15:00+01:00,51.250665393346836,69.49
2025-12-24 20:30:00+01:00,21.929297669018453,68.01
2025-12-24 20:45:00+01:00,9.05163145369066,63.95
2025-12-24 21:00:00+01:00,69.98706511169108,71.13
2025-12-24 21:15:00+01:00,61.92171814677217,67.49
2025-12-24 21:30:00+01:00,51.494297908273296,67.55
2025-12-24 21:45:00+01:00,34.917995515986476,65.78
2025-12-24 22:00:00+01:00,66.56997878424161,71.81
2025-12-24 22:15:00+01:00,61.583778725849584,69.31
2025-12-24 22:30:00+01:00,58.48017929627693,68.6
2025-12-24 22:45:00+01:00,40.36111551701063,66.31
2025-12-24 23:00:00+01:00,58.522000950310954,70.3
2025-12-24 23:15:00+01:00,52.96127847679908,70.85
2025-12-24 23:30:00+01:00,49.01406723343372,64.95
2025-12-24 23:45:00+01:00,40.459350424895476,54.55
2025-12-25 00:00:00+01:00,65.61125245772965,66.14
2025-12-25 00:15:00+01:00,63.37000419210169,61.29
2025-12-25 00:30:00+01:00,61.01053092242164,61.36
2025-12-25 00:45:00+01:00,57.54368992281957,64.09
2025-12-25 01:00:00+01:00,62.30607520737735,60.03
2025-12-25 01:15:00+01:00,60.45716927219351,59.0
2025-12-25 01:30:00+01:00,59.1298523784975,57.45
2025-12-25 01:45:00+01:00,56.867792822829074,57.29
2025-12-25 02:00:00+01:00,60.439353992982646,57.86
2025-12-25 02:15:00+01:00,59.64301717474362,56.63
2025-12-25 02:30:00+01:00,59.46748889499479,56.64
2025-12-25 02:45:00+01:00,57.68848877230768,56.3
2025-12-25 03:00:00+01:00,57.50098598824496,56.94
2025-12-25 03:15:00+01:00,57.65224396296493,55.87
2025-12-25 03:30:00+01:00,58.159161160611795,55.54
2025-12-25 03:45:00+01:00,57.693891212050346,55.03
2025-12-25 04:00:00+01:00,54.0336385224434,54.67
2025-12-25 04:15:00+01:00,54.467715904790815,54.33
2025-12-25 04:30:00+01:00,57.02504508153838,54.57
2025-12-25 04:45:00+01:00,55.88135031930241,54.55
2025-12-25 05:00:00+01:00,48.53027617750829,53.89
2025-12-25 05:15:00+01:00,51.02356880503493,53.99
2025-12-25 05:30:00+01:00,51.174713265248194,50.92
2025-12-25 05:45:00+01:00,57.214798663406235,51.62
2025-12-25 06:00:00+01:00,24.905061454797533,47.49
2025-12-25 06:15:00+01:00,34.48906577404384,51.02
2025-12-25 06:30:00+01:00,50.53435659569366,51.0
2025-12-25 06:45:00+01:00,51.73152059063942,47.15
2025-12-25 07:00:00+01:00,58.048112104636274,46.55
2025-12-25 07:15:00+01:00,68.1411003472036,50.99
2025-12-25 07:30:00+01:00,69.773238265483,58.13
2025-12-25 07:45:00+01:00,69.14318181815187,60.44
2025-12-25 08:00:00+01:00,84.92036837007531,64.0
2025-12-25 08:15:00+01:00,88.32963851545222,64.43
2025-12-25 08:30:00+01:00,86.80773347797003,67.49
2025-12-25 08:45:00+01:00,80.52483585238159,60.9
2025-12-25 09:00:00+01:00,86.13741525226213,67.6
2025-12-25 09:15:00+01:00,87.12216994031857,65.45
2025-12-25 09:30:00+01:00,83.22376474905754,64.08
2025-12-25 09:45:00+01:00,75.79898082537642,61.7
2025-12-25 10:00:00+01:00,83.81320495643178,58.07
2025-12-25 10:15:00+01:00,80.13223886756944,53.55
2025-12-25 10:30:00+01:00,78.53875275148194,49.46
2025-12-25 10:45:00+01:00,78.2023002278987,53.98
2025-12-25 11:00:00+01:00,66.39279417546946,50.0
2025-12-25 11:15:00+01:00,66.44485720170017,46.22
2025-12-25 11:30:00+01:00,66.77729358297938,48.71
2025-12-25 11:45:00+01:00,68.65222304578892,51.0
2025-12-25 12:00:00+01:00,61.049855779520385,54.85
2025-12-25 12:15:00+01:00,62.12665144001253,50.01
2025-12-25 12:30:00+01:00,62.69358723824268,45.04
2025-12-25 12:45:00+01:00,63.79431055179784,44.05
2025-12-25 13:00:00+01:00,59.16868673005914,42.15
2025-12-25 13:15:00+01:00,58.799963700497194,42.55
2025-12-25 13:30:00+01:00,59.8669502517095,47.02
2025-12-25 13:45:00+01:00,61.617233572390916,59.74
2025-12-25 14:00:00+01:00,63.66650185360598,51.79
2025-12-25 14:15:00+01:00,69.15175526469079,66.39
2025-12-25 14:30:00+01:00,72.08723385299768,71.54
2025-12-25 14:45:00+01:00,75.46755395347036,84.47
2025-12-25 15:00:00+01:00,79.541707633646,74.94
2025-12-25 15:15:00+01:00,91.57402580662524,83.89
2025-12-25 15:30:00+01:00,92.28141147231253,97.89
2025-12-25 15:45:00+01:00,93.54821043246496,100.94
2025-12-25 16:00:00+01:00,89.58039509597036,89.96
2025-12-25 16:15:00+01:00,98.76261137361327,85.11
2025-12-25 16:30:00+01:00,104.37287674761396,96.94
2025-12-25 16:45:00+01:00,107.70366267634793,96.93
2025-12-25 17:00:00+01:00,98.72139086261573,88.02
2025-12-25 17:15:00+01:00,98.83674286266961,94.11
2025-12-25 17:30:00+01:00,100.07706163523352,96.91
2025-12-25 17:45:00+01:00,97.18926633658545,96.98
2025-12-25 18:00:00+01:00,115.48918991660342,95.15
2025-12-25 18:15:00+01:00,112.48541672123886,94.92
2025-12-25 18:30:00+01:00,106.22637952425781,93.92
2025-12-25 18:45:00+01:00,104.62433075476778,92.23
2025-12-25 19:00:00+01:00,104.2593439582454,92.03
2025-12-25 19:15:00+01:00,101.06106036575385,91.79
2025-12-25 19:30:00+01:00,104.98494567282137,90.71
2025-12-25 19:45:00+01:00,100.97953470631825,92.33
2025-12-25 20:00:00+01:00,111.70235003022675,95.69
2025-12-25 20:15:00+01:00,111.37724667109181,96.37
2025-12-25 20:30:00+01:00,110.9593619140143,87.55
2025-12-25 20:45:00+01:00,108.22616869242681,84.52
2025-12-25 21:00:00+01:00,110.89808957832668,89.71
2025-12-25 21:15:00+01:00,108.41809717138267,96.15
2025-12-25 21:30:00+01:00,105.61770621851277,94.52
2025-12-25 21:45:00+01:00,102.58367347192342,90.42
2025-12-25 22:00:00+01:00,103.79500443579192,97.65
2025-12-25 22:15:00+01:00,101.81839044991763,96.98
2025-12-25 22:30:00+01:00,97.57946671023583,96.92
2025-12-25 22:45:00+01:00,95.53904110573326,93.06
2025-12-25 23:00:00+01:00,95.38310489367812,95.85
2025-12-25 23:15:00+01:00,91.54436938939715,91.49
2025-12-25 23:30:00+01:00,87.98068103507023,90.53
2025-12-25 23:45:00+01:00,82.64258565519215,88.01
2025-12-26 00:00:00+01:00,89.71744464639094,106.45
2025-12-26 00:15:00+01:00,87.13533670947751,99.96
2025-12-26 00:30:00+01:00,85.88455527891011,91.46
2025-12-26 00:45:00+01:00,85.1865807015356,90.53
2025-12-26 01:00:00+01:00,85.6876752312548,95.66
2025-12-26 01:15:00+01:00,83.79907206639106,91.35
2025-12-26 01:30:00+01:00,82.8206720357208,90.74
2025-12-26 01:45:00+01:00,81.90942439836778,86.46
2025-12-26 02:00:00+01:00,82.64261333498328,90.74
2025-12-26 02:15:00+01:00,81.55867802373709,86.28
2025-12-26 02:30:00+01:00,81.33004743719766,84.53
2025-12-26 02:45:00+01:00,81.28382704961442,81.72
2025-12-26 03:00:00+01:00,82.25066208984735,85.0
2025-12-26 03:15:00+01:00,82.1103185339182,83.09
2025-12-26 03:30:00+01:00,83.50849229481685,82.12
2025-12-26 03:45:00+01:00,83.39713364021567,82.0
2025-12-26 04:00:00+01:00,82.37027844175734,80.26
2025-12-26 04:15:00+01:00,82.82659265546451,81.84
2025-12-26 04:30:00+01:00,84.20854216528048,83.15
2025-12-26 04:45:00+01:00,84.22481570763925,84.32
2025-12-26 05:00:00+01:00,83.0326907993649,81.04
2025-12-26 05:15:00+01:00,84.86763732533271,81.33
2025-12-26 05:30:00+01:00,87.3560850223092,83.44
2025-12-26 05:45:00+01:00,89.91499620749737,85.53
2025-12-26 06:00:00+01:00,77.4124299476625,80.38
2025-12-26 06:15:00+01:00,86.0672622551612,81.35
2025-12-26 06:30:00+01:00,90.61636689677478,87.89
2025-12-26 06:45:00+01:00,91.2080390949551,90.46
2025-12-26 07:00:00+01:00,83.17375159349895,86.82
2025-12-26 07:15:00+01:00,96.11869223447619,91.01
2025-12-26 07:30:00+01:00,96.8950905595508,94.04
2025-12-26 07:45:00+01:00,99.97673936455428,100.59
2025-12-26 08:00:00+01:00,96.2073715967843,94.74
2025-12-26 08:15:00+01:00,98.33667015506289,97.11
2025-12-26 08:30:00+01:00,98.97615032386652,101.95
2025-12-26 08:45:00+01:00,90.93925149456435,101.8
2025-12-26 09:00:00+01:00,97.3394409103514,103.68
2025-12-26 09:15:00+01:00,96.78343960043036,103.44
2025-12-26 09:30:00+01:00,93.59825043944457,94.57
2025-12-26 09:45:00+01:00,87.16718854839947,85.23
2025-12-26 10:00:00+01:00,81.48786636349152,96.0
2025-12-26 10:15:00+01:00,78.93918770284425,91.22
2025-12-26 10:30:00+01:00,78.81047990283005,86.9
2025-12-26 10:45:00+01:00,76.6345190042614,82.88
2025-12-26 11:00:00+01:00,71.31724672052124,89.0
2025-12-26 11:15:00+01:00,69.1976506408042,85.28
2025-12-26 11:30:00+01:00,68.26073494613127,83.71
2025-12-26 11:45:00+01:00,68.00541140248738,81.98
2025-12-26 12:00:00+01:00,66.95750550510776,83.11
2025-12-26 12:15:00+01:00,65.73971469952501,82.0
2025-12-26 12:30:00+01:00,65.64960337775986,81.83
2025-12-26 12:45:00+01:00,67.28386984715443,82.31
2025-12-26 13:00:00+01:00,68.65685673914525,80.0
2025-12-26 13:15:00+01:00,70.23622608406471,80.68
2025-12-26 13:30:00+01:00,73.26688268043975,85.92
2025-12-26 13:45:00+01:00,79.41327097226296,85.79
2025-12-26 14:00:00+01:00,75.76879031399031,75.12
2025-12-26 14:15:00+01:00,78.7222486562947,85.68
2025-12-26 14:30:00+01:00,87.7660304210427,94.0
2025-12-26 14:45:00+01:00,93.96731187395875,116.0
2025-12-26 15:00:00+01:00,88.67313537113631,90.52
2025-12-26 15:15:00+01:00,96.14326647419841,107.97
2025-12-26 15:30:00+01:00,102.21558179904197,116.44
2025-12-26 15:45:00+01:00,106.59423718449604,121.64
2025-12-26 16:00:00+01:00,109.44846916085856,110.82
2025-12-26 16:15:00+01:00,113.89687569662806,117.29
2025-12-26 16:30:00+01:00,119.61762529832737,118.34
2025-12-26 16:45:00+01:00,125.1179927449439,120.64
2025-12-26 17:00:00+01:00,119.18282171855839,119.02
2025-12-26 17:15:00+01:00,119.89553158857274,121.34
2025-12-26 17:30:00+01:00,124.90596711135791,121.71
2025-12-26 17:45:00+01:00,115.91966377114177,119.81
2025-12-26 18:00:00+01:00,135.7383886587851,118.83
2025-12-26 18:15:00+01:00,131.0453187974202,117.48
2025-12-26 18:30:00+01:00,114.24681408716282,117.76
2025-12-26 18:45:00+01:00,111.39293962246413,113.82
2025-12-26 19:00:00+01:00,128.74208970698652,117.66
2025-12-26 19:15:00+01:00,127.05707204570857,116.29
2025-12-26 19:30:00+01:00,125.58320732438675,116.58
2025-12-26 19:45:00+01:00,121.87681173315303,114.52
2025-12-26 20:00:00+01:00,133.9539388362257,121.69
2025-12-26 20:15:00+01:00,129.2881256612084,116.97
2025-12-26 20:30:00+01:00,119.83561402261164,110.58
2025-12-26 20:45:00+01:00,113.68914246477318,105.66
2025-12-26 21:00:00+01:00,120.5831176812775,118.29
2025-12-26 21:15:00+01:00,118.0224885014,115.42
2025-12-26 21:30:00+01:00,113.51956521776394,109.07
2025-12-26 21:45:00+01:00,104.80216219178479,103.22
2025-12-26 22:00:00+01:00,110.87008735907432,117.25
2025-12-26 22:15:00+01:00,109.04591700091952,114.03
2025-12-26 22:30:00+01:00,105.98613568723422,105.25
2025-12-26 22:45:00+01:00,100.59013777021202,96.49
2025-12-26 23:00:00+01:00,101.70425228530138,110.83
2025-12-26 23:15:00+01:00,98.59678247784852,103.96
2025-12-26 23:30:00+01:00,96.4519725205204,94.41
2025-12-26 23:45:00+01:00,92.94052710001436,88.27
2025-12-27 00:00:00+01:00,103.21524580171858,103.6
2025-12-27 00:15:00+01:00,100.89278630197819,99.39
2025-12-27 00:30:00+01:00,96.62402895526462,93.92
2025-12-27 00:45:00+01:00,93.08179756290197,89.85
2025-12-27 01:00:00+01:00,100.18534280362101,102.48
2025-12-27 01:15:00+01:00,95.84211190828265,91.15
2025-12-27 01:30:00+01:00,93.14099036866192,88.66
2025-12-27 01:45:00+01:00,90.58969787805594,84.61
2025-12-27 02:00:00+01:00,94.70396965929662,88.61
2025-12-27 02:15:00+01:00,90.17069442239041,85.57
2025-12-27 02:30:00+01:00,90.02587188732782,83.67
2025-12-27 02:45:00+01:00,89.14306327194066,80.98
2025-12-27 03:00:00+01:00,89.7620365935055,85.11
2025-12-27 03:15:00+01:00,88.21769639935685,83.09
2025-12-27 03:30:00+01:00,88.42829697441924,82.33
2025-12-27 03:45:00+01:00,88.04585303484791,80.34
2025-12-27 04:00:00+01:00,86.6829983388504,84.18
2025-12-27 04:15:00+01:00,86.61884980441351,84.34
2025-12-27 04:30:00+01:00,88.38049326482404,83.86
2025-12-27 04:45:00+01:00,89.74539620043286,83.61
2025-12-27 05:00:00+01:00,86.18699210544487,79.45
2025-12-27 05:15:00+01:00,87.87114784533668,81.68
2025-12-27 05:30:00+01:00,90.40550067600198,83.01
2025-12-27 05:45:00+01:00,91.19112791920392,88.54
2025-12-27 06:00:00+01:00,66.85462569998197,77.61
2025-12-27 06:15:00+01:00,82.82518449750901,85.45
2025-12-27 06:30:00+01:00,87.07019383596997,90.82
2025-12-27 06:45:00+01:00,90.19042494860905,98.18
2025-12-27 07:00:00+01:00,75.631158380534,93.3
2025-12-27 07:15:00+01:00,84.40587877205672,96.53
2025-12-27 07:30:00+01:00,93.0706196095868,103.13
2025-12-27 07:45:00+01:00,96.25410577545698,105.06
2025-12-27 08:00:00+01:00,98.27504785197348,104.95
2025-12-27 08:15:00+01:00,103.01379989323327,104.96
2025-12-27 08:30:00+01:00,100.88044076748972,104.27
2025-12-27 08:45:00+01:00,93.00797174581001,95.1
2025-12-27 09:00:00+01:00,102.21670287038673,108.96
2025-12-27 09:15:00+01:00,96.43690666956019,103.54
2025-12-27 09:30:00+01:00,91.1174691502602,87.84
2025-12-27 09:45:00+01:00,82.63009048649597,74.9
2025-12-27 10:00:00+01:00,95.6895299254032,102.1
2025-12-27 10:15:00+01:00,91.88972716667955,77.61
2025-12-27 10:30:00+01:00,87.20844430655875,71.15
2025-12-27 10:45:00+01:00,83.16010261014209,69.27
2025-12-27 11:00:00+01:00,82.6917602214219,77.86
2025-12-27 11:15:00+01:00,79.17993158167684,77.0
2025-12-27 11:30:00+01:00,79.45746319333767,75.34
2025-12-27 11:45:00+01:00,77.22800839473148,71.38
2025-12-27 12:00:00+01:00,69.69538137656387,77.51
2025-12-27 12:15:00+01:00,68.10672493694923,71.15
2025-12-27 12:30:00+01:00,67.43713937556656,74.43
2025-12-27 12:45:00+01:00,68.61971168497807,75.07
2025-12-27 13:00:00+01:00,68.70111804210717,70.9
2025-12-27 13:15:00+01:00,68.89816404669372,73.83
2025-12-27 13:30:00+01:00,71.22505774354879,77.61
2025-12-27 13:45:00+01:00,74.75118012958123,84.61
2025-12-27 14:00:00+01:00,71.3024636999727,69.16
2025-12-27 14:15:00+01:00,77.788549790781,78.91
2025-12-27 14:30:00+01:00,82.27628743523225,82.32
2025-12-27 14:45:00+01:00,94.62717006461197,94.41
2025-12-27 15:00:00+01:00,91.20681337183588,76.03
2025-12-27 15:15:00+01:00,96.71485327654659,88.66
2025-12-27 15:30:00+01:00,102.33277670018214,100.3
2025-12-27 15:45:00+01:00,108.86619792223162,113.18
2025-12-27 16:00:00+01:00,101.65860418424256,92.25
2025-12-27 16:15:00+01:00,108.44629259077949,99.16
2025-12-27 16:30:00+01:00,116.33784836832007,107.64
2025-12-27 16:45:00+01:00,124.0562636873148,112.98
2025-12-27 17:00:00+01:00,119.02358648661924,95.79
2025-12-27 17:15:00+01:00,124.33630969891794,108.99
2025-12-27 17:30:00+01:00,123.84374775176285,110.13
2025-12-27 17:45:00+01:00,123.00726189854194,108.79
2025-12-27 18:00:00+01:00,115.71165117653982,109.4
2025-12-27 18:15:00+01:00,116.20103962925465,108.82
2025-12-27 18:30:00+01:00,111.6351326726578,107.63
2025-12-27 18:45:00+01:00,121.18423960503506,107.86
2025-12-27 19:00:00+01:00,116.15585528248222,109.33
2025-12-27 19:15:00+01:00,110.02273167079161,104.94
2025-12-27 19:30:00+01:00,109.50875870333033,100.83
2025-12-27 19:45:00+01:00,106.54650749895201,104.9
2025-12-27 20:00:00+01:00,120.89835390864874,115.05
2025-12-27 20:15:00+01:00,117.68993909614755,105.09
2025-12-27 20:30:00+01:00,106.35506877128392,99.0
2025-12-27 20:45:00+01:00,96.10261324790896,91.21
2025-12-27 21:00:00+01:00,112.38003628151756,102.67
2025-12-27 21:15:00+01:00,106.41060833751634,96.26
2025-12-27 21:30:00+01:00,98.7509010730623,91.51
2025-12-27 21:45:00+01:00,89.68974654052037,85.14
2025-12-27 22:00:00+01:00,112.0648147743436,105.23
2025-12-27 22:15:00+01:00,106.20728012281906,99.81
2025-12-27 22:30:00+01:00,98.865728458788,90.29
2025-12-27 22:45:00+01:00,92.5616993565784,86.34
2025-12-27 23:00:00+01:00,103.39473446635934,102.86
2025-12-27 23:15:00+01:00,97.59440876819608,95.2
2025-12-27 23:30:00+01:00,92.492273400032,88.07
2025-12-27 23:45:00+01:00,86.42703716498465,79.05
2025-12-28 00:00:00+01:00,95.27724605964939,91.17
2025-12-28 00:15:00+01:00,88.67922915481478,88.36
2025-12-28 00:30:00+01:00,86.59279870567465,83.0
2025-12-28 00:45:00+01:00,83.64693904082789,74.81
2025-12-28 01:00:00+01:00,89.28867371780456,91.22
2025-12-28 01:15:00+01:00,85.70395712725916,85.54
2025-12-28 01:30:00+01:00,83.8701796208164,81.73
2025-12-28 01:45:00+01:00,82.35237332627051,74.99
2025-12-28 02:00:00+01:00,86.77417720883747,85.64
2025-12-28 02:15:00+01:00,83.45014960214905,80.37
2025-12-28 02:30:00+01:00,82.56781912073984,76.76
2025-12-28 02:45:00+01:00,82.30085856999777,77.07
2025-12-28 03:00:00+01:00,84.12931864883947,77.0
2025-12-28 03:15:00+01:00,82.73138632441697,76.14
2025-12-28 03:30:00+01:00,82.59193897464131,80.13
2025-12-28 03:45:00+01:00,82.95908523878433,82.0
2025-12-28 04:00:00+01:00,82.98147662168965,78.14
2025-12-28 04:15:00+01:00,83.39981347477513,79.41
2025-12-28 04:30:00+01:00,86.56072609284855,82.56
2025-12-28 04:45:00+01:00,88.54376646110869,81.68
2025-12-28 05:00:00+01:00,79.42678913422236,79.94
2025-12-28 05:15:00+01:00,81.38647107959557,80.82
2025-12-28 05:30:00+01:00,86.88322822431945,84.61
2025-12-28 05:45:00+01:00,92.67940992316143,89.07
2025-12-28 06:00:00+01:00,76.58208866094051,79.21
2025-12-28 06:15:00+01:00,88.40257002001226,84.61
2025-12-28 06:30:00+01:00,95.73239658203761,88.28
2025-12-28 06:45:00+01:00,102.24517988046253,93.81
2025-12-28 07:00:00+01:00,99.73491880128121,81.78
2025-12-28 07:15:00+01:00,106.99450126120443,89.81
2025-12-28 07:30:00+01:00,110.41711083352196,95.11
2025-12-28 07:45:00+01:00,113.245013196224,101.9
2025-12-28 08:00:00+01:00,109.99343606269922,93.06
2025-12-28 08:15:00+01:00,110.13909863615862,97.75
2025-12-28 08:30:00+01:00,114.44185568334979,99.76
2025-12-28 08:45:00+01:00,110.77688829507048,98.88
2025-12-28 09:00:00+01:00,120.18226598822802,103.62
2025-12-28 09:15:00+01:00,112.93871512686809,100.05
2025-12-28 09:30:00+01:00,106.88406137822804,98.0
2025-12-28 09:45:00+01:00,102.28588745368606,84.59
2025-12-28 10:00:00+01:00,111.65052673390826,99.99
2025-12-28 10:15:00+01:00,106.45580002548674,89.53
2025-12-28 10:30:00+01:00,101.94747841338169,83.33
2025-12-28 10:45:00+01:00,97.87757651418401,80.0
2025-12-28 11:00:00+01:00,90.73014050162037,95.35
2025-12-28 11:15:00+01:00,88.16659726555048,90.58
2025-12-28 11:30:00+01:00,86.48774489905833,86.54
2025-12-28 11:45:00+01:00,84.8419551154942,81.0
2025-12-28 12:00:00+01:00,85.15204860204715,82.71
2025-12-28 12:15:00+01:00,82.92517788544363,78.74
2025-12-28 12:30:00+01:00,82.43895081823042,79.55
2025-12-28 12:45:00+01:00,81.01732437596866,79.09
2025-12-28 13:00:00+01:00,74.28216262845211,76.6
2025-12-28 13:15:00+01:00,72.54352261978252,77.72
2025-12-28 13:30:00+01:00,70.17155827348448,80.97
2025-12-28 13:45:00+01:00,71.59944996056666,84.81
2025-12-28 14:00:00+01:00,74.1657015687262,80.01
2025-12-28 14:15:00+01:00,79.00310321477889,82.02
2025-12-28 14:30:00+01:00,82.96277217629279,87.3
2025-12-28 14:45:00+01:00,85.2379425559864,97.38
2025-12-28 15:00:00+01:00,91.19920897038743,87.45
2025-12-28 15:15:00+01:00,94.92990140060198,96.11
2025-12-28 15:30:00+01:00,100.52619425020067,111.24
2025-12-28 15:45:00+01:00,107.73016603529933,108.68
2025-12-28 16:00:00+01:00,108.7315687847234,102.54
2025-12-28 16:15:00+01:00,116.46990800409357,111.0
2025-12-28 16:30:00+01:00,120.83666914898146,114.39
2025-12-28 16:45:00+01:00,128.9364434545474,115.6
2025-12-28 17:00:00+01:00,116.00985712319518,112.16
2025-12-28 17:15:00+01:00,122.43028639163958,114.66
2025-12-28 17:30:00+01:00,124.51129673660627,114.07
2025-12-28 17:45:00+01:00,126.16087646612598,113.92
2025-12-28 18:00:00+01:00,127.657007573455,120.51
2025-12-28 18:15:00+01:00,129.66479545308147,115.97
2025-12-28 18:30:00+01:00,125.90608689502248,113.56
2025-12-28 18:45:00+01:00,126.27479949173903,107.78
2025-12-28 19:00:00+01:00,123.18305590497762,114.25
2025-12-28 19:15:00+01:00,124.47741528301792,109.73
2025-12-28 19:30:00+01:00,118.84055818849703,107.59
2025-12-28 19:45:00+01:00,114.09490208012863,105.76
2025-12-28 20:00:00+01:00,118.46958633689903,108.44
2025-12-28 20:15:00+01:00,115.18645937467718,107.0
2025-12-28 20:30:00+01:00,103.23487634839964,103.66
2025-12-28 20:45:00+01:00,96.32831873030948,100.94
2025-12-28 21:00:00+01:00,103.25224708598778,101.08
2025-12-28 21:15:00+01:00,97.72979684323846,100.01
2025-12-28 21:30:00+01:00,90.28992266203839,99.04
2025-12-28 21:45:00+01:00,79.95330182639972,95.98
2025-12-28 22:00:00+01:00,107.08216106202903,100.01
2025-12-28 22:15:00+01:00,101.83315393340732,98.7
2025-12-28 22:30:00+01:00,97.34568317231181,98.22
2025-12-28 22:45:00+01:00,90.57323657880991,96.2
2025-12-28 23:00:00+01:00,99.54364925209964,97.74
2025-12-28 23:15:00+01:00,92.34165299334987,93.01
2025-12-28 23:30:00+01:00,89.77181888529788,85.71
2025-12-28 23:45:00+01:00,83.89990913392462,77.3
2025-12-29 00:00:00+01:00,91.5473019927251,100.75
2025-12-29 00:15:00+01:00,89.78824523086168,94.69
2025-12-29 00:30:00+01:00,86.04771940770694,85.01
2025-12-29 00:45:00+01:00,80.48959159069132,79.07
2025-12-29 01:00:00+01:00,88.79524065634703,89.99
2025-12-29 01:15:00+01:00,85.36018906306765,79.35
2025-12-29 01:30:00+01:00,83.19027236280105,84.6
2025-12-29 01:45:00+01:00,81.14110238963922,85.99
2025-12-29 02:00:00+01:00,85.96030208454128,89.89
2025-12-29 02:15:00+01:00,81.25638134488075,85.28
2025-12-29 02:30:00+01:00,80.88239901656098,81.48
2025-12-29 02:45:00+01:00,79.6990279622822,80.08
2025-12-29 03:00:00+01:00,82.09523035662669,84.38
2025-12-29 03:15:00+01:00,80.0784441897843,82.0
2025-12-29 03:30:00+01:00,80.55893380082624,81.05
2025-12-29 03:45:00+01:00,80.12049414646677,81.33
2025-12-29 04:00:00+01:00,79.31250677942226,80.95
2025-12-29 04:15:00+01:00,80.01164319093895,80.65
2025-12-29 04:30:00+01:00,82.21605144279559,84.79
2025-12-29 04:45:00+01:00,84.15647521029688,88.1
2025-12-29 05:00:00+01:00,82.71089782325853,84.67
2025-12-29 05:15:00+01:00,85.09747318419817,89.0
2025-12-29 05:30:00+01:00,88.09280646270662,92.0
2025-12-29 05:45:00+01:00,92.49586899810073,97.5
2025-12-29 06:00:00+01:00,95.24859783377367,87.64
2025-12-29 06:15:00+01:00,106.39955913238926,95.17
2025-12-29 06:30:00+01:00,110.36877317033067,97.3
2025-12-29 06:45:00+01:00,116.48476748158328,105.22
2025-12-29 07:00:00+01:00,121.06283896240245,96.63
2025-12-29 07:15:00+01:00,128.54411800057693,105.85
2025-12-29 07:30:00+01:00,134.98975401624037,106.62
2025-12-29 07:45:00+01:00,140.2795502122499,109.77
2025-12-29 08:00:00+01:00,142.05095328140365,119.18
2025-12-29 08:15:00+01:00,133.12034473289887,113.83
2025-12-29 08:30:00+01:00,133.53092803766242,112.5
2025-12-29 08:45:00+01:00,126.85784946575674,110.0
2025-12-29 09:00:00+01:00,144.8533136250188,120.05
2025-12-29 09:15:00+01:00,134.18488212394516,112.26
2025-12-29 09:30:00+01:00,128.9854916564587,109.29
2025-12-29 09:45:00+01:00,118.03468212782136,102.44
2025-12-29 10:00:00+01:00,130.8873699406968,107.33
2025-12-29 10:15:00+01:00,121.06196603464306,103.95
2025-12-29 10:30:00+01:00,111.81336626398362,94.9
2025-12-29 10:45:00+01:00,109.54111627863026,84.4
2025-12-29 11:00:00+01:00,119.53937520519875,94.06
2025-12-29 11:15:00+01:00,116.67817380528612,88.09
2025-12-29 11:30:00+01:00,115.45045099019418,91.23
2025-12-29 11:45:00+01:00,112.67737782202306,88.0
2025-12-29 12:00:00+01:00,113.73287573010292,87.45
2025-12-29 12:15:00+01:00,111.66939430678451,86.55
2025-12-29 12:30:00+01:00,111.64192376984825,88.06
2025-12-29 12:45:00+01:00,110.06336758268358,88.57
2025-12-29 13:00:00+01:00,110.75871717175565,87.05
2025-12-29 13:15:00+01:00,111.77644540041663,88.08
2025-12-29 13:30:00+01:00,110.73636012070206,87.73
2025-12-29 13:45:00+01:00,112.68187265661504,91.23
2025-12-29 14:00:00+01:00,117.1072326814963,90.38
2025-12-29 14:15:00+01:00,120.21674553806636,94.27
2025-12-29 14:30:00+01:00,127.07938296776419,97.34
2025-12-29 14:45:00+01:00,134.91000816547103,102.42
2025-12-29 15:00:00+01:00,120.40376049783646,94.51
2025-12-29 15:15:00+01:00,125.58354082175782,104.31
2025-12-29 15:30:00+01:00,133.54729962328778,108.8
2025-12-29 15:45:00+01:00,140.2886802641342,106.41
2025-12-29 16:00:00+01:00,110.80115343158528,105.7
2025-12-29 16:15:00+01:00,121.56276764741776,109.46
2025-12-29 16:30:00+01:00,125.47228534379593,112.48
2025-12-29 16:45:00+01:00,135.93596835257028,106.98
2025-12-29 17:00:00+01:00,124.80807579394101,107.27
2025-12-29 17:15:00+01:00,132.52131250816322,106.52
2025-12-29 17:30:00+01:00,129.63501783022215,107.92
2025-12-29 17:45:00+01:00,132.41317621434843,106.32
2025-12-29 18:00:00+01:00,130.4119119171619,106.44
2025-12-29 18:15:00+01:00,127.60623776738922,106.01
2025-12-29 18:30:00+01:00,122.19902780704915,100.56
2025-12-29 18:45:00+01:00,121.44770877919395,100.22
2025-12-29 19:00:00+01:00,127.86478659520473,105.12
2025-12-29 19:15:00+01:00,123.54252972317016,96.34
2025-12-29 19:30:00+01:00,123.63150503476052,89.51
2025-12-29 19:45:00+01:00,120.86677016057297,89.62
2025-12-29 20:00:00+01:00,118.0942235202265,97.21
2025-12-29 20:15:00+01:00,115.74444474206692,91.72
2025-12-29 20:30:00+01:00,111.51434017065904,88.17
2025-12-29 20:45:00+01:00,105.13520730842387,84.39
2025-12-29 21:00:00+01:00,97.04245276178872,84.61
2025-12-29 21:15:00+01:00,93.87427080302595,83.75
2025-12-29 21:30:00+01:00,89.94079698591493,84.6
2025-12-29 21:45:00+01:00,87.31435514636536,80.02
2025-12-29 22:00:00+01:00,96.48672610856372,90.03
2025-12-29 22:15:00+01:00,90.62988262063018,86.66
2025-12-29 22:30:00+01:00,91.33010103329454,88.64
2025-12-29 22:45:00+01:00,84.06340448241914,86.33
2025-12-29 23:00:00+01:00,88.46380169631227,90.29
2025-12-29 23:15:00+01:00,82.16576384263264,85.48
2025-12-29 23:30:00+01:00,78.74171559467763,83.62
2025-12-29 23:45:00+01:00,71.4089921294893,73.98
2025-12-30 00:00:00+01:00,86.21460659578192,87.0
2025-12-30 00:15:00+01:00,82.40545727964347,81.5
2025-12-30 00:30:00+01:00,81.26495624122893,73.24
2025-12-30 00:45:00+01:00,79.37471142643484,69.71
2025-12-30 01:00:00+01:00,82.69732330335812,76.66
2025-12-30 01:15:00+01:00,79.60959413153745,72.76
2025-12-30 01:30:00+01:00,78.58474819949271,71.95
2025-12-30 01:45:00+01:00,76.0480823259415,71.49
2025-12-30 02:00:00+01:00,76.36838423846368,73.89
2025-12-30 02:15:00+01:00,76.05681743828583,73.42
2025-12-30 02:30:00+01:00,76.73202638802229,70.41
2025-12-30 02:45:00+01:00,75.37981330798135,69.7
2025-12-30 03:00:00+01:00,76.83527300467236,70.63
2025-12-30 03:15:00+01:00,74.756153898913,69.4
2025-12-30 03:30:00+01:00,74.68992024462774,69.19
2025-12-30 03:45:00+01:00,75.42189957061922,68.21
2025-12-30 04:00:00+01:00,75.97052362296809,68.29
2025-12-30 04:15:00+01:00,76.73395084087484,67.91
2025-12-30 04:30:00+01:00,78.67881597797047,69.15
2025-12-30 04:45:00+01:00,80.56476021146752,68.8
2025-12-30 05:00:00+01:00,75.26183166984111,69.1
2025-12-30 05:15:00+01:00,78.98310904581142,72.09
2025-12-30 05:30:00+01:00,84.71682227708416,69.91
2025-12-30 05:45:00+01:00,89.27713600847194,76.86
2025-12-30 06:00:00+01:00,73.10258719024893,68.85
2025-12-30 06:15:00+01:00,87.41620255627983,78.25
2025-12-30 06:30:00+01:00,96.63006595332764,85.79
2025-12-30 06:45:00+01:00,110.826497450213,87.19
2025-12-30 07:00:00+01:00,102.65804091330581,79.59
2025-12-30 07:15:00+01:00,107.2311100516343,87.02
2025-12-30 07:30:00+01:00,113.67371581708267,93.26
2025-12-30 07:45:00+01:00,116.46159261011599,92.01
2025-12-30 08:00:00+01:00,120.14884912092596,93.18
2025-12-30 08:15:00+01:00,120.92185286189053,99.0
2025-12-30 08:30:00+01:00,119.87122325116457,95.35
2025-12-30 08:45:00+01:00,115.29012919361207,91.98
2025-12-30 09:00:00+01:00,118.19929839880336,104.6
2025-12-30 09:15:00+01:00,114.18122112282394,99.87
2025-12-30 09:30:00+01:00,106.04944974070325,93.55
2025-12-30 09:45:00+01:00,96.42339148215873,79.55
2025-12-30 10:00:00+01:00,113.91102411487805,96.73
2025-12-30 10:15:00+01:00,107.87672630197595,86.34
2025-12-30 10:30:00+01:00,102.27089482660861,81.14
2025-12-30 10:45:00+01:00,98.32653061099796,79.07
2025-12-30 11:00:00+01:00,107.76523469721255,81.4
2025-12-30 11:15:00+01:00,104.84254359277098,80.23
2025-12-30 11:30:00+01:00,104.43753886462326,79.0
2025-12-30 11:45:00+01:00,102.3824536250383,76.89
2025-12-30 12:00:00+01:00,105.38747037700993,78.97
2025-12-30 12:15:00+01:00,103.5891757685747,76.99
2025-12-30 12:30:00+01:00,104.20347179485682,76.11
2025-12-30 12:45:00+01:00,105.81591188604203,72.55
2025-12-30 13:00:00+01:00,94.84792374195715,72.83
2025-12-30 13:15:00+01:00,97.25163604281252,74.76
2025-12-30 13:30:00+01:00,97.82389803559846,74.89
2025-12-30 13:45:00+01:00,102.97306370314814,84.55
2025-12-30 14:00:00+01:00,93.03464739597044,71.54
2025-12-30 14:15:00+01:00,99.05406918281477,86.4
2025-12-30 14:30:00+01:00,108.04460910060904,93.54
2025-12-30 14:45:00+01:00,117.38265961648258,104.39
2025-12-30 15:00:00+01:00,123.12016288466627,90.16
2025-12-30 15:15:00+01:00,129.42262179931225,96.62
2025-12-30 15:30:00+01:00,132.95606509519803,110.52
2025-12-30 15:45:00+01:00,143.09304558861953,112.0
2025-12-30 16:00:00+01:00,126.72617894707044,100.66
2025-12-30 16:15:00+01:00,139.23905790102853,107.72
2025-12-30 16:30:00+01:00,144.6053495839879,108.09
2025-12-30 16:45:00+01:00,154.1130599166044,119.93
2025-12-30 17:00:00+01:00,138.44115660945752,108.96
2025-12-30 17:15:00+01:00,141.2674016005779,114.24
2025-12-30 17:30:00+01:00,145.14457032543288,109.72
2025-12-30 17:45:00+01:00,131.49976369984304,109.94
2025-12-30 18:00:00+01:00,136.1204327603643,115.28
2025-12-30 18:15:00+01:00,132.0022283640231,108.9
2025-12-30 18:30:00+01:00,134.97519911475018,106.05
2025-12-30 18:45:00+01:00,129.59255785545517,106.25
2025-12-30 19:00:00+01:00,137.71186333948674,106.9
2025-12-30 19:15:00+01:00,132.20528419960357,105.75
2025-12-30 19:30:00+01:00,127.69840314757398,105.03
2025-12-30 19:45:00+01:00,123.11997858322698,104.75
2025-12-30 20:00:00+01:00,134.9956449710447,104.97
2025-12-30 20:15:00+01:00,125.1749722919936,103.16
2025-12-30 20:30:00+01:00,114.80419455473408,100.92
2025-12-30 20:45:00+01:00,103.92651258100236,95.11
2025-12-30 21:00:00+01:00,112.56769590275115,101.83
2025-12-30 21:15:00+01:00,107.90257259423211,94.98
2025-12-30 21:30:00+01:00,102.51503720923755,90.06
2025-12-30 21:45:00+01:00,94.96954567653104,86.42
2025-12-30 22:00:00+01:00,110.79814601567153,101.49
2025-12-30 22:15:00+01:00,106.2208070445598,93.92
2025-12-30 22:30:00+01:00,102.98418611650574,89.48
2025-12-30 22:45:00+01:00,96.01651063104265,83.29
2025-12-30 23:00:00+01:00,99.68337320166289,94.86
2025-12-30 23:15:00+01:00,96.41015897149471,88.45
2025-12-30 23:30:00+01:00,93.35566228857505,82.19
2025-12-30 23:45:00+01:00,87.95068138181401,77.73
2025-12-31 00:00:00+01:00,91.16343687987701,77.73
2025-12-31 00:15:00+01:00,87.10109536089936,90.31
2025-12-31 00:30:00+01:00,81.45970118656709,86.19
2025-12-31 00:45:00+01:00,78.38077348198885,80.96
2025-12-31 01:00:00+01:00,85.65679710787194,90.11
2025-12-31 01:15:00+01:00,81.1396492043659,83.48
2025-12-31 01:30:00+01:00,78.87995917727177,82.67
2025-12-31 01:45:00+01:00,78.50962047851255,81.09
2025-12-31 02:00:00+01:00,80.09104350976273,83.54
2025-12-31 02:15:00+01:00,77.91869088110641,81.06
2025-12-31 02:30:00+01:00,77.45461814481469,79.25
2025-12-31 02:45:00+01:00,76.61469729062648,77.0
2025-12-31 03:00:00+01:00,75.20607755324973,80.0
2025-12-31 03:15:00+01:00,75.45697281555653,76.19
2025-12-31 03:30:00+01:00,75.40417145188346,75.03
2025-12-31 03:45:00+01:00,75.5811795573851,75.1
2025-12-31 04:00:00+01:00,73.44076603338827,74.41
2025-12-31 04:15:00+01:00,74.3161218731536,75.01
2025-12-31 04:30:00+01:00,75.7993746324782,74.71
2025-12-31 04:45:00+01:00,76.72816922724618,75.6
2025-12-31 05:00:00+01:00,60.16569221124985,75.05
2025-12-31 05:15:00+01:00,72.17229808213617,75.62
2025-12-31 05:30:00+01:00,77.30841226380372,78.1
2025-12-31 05:45:00+01:00,79.1696879229987,80.74
2025-12-31 06:00:00+01:00,58.57417081169159,77.82
2025-12-31 06:15:00+01:00,66.47287909173959,82.36
2025-12-31 06:30:00+01:00,75.96403646989393,82.83
2025-12-31 06:45:00+01:00,77.77538501173487,84.46
2025-12-31 07:00:00+01:00,73.73079418654547,79.56
2025-12-31 07:15:00+01:00,78.3096887563742,82.15
2025-12-31 07:30:00+01:00,83.24583197170969,87.17
2025-12-31 07:45:00+01:00,81.32701665980633,92.25
2025-12-31 08:00:00+01:00,98.722028847811,90.79
2025-12-31 08:15:00+01:00,98.33367020336664,98.39
2025-12-31 08:30:00+01:00,100.53129887994297,97.08
2025-12-31 08:45:00+01:00,95.0909297177717,96.91
2025-12-31 09:00:00+01:00,112.32197308422224,102.79
2025-12-31 09:15:00+01:00,106.91803004289893,99.8
2025-12-31 09:30:00+01:00,97.5470662892766,94.0
2025-12-31 09:45:00+01:00,90.80925577617211,84.75
2025-12-31 10:00:00+01:00,99.52607681505157,97.25
2025-12-31 10:15:00+01:00,94.64748844826664,89.82
2025-12-31 10:30:00+01:00,91.54815890586362,87.24
2025-12-31 10:45:00+01:00,90.9221633102567,82.74
2025-12-31 11:00:00+01:00,99.67528600320281,87.93
2025-12-31 11:15:00+01:00,98.12169972453262,83.93
2025-12-31 11:30:00+01:00,99.67379194584092,82.06
2025-12-31 11:45:00+01:00,100.66584348166191,80.0
2025-12-31 12:00:00+01:00,99.51022188789184,83.3
2025-12-31 12:15:00+01:00,98.12853765160568,82.0
2025-12-31 12:30:00+01:00,98.54687302467546,82.0
2025-12-31 12:45:00+01:00,98.41725591008844,84.89
2025-12-31 13:00:00+01:00,94.98843566521676,83.1
2025-12-31 13:15:00+01:00,94.72051662876922,84.14
2025-12-31 13:30:00+01:00,94.63023803689306,85.0
2025-12-31 13:45:00+01:00,101.41715971897065,88.44
2025-12-31 14:00:00+01:00,89.46445106009071,82.62
2025-12-31 14:15:00+01:00,95.05269034989314,85.39
2025-12-31 14:30:00+01:00,101.84908805956587,85.2
2025-12-31 14:45:00+01:00,106.07487539877914,87.5
2025-12-31 15:00:00+01:00,98.9294178409831,84.99
2025-12-31 15:15:00+01:00,103.2519831255457,89.76
2025-12-31 15:30:00+01:00,109.51735081498936,91.7
2025-12-31 15:45:00+01:00,111.66362328256568,96.88
2025-12-31 16:00:00+01:00,90.69925318937587,90.6
2025-12-31 16:15:00+01:00,98.38824065285175,100.66
2025-12-31 16:30:00+01:00,103.11219474629604,103.69
2025-12-31 16:45:00+01:00,106.17902660316875,107.87
2025-12-31 17:00:00+01:00,95.23956609350792,105.81
2025-12-31 17:15:00+01:00,103.59702582896819,106.33
2025-12-31 17:30:00+01:00,105.37545611549136,109.02
2025-12-31 17:45:00+01:00,104.22869615699467,119.24
2025-12-31 18:00:00+01:00,103.28726906435088,110.11
2025-12-31 18:15:00+01:00,103.02026339085334,112.85
2025-12-31 18:30:00+01:00,103.85821964549417,105.65
2025-12-31 18:45:00+01:00,101.1440284992881,101.5
2025-12-31 19:00:00+01:00,85.11263870808976,100.83
2025-12-31 19:15:00+01:00,75.76982093548341,94.67
2025-12-31 19:30:00+01:00,69.18247970672957,97.87
2025-12-31 19:45:00+01:00,65.11391611984276,90.59
2025-12-31 20:00:00+01:00,69.05327788421067,96.22
2025-12-31 20:15:00+01:00,67.0284707891068,88.39
2025-12-31 20:30:00+01:00,59.75904396950298,84.27
2025-12-31 20:45:00+01:00,56.48676381437454,78.33
2025-12-31 21:00:00+01:00,64.21100772439141,89.07
2025-12-31 21:15:00+01:00,62.139069630641764,83.71
2025-12-31 21:30:00+01:00,60.26913452694824,76.72
2025-12-31 21:45:00+01:00,50.668540427528754,69.69
2025-12-31 22:00:00+01:00,82.42686636439399,87.95
2025-12-31 22:15:00+01:00,74.65180545704763,81.37
2025-12-31 22:30:00+01:00,69.85957985241936,82.47
2025-12-31 22:45:00+01:00,57.73716349738447,73.77
2025-12-31 23:00:00+01:00,78.58298845808419,86.3
2025-12-31 23:15:00+01:00,71.58560922886495,76.48
2025-12-31 23:30:00+01:00,65.46545677464746,75.75
2025-12-31 23:45:00+01:00,56.82150163270964,67.26
2026-01-01 00:00:00+01:00,74.25987475901066,63.64
2026-01-01 00:15:00+01:00,72.08092039045994,61.48
2026-01-01 00:30:00+01:00,64.63249811555161,58.0
2026-01-01 00:45:00+01:00,61.25848679856773,49.99
2026-01-01 01:00:00+01:00,67.93689324822451,60.01
2026-01-01 01:15:00+01:00,63.86365831196922,48.9
2026-01-01 01:30:00+01:00,60.06830179178396,36.74
2026-01-01 01:45:00+01:00,56.821520989628816,23.93
2026-01-01 02:00:00+01:00,59.82650604103884,36.01
2026-01-01 02:15:00+01:00,55.14369521514969,19.92
2026-01-01 02:30:00+01:00,52.6390622637028,14.99
2026-01-01 02:45:00+01:00,51.06717545758851,7.36
2026-01-01 03:00:00+01:00,40.2972089648801,10.08
2026-01-01 03:15:00+01:00,42.43852672267785,6.69
2026-01-01 03:30:00+01:00,40.30627720517623,4.5
2026-01-01 03:45:00+01:00,38.347013335353836,3.87
2026-01-01 04:00:00+01:00,33.579832995103274,4.5
2026-01-01 04:15:00+01:00,33.75429154707624,4.29
2026-01-01 04:30:00+01:00,36.989469264080505,3.48
2026-01-01 04:45:00+01:00,36.12734313052924,0.1
2026-01-01 05:00:00+01:00,-31.810168805959947,3.05
2026-01-01 05:15:00+01:00,-4.714157230220167,0.1
2026-01-01 05:30:00+01:00,7.253404704221865,0.1
2026-01-01 05:45:00+01:00,-3.917101621710998,0.07
2026-01-01 06:00:00+01:00,-38.77241055805757,0.01
2026-01-01 06:15:00+01:00,-53.453934765422645,0.1
2026-01-01 06:30:00+01:00,-54.42572552703987,0.1
2026-01-01 06:45:00+01:00,-50.79917616226629,0.0
2026-01-01 07:00:00+01:00,-86.60841597707744,0.09
2026-01-01 07:15:00+01:00,-117.83352569535238,0.01
2026-01-01 07:30:00+01:00,-103.61080740627426,0.0
2026-01-01 07:45:00+01:00,-92.84864483934885,0.0
2026-01-01 08:00:00+01:00,-18.34439396368701,0.04
2026-01-01 08:15:00+01:00,-14.349606247678679,0.1
2026-01-01 08:30:00+01:00,-14.333248716135472,0.09
2026-01-01 08:45:00+01:00,-8.971074929587132,0.0
2026-01-01 09:00:00+01:00,44.045231805574986,0.0
2026-01-01 09:15:00+01:00,39.67140545603829,0.0
2026-01-01 09:30:00+01:00,27.144567774703397,0.0
2026-01-01 09:45:00+01:00,11.033004682869034,0.0
2026-01-01 10:00:00+01:00,36.56180067600267,0.0
2026-01-01 10:15:00+01:00,30.821600876596968,0.0
2026-01-01 10:30:00+01:00,27.907455697114493,0.0
2026-01-01 10:45:00+01:00,25.381742316505026,-0.01
2026-01-01 11:00:00+01:00,41.21263612305012,0.0
2026-01-01 11:15:00+01:00,40.62147256170718,0.0
2026-01-01 11:30:00+01:00,40.21278386503108,0.0
2026-01-01 11:45:00+01:00,39.24099867543448,-0.01
2026-01-01 12:00:00+01:00,36.19111248872903,-0.01
2026-01-01 12:15:00+01:00,34.33267922736962,-0.01
2026-01-01 12:30:00+01:00,35.06864139040832,-0.01
2026-01-01 12:45:00+01:00,34.07942884160843,-0.01
2026-01-01 13:00:00+01:00,30.79971044905284,-0.01
2026-01-01 13:15:00+01:00,31.755652923017443,-0.01
2026-01-01 13:30:00+01:00,32.79308927128324,-0.01
2026-01-01 13:45:00+01:00,35.83943245421581,0.0
2026-01-01 14:00:00+01:00,26.786171061035933,-0.01
2026-01-01 14:15:00+01:00,26.550997692952112,0.0
2026-01-01 14:30:00+01:00,32.74661543594304,0.0
2026-01-01 14:45:00+01:00,36.71828645552155,0.08
2026-01-01 15:00:00+01:00,32.57634627937815,0.1
2026-01-01 15:15:00+01:00,39.75545023825646,0.1
2026-01-01 15:30:00+01:00,41.53409727032735,3.85
2026-01-01 15:45:00+01:00,40.87518600684213,9.99
2026-01-01 16:00:00+01:00,36.31777056944658,4.51
2026-01-01 16:15:00+01:00,40.4126322939926,10.0
2026-01-01 16:30:00+01:00,38.82281815098376,12.42
2026-01-01 16:45:00+01:00,45.51970474181952,14.45
2026-01-01 17:00:00+01:00,41.49808496828309,20.08
2026-01-01 17:15:00+01:00,40.413096782938716,14.99
2026-01-01 17:30:00+01:00,39.251195892818444,32.08
2026-01-01 17:45:00+01:00,53.76914867896042,20.03
2026-01-01 18:00:00+01:00,44.22391221033797,27.76
2026-01-01 18:15:00+01:00,24.54101679339317,30.0
2026-01-01 18:30:00+01:00,30.77111022794024,22.17
2026-01-01 18:45:00+01:00,31.4228702581906,12.58
2026-01-01 19:00:00+01:00,-34.237331009666505,28.96
2026-01-01 19:15:00+01:00,-44.76275860725222,18.27
2026-01-01 19:30:00+01:00,-18.227260601440946,12.58
2026-01-01 19:45:00+01:00,-18.30451991830921,12.56
2026-01-01 20:00:00+01:00,-107.11121404060717,12.53
2026-01-01 20:15:00+01:00,-86.6406843800074,10.05
2026-01-01 20:30:00+01:00,-91.78800063089994,10.08
2026-01-01 20:45:00+01:00,-70.10292829496095,7.51
2026-01-01 21:00:00+01:00,-86.60567107706821,10.01
2026-01-01 21:15:00+01:00,-51.277514444382405,10.1
2026-01-01 21:30:00+01:00,-35.77323443562446,9.86
2026-01-01 21:45:00+01:00,-30.054414285608118,5.83
2026-01-01 22:00:00+01:00,30.938468808401907,15.28
2026-01-01 22:15:00+01:00,16.049470887885903,9.61
2026-01-01 22:30:00+01:00,17.455238048337947,4.5
2026-01-01 22:45:00+01:00,8.4211259502909,0.1
2026-01-01 23:00:00+01:00,29.31008223514816,1.14
2026-01-01 23:15:00+01:00,17.434876206251715,0.0
2026-01-01 23:30:00+01:00,18.839326539991603,0.0
2026-01-01 23:45:00+01:00,9.024522018375706,0.0
2026-01-02 00:00:00+01:00,-41.54859226922741,13.75
2026-01-02 00:15:00+01:00,-31.30000841261881,11.87
2026-01-02 00:30:00+01:00,-29.751090149184776,10.58
2026-01-02 00:45:00+01:00,-29.67762723703268,2.52
2026-01-02 01:00:00+01:00,-51.6567898185089,6.64
2026-01-02 01:15:00+01:00,-53.461368086960334,3.92
2026-01-02 01:30:00+01:00,-41.67748524840468,1.38
2026-01-02 01:45:00+01:00,-36.23448677123291,0.1
2026-01-02 02:00:00+01:00,-44.0425728211942,4.51
2026-01-02 02:15:00+01:00,-31.63906216336477,2.58
2026-01-02 02:30:00+01:00,-32.492227342955786,0.1
2026-01-02 02:45:00+01:00,-40.63604007910564,0.04
2026-01-02 03:00:00+01:00,-40.212522570874924,0.83
2026-01-02 03:15:00+01:00,-49.96008346360645,0.1
2026-01-02 03:30:00+01:00,-63.835393978689865,0.05
2026-01-02 03:45:00+01:00,-55.41727992421511,0.0
2026-01-02 04:00:00+01:00,-20.459203435303834,0.1
2026-01-02 04:15:00+01:00,-18.026921424077884,0.1
2026-01-02 04:30:00+01:00,-25.39856943906277,2.06
2026-01-02 04:45:00+01:00,-20.9324783859812,4.64
2026-01-02 05:00:00+01:00,-40.48504870334375,4.99
2026-01-02 05:15:00+01:00,-20.759910913967516,9.8
2026-01-02 05:30:00+01:00,-12.602477351094493,11.41
2026-01-02 05:45:00+01:00,-7.706987387927569,21.79
2026-01-02 06:00:00+01:00,-12.943489403033695,5.54
2026-01-02 06:15:00+01:00,18.626998587322788,17.16
2026-01-02 06:30:00+01:00,24.087958654556957,25.72
2026-01-02 06:45:00+01:00,31.9821744717882,38.76
2026-01-02 07:00:00+01:00,39.0127920221982,32.93
2026-01-02 07:15:00+01:00,38.43173181827312,44.26
2026-01-02 07:30:00+01:00,54.2717269281954,59.99
2026-01-02 07:45:00+01:00,55.80481755252394,66.68
2026-01-02 08:00:00+01:00,58.38543206494393,66.33
2026-01-02 08:15:00+01:00,74.48241608769762,68.58
2026-01-02 08:30:00+01:00,70.13187426234857,69.93
2026-01-02 08:45:00+01:00,67.32362115978623,70.63
2026-01-02 09:00:00+01:00,76.0292347721056,70.51
2026-01-02 09:15:00+01:00,74.19458841561381,70.5
2026-01-02 09:30:00+01:00,71.15087821631639,71.63
2026-01-02 09:45:00+01:00,63.657068550198524,72.15
2026-01-02 10:00:00+01:00,66.60982809294656,62.59
2026-01-02 10:15:00+01:00,68.67043305111545,58.53
2026-01-02 10:30:00+01:00,66.65030382139784,55.35
2026-01-02 10:45:00+01:00,60.35480938176916,55.08
2026-01-02 11:00:00+01:00,55.02754297223067,53.87
2026-01-02 11:15:00+01:00,56.601480691439875,57.71
2026-01-02 11:30:00+01:00,56.39066052079258,57.35
2026-01-02 11:45:00+01:00,58.17283130449149,54.78
2026-01-02 12:00:00+01:00,52.26645238269721,54.82
2026-01-02 12:15:00+01:00,53.70321383976656,57.5
2026-01-02 12:30:00+01:00,55.30386640934965,60.0
2026-01-02 12:45:00+01:00,57.94409712478591,59.69
2026-01-02 13:00:00+01:00,54.370043803406816,68.6
2026-01-02 13:15:00+01:00,56.43518351733781,65.84
2026-01-02 13:30:00+01:00,58.45144928318659,64.71
2026-01-02 13:45:00+01:00,59.300373387942614,68.64
2026-01-02 14:00:00+01:00,61.532925757051046,65.51
2026-01-02 14:15:00+01:00,62.483699395283026,71.01
2026-01-02 14:30:00+01:00,63.84524929210208,70.01
2026-01-02 14:45:00+01:00,64.21242735796652,73.95
2026-01-02 15:00:00+01:00,64.76295083379495,69.63
2026-01-02 15:15:00+01:00,68.91650971967994,76.93
2026-01-02 15:30:00+01:00,73.87876738391714,81.04
2026-01-02 15:45:00+01:00,73.92327891847843,82.38
2026-01-02 16:00:00+01:00,68.11770777373175,74.28
2026-01-02 16:15:00+01:00,74.5208274945082,81.85
2026-01-02 16:30:00+01:00,73.18992910675638,85.79
2026-01-02 16:45:00+01:00,79.57185635184284,87.9
2026-01-02 17:00:00+01:00,80.11005925387727,83.84
2026-01-02 17:15:00+01:00,81.34262605048352,85.94
2026-01-02 17:30:00+01:00,87.45637437718679,85.98
2026-01-02 17:45:00+01:00,72.7877147630345,85.98
2026-01-02 18:00:00+01:00,87.29537742963056,87.98
2026-01-02 18:15:00+01:00,87.1072075932432,87.96
2026-01-02 18:30:00+01:00,76.27133822066986,89.44
2026-01-02 18:45:00+01:00,71.32395921125858,87.99
2026-01-02 19:00:00+01:00,78.63292219738166,89.95
2026-01-02 19:15:00+01:00,67.01126458201236,89.9
2026-01-02 19:30:00+01:00,74.63482187470548,88.01
2026-01-02 19:45:00+01:00,67.72831474234923,86.43
2026-01-02 20:00:00+01:00,83.54993944582507,94.95
2026-01-02 20:15:00+01:00,74.70478941786914,89.83
2026-01-02 20:30:00+01:00,68.30610289901041,86.65
2026-01-02 20:45:00+01:00,55.78223889124074,85.18
2026-01-02 21:00:00+01:00,86.69699651408132,84.84
2026-01-02 21:15:00+01:00,85.05302817013465,84.41
2026-01-02 21:30:00+01:00,74.4698424378616,84.13
2026-01-02 21:45:00+01:00,67.3662586905912,80.69
2026-01-02 22:00:00+01:00,84.59969339882416,87.25
2026-01-02 22:15:00+01:00,81.8206578012371,84.19
2026-01-02 22:30:00+01:00,79.87568121313103,86.52
2026-01-02 22:45:00+01:00,73.2479608202677,84.41
2026-01-02 23:00:00+01:00,77.3687137209965,83.65
2026-01-02 23:15:00+01:00,72.0084943770852,82.99
2026-01-02 23:30:00+01:00,69.77757337201814,81.72
2026-01-02 23:45:00+01:00,61.31329205343525,78.97
2026-01-03 00:00:00+01:00,71.6194228309602,84.34
2026-01-03 00:15:00+01:00,73.41454366136483,82.79
2026-01-03 00:30:00+01:00,72.0548736090837,78.69
2026-01-03 00:45:00+01:00,71.22129154971492,74.84
2026-01-03 01:00:00+01:00,69.91421115547374,80.9
2026-01-03 01:15:00+01:00,70.53175369195648,77.99
2026-01-03 01:30:00+01:00,70.4534403730713,77.54
2026-01-03 01:45:00+01:00,68.44310272902298,76.89
2026-01-03 02:00:00+01:00,69.58376796633586,77.96
2026-01-03 02:15:00+01:00,68.85495659286437,76.39
2026-01-03 02:30:00+01:00,70.78129641402091,75.24
2026-01-03 02:45:00+01:00,69.74836527552424,73.69
2026-01-03 03:00:00+01:00,69.73254282999775,76.49
2026-01-03 03:15:00+01:00,70.30258458340252,75.16
2026-01-03 03:30:00+01:00,70.34878464586782,74.01
2026-01-03 03:45:00+01:00,71.43911528964294,73.62
2026-01-03 04:00:00+01:00,62.76527752809781,73.18
2026-01-03 04:15:00+01:00,63.00397225412264,72.93
2026-01-03 04:30:00+01:00,72.09064609669085,73.06
2026-01-03 04:45:00+01:00,62.97037337554025,72.92
2026-01-03 05:00:00+01:00,56.23715308731985,73.95
2026-01-03 05:15:00+01:00,56.504309628292376,73.82
2026-01-03 05:30:00+01:00,59.77186508326755,75.3
2026-01-03 05:45:00+01:00,60.53538901669527,76.89
2026-01-03 06:00:00+01:00,26.135395314986425,72.55
2026-01-03 06:15:00+01:00,43.37809587268794,74.5
2026-01-03 06:30:00+01:00,51.16254667884796,77.03
2026-01-03 06:45:00+01:00,62.448914913653205,79.56
2026-01-03 07:00:00+01:00,40.35668604792551,78.56
2026-01-03 07:15:00+01:00,39.10714145957195,76.83
2026-01-03 07:30:00+01:00,65.94021416701204,79.59
2026-01-03 07:45:00+01:00,71.59828727815085,82.27
2026-01-03 08:00:00+01:00,79.21856793776377,87.85
2026-01-03 08:15:00+01:00,87.19268144860116,90.35
2026-01-03 08:30:00+01:00,85.48737635815817,91.91
2026-01-03 08:45:00+01:00,88.20593998520916,92.65
2026-01-03 09:00:00+01:00,88.14524920634155,95.35
2026-01-03 09:15:00+01:00,91.64172994819324,95.63
2026-01-03 09:30:00+01:00,88.92937823150118,94.34
2026-01-03 09:45:00+01:00,83.27154444973947,91.04
2026-01-03 10:00:00+01:00,85.98416445674994,98.94
2026-01-03 10:15:00+01:00,78.35864962532277,95.0
2026-01-03 10:30:00+01:00,76.72840676178325,91.45
2026-01-03 10:45:00+01:00,74.32487595331408,87.85
2026-01-03 11:00:00+01:00,71.85473433799056,91.95
2026-01-03 11:15:00+01:00,71.30989703856953,89.0
2026-01-03 11:30:00+01:00,72.32142308561882,87.85
2026-01-03 11:45:00+01:00,75.31138271613442,86.03
2026-01-03 12:00:00+01:00,63.94943637422839,87.85
2026-01-03 12:15:00+01:00,63.937222658281705,87.06
2026-01-03 12:30:00+01:00,65.07001141230887,87.16
2026-01-03 12:45:00+01:00,66.7783393225115,87.58
2026-01-03 13:00:00+01:00,54.513638070431206,85.85
2026-01-03 13:15:00+01:00,54.08733716670025,85.55
2026-01-03 13:30:00+01:00,54.034639217768515,86.03
2026-01-03 13:45:00+01:00,57.629910413090585,88.99
2026-01-03 14:00:00+01:00,57.13884542492628,85.11
2026-01-03 14:15:00+01:00,61.08088555858682,88.15
2026-01-03 14:30:00+01:00,66.39379681143802,90.7
2026-01-03 14:45:00+01:00,75.29081674139195,94.77
2026-01-03 15:00:00+01:00,57.505859856417324,90.0
2026-01-03 15:15:00+01:00,72.50372476653672,94.01
2026-01-03 15:30:00+01:00,77.48315775424471,96.68
2026-01-03 15:45:00+01:00,79.6761540487839,97.71
2026-01-03 16:00:00+01:00,73.71557203918256,94.78
2026-01-03 16:15:00+01:00,84.92003909684098,99.39
2026-01-03 16:30:00+01:00,85.38970842329985,100.98
2026-01-03 16:45:00+01:00,90.60210731488266,104.37
2026-01-03 17:00:00+01:00,83.68454017635264,105.95
2026-01-03 17:15:00+01:00,91.04270654798152,109.99
2026-01-03 17:30:00+01:00,93.88694975666914,111.01
2026-01-03 17:45:00+01:00,94.98163355877838,111.91
2026-01-03 18:00:00+01:00,92.35909171776733,112.8
2026-01-03 18:15:00+01:00,91.45418337919835,111.01
2026-01-03 18:30:00+01:00,96.93183985573268,110.0
2026-01-03 18:45:00+01:00,90.38426785922579,109.49
2026-01-03 19:00:00+01:00,81.02228825380452,111.01
2026-01-03 19:15:00+01:00,87.08097947359465,105.92
2026-01-03 19:30:00+01:00,86.03542388084885,102.53
2026-01-03 19:45:00+01:00,83.36584789358864,99.58
2026-01-03 20:00:00+01:00,80.95183450754524,99.28
2026-01-03 20:15:00+01:00,75.09415165618616,99.03
2026-01-03 20:30:00+01:00,61.755121883417345,97.84
2026-01-03 20:45:00+01:00,56.19552863514262,94.35
2026-01-03 21:00:00+01:00,77.88481380999713,95.79
2026-01-03 21:15:00+01:00,80.25518676030401,92.02
2026-01-03 21:30:00+01:00,80.59358269305251,91.18
2026-01-03 21:45:00+01:00,67.03557937279808,85.48
2026-01-03 22:00:00+01:00,89.12132752918673,94.04
2026-01-03 22:15:00+01:00,83.95004196612196,90.99
2026-01-03 22:30:00+01:00,84.36057011397902,90.83
2026-01-03 22:45:00+01:00,75.11857174644692,86.99
2026-01-03 23:00:00+01:00,82.02558318209572,91.44
2026-01-03 23:15:00+01:00,81.84730536234446,86.48
2026-01-03 23:30:00+01:00,79.94642272944202,84.8
2026-01-03 23:45:00+01:00,75.90221324369185,81.34
2026-01-04 00:00:00+01:00,82.20469717735872,94.01
2026-01-04 00:15:00+01:00,80.05457276938559,89.42
2026-01-04 00:30:00+01:00,78.37916692661675,87.78
2026-01-04 00:45:00+01:00,77.11706411612964,84.08
2026-01-04 01:00:00+01:00,78.51066820684795,87.72
2026-01-04 01:15:00+01:00,76.30553500101995,85.43
2026-01-04 01:30:00+01:00,76.28296407152772,84.24
2026-01-04 01:45:00+01:00,74.87288405810354,83.93
2026-01-04 02:00:00+01:00,73.36853425374494,87.13
2026-01-04 02:15:00+01:00,72.22109575839677,84.85
2026-01-04 02:30:00+01:00,72.35393995790994,84.18
2026-01-04 02:45:00+01:00,72.15286848824653,84.01
2026-01-04 03:00:00+01:00,71.42158358000077,84.6
2026-01-04 03:15:00+01:00,71.6777045392989,83.87
2026-01-04 03:30:00+01:00,71.4063519678186,83.43
2026-01-04 03:45:00+01:00,70.64452593431963,83.05
2026-01-04 04:00:00+01:00,70.43851843756636,82.6
2026-01-04 04:15:00+01:00,71.00739906723868,82.19
2026-01-04 04:30:00+01:00,72.96895044464226,82.41
2026-01-04 04:45:00+01:00,73.2157159468277,83.03
2026-01-04 05:00:00+01:00,68.82838201326638,82.51
2026-01-04 05:15:00+01:00,72.21089944849692,83.18
2026-01-04 05:30:00+01:00,76.49413302521873,84.01
2026-01-04 05:45:00+01:00,77.89001018664665,83.93
2026-01-04 06:00:00+01:00,54.17837599572686,82.71
2026-01-04 06:15:00+01:00,67.80433351246458,83.99
2026-01-04 06:30:00+01:00,73.7105357442714,83.69
2026-01-04 06:45:00+01:00,82.47077032046853,84.79
2026-01-04 07:00:00+01:00,74.75175151872453,84.46
2026-01-04 07:15:00+01:00,76.59438317315383,84.47
2026-01-04 07:30:00+01:00,77.67408225840052,86.9
2026-01-04 07:45:00+01:00,81.63804124785705,90.1
2026-01-04 08:00:00+01:00,95.02105285111716,86.51
2026-01-04 08:15:00+01:00,95.26913934387711,87.54
2026-01-04 08:30:00+01:00,98.28714039548906,88.85
2026-01-04 08:45:00+01:00,94.01240129720682,89.59
2026-01-04 09:00:00+01:00,105.02181839513699,94.02
2026-01-04 09:15:00+01:00,104.44519654385809,96.0
2026-01-04 09:30:00+01:00,100.08826079664486,95.99
2026-01-04 09:45:00+01:00,97.8755271662387,91.19
2026-01-04 10:00:00+01:00,96.28642992959058,103.94
2026-01-04 10:15:00+01:00,92.56720230852584,97.19
2026-01-04 10:30:00+01:00,90.35509122757382,90.92
2026-01-04 10:45:00+01:00,88.15440509604552,86.97
2026-01-04 11:00:00+01:00,81.33693577161327,93.85
2026-01-04 11:15:00+01:00,81.73522683589343,89.99
2026-01-04 11:30:00+01:00,81.54144964969966,89.96
2026-01-04 11:45:00+01:00,83.5731152351727,89.71
2026-01-04 12:00:00+01:00,74.96872449656661,91.3
2026-01-04 12:15:00+01:00,74.83425910514309,89.7
2026-01-04 12:30:00+01:00,75.73875722354278,89.94
2026-01-04 12:45:00+01:00,77.26962512439854,87.23
2026-01-04 13:00:00+01:00,71.48398935369131,86.2
2026-01-04 13:15:00+01:00,71.09677666840625,85.27
2026-01-04 13:30:00+01:00,71.13199727934594,86.19
2026-01-04 13:45:00+01:00,74.5146230837818,89.45
2026-01-04 14:00:00+01:00,74.61202636960138,83.5
2026-01-04 14:15:00+01:00,79.80106808394224,89.51
2026-01-04 14:30:00+01:00,83.81105457545607,95.8
2026-01-04 14:45:00+01:00,86.7431023538797,101.89
2026-01-04 15:00:00+01:00,94.76028371534332,83.71
2026-01-04 15:15:00+01:00,99.16241328040618,90.62
2026-01-04 15:30:00+01:00,103.07698775442863,95.88
2026-01-04 15:45:00+01:00,108.37389410599643,102.58
2026-01-04 16:00:00+01:00,120.09118884687115,87.61
2026-01-04 16:15:00+01:00,135.51121441291457,99.08
2026-01-04 16:30:00+01:00,130.6220737283304,103.39
2026-01-04 16:45:00+01:00,119.2125013110925,112.29
2026-01-04 17:00:00+01:00,121.92366794973263,113.99
2026-01-04 17:15:00+01:00,123.80393696908224,119.02
2026-01-04 17:30:00+01:00,125.34970641393642,117.5
2026-01-04 17:45:00+01:00,110.85296960895322,123.19
2026-01-04 18:00:00+01:00,135.4031073291906,121.0
2026-01-04 18:15:00+01:00,120.7279430142987,120.93
2026-01-04 18:30:00+01:00,120.48168919458513,119.49
2026-01-04 18:45:00+01:00,110.71074339976389,123.3
2026-01-04 19:00:00+01:00,128.925023591938,123.5
2026-01-04 19:15:00+01:00,124.15930221644234,120.92
2026-01-04 19:30:00+01:00,119.74329881281287,119.38
2026-01-04 19:45:00+01:00,117.9125580470694,115.06
2026-01-04 20:00:00+01:00,121.77338427029612,121.3
2026-01-04 20:15:00+01:00,117.71097356928566,115.33
2026-01-04 20:30:00+01:00,119.18192064885426,110.0
2026-01-04 20:45:00+01:00,114.22777351498934,103.17
2026-01-04 21:00:00+01:00,107.4225299668512,106.87
2026-01-04 21:15:00+01:00,109.96669649359245,101.72
2026-01-04 21:30:00+01:00,109.55613559654861,97.57
2026-01-04 21:45:00+01:00,108.06869933893014,92.64
2026-01-04 22:00:00+01:00,108.12953187030365,98.04
2026-01-04 22:15:00+01:00,104.29887995909809,96.51
2026-01-04 22:30:00+01:00,103.74399947677229,97.83
2026-01-04 22:45:00+01:00,101.87031407632684,90.68
2026-01-04 23:00:00+01:00,100.29999130133335,97.61
2026-01-04 23:15:00+01:00,95.3686544038111,89.73
2026-01-04 23:30:00+01:00,90.99963011106563,86.33
2026-01-04 23:45:00+01:00,86.92566554823786,83.17
2026-01-05 00:00:00+01:00,89.30481358182864,107.81
2026-01-05 00:15:00+01:00,84.73158771603146,91.48
2026-01-05 00:30:00+01:00,81.58897333466662,87.94
2026-01-05 00:45:00+01:00,80.80076845459863,82.58
2026-01-05 01:00:00+01:00,83.86820813375601,92.96
2026-01-05 01:15:00+01:00,81.03293739380187,90.0
2026-01-05 01:30:00+01:00,78.97941957760106,86.74
2026-01-05 01:45:00+01:00,77.61101420985023,85.69
2026-01-05 02:00:00+01:00,79.41336048215959,87.21
2026-01-05 02:15:00+01:00,77.41375196034204,86.61
2026-01-05 02:30:00+01:00,76.94280057516022,86.93
2026-01-05 02:45:00+01:00,76.99272011591279,85.28
2026-01-05 03:00:00+01:00,79.11118119301456,86.36
2026-01-05 03:15:00+01:00,77.18035869845,85.97
2026-01-05 03:30:00+01:00,76.53863043806265,85.74
2026-01-05 03:45:00+01:00,76.24006095896954,87.18
2026-01-05 04:00:00+01:00,79.8856884573907,86.25
2026-01-05 04:15:00+01:00,80.4964389957121,86.73
2026-01-05 04:30:00+01:00,81.54277674241055,87.01
2026-01-05 04:45:00+01:00,82.87198785014414,89.99
2026-01-05 05:00:00+01:00,81.97955613229169,87.46
2026-01-05 05:15:00+01:00,83.226009652785,88.35
2026-01-05 05:30:00+01:00,85.73164222172764,89.11
2026-01-05 05:45:00+01:00,87.77361821304738,98.51
2026-01-05 06:00:00+01:00,82.61365821890442,87.38
2026-01-05 06:15:00+01:00,89.41416716044904,104.9
2026-01-05 06:30:00+01:00,94.11061884269256,118.71
2026-01-05 06:45:00+01:00,97.07622945532506,125.1
2026-01-05 07:00:00+01:00,101.33772437694587,114.46
2026-01-05 07:15:00+01:00,101.98213879223422,120.92
2026-01-05 07:30:00+01:00,107.92173183549363,132.96
2026-01-05 07:45:00+01:00,115.0812443367932,148.91
2026-01-05 08:00:00+01:00,119.43301879363688,145.35
2026-01-05 08:15:00+01:00,119.96598093849339,156.49
2026-01-05 08:30:00+01:00,124.66315009527996,148.97
2026-01-05 08:45:00+01:00,121.95410027154703,153.89
2026-01-05 09:00:00+01:00,122.03240153096398,162.99
2026-01-05 09:15:00+01:00,123.76131165168769,161.49
2026-01-05 09:30:00+01:00,120.10603218053245,147.22
2026-01-05 09:45:00+01:00,114.21996881381229,136.9
2026-01-05 10:00:00+01:00,122.43411439790313,162.46
2026-01-05 10:15:00+01:00,117.66340060310665,145.86
2026-01-05 10:30:00+01:00,111.59738420414023,139.99
2026-01-05 10:45:00+01:00,106.73506591915627,134.2
2026-01-05 11:00:00+01:00,117.18859790443351,139.9
2026-01-05 11:15:00+01:00,116.50218548126281,136.33
2026-01-05 11:30:00+01:00,115.8497541777688,135.99
2026-01-05 11:45:00+01:00,116.45150324341871,134.06
2026-01-05 12:00:00+01:00,116.86730027257332,134.4
2026-01-05 12:15:00+01:00,114.75749250212974,132.97
2026-01-05 12:30:00+01:00,115.71816180800425,133.84
2026-01-05 12:45:00+01:00,116.86984101674713,136.0
2026-01-05 13:00:00+01:00,120.07738779922784,131.59
2026-01-05 13:15:00+01:00,120.80979658474178,131.33
2026-01-05 13:30:00+01:00,121.94558171386026,135.52
2026-01-05 13:45:00+01:00,129.48698244812024,138.77
2026-01-05 14:00:00+01:00,118.452811389185,128.2
2026-01-05 14:15:00+01:00,125.06225128263402,131.22
2026-01-05 14:30:00+01:00,131.22095748351364,139.9
2026-01-05 14:45:00+01:00,137.69027049656398,161.28
2026-01-05 15:00:00+01:00,120.20559186673589,133.09
2026-01-05 15:15:00+01:00,131.81831913220373,140.02
2026-01-05 15:30:00+01:00,135.96941471630745,166.43
2026-01-05 15:45:00+01:00,145.35971860077325,156.42
2026-01-05 16:00:00+01:00,128.55027963904445,164.87
2026-01-05 16:15:00+01:00,135.898242679438,166.06
2026-01-05 16:30:00+01:00,154.00405248259392,193.19
2026-01-05 16:45:00+01:00,161.17361487467417,198.71
2026-01-05 17:00:00+01:00,156.09021039672297,198.13
2026-01-05 17:15:00+01:00,161.631365203402,208.0
2026-01-05 17:30:00+01:00,161.56329259333444,244.39
2026-01-05 17:45:00+01:00,149.13681282609383,243.18
2026-01-05 18:00:00+01:00,160.4142407426038,219.44
2026-01-05 18:15:00+01:00,149.0856439301975,216.52
2026-01-05 18:30:00+01:00,142.2195874043667,217.38
2026-01-05 18:45:00+01:00,136.2396111113611,201.0
2026-01-05 19:00:00+01:00,155.84353227463362,222.12
2026-01-05 19:15:00+01:00,152.91294759092477,208.97
2026-01-05 19:30:00+01:00,149.42369188945452,162.0
2026-01-05 19:45:00+01:00,145.95894699786157,138.11
2026-01-05 20:00:00+01:00,145.30177577212206,171.3
2026-01-05 20:15:00+01:00,144.35807580297802,146.73
2026-01-05 20:30:00+01:00,143.3138269339809,138.09
2026-01-05 20:45:00+01:00,138.15378891930754,132.01
2026-01-05 21:00:00+01:00,125.13869659408027,137.82
2026-01-05 21:15:00+01:00,122.2824254937516,135.05
2026-01-05 21:30:00+01:00,119.77594206031218,125.76
2026-01-05 21:45:00+01:00,117.12943437341308,117.78
2026-01-05 22:00:00+01:00,116.21426597930565,128.71
2026-01-05 22:15:00+01:00,112.58552146656201,122.48
2026-01-05 22:30:00+01:00,111.10893044966576,124.17
2026-01-05 22:45:00+01:00,106.86662121135278,120.04
2026-01-05 23:00:00+01:00,109.79192002796589,119.51
2026-01-05 23:15:00+01:00,102.77044589684321,112.41
2026-01-05 23:30:00+01:00,100.17116741060141,107.26
2026-01-05 23:45:00+01:00,95.15144105231286,106.02
2026-01-06 00:00:00+01:00,117.86291470283388,114.77
2026-01-06 00:15:00+01:00,113.80239346733866,107.38
2026-01-06 00:30:00+01:00,107.91746034454111,100.9
2026-01-06 00:45:00+01:00,104.99239784727449,95.73
2026-01-06 01:00:00+01:00,112.97764748096903,110.0
2026-01-06 01:15:00+01:00,108.51144237951856,106.42
2026-01-06 01:30:00+01:00,105.92313538109401,102.27
2026-01-06 01:45:00+01:00,104.44487042243703,99.71
2026-01-06 02:00:00+01:00,108.4750833902853,104.37
2026-01-06 02:15:00+01:00,104.15659960456607,100.84
2026-01-06 02:30:00+01:00,103.28209889461334,100.86
2026-01-06 02:45:00+01:00,103.37327608990154,100.11
2026-01-06 03:00:00+01:00,104.4444873893521,101.03
2026-01-06 03:15:00+01:00,103.42734046043655,100.05
2026-01-06 03:30:00+01:00,104.60919179027368,100.01
2026-01-06 03:45:00+01:00,101.97442795827102,99.26
2026-01-06 04:00:00+01:00,102.58313734305264,99.11
2026-01-06 04:15:00+01:00,103.46784071980521,99.88
2026-01-06 04:30:00+01:00,103.47752740766435,104.01
2026-01-06 04:45:00+01:00,105.5381559434579,106.81
2026-01-06 05:00:00+01:00,102.84229855062927,100.39
2026-01-06 05:15:00+01:00,104.97404700605102,102.33
2026-01-06 05:30:00+01:00,106.94169241783551,110.78
2026-01-06 05:45:00+01:00,109.5265057974164,114.5
2026-01-06 06:00:00+01:00,106.08301357177676,112.07
2026-01-06 06:15:00+01:00,114.42084484489463,117.75
2026-01-06 06:30:00+01:00,124.01838000422947,121.42
2026-01-06 06:45:00+01:00,129.4394904549011,133.91
2026-01-06 07:00:00+01:00,139.70752318458926,121.67
2026-01-06 07:15:00+01:00,150.69485801001332,137.9
2026-01-06 07:30:00+01:00,162.52422127693512,147.43
2026-01-06 07:45:00+01:00,165.8474274454734,146.99
2026-01-06 08:00:00+01:00,188.1474236985315,153.51
2026-01-06 08:15:00+01:00,187.97916571711755,168.72
2026-01-06 08:30:00+01:00,178.46540804831164,170.95
2026-01-06 08:45:00+01:00,174.1066342870253,163.56
2026-01-06 09:00:00+01:00,198.24182026142765,189.91
2026-01-06 09:15:00+01:00,185.7168423377264,169.97
2026-01-06 09:30:00+01:00,166.76411057460945,166.34
2026-01-06 09:45:00+01:00,153.89002996875683,149.06
2026-01-06 10:00:00+01:00,182.6414933071341,176.85
2026-01-06 10:15:00+01:00,159.65797407598808,150.1
2026-01-06 10:30:00+01:00,148.64579632916457,150.02
2026-01-06 10:45:00+01:00,141.29845247780605,142.4
2026-01-06 11:00:00+01:00,149.97487788223117,161.63
2026-01-06 11:15:00+01:00,144.22514946026268,148.46
2026-01-06 11:30:00+01:00,140.91744525694315,142.97
2026-01-06 11:45:00+01:00,137.76229323511433,136.0
2026-01-06 12:00:00+01:00,136.289848280239,140.92
2026-01-06 12:15:00+01:00,132.71700022826826,135.03
2026-01-06 12:30:00+01:00,130.35866049351085,131.86
2026-01-06 12:45:00+01:00,132.2180375284981,129.92
2026-01-06 13:00:00+01:00,132.67261582365614,133.66
2026-01-06 13:15:00+01:00,134.3472622258361,131.3
2026-01-06 13:30:00+01:00,135.133130015758,127.72
2026-01-06 13:45:00+01:00,135.6626225041162,128.13
2026-01-06 14:00:00+01:00,122.78617238792759,127.07
2026-01-06 14:15:00+01:00,134.80323207747736,130.0
2026-01-06 14:30:00+01:00,140.1809766238964,130.01
2026-01-06 14:45:00+01:00,152.56122301553404,135.73
2026-01-06 15:00:00+01:00,126.06918823554312,127.73
2026-01-06 15:15:00+01:00,132.01044654846578,134.31
2026-01-06 15:30:00+01:00,141.56003980775563,137.37
2026-01-06 15:45:00+01:00,155.09316347641783,148.53
2026-01-06 16:00:00+01:00,131.32484304227995,128.83
2026-01-06 16:15:00+01:00,143.70802862730562,142.62
2026-01-06 16:30:00+01:00,160.0941339545719,147.96
2026-01-06 16:45:00+01:00,171.74853560732225,160.62
2026-01-06 17:00:00+01:00,162.0242393030462,142.17
2026-01-06 17:15:00+01:00,172.70599501629113,147.1
2026-01-06 17:30:00+01:00,177.07205964143202,162.0
2026-01-06 17:45:00+01:00,172.19956535320952,160.7
2026-01-06 18:00:00+01:00,162.55260233181357,159.94
2026-01-06 18:15:00+01:00,155.9969126400568,150.29
2026-01-06 18:30:00+01:00,150.744195317337,146.85
2026-01-06 18:45:00+01:00,147.86667285348562,135.99
2026-01-06 19:00:00+01:00,151.40107575906504,154.98
2026-01-06 19:15:00+01:00,146.2444327813279,139.88
2026-01-06 19:30:00+01:00,138.97051149005569,133.88
2026-01-06 19:45:00+01:00,134.10260742576668,127.73
2026-01-06 20:00:00+01:00,137.67253888896593,133.99
2026-01-06 20:15:00+01:00,131.4624959496948,123.88
2026-01-06 20:30:00+01:00,124.90813005588907,117.76
2026-01-06 20:45:00+01:00,118.44611497391705,110.78
2026-01-06 21:00:00+01:00,117.7383506601971,120.86
2026-01-06 21:15:00+01:00,115.6897794097993,111.69
2026-01-06 21:30:00+01:00,109.55330500544012,102.58
2026-01-06 21:45:00+01:00,104.98985319518204,99.12
2026-01-06 22:00:00+01:00,110.56819887152213,108.14
2026-01-06 22:15:00+01:00,106.12819119197164,105.41
2026-01-06 22:30:00+01:00,103.45742806332521,100.5
2026-01-06 22:45:00+01:00,97.2699755312055,94.84
2026-01-06 23:00:00+01:00,102.55483496592598,102.93
2026-01-06 23:15:00+01:00,95.26976929438482,94.02
2026-01-06 23:30:00+01:00,93.00163810525721,90.11
2026-01-06 23:45:00+01:00,88.03272277399651,84.21
2026-01-07 00:00:00+01:00,94.35745219006996,101.28
2026-01-07 00:15:00+01:00,87.96787319874541,98.99
2026-01-07 00:30:00+01:00,84.82180718947264,89.62
2026-01-07 00:45:00+01:00,82.3865273632394,86.06
2026-01-07 01:00:00+01:00,87.23349394217634,92.96
2026-01-07 01:15:00+01:00,82.76859096682672,90.1
2026-01-07 01:30:00+01:00,79.44413060918633,86.35
2026-01-07 01:45:00+01:00,77.04555937012148,85.03
2026-01-07 02:00:00+01:00,78.98477567840987,86.77
2026-01-07 02:15:00+01:00,76.04186371514724,84.75
2026-01-07 02:30:00+01:00,75.62051084682582,85.51
2026-01-07 02:45:00+01:00,74.36743292658718,83.15
2026-01-07 03:00:00+01:00,73.54785053344972,83.6
2026-01-07 03:15:00+01:00,72.89728543552967,81.69
2026-01-07 03:30:00+01:00,68.76730870377122,81.01
2026-01-07 03:45:00+01:00,72.08991160687522,80.29
2026-01-07 04:00:00+01:00,71.58620166127362,80.79
2026-01-07 04:15:00+01:00,72.12951734535582,80.67
2026-01-07 04:30:00+01:00,75.28112197037493,80.36
2026-01-07 04:45:00+01:00,75.9663406247588,81.31
2026-01-07 05:00:00+01:00,75.73947847672103,84.09
2026-01-07 05:15:00+01:00,74.69123110048965,83.44
2026-01-07 05:30:00+01:00,79.1004134245788,84.69
2026-01-07 05:45:00+01:00,82.9386085027317,87.31
2026-01-07 06:00:00+01:00,80.89149485820577,87.45
2026-01-07 06:15:00+01:00,89.58770393416157,91.01
2026-01-07 06:30:00+01:00,94.32720565145604,95.59
2026-01-07 06:45:00+01:00,99.6220070403382,97.03
2026-01-07 07:00:00+01:00,98.42166335883466,100.1
2026-01-07 07:15:00+01:00,100.11824080983132,98.19
2026-01-07 07:30:00+01:00,102.25259646987847,100.09
2026-01-07 07:45:00+01:00,106.53661383558784,98.42
2026-01-07 08:00:00+01:00,114.26110693787822,106.77
2026-01-07 08:15:00+01:00,111.83499967258898,107.68
2026-01-07 08:30:00+01:00,110.50824635282538,113.68
2026-01-07 08:45:00+01:00,101.62652847357693,109.27
2026-01-07 09:00:00+01:00,109.85762556528138,115.44
2026-01-07 09:15:00+01:00,102.42830159436674,115.58
2026-01-07 09:30:00+01:00,96.24344936475356,114.9
2026-01-07 09:45:00+01:00,87.7655639809026,102.59
2026-01-07 10:00:00+01:00,95.88756267660924,116.56
2026-01-07 10:15:00+01:00,89.67570750009855,109.01
2026-01-07 10:30:00+01:00,85.81716814882834,105.84
2026-01-07 10:45:00+01:00,80.17215213283413,101.84
2026-01-07 11:00:00+01:00,87.85995464175103,102.11
2026-01-07 11:15:00+01:00,85.73107652825757,99.6
2026-01-07 11:30:00+01:00,84.42618028146549,98.3
2026-01-07 11:45:00+01:00,84.90441602674323,99.73
2026-01-07 12:00:00+01:00,90.93941134894138,98.86
2026-01-07 12:15:00+01:00,87.90935521065077,96.01
2026-01-07 12:30:00+01:00,88.90461432285689,96.35
2026-01-07 12:45:00+01:00,91.1398112094311,94.14
2026-01-07 13:00:00+01:00,91.98534243889503,97.91
2026-01-07 13:15:00+01:00,93.77659775265448,93.62
2026-01-07 13:30:00+01:00,96.52663901508384,89.78
2026-01-07 13:45:00+01:00,98.27679806353518,91.31
2026-01-07 14:00:00+01:00,89.33842951923438,91.19
2026-01-07 14:15:00+01:00,95.71150639914887,94.36
2026-01-07 14:30:00+01:00,106.42309180949756,94.09
2026-01-07 14:45:00+01:00,114.22957704079181,101.27
2026-01-07 15:00:00+01:00,98.34633136431992,95.86
2026-01-07 15:15:00+01:00,103.82191887117838,102.81
2026-01-07 15:30:00+01:00,110.87732922346893,105.76
2026-01-07 15:45:00+01:00,112.89164862510817,102.92
2026-01-07 16:00:00+01:00,99.40498129335106,101.86
2026-01-07 16:15:00+01:00,104.80448288570602,101.84
2026-01-07 16:30:00+01:00,111.77555391684731,107.6
2026-01-07 16:45:00+01:00,116.17676046805843,114.24
2026-01-07 17:00:00+01:00,105.73371236711888,118.18
2026-01-07 17:15:00+01:00,117.44356464138713,122.0
2026-01-07 17:30:00+01:00,113.2788481248708,129.0
2026-01-07 17:45:00+01:00,118.92377779463925,131.57
2026-01-07 18:00:00+01:00,117.39661541363468,123.01
2026-01-07 18:15:00+01:00,113.4816959454573,124.05
2026-01-07 18:30:00+01:00,108.8590473121798,123.85
2026-01-07 18:45:00+01:00,106.98398286132748,125.49
2026-01-07 19:00:00+01:00,109.0521041265398,115.51
2026-01-07 19:15:00+01:00,104.31789474978675,119.87
2026-01-07 19:30:00+01:00,99.25846825748145,116.55
2026-01-07 19:45:00+01:00,93.58602936298745,115.0
2026-01-07 20:00:00+01:00,97.92918592085702,107.77
2026-01-07 20:15:00+01:00,101.17590975455994,113.93
2026-01-07 20:30:00+01:00,97.52505445792718,108.25
2026-01-07 20:45:00+01:00,92.97631206357926,104.96
2026-01-07 21:00:00+01:00,100.48957266376982,105.26
2026-01-07 21:15:00+01:00,100.16432212504105,101.54
2026-01-07 21:30:00+01:00,98.03699684380766,96.01
2026-01-07 21:45:00+01:00,97.27036316243462,91.01
2026-01-07 22:00:00+01:00,100.3658546618408,90.73
2026-01-07 22:15:00+01:00,97.3370454179972,95.44
2026-01-07 22:30:00+01:00,95.54480306199082,96.56
2026-01-07 22:45:00+01:00,90.21493056554635,93.11
2026-01-07 23:00:00+01:00,93.52828816895078,95.11
2026-01-07 23:15:00+01:00,89.40639016251467,89.01
2026-01-07 23:30:00+01:00,85.02023173663835,86.83
2026-01-07 23:45:00+01:00,79.47759343542398,84.1
2026-01-08 00:00:00+01:00,90.80130007572785,86.88
2026-01-08 00:15:00+01:00,86.01743646496277,85.94
2026-01-08 00:30:00+01:00,82.18423112604955,82.7
2026-01-08 00:45:00+01:00,80.37856773456633,80.8
2026-01-08 01:00:00+01:00,83.95567891864314,85.0
2026-01-08 01:15:00+01:00,81.45175800063762,82.59
2026-01-08 01:30:00+01:00,79.06622977119486,83.18
2026-01-08 01:45:00+01:00,78.01159008048415,81.56
2026-01-08 02:00:00+01:00,80.70608918997443,84.7
2026-01-08 02:15:00+01:00,79.03296201131428,84.94
2026-01-08 02:30:00+01:00,79.40714329903143,83.59
2026-01-08 02:45:00+01:00,79.67431452771724,84.86
2026-01-08 03:00:00+01:00,80.35417943936434,82.64
2026-01-08 03:15:00+01:00,80.56351599299953,83.01
2026-01-08 03:30:00+01:00,84.03410872476034,81.76
2026-01-08 03:45:00+01:00,84.10739804902461,82.48
2026-01-08 04:00:00+01:00,79.78260655205588,81.04
2026-01-08 04:15:00+01:00,80.73904866113918,85.0
2026-01-08 04:30:00+01:00,82.11868118171506,87.39
2026-01-08 04:45:00+01:00,82.68670193828929,87.63
2026-01-08 05:00:00+01:00,84.01195100709434,85.26
2026-01-08 05:15:00+01:00,88.61281231050448,87.05
2026-01-08 05:30:00+01:00,89.8020072774224,88.6
2026-01-08 05:45:00+01:00,93.15796425514637,90.64
2026-01-08 06:00:00+01:00,100.87445938549995,86.36
2026-01-08 06:15:00+01:00,104.32794794633526,88.53
2026-01-08 06:30:00+01:00,104.22587271951262,103.79
2026-01-08 06:45:00+01:00,109.97339194216575,112.84
2026-01-08 07:00:00+01:00,121.68992148188204,103.27
2026-01-08 07:15:00+01:00,117.9983934814329,109.04
2026-01-08 07:30:00+01:00,119.68921952735957,132.52
2026-01-08 07:45:00+01:00,124.84604758229693,162.02
2026-01-08 08:00:00+01:00,122.26588770343818,167.87
2026-01-08 08:15:00+01:00,124.27009871897467,166.53
2026-01-08 08:30:00+01:00,125.02947035999006,168.53
2026-01-08 08:45:00+01:00,121.85119273153398,172.31
2026-01-08 09:00:00+01:00,120.34230797163386,181.0
2026-01-08 09:15:00+01:00,113.51525711017116,193.48
2026-01-08 09:30:00+01:00,113.31501441800532,211.96
2026-01-08 09:45:00+01:00,110.59578615664469,184.44
2026-01-08 10:00:00+01:00,122.501579402691,204.01
2026-01-08 10:15:00+01:00,120.41483613953103,222.98
2026-01-08 10:30:00+01:00,115.30732471470851,202.4
2026-01-08 10:45:00+01:00,107.65717877625907,202.34
2026-01-08 11:00:00+01:00,115.39395895270913,222.59
2026-01-08 11:15:00+01:00,115.44245363529907,204.1
2026-01-08 11:30:00+01:00,109.88508135931073,212.95
2026-01-08 11:45:00+01:00,102.96201877385965,212.81
2026-01-08 12:00:00+01:00,102.81244955242691,215.16
2026-01-08 12:15:00+01:00,100.59488103398004,215.93
2026-01-08 12:30:00+01:00,99.60676162961245,217.17
2026-01-08 12:45:00+01:00,100.2093362640351,232.82
2026-01-08 13:00:00+01:00,102.53627328442627,217.09
2026-01-08 13:15:00+01:00,100.67234835699836,236.59
2026-01-08 13:30:00+01:00,104.49666470358713,243.96
2026-01-08 13:45:00+01:00,103.68600512126011,247.22
2026-01-08 14:00:00+01:00,107.80139009212505,229.02
2026-01-08 14:15:00+01:00,116.50247485884185,263.05
2026-01-08 14:30:00+01:00,115.04162902308181,291.21
2026-01-08 14:45:00+01:00,119.22789517259562,275.06
2026-01-08 15:00:00+01:00,118.22452128788606,251.17
2026-01-08 15:15:00+01:00,126.233216102189,270.38
2026-01-08 15:30:00+01:00,134.26189755295718,265.0
2026-01-08 15:45:00+01:00,135.7330450996038,271.13
2026-01-08 16:00:00+01:00,121.02383348913746,224.46
2026-01-08 16:15:00+01:00,135.07502292246005,241.01
2026-01-08 16:30:00+01:00,135.66521106019962,272.44
2026-01-08 16:45:00+01:00,143.2400223187081,300.05
2026-01-08 17:00:00+01:00,149.58768177269374,254.57
2026-01-08 17:15:00+01:00,143.260600487627,261.06
2026-01-08 17:30:00+01:00,147.25464016282706,224.84
2026-01-08 17:45:00+01:00,129.1419894419768,194.94
2026-01-08 18:00:00+01:00,134.76195711542687,270.09
2026-01-08 18:15:00+01:00,129.2085030888025,200.99
2026-01-08 18:30:00+01:00,125.61041735515835,181.0
2026-01-08 18:45:00+01:00,120.47452139951491,145.51
2026-01-08 19:00:00+01:00,133.89667215909608,176.16
2026-01-08 19:15:00+01:00,125.80777978700404,168.0
2026-01-08 19:30:00+01:00,122.12755008574247,116.85
2026-01-08 19:45:00+01:00,116.19245537852892,95.98
2026-01-08 20:00:00+01:00,118.29605487117696,129.8
2026-01-08 20:15:00+01:00,114.60511286553358,105.6
2026-01-08 20:30:00+01:00,113.51213091611304,88.29
2026-01-08 20:45:00+01:00,111.90147780843935,84.81
2026-01-08 21:00:00+01:00,105.91550582590855,104.36
2026-01-08 21:15:00+01:00,102.48026519421089,97.63
2026-01-08 21:30:00+01:00,99.0971614355792,90.77
2026-01-08 21:45:00+01:00,90.62861131165691,85.17
2026-01-08 22:00:00+01:00,90.40459191280115,103.93
2026-01-08 22:15:00+01:00,87.71212171076513,91.23
2026-01-08 22:30:00+01:00,85.48336396754652,88.72
2026-01-08 22:45:00+01:00,74.65621289144217,81.34
2026-01-08 23:00:00+01:00,78.94248710796055,94.51
2026-01-08 23:15:00+01:00,69.1370679424689,82.48
2026-01-08 23:30:00+01:00,68.39413712866389,70.6
2026-01-08 23:45:00+01:00,61.70593942553978,68.55
2026-01-09 00:00:00+01:00,75.43257740862296,95.56
2026-01-09 00:15:00+01:00,72.56852737437993,80.23
2026-01-09 00:30:00+01:00,66.34357282413424,70.1
2026-01-09 00:45:00+01:00,61.987169597455846,69.96
2026-01-09 01:00:00+01:00,72.0305799067055,75.48
2026-01-09 01:15:00+01:00,63.297779485937795,74.24
2026-01-09 01:30:00+01:00,56.95362748939047,69.98
2026-01-09 01:45:00+01:00,54.257109559690086,63.06
2026-01-09 02:00:00+01:00,61.68750653710567,64.21
2026-01-09 02:15:00+01:00,52.90607024652083,58.11
2026-01-09 02:30:00+01:00,49.56971640120534,54.79
2026-01-09 02:45:00+01:00,46.35959356790779,52.29
2026-01-09 03:00:00+01:00,47.06836280725512,55.75
2026-01-09 03:15:00+01:00,40.71418634652932,51.03
2026-01-09 03:30:00+01:00,29.855237830095938,50.09
2026-01-09 03:45:00+01:00,28.71699123268685,46.49
2026-01-09 04:00:00+01:00,43.83354450179596,45.81
2026-01-09 04:15:00+01:00,43.75655993921378,45.81
2026-01-09 04:30:00+01:00,44.29155488610983,48.22
2026-01-09 04:45:00+01:00,39.19026720084626,51.54
2026-01-09 05:00:00+01:00,41.27427483264286,49.91
2026-01-09 05:15:00+01:00,40.164060199229304,53.35
2026-01-09 05:30:00+01:00,44.67502148130523,59.38
2026-01-09 05:45:00+01:00,39.64988030424857,63.66
2026-01-09 06:00:00+01:00,46.149590721829455,65.02
2026-01-09 06:15:00+01:00,49.89020234972485,72.64
2026-01-09 06:30:00+01:00,52.68738746304224,74.43
2026-01-09 06:45:00+01:00,75.29642860898198,78.33
2026-01-09 07:00:00+01:00,60.13795869835505,77.25
2026-01-09 07:15:00+01:00,46.44598430299408,83.33
2026-01-09 07:30:00+01:00,63.28228337552026,87.63
2026-01-09 07:45:00+01:00,69.1700675982448,89.0
2026-01-09 08:00:00+01:00,89.4315288716553,87.17
2026-01-09 08:15:00+01:00,84.15297425847558,91.48
2026-01-09 08:30:00+01:00,85.20406657597117,92.18
2026-01-09 08:45:00+01:00,84.72034573875406,88.22
2026-01-09 09:00:00+01:00,90.21940354028757,91.28
2026-01-09 09:15:00+01:00,82.0680327136593,88.99
2026-01-09 09:30:00+01:00,83.91871483795236,86.57
2026-01-09 09:45:00+01:00,76.6379278114052,89.75
2026-01-09 10:00:00+01:00,84.33864358361227,93.49
2026-01-09 10:15:00+01:00,77.68338446971296,89.57
2026-01-09 10:30:00+01:00,72.52965670319414,98.93
2026-01-09 10:45:00+01:00,72.65307198314177,93.73
2026-01-09 11:00:00+01:00,60.05577730786737,88.94
2026-01-09 11:15:00+01:00,53.7653162335331,87.18
2026-01-09 11:30:00+01:00,50.95376970730944,85.06
2026-01-09 11:45:00+01:00,55.32037496862409,82.0
2026-01-09 12:00:00+01:00,69.73777329870389,83.83
2026-01-09 12:15:00+01:00,67.8373313867435,82.17
2026-01-09 12:30:00+01:00,69.89995252188773,83.96
2026-01-09 12:45:00+01:00,75.85247245740909,82.1
2026-01-09 13:00:00+01:00,71.82523357765086,84.92
2026-01-09 13:15:00+01:00,73.76213607954936,82.75
2026-01-09 13:30:00+01:00,80.95523301395725,82.12
2026-01-09 13:45:00+01:00,87.30347332087008,81.61
2026-01-09 14:00:00+01:00,80.29513243588922,81.94
2026-01-09 14:15:00+01:00,87.26858440646205,82.31
2026-01-09 14:30:00+01:00,98.19335400334418,82.3
2026-01-09 14:45:00+01:00,106.763717847865,84.79
2026-01-09 15:00:00+01:00,88.83817677506362,82.15
2026-01-09 15:15:00+01:00,105.7794069741174,84.91
2026-01-09 15:30:00+01:00,110.93270923544041,84.59
2026-01-09 15:45:00+01:00,117.05702558381006,89.33
2026-01-09 16:00:00+01:00,95.53778454511998,82.39
2026-01-09 16:15:00+01:00,109.81187649448816,86.87
2026-01-09 16:30:00+01:00,110.4284026204819,91.04
2026-01-09 16:45:00+01:00,115.48068395017971,89.99
2026-01-09 17:00:00+01:00,111.5943489447976,92.78
2026-01-09 17:15:00+01:00,112.0757123164614,92.77
2026-01-09 17:30:00+01:00,117.0544552707871,91.07
2026-01-09 17:45:00+01:00,119.04634444449786,93.46
2026-01-09 18:00:00+01:00,95.94232259985019,89.98
2026-01-09 18:15:00+01:00,100.4976952404474,93.62
2026-01-09 18:30:00+01:00,99.51071517119195,93.87
2026-01-09 18:45:00+01:00,103.4915544647284,89.18
2026-01-09 19:00:00+01:00,64.60945826928432,89.94
2026-01-09 19:15:00+01:00,56.157425200467216,86.95
2026-01-09 19:30:00+01:00,48.73160894395639,85.66
2026-01-09 19:45:00+01:00,38.001750216355944,86.57
2026-01-09 20:00:00+01:00,29.60705640723276,83.55
2026-01-09 20:15:00+01:00,-35.18980082616713,82.79
2026-01-09 20:30:00+01:00,-59.26566530247162,82.15
2026-01-09 20:45:00+01:00,-41.695165176193115,82.72
2026-01-09 21:00:00+01:00,82.59330393555135,84.21
2026-01-09 21:15:00+01:00,80.2611394797886,82.14
2026-01-09 21:30:00+01:00,84.40460678932324,79.48
2026-01-09 21:45:00+01:00,78.54772097599479,75.61
2026-01-09 22:00:00+01:00,95.36433155073702,84.33
2026-01-09 22:15:00+01:00,88.54018336620588,80.73
2026-01-09 22:30:00+01:00,84.43580602136232,80.06
2026-01-09 22:45:00+01:00,80.56584317365672,76.28
2026-01-09 23:00:00+01:00,88.67671064245074,77.71
2026-01-09 23:15:00+01:00,80.96632658221061,73.45
2026-01-09 23:30:00+01:00,80.02348906033491,74.09
2026-01-09 23:45:00+01:00,70.63522552590496,72.79
2026-01-10 00:00:00+01:00,75.98020391899496,78.94
2026-01-10 00:15:00+01:00,70.40823155766748,73.53
2026-01-10 00:30:00+01:00,64.70880530993153,70.08
2026-01-10 00:45:00+01:00,63.05011779420826,68.61
2026-01-10 01:00:00+01:00,66.10013421170183,71.44
2026-01-10 01:15:00+01:00,65.79719604248146,70.55
2026-01-10 01:30:00+01:00,65.42438160242327,69.4
2026-01-10 01:45:00+01:00,64.53976168722836,67.71
2026-01-10 02:00:00+01:00,68.3516809004845,67.69
2026-01-10 02:15:00+01:00,68.21586555764307,66.11
2026-01-10 02:30:00+01:00,65.54290397163803,65.63
2026-01-10 02:45:00+01:00,65.30604859696263,65.52
2026-01-10 03:00:00+01:00,68.0075955276178,67.12
2026-01-10 03:15:00+01:00,68.00876750377171,66.38
2026-01-10 03:30:00+01:00,66.44885347479664,66.94
2026-01-10 03:45:00+01:00,66.78352263351223,65.7
2026-01-10 04:00:00+01:00,67.19082954317965,66.72
2026-01-10 04:15:00+01:00,67.35696064619572,66.41
2026-01-10 04:30:00+01:00,68.05779699844653,65.99
2026-01-10 04:45:00+01:00,69.65529569021925,66.93
2026-01-10 05:00:00+01:00,72.55772939474832,66.27
2026-01-10 05:15:00+01:00,73.15384515107726,67.29
2026-01-10 05:30:00+01:00,70.66779717090517,69.47
2026-01-10 05:45:00+01:00,76.17959362096695,70.81
2026-01-10 06:00:00+01:00,64.3460051715401,66.4
2026-01-10 06:15:00+01:00,74.0366398713734,68.6
2026-01-10 06:30:00+01:00,71.99306023183122,71.4
2026-01-10 06:45:00+01:00,73.61555503578424,73.44
2026-01-10 07:00:00+01:00,60.83503438851782,70.19
2026-01-10 07:15:00+01:00,70.00696176031276,75.61
2026-01-10 07:30:00+01:00,79.362890183709,79.04
2026-01-10 07:45:00+01:00,85.98006616105685,81.82
2026-01-10 08:00:00+01:00,75.06837405911378,79.96
2026-01-10 08:15:00+01:00,86.10165240704015,81.42
2026-01-10 08:30:00+01:00,93.49030194074096,87.58
2026-01-10 08:45:00+01:00,95.42967406875708,91.15
2026-01-10 09:00:00+01:00,76.83852105374,90.41
2026-01-10 09:15:00+01:00,77.80938501361861,93.37
2026-01-10 09:30:00+01:00,93.6482305646043,93.41
2026-01-10 09:45:00+01:00,90.58426857546121,92.26
2026-01-10 10:00:00+01:00,78.16818694232134,91.85
2026-01-10 10:15:00+01:00,83.69458443661323,94.72
2026-01-10 10:30:00+01:00,85.40094438673646,100.78
2026-01-10 10:45:00+01:00,87.98802931566375,103.03
2026-01-10 11:00:00+01:00,81.10084717211024,94.82
2026-01-10 11:15:00+01:00,79.75428867883907,101.79
2026-01-10 11:30:00+01:00,80.60786901389409,103.59
2026-01-10 11:45:00+01:00,80.1480645932685,106.03
2026-01-10 12:00:00+01:00,73.74918523798834,100.48
2026-01-10 12:15:00+01:00,74.941529444248,103.43
2026-01-10 12:30:00+01:00,77.00246221637497,100.2
2026-01-10 12:45:00+01:00,80.97889053627046,102.17
2026-01-10 13:00:00+01:00,76.36486959073997,101.42
2026-01-10 13:15:00+01:00,77.3248092770182,103.07
2026-01-10 13:30:00+01:00,80.80712138450033,104.4
2026-01-10 13:45:00+01:00,80.61519625730931,110.41
2026-01-10 14:00:00+01:00,88.98264009256104,107.85
2026-01-10 14:15:00+01:00,87.88231655299111,107.65
2026-01-10 14:30:00+01:00,87.96739356391612,114.71
2026-01-10 14:45:00+01:00,92.03366165360549,115.56
2026-01-10 15:00:00+01:00,105.96543288110539,109.89
2026-01-10 15:15:00+01:00,107.11152294067634,115.21
2026-01-10 15:30:00+01:00,106.87293932181538,116.88
2026-01-10 15:45:00+01:00,113.30540581452021,128.89
2026-01-10 16:00:00+01:00,100.58211769545221,120.75
2026-01-10 16:15:00+01:00,105.74131436020494,124.95
2026-01-10 16:30:00+01:00,121.51465950914661,123.59
2026-01-10 16:45:00+01:00,130.40882678595213,142.74
2026-01-10 17:00:00+01:00,120.06169496618456,133.99
2026-01-10 17:15:00+01:00,128.66954503257182,139.07
2026-01-10 17:30:00+01:00,131.10895804488402,142.08
2026-01-10 17:45:00+01:00,128.79589973512861,142.97
2026-01-10 18:00:00+01:00,126.594897956853,143.57
2026-01-10 18:15:00+01:00,127.78843257627707,137.99
2026-01-10 18:30:00+01:00,123.76956938429169,136.56
2026-01-10 18:45:00+01:00,118.37281029783992,129.52
2026-01-10 19:00:00+01:00,141.23278445889278,134.87
2026-01-10 19:15:00+01:00,139.95906108915057,129.52
2026-01-10 19:30:00+01:00,134.21522938469354,125.36
2026-01-10 19:45:00+01:00,136.6944973968808,123.47
2026-01-10 20:00:00+01:00,127.2606206571887,129.05
2026-01-10 20:15:00+01:00,144.6923187018719,120.72
2026-01-10 20:30:00+01:00,143.67656194549994,118.96
2026-01-10 20:45:00+01:00,135.75046792197116,113.23
2026-01-10 21:00:00+01:00,123.19208869503981,118.49
2026-01-10 21:15:00+01:00,128.66806800932204,114.44
2026-01-10 21:30:00+01:00,125.82193799267998,114.39
2026-01-10 21:45:00+01:00,122.58318620431297,105.52
2026-01-10 22:00:00+01:00,116.37297472981031,114.46
2026-01-10 22:15:00+01:00,116.23687182771968,113.81
2026-01-10 22:30:00+01:00,117.51052099937837,103.33
2026-01-10 22:45:00+01:00,113.58559603963944,99.12
2026-01-10 23:00:00+01:00,110.09344140582357,101.76
2026-01-10 23:15:00+01:00,105.28844027907293,97.5
2026-01-10 23:30:00+01:00,107.39832531206775,97.75
2026-01-10 23:45:00+01:00,102.64865800299388,95.78
2026-01-11 00:00:00+01:00,100.72490122030231,108.2
2026-01-11 00:15:00+01:00,99.93198946750726,97.72
2026-01-11 00:30:00+01:00,96.97906028387868,93.7
2026-01-11 00:45:00+01:00,94.69200795128667,87.99
2026-01-11 01:00:00+01:00,98.82474279917484,98.99
2026-01-11 01:15:00+01:00,95.81835027735248,92.55
2026-01-11 01:30:00+01:00,94.27205823378152,90.91
2026-01-11 01:45:00+01:00,93.2001532928492,88.54
2026-01-11 02:00:00+01:00,94.45112381248791,91.99
2026-01-11 02:15:00+01:00,92.4511785367538,89.09
2026-01-11 02:30:00+01:00,91.55842146235163,86.2
2026-01-11 02:45:00+01:00,90.84280420684074,84.86
2026-01-11 03:00:00+01:00,92.22566129913054,84.18
2026-01-11 03:15:00+01:00,91.25121333398639,84.52
2026-01-11 03:30:00+01:00,88.36820202620812,84.56
2026-01-11 03:45:00+01:00,89.18131757962229,86.18
2026-01-11 04:00:00+01:00,90.87756894222589,85.04
2026-01-11 04:15:00+01:00,91.67812156893395,83.03
2026-01-11 04:30:00+01:00,92.51306638941008,81.42
2026-01-11 04:45:00+01:00,94.18135732018216,81.23
2026-01-11 05:00:00+01:00,92.56368730971255,81.64
2026-01-11 05:15:00+01:00,93.62939263137653,81.64
2026-01-11 05:30:00+01:00,98.6309370187592,82.2
2026-01-11 05:45:00+01:00,99.66835932475985,83.56
2026-01-11 06:00:00+01:00,86.22542635611401,80.93
2026-01-11 06:15:00+01:00,96.34434167372245,81.64
2026-01-11 06:30:00+01:00,101.59058183778721,81.64
2026-01-11 06:45:00+01:00,110.18721829082617,82.2
2026-01-11 07:00:00+01:00,106.72398090806509,81.13
2026-01-11 07:15:00+01:00,109.67670884690031,82.46
2026-01-11 07:30:00+01:00,118.26896826426605,85.68
2026-01-11 07:45:00+01:00,123.7421716829118,87.77
2026-01-11 08:00:00+01:00,128.19849890521445,87.02
2026-01-11 08:15:00+01:00,128.84819383830364,89.97
2026-01-11 08:30:00+01:00,125.90394033177823,92.84
2026-01-11 08:45:00+01:00,121.53499267250682,98.41
2026-01-11 09:00:00+01:00,118.2646906064088,103.91
2026-01-11 09:15:00+01:00,116.1242854473206,103.39
2026-01-11 09:30:00+01:00,110.31948442318894,103.19
2026-01-11 09:45:00+01:00,107.39760521651448,101.92
2026-01-11 10:00:00+01:00,113.33137268318333,103.93
2026-01-11 10:15:00+01:00,106.64101052633087,101.68
2026-01-11 10:30:00+01:00,101.50761963231568,100.48
2026-01-11 10:45:00+01:00,100.15964745828614,96.64
2026-01-11 11:00:00+01:00,102.16071215162363,102.68
2026-01-11 11:15:00+01:00,102.8347228539009,100.64
2026-01-11 11:30:00+01:00,101.84799698916575,99.97
2026-01-11 11:45:00+01:00,101.01361498005286,96.38
2026-01-11 12:00:00+01:00,95.01629973654019,99.71
2026-01-11 12:15:00+01:00,92.58157659203407,97.97
2026-01-11 12:30:00+01:00,93.53474903133616,98.33
2026-01-11 12:45:00+01:00,94.27176546407239,92.34
2026-01-11 13:00:00+01:00,83.59773043509023,98.66
2026-01-11 13:15:00+01:00,82.74915275013866,93.73
2026-01-11 13:30:00+01:00,81.02717635485561,96.36
2026-01-11 13:45:00+01:00,83.57347406884668,97.32
2026-01-11 14:00:00+01:00,86.10774440660653,96.3
2026-01-11 14:15:00+01:00,91.91239946626615,98.31
2026-01-11 14:30:00+01:00,96.17075079652456,100.9
2026-01-11 14:45:00+01:00,104.6366380205348,100.0
2026-01-11 15:00:00+01:00,100.61766343863204,90.21
2026-01-11 15:15:00+01:00,107.57502726514144,99.0
2026-01-11 15:30:00+01:00,112.53027506338931,107.23
2026-01-11 15:45:00+01:00,118.15217274452765,108.66
2026-01-11 16:00:00+01:00,108.15108631948833,102.72
2026-01-11 16:15:00+01:00,120.11568471499933,110.56
2026-01-11 16:30:00+01:00,125.07462122421833,113.1
2026-01-11 16:45:00+01:00,132.848112097318,120.64
2026-01-11 17:00:00+01:00,118.5527572095003,114.29
2026-01-11 17:15:00+01:00,121.4788410603361,117.86
2026-01-11 17:30:00+01:00,117.11333623981277,117.52
2026-01-11 17:45:00+01:00,132.90147859146447,115.33
2026-01-11 18:00:00+01:00,121.6366239252219,118.28
2026-01-11 18:15:00+01:00,129.50187163909217,115.19
2026-01-11 18:30:00+01:00,128.2065595217218,109.17
2026-01-11 18:45:00+01:00,121.41186141416085,106.35
2026-01-11 19:00:00+01:00,116.206353906981,107.54
2026-01-11 19:15:00+01:00,109.0910378306717,107.43
2026-01-11 19:30:00+01:00,100.05553039288783,106.22
2026-01-11 19:45:00+01:00,90.72167563237059,103.64
2026-01-11 20:00:00+01:00,105.20123647135705,104.1
2026-01-11 20:15:00+01:00,90.14627453294395,97.82
2026-01-11 20:30:00+01:00,81.14147276660213,93.97
2026-01-11 20:45:00+01:00,70.87844795267729,88.27
2026-01-11 21:00:00+01:00,88.96137312245088,100.9
2026-01-11 21:15:00+01:00,81.88161793271138,94.54
2026-01-11 21:30:00+01:00,75.95333156698516,94.17
2026-01-11 21:45:00+01:00,67.47988575759177,90.41
2026-01-11 22:00:00+01:00,95.4466243477603,97.1
2026-01-11 22:15:00+01:00,89.45065239840841,93.15
2026-01-11 22:30:00+01:00,84.99336956896988,92.54
2026-01-11 22:45:00+01:00,74.8845482764784,89.29
2026-01-11 23:00:00+01:00,86.19035760965713,90.38
2026-01-11 23:15:00+01:00,76.79094529665403,85.94
2026-01-11 23:30:00+01:00,71.89238210255778,83.66
2026-01-11 23:45:00+01:00,59.88456220981887,80.94
2026-01-12 00:00:00+01:00,80.54293734003276,80.72
2026-01-12 00:15:00+01:00,77.98019066963613,80.99
2026-01-12 00:30:00+01:00,76.57741049541835,82.37
2026-01-12 00:45:00+01:00,76.02978273090268,80.95
2026-01-12 01:00:00+01:00,74.78026559502771,82.46
2026-01-12 01:15:00+01:00,73.10048281501616,81.86
2026-01-12 01:30:00+01:00,72.91630439243932,80.94
2026-01-12 01:45:00+01:00,70.9037946427494,79.51
2026-01-12 02:00:00+01:00,70.95721180818049,80.14
2026-01-12 02:15:00+01:00,70.36029160160199,79.61
2026-01-12 02:30:00+01:00,70.18770672455517,79.33
2026-01-12 02:45:00+01:00,69.32340070656642,77.09
2026-01-12 03:00:00+01:00,70.40279861622062,77.86
2026-01-12 03:15:00+01:00,69.38753713975646,77.25
2026-01-12 03:30:00+01:00,68.24589755879313,77.55
2026-01-12 03:45:00+01:00,68.83963834947394,76.58
2026-01-12 04:00:00+01:00,69.86694282880931,75.3
2026-01-12 04:15:00+01:00,69.97268768007135,76.23
2026-01-12 04:30:00+01:00,70.93339021392305,76.95
2026-01-12 04:45:00+01:00,70.64470836000794,77.86
2026-01-12 05:00:00+01:00,74.95010811119002,75.3
2026-01-12 05:15:00+01:00,79.56525885632443,75.71
2026-01-12 05:30:00+01:00,79.52026312292705,82.2
2026-01-12 05:45:00+01:00,83.29322563399839,87.44
2026-01-12 06:00:00+01:00,77.09868832010501,78.6
2026-01-12 06:15:00+01:00,91.15764277225973,90.17
2026-01-12 06:30:00+01:00,99.66159387880589,86.63
2026-01-12 06:45:00+01:00,107.13871363130119,92.29
2026-01-12 07:00:00+01:00,101.966540375553,89.46
2026-01-12 07:15:00+01:00,109.73663476058485,95.8
2026-01-12 07:30:00+01:00,113.62326592487445,102.73
2026-01-12 07:45:00+01:00,119.23709120183577,103.5
2026-01-12 08:00:00+01:00,123.39460687158483,109.49
2026-01-12 08:15:00+01:00,126.57315336486059,117.08
2026-01-12 08:30:00+01:00,130.14996940002152,126.9
2026-01-12 08:45:00+01:00,118.62233719379259,109.0
2026-01-12 09:00:00+01:00,123.5172150056035,126.93
2026-01-12 09:15:00+01:00,128.22440791929466,137.58
2026-01-12 09:30:00+01:00,121.18656830614029,133.99
2026-01-12 09:45:00+01:00,111.76094830869883,120.89
2026-01-12 10:00:00+01:00,124.67748710130623,125.07
2026-01-12 10:15:00+01:00,122.28795811491018,115.27
2026-01-12 10:30:00+01:00,117.750220045855,129.96
2026-01-12 10:45:00+01:00,113.67279653888829,127.29
2026-01-12 11:00:00+01:00,116.25520683318499,124.01
2026-01-12 11:15:00+01:00,115.12551807366502,136.0
2026-01-12 11:30:00+01:00,112.02410056860019,140.09
2026-01-12 11:45:00+01:00,114.04796064818208,119.37
2026-01-12 12:00:00+01:00,113.20415599857589,111.23
2026-01-12 12:15:00+01:00,110.93034366024746,134.28
2026-01-12 12:30:00+01:00,111.92675586099334,136.0
2026-01-12 12:45:00+01:00,116.3324643976676,138.34
2026-01-12 13:00:00+01:00,116.66127814107224,136.34
2026-01-12 13:15:00+01:00,121.41144365549088,138.71
2026-01-12 13:30:00+01:00,122.11402570044076,135.99
2026-01-12 13:45:00+01:00,123.88815196571095,120.0
2026-01-12 14:00:00+01:00,112.43475705234357,119.08
2026-01-12 14:15:00+01:00,122.57371282734746,127.98
2026-01-12 14:30:00+01:00,131.3701287867858,132.09
2026-01-12 14:45:00+01:00,136.13221653445876,134.33
2026-01-12 15:00:00+01:00,119.25161743978364,135.99
2026-01-12 15:15:00+01:00,126.88354714947837,135.98
2026-01-12 15:30:00+01:00,131.97093831892875,126.92
2026-01-12 15:45:00+01:00,140.0641213985419,127.96
2026-01-12 16:00:00+01:00,139.98252981193195,108.53
2026-01-12 16:15:00+01:00,143.17817404283798,129.9
2026-01-12 16:30:00+01:00,144.794441857983,121.52
2026-01-12 16:45:00+01:00,142.878814536072,118.37
2026-01-12 17:00:00+01:00,130.81252514063473,123.0
2026-01-12 17:15:00+01:00,132.02859061042892,120.56
2026-01-12 17:30:00+01:00,140.04072039537766,117.01
2026-01-12 17:45:00+01:00,133.365301920749,117.83
2026-01-12 18:00:00+01:00,122.50482452248153,124.81
2026-01-12 18:15:00+01:00,120.35569902173242,117.0
2026-01-12 18:30:00+01:00,122.51000952090403,107.19
2026-01-12 18:45:00+01:00,120.40374787021811,117.0
2026-01-12 19:00:00+01:00,125.36429107257969,105.0
2026-01-12 19:15:00+01:00,117.12222983845918,104.15
2026-01-12 19:30:00+01:00,113.46130034022198,102.54
2026-01-12 19:45:00+01:00,110.09455720109459,97.66
2026-01-12 20:00:00+01:00,115.94175427055019,102.72
2026-01-12 20:15:00+01:00,112.70615799669419,94.64
2026-01-12 20:30:00+01:00,100.11134522955022,90.1
2026-01-12 20:45:00+01:00,89.3912957928809,86.46
2026-01-12 21:00:00+01:00,110.28202517921011,96.09
2026-01-12 21:15:00+01:00,103.9200868964898,91.02
2026-01-12 21:30:00+01:00,99.382542626925,87.81
2026-01-12 21:45:00+01:00,92.27295064267378,92.26
2026-01-12 22:00:00+01:00,100.68755263575297,95.35
2026-01-12 22:15:00+01:00,99.29072330660694,92.44
2026-01-12 22:30:00+01:00,96.77297877998163,90.19
2026-01-12 22:45:00+01:00,90.10940155285195,90.68
2026-01-12 23:00:00+01:00,94.21110944529984,90.45
2026-01-12 23:15:00+01:00,89.71525477235397,86.99
2026-01-12 23:30:00+01:00,86.40893186785294,85.0
2026-01-12 23:45:00+01:00,79.19073298555219,81.75
2026-01-13 00:00:00+01:00,86.64510940687443,87.46
2026-01-13 00:15:00+01:00,84.2537143391914,85.0
2026-01-13 00:30:00+01:00,82.02424603842566,83.1
2026-01-13 00:45:00+01:00,80.61519915390133,81.66
2026-01-13 01:00:00+01:00,83.63779233717933,84.96
2026-01-13 01:15:00+01:00,81.44577645245131,83.07
2026-01-13 01:30:00+01:00,81.26113417168781,82.22
2026-01-13 01:45:00+01:00,79.61379415286679,80.51
2026-01-13 02:00:00+01:00,80.93876658882074,83.51
2026-01-13 02:15:00+01:00,79.84004951831585,82.26
2026-01-13 02:30:00+01:00,79.42353288718557,82.36
2026-01-13 02:45:00+01:00,78.8682421869991,82.61
2026-01-13 03:00:00+01:00,80.56830993468881,83.45
2026-01-13 03:15:00+01:00,79.98990469701096,83.88
2026-01-13 03:30:00+01:00,80.1340647004386,84.57
2026-01-13 03:45:00+01:00,79.64287210242978,84.56
2026-01-13 04:00:00+01:00,80.649037213514,84.6
2026-01-13 04:15:00+01:00,81.797209184737,85.23
2026-01-13 04:30:00+01:00,82.83366636407376,85.87
2026-01-13 04:45:00+01:00,83.54734572048227,91.29
2026-01-13 05:00:00+01:00,86.85050165922392,84.95
2026-01-13 05:15:00+01:00,87.53999654909637,86.46
2026-01-13 05:30:00+01:00,90.25381383255818,90.0
2026-01-13 05:45:00+01:00,94.50111113903883,93.49
2026-01-13 06:00:00+01:00,95.04470358779969,86.5
2026-01-13 06:15:00+01:00,102.66830081072749,96.01
2026-01-13 06:30:00+01:00,109.73043884823151,98.47
2026-01-13 06:45:00+01:00,121.55160060875038,109.23
2026-01-13 07:00:00+01:00,111.37301476747167,95.13
2026-01-13 07:15:00+01:00,122.94768199206412,120.69
2026-01-13 07:30:00+01:00,131.81079608978948,122.05
2026-01-13 07:45:00+01:00,141.9535332785608,126.25
2026-01-13 08:00:00+01:00,134.29809021844133,122.05
2026-01-13 08:15:00+01:00,150.02813835692803,128.2
2026-01-13 08:30:00+01:00,157.26750857274638,138.95
2026-01-13 08:45:00+01:00,154.40257902998832,130.02
2026-01-13 09:00:00+01:00,159.30348977666858,141.13
2026-01-13 09:15:00+01:00,164.16379314489905,134.0
2026-01-13 09:30:00+01:00,166.4578629955925,129.93
2026-01-13 09:45:00+01:00,149.6396429535789,125.01
2026-01-13 10:00:00+01:00,157.76706123373302,153.99
2026-01-13 10:15:00+01:00,160.36029722408006,147.13
2026-01-13 10:30:00+01:00,155.61136137416355,137.68
2026-01-13 10:45:00+01:00,151.91096227481515,129.99
2026-01-13 11:00:00+01:00,142.62362834473237,125.0
2026-01-13 11:15:00+01:00,141.76199919163562,126.23
2026-01-13 11:30:00+01:00,141.2757319802148,125.0
2026-01-13 11:45:00+01:00,140.09067298667392,119.18
2026-01-13 12:00:00+01:00,135.892091761268,122.07
2026-01-13 12:15:00+01:00,132.67043550130415,117.59
2026-01-13 12:30:00+01:00,133.02876862387387,115.98
2026-01-13 12:45:00+01:00,136.96945856420245,115.06
2026-01-13 13:00:00+01:00,141.26976201571642,117.43
2026-01-13 13:15:00+01:00,142.0926558603922,114.77
2026-01-13 13:30:00+01:00,148.68101448231806,111.33
2026-01-13 13:45:00+01:00,146.56949217292998,108.38
2026-01-13 14:00:00+01:00,146.2658814365583,119.24
2026-01-13 14:15:00+01:00,151.60341686858345,120.02
2026-01-13 14:30:00+01:00,153.09243076276152,122.29
2026-01-13 14:45:00+01:00,151.7677150787635,127.31
2026-01-13 15:00:00+01:00,148.05575930505995,112.98
2026-01-13 15:15:00+01:00,155.68693437326021,125.0
2026-01-13 15:30:00+01:00,156.30699434002037,122.0
2026-01-13 15:45:00+01:00,156.61328042401482,122.08
2026-01-13 16:00:00+01:00,151.14726882320588,113.87
2026-01-13 16:15:00+01:00,153.68773856881333,122.05
2026-01-13 16:30:00+01:00,158.72772112834633,122.04
2026-01-13 16:45:00+01:00,164.88108515993457,130.64
2026-01-13 17:00:00+01:00,143.32609011191434,122.05
2026-01-13 17:15:00+01:00,151.63996597940658,123.22
2026-01-13 17:30:00+01:00,149.48282338971433,122.04
2026-01-13 17:45:00+01:00,153.1748271219832,122.01
2026-01-13 18:00:00+01:00,143.21004056428205,120.31
2026-01-13 18:15:00+01:00,138.06365869213917,115.53
2026-01-13 18:30:00+01:00,137.76880061985835,110.41
2026-01-13 18:45:00+01:00,130.59319567341342,107.16
2026-01-13 19:00:00+01:00,137.8011709045853,113.21
2026-01-13 19:15:00+01:00,129.8414070460123,102.16
2026-01-13 19:30:00+01:00,121.40402758351432,92.15
2026-01-13 19:45:00+01:00,115.16835045811601,87.42
2026-01-13 20:00:00+01:00,120.32021110056063,100.85
2026-01-13 20:15:00+01:00,113.72090166530566,89.03
2026-01-13 20:30:00+01:00,107.19855881656673,87.82
2026-01-13 20:45:00+01:00,99.04667398586815,86.1
2026-01-13 21:00:00+01:00,108.29587139361979,96.72
2026-01-13 21:15:00+01:00,101.0365226426936,96.89
2026-01-13 21:30:00+01:00,95.56513564420516,90.11
2026-01-13 21:45:00+01:00,88.40637129560248,85.11
2026-01-13 22:00:00+01:00,100.19242923197066,92.43
2026-01-13 22:15:00+01:00,96.97269149760515,89.5
2026-01-13 22:30:00+01:00,94.44041315922566,91.25
2026-01-13 22:45:00+01:00,88.16739488591269,86.82
2026-01-13 23:00:00+01:00,93.23163090643416,92.94
2026-01-13 23:15:00+01:00,88.06018204821045,83.83
2026-01-13 23:30:00+01:00,85.10878153291577,79.91
2026-01-13 23:45:00+01:00,80.2079458567815,74.01
2026-01-14 00:00:00+01:00,86.31746606205678,89.4
2026-01-14 00:15:00+01:00,80.44267886861303,87.32
2026-01-14 00:30:00+01:00,78.10996103206821,82.96
2026-01-14 00:45:00+01:00,75.08016744940774,82.57
2026-01-14 01:00:00+01:00,80.25092044674741,84.93
2026-01-14 01:15:00+01:00,76.59510707407938,83.92
2026-01-14 01:30:00+01:00,75.43554038453573,84.53
2026-01-14 01:45:00+01:00,73.90191725875681,83.8
2026-01-14 02:00:00+01:00,76.7113309050774,86.48
2026-01-14 02:15:00+01:00,74.46569616295864,85.85
2026-01-14 02:30:00+01:00,74.35842388586036,85.9
2026-01-14 02:45:00+01:00,73.92774725770971,85.28
2026-01-14 03:00:00+01:00,75.19069642097483,86.01
2026-01-14 03:15:00+01:00,74.86578297647675,86.29
2026-01-14 03:30:00+01:00,74.94173054822478,86.15
2026-01-14 03:45:00+01:00,74.66750182471029,86.2
2026-01-14 04:00:00+01:00,75.62575147945891,85.47
2026-01-14 04:15:00+01:00,76.4244778807351,86.5
2026-01-14 04:30:00+01:00,77.82270871679428,88.24
2026-01-14 04:45:00+01:00,79.03842447425122,90.37
2026-01-14 05:00:00+01:00,81.83665910850767,89.67
2026-01-14 05:15:00+01:00,84.1594927612608,89.77
2026-01-14 05:30:00+01:00,85.76048283081589,89.62
2026-01-14 05:45:00+01:00,90.26555233770434,90.38
2026-01-14 06:00:00+01:00,88.40129775349892,87.64
2026-01-14 06:15:00+01:00,96.02689422088453,93.93
2026-01-14 06:30:00+01:00,102.23875505469084,97.23
2026-01-14 06:45:00+01:00,115.91862057467907,101.78
2026-01-14 07:00:00+01:00,104.10225872916091,95.59
2026-01-14 07:15:00+01:00,108.8397385143425,100.05
2026-01-14 07:30:00+01:00,114.23573383698553,104.6
2026-01-14 07:45:00+01:00,123.07989628181987,120.32
2026-01-14 08:00:00+01:00,115.91505933196267,121.72
2026-01-14 08:15:00+01:00,125.06089577808999,130.94
2026-01-14 08:30:00+01:00,130.4423794516144,131.71
2026-01-14 08:45:00+01:00,127.51043453098018,131.46
2026-01-14 09:00:00+01:00,128.4463620405692,143.02
2026-01-14 09:15:00+01:00,131.89690830093517,137.45
2026-01-14 09:30:00+01:00,131.66736850541423,128.26
2026-01-14 09:45:00+01:00,125.62718288702585,119.4
2026-01-14 10:00:00+01:00,136.20744170733192,125.43
2026-01-14 10:15:00+01:00,132.47258453739596,117.41
2026-01-14 10:30:00+01:00,126.8082796666854,112.3
2026-01-14 10:45:00+01:00,118.97557131691637,110.67
2026-01-14 11:00:00+01:00,118.71818637672175,111.85
2026-01-14 11:15:00+01:00,123.43672463226466,109.05
2026-01-14 11:30:00+01:00,124.1298943620925,105.4
2026-01-14 11:45:00+01:00,121.83150831116107,103.83
2026-01-14 12:00:00+01:00,120.91825172174816,104.67
2026-01-14 12:15:00+01:00,117.91809005809492,102.86
2026-01-14 12:30:00+01:00,120.58236147334178,103.61
2026-01-14 12:45:00+01:00,122.48341174981232,102.76
2026-01-14 13:00:00+01:00,122.5105139846021,102.74
2026-01-14 13:15:00+01:00,122.47479826617769,101.9
2026-01-14 13:30:00+01:00,124.12403608057531,103.02
2026-01-14 13:45:00+01:00,127.48069251781482,106.74
2026-01-14 14:00:00+01:00,121.48115173667833,102.77
2026-01-14 14:15:00+01:00,129.68575536514734,110.01
2026-01-14 14:30:00+01:00,138.21090440975462,124.72
2026-01-14 14:45:00+01:00,145.52329302874048,135.37
2026-01-14 15:00:00+01:00,131.48603694800207,120.46
2026-01-14 15:15:00+01:00,142.81708785407767,131.0
2026-01-14 15:30:00+01:00,151.83753592193335,161.89
2026-01-14 15:45:00+01:00,159.35776995224018,165.17
2026-01-14 16:00:00+01:00,133.68400752568866,112.43
2026-01-14 16:15:00+01:00,149.16442563548026,132.52
2026-01-14 16:30:00+01:00,155.8870844450072,158.21
2026-01-14 16:45:00+01:00,166.5392189449634,208.27
2026-01-14 17:00:00+01:00,170.14821549792487,164.99
2026-01-14 17:15:00+01:00,173.21455426189044,203.99
2026-01-14 17:30:00+01:00,170.4515613294392,224.16
2026-01-14 17:45:00+01:00,168.39857979526997,206.95
2026-01-14 18:00:00+01:00,154.7289249065475,190.89
2026-01-14 18:15:00+01:00,148.42711108216037,181.04
2026-01-14 18:30:00+01:00,151.18181681958623,175.45
2026-01-14 18:45:00+01:00,144.5322433370623,182.04
2026-01-14 19:00:00+01:00,145.8840241651219,189.65
2026-01-14 19:15:00+01:00,136.8160298409486,161.35
2026-01-14 19:30:00+01:00,135.2031311005647,147.38
2026-01-14 19:45:00+01:00,125.95496269015032,136.69
2026-01-14 20:00:00+01:00,148.0854933153631,152.32
2026-01-14 20:15:00+01:00,132.6925044439353,136.0
2026-01-14 20:30:00+01:00,126.214663427876,129.16
2026-01-14 20:45:00+01:00,122.61020901490193,118.56
2026-01-14 21:00:00+01:00,131.83135392540186,139.99
2026-01-14 21:15:00+01:00,124.91851903254853,132.0
2026-01-14 21:30:00+01:00,121.34158015654461,112.38
2026-01-14 21:45:00+01:00,112.93216162205522,102.78
2026-01-14 22:00:00+01:00,119.41206221543665,125.7
2026-01-14 22:15:00+01:00,115.80902956290548,129.22
2026-01-14 22:30:00+01:00,112.85417828562412,102.53
2026-01-14 22:45:00+01:00,106.53454960943493,98.0
2026-01-14 23:00:00+01:00,109.61415459897876,106.33
2026-01-14 23:15:00+01:00,102.85175433464259,98.2
2026-01-14 23:30:00+01:00,99.86628599039479,94.07
2026-01-14 23:45:00+01:00,94.50918860136895,89.75
2026-01-15 00:00:00+01:00,102.12007121827233,110.34
2026-01-15 00:15:00+01:00,97.39208460398295,103.51
2026-01-15 00:30:00+01:00,92.91239849452876,95.77
2026-01-15 00:45:00+01:00,89.58739626107186,92.84
2026-01-15 01:00:00+01:00,96.91954926968424,98.48
2026-01-15 01:15:00+01:00,92.25819721293037,95.02
2026-01-15 01:30:00+01:00,89.5546856260623,92.65
2026-01-15 01:45:00+01:00,87.79069544876174,90.04
2026-01-15 02:00:00+01:00,90.02094708905565,94.23
2026-01-15 02:15:00+01:00,87.13990058738004,89.63
2026-01-15 02:30:00+01:00,86.24561103780006,87.0
2026-01-15 02:45:00+01:00,85.15350511541992,86.5
2026-01-15 03:00:00+01:00,86.4970283595416,86.56
2026-01-15 03:15:00+01:00,85.86547525558092,85.7
2026-01-15 03:30:00+01:00,85.02286344374374,84.5
2026-01-15 03:45:00+01:00,83.50830719072313,82.47
2026-01-15 04:00:00+01:00,83.40328283031631,82.52
2026-01-15 04:15:00+01:00,83.79675032699059,82.36
2026-01-15 04:30:00+01:00,85.20509027958995,82.77
2026-01-15 04:45:00+01:00,86.65492558882623,84.07
2026-01-15 05:00:00+01:00,86.03376279871742,84.0
2026-01-15 05:15:00+01:00,87.46662623279505,84.0
2026-01-15 05:30:00+01:00,92.48209781587305,86.51
2026-01-15 05:45:00+01:00,96.60767679350454,89.49
2026-01-15 06:00:00+01:00,93.73611833406567,93.61
2026-01-15 06:15:00+01:00,101.47681216970625,96.5
2026-01-15 06:30:00+01:00,107.47908024866699,97.97
2026-01-15 06:45:00+01:00,119.41785781063314,104.73
2026-01-15 07:00:00+01:00,112.3373131456296,100.71
2026-01-15 07:15:00+01:00,118.14281110991588,103.24
2026-01-15 07:30:00+01:00,128.5686084528885,105.79
2026-01-15 07:45:00+01:00,135.07697271143508,110.72
2026-01-15 08:00:00+01:00,132.68633055669267,105.0
2026-01-15 08:15:00+01:00,137.74693899695833,107.74
2026-01-15 08:30:00+01:00,137.44149558042596,105.0
2026-01-15 08:45:00+01:00,129.17058455414113,102.16
2026-01-15 09:00:00+01:00,137.5700382799397,106.77
2026-01-15 09:15:00+01:00,129.27361545177448,103.21
2026-01-15 09:30:00+01:00,122.41470300090717,99.68
2026-01-15 09:45:00+01:00,113.38969122370858,96.0
2026-01-15 10:00:00+01:00,123.06989808530284,107.29
2026-01-15 10:15:00+01:00,112.01710026077352,101.74
2026-01-15 10:30:00+01:00,107.02734425876469,97.51
2026-01-15 10:45:00+01:00,101.17663930782291,95.06
2026-01-15 11:00:00+01:00,115.93003642189484,101.67
2026-01-15 11:15:00+01:00,113.49136374037462,98.28
2026-01-15 11:30:00+01:00,111.40735394614367,96.51
2026-01-15 11:45:00+01:00,108.1888511700198,94.99
2026-01-15 12:00:00+01:00,112.1945517931494,96.51
2026-01-15 12:15:00+01:00,108.53991543119079,93.97
2026-01-15 12:30:00+01:00,110.08694754312023,94.15
2026-01-15 12:45:00+01:00,112.16960218391944,96.5
2026-01-15 13:00:00+01:00,111.74568330391182,98.44
2026-01-15 13:15:00+01:00,112.70799646819368,100.14
2026-01-15 13:30:00+01:00,117.56725066634166,101.68
2026-01-15 13:45:00+01:00,122.12298533800013,102.2
2026-01-15 14:00:00+01:00,115.44653532829004,101.4
2026-01-15 14:15:00+01:00,119.5149475519687,105.0
2026-01-15 14:30:00+01:00,129.70631564825845,104.19
2026-01-15 14:45:00+01:00,139.15467157018725,111.99
2026-01-15 15:00:00+01:00,123.38896922149912,103.21
2026-01-15 15:15:00+01:00,135.11829518934402,120.08
2026-01-15 15:30:00+01:00,146.20106680439227,127.09
2026-01-15 15:45:00+01:00,153.5171074931366,142.0
2026-01-15 16:00:00+01:00,140.60158953184452,124.09
2026-01-15 16:15:00+01:00,155.44955062003265,134.66
2026-01-15 16:30:00+01:00,171.6321440882598,138.34
2026-01-15 16:45:00+01:00,177.5866880718031,144.4
2026-01-15 17:00:00+01:00,162.43471846689374,151.18
2026-01-15 17:15:00+01:00,167.62034144205535,154.92
2026-01-15 17:30:00+01:00,176.3762936745497,143.88
2026-01-15 17:45:00+01:00,168.82922998394605,132.0
2026-01-15 18:00:00+01:00,153.3549516716347,133.49
2026-01-15 18:15:00+01:00,147.26059528026568,116.49
2026-01-15 18:30:00+01:00,146.15577688640718,117.52
2026-01-15 18:45:00+01:00,139.29286767303486,111.48
2026-01-15 19:00:00+01:00,135.99092009095136,112.21
2026-01-15 19:15:00+01:00,122.39704013697704,104.08
2026-01-15 19:30:00+01:00,118.73242093667969,103.3
2026-01-15 19:45:00+01:00,112.91773486721353,102.38
2026-01-15 20:00:00+01:00,118.88604031943471,101.1
2026-01-15 20:15:00+01:00,106.81805146506932,100.15
2026-01-15 20:30:00+01:00,94.40464116020853,97.87
2026-01-15 20:45:00+01:00,89.02492160087095,93.52
2026-01-15 21:00:00+01:00,106.02608160025092,93.36
2026-01-15 21:15:00+01:00,94.89627022541802,90.49
2026-01-15 21:30:00+01:00,86.9061987813318,90.08
2026-01-15 21:45:00+01:00,78.11836043340139,90.05
2026-01-15 22:00:00+01:00,101.84387225993927,94.12
2026-01-15 22:15:00+01:00,93.46097512958329,88.99
2026-01-15 22:30:00+01:00,85.57909067476714,87.74
2026-01-15 22:45:00+01:00,75.91031161979976,82.72
2026-01-15 23:00:00+01:00,88.54131690708411,90.0
2026-01-15 23:15:00+01:00,79.1314188174427,84.12
2026-01-15 23:30:00+01:00,71.30438005169867,81.9
2026-01-15 23:45:00+01:00,62.85384749425758,68.6
2026-01-16 00:00:00+01:00,78.12633533923072,89.62
2026-01-16 00:15:00+01:00,73.16356977818307,83.6
2026-01-16 00:30:00+01:00,73.24469195842414,76.33
2026-01-16 00:45:00+01:00,69.64275796970085,74.65
2026-01-16 01:00:00+01:00,73.02584270374345,78.99
2026-01-16 01:15:00+01:00,71.21018614427138,75.16
2026-01-16 01:30:00+01:00,69.40359401324147,74.2
2026-01-16 01:45:00+01:00,66.75041950370127,71.65
2026-01-16 02:00:00+01:00,70.53491310512507,72.88
2026-01-16 02:15:00+01:00,70.28840687143571,72.14
2026-01-16 02:30:00+01:00,69.27270432914061,69.1
2026-01-16 02:45:00+01:00,67.64668789885019,68.17
2026-01-16 03:00:00+01:00,71.51827568092504,67.46
2026-01-16 03:15:00+01:00,71.34331809525837,66.76
2026-01-16 03:30:00+01:00,69.6815203615541,67.11
2026-01-16 03:45:00+01:00,70.40386307953408,67.59
2026-01-16 04:00:00+01:00,70.68627837361606,68.91
2026-01-16 04:15:00+01:00,71.54954506912487,69.07
2026-01-16 04:30:00+01:00,74.10189128162061,71.5
2026-01-16 04:45:00+01:00,74.94853781803118,76.04
2026-01-16 05:00:00+01:00,71.26841811220588,75.54
2026-01-16 05:15:00+01:00,74.28187902521432,79.25
2026-01-16 05:30:00+01:00,78.9786579670037,83.48
2026-01-16 05:45:00+01:00,84.4524654694593,89.93
2026-01-16 06:00:00+01:00,80.5124794166529,82.21
2026-01-16 06:15:00+01:00,89.37986768001404,88.04
2026-01-16 06:30:00+01:00,90.99637256061267,93.48
2026-01-16 06:45:00+01:00,101.44860178150645,99.16
2026-01-16 07:00:00+01:00,93.83922315032723,94.39
2026-01-16 07:15:00+01:00,97.46504595897082,99.09
2026-01-16 07:30:00+01:00,100.47020237443465,96.5
2026-01-16 07:45:00+01:00,105.31995306711728,104.42
2026-01-16 08:00:00+01:00,103.37217424431566,103.25
2026-01-16 08:15:00+01:00,106.48798631180712,115.78
2026-01-16 08:30:00+01:00,108.58092647701993,113.0
2026-01-16 08:45:00+01:00,101.07549971644163,105.2
2026-01-16 09:00:00+01:00,104.69448317440096,119.03
2026-01-16 09:15:00+01:00,105.13020414546214,113.07
2026-01-16 09:30:00+01:00,102.14333863964241,104.78
2026-01-16 09:45:00+01:00,96.72768406149015,98.83
2026-01-16 10:00:00+01:00,101.73353093558129,108.82
2026-01-16 10:15:00+01:00,97.59472942014382,103.8
2026-01-16 10:30:00+01:00,93.95818553719728,99.61
2026-01-16 10:45:00+01:00,91.47404713535428,99.88
2026-01-16 11:00:00+01:00,95.11243540565893,102.19
2026-01-16 11:15:00+01:00,94.54057485044514,98.99
2026-01-16 11:30:00+01:00,94.32986426481213,98.06
2026-01-16 11:45:00+01:00,96.08060657333732,99.91
2026-01-16 12:00:00+01:00,94.769172912156,97.13
2026-01-16 12:15:00+01:00,95.07546890449206,98.42
2026-01-16 12:30:00+01:00,97.85932395822593,98.7
2026-01-16 12:45:00+01:00,100.62532622561369,102.54
2026-01-16 13:00:00+01:00,102.81376161944536,95.81
2026-01-16 13:15:00+01:00,106.287164827927,98.35
2026-01-16 13:30:00+01:00,109.58937905070258,100.68
2026-01-16 13:45:00+01:00,113.11677223618418,102.41
2026-01-16 14:00:00+01:00,113.67631118608547,101.54
2026-01-16 14:15:00+01:00,122.9196453653231,110.31
2026-01-16 14:30:00+01:00,129.15023068524295,114.93
2026-01-16 14:45:00+01:00,135.66627258696,126.02
2026-01-16 15:00:00+01:00,144.10738330373954,116.08
2026-01-16 15:15:00+01:00,155.90152763338546,136.5
2026-01-16 15:30:00+01:00,166.23398294036946,146.98
2026-01-16 15:45:00+01:00,175.5864912792989,164.44
2026-01-16 16:00:00+01:00,163.72929183666434,129.99
2026-01-16 16:15:00+01:00,171.24251323421214,149.17
2026-01-16 16:30:00+01:00,184.98134989577775,161.59
2026-01-16 16:45:00+01:00,187.58299617497576,209.97
2026-01-16 17:00:00+01:00,174.27904799883743,160.46
2026-01-16 17:15:00+01:00,172.56583838307196,177.17
2026-01-16 17:30:00+01:00,171.78570997512776,180.9
2026-01-16 17:45:00+01:00,163.58648441454895,162.77
2026-01-16 18:00:00+01:00,180.11166757831796,168.02
2026-01-16 18:15:00+01:00,166.8671681228987,158.32
2026-01-16 18:30:00+01:00,158.97122437117036,163.1
2026-01-16 18:45:00+01:00,150.55251050177256,160.33
2026-01-16 19:00:00+01:00,170.4458798747554,165.06
2026-01-16 19:15:00+01:00,159.10594081470026,154.4
2026-01-16 19:30:00+01:00,155.18523682389127,149.94
2026-01-16 19:45:00+01:00,152.00965037985745,147.32
2026-01-16 20:00:00+01:00,153.2790694549835,142.6
2026-01-16 20:15:00+01:00,149.93525283023783,141.0
2026-01-16 20:30:00+01:00,146.6957322278426,135.35
2026-01-16 20:45:00+01:00,139.8239395575407,117.05
2026-01-16 21:00:00+01:00,134.1278872689758,124.97
2026-01-16 21:15:00+01:00,132.64575661755907,124.56
2026-01-16 21:30:00+01:00,127.68524728369498,115.62
2026-01-16 21:45:00+01:00,123.22116741892984,105.3
2026-01-16 22:00:00+01:00,125.31571038223072,125.76
2026-01-16 22:15:00+01:00,121.42395744501235,116.83
2026-01-16 22:30:00+01:00,115.6950922381901,117.0
2026-01-16 22:45:00+01:00,112.35168302517494,111.23
2026-01-16 23:00:00+01:00,114.45996116983146,119.66
2026-01-16 23:15:00+01:00,109.1874688731467,104.32
2026-01-16 23:30:00+01:00,105.41136869115603,98.09
2026-01-16 23:45:00+01:00,100.21540036428567,94.61
2026-01-17 00:00:00+01:00,108.31494910999444,117.99
2026-01-17 00:15:00+01:00,102.45546238031055,109.01
2026-01-17 00:30:00+01:00,97.18700577011909,98.0
2026-01-17 00:45:00+01:00,93.84070290796252,93.64
2026-01-17 01:00:00+01:00,102.26163952483245,107.96
2026-01-17 01:15:00+01:00,95.67625827696016,102.58
2026-01-17 01:30:00+01:00,92.61967854633092,98.62
2026-01-17 01:45:00+01:00,91.07804562629155,95.99
2026-01-17 02:00:00+01:00,94.75227390721804,102.23
2026-01-17 02:15:00+01:00,90.64721769712763,100.03
2026-01-17 02:30:00+01:00,90.46593576085554,96.46
2026-01-17 02:45:00+01:00,89.98600254331038,94.22
2026-01-17 03:00:00+01:00,92.79648299729942,95.34
2026-01-17 03:15:00+01:00,91.76055307175419,98.38
2026-01-17 03:30:00+01:00,91.76386629533766,95.24
2026-01-17 03:45:00+01:00,89.67758937028034,95.59
2026-01-17 04:00:00+01:00,88.25465679610733,95.3
2026-01-17 04:15:00+01:00,88.97755719072735,95.01
2026-01-17 04:30:00+01:00,90.42452840035808,95.07
2026-01-17 04:45:00+01:00,91.49355840213495,95.37
2026-01-17 05:00:00+01:00,89.38938108572451,95.3
2026-01-17 05:15:00+01:00,90.40885079185196,94.31
2026-01-17 05:30:00+01:00,93.36445015479188,95.94
2026-01-17 05:45:00+01:00,95.86763945738132,95.42
2026-01-17 06:00:00+01:00,89.53111272016281,97.87
2026-01-17 06:15:00+01:00,97.41304746226855,92.11
2026-01-17 06:30:00+01:00,101.46747303408844,96.47
2026-01-17 06:45:00+01:00,109.29912722078376,96.96
2026-01-17 07:00:00+01:00,103.87320629487579,94.18
2026-01-17 07:15:00+01:00,108.70509521453981,97.76
2026-01-17 07:30:00+01:00,114.43892007343634,99.88
2026-01-17 07:45:00+01:00,116.72304782656417,104.93
2026-01-17 08:00:00+01:00,120.25772345881614,95.98
2026-01-17 08:15:00+01:00,124.76628526526812,106.85
2026-01-17 08:30:00+01:00,120.55153664545578,109.94
2026-01-17 08:45:00+01:00,113.68602347722963,111.11
2026-01-17 09:00:00+01:00,128.0834292209947,118.56
2026-01-17 09:15:00+01:00,118.90826442586892,120.86
2026-01-17 09:30:00+01:00,111.18007964769197,116.45
2026-01-17 09:45:00+01:00,104.58914415809211,110.75
2026-01-17 10:00:00+01:00,120.50474286172044,123.43
2026-01-17 10:15:00+01:00,112.49333597407733,116.03
2026-01-17 10:30:00+01:00,109.44390540721335,111.71
2026-01-17 10:45:00+01:00,103.95182176706382,109.23
2026-01-17 11:00:00+01:00,114.26020177048457,112.84
2026-01-17 11:15:00+01:00,112.35207465199959,112.11
2026-01-17 11:30:00+01:00,111.05801083602373,111.6
2026-01-17 11:45:00+01:00,108.73070354861864,109.88
2026-01-17 12:00:00+01:00,109.40010706233488,112.91
2026-01-17 12:15:00+01:00,105.7257486701584,110.99
2026-01-17 12:30:00+01:00,107.70970999038384,112.92
2026-01-17 12:45:00+01:00,107.64918166813021,110.97
2026-01-17 13:00:00+01:00,102.98177922005453,109.9
2026-01-17 13:15:00+01:00,104.01334961205035,108.78
2026-01-17 13:30:00+01:00,105.34703960118088,107.9
2026-01-17 13:45:00+01:00,108.82736047778401,107.98
2026-01-17 14:00:00+01:00,104.80767847161442,107.81
2026-01-17 14:15:00+01:00,109.67256387996224,109.78
2026-01-17 14:30:00+01:00,112.70949395731864,113.77
2026-01-17 14:45:00+01:00,122.10307275001338,119.91
2026-01-17 15:00:00+01:00,118.66256463602139,115.01
2026-01-17 15:15:00+01:00,130.4109909144583,120.89
2026-01-17 15:30:00+01:00,138.11151171352265,126.62
2026-01-17 15:45:00+01:00,144.597173598635,128.56
2026-01-17 16:00:00+01:00,126.98097723576878,127.1
2026-01-17 16:15:00+01:00,140.97105897424265,137.98
2026-01-17 16:30:00+01:00,148.29257480627302,138.86
2026-01-17 16:45:00+01:00,159.4461819385926,139.16
2026-01-17 17:00:00+01:00,138.83438143853772,137.3
2026-01-17 17:15:00+01:00,145.2043319501496,139.91
2026-01-17 17:30:00+01:00,148.85701214232927,140.94
2026-01-17 17:45:00+01:00,147.90936122754115,145.5
2026-01-17 18:00:00+01:00,140.55740572934866,140.49
2026-01-17 18:15:00+01:00,137.47704702132754,140.49
2026-01-17 18:30:00+01:00,140.25800601840618,145.61
2026-01-17 18:45:00+01:00,132.4080618790113,144.8
2026-01-17 19:00:00+01:00,135.7126664086683,141.8
2026-01-17 19:15:00+01:00,130.7069294759457,141.05
2026-01-17 19:30:00+01:00,124.71178536283908,140.14
2026-01-17 19:45:00+01:00,121.71556163191194,131.36
2026-01-17 20:00:00+01:00,120.2680246331555,136.66
2026-01-17 20:15:00+01:00,114.54385131486845,120.35
2026-01-17 20:30:00+01:00,109.94984089149342,118.19
2026-01-17 20:45:00+01:00,102.73036037917117,107.96
2026-01-17 21:00:00+01:00,116.45862597884141,116.81
2026-01-17 21:15:00+01:00,110.28955440808672,111.64
2026-01-17 21:30:00+01:00,106.50773898634297,103.76
2026-01-17 21:45:00+01:00,98.92725131662667,99.01
2026-01-17 22:00:00+01:00,116.66854499176767,108.97
2026-01-17 22:15:00+01:00,109.95318208237525,104.34
2026-01-17 22:30:00+01:00,106.59045249418767,109.96
2026-01-17 22:45:00+01:00,100.03744857933619,113.33
2026-01-17 23:00:00+01:00,109.05052197955783,115.99
2026-01-17 23:15:00+01:00,100.04721877459478,109.0
2026-01-17 23:30:00+01:00,96.44415994847161,104.13
2026-01-17 23:45:00+01:00,89.73119798105199,98.97
2026-01-18 00:00:00+01:00,108.3323121633948,115.24
2026-01-18 00:15:00+01:00,106.06842931629782,112.95
2026-01-18 00:30:00+01:00,101.63004026883662,108.67
2026-01-18 00:45:00+01:00,99.12375658613175,106.0
2026-01-18 01:00:00+01:00,102.90218528309362,112.99
2026-01-18 01:15:00+01:00,98.87034811237112,109.16
2026-01-18 01:30:00+01:00,97.19854391704911,107.09
2026-01-18 01:45:00+01:00,95.51196267912255,107.52
2026-01-18 02:00:00+01:00,98.17411486530979,111.23
2026-01-18 02:15:00+01:00,95.88930738181567,109.17
2026-01-18 02:30:00+01:00,94.99792296278038,104.94
2026-01-18 02:45:00+01:00,93.57432364671871,104.22
2026-01-18 03:00:00+01:00,93.8011539392308,103.83
2026-01-18 03:15:00+01:00,92.66258604723683,103.0
2026-01-18 03:30:00+01:00,92.49794173796295,101.73
2026-01-18 03:45:00+01:00,93.55885456875464,101.6
2026-01-18 04:00:00+01:00,92.34899434564836,102.99
2026-01-18 04:15:00+01:00,92.62989047188725,102.62
2026-01-18 04:30:00+01:00,93.61333118964174,101.73
2026-01-18 04:45:00+01:00,94.544996810092,101.6
2026-01-18 05:00:00+01:00,91.54423925239176,101.43
2026-01-18 05:15:00+01:00,91.93462980899795,101.6
2026-01-18 05:30:00+01:00,94.72482161059692,102.3
2026-01-18 05:45:00+01:00,97.33339689069385,102.99
2026-01-18 06:00:00+01:00,86.88777159827404,100.2
2026-01-18 06:15:00+01:00,93.22132163663213,101.22
2026-01-18 06:30:00+01:00,96.6584367600085,101.22
2026-01-18 06:45:00+01:00,105.52488620570256,101.56
2026-01-18 07:00:00+01:00,97.94897247061525,100.28
2026-01-18 07:15:00+01:00,104.70619165369924,99.32
2026-01-18 07:30:00+01:00,106.42529890302083,100.5
2026-01-18 07:45:00+01:00,110.33136580306756,102.32
2026-01-18 08:00:00+01:00,109.0091877687422,104.12
2026-01-18 08:15:00+01:00,119.0917912419552,105.57
2026-01-18 08:30:00+01:00,121.36121154142911,107.37
2026-01-18 08:45:00+01:00,121.05305440906962,105.66
2026-01-18 09:00:00+01:00,125.59789225187603,114.96
2026-01-18 09:15:00+01:00,127.78340963959525,106.96
2026-01-18 09:30:00+01:00,124.28088602435982,105.18
2026-01-18 09:45:00+01:00,116.53320843906123,102.59
2026-01-18 10:00:00+01:00,127.15258221181459,105.31
2026-01-18 10:15:00+01:00,121.09721440577793,103.2
2026-01-18 10:30:00+01:00,118.34112703325866,101.03
2026-01-18 10:45:00+01:00,114.76958679624386,98.1
2026-01-18 11:00:00+01:00,117.16626177629033,98.35
2026-01-18 11:15:00+01:00,116.82675080955457,99.72
2026-01-18 11:30:00+01:00,116.3145855663561,98.1
2026-01-18 11:45:00+01:00,115.42073055857989,97.76
2026-01-18 12:00:00+01:00,113.38032420648722,98.0
2026-01-18 12:15:00+01:00,108.48259534460627,96.59
2026-01-18 12:30:00+01:00,108.06827807467677,96.53
2026-01-18 12:45:00+01:00,109.39257201066124,96.3
2026-01-18 13:00:00+01:00,106.49409359809053,96.13
2026-01-18 13:15:00+01:00,106.07160994693265,96.74
2026-01-18 13:30:00+01:00,104.09541640032046,97.2
2026-01-18 13:45:00+01:00,105.70877027704108,97.78
2026-01-18 14:00:00+01:00,107.70205869823772,98.0
2026-01-18 14:15:00+01:00,107.7076659981237,100.37
2026-01-18 14:30:00+01:00,110.94597200261498,102.17
2026-01-18 14:45:00+01:00,116.97385065931987,102.84
2026-01-18 15:00:00+01:00,119.58663331411373,101.46
2026-01-18 15:15:00+01:00,123.23408676538494,103.4
2026-01-18 15:30:00+01:00,124.09397493874374,105.43
2026-01-18 15:45:00+01:00,129.03300670848603,111.91
2026-01-18 16:00:00+01:00,123.88296081165103,106.1
2026-01-18 16:15:00+01:00,136.27399845313968,116.89
2026-01-18 16:30:00+01:00,137.25587131392263,117.15
2026-01-18 16:45:00+01:00,146.5344214248605,119.36
2026-01-18 17:00:00+01:00,138.789563044563,117.67
2026-01-18 17:15:00+01:00,141.28818307507498,127.19
2026-01-18 17:30:00+01:00,142.62901461897752,134.47
2026-01-18 17:45:00+01:00,144.6196444417207,140.64
2026-01-18 18:00:00+01:00,145.61253614777277,139.09
2026-01-18 18:15:00+01:00,141.74731493992684,142.49
2026-01-18 18:30:00+01:00,142.56389430037413,146.2
2026-01-18 18:45:00+01:00,138.63706919585306,141.0
2026-01-18 19:00:00+01:00,146.18114362945028,144.22
2026-01-18 19:15:00+01:00,139.8257040132858,141.0
2026-01-18 19:30:00+01:00,134.3147271502487,136.37
2026-01-18 19:45:00+01:00,129.60779535581327,125.1
2026-01-18 20:00:00+01:00,128.85070091881224,125.16
2026-01-18 20:15:00+01:00,120.60437808411004,127.11
2026-01-18 20:30:00+01:00,116.43656510323302,125.43
2026-01-18 20:45:00+01:00,105.74385893830434,114.51
2026-01-18 21:00:00+01:00,114.83819654195351,120.9
2026-01-18 21:15:00+01:00,111.39916486882254,114.08
2026-01-18 21:30:00+01:00,107.70479309990705,106.01
2026-01-18 21:45:00+01:00,101.00274861419709,101.53
2026-01-18 22:00:00+01:00,114.1404456712264,121.3
2026-01-18 22:15:00+01:00,110.50866971737334,114.95
2026-01-18 22:30:00+01:00,109.6216028928239,113.03
2026-01-18 22:45:00+01:00,103.21565604473568,107.84
2026-01-18 23:00:00+01:00,109.30961627213956,110.0
2026-01-18 23:15:00+01:00,101.89642361836631,104.59
2026-01-18 23:30:00+01:00,98.32702532265877,100.33
2026-01-18 23:45:00+01:00,93.6181353409336,100.01
2026-01-19 00:00:00+01:00,103.74835823892718,104.8
2026-01-19 00:15:00+01:00,102.19192498009654,101.6
2026-01-19 00:30:00+01:00,98.68707328612494,99.92
2026-01-19 00:45:00+01:00,96.78319219607204,98.28
2026-01-19 01:00:00+01:00,100.4521185136945,100.2
2026-01-19 01:15:00+01:00,96.56340129597218,101.08
2026-01-19 01:30:00+01:00,95.21115848854264,100.89
2026-01-19 01:45:00+01:00,94.74243949851669,99.59
2026-01-19 02:00:00+01:00,96.68426607573254,102.12
2026-01-19 02:15:00+01:00,94.73739830782455,100.99
2026-01-19 02:30:00+01:00,93.3271198573356,100.21
2026-01-19 02:45:00+01:00,93.53673943949329,100.01
2026-01-19 03:00:00+01:00,93.05723623155492,100.48
2026-01-19 03:15:00+01:00,93.20283925983732,100.54
2026-01-19 03:30:00+01:00,93.38864640461466,100.21
2026-01-19 03:45:00+01:00,93.56945804304303,100.52
2026-01-19 04:00:00+01:00,93.12577411574053,99.45
2026-01-19 04:15:00+01:00,93.60262793075059,100.22
2026-01-19 04:30:00+01:00,93.66642448533639,100.52
2026-01-19 04:45:00+01:00,95.22623692226983,100.35
2026-01-19 05:00:00+01:00,100.44557024947258,97.7
2026-01-19 05:15:00+01:00,102.44426159977367,100.16
2026-01-19 05:30:00+01:00,105.79184960744892,101.05
2026-01-19 05:45:00+01:00,107.34846232890368,111.21
2026-01-19 06:00:00+01:00,112.19598943289235,108.04
2026-01-19 06:15:00+01:00,121.56206708811257,122.76
2026-01-19 06:30:00+01:00,126.7075707825989,130.57
2026-01-19 06:45:00+01:00,141.56361043125756,144.15
2026-01-19 07:00:00+01:00,128.32356498333024,142.29
2026-01-19 07:15:00+01:00,142.7258545070404,157.41
2026-01-19 07:30:00+01:00,151.8711853593105,171.84
2026-01-19 07:45:00+01:00,163.67042706285093,172.79
2026-01-19 08:00:00+01:00,161.69601447381064,177.34
2026-01-19 08:15:00+01:00,168.4403995898172,184.48
2026-01-19 08:30:00+01:00,175.26268280457788,177.11
2026-01-19 08:45:00+01:00,160.88839838424119,165.0
2026-01-19 09:00:00+01:00,175.00823291539632,190.2
2026-01-19 09:15:00+01:00,174.73334587372827,171.03
2026-01-19 09:30:00+01:00,163.79491765524477,151.85
2026-01-19 09:45:00+01:00,147.3736232324892,134.67
2026-01-19 10:00:00+01:00,162.56953893796955,156.81
2026-01-19 10:15:00+01:00,153.4194885026281,139.35
2026-01-19 10:30:00+01:00,148.20556312464515,128.13
2026-01-19 10:45:00+01:00,139.59133975075932,119.4
2026-01-19 11:00:00+01:00,146.19360691528777,126.08
2026-01-19 11:15:00+01:00,144.3215553159811,119.84
2026-01-19 11:30:00+01:00,143.6179799079614,119.07
2026-01-19 11:45:00+01:00,142.86252821028012,117.12
2026-01-19 12:00:00+01:00,138.98558011686148,118.08
2026-01-19 12:15:00+01:00,137.03498259509558,114.59
2026-01-19 12:30:00+01:00,137.02380314629377,117.46
2026-01-19 12:45:00+01:00,136.41838119492712,120.11
2026-01-19 13:00:00+01:00,133.90442224503414,119.0
2026-01-19 13:15:00+01:00,135.58424974420285,121.34
2026-01-19 13:30:00+01:00,135.1340301910128,125.91
2026-01-19 13:45:00+01:00,136.54702977760218,133.76
2026-01-19 14:00:00+01:00,135.97824975733573,120.68
2026-01-19 14:15:00+01:00,145.84577808574886,139.0
2026-01-19 14:30:00+01:00,146.8467589786016,147.67
2026-01-19 14:45:00+01:00,150.67796606228382,170.05
2026-01-19 15:00:00+01:00,153.07211381044914,135.0
2026-01-19 15:15:00+01:00,161.2093041923605,159.78
2026-01-19 15:30:00+01:00,164.44652188979225,176.26
2026-01-19 15:45:00+01:00,170.14443013049117,209.13
2026-01-19 16:00:00+01:00,159.42175846320623,168.3
2026-01-19 16:15:00+01:00,183.23634589020077,192.76
2026-01-19 16:30:00+01:00,184.37718188950078,206.93
2026-01-19 16:45:00+01:00,191.3722601745465,211.57
2026-01-19 17:00:00+01:00,190.95383432367555,192.34
2026-01-19 17:15:00+01:00,202.189797285441,218.25
2026-01-19 17:30:00+01:00,203.5636501039047,216.31
2026-01-19 17:45:00+01:00,193.0387156332119,206.01
2026-01-19 18:00:00+01:00,209.26983807254993,209.99
2026-01-19 18:15:00+01:00,185.42499275067706,191.93
2026-01-19 18:30:00+01:00,181.04969753176852,198.83
2026-01-19 18:45:00+01:00,176.27121291367803,199.47
2026-01-19 19:00:00+01:00,175.74705599364393,192.93
2026-01-19 19:15:00+01:00,168.48488519312554,182.96
2026-01-19 19:30:00+01:00,159.56460288921323,177.63
2026-01-19 19:45:00+01:00,153.68943176715135,170.33
2026-01-19 20:00:00+01:00,164.6427305042662,166.52
2026-01-19 20:15:00+01:00,157.30540709553594,160.21
2026-01-19 20:30:00+01:00,149.37330127895984,158.35
2026-01-19 20:45:00+01:00,139.82850776846317,144.46
2026-01-19 21:00:00+01:00,142.5169188589117,141.01
2026-01-19 21:15:00+01:00,136.05352220645042,137.95
2026-01-19 21:30:00+01:00,126.28205616313431,134.72
2026-01-19 21:45:00+01:00,118.53061330651332,127.0
2026-01-19 22:00:00+01:00,133.83994652651722,131.46
2026-01-19 22:15:00+01:00,128.65750013568038,127.76
2026-01-19 22:30:00+01:00,123.68387517398396,126.47
2026-01-19 22:45:00+01:00,117.54145814701349,119.92
2026-01-19 23:00:00+01:00,126.64700462986791,122.64
2026-01-19 23:15:00+01:00,115.75695788302001,115.01
2026-01-19 23:30:00+01:00,109.88696176167413,107.94
2026-01-19 23:45:00+01:00,105.85072427057088,104.29
2026-01-20 00:00:00+01:00,116.70928538984349,114.06
2026-01-20 00:15:00+01:00,111.62504718432339,117.5
2026-01-20 00:30:00+01:00,108.94592615607215,115.14
2026-01-20 00:45:00+01:00,105.70840177715012,113.54
2026-01-20 01:00:00+01:00,112.69587870965492,115.04
2026-01-20 01:15:00+01:00,107.82254991316418,114.97
2026-01-20 01:30:00+01:00,106.57096529365364,114.9
2026-01-20 01:45:00+01:00,104.30422106301438,112.43
2026-01-20 02:00:00+01:00,108.57564721829712,110.04
2026-01-20 02:15:00+01:00,106.08229828928451,109.68
2026-01-20 02:30:00+01:00,104.50356859310236,110.76
2026-01-20 02:45:00+01:00,104.04663172375453,110.94
2026-01-20 03:00:00+01:00,104.06406729869512,108.91
2026-01-20 03:15:00+01:00,104.40369843834837,109.25
2026-01-20 03:30:00+01:00,104.79146332811916,109.9
2026-01-20 03:45:00+01:00,104.57266455149843,111.41
2026-01-20 04:00:00+01:00,103.7952928064698,108.91
2026-01-20 04:15:00+01:00,104.74216426033473,110.01
2026-01-20 04:30:00+01:00,106.00273229079706,115.52
2026-01-20 04:45:00+01:00,108.03045407813468,118.25
2026-01-20 05:00:00+01:00,107.81362532279425,122.43
2026-01-20 05:15:00+01:00,108.97586156621472,110.91
2026-01-20 05:30:00+01:00,114.69745696009096,128.61
2026-01-20 05:45:00+01:00,120.24091067822211,139.17
2026-01-20 06:00:00+01:00,118.90997275004058,126.45
2026-01-20 06:15:00+01:00,130.05804867093198,159.43
2026-01-20 06:30:00+01:00,141.0485400442568,191.71
2026-01-20 06:45:00+01:00,159.78597116628464,282.83
2026-01-20 07:00:00+01:00,141.41011105471023,176.09
2026-01-20 07:15:00+01:00,154.7898178814637,224.33
2026-01-20 07:30:00+01:00,162.67225670225125,268.09
2026-01-20 07:45:00+01:00,171.39473348749164,295.0
2026-01-20 08:00:00+01:00,175.5371147394171,327.01
2026-01-20 08:15:00+01:00,183.13144958783067,302.01
2026-01-20 08:30:00+01:00,188.78650931012453,236.3
2026-01-20 08:45:00+01:00,166.8251912088829,185.82
2026-01-20 09:00:00+01:00,195.9934281924392,246.84
2026-01-20 09:15:00+01:00,184.18574883066742,194.13
2026-01-20 09:30:00+01:00,168.19260517357415,168.0
2026-01-20 09:45:00+01:00,150.8713308986812,109.17
2026-01-20 10:00:00+01:00,171.70340913003213,168.57
2026-01-20 10:15:00+01:00,159.82134306382466,133.43
2026-01-20 10:30:00+01:00,148.73003560189716,121.3
2026-01-20 10:45:00+01:00,139.66988909787003,105.38
2026-01-20 11:00:00+01:00,154.81683397112585,119.0
2026-01-20 11:15:00+01:00,149.90354134511296,106.22
2026-01-20 11:30:00+01:00,147.58409952448022,104.36
2026-01-20 11:45:00+01:00,145.53809267417014,102.23
2026-01-20 12:00:00+01:00,136.14841849710652,104.35
2026-01-20 12:15:00+01:00,134.42264981969691,102.16
2026-01-20 12:30:00+01:00,136.02496061900985,103.02
2026-01-20 12:45:00+01:00,137.18032668572414,104.96
2026-01-20 13:00:00+01:00,132.6393895676195,104.59
2026-01-20 13:15:00+01:00,135.12602281323063,105.76
2026-01-20 13:30:00+01:00,137.31465905117253,105.33
2026-01-20 13:45:00+01:00,142.46538986786138,107.34
2026-01-20 14:00:00+01:00,135.9460194328255,106.18
2026-01-20 14:15:00+01:00,147.97809045752047,123.76
2026-01-20 14:30:00+01:00,155.57364524597568,149.45
2026-01-20 14:45:00+01:00,169.15709197069452,167.5
2026-01-20 15:00:00+01:00,155.35789457439094,136.08
2026-01-20 15:15:00+01:00,166.64858809668027,158.99
2026-01-20 15:30:00+01:00,179.48760986560845,204.43
2026-01-20 15:45:00+01:00,192.15937769390956,213.54
2026-01-20 16:00:00+01:00,168.5032728012742,202.99
2026-01-20 16:15:00+01:00,189.1572879297101,253.17
2026-01-20 16:30:00+01:00,198.67267076676927,291.93
2026-01-20 16:45:00+01:00,209.57863257160625,358.85
2026-01-20 17:00:00+01:00,202.12326368516472,242.97
2026-01-20 17:15:00+01:00,213.84220507026254,266.24
2026-01-20 17:30:00+01:00,203.88798111043047,260.7
2026-01-20 17:45:00+01:00,197.89292271882545,228.61
2026-01-20 18:00:00+01:00,189.8969221623936,221.52
2026-01-20 18:15:00+01:00,178.9786008127777,194.52
2026-01-20 18:30:00+01:00,182.48689113674237,181.95
2026-01-20 18:45:00+01:00,179.83975903050703,177.71
2026-01-20 19:00:00+01:00,166.99917990794748,208.81
2026-01-20 19:15:00+01:00,156.7043002578003,186.84
2026-01-20 19:30:00+01:00,149.75928041373515,171.5
2026-01-20 19:45:00+01:00,145.05736791593932,160.52
2026-01-20 20:00:00+01:00,156.48050865960136,182.37
2026-01-20 20:15:00+01:00,148.61664439373305,158.99
2026-01-20 20:30:00+01:00,142.7828807699224,144.99
2026-01-20 20:45:00+01:00,133.94475763709002,134.05
2026-01-20 21:00:00+01:00,135.15008033675932,163.73
2026-01-20 21:15:00+01:00,133.08613868750945,152.44
2026-01-20 21:30:00+01:00,123.36253570819267,132.43
2026-01-20 21:45:00+01:00,116.2538163502514,110.96
2026-01-20 22:00:00+01:00,125.33140873465301,131.99
2026-01-20 22:15:00+01:00,122.83102114769363,121.64
2026-01-20 22:30:00+01:00,117.87291203582267,110.09
2026-01-20 22:45:00+01:00,114.00575500433347,105.05
2026-01-20 23:00:00+01:00,118.9311508670019,116.14
2026-01-20 23:15:00+01:00,111.754137828175,109.65
2026-01-20 23:30:00+01:00,106.87167179104694,107.42
2026-01-20 23:45:00+01:00,101.54779297319236,98.14
2026-01-21 00:00:00+01:00,111.8990655777586,99.93
2026-01-21 00:15:00+01:00,107.45870783522673,99.75
2026-01-21 00:30:00+01:00,103.61553100936727,102.13
2026-01-21 00:45:00+01:00,101.28755660333513,104.15
2026-01-21 01:00:00+01:00,106.45298083397785,104.56
2026-01-21 01:15:00+01:00,103.29989985354572,102.45
2026-01-21 01:30:00+01:00,100.32049854299679,101.02
2026-01-21 01:45:00+01:00,98.36175875172538,98.84
2026-01-21 02:00:00+01:00,100.58841319693103,98.66
2026-01-21 02:15:00+01:00,98.52962732957107,99.12
2026-01-21 02:30:00+01:00,98.48528492409442,98.56
2026-01-21 02:45:00+01:00,97.03570266243855,98.69
2026-01-21 03:00:00+01:00,97.43625696996017,104.42
2026-01-21 03:15:00+01:00,97.39594055335013,100.99
2026-01-21 03:30:00+01:00,96.87876032246945,100.01
2026-01-21 03:45:00+01:00,97.15522880972911,98.22
2026-01-21 04:00:00+01:00,95.65042860862775,100.48
2026-01-21 04:15:00+01:00,96.35818754120925,98.02
2026-01-21 04:30:00+01:00,98.99087043952423,98.02
2026-01-21 04:45:00+01:00,100.0024776475101,98.86
2026-01-21 05:00:00+01:00,98.56327737736126,96.54
2026-01-21 05:15:00+01:00,99.1248999515563,97.56
2026-01-21 05:30:00+01:00,103.62663477359558,101.07
2026-01-21 05:45:00+01:00,111.36765168438669,99.6
2026-01-21 06:00:00+01:00,107.50355238890798,105.76
2026-01-21 06:15:00+01:00,120.10347716703636,107.2
2026-01-21 06:30:00+01:00,128.89242889316412,110.95
2026-01-21 06:45:00+01:00,146.04664190383312,107.58
2026-01-21 07:00:00+01:00,136.8299379430159,144.66
2026-01-21 07:15:00+01:00,152.13930583034306,149.94
2026-01-21 07:30:00+01:00,148.68198841427386,166.12
2026-01-21 07:45:00+01:00,150.7618858818105,179.28
2026-01-21 08:00:00+01:00,158.59838313862906,185.77
2026-01-21 08:15:00+01:00,154.03158320158423,199.49
2026-01-21 08:30:00+01:00,148.9240187634719,170.76
2026-01-21 08:45:00+01:00,134.45311041205258,149.57
2026-01-21 09:00:00+01:00,145.43593083342807,161.78
2026-01-21 09:15:00+01:00,130.09593109783538,149.2
2026-01-21 09:30:00+01:00,118.34494400995034,137.69
2026-01-21 09:45:00+01:00,106.9315132190155,122.9
2026-01-21 10:00:00+01:00,119.18816841699694,146.19
2026-01-21 10:15:00+01:00,107.60724075221884,120.44
2026-01-21 10:30:00+01:00,101.94507461157924,106.27
2026-01-21 10:45:00+01:00,92.1073057732097,100.3
2026-01-21 11:00:00+01:00,107.94328988325702,103.12
2026-01-21 11:15:00+01:00,100.98148841629548,101.54
2026-01-21 11:30:00+01:00,96.12442678187527,99.76
2026-01-21 11:45:00+01:00,92.18410426912934,99.55
2026-01-21 12:00:00+01:00,91.81919115177263,98.89
2026-01-21 12:15:00+01:00,88.62407633758272,98.9
2026-01-21 12:30:00+01:00,89.27312074496045,97.41
2026-01-21 12:45:00+01:00,90.54127024484848,101.32
2026-01-21 13:00:00+01:00,91.71880765303271,101.82
2026-01-21 13:15:00+01:00,92.75838618964073,102.37
2026-01-21 13:30:00+01:00,96.52986165460655,102.46
2026-01-21 13:45:00+01:00,98.96050181578859,107.25
2026-01-21 14:00:00+01:00,94.58191723100373,105.05
2026-01-21 14:15:00+01:00,104.21136631402842,105.37
2026-01-21 14:30:00+01:00,114.39140232959065,106.93
2026-01-21 14:45:00+01:00,130.8983908867766,117.14
2026-01-21 15:00:00+01:00,112.33488582898963,106.87
2026-01-21 15:15:00+01:00,124.5622043405769,122.93
2026-01-21 15:30:00+01:00,144.35383329785492,131.74
2026-01-21 15:45:00+01:00,154.86319321959175,146.17
2026-01-21 16:00:00+01:00,130.54359346417277,145.01
2026-01-21 16:15:00+01:00,144.56019704273217,146.13
2026-01-21 16:30:00+01:00,157.17191450449727,141.0
2026-01-21 16:45:00+01:00,167.0513804848026,148.0
2026-01-21 17:00:00+01:00,140.6860289759116,135.99
2026-01-21 17:15:00+01:00,150.6136964666654,142.9
2026-01-21 17:30:00+01:00,155.10635670977302,141.61
2026-01-21 17:45:00+01:00,161.13029254223662,135.94
2026-01-21 18:00:00+01:00,146.3753375491212,144.97
2026-01-21 18:15:00+01:00,142.23954452977927,142.59
2026-01-21 18:30:00+01:00,151.5653094492553,139.06
2026-01-21 18:45:00+01:00,150.45252921182663,129.01
2026-01-21 19:00:00+01:00,144.50307940607047,132.9
2026-01-21 19:15:00+01:00,132.27717499001602,141.33
2026-01-21 19:30:00+01:00,131.43963537054952,129.01
2026-01-21 19:45:00+01:00,124.22233125466924,108.08
2026-01-21 20:00:00+01:00,133.52237979900153,114.05
2026-01-21 20:15:00+01:00,123.77133600348877,103.22
2026-01-21 20:30:00+01:00,117.68780223097106,104.17
2026-01-21 20:45:00+01:00,110.74997914836072,100.35
2026-01-21 21:00:00+01:00,121.79875729662096,108.81
2026-01-21 21:15:00+01:00,115.60140812787462,102.46
2026-01-21 21:30:00+01:00,106.76704109657307,101.96
2026-01-21 21:45:00+01:00,95.57826649841498,96.53
2026-01-21 22:00:00+01:00,112.44764954512658,113.0
2026-01-21 22:15:00+01:00,107.3710294092188,106.29
2026-01-21 22:30:00+01:00,102.16782966976137,100.85
2026-01-21 22:45:00+01:00,95.7468900198644,98.9
2026-01-21 23:00:00+01:00,103.86663241877787,106.5
2026-01-21 23:15:00+01:00,98.09509948148174,98.89
2026-01-21 23:30:00+01:00,92.64908790580485,96.5
2026-01-21 23:45:00+01:00,85.91396351170968,95.61
2026-01-22 00:00:00+01:00,98.64750660613474,92.39
2026-01-22 00:15:00+01:00,96.0471719748348,94.75
2026-01-22 00:30:00+01:00,92.02381836687918,94.05
2026-01-22 00:45:00+01:00,90.46941047642088,90.0
2026-01-22 01:00:00+01:00,92.7161749726266,93.12
2026-01-22 01:15:00+01:00,89.754510047153,92.4
2026-01-22 01:30:00+01:00,87.8878502671767,92.39
2026-01-22 01:45:00+01:00,87.10609639931099,92.2
2026-01-22 02:00:00+01:00,88.70712547793197,90.09
2026-01-22 02:15:00+01:00,87.09397157817199,91.39
2026-01-22 02:30:00+01:00,86.19426970076744,91.92
2026-01-22 02:45:00+01:00,85.8033777978241,92.4
2026-01-22 03:00:00+01:00,86.50188196465693,92.28
2026-01-22 03:15:00+01:00,85.95611507275488,91.3
2026-01-22 03:30:00+01:00,86.25309211242018,91.72
2026-01-22 03:45:00+01:00,85.79315181202439,91.98
2026-01-22 04:00:00+01:00,86.82573441674408,92.52
2026-01-22 04:15:00+01:00,87.54176534857524,92.28
2026-01-22 04:30:00+01:00,88.20753791346483,92.66
2026-01-22 04:45:00+01:00,89.84782539727821,93.94
2026-01-22 05:00:00+01:00,91.8981736560236,91.7
2026-01-22 05:15:00+01:00,92.40066417121761,90.77
2026-01-22 05:30:00+01:00,94.87222638301992,91.5
2026-01-22 05:45:00+01:00,97.16674933764898,98.78
2026-01-22 06:00:00+01:00,104.51341770982684,90.0
2026-01-22 06:15:00+01:00,111.10183531595223,93.16
2026-01-22 06:30:00+01:00,112.80589568943158,103.65
2026-01-22 06:45:00+01:00,119.20526299898818,115.9
2026-01-22 07:00:00+01:00,119.6016977197481,116.07
2026-01-22 07:15:00+01:00,120.8310416065015,122.25
2026-01-22 07:30:00+01:00,126.52018990580297,130.77
2026-01-22 07:45:00+01:00,128.50434050986627,132.99
2026-01-22 08:00:00+01:00,128.92472396143248,141.88
2026-01-22 08:15:00+01:00,128.00981028032064,148.0
2026-01-22 08:30:00+01:00,128.13848112664172,132.91
2026-01-22 08:45:00+01:00,123.2528771999489,125.7
2026-01-22 09:00:00+01:00,119.14509644627309,127.61
2026-01-22 09:15:00+01:00,115.56211629158042,116.54
2026-01-22 09:30:00+01:00,113.31405047392312,112.03
2026-01-22 09:45:00+01:00,107.17889582312928,101.49
2026-01-22 10:00:00+01:00,98.80525110034316,102.58
2026-01-22 10:15:00+01:00,100.19631228352841,93.51
2026-01-22 10:30:00+01:00,103.5320027044738,94.48
2026-01-22 10:45:00+01:00,99.93348113389413,90.46
2026-01-22 11:00:00+01:00,91.90889531273295,91.6
2026-01-22 11:15:00+01:00,90.14103508016713,88.92
2026-01-22 11:30:00+01:00,90.51038159789124,88.59
2026-01-22 11:45:00+01:00,91.32908763449859,87.19
2026-01-22 12:00:00+01:00,83.06374215011269,87.12
2026-01-22 12:15:00+01:00,82.52891381615207,83.32
2026-01-22 12:30:00+01:00,85.1457086091915,82.91
2026-01-22 12:45:00+01:00,87.59142506931315,82.08
2026-01-22 13:00:00+01:00,88.86181934032373,86.09
2026-01-22 13:15:00+01:00,90.272486617091,88.05
2026-01-22 13:30:00+01:00,90.80793708432408,88.92
2026-01-22 13:45:00+01:00,95.06519474769163,89.2
2026-01-22 14:00:00+01:00,94.85302171504982,89.9
2026-01-22 14:15:00+01:00,97.53737973289324,95.76
2026-01-22 14:30:00+01:00,104.44011561423872,93.98
2026-01-22 14:45:00+01:00,108.92781952499891,100.0
2026-01-22 15:00:00+01:00,114.98337439928758,96.19
2026-01-22 15:15:00+01:00,116.10843905039042,104.05
2026-01-22 15:30:00+01:00,120.82962979325114,112.87
2026-01-22 15:45:00+01:00,122.39051729821226,118.01
2026-01-22 16:00:00+01:00,122.49230938747405,114.11
2026-01-22 16:15:00+01:00,124.69673940198325,128.92
2026-01-22 16:30:00+01:00,121.88121243205408,145.95
2026-01-22 16:45:00+01:00,127.83986035817138,134.61
2026-01-22 17:00:00+01:00,127.56608530081658,129.75
2026-01-22 17:15:00+01:00,136.04500261788843,136.45
2026-01-22 17:30:00+01:00,132.19220851678716,141.3
2026-01-22 17:45:00+01:00,129.65237005620403,137.96
2026-01-22 18:00:00+01:00,135.2842731492908,131.29
2026-01-22 18:15:00+01:00,131.15967666824247,129.97
2026-01-22 18:30:00+01:00,126.05739009534331,127.97
2026-01-22 18:45:00+01:00,124.33228806550783,129.44
2026-01-22 19:00:00+01:00,131.2229815298028,129.5
2026-01-22 19:15:00+01:00,123.5286329047766,120.79
2026-01-22 19:30:00+01:00,121.39363442700514,123.15
2026-01-22 19:45:00+01:00,113.60543050951179,112.83
2026-01-22 20:00:00+01:00,122.01975287195742,116.06
2026-01-22 20:15:00+01:00,117.37027254172997,108.43
2026-01-22 20:30:00+01:00,114.88915642582312,106.77
2026-01-22 20:45:00+01:00,108.20724613934944,106.14
2026-01-22 21:00:00+01:00,110.48934684064959,120.17
2026-01-22 21:15:00+01:00,107.19516471832239,107.16
2026-01-22 21:30:00+01:00,104.68801164132218,102.05
2026-01-22 21:45:00+01:00,100.78183377689614,98.4
2026-01-22 22:00:00+01:00,109.5953613099281,103.27
2026-01-22 22:15:00+01:00,105.40784943013068,102.41
2026-01-22 22:30:00+01:00,103.24453450827525,108.98
2026-01-22 22:45:00+01:00,100.32808777551581,98.63
2026-01-22 23:00:00+01:00,103.06670289482855,102.76
2026-01-22 23:15:00+01:00,97.19986411810255,96.97
2026-01-22 23:30:00+01:00,94.800525727846,99.04
2026-01-22 23:45:00+01:00,90.91225309362653,90.46
2026-01-23 00:00:00+01:00,96.37370766440146,99.35
2026-01-23 00:15:00+01:00,93.36076040989099,97.69
2026-01-23 00:30:00+01:00,90.3172025086702,97.0
2026-01-23 00:45:00+01:00,88.27701760425217,97.51
2026-01-23 01:00:00+01:00,90.79273253620816,99.78
2026-01-23 01:15:00+01:00,89.11481079278698,96.62
2026-01-23 01:30:00+01:00,87.70573557336245,97.04
2026-01-23 01:45:00+01:00,86.78063249793196,95.54
2026-01-23 02:00:00+01:00,87.2012620970657,99.41
2026-01-23 02:15:00+01:00,86.27240091111719,94.92
2026-01-23 02:30:00+01:00,85.7388976330038,95.03
2026-01-23 02:45:00+01:00,85.04194161671734,94.43
2026-01-23 03:00:00+01:00,85.0343551464475,95.35
2026-01-23 03:15:00+01:00,84.06622933161388,95.3
2026-01-23 03:30:00+01:00,84.10544838731509,94.78
2026-01-23 03:45:00+01:00,84.24703015007773,94.58
2026-01-23 04:00:00+01:00,84.2960235859696,95.52
2026-01-23 04:15:00+01:00,84.88114694649309,95.1
2026-01-23 04:30:00+01:00,86.6431887966537,95.83
2026-01-23 04:45:00+01:00,88.02465416371906,96.04
2026-01-23 05:00:00+01:00,85.03120807720947,96.13
2026-01-23 05:15:00+01:00,86.67444451262665,97.21
2026-01-23 05:30:00+01:00,90.66504001318516,97.55
2026-01-23 05:45:00+01:00,96.41294881162341,97.1
2026-01-23 06:00:00+01:00,93.7925626464456,97.66
2026-01-23 06:15:00+01:00,102.24594391107786,104.27
2026-01-23 06:30:00+01:00,106.97609682307815,114.29
2026-01-23 06:45:00+01:00,117.24923216490318,116.57
2026-01-23 07:00:00+01:00,122.40620117911217,116.58
2026-01-23 07:15:00+01:00,132.25965572581168,136.98
2026-01-23 07:30:00+01:00,141.38593310360744,135.31
2026-01-23 07:45:00+01:00,146.29778399699183,143.13
2026-01-23 08:00:00+01:00,128.93143455420682,154.59
2026-01-23 08:15:00+01:00,129.31149180386151,160.4
2026-01-23 08:30:00+01:00,126.74774511019977,153.76
2026-01-23 08:45:00+01:00,120.19528183739375,143.0
2026-01-23 09:00:00+01:00,112.57594668056342,162.67
2026-01-23 09:15:00+01:00,110.7138400016917,149.84
2026-01-23 09:30:00+01:00,107.77201654735728,140.49
2026-01-23 09:45:00+01:00,101.09007843345573,116.95
2026-01-23 10:00:00+01:00,96.77617734926179,132.71
2026-01-23 10:15:00+01:00,91.26980050205049,116.55
2026-01-23 10:30:00+01:00,87.82716665037216,110.13
2026-01-23 10:45:00+01:00,84.2784516076799,102.12
2026-01-23 11:00:00+01:00,85.20515780444421,103.21
2026-01-23 11:15:00+01:00,83.38237048229186,100.02
2026-01-23 11:30:00+01:00,81.34535641731271,99.41
2026-01-23 11:45:00+01:00,80.82822684268692,97.87
2026-01-23 12:00:00+01:00,78.55677505282058,96.83
2026-01-23 12:15:00+01:00,78.69355486677229,95.78
2026-01-23 12:30:00+01:00,79.28468047081653,96.28
2026-01-23 12:45:00+01:00,80.30285151221622,95.96
2026-01-23 13:00:00+01:00,83.20915092540812,95.92
2026-01-23 13:15:00+01:00,85.23807711912917,95.65
2026-01-23 13:30:00+01:00,87.20618606462719,95.55
2026-01-23 13:45:00+01:00,89.31001860926236,95.92
2026-01-23 14:00:00+01:00,85.3814774301131,95.95
2026-01-23 14:15:00+01:00,92.38565078097656,96.53
2026-01-23 14:30:00+01:00,97.66527246347059,96.7
2026-01-23 14:45:00+01:00,101.76527903858621,99.14
2026-01-23 15:00:00+01:00,97.85598670577671,97.87
2026-01-23 15:15:00+01:00,104.8495525655303,101.96
2026-01-23 15:30:00+01:00,110.29340642861365,112.46
2026-01-23 15:45:00+01:00,116.24500390155711,122.78
2026-01-23 16:00:00+01:00,107.45666854352788,111.25
2026-01-23 16:15:00+01:00,114.73013748165133,122.94
2026-01-23 16:30:00+01:00,120.31228003281927,128.14
2026-01-23 16:45:00+01:00,124.16608507115447,133.86
2026-01-23 17:00:00+01:00,127.06965783549057,132.17
2026-01-23 17:15:00+01:00,130.40935792253072,138.22
2026-01-23 17:30:00+01:00,127.00831289379867,137.53
2026-01-23 17:45:00+01:00,123.92391824972705,136.42
2026-01-23 18:00:00+01:00,125.6935331795109,132.0
2026-01-23 18:15:00+01:00,121.51477543423418,127.17
2026-01-23 18:30:00+01:00,119.29021245022767,124.78
2026-01-23 18:45:00+01:00,115.96140838876023,129.98
2026-01-23 19:00:00+01:00,117.7351708175678,125.38
2026-01-23 19:15:00+01:00,110.0166215771773,117.77
2026-01-23 19:30:00+01:00,107.44859928810985,114.16
2026-01-23 19:45:00+01:00,100.82278555939675,109.9
2026-01-23 20:00:00+01:00,106.50961232938734,113.04
2026-01-23 20:15:00+01:00,97.29669412379495,107.9
2026-01-23 20:30:00+01:00,96.06868612554756,105.26
2026-01-23 20:45:00+01:00,89.9958445589225,102.69
2026-01-23 21:00:00+01:00,104.00778715360472,108.73
2026-01-23 21:15:00+01:00,100.27287364230533,105.79
2026-01-23 21:30:00+01:00,94.57059248806604,102.25
2026-01-23 21:45:00+01:00,88.58976087271682,99.07
2026-01-23 22:00:00+01:00,102.43151364711467,105.79
2026-01-23 22:15:00+01:00,99.23292390696048,102.19
2026-01-23 22:30:00+01:00,98.86991980849844,106.89
2026-01-23 22:45:00+01:00,92.56466646800489,104.29
2026-01-23 23:00:00+01:00,99.9160822711088,99.13
2026-01-23 23:15:00+01:00,95.9299603733026,96.23
2026-01-23 23:30:00+01:00,93.63093746622613,97.32
2026-01-23 23:45:00+01:00,88.41627091268147,95.3
2026-01-24 00:00:00+01:00,93.58891047573725,104.19
2026-01-24 00:15:00+01:00,92.31742449201276,101.41
2026-01-24 00:30:00+01:00,90.35577012769826,98.9
2026-01-24 00:45:00+01:00,89.47896637575886,94.7
2026-01-24 01:00:00+01:00,90.13675148983106,103.08
2026-01-24 01:15:00+01:00,88.88049274430124,98.64
2026-01-24 01:30:00+01:00,88.38657514944646,97.5
2026-01-24 01:45:00+01:00,87.90524717451792,96.92
2026-01-24 02:00:00+01:00,88.25394035865776,97.64
2026-01-24 02:15:00+01:00,87.66131932926919,98.3
2026-01-24 02:30:00+01:00,86.97646007435097,98.87
2026-01-24 02:45:00+01:00,86.72315214001064,98.45
2026-01-24 03:00:00+01:00,87.60145078582742,97.36
2026-01-24 03:15:00+01:00,86.85466353929482,98.16
2026-01-24 03:30:00+01:00,86.99707822202686,97.79
2026-01-24 03:45:00+01:00,86.68235551939668,97.99
2026-01-24 04:00:00+01:00,87.90137647645179,98.34
2026-01-24 04:15:00+01:00,88.30848849546037,96.86
2026-01-24 04:30:00+01:00,88.61476092578701,97.49
2026-01-24 04:45:00+01:00,89.37229231747514,97.5
2026-01-24 05:00:00+01:00,89.53463478980296,97.86
2026-01-24 05:15:00+01:00,90.35941732671894,99.36
2026-01-24 05:30:00+01:00,90.73687788634084,98.51
2026-01-24 05:45:00+01:00,93.06298397714865,99.91
2026-01-24 06:00:00+01:00,86.43786910754622,97.5
2026-01-24 06:15:00+01:00,92.92040792809462,100.93
2026-01-24 06:30:00+01:00,94.6745849376248,101.09
2026-01-24 06:45:00+01:00,98.48336449194458,102.07
2026-01-24 07:00:00+01:00,98.23121072256984,102.67
2026-01-24 07:15:00+01:00,102.92481033111254,103.19
2026-01-24 07:30:00+01:00,105.01262091134888,104.42
2026-01-24 07:45:00+01:00,108.46195168873489,105.96
2026-01-24 08:00:00+01:00,99.9639196870597,109.24
2026-01-24 08:15:00+01:00,105.95515561100287,109.7
2026-01-24 08:30:00+01:00,107.17514119616138,112.15
2026-01-24 08:45:00+01:00,104.79696000941571,112.9
2026-01-24 09:00:00+01:00,99.44078982137225,124.9
2026-01-24 09:15:00+01:00,99.57108553574678,126.23
2026-01-24 09:30:00+01:00,98.90798797497614,121.17
2026-01-24 09:45:00+01:00,93.94283247873801,120.07
2026-01-24 10:00:00+01:00,89.79408026064772,135.3
2026-01-24 10:15:00+01:00,86.736425155103,120.06
2026-01-24 10:30:00+01:00,86.35453375785401,115.22
2026-01-24 10:45:00+01:00,84.38145654096677,106.38
2026-01-24 11:00:00+01:00,83.23076516637971,114.77
2026-01-24 11:15:00+01:00,83.26597360622225,110.46
2026-01-24 11:30:00+01:00,81.95525026030747,109.7
2026-01-24 11:45:00+01:00,79.79399210518477,106.26
2026-01-24 12:00:00+01:00,81.33028613984634,108.21
2026-01-24 12:15:00+01:00,79.2507482515897,106.75
2026-01-24 12:30:00+01:00,80.19375548371163,106.3
2026-01-24 12:45:00+01:00,80.31611107153668,103.61
2026-01-24 13:00:00+01:00,80.51385204200726,103.0
2026-01-24 13:15:00+01:00,81.0222002269221,101.6
2026-01-24 13:30:00+01:00,82.48350505872182,101.59
2026-01-24 13:45:00+01:00,84.2887186747079,101.3
2026-01-24 14:00:00+01:00,84.55200850152379,102.3
2026-01-24 14:15:00+01:00,87.00994151238804,103.25
2026-01-24 14:30:00+01:00,91.3486420894422,105.54
2026-01-24 14:45:00+01:00,95.66015555287288,109.39
2026-01-24 15:00:00+01:00,96.34228463812659,104.22
2026-01-24 15:15:00+01:00,102.35535188469787,112.02
2026-01-24 15:30:00+01:00,106.41312904936915,125.55
2026-01-24 15:45:00+01:00,110.97150223769299,131.12
2026-01-24 16:00:00+01:00,104.73715119565952,118.39
2026-01-24 16:15:00+01:00,112.87383421037067,126.95
2026-01-24 16:30:00+01:00,117.40578402352368,141.47
2026-01-24 16:45:00+01:00,122.92741711013622,140.81
2026-01-24 17:00:00+01:00,122.35602721391254,141.21
2026-01-24 17:15:00+01:00,130.51510591010404,147.9
2026-01-24 17:30:00+01:00,129.58452099738173,148.95
2026-01-24 17:45:00+01:00,126.53869155137178,148.83
2026-01-24 18:00:00+01:00,137.14530193156529,146.17
2026-01-24 18:15:00+01:00,135.16073551969865,146.25
2026-01-24 18:30:00+01:00,133.06132781193455,140.59
2026-01-24 18:45:00+01:00,134.68119279326376,133.98
2026-01-24 19:00:00+01:00,129.12572347805886,139.18
2026-01-24 19:15:00+01:00,127.22677551865729,134.99
2026-01-24 19:30:00+01:00,127.48168654451403,130.13
2026-01-24 19:45:00+01:00,124.41288460691538,123.43
2026-01-24 20:00:00+01:00,124.89245804074106,129.56
2026-01-24 20:15:00+01:00,120.35476082517357,122.23
2026-01-24 20:30:00+01:00,116.19710066009921,113.34
2026-01-24 20:45:00+01:00,110.32160602128621,109.56
2026-01-24 21:00:00+01:00,117.21052957779546,112.76
2026-01-24 21:15:00+01:00,116.36038317670213,112.15
2026-01-24 21:30:00+01:00,111.04602448851443,109.92
2026-01-24 21:45:00+01:00,104.43600355477876,107.32
2026-01-24 22:00:00+01:00,111.41024025619566,111.79
2026-01-24 22:15:00+01:00,110.85472491709233,108.3
2026-01-24 22:30:00+01:00,110.35386315805978,112.12
2026-01-24 22:45:00+01:00,106.38319894730482,109.03
2026-01-24 23:00:00+01:00,104.4474203126555,107.98
2026-01-24 23:15:00+01:00,104.48801131840156,104.22
2026-01-24 23:30:00+01:00,103.79764017563069,103.47
2026-01-24 23:45:00+01:00,100.46474626454918,100.93
2026-01-25 00:00:00+01:00,103.44710636105887,101.5
2026-01-25 00:15:00+01:00,101.81864490656152,102.31
2026-01-25 00:30:00+01:00,99.35698622702968,101.59
2026-01-25 00:45:00+01:00,97.42638808505504,100.37
2026-01-25 01:00:00+01:00,99.17966029307966,102.21
2026-01-25 01:15:00+01:00,96.54807238434586,101.59
2026-01-25 01:30:00+01:00,95.78295070970614,102.07
2026-01-25 01:45:00+01:00,95.23248427278483,101.16
2026-01-25 02:00:00+01:00,94.99949794295271,102.03
2026-01-25 02:15:00+01:00,93.70872002047506,100.97
2026-01-25 02:30:00+01:00,93.24924728977545,100.94
2026-01-25 02:45:00+01:00,92.43540850160055,101.32
2026-01-25 03:00:00+01:00,92.29759474114336,102.02
2026-01-25 03:15:00+01:00,91.31432655093225,101.6
2026-01-25 03:30:00+01:00,91.10308166438,102.71
2026-01-25 03:45:00+01:00,90.85949719616099,100.75
2026-01-25 04:00:00+01:00,91.38341710278205,101.19
2026-01-25 04:15:00+01:00,91.69966822933263,100.69
2026-01-25 04:30:00+01:00,92.02116859407138,100.88
2026-01-25 04:45:00+01:00,93.19033737298712,100.69
2026-01-25 05:00:00+01:00,90.40182451898082,98.99
2026-01-25 05:15:00+01:00,90.03601468279653,101.59
2026-01-25 05:30:00+01:00,92.13864097789259,100.84
2026-01-25 05:45:00+01:00,93.91686870840276,100.63
2026-01-25 06:00:00+01:00,82.2104351167293,99.29
2026-01-25 06:15:00+01:00,88.12896784867476,100.09
2026-01-25 06:30:00+01:00,89.16501565995809,100.3
2026-01-25 06:45:00+01:00,96.23466966489609,100.18
2026-01-25 07:00:00+01:00,93.97147821235524,100.05
2026-01-25 07:15:00+01:00,96.94887983027938,101.01
2026-01-25 07:30:00+01:00,100.22477397714854,103.43
2026-01-25 07:45:00+01:00,104.08593210229118,103.75
2026-01-25 08:00:00+01:00,102.71553839656735,101.59
2026-01-25 08:15:00+01:00,106.80048913084359,103.19
2026-01-25 08:30:00+01:00,105.9959564071458,104.98
2026-01-25 08:45:00+01:00,105.27607470865145,105.27
2026-01-25 09:00:00+01:00,105.622131036007,109.07
2026-01-25 09:15:00+01:00,105.42882825996769,108.93
2026-01-25 09:30:00+01:00,103.12497878219652,109.75
2026-01-25 09:45:00+01:00,98.8758479943666,107.8
2026-01-25 10:00:00+01:00,105.19460427791421,112.77
2026-01-25 10:15:00+01:00,99.32757603170427,114.77
2026-01-25 10:30:00+01:00,97.19541320650211,112.3
2026-01-25 10:45:00+01:00,94.74889084859781,112.93
2026-01-25 11:00:00+01:00,97.52459209371258,117.41
2026-01-25 11:15:00+01:00,96.75058804117944,116.57
2026-01-25 11:30:00+01:00,96.05386170085366,116.59
2026-01-25 11:45:00+01:00,95.03238944064279,113.5
2026-01-25 12:00:00+01:00,96.23418408523266,123.74
2026-01-25 12:15:00+01:00,93.95445255160266,119.86
2026-01-25 12:30:00+01:00,94.79493674292547,120.09
2026-01-25 12:45:00+01:00,95.20467908720364,116.43
2026-01-25 13:00:00+01:00,93.5188013892735,119.87
2026-01-25 13:15:00+01:00,93.26082424638965,116.8
2026-01-25 13:30:00+01:00,93.23221076713907,114.65
2026-01-25 13:45:00+01:00,94.60252039432291,113.11
2026-01-25 14:00:00+01:00,94.22883564788975,112.9
2026-01-25 14:15:00+01:00,95.79643738531297,112.9
2026-01-25 14:30:00+01:00,98.05459192835094,114.42
2026-01-25 14:45:00+01:00,102.98679765987231,117.04
2026-01-25 15:00:00+01:00,104.75629794883889,107.6
2026-01-25 15:15:00+01:00,110.41347957168011,109.3
2026-01-25 15:30:00+01:00,113.18143589146807,113.27
2026-01-25 15:45:00+01:00,116.43010350500418,116.84
2026-01-25 16:00:00+01:00,116.96654693625001,107.79
2026-01-25 16:15:00+01:00,124.18595348834867,111.73
2026-01-25 16:30:00+01:00,125.61118280976416,120.38
2026-01-25 16:45:00+01:00,131.08509947000664,127.7
2026-01-25 17:00:00+01:00,115.73089765712501,123.99
2026-01-25 17:15:00+01:00,126.48152592169683,132.91
2026-01-25 17:30:00+01:00,128.4434992323042,133.37
2026-01-25 17:45:00+01:00,132.48122528555572,134.58
2026-01-25 18:00:00+01:00,132.62210936776285,138.83
2026-01-25 18:15:00+01:00,131.16011747530345,139.33
2026-01-25 18:30:00+01:00,130.6653840270289,137.97
2026-01-25 18:45:00+01:00,133.98326159564547,133.37
2026-01-25 19:00:00+01:00,130.1848102251171,136.74
2026-01-25 19:15:00+01:00,126.79872085097655,133.13
2026-01-25 19:30:00+01:00,125.18355859161053,130.77
2026-01-25 19:45:00+01:00,121.56512801774761,129.66
2026-01-25 20:00:00+01:00,120.32015266403897,132.65
2026-01-25 20:15:00+01:00,114.51906506198341,129.26
2026-01-25 20:30:00+01:00,109.83520424974756,120.89
2026-01-25 20:45:00+01:00,101.86277168214335,113.27
2026-01-25 21:00:00+01:00,115.12027243458357,120.37
2026-01-25 21:15:00+01:00,112.3649470492015,116.53
2026-01-25 21:30:00+01:00,106.56925564123365,111.85
2026-01-25 21:45:00+01:00,100.25288995346244,107.34
2026-01-25 22:00:00+01:00,115.61137619409004,119.05
2026-01-25 22:15:00+01:00,111.70987058865326,112.79
2026-01-25 22:30:00+01:00,111.92981131954299,109.47
2026-01-25 22:45:00+01:00,106.68936901549567,106.46
2026-01-25 23:00:00+01:00,107.40177754781311,108.3
2026-01-25 23:15:00+01:00,104.04497264341633,104.76
2026-01-25 23:30:00+01:00,102.9020046294829,102.74
2026-01-25 23:45:00+01:00,98.29810780292219,102.16
2026-01-26 00:00:00+01:00,101.48917240269496,109.76
2026-01-26 00:15:00+01:00,100.2891544576414,105.42
2026-01-26 00:30:00+01:00,98.386589103129,101.11
2026-01-26 00:45:00+01:00,97.41976514849726,99.41
2026-01-26 01:00:00+01:00,96.63386090573427,102.49
2026-01-26 01:15:00+01:00,95.52851284108775,101.24
2026-01-26 01:30:00+01:00,95.14324146520242,100.85
2026-01-26 01:45:00+01:00,94.61246745966763,99.87
2026-01-26 02:00:00+01:00,94.32521830177865,100.8
2026-01-26 02:15:00+01:00,93.15087449825846,99.4
2026-01-26 02:30:00+01:00,92.27340138732873,96.92
2026-01-26 02:45:00+01:00,92.17831811360877,97.79
2026-01-26 03:00:00+01:00,92.06097461391555,95.44
2026-01-26 03:15:00+01:00,91.93516699512438,96.38
2026-01-26 03:30:00+01:00,91.33886234837786,95.55
2026-01-26 03:45:00+01:00,90.90178306464878,96.04
2026-01-26 04:00:00+01:00,92.47653780304681,94.69
2026-01-26 04:15:00+01:00,93.06576732554475,94.85
2026-01-26 04:30:00+01:00,93.84223240943778,95.29
2026-01-26 04:45:00+01:00,94.7142088556977,95.3
2026-01-26 05:00:00+01:00,101.73170718690346,93.64
2026-01-26 05:15:00+01:00,102.58358183977285,94.2
2026-01-26 05:30:00+01:00,102.80745708773128,99.48
2026-01-26 05:45:00+01:00,105.21188119774668,101.45
2026-01-26 06:00:00+01:00,111.84322926338905,103.55
2026-01-26 06:15:00+01:00,124.6542120987393,110.03
2026-01-26 06:30:00+01:00,127.53137289556363,113.57
2026-01-26 06:45:00+01:00,134.54842386267364,129.96
2026-01-26 07:00:00+01:00,134.03788960769418,131.83
2026-01-26 07:15:00+01:00,143.37920391102776,145.83
2026-01-26 07:30:00+01:00,152.51151192595944,159.19
2026-01-26 07:45:00+01:00,157.18265384028433,175.94
2026-01-26 08:00:00+01:00,140.22203838331436,163.86
2026-01-26 08:15:00+01:00,154.35642852514115,177.32
2026-01-26 08:30:00+01:00,157.38030289388735,184.51
2026-01-26 08:45:00+01:00,157.24515830769485,174.84
2026-01-26 09:00:00+01:00,151.84632025307613,191.5
2026-01-26 09:15:00+01:00,156.44510971434113,184.5
2026-01-26 09:30:00+01:00,148.54513692072828,172.9
2026-01-26 09:45:00+01:00,139.87882616638373,162.97
2026-01-26 10:00:00+01:00,139.88715267456467,186.82
2026-01-26 10:15:00+01:00,132.15112910703996,184.64
2026-01-26 10:30:00+01:00,135.1970319091653,177.18
2026-01-26 10:45:00+01:00,130.3214166943605,163.41
2026-01-26 11:00:00+01:00,134.99592973727565,177.78
2026-01-26 11:15:00+01:00,132.94991954372037,171.99
2026-01-26 11:30:00+01:00,132.88246362291483,167.9
2026-01-26 11:45:00+01:00,133.77392910242844,163.7
2026-01-26 12:00:00+01:00,146.2666962335884,168.65
2026-01-26 12:15:00+01:00,143.61289556972645,158.57
2026-01-26 12:30:00+01:00,145.57212692778705,151.0
2026-01-26 12:45:00+01:00,147.83511286473708,145.9
2026-01-26 13:00:00+01:00,153.32343710240627,158.13
2026-01-26 13:15:00+01:00,153.34549768495884,150.89
2026-01-26 13:30:00+01:00,151.35421945774942,147.57
2026-01-26 13:45:00+01:00,152.28073905372523,140.99
2026-01-26 14:00:00+01:00,153.117465954014,141.83
2026-01-26 14:15:00+01:00,151.67804626949248,149.99
2026-01-26 14:30:00+01:00,146.86612339172376,147.6
2026-01-26 14:45:00+01:00,147.79674095483506,151.7
2026-01-26 15:00:00+01:00,146.59422871016915,152.67
2026-01-26 15:15:00+01:00,145.26586595412334,151.94
2026-01-26 15:30:00+01:00,138.42025183736126,163.7
2026-01-26 15:45:00+01:00,135.9905123011991,171.57
2026-01-26 16:00:00+01:00,137.33535064058196,151.97
2026-01-26 16:15:00+01:00,148.00078302546646,153.0
2026-01-26 16:30:00+01:00,143.30181864763742,170.0
2026-01-26 16:45:00+01:00,147.4177939203209,190.35
2026-01-26 17:00:00+01:00,143.5579732407711,152.12
2026-01-26 17:15:00+01:00,164.3595273023742,170.5
2026-01-26 17:30:00+01:00,166.461612820686,192.14
2026-01-26 17:45:00+01:00,180.93651351017343,200.03
2026-01-26 18:00:00+01:00,167.30962219986853,187.36
2026-01-26 18:15:00+01:00,165.6901885558421,175.96
2026-01-26 18:30:00+01:00,181.51158285779775,178.59
2026-01-26 18:45:00+01:00,188.23220882118386,170.18
2026-01-26 19:00:00+01:00,178.02288697701005,182.77
2026-01-26 19:15:00+01:00,174.81710934657838,179.57
2026-01-26 19:30:00+01:00,166.37505835423573,164.59
2026-01-26 19:45:00+01:00,158.99118313517175,152.96
2026-01-26 20:00:00+01:00,171.12484811209777,167.85
2026-01-26 20:15:00+01:00,163.0507168029461,153.27
2026-01-26 20:30:00+01:00,155.54747027113132,151.02
2026-01-26 20:45:00+01:00,144.70075213420006,144.52
2026-01-26 21:00:00+01:00,140.73045375346365,149.95
2026-01-26 21:15:00+01:00,137.5507291395036,141.05
2026-01-26 21:30:00+01:00,131.71288899903942,140.99
2026-01-26 21:45:00+01:00,128.7321114518031,116.46
2026-01-26 22:00:00+01:00,131.24285454301673,138.28
2026-01-26 22:15:00+01:00,128.67627930562486,124.03
2026-01-26 22:30:00+01:00,125.9489592790635,113.75
2026-01-26 22:45:00+01:00,119.97291112260379,109.94
2026-01-26 23:00:00+01:00,122.78783237653562,118.32
2026-01-26 23:15:00+01:00,119.61543518831881,115.87
2026-01-26 23:30:00+01:00,118.77287186790778,107.72
2026-01-26 23:45:00+01:00,115.76480941850227,104.83
2026-01-27 00:00:00+01:00,110.15927717615348,123.39
2026-01-27 00:15:00+01:00,108.22673832285035,119.09
2026-01-27 00:30:00+01:00,107.52690110279676,117.52
2026-01-27 00:45:00+01:00,105.77141494554348,115.07
2026-01-27 01:00:00+01:00,106.73319854086975,116.8
2026-01-27 01:15:00+01:00,103.09019650401724,114.88
2026-01-27 01:30:00+01:00,103.76896445706005,113.13
2026-01-27 01:45:00+01:00,101.63596007740854,110.0
2026-01-27 02:00:00+01:00,101.60596448553187,113.07
2026-01-27 02:15:00+01:00,100.50172698389596,112.25
2026-01-27 02:30:00+01:00,100.55208443401315,111.96
2026-01-27 02:45:00+01:00,100.08384497535216,111.35
2026-01-27 03:00:00+01:00,100.40140799167072,113.09
2026-01-27 03:15:00+01:00,100.63036225632021,110.98
2026-01-27 03:30:00+01:00,99.66079153209728,110.95
2026-01-27 03:45:00+01:00,99.44794311745525,110.93
2026-01-27 04:00:00+01:00,100.91870844186909,110.5
2026-01-27 04:15:00+01:00,101.73655738909743,110.59
2026-01-27 04:30:00+01:00,102.03815351826898,110.04
2026-01-27 04:45:00+01:00,103.59488766295689,111.05
2026-01-27 05:00:00+01:00,107.07134233809931,107.0
2026-01-27 05:15:00+01:00,106.8037959429017,109.98
2026-01-27 05:30:00+01:00,111.47322474043943,112.8
2026-01-27 05:45:00+01:00,115.13075183238087,116.82
2026-01-27 06:00:00+01:00,112.41614335598726,113.92
2026-01-27 06:15:00+01:00,128.09183629857523,122.68
2026-01-27 06:30:00+01:00,132.8280758825292,140.17
2026-01-27 06:45:00+01:00,147.46478627894845,157.67
2026-01-27 07:00:00+01:00,139.76756232045838,133.03
2026-01-27 07:15:00+01:00,165.6353165335966,152.98
2026-01-27 07:30:00+01:00,183.69774083833943,167.0
2026-01-27 07:45:00+01:00,197.5224957494674,186.49
2026-01-27 08:00:00+01:00,216.96549285039993,186.4
2026-01-27 08:15:00+01:00,198.05868353975512,185.95
2026-01-27 08:30:00+01:00,201.60776869493728,170.7
2026-01-27 08:45:00+01:00,184.79028573919987,163.49
2026-01-27 09:00:00+01:00,183.6898190758555,188.69
2026-01-27 09:15:00+01:00,179.12851341981258,173.11
2026-01-27 09:30:00+01:00,158.20163336351615,169.99
2026-01-27 09:45:00+01:00,148.3255479740905,152.99
2026-01-27 10:00:00+01:00,158.72068862923066,169.94
2026-01-27 10:15:00+01:00,142.03415723573443,152.64
2026-01-27 10:30:00+01:00,137.46712832418788,138.16
2026-01-27 10:45:00+01:00,131.09427163744738,133.09
2026-01-27 11:00:00+01:00,132.77517197402364,141.89
2026-01-27 11:15:00+01:00,128.11577936725735,135.24
2026-01-27 11:30:00+01:00,126.55066333719539,133.01
2026-01-27 11:45:00+01:00,125.09644622720407,123.02
2026-01-27 12:00:00+01:00,127.7611298967237,131.25
2026-01-27 12:15:00+01:00,123.6176143978266,127.0
2026-01-27 12:30:00+01:00,122.90994383999006,119.79
2026-01-27 12:45:00+01:00,123.81798194811466,114.08
2026-01-27 13:00:00+01:00,127.18481057746632,114.95
2026-01-27 13:15:00+01:00,125.87513542236522,112.28
2026-01-27 13:30:00+01:00,123.266464223865,110.03
2026-01-27 13:45:00+01:00,127.14079741698245,112.69
2026-01-27 14:00:00+01:00,125.27962305095113,124.87
2026-01-27 14:15:00+01:00,129.3013144511143,129.44
2026-01-27 14:30:00+01:00,129.0346913432458,133.77
2026-01-27 14:45:00+01:00,134.0796962788993,136.25
2026-01-27 15:00:00+01:00,125.78072937525306,131.72
2026-01-27 15:15:00+01:00,127.4641935811267,126.43
2026-01-27 15:30:00+01:00,133.96250879539943,124.64
2026-01-27 15:45:00+01:00,141.72586217955956,127.0
2026-01-27 16:00:00+01:00,119.19546974815853,136.98
2026-01-27 16:15:00+01:00,125.79207299858598,127.01
2026-01-27 16:30:00+01:00,139.6830717862571,129.03
2026-01-27 16:45:00+01:00,149.54792284891806,138.9
2026-01-27 17:00:00+01:00,133.41279431693386,137.49
2026-01-27 17:15:00+01:00,146.97674164508564,158.07
2026-01-27 17:30:00+01:00,155.86627170951718,170.01
2026-01-27 17:45:00+01:00,160.44594977678614,144.91
2026-01-27 18:00:00+01:00,142.418630693651,133.6
2026-01-27 18:15:00+01:00,139.92290017641403,135.77
2026-01-27 18:30:00+01:00,149.2564851945891,143.64
2026-01-27 18:45:00+01:00,148.23103093223875,151.55
2026-01-27 19:00:00+01:00,145.26022384376745,149.81
2026-01-27 19:15:00+01:00,136.50985253436954,138.37
2026-01-27 19:30:00+01:00,130.96194140311897,136.34
2026-01-27 19:45:00+01:00,123.71913110848092,131.01
2026-01-27 20:00:00+01:00,134.2673365122641,134.38
2026-01-27 20:15:00+01:00,127.46858821006023,123.24
2026-01-27 20:30:00+01:00,119.40529153379177,115.88
2026-01-27 20:45:00+01:00,110.93193258709431,112.85
2026-01-27 21:00:00+01:00,119.21400701629712,117.99
2026-01-27 21:15:00+01:00,111.63343367375793,119.36
2026-01-27 21:30:00+01:00,106.23076076995945,123.01
2026-01-27 21:45:00+01:00,97.96787672989322,117.11
2026-01-27 22:00:00+01:00,111.20785320926387,122.79
2026-01-27 22:15:00+01:00,107.49118633946316,120.0
2026-01-27 22:30:00+01:00,102.8553953891862,122.29
2026-01-27 22:45:00+01:00,98.22291783227915,117.72
2026-01-27 23:00:00+01:00,102.70249913782861,119.11
2026-01-27 23:15:00+01:00,97.2789122292868,111.58
2026-01-27 23:30:00+01:00,95.14383206693762,110.03
2026-01-27 23:45:00+01:00,90.5297177993041,106.68
2026-01-28 00:00:00+01:00,108.80943771793554,111.06
2026-01-28 00:15:00+01:00,105.1217642859132,109.12
2026-01-28 00:30:00+01:00,102.93599096314117,101.32
2026-01-28 00:45:00+01:00,101.05858219569075,100.4
2026-01-28 01:00:00+01:00,102.02602468947757,109.29
2026-01-28 01:15:00+01:00,99.89352205905985,105.51
2026-01-28 01:30:00+01:00,99.892815394308,102.66
2026-01-28 01:45:00+01:00,98.80542828459542,100.4
2026-01-28 02:00:00+01:00,100.15155426180709,106.72
2026-01-28 02:15:00+01:00,99.11976391589408,105.6
2026-01-28 02:30:00+01:00,98.60556250273325,102.91
2026-01-28 02:45:00+01:00,98.07236808038165,102.63
2026-01-28 03:00:00+01:00,99.16171827544734,102.34
2026-01-28 03:15:00+01:00,98.69162953601487,101.25
2026-01-28 03:30:00+01:00,98.56303299416834,102.38
2026-01-28 03:45:00+01:00,97.85606773532442,102.99
2026-01-28 04:00:00+01:00,98.97069471925515,103.23
2026-01-28 04:15:00+01:00,98.88730710511834,103.46
2026-01-28 04:30:00+01:00,99.65655082005331,104.91
2026-01-28 04:45:00+01:00,101.15282003627308,107.25
2026-01-28 05:00:00+01:00,100.39443749300725,104.59
2026-01-28 05:15:00+01:00,100.13032933511187,106.18
2026-01-28 05:30:00+01:00,102.64614734000628,109.92
2026-01-28 05:45:00+01:00,105.5388840642847,105.71
2026-01-28 06:00:00+01:00,109.82934598144709,105.44
2026-01-28 06:15:00+01:00,116.51646905441537,109.29
2026-01-28 06:30:00+01:00,121.82686017371512,117.32
2026-01-28 06:45:00+01:00,130.11383188802574,122.74
2026-01-28 07:00:00+01:00,131.48406870240186,132.01
2026-01-28 07:15:00+01:00,144.9879871450758,142.03
2026-01-28 07:30:00+01:00,152.47327979912214,144.4
2026-01-28 07:45:00+01:00,162.52855355896116,155.95
2026-01-28 08:00:00+01:00,170.1191639745913,158.21
2026-01-28 08:15:00+01:00,163.7372606712334,168.21
2026-01-28 08:30:00+01:00,163.01738834758737,174.19
2026-01-28 08:45:00+01:00,163.07765282206955,183.4
2026-01-28 09:00:00+01:00,166.4931188509777,182.38
2026-01-28 09:15:00+01:00,163.756471838714,179.82
2026-01-28 09:30:00+01:00,157.96433790488015,167.78
2026-01-28 09:45:00+01:00,145.86624297036403,164.6
2026-01-28 10:00:00+01:00,171.67547942423153,188.34
2026-01-28 10:15:00+01:00,154.11739784219182,174.74
2026-01-28 10:30:00+01:00,146.04853791894521,169.37
2026-01-28 10:45:00+01:00,139.85427802667382,156.85
2026-01-28 11:00:00+01:00,148.31106422443833,170.97
2026-01-28 11:15:00+01:00,144.32521589204842,164.35
2026-01-28 11:30:00+01:00,140.68199801746542,165.6
2026-01-28 11:45:00+01:00,134.2166001444191,164.04
2026-01-28 12:00:00+01:00,132.0511383196866,162.75
2026-01-28 12:15:00+01:00,124.83268234137704,158.34
2026-01-28 12:30:00+01:00,126.5134026033146,154.27
2026-01-28 12:45:00+01:00,124.2586442695774,152.99
2026-01-28 13:00:00+01:00,129.24687008413096,152.99
2026-01-28 13:15:00+01:00,127.92780059127739,155.44
2026-01-28 13:30:00+01:00,129.15854508930676,145.1
2026-01-28 13:45:00+01:00,126.71229540366164,138.12
2026-01-28 14:00:00+01:00,131.48754077742274,145.6
2026-01-28 14:15:00+01:00,128.76057640169324,142.02
2026-01-28 14:30:00+01:00,133.74699452064164,143.52
2026-01-28 14:45:00+01:00,137.05740966716505,149.0
2026-01-28 15:00:00+01:00,128.99858704673602,143.24
2026-01-28 15:15:00+01:00,132.47059783798588,136.33
2026-01-28 15:30:00+01:00,134.20153099770266,139.61
2026-01-28 15:45:00+01:00,135.8053797274268,145.37
2026-01-28 16:00:00+01:00,131.04641370371695,140.46
2026-01-28 16:15:00+01:00,134.8897366798197,143.15
2026-01-28 16:30:00+01:00,141.57112337250916,148.1
2026-01-28 16:45:00+01:00,146.06501512132382,156.8
2026-01-28 17:00:00+01:00,129.4186792065004,150.01
2026-01-28 17:15:00+01:00,137.18975365895858,168.4
2026-01-28 17:30:00+01:00,142.69111299265438,168.49
2026-01-28 17:45:00+01:00,146.17936818851211,169.99
2026-01-28 18:00:00+01:00,141.06099264233038,173.56
2026-01-28 18:15:00+01:00,137.88699880414248,171.5
2026-01-28 18:30:00+01:00,141.09344200347874,168.4
2026-01-28 18:45:00+01:00,143.76966113772505,168.24
2026-01-28 19:00:00+01:00,141.93012638490976,169.73
2026-01-28 19:15:00+01:00,129.54566113336415,166.8
2026-01-28 19:30:00+01:00,130.50303853443037,161.2
2026-01-28 19:45:00+01:00,123.09570725097915,147.17
2026-01-28 20:00:00+01:00,123.32180738726002,145.15
2026-01-28 20:15:00+01:00,113.8801518501028,137.14
2026-01-28 20:30:00+01:00,108.06989468342954,133.9
2026-01-28 20:45:00+01:00,98.47305768479272,120.87
2026-01-28 21:00:00+01:00,117.89886808252503,132.0
2026-01-28 21:15:00+01:00,113.841188670193,121.05
2026-01-28 21:30:00+01:00,111.07318283630073,113.08
2026-01-28 21:45:00+01:00,104.23368321747645,109.91
2026-01-28 22:00:00+01:00,114.08933039795176,123.43
2026-01-28 22:15:00+01:00,110.31728147257496,115.41
2026-01-28 22:30:00+01:00,110.36506193656504,117.84
2026-01-28 22:45:00+01:00,105.47992856180693,111.32
2026-01-28 23:00:00+01:00,105.43427848552344,119.23
2026-01-28 23:15:00+01:00,101.9870401193114,110.54
2026-01-28 23:30:00+01:00,102.40819905851015,110.05
2026-01-28 23:45:00+01:00,97.97085777532935,104.01
2026-01-29 00:00:00+01:00,108.86768456578302,107.89
2026-01-29 00:15:00+01:00,105.22120172367357,104.58
2026-01-29 00:30:00+01:00,103.30253421027668,103.82
2026-01-29 00:45:00+01:00,101.4532579890876,101.91
2026-01-29 01:00:00+01:00,103.78503525502231,105.8
2026-01-29 01:15:00+01:00,101.3456412311868,104.03
2026-01-29 01:30:00+01:00,100.43937248519887,103.74
2026-01-29 01:45:00+01:00,99.44305517172582,102.43
2026-01-29 02:00:00+01:00,100.2648088994693,103.01
2026-01-29 02:15:00+01:00,98.70095975638094,102.6
2026-01-29 02:30:00+01:00,98.35161902711388,101.68
2026-01-29 02:45:00+01:00,97.97213422818231,100.23
2026-01-29 03:00:00+01:00,98.51303239103191,100.03
2026-01-29 03:15:00+01:00,97.78606648835341,100.0
2026-01-29 03:30:00+01:00,97.34047623206747,99.98
2026-01-29 03:45:00+01:00,96.32368810272943,100.08
2026-01-29 04:00:00+01:00,97.32990125385513,99.48
2026-01-29 04:15:00+01:00,97.65166340581676,100.29
2026-01-29 04:30:00+01:00,98.8736416081887,100.53
2026-01-29 04:45:00+01:00,100.74746548934058,103.43
2026-01-29 05:00:00+01:00,97.55567426168824,101.36
2026-01-29 05:15:00+01:00,99.51991428573662,102.82
2026-01-29 05:30:00+01:00,103.3876648363069,107.52
2026-01-29 05:45:00+01:00,108.000516011262,106.85
2026-01-29 06:00:00+01:00,100.38086113485244,103.85
2026-01-29 06:15:00+01:00,109.76894097100522,108.74
2026-01-29 06:30:00+01:00,117.65704776663921,118.35
2026-01-29 06:45:00+01:00,133.60915846495857,133.54
2026-01-29 07:00:00+01:00,135.7966683666429,126.9
2026-01-29 07:15:00+01:00,147.24841426791676,145.84
2026-01-29 07:30:00+01:00,163.1998498754083,161.36
2026-01-29 07:45:00+01:00,172.90187961690089,164.28
2026-01-29 08:00:00+01:00,177.32714981005574,163.58
2026-01-29 08:15:00+01:00,179.89517382370892,165.62
2026-01-29 08:30:00+01:00,176.78252168022982,167.25
2026-01-29 08:45:00+01:00,178.1430303493016,166.28
2026-01-29 09:00:00+01:00,199.67168320738932,173.07
2026-01-29 09:15:00+01:00,185.06381196679325,166.21
2026-01-29 09:30:00+01:00,170.78567103811775,168.33
2026-01-29 09:45:00+01:00,165.0899146545314,164.53
2026-01-29 10:00:00+01:00,180.37471486036307,168.34
2026-01-29 10:15:00+01:00,161.73780634104406,163.72
2026-01-29 10:30:00+01:00,156.6845655437819,158.04
2026-01-29 10:45:00+01:00,153.18219344936995,152.6
2026-01-29 11:00:00+01:00,158.11512733808274,159.49
2026-01-29 11:15:00+01:00,154.91434421616225,154.32
2026-01-29 11:30:00+01:00,154.6333441507362,151.17
2026-01-29 11:45:00+01:00,152.15080021539524,146.19
2026-01-29 12:00:00+01:00,148.07740771506326,147.59
2026-01-29 12:15:00+01:00,146.84311803063162,143.91
2026-01-29 12:30:00+01:00,148.46722478604693,141.57
2026-01-29 12:45:00+01:00,149.8164385809061,139.07
2026-01-29 13:00:00+01:00,156.82761815781592,148.88
2026-01-29 13:15:00+01:00,157.58208685689868,141.24
2026-01-29 13:30:00+01:00,153.94736633296282,140.29
2026-01-29 13:45:00+01:00,154.75238990310524,140.85
2026-01-29 14:00:00+01:00,160.04276811691264,140.77
2026-01-29 14:15:00+01:00,161.5057739427451,141.38
2026-01-29 14:30:00+01:00,163.0105378541939,143.86
2026-01-29 14:45:00+01:00,165.54721846931426,145.96
2026-01-29 15:00:00+01:00,161.0639149400472,143.31
2026-01-29 15:15:00+01:00,162.2820141764023,145.35
2026-01-29 15:30:00+01:00,166.30683409547441,148.25
2026-01-29 15:45:00+01:00,169.32777297404522,153.54
2026-01-29 16:00:00+01:00,162.24511237015685,145.47
2026-01-29 16:15:00+01:00,168.96214864418414,151.21
2026-01-29 16:30:00+01:00,176.71260498328326,153.07
2026-01-29 16:45:00+01:00,187.2926218847741,162.66
2026-01-29 17:00:00+01:00,190.44058718382576,155.66
2026-01-29 17:15:00+01:00,193.61954628255302,159.21
2026-01-29 17:30:00+01:00,197.39133082694173,161.82
2026-01-29 17:45:00+01:00,192.31854185059183,161.22
2026-01-29 18:00:00+01:00,173.12653207118913,158.94
2026-01-29 18:15:00+01:00,167.747742455189,157.74
2026-01-29 18:30:00+01:00,169.43069327277442,155.81
2026-01-29 18:45:00+01:00,170.62628210396716,156.47
2026-01-29 19:00:00+01:00,163.1117883671071,152.24
2026-01-29 19:15:00+01:00,161.59100451657514,154.7
2026-01-29 19:30:00+01:00,158.04612937405426,152.99
2026-01-29 19:45:00+01:00,148.21633981841111,140.22
2026-01-29 20:00:00+01:00,148.6332995306095,144.57
2026-01-29 20:15:00+01:00,141.03463363931095,129.66
2026-01-29 20:30:00+01:00,136.85512210926106,120.03
2026-01-29 20:45:00+01:00,128.58161043633885,111.97
2026-01-29 21:00:00+01:00,133.4124575277667,121.98
2026-01-29 21:15:00+01:00,129.16940483193068,115.19
2026-01-29 21:30:00+01:00,123.29626942777159,109.65
2026-01-29 21:45:00+01:00,114.44649652420992,107.46
2026-01-29 22:00:00+01:00,125.20558454951598,113.21
2026-01-29 22:15:00+01:00,121.52372365022843,109.51
2026-01-29 22:30:00+01:00,120.15838927862515,109.06
2026-01-29 22:45:00+01:00,113.86040928616211,105.48
2026-01-29 23:00:00+01:00,116.79656228103323,110.93
2026-01-29 23:15:00+01:00,110.05104724890649,101.4
2026-01-29 23:30:00+01:00,108.64187138082264,103.12
2026-01-29 23:45:00+01:00,104.16192784142856,96.46
2026-01-30 00:00:00+01:00,104.10896771903103,125.08
2026-01-30 00:15:00+01:00,100.17448893241037,114.0
2026-01-30 00:30:00+01:00,97.47972721842874,104.21
2026-01-30 00:45:00+01:00,94.6088232652018,100.97
2026-01-30 01:00:00+01:00,99.09823461353616,106.22
2026-01-30 01:15:00+01:00,96.43032995321398,104.65
2026-01-30 01:30:00+01:00,94.45346161123737,102.47
2026-01-30 01:45:00+01:00,93.0644694621178,99.91
2026-01-30 02:00:00+01:00,94.773133040055,104.26
2026-01-30 02:15:00+01:00,93.08892883986871,101.87
2026-01-30 02:30:00+01:00,92.12232190666283,99.12
2026-01-30 02:45:00+01:00,91.5401018027619,98.16
2026-01-30 03:00:00+01:00,91.84624021048622,99.22
2026-01-30 03:15:00+01:00,91.0269122275841,96.9
2026-01-30 03:30:00+01:00,90.95448307170396,96.71
2026-01-30 03:45:00+01:00,90.08196133781107,96.72
2026-01-30 04:00:00+01:00,90.99043570216014,97.32
2026-01-30 04:15:00+01:00,91.3363518587861,95.66
2026-01-30 04:30:00+01:00,92.96503815400307,96.82
2026-01-30 04:45:00+01:00,94.03683069004256,99.4
2026-01-30 05:00:00+01:00,92.89264002253587,94.3
2026-01-30 05:15:00+01:00,94.74512133763753,93.4
2026-01-30 05:30:00+01:00,97.33182609574204,93.74
2026-01-30 05:45:00+01:00,101.70023732264927,103.67
2026-01-30 06:00:00+01:00,102.0520288525574,99.41
2026-01-30 06:15:00+01:00,110.43136257896316,108.44
2026-01-30 06:30:00+01:00,115.7281145597225,116.71
2026-01-30 06:45:00+01:00,122.61042264925318,119.94
2026-01-30 07:00:00+01:00,125.70263401072104,118.64
2026-01-30 07:15:00+01:00,135.30540455901223,132.46
2026-01-30 07:30:00+01:00,142.12781952940284,134.32
2026-01-30 07:45:00+01:00,151.90308524729204,141.69
2026-01-30 08:00:00+01:00,158.5246129437581,141.86
2026-01-30 08:15:00+01:00,156.45039626166584,150.01
2026-01-30 08:30:00+01:00,149.44964311068813,145.36
2026-01-30 08:45:00+01:00,143.1696631005732,137.79
2026-01-30 09:00:00+01:00,154.83193798797726,152.99
2026-01-30 09:15:00+01:00,145.34833425056837,149.05
2026-01-30 09:30:00+01:00,137.8781340182991,145.48
2026-01-30 09:45:00+01:00,129.53917187218812,140.62
2026-01-30 10:00:00+01:00,138.40211305341836,145.01
2026-01-30 10:15:00+01:00,129.09522000224072,136.36
2026-01-30 10:30:00+01:00,120.73359558992368,127.0
2026-01-30 10:45:00+01:00,112.95472718542919,122.15
2026-01-30 11:00:00+01:00,124.15149350488224,134.07
2026-01-30 11:15:00+01:00,117.58261576798145,125.28
2026-01-30 11:30:00+01:00,115.24038305211687,126.13
2026-01-30 11:45:00+01:00,110.30646922133232,118.92
2026-01-30 12:00:00+01:00,114.4891837594011,127.01
2026-01-30 12:15:00+01:00,109.65464684955452,117.8
2026-01-30 12:30:00+01:00,109.27744636852265,115.32
2026-01-30 12:45:00+01:00,108.7276123356265,112.69
2026-01-30 13:00:00+01:00,112.13787396826287,114.11
2026-01-30 13:15:00+01:00,111.42911451101284,111.01
2026-01-30 13:30:00+01:00,111.95505928881468,108.24
2026-01-30 13:45:00+01:00,113.29915048767182,108.2
2026-01-30 14:00:00+01:00,116.7989774616263,109.94
2026-01-30 14:15:00+01:00,117.1825384105449,109.38
2026-01-30 14:30:00+01:00,122.73588858927437,111.07
2026-01-30 14:45:00+01:00,125.52881861427483,110.88
2026-01-30 15:00:00+01:00,120.3193133784089,108.03
2026-01-30 15:15:00+01:00,125.57602491427144,109.3
2026-01-30 15:30:00+01:00,132.16665163165595,111.23
2026-01-30 15:45:00+01:00,136.26776459044896,116.22
2026-01-30 16:00:00+01:00,132.64364103468475,110.35
2026-01-30 16:15:00+01:00,137.19679629921302,113.16
2026-01-30 16:30:00+01:00,146.08419698360362,117.21
2026-01-30 16:45:00+01:00,153.81222567326384,119.03
2026-01-30 17:00:00+01:00,150.29718535366908,118.64
2026-01-30 17:15:00+01:00,153.73727421156747,124.0
2026-01-30 17:30:00+01:00,152.82297160805606,129.6
2026-01-30 17:45:00+01:00,151.6970190700491,127.0
2026-01-30 18:00:00+01:00,143.22662395914077,129.43
2026-01-30 18:15:00+01:00,141.34636607126046,122.56
2026-01-30 18:30:00+01:00,137.14080471369266,123.56
2026-01-30 18:45:00+01:00,132.8993789813769,116.0
2026-01-30 19:00:00+01:00,132.6525506712118,117.3
2026-01-30 19:15:00+01:00,125.4030685699533,112.05
2026-01-30 19:30:00+01:00,121.43997341728412,112.5
2026-01-30 19:45:00+01:00,114.99977054601894,110.5
2026-01-30 20:00:00+01:00,122.96410129839394,113.76
2026-01-30 20:15:00+01:00,112.40461150674935,108.66
2026-01-30 20:30:00+01:00,107.60207966685107,106.27
2026-01-30 20:45:00+01:00,101.2352724690663,105.7
2026-01-30 21:00:00+01:00,110.32522549838843,107.77
2026-01-30 21:15:00+01:00,109.36651496696626,104.99
2026-01-30 21:30:00+01:00,103.59031250621865,98.56
2026-01-30 21:45:00+01:00,96.84768946884634,95.41
2026-01-30 22:00:00+01:00,105.56217377896097,105.32
2026-01-30 22:15:00+01:00,102.45809828347043,101.15
2026-01-30 22:30:00+01:00,102.46318085804603,100.68
2026-01-30 22:45:00+01:00,98.28247082137776,97.21
2026-01-30 23:00:00+01:00,100.2696066757508,95.78
2026-01-30 23:15:00+01:00,96.79361125469396,92.77
2026-01-30 23:30:00+01:00,94.66323053590995,92.67
2026-01-30 23:45:00+01:00,91.71462394347192,89.56
2026-01-31 00:00:00+01:00,91.33652128121739,108.65
2026-01-31 00:15:00+01:00,88.60950085380418,96.71
2026-01-31 00:30:00+01:00,86.01932444456811,92.11
2026-01-31 00:45:00+01:00,84.24074702338457,90.34
2026-01-31 01:00:00+01:00,86.34893748687422,99.41
2026-01-31 01:15:00+01:00,84.25199618961818,95.75
2026-01-31 01:30:00+01:00,83.68321122304745,98.84
2026-01-31 01:45:00+01:00,82.35107449622102,95.51
2026-01-31 02:00:00+01:00,83.03378129228636,92.72
2026-01-31 02:15:00+01:00,82.25086288721049,89.96
2026-01-31 02:30:00+01:00,81.55770415013569,98.78
2026-01-31 02:45:00+01:00,81.2306076103985,96.57
2026-01-31 03:00:00+01:00,81.07002868542473,93.95
2026-01-31 03:15:00+01:00,80.58311680531614,94.15
2026-01-31 03:30:00+01:00,80.40849683512911,93.84
2026-01-31 03:45:00+01:00,80.08184681813238,94.38
2026-01-31 04:00:00+01:00,81.13659678839169,92.88
2026-01-31 04:15:00+01:00,81.40634068462009,93.35
2026-01-31 04:30:00+01:00,82.6085586192746,93.43
2026-01-31 04:45:00+01:00,83.03503745562692,93.64
2026-01-31 05:00:00+01:00,81.73519760074964,93.62
2026-01-31 05:15:00+01:00,82.97546863547022,93.99
2026-01-31 05:30:00+01:00,83.88189785345915,94.03
2026-01-31 05:45:00+01:00,86.39877117001788,94.59
2026-01-31 06:00:00+01:00,81.95436611325503,92.15
2026-01-31 06:15:00+01:00,84.27304693184746,92.8
2026-01-31 06:30:00+01:00,85.68048199167717,94.62
2026-01-31 06:45:00+01:00,86.75569590629945,94.23
2026-01-31 07:00:00+01:00,76.11950226081734,93.44
2026-01-31 07:15:00+01:00,76.27904314674342,94.64
2026-01-31 07:30:00+01:00,82.30635471982357,91.61
2026-01-31 07:45:00+01:00,87.82644096575928,91.92
2026-01-31 08:00:00+01:00,89.09167277026897,100.96
2026-01-31 08:15:00+01:00,98.4344182686747,103.67
2026-01-31 08:30:00+01:00,101.52078144353987,105.25
2026-01-31 08:45:00+01:00,102.16048273744721,105.94
2026-01-31 09:00:00+01:00,95.27192654172639,106.97
2026-01-31 09:15:00+01:00,97.64967065155376,107.86
2026-01-31 09:30:00+01:00,95.80131130508627,111.35
2026-01-31 09:45:00+01:00,92.82842865166184,110.07
2026-01-31 10:00:00+01:00,93.82960256536337,119.86
2026-01-31 10:15:00+01:00,89.23492756245483,114.87
2026-01-31 10:30:00+01:00,85.6634032561978,113.84
2026-01-31 10:45:00+01:00,82.81403114920084,108.29
2026-01-31 11:00:00+01:00,84.03728444654746,118.79
2026-01-31 11:15:00+01:00,81.46172082021153,112.62
2026-01-31 11:30:00+01:00,81.07179987404143,113.18
2026-01-31 11:45:00+01:00,78.81726853237363,109.29
2026-01-31 12:00:00+01:00,77.06016676263336,115.42
2026-01-31 12:15:00+01:00,74.42390557394637,109.42
2026-01-31 12:30:00+01:00,74.6290117536359,110.94
2026-01-31 12:45:00+01:00,74.3212050371604,109.33
2026-01-31 13:00:00+01:00,75.01180880815957,109.49
2026-01-31 13:15:00+01:00,73.98944781043576,107.55
2026-01-31 13:30:00+01:00,73.33922748536082,106.65
2026-01-31 13:45:00+01:00,74.80014569887689,105.87
2026-01-31 14:00:00+01:00,78.17142471782542,109.06
2026-01-31 14:15:00+01:00,78.39078193033066,108.51
2026-01-31 14:30:00+01:00,81.0883790944131,111.76
2026-01-31 14:45:00+01:00,83.41279778815299,111.89
2026-01-31 15:00:00+01:00,85.94498871608252,107.59
2026-01-31 15:15:00+01:00,90.19978956326268,112.09
2026-01-31 15:30:00+01:00,96.07633039026577,114.45
2026-01-31 15:45:00+01:00,99.24216005852223,118.54
2026-01-31 16:00:00+01:00,94.64942200493859,105.07
2026-01-31 16:15:00+01:00,97.72740254458162,119.27
2026-01-31 16:30:00+01:00,107.81027261609387,123.72
2026-01-31 16:45:00+01:00,115.24314340005023,129.37
2026-01-31 17:00:00+01:00,110.37162965281425,129.5
2026-01-31 17:15:00+01:00,120.04936710085448,130.38
2026-01-31 17:30:00+01:00,120.49749428746159,137.53
2026-01-31 17:45:00+01:00,121.18932431983146,141.01
2026-01-31 18:00:00+01:00,124.41184272266108,139.72
2026-01-31 18:15:00+01:00,122.49164630484745,140.08
2026-01-31 18:30:00+01:00,118.81056844401336,138.66
2026-01-31 18:45:00+01:00,115.85829140120201,133.69
2026-01-31 19:00:00+01:00,116.05008481078387,142.09
2026-01-31 19:15:00+01:00,114.47510479744041,134.72
2026-01-31 19:30:00+01:00,112.20276734152637,130.94
2026-01-31 19:45:00+01:00,109.96230866259401,128.05
2026-01-31 20:00:00+01:00,117.38236230251188,134.12
2026-01-31 20:15:00+01:00,111.96242553285835,129.05
2026-01-31 20:30:00+01:00,107.94407869319278,125.07
2026-01-31 20:45:00+01:00,101.86559511705475,114.34
2026-01-31 21:00:00+01:00,110.52990979365298,121.58
2026-01-31 21:15:00+01:00,109.57303028030407,115.79
2026-01-31 21:30:00+01:00,106.00320881292434,112.82
2026-01-31 21:45:00+01:00,100.61306207696657,106.64
2026-01-31 22:00:00+01:00,110.29472175829333,120.41
2026-01-31 22:15:00+01:00,106.61407945055451,113.65
2026-01-31 22:30:00+01:00,105.78795411017559,115.7
2026-01-31 22:45:00+01:00,101.97930683958153,106.82
2026-01-31 23:00:00+01:00,103.57318622396456,109.8
2026-01-31 23:15:00+01:00,100.56294315379033,108.99
2026-01-31 23:30:00+01:00,99.02883981745579,104.28
2026-01-31 23:45:00+01:00,96.05529248258482,100.53
2026-02-01 00:00:00+01:00,104.28347773361344,100.0
2026-02-01 00:15:00+01:00,102.41595629530343,95.14
2026-02-01 00:30:00+01:00,98.2425274155435,95.01
2026-02-01 00:45:00+01:00,96.08796923645139,94.21
2026-02-01 01:00:00+01:00,98.70991845242642,94.63
2026-02-01 01:15:00+01:00,96.13369702984104,94.32
2026-02-01 01:30:00+01:00,95.46027688587523,94.15
2026-02-01 01:45:00+01:00,94.45674288317204,92.93
2026-02-01 02:00:00+01:00,94.4873773643311,98.36
2026-02-01 02:15:00+01:00,93.00544519811223,98.69
2026-02-01 02:30:00+01:00,92.66287119565847,99.09
2026-02-01 02:45:00+01:00,92.11284895097006,97.47
2026-02-01 03:00:00+01:00,91.28259959174632,93.39
2026-02-01 03:15:00+01:00,90.34204654998582,96.77
2026-02-01 03:30:00+01:00,90.28804876180249,95.33
2026-02-01 03:45:00+01:00,89.90468572152939,98.74
2026-02-01 04:00:00+01:00,90.42812911086043,98.85
2026-02-01 04:15:00+01:00,90.59750575629877,98.69
2026-02-01 04:30:00+01:00,91.78432020308848,98.0
2026-02-01 04:45:00+01:00,92.56154879991057,97.71
2026-02-01 05:00:00+01:00,91.28898163946477,97.71
2026-02-01 05:15:00+01:00,91.83462822461544,95.41
2026-02-01 05:30:00+01:00,90.96289864788086,99.89
2026-02-01 05:45:00+01:00,92.99035907089923,99.88
2026-02-01 06:00:00+01:00,90.06285226319804,94.47
2026-02-01 06:15:00+01:00,91.11244779071386,96.68
2026-02-01 06:30:00+01:00,93.57666460075569,95.46
2026-02-01 06:45:00+01:00,95.29588929464997,97.45
2026-02-01 07:00:00+01:00,98.98297580549288,96.84
2026-02-01 07:15:00+01:00,103.94667425243095,96.56
2026-02-01 07:30:00+01:00,106.2383122104483,101.34
2026-02-01 07:45:00+01:00,111.24519845775056,103.26
2026-02-01 08:00:00+01:00,107.46829357899168,102.95
2026-02-01 08:15:00+01:00,110.22364000474215,104.77
2026-02-01 08:30:00+01:00,113.30596522140287,107.23
2026-02-01 08:45:00+01:00,112.33068193111242,106.07
2026-02-01 09:00:00+01:00,112.2788850311479,110.16
2026-02-01 09:15:00+01:00,112.7950029454973,109.3
2026-02-01 09:30:00+01:00,109.99880594691793,108.57
2026-02-01 09:45:00+01:00,106.29785679450286,108.91
2026-02-01 10:00:00+01:00,107.96246181898587,114.07
2026-02-01 10:15:00+01:00,103.28351918219282,109.72
2026-02-01 10:30:00+01:00,100.82541920232805,108.95
2026-02-01 10:45:00+01:00,98.69095959375518,106.64
2026-02-01 11:00:00+01:00,101.41662080144926,108.66
2026-02-01 11:15:00+01:00,100.80737418896275,108.12
2026-02-01 11:30:00+01:00,100.68387159829923,108.1
2026-02-01 11:45:00+01:00,99.1988585717901,107.75
2026-02-01 12:00:00+01:00,99.2838140754593,110.16
2026-02-01 12:15:00+01:00,96.82679187431079,106.27
2026-02-01 12:30:00+01:00,95.89073328822045,107.56
2026-02-01 12:45:00+01:00,94.53473563073698,104.51
2026-02-01 13:00:00+01:00,94.3602537475341,102.81
2026-02-01 13:15:00+01:00,92.97769446838264,99.93
2026-02-01 13:30:00+01:00,92.88743507657688,99.41
2026-02-01 13:45:00+01:00,92.30027452775349,99.4
2026-02-01 14:00:00+01:00,98.38886766525262,100.05
2026-02-01 14:15:00+01:00,98.30209429296224,101.03
2026-02-01 14:30:00+01:00,97.84025276470314,103.42
2026-02-01 14:45:00+01:00,100.69252967811296,104.44
2026-02-01 15:00:00+01:00,104.24288226802318,103.26
2026-02-01 15:15:00+01:00,107.01160480973546,107.36
2026-02-01 15:30:00+01:00,108.86500538797941,111.5
2026-02-01 15:45:00+01:00,110.96680986582511,113.71
2026-02-01 16:00:00+01:00,109.05801348990195,106.35
2026-02-01 16:15:00+01:00,113.08558320619333,112.32
2026-02-01 16:30:00+01:00,117.78923846977129,115.0
2026-02-01 16:45:00+01:00,120.44545301495609,125.0
2026-02-01 17:00:00+01:00,124.50635069990116,123.73
2026-02-01 17:15:00+01:00,129.7624500708427,126.23
2026-02-01 17:30:00+01:00,132.86858571227427,132.01
2026-02-01 17:45:00+01:00,130.57049299450708,135.98
2026-02-01 18:00:00+01:00,131.33100432448373,133.24
2026-02-01 18:15:00+01:00,132.20010172366517,133.81
2026-02-01 18:30:00+01:00,125.5615785799512,141.96
2026-02-01 18:45:00+01:00,126.4527965678493,138.36
2026-02-01 19:00:00+01:00,125.37310178574766,141.0
2026-02-01 19:15:00+01:00,123.19147085395029,136.22
2026-02-01 19:30:00+01:00,120.393610011177,137.51
2026-02-01 19:45:00+01:00,119.6261591273968,134.83
2026-02-01 20:00:00+01:00,115.87980161927834,131.0
2026-02-01 20:15:00+01:00,110.40407429658586,132.0
2026-02-01 20:30:00+01:00,107.3807740280871,123.74
2026-02-01 20:45:00+01:00,103.05383200480804,115.63
2026-02-01 21:00:00+01:00,109.94309269632284,122.15
2026-02-01 21:15:00+01:00,107.96594901926485,118.56
2026-02-01 21:30:00+01:00,104.4034228823838,111.96
2026-02-01 21:45:00+01:00,99.80803316768346,102.76
2026-02-01 22:00:00+01:00,109.75576151543225,117.52
2026-02-01 22:15:00+01:00,105.99967840905566,113.49
2026-02-01 22:30:00+01:00,105.45415904036018,115.49
2026-02-01 22:45:00+01:00,101.6919128432888,109.04
2026-02-01 23:00:00+01:00,102.37865780119536,113.88
2026-02-01 23:15:00+01:00,99.06116696724514,106.17
2026-02-01 23:30:00+01:00,97.64206515562358,106.44
2026-02-01 23:45:00+01:00,96.08985903143665,99.72
2026-02-02 00:00:00+01:00,104.01939631296216,100.41
2026-02-02 00:15:00+01:00,101.40899234432813,101.91
2026-02-02 00:30:00+01:00,98.3526590067923,100.04
2026-02-02 00:45:00+01:00,95.70138277084618,96.01
2026-02-02 01:00:00+01:00,98.13019012972015,99.41
2026-02-02 01:15:00+01:00,95.64525414490062,95.0
2026-02-02 01:30:00+01:00,94.5943523360772,99.62
2026-02-02 01:45:00+01:00,92.87162985523958,97.94
2026-02-02 02:00:00+01:00,93.84458779328142,96.59
2026-02-02 02:15:00+01:00,92.58345343179639,95.2
2026-02-02 02:30:00+01:00,91.51677364781874,94.28
2026-02-02 02:45:00+01:00,90.66782648775713,94.3
2026-02-02 03:00:00+01:00,90.33072558467201,93.01
2026-02-02 03:15:00+01:00,89.78673507282683,90.52
2026-02-02 03:30:00+01:00,89.52873008717633,90.41
2026-02-02 03:45:00+01:00,89.06969724568489,90.06
2026-02-02 04:00:00+01:00,89.43381642736487,91.0
2026-02-02 04:15:00+01:00,89.42533030989856,91.63
2026-02-02 04:30:00+01:00,90.5569660412904,92.05
2026-02-02 04:45:00+01:00,90.97082109711522,92.25
2026-02-02 05:00:00+01:00,91.14438235593107,94.65
2026-02-02 05:15:00+01:00,92.56780915544202,90.57
2026-02-02 05:30:00+01:00,94.72729843500652,95.85
2026-02-02 05:45:00+01:00,98.81047228031615,97.82
2026-02-02 06:00:00+01:00,105.610827280087,89.78
2026-02-02 06:15:00+01:00,114.52972961528074,103.31
2026-02-02 06:30:00+01:00,115.86775814043091,112.82
2026-02-02 06:45:00+01:00,120.06793012937777,120.39
2026-02-02 07:00:00+01:00,134.2685779345746,112.97
2026-02-02 07:15:00+01:00,140.01650827951983,117.19
2026-02-02 07:30:00+01:00,144.54712387925423,131.19
2026-02-02 07:45:00+01:00,155.2279429415759,130.19
2026-02-02 08:00:00+01:00,151.64112319350613,132.06
2026-02-02 08:15:00+01:00,150.6402801724932,139.01
2026-02-02 08:30:00+01:00,148.4170374982842,139.83
2026-02-02 08:45:00+01:00,138.44726889499432,136.57
2026-02-02 09:00:00+01:00,144.30470096368396,154.13
2026-02-02 09:15:00+01:00,139.42053666054792,142.7
2026-02-02 09:30:00+01:00,131.03722182472518,136.03
2026-02-02 09:45:00+01:00,122.42838632227208,127.76
2026-02-02 10:00:00+01:00,126.25053369540288,132.26
2026-02-02 10:15:00+01:00,119.00786296890129,128.66
2026-02-02 10:30:00+01:00,113.6254415348144,123.15
2026-02-02 10:45:00+01:00,109.08062509350633,114.09
2026-02-02 11:00:00+01:00,107.0144485538505,124.83
2026-02-02 11:15:00+01:00,104.87167969062295,116.25
2026-02-02 11:30:00+01:00,103.82951754054224,110.01
2026-02-02 11:45:00+01:00,102.93169180803619,107.58
2026-02-02 12:00:00+01:00,102.157881798609,112.69
2026-02-02 12:15:00+01:00,100.18712079954355,107.5
2026-02-02 12:30:00+01:00,101.35572004908138,109.15
2026-02-02 12:45:00+01:00,100.7615314122974,107.51
2026-02-02 13:00:00+01:00,103.78048080897054,105.2
2026-02-02 13:15:00+01:00,102.81988543791124,104.1
2026-02-02 13:30:00+01:00,101.90126599453637,103.44
2026-02-02 13:45:00+01:00,101.29216577506892,103.26
2026-02-02 14:00:00+01:00,107.81496934527296,101.49
2026-02-02 14:15:00+01:00,110.6811711891603,101.98
2026-02-02 14:30:00+01:00,112.22729210579868,103.45
2026-02-02 14:45:00+01:00,114.1844437500489,104.69
2026-02-02 15:00:00+01:00,116.64564457688356,101.43
2026-02-02 15:15:00+01:00,120.40097802947258,103.45
2026-02-02 15:30:00+01:00,121.6778173826464,104.75
2026-02-02 15:45:00+01:00,125.0035869057617,110.68
2026-02-02 16:00:00+01:00,118.83113049902019,101.8
2026-02-02 16:15:00+01:00,128.6047617751682,107.3
2026-02-02 16:30:00+01:00,129.91936613917852,112.37
2026-02-02 16:45:00+01:00,128.07495772929278,117.64
2026-02-02 17:00:00+01:00,134.80546652273483,108.94
2026-02-02 17:15:00+01:00,138.73136103626172,117.57
2026-02-02 17:30:00+01:00,142.93025487028456,125.54
2026-02-02 17:45:00+01:00,142.2194009894925,120.74
2026-02-02 18:00:00+01:00,138.46478131548434,123.41
2026-02-02 18:15:00+01:00,139.49758047604232,117.7
2026-02-02 18:30:00+01:00,132.16146218520177,118.83
2026-02-02 18:45:00+01:00,134.08199266884887,115.93
2026-02-02 19:00:00+01:00,134.23767251205527,105.95
2026-02-02 19:15:00+01:00,129.47686067143997,105.35
2026-02-02 19:30:00+01:00,128.1722179501498,106.08
2026-02-02 19:45:00+01:00,125.07764780514024,102.62
2026-02-02 20:00:00+01:00,120.28063017791749,105.23
2026-02-02 20:15:00+01:00,116.04641338335884,103.45
2026-02-02 20:30:00+01:00,113.57656116751977,100.93
2026-02-02 20:45:00+01:00,108.28437200261733,99.41
2026-02-02 21:00:00+01:00,110.90896731472698,107.12
2026-02-02 21:15:00+01:00,108.48933756086666,103.98
2026-02-02 21:30:00+01:00,103.31530518358221,100.0
2026-02-02 21:45:00+01:00,96.7483459418084,96.96
2026-02-02 22:00:00+01:00,108.22310748781653,103.9
2026-02-02 22:15:00+01:00,103.29858819064457,101.22
2026-02-02 22:30:00+01:00,101.97582302294187,100.86
2026-02-02 22:45:00+01:00,97.48670921263614,98.93
2026-02-02 23:00:00+01:00,100.60347587877479,98.56
2026-02-02 23:15:00+01:00,97.27596296036343,90.96
2026-02-02 23:30:00+01:00,94.88094096192282,90.41
2026-02-02 23:45:00+01:00,91.28165533566624,85.61
2026-02-03 00:00:00+01:00,89.51155774439164,97.41
2026-02-03 00:15:00+01:00,86.6459218014782,92.88
2026-02-03 00:30:00+01:00,84.14926304520823,89.07
2026-02-03 00:45:00+01:00,81.18606527697455,87.51
2026-02-03 01:00:00+01:00,82.72313683701765,91.84
2026-02-03 01:15:00+01:00,80.34737369525844,89.62
2026-02-03 01:30:00+01:00,79.46844703536563,88.49
2026-02-03 01:45:00+01:00,77.41703859088747,87.51
2026-02-03 02:00:00+01:00,77.33412677992132,89.08
2026-02-03 02:15:00+01:00,75.82326752875808,85.01
2026-02-03 02:30:00+01:00,75.48874656174095,82.55
2026-02-03 02:45:00+01:00,74.92988185722551,79.39
2026-02-03 03:00:00+01:00,74.5906431574271,82.8
2026-02-03 03:15:00+01:00,73.58045621602237,80.16
2026-02-03 03:30:00+01:00,73.07708839014239,79.37
2026-02-03 03:45:00+01:00,71.92390208612645,77.42
2026-02-03 04:00:00+01:00,72.47783182599555,76.67
2026-02-03 04:15:00+01:00,72.44032382999954,76.02
2026-02-03 04:30:00+01:00,73.46840707949748,76.41
2026-02-03 04:45:00+01:00,74.33006527016948,78.26
2026-02-03 05:00:00+01:00,73.79302276815626,78.29
2026-02-03 05:15:00+01:00,73.99089271149977,78.08
2026-02-03 05:30:00+01:00,77.8726281773575,82.27
2026-02-03 05:45:00+01:00,82.11856923835255,90.0
2026-02-03 06:00:00+01:00,76.80845459525555,84.03
2026-02-03 06:15:00+01:00,85.89812009239276,87.11
2026-02-03 06:30:00+01:00,90.82119755992467,92.58
2026-02-03 06:45:00+01:00,96.46370741182612,100.92
2026-02-03 07:00:00+01:00,95.49713496570891,92.5
2026-02-03 07:15:00+01:00,106.89871827499492,97.01
2026-02-03 07:30:00+01:00,113.92536409954138,99.26
2026-02-03 07:45:00+01:00,111.95792046536081,102.0
2026-02-03 08:00:00+01:00,117.92145921484462,104.03
2026-02-03 08:15:00+01:00,115.61256804839077,107.01
2026-02-03 08:30:00+01:00,116.2434744530965,109.15
2026-02-03 08:45:00+01:00,112.64572132663292,104.9
2026-02-03 09:00:00+01:00,117.45222526473403,118.45
2026-02-03 09:15:00+01:00,110.74060753301538,110.16
2026-02-03 09:30:00+01:00,106.42241598009005,106.32
2026-02-03 09:45:00+01:00,100.81265563206931,97.97
2026-02-03 10:00:00+01:00,102.58239337763236,105.92
2026-02-03 10:15:00+01:00,94.7955749632281,100.01
2026-02-03 10:30:00+01:00,91.03911114379642,98.6
2026-02-03 10:45:00+01:00,83.84666202987049,95.23
2026-02-03 11:00:00+01:00,92.6335575123201,97.07
2026-02-03 11:15:00+01:00,89.57498759185991,93.1
2026-02-03 11:30:00+01:00,88.0834897091972,89.4
2026-02-03 11:45:00+01:00,85.46464863013153,83.75
2026-02-03 12:00:00+01:00,83.95573839792468,89.77
2026-02-03 12:15:00+01:00,80.75032092218278,85.35
2026-02-03 12:30:00+01:00,81.15625517410233,87.29
2026-02-03 12:45:00+01:00,81.7829558194491,89.38
2026-02-03 13:00:00+01:00,81.95221013990087,89.81
2026-02-03 13:15:00+01:00,81.20196294919724,89.39
2026-02-03 13:30:00+01:00,80.72625213935626,90.02
2026-02-03 13:45:00+01:00,81.69679900714434,90.4
2026-02-03 14:00:00+01:00,83.55508089788589,86.52
2026-02-03 14:15:00+01:00,85.08159573865187,92.02
2026-02-03 14:30:00+01:00,90.08803901615761,95.69
2026-02-03 14:45:00+01:00,95.82690388858572,98.38
2026-02-03 15:00:00+01:00,92.42013158977798,93.09
2026-02-03 15:15:00+01:00,98.22992257499574,99.89
2026-02-03 15:30:00+01:00,103.29312046558506,102.27
2026-02-03 15:45:00+01:00,108.145734414492,106.39
2026-02-03 16:00:00+01:00,94.83716064252023,98.5
2026-02-03 16:15:00+01:00,103.86908655477004,103.4
2026-02-03 16:30:00+01:00,109.05812551153676,107.05
2026-02-03 16:45:00+01:00,114.52483683442063,117.51
2026-02-03 17:00:00+01:00,112.98556409524883,112.95
2026-02-03 17:15:00+01:00,118.41144420597779,124.96
2026-02-03 17:30:00+01:00,119.83516137884811,132.58
2026-02-03 17:45:00+01:00,121.20416153248334,132.6
2026-02-03 18:00:00+01:00,121.01010297748404,125.52
2026-02-03 18:15:00+01:00,117.73493076593033,125.55
2026-02-03 18:30:00+01:00,118.37325415628754,126.89
2026-02-03 18:45:00+01:00,114.8474087829009,127.43
2026-02-03 19:00:00+01:00,109.58942905407116,124.38
2026-02-03 19:15:00+01:00,106.0718855022827,124.35
2026-02-03 19:30:00+01:00,102.22264566923096,123.96
2026-02-03 19:45:00+01:00,98.02728771070701,120.22
2026-02-03 20:00:00+01:00,110.27424244750627,118.72
2026-02-03 20:15:00+01:00,105.41983020268509,115.9
2026-02-03 20:30:00+01:00,102.042087038531,110.84
2026-02-03 20:45:00+01:00,97.0196521013474,106.14
2026-02-03 21:00:00+01:00,108.30498352113497,108.04
2026-02-03 21:15:00+01:00,105.59929231300495,104.82
2026-02-03 21:30:00+01:00,103.43600476707229,101.87
2026-02-03 21:45:00+01:00,97.79801707424049,98.44
2026-02-03 22:00:00+01:00,107.4115369888967,105.86
2026-02-03 22:15:00+01:00,103.32680671441108,101.46
2026-02-03 22:30:00+01:00,103.30923952702241,100.21
2026-02-03 22:45:00+01:00,98.93792967602046,96.05
2026-02-03 23:00:00+01:00,99.21661324725876,98.12
2026-02-03 23:15:00+01:00,93.23126510871074,97.33
2026-02-03 23:30:00+01:00,91.44334322744875,94.88
2026-02-03 23:45:00+01:00,87.0929973841417,88.92
2026-02-04 00:00:00+01:00,92.90639467544653,96.79
2026-02-04 00:15:00+01:00,90.23088144310167,93.22
2026-02-04 00:30:00+01:00,87.4267699564317,94.59
2026-02-04 00:45:00+01:00,85.71498683381539,95.41
2026-02-04 01:00:00+01:00,88.8200296467862,93.65
2026-02-04 01:15:00+01:00,86.50098827015788,92.79
2026-02-04 01:30:00+01:00,86.6139969306471,92.75
2026-02-04 01:45:00+01:00,85.21815220621005,91.96
2026-02-04 02:00:00+01:00,86.15581049856851,92.71
2026-02-04 02:15:00+01:00,85.47733913781565,91.83
2026-02-04 02:30:00+01:00,84.94481452846654,92.85
2026-02-04 02:45:00+01:00,84.63859176346439,94.46
2026-02-04 03:00:00+01:00,85.32050231726114,94.63
2026-02-04 03:15:00+01:00,84.81802494457683,93.53
2026-02-04 03:30:00+01:00,84.92747892582413,95.5
2026-02-04 03:45:00+01:00,84.66215922953056,94.83
2026-02-04 04:00:00+01:00,85.51363701333936,92.53
2026-02-04 04:15:00+01:00,85.80456418582627,92.54
2026-02-04 04:30:00+01:00,86.953638539986,94.56
2026-02-04 04:45:00+01:00,87.44290911051964,96.2
2026-02-04 05:00:00+01:00,88.89369212843347,92.95
2026-02-04 05:15:00+01:00,90.26065768613203,95.01
2026-02-04 05:30:00+01:00,91.56485404214395,96.98
2026-02-04 05:45:00+01:00,95.29266449736264,101.4
2026-02-04 06:00:00+01:00,97.09743251032147,98.61
2026-02-04 06:15:00+01:00,105.47178874110872,102.56
2026-02-04 06:30:00+01:00,111.42402385946501,108.01
2026-02-04 06:45:00+01:00,116.70050324987889,111.96
2026-02-04 07:00:00+01:00,119.06721363109587,115.02
2026-02-04 07:15:00+01:00,129.22437261259842,120.22
2026-02-04 07:30:00+01:00,132.3977921757253,126.29
2026-02-04 07:45:00+01:00,138.05308928995865,130.21
2026-02-04 08:00:00+01:00,134.23229032333086,133.59
2026-02-04 08:15:00+01:00,141.82655510660948,137.49
2026-02-04 08:30:00+01:00,137.21545747027363,131.01
2026-02-04 08:45:00+01:00,134.81917517987856,124.33
2026-02-04 09:00:00+01:00,130.86560030302206,135.94
2026-02-04 09:15:00+01:00,129.15615885945536,123.76
2026-02-04 09:30:00+01:00,124.67226459372921,118.63
2026-02-04 09:45:00+01:00,118.0017908889588,112.36
2026-02-04 10:00:00+01:00,124.89627122223334,119.73
2026-02-04 10:15:00+01:00,115.39875022236271,113.9
2026-02-04 10:30:00+01:00,107.4836313493046,105.54
2026-02-04 10:45:00+01:00,103.38980066421416,100.83
2026-02-04 11:00:00+01:00,107.29828716636999,102.53
2026-02-04 11:15:00+01:00,101.11422359493403,100.29
2026-02-04 11:30:00+01:00,100.07261789159426,96.54
2026-02-04 11:45:00+01:00,100.01762835710994,95.47
2026-02-04 12:00:00+01:00,104.8747445482372,94.67
2026-02-04 12:15:00+01:00,101.20305400271769,92.14
2026-02-04 12:30:00+01:00,101.01556991260236,90.46
2026-02-04 12:45:00+01:00,100.8295765610826,90.39
2026-02-04 13:00:00+01:00,103.14850397890055,91.4
2026-02-04 13:15:00+01:00,103.87168580383957,90.27
2026-02-04 13:30:00+01:00,104.29037591149935,90.4
2026-02-04 13:45:00+01:00,104.26739910369528,93.46
2026-02-04 14:00:00+01:00,105.1171916406739,92.75
2026-02-04 14:15:00+01:00,107.66344935177078,93.56
2026-02-04 14:30:00+01:00,109.27213573306918,95.41
2026-02-04 14:45:00+01:00,112.92503969023558,102.59
2026-02-04 15:00:00+01:00,106.67966217682448,95.24
2026-02-04 15:15:00+01:00,111.77111104215857,100.56
2026-02-04 15:30:00+01:00,115.70837551976712,106.66
2026-02-04 15:45:00+01:00,118.51135457422231,109.04
2026-02-04 16:00:00+01:00,122.97203683398249,105.65
2026-02-04 16:15:00+01:00,128.8157795239726,109.41
2026-02-04 16:30:00+01:00,132.28772828507337,116.85
2026-02-04 16:45:00+01:00,132.39587729375884,124.83
2026-02-04 17:00:00+01:00,128.24403483313517,117.9
2026-02-04 17:15:00+01:00,134.13468701938976,124.13
2026-02-04 17:30:00+01:00,138.83169383232973,128.43
2026-02-04 17:45:00+01:00,139.8422733252445,128.01
2026-02-04 18:00:00+01:00,134.75553025041745,119.38
2026-02-04 18:15:00+01:00,131.56989577447303,117.03
2026-02-04 18:30:00+01:00,131.91511720425876,116.69
2026-02-04 18:45:00+01:00,129.62430282941955,115.06
2026-02-04 19:00:00+01:00,125.8536261390416,116.57
2026-02-04 19:15:00+01:00,120.37425723544779,105.28
2026-02-04 19:30:00+01:00,118.6262373727228,99.98
2026-02-04 19:45:00+01:00,114.94525547775025,96.25
2026-02-04 20:00:00+01:00,114.6399793569428,103.89
2026-02-04 20:15:00+01:00,108.05760558814568,96.23
2026-02-04 20:30:00+01:00,104.39784082598851,93.58
2026-02-04 20:45:00+01:00,98.63449263834919,91.45
2026-02-04 21:00:00+01:00,107.37547629233572,99.22
2026-02-04 21:15:00+01:00,103.78750583268206,95.29
2026-02-04 21:30:00+01:00,99.57309545172326,92.96
2026-02-04 21:45:00+01:00,94.58493476876956,91.54
2026-02-04 22:00:00+01:00,102.81922367288037,98.24
2026-02-04 22:15:00+01:00,99.56739464024307,95.4
2026-02-04 22:30:00+01:00,99.62054262716819,93.71
2026-02-04 22:45:00+01:00,96.64664808469524,87.94
2026-02-04 23:00:00+01:00,96.33703198892371,92.4
2026-02-04 23:15:00+01:00,94.79179365006432,87.98
2026-02-04 23:30:00+01:00,92.81772380903087,85.09
2026-02-04 23:45:00+01:00,89.7290239417435,79.76
2026-02-05 00:00:00+01:00,85.44252394056872,90.11
2026-02-05 00:15:00+01:00,81.76385426107295,90.55
2026-02-05 00:30:00+01:00,79.58642987709113,90.25
2026-02-05 00:45:00+01:00,77.32260373481338,90.3
2026-02-05 01:00:00+01:00,81.97783706281388,89.79
2026-02-05 01:15:00+01:00,80.28132192331626,88.89
2026-02-05 01:30:00+01:00,79.48987906779159,88.61
2026-02-05 01:45:00+01:00,77.87090684111912,86.46
2026-02-05 02:00:00+01:00,79.85867886778846,87.06
2026-02-05 02:15:00+01:00,78.90688444403413,87.12
2026-02-05 02:30:00+01:00,78.64244670719914,88.17
2026-02-05 02:45:00+01:00,78.16178210593925,87.38
2026-02-05 03:00:00+01:00,79.80063992101398,86.59
2026-02-05 03:15:00+01:00,79.05128872940556,88.2
2026-02-05 03:30:00+01:00,79.11598581465073,88.18
2026-02-05 03:45:00+01:00,79.16209638961124,88.21
2026-02-05 04:00:00+01:00,80.11557231752735,87.44
2026-02-05 04:15:00+01:00,80.66305050895892,88.99
2026-02-05 04:30:00+01:00,81.86938121447848,90.17
2026-02-05 04:45:00+01:00,83.47691252714196,91.66
2026-02-05 05:00:00+01:00,81.13223010868826,88.3
2026-02-05 05:15:00+01:00,82.75111867526772,90.56
2026-02-05 05:30:00+01:00,87.91402984027204,92.26
2026-02-05 05:45:00+01:00,93.30761126828766,94.92
2026-02-05 06:00:00+01:00,84.306213271432,93.33
2026-02-05 06:15:00+01:00,95.16358018362655,104.99
2026-02-05 06:30:00+01:00,103.81566542566266,105.0
2026-02-05 06:45:00+01:00,112.50316516719616,108.06
2026-02-05 07:00:00+01:00,100.35161412399053,103.15
2026-02-05 07:15:00+01:00,104.74640353452189,110.05
2026-02-05 07:30:00+01:00,113.94066455913153,118.63
2026-02-05 07:45:00+01:00,123.18573192967466,121.45
2026-02-05 08:00:00+01:00,106.33390495934611,122.62
2026-02-05 08:15:00+01:00,117.80758903419918,125.34
2026-02-05 08:30:00+01:00,120.1642872608452,127.65
2026-02-05 08:45:00+01:00,115.74986441676363,125.85
2026-02-05 09:00:00+01:00,117.19863064750919,127.66
2026-02-05 09:15:00+01:00,117.30524988596841,122.98
2026-02-05 09:30:00+01:00,112.72824212606879,119.63
2026-02-05 09:45:00+01:00,105.56933199172784,115.81
2026-02-05 10:00:00+01:00,104.77293343898313,127.01
2026-02-05 10:15:00+01:00,97.1141148077449,121.37
2026-02-05 10:30:00+01:00,94.87486462147186,115.5
2026-02-05 10:45:00+01:00,91.83561599522127,108.89
2026-02-05 11:00:00+01:00,94.72232132361334,128.26
2026-02-05 11:15:00+01:00,93.41588267208509,121.58
2026-02-05 11:30:00+01:00,92.53355441796985,120.13
2026-02-05 11:45:00+01:00,91.65158891370965,114.3
2026-02-05 12:00:00+01:00,91.48579894766297,110.44
2026-02-05 12:15:00+01:00,90.59085156219676,108.08
2026-02-05 12:30:00+01:00,91.16475437882109,107.56
2026-02-05 12:45:00+01:00,91.65971900141483,106.93
2026-02-05 13:00:00+01:00,95.54184008073094,108.38
2026-02-05 13:15:00+01:00,95.11534970835119,110.0
2026-02-05 13:30:00+01:00,95.64280351517917,110.21
2026-02-05 13:45:00+01:00,97.44309359700131,110.44
2026-02-05 14:00:00+01:00,96.61539188803279,105.28
2026-02-05 14:15:00+01:00,99.72356136897423,108.71
2026-02-05 14:30:00+01:00,103.90059336753706,110.51
2026-02-05 14:45:00+01:00,110.62910792527535,115.91
2026-02-05 15:00:00+01:00,109.38612720597396,107.75
2026-02-05 15:15:00+01:00,115.56126322426599,111.99
2026-02-05 15:30:00+01:00,120.37456521708205,119.87
2026-02-05 15:45:00+01:00,124.66554684629352,128.31
2026-02-05 16:00:00+01:00,126.57365386492208,118.01
2026-02-05 16:15:00+01:00,132.70841864450338,124.01
2026-02-05 16:30:00+01:00,134.89483384701055,130.57
2026-02-05 16:45:00+01:00,142.10727213977748,131.41
2026-02-05 17:00:00+01:00,140.07279520503226,127.82
2026-02-05 17:15:00+01:00,149.2437797168555,134.93
2026-02-05 17:30:00+01:00,156.37821721739647,147.94
2026-02-05 17:45:00+01:00,150.6929780971332,151.31
2026-02-05 18:00:00+01:00,145.44280519170604,139.82
2026-02-05 18:15:00+01:00,144.4711607455209,135.23
2026-02-05 18:30:00+01:00,147.01813231977314,137.98
2026-02-05 18:45:00+01:00,146.68433124160197,133.55
2026-02-05 19:00:00+01:00,144.25628242958584,138.04
2026-02-05 19:15:00+01:00,139.51117514051617,133.45
2026-02-05 19:30:00+01:00,137.57186286926867,131.66
2026-02-05 19:45:00+01:00,133.16713005927184,128.48
2026-02-05 20:00:00+01:00,139.68049672510338,131.0
2026-02-05 20:15:00+01:00,135.82821957279367,124.39
2026-02-05 20:30:00+01:00,129.54424530658036,118.14
2026-02-05 20:45:00+01:00,123.41306661963243,109.71
2026-02-05 21:00:00+01:00,124.28067362643023,113.44
2026-02-05 21:15:00+01:00,121.79388278660085,109.22
2026-02-05 21:30:00+01:00,117.26041536303136,106.98
2026-02-05 21:45:00+01:00,109.81913713467405,101.49
2026-02-05 22:00:00+01:00,114.87864844760554,110.95
2026-02-05 22:15:00+01:00,112.67569874169887,106.57
2026-02-05 22:30:00+01:00,110.79616273851029,104.26
2026-02-05 22:45:00+01:00,109.0443257528969,101.74
2026-02-05 23:00:00+01:00,106.91709117525166,107.33
2026-02-05 23:15:00+01:00,104.19671519506255,103.9
2026-02-05 23:30:00+01:00,102.48469303582858,97.52
2026-02-05 23:45:00+01:00,100.54766920696747,91.4
2026-02-06 00:00:00+01:00,101.54302295814168,100.52
2026-02-06 00:15:00+01:00,97.4061420840386,98.45
2026-02-06 00:30:00+01:00,94.81020117719828,98.16
2026-02-06 00:45:00+01:00,91.80335107294671,100.11
2026-02-06 01:00:00+01:00,97.30188640868575,101.13
2026-02-06 01:15:00+01:00,94.49642491705337,99.4
2026-02-06 01:30:00+01:00,93.43776702534264,98.31
2026-02-06 01:45:00+01:00,91.69226259441449,97.67
2026-02-06 02:00:00+01:00,95.01909609347753,98.8
2026-02-06 02:15:00+01:00,93.4696468851271,97.88
2026-02-06 02:30:00+01:00,92.97832959186833,97.27
2026-02-06 02:45:00+01:00,92.41857755248209,98.4
2026-02-06 03:00:00+01:00,94.12353832884418,96.86
2026-02-06 03:15:00+01:00,93.19891450457523,98.74
2026-02-06 03:30:00+01:00,93.43941823123146,98.4
2026-02-06 03:45:00+01:00,93.69926985868517,98.91
2026-02-06 04:00:00+01:00,93.16376272771244,97.26
2026-02-06 04:15:00+01:00,93.81900233808048,98.78
2026-02-06 04:30:00+01:00,95.03713697610705,98.98
2026-02-06 04:45:00+01:00,96.86635381268373,99.95
2026-02-06 05:00:00+01:00,94.86697140520084,99.36
2026-02-06 05:15:00+01:00,96.4055552818882,100.5
2026-02-06 05:30:00+01:00,100.67680999040869,101.32
2026-02-06 05:45:00+01:00,106.84590726918623,108.15
2026-02-06 06:00:00+01:00,104.06646441948706,99.09
2026-02-06 06:15:00+01:00,114.15602481327561,109.67
2026-02-06 06:30:00+01:00,121.74486858485938,116.35
2026-02-06 06:45:00+01:00,133.7643265125754,136.58
2026-02-06 07:00:00+01:00,132.72805918456885,126.87
2026-02-06 07:15:00+01:00,145.6294311652242,136.82
2026-02-06 07:30:00+01:00,154.312078849864,147.99
2026-02-06 07:45:00+01:00,157.66907823948296,146.17
2026-02-06 08:00:00+01:00,157.74898218519593,138.67
2026-02-06 08:15:00+01:00,156.06094970168596,145.7
2026-02-06 08:30:00+01:00,150.00723474067556,146.6
2026-02-06 08:45:00+01:00,139.26129244898536,147.99
2026-02-06 09:00:00+01:00,163.97018281071286,148.13
2026-02-06 09:15:00+01:00,151.25386875202804,147.99
2026-02-06 09:30:00+01:00,139.4031196318849,141.71
2026-02-06 09:45:00+01:00,126.74861229287384,138.98
2026-02-06 10:00:00+01:00,144.95592270472332,148.06
2026-02-06 10:15:00+01:00,137.3675759074644,143.59
2026-02-06 10:30:00+01:00,129.31255437961602,140.04
2026-02-06 10:45:00+01:00,124.81126414215151,136.68
2026-02-06 11:00:00+01:00,136.44723714244725,143.66
2026-02-06 11:15:00+01:00,134.45406930258036,141.19
2026-02-06 11:30:00+01:00,135.08001855354632,137.77
2026-02-06 11:45:00+01:00,133.25515463038,133.02
2026-02-06 12:00:00+01:00,138.27353324895444,138.8
2026-02-06 12:15:00+01:00,135.07143434797865,135.34
2026-02-06 12:30:00+01:00,136.14565907905867,136.68
2026-02-06 12:45:00+01:00,137.38689246727355,134.02
2026-02-06 13:00:00+01:00,138.66997978166663,137.76
2026-02-06 13:15:00+01:00,139.13625156559246,135.66
2026-02-06 13:30:00+01:00,140.8439990877557,136.96
2026-02-06 13:45:00+01:00,144.10571902400298,133.19
2026-02-06 14:00:00+01:00,139.55069540135062,128.35
2026-02-06 14:15:00+01:00,147.82631779912475,134.05
2026-02-06 14:30:00+01:00,148.51329730696813,137.9
2026-02-06 14:45:00+01:00,151.66306872797776,142.37
2026-02-06 15:00:00+01:00,141.85177183431801,132.03
2026-02-06 15:15:00+01:00,146.70915402674171,136.86
2026-02-06 15:30:00+01:00,150.3111837606836,142.29
2026-02-06 15:45:00+01:00,153.48169794319915,146.71
2026-02-06 16:00:00+01:00,148.48651792285597,131.82
2026-02-06 16:15:00+01:00,151.44597734735942,133.74
2026-02-06 16:30:00+01:00,155.38318891414866,135.28
2026-02-06 16:45:00+01:00,160.53801399478644,135.01
2026-02-06 17:00:00+01:00,167.1541542410467,128.16
2026-02-06 17:15:00+01:00,176.2812454944018,136.04
2026-02-06 17:30:00+01:00,180.02854937221628,141.27
2026-02-06 17:45:00+01:00,178.82186552201674,143.28
2026-02-06 18:00:00+01:00,165.75745868572218,140.19
2026-02-06 18:15:00+01:00,159.2144308403858,137.62
2026-02-06 18:30:00+01:00,156.1735751177368,125.95
2026-02-06 18:45:00+01:00,153.84722560177207,125.0
2026-02-06 19:00:00+01:00,160.4067760962032,137.26
2026-02-06 19:15:00+01:00,152.09336013008948,124.73
2026-02-06 19:30:00+01:00,144.52775532326538,125.56
2026-02-06 19:45:00+01:00,136.89633751154483,114.96
2026-02-06 20:00:00+01:00,147.22192613244923,119.51
2026-02-06 20:15:00+01:00,137.37186921835394,110.53
2026-02-06 20:30:00+01:00,130.08487204741766,107.55
2026-02-06 20:45:00+01:00,124.55371965698126,106.34
2026-02-06 21:00:00+01:00,130.50699025144266,114.35
2026-02-06 21:15:00+01:00,126.02636555132446,109.83
2026-02-06 21:30:00+01:00,121.17602996270288,107.01
2026-02-06 21:45:00+01:00,112.76241043854613,104.21
2026-02-06 22:00:00+01:00,120.19855312493658,109.8
2026-02-06 22:15:00+01:00,115.40417042742958,106.06
2026-02-06 22:30:00+01:00,112.41043198540241,105.06
2026-02-06 22:45:00+01:00,108.06160222076164,104.13
2026-02-06 23:00:00+01:00,111.75718560596724,107.05
2026-02-06 23:15:00+01:00,104.7239763567618,103.65
2026-02-06 23:30:00+01:00,100.49423914874107,101.41
2026-02-06 23:45:00+01:00,96.10786746014792,96.84
2026-02-07 00:00:00+01:00,105.16233317446813,104.57
2026-02-07 00:15:00+01:00,101.78736313002452,101.03
2026-02-07 00:30:00+01:00,98.98249007522303,100.53
2026-02-07 00:45:00+01:00,97.18042036389966,99.84
2026-02-07 01:00:00+01:00,101.50348657704276,100.25
2026-02-07 01:15:00+01:00,98.35941342030691,98.78
2026-02-07 01:30:00+01:00,98.75566493718631,100.7
2026-02-07 01:45:00+01:00,97.11317654425112,100.27
2026-02-07 02:00:00+01:00,97.129656577406,100.17
2026-02-07 02:15:00+01:00,96.4898637756985,99.41
2026-02-07 02:30:00+01:00,97.00454540477674,96.89
2026-02-07 02:45:00+01:00,95.48677912424752,95.7
2026-02-07 03:00:00+01:00,95.75047491489677,98.28
2026-02-07 03:15:00+01:00,95.20683591388455,96.5
2026-02-07 03:30:00+01:00,94.92251200239795,97.31
2026-02-07 03:45:00+01:00,94.93235845416841,95.45
2026-02-07 04:00:00+01:00,95.50539146688298,95.86
2026-02-07 04:15:00+01:00,95.83075429308253,96.58
2026-02-07 04:30:00+01:00,96.89560869941579,96.8
2026-02-07 04:45:00+01:00,97.4390737555737,96.34
2026-02-07 05:00:00+01:00,95.93363630983713,94.57
2026-02-07 05:15:00+01:00,98.13998489509778,96.34
2026-02-07 05:30:00+01:00,99.61865819281053,96.74
2026-02-07 05:45:00+01:00,103.22209814688853,99.25
2026-02-07 06:00:00+01:00,96.90650681622598,90.06
2026-02-07 06:15:00+01:00,104.01751876429134,95.97
2026-02-07 06:30:00+01:00,105.6055178212463,98.97
2026-02-07 06:45:00+01:00,114.02085856560387,103.38
2026-02-07 07:00:00+01:00,100.82843209249128,100.28
2026-02-07 07:15:00+01:00,117.07474850248494,102.39
2026-02-07 07:30:00+01:00,111.69785611926163,107.13
2026-02-07 07:45:00+01:00,119.80531892979702,112.39
2026-02-07 08:00:00+01:00,108.39485044025577,108.15
2026-02-07 08:15:00+01:00,121.12729093021622,113.61
2026-02-07 08:30:00+01:00,123.4172158625813,116.99
2026-02-07 08:45:00+01:00,122.08039827960413,117.57
2026-02-07 09:00:00+01:00,116.90835034391256,125.0
2026-02-07 09:15:00+01:00,117.75534416699392,119.51
2026-02-07 09:30:00+01:00,115.47330247958644,117.06
2026-02-07 09:45:00+01:00,109.83017539583629,110.33
2026-02-07 10:00:00+01:00,121.90300786784078,117.03
2026-02-07 10:15:00+01:00,112.9476716775861,109.37
2026-02-07 10:30:00+01:00,108.83697639861013,107.78
2026-02-07 10:45:00+01:00,103.61784204247832,106.07
2026-02-07 11:00:00+01:00,105.2038516966057,106.89
2026-02-07 11:15:00+01:00,102.75458481786427,105.84
2026-02-07 11:30:00+01:00,101.80700996578997,103.76
2026-02-07 11:45:00+01:00,99.64830869325196,101.64
2026-02-07 12:00:00+01:00,99.99338657889822,103.69
2026-02-07 12:15:00+01:00,97.39516960948437,101.15
2026-02-07 12:30:00+01:00,97.05592434703296,98.1
2026-02-07 12:45:00+01:00,97.977535283673,97.53
2026-02-07 13:00:00+01:00,97.4817566392777,97.92
2026-02-07 13:15:00+01:00,97.14822507912234,97.32
2026-02-07 13:30:00+01:00,97.70859838506802,96.89
2026-02-07 13:45:00+01:00,98.90936152301478,97.42
2026-02-07 14:00:00+01:00,98.47766878523434,96.46
2026-02-07 14:15:00+01:00,100.00876816807045,97.68
2026-02-07 14:30:00+01:00,103.85977990099818,101.43
2026-02-07 14:45:00+01:00,109.47748377622281,104.14
2026-02-07 15:00:00+01:00,103.13725124609473,101.41
2026-02-07 15:15:00+01:00,111.1822473911343,103.59
2026-02-07 15:30:00+01:00,114.24383876659006,108.77
2026-02-07 15:45:00+01:00,116.0684538576156,111.56
2026-02-07 16:00:00+01:00,108.63419870374074,108.08
2026-02-07 16:15:00+01:00,110.50861027428401,116.82
2026-02-07 16:30:00+01:00,122.46364746159242,124.21
2026-02-07 16:45:00+01:00,128.22054963110375,132.05
2026-02-07 17:00:00+01:00,130.3282411603509,127.43
2026-02-07 17:15:00+01:00,138.02644285486832,131.08
2026-02-07 17:30:00+01:00,138.76034005922514,137.11
2026-02-07 17:45:00+01:00,138.88556733322335,140.53
2026-02-07 18:00:00+01:00,147.84420625036347,137.98
2026-02-07 18:15:00+01:00,138.50690135053276,136.38
2026-02-07 18:30:00+01:00,136.36560154849633,134.22
2026-02-07 18:45:00+01:00,132.00859565323225,132.75
2026-02-07 19:00:00+01:00,138.91634360598434,131.43
2026-02-07 19:15:00+01:00,134.2627700907867,132.13
2026-02-07 19:30:00+01:00,129.54770185777917,126.72
2026-02-07 19:45:00+01:00,121.02150819472112,119.71
2026-02-07 20:00:00+01:00,129.10774894783196,125.25
2026-02-07 20:15:00+01:00,122.38005503592287,115.47
2026-02-07 20:30:00+01:00,118.15551050495418,108.07
2026-02-07 20:45:00+01:00,111.1219517089442,104.79
2026-02-07 21:00:00+01:00,118.98591243915926,109.19
2026-02-07 21:15:00+01:00,115.77205386780207,105.36
2026-02-07 21:30:00+01:00,112.81510819176758,102.94
2026-02-07 21:45:00+01:00,107.36464720601413,100.07
2026-02-07 22:00:00+01:00,113.63458368231859,107.6
2026-02-07 22:15:00+01:00,110.72961255322208,105.41
2026-02-07 22:30:00+01:00,108.34828598543895,103.25
2026-02-07 22:45:00+01:00,103.76302712060149,100.03
2026-02-07 23:00:00+01:00,106.17708732718478,105.96
2026-02-07 23:15:00+01:00,101.54889521308932,101.17
2026-02-07 23:30:00+01:00,98.59057599430902,96.11
2026-02-07 23:45:00+01:00,95.57371010579878,91.8
2026-02-08 00:00:00+01:00,103.93140196963265,110.04
2026-02-08 00:15:00+01:00,100.02760769715836,101.13
2026-02-08 00:30:00+01:00,96.20302187161458,99.99
2026-02-08 00:45:00+01:00,93.56175195054007,96.98
2026-02-08 01:00:00+01:00,99.65571979340537,101.51
2026-02-08 01:15:00+01:00,96.0337566384407,101.37
2026-02-08 01:30:00+01:00,94.50439425469818,97.1
2026-02-08 01:45:00+01:00,93.12564841586249,96.2
2026-02-08 02:00:00+01:00,95.22162456575265,99.9
2026-02-08 02:15:00+01:00,92.83555243037716,97.49
2026-02-08 02:30:00+01:00,92.5377899919974,96.63
2026-02-08 02:45:00+01:00,91.98174182475734,96.25
2026-02-08 03:00:00+01:00,91.3675042174345,97.43
2026-02-08 03:15:00+01:00,91.137916121643,96.7
2026-02-08 03:30:00+01:00,91.39294737738298,95.64
2026-02-08 03:45:00+01:00,91.10387424256014,95.93
2026-02-08 04:00:00+01:00,91.28591134468887,94.9
2026-02-08 04:15:00+01:00,91.79570641490344,94.5
2026-02-08 04:30:00+01:00,92.90056718721664,95.05
2026-02-08 04:45:00+01:00,94.54509179947519,94.99
2026-02-08 05:00:00+01:00,91.32865269809284,95.59
2026-02-08 05:15:00+01:00,92.41735828953708,95.41
2026-02-08 05:30:00+01:00,93.38410996045846,95.49
2026-02-08 05:45:00+01:00,95.74855049092808,96.51
2026-02-08 06:00:00+01:00,85.3523024232168,90.28
2026-02-08 06:15:00+01:00,93.68879479909066,92.8
2026-02-08 06:30:00+01:00,96.16566974328985,96.45
2026-02-08 06:45:00+01:00,101.55603747849493,100.47
2026-02-08 07:00:00+01:00,93.61430069062224,91.09
2026-02-08 07:15:00+01:00,98.73362343144916,94.71
2026-02-08 07:30:00+01:00,103.25206458947389,96.3
2026-02-08 07:45:00+01:00,109.59893981913243,101.12
2026-02-08 08:00:00+01:00,96.11477524559344,96.05
2026-02-08 08:15:00+01:00,103.26026751719998,101.24
2026-02-08 08:30:00+01:00,107.6428246217058,101.57
2026-02-08 08:45:00+01:00,108.15955734340125,102.53
2026-02-08 09:00:00+01:00,103.88802778214723,101.92
2026-02-08 09:15:00+01:00,105.51675182006365,102.84
2026-02-08 09:30:00+01:00,104.50959019514323,102.36
2026-02-08 09:45:00+01:00,101.03663730356772,100.83
2026-02-08 10:00:00+01:00,103.55166932856127,104.37
2026-02-08 10:15:00+01:00,100.51704667191565,103.81
2026-02-08 10:30:00+01:00,96.63262406497648,101.62
2026-02-08 10:45:00+01:00,94.69026991059565,100.78
2026-02-08 11:00:00+01:00,98.15400545228204,102.14
2026-02-08 11:15:00+01:00,96.46448194546016,100.85
2026-02-08 11:30:00+01:00,96.95565332337071,98.64
2026-02-08 11:45:00+01:00,95.95457561357121,96.77
2026-02-08 12:00:00+01:00,95.82793632771316,97.86
2026-02-08 12:15:00+01:00,91.49168991801645,96.77
2026-02-08 12:30:00+01:00,92.66674174348788,96.97
2026-02-08 12:45:00+01:00,91.57708075554042,94.69
2026-02-08 13:00:00+01:00,89.72997996135065,95.1
2026-02-08 13:15:00+01:00,87.99781126436923,94.01
2026-02-08 13:30:00+01:00,87.5156332959324,96.26
2026-02-08 13:45:00+01:00,88.71934644071024,96.43
2026-02-08 14:00:00+01:00,91.28264583195522,94.09
2026-02-08 14:15:00+01:00,90.61249822425913,96.62
2026-02-08 14:30:00+01:00,89.65224962006491,97.71
2026-02-08 14:45:00+01:00,92.51999286857188,100.46
2026-02-08 15:00:00+01:00,94.70028750877529,98.03
2026-02-08 15:15:00+01:00,96.94297740828034,100.52
2026-02-08 15:30:00+01:00,98.99396218474011,104.32
2026-02-08 15:45:00+01:00,101.4282565450474,110.42
2026-02-08 16:00:00+01:00,101.86393498665836,100.84
2026-02-08 16:15:00+01:00,104.18217951992563,107.64
2026-02-08 16:30:00+01:00,110.26477956906174,115.03
2026-02-08 16:45:00+01:00,114.90803293306196,123.63
2026-02-08 17:00:00+01:00,114.53386349950378,119.54
2026-02-08 17:15:00+01:00,123.16394069568629,125.98
2026-02-08 17:30:00+01:00,130.80634568001068,131.0
2026-02-08 17:45:00+01:00,132.61121501289762,134.01
2026-02-08 18:00:00+01:00,134.72224176260664,129.79
2026-02-08 18:15:00+01:00,132.87665267489467,132.89
2026-02-08 18:30:00+01:00,131.79074458550338,132.55
2026-02-08 18:45:00+01:00,131.7272107913552,129.84
2026-02-08 19:00:00+01:00,132.58062026137608,132.96
2026-02-08 19:15:00+01:00,127.11457600097155,129.56
2026-02-08 19:30:00+01:00,123.09663278862742,125.09
2026-02-08 19:45:00+01:00,118.4568312378843,120.02
2026-02-08 20:00:00+01:00,121.29794308074673,122.86
2026-02-08 20:15:00+01:00,115.70436186340352,114.26
2026-02-08 20:30:00+01:00,111.4913236155458,109.93
2026-02-08 20:45:00+01:00,106.46557347031867,106.08
2026-02-08 21:00:00+01:00,113.37100961877827,110.84
2026-02-08 21:15:00+01:00,108.08448612149269,109.25
2026-02-08 21:30:00+01:00,105.03637963701445,106.93
2026-02-08 21:45:00+01:00,101.5854287028539,103.49
2026-02-08 22:00:00+01:00,111.0797482900318,108.08
2026-02-08 22:15:00+01:00,107.41345192061641,106.56
2026-02-08 22:30:00+01:00,106.42230871513259,104.14
2026-02-08 22:45:00+01:00,102.05616095607567,101.78
2026-02-08 23:00:00+01:00,105.93647856515636,103.42
2026-02-08 23:15:00+01:00,101.76450384657757,101.71
2026-02-08 23:30:00+01:00,99.04430459429652,100.28
2026-02-08 23:45:00+01:00,94.72351594591186,94.52
2026-02-09 00:00:00+01:00,100.60963709118398,99.98
2026-02-09 00:15:00+01:00,99.23338924990998,97.44
2026-02-09 00:30:00+01:00,97.51002312661241,95.51
2026-02-09 00:45:00+01:00,95.59446257573234,94.05
2026-02-09 01:00:00+01:00,97.4989144385794,97.68
2026-02-09 01:15:00+01:00,96.20126103473147,95.58
2026-02-09 01:30:00+01:00,95.83195735330872,94.9
2026-02-09 01:45:00+01:00,94.76046500052966,93.65
2026-02-09 02:00:00+01:00,94.53249097333362,95.32
2026-02-09 02:15:00+01:00,93.91220333798125,95.17
2026-02-09 02:30:00+01:00,94.14137009974439,96.54
2026-02-09 02:45:00+01:00,93.4562183478979,95.78
2026-02-09 03:00:00+01:00,92.97333682510993,95.71
2026-02-09 03:15:00+01:00,92.38028986908303,94.67
2026-02-09 03:30:00+01:00,92.36290119052956,95.34
2026-02-09 03:45:00+01:00,92.83837946831963,96.15
2026-02-09 04:00:00+01:00,92.96284277117506,93.42
2026-02-09 04:15:00+01:00,93.56248909412385,95.12
2026-02-09 04:30:00+01:00,94.24668980004368,96.81
2026-02-09 04:45:00+01:00,95.28443574876927,100.91
2026-02-09 05:00:00+01:00,95.55469035963108,95.7
2026-02-09 05:15:00+01:00,98.28362103239375,100.99
2026-02-09 05:30:00+01:00,100.94990897393203,105.65
2026-02-09 05:45:00+01:00,106.27775279053253,116.6
2026-02-09 06:00:00+01:00,108.43265709798663,105.0
2026-02-09 06:15:00+01:00,116.32764601760307,121.37
2026-02-09 06:30:00+01:00,124.99835643848755,136.18
2026-02-09 06:45:00+01:00,134.5926073277098,166.39
2026-02-09 07:00:00+01:00,142.81528730856058,137.14
2026-02-09 07:15:00+01:00,154.64297879922964,159.03
2026-02-09 07:30:00+01:00,162.07010566433968,168.26
2026-02-09 07:45:00+01:00,160.68862076472956,169.95
2026-02-09 08:00:00+01:00,172.06133177666266,170.29
2026-02-09 08:15:00+01:00,168.7828368098274,188.94
2026-02-09 08:30:00+01:00,162.93196044955542,185.46
2026-02-09 08:45:00+01:00,150.65022187589804,186.15
2026-02-09 09:00:00+01:00,170.69776822090944,183.9
2026-02-09 09:15:00+01:00,159.882231233879,174.8
2026-02-09 09:30:00+01:00,150.71214577316027,160.07
2026-02-09 09:45:00+01:00,138.0429213804759,158.06
2026-02-09 10:00:00+01:00,149.72554879211373,166.23
2026-02-09 10:15:00+01:00,138.65455251670534,164.12
2026-02-09 10:30:00+01:00,133.068300411572,153.99
2026-02-09 10:45:00+01:00,128.6768975236864,144.82
2026-02-09 11:00:00+01:00,133.12564549314982,151.01
2026-02-09 11:15:00+01:00,130.99237142601993,146.46
2026-02-09 11:30:00+01:00,131.24828261049257,142.9
2026-02-09 11:45:00+01:00,130.36222500656226,137.15
2026-02-09 12:00:00+01:00,129.11387500258047,143.19
2026-02-09 12:15:00+01:00,126.12032071861123,138.08
2026-02-09 12:30:00+01:00,126.33041907266838,135.18
2026-02-09 12:45:00+01:00,127.92390595351189,131.84
2026-02-09 13:00:00+01:00,127.25638698192273,136.23
2026-02-09 13:15:00+01:00,126.84656336280153,137.59
2026-02-09 13:30:00+01:00,127.76873020125257,134.26
2026-02-09 13:45:00+01:00,130.02368285280994,132.02
2026-02-09 14:00:00+01:00,129.30669647783586,123.66
2026-02-09 14:15:00+01:00,132.67942786895176,133.63
2026-02-09 14:30:00+01:00,136.65766627511948,142.14
2026-02-09 14:45:00+01:00,141.47289308484744,151.2
2026-02-09 15:00:00+01:00,139.60089629882356,128.85
2026-02-09 15:15:00+01:00,146.71441717184808,138.68
2026-02-09 15:30:00+01:00,152.84757317359345,157.78
2026-02-09 15:45:00+01:00,160.24947288534153,171.0
2026-02-09 16:00:00+01:00,155.12328460049875,141.73
2026-02-09 16:15:00+01:00,160.92975434863928,160.39
2026-02-09 16:30:00+01:00,171.27439130201185,183.82
2026-02-09 16:45:00+01:00,181.52590871361298,189.99
2026-02-09 17:00:00+01:00,170.17543999642965,186.86
2026-02-09 17:15:00+01:00,182.19891508665734,233.57
2026-02-09 17:30:00+01:00,182.90604410079925,244.77
2026-02-09 17:45:00+01:00,175.09346709175165,243.65
2026-02-09 18:00:00+01:00,171.39301288569783,196.61
2026-02-09 18:15:00+01:00,162.4942782002596,186.03
2026-02-09 18:30:00+01:00,152.94358700691663,171.0
2026-02-09 18:45:00+01:00,146.46954787853406,175.26
2026-02-09 19:00:00+01:00,152.87596157306837,187.92
2026-02-09 19:15:00+01:00,146.06960992961885,170.54
2026-02-09 19:30:00+01:00,138.99823486823053,160.74
2026-02-09 19:45:00+01:00,133.139594735685,144.04
2026-02-09 20:00:00+01:00,138.22035400216868,162.88
2026-02-09 20:15:00+01:00,131.68562862296707,148.31
2026-02-09 20:30:00+01:00,126.54318821465145,139.51
2026-02-09 20:45:00+01:00,120.52581891196064,125.81
2026-02-09 21:00:00+01:00,121.33472299616386,146.31
2026-02-09 21:15:00+01:00,117.4878111874278,142.66
2026-02-09 21:30:00+01:00,112.59319203376334,131.05
2026-02-09 21:45:00+01:00,106.74024662046745,118.38
2026-02-09 22:00:00+01:00,114.07555749071993,130.45
2026-02-09 22:15:00+01:00,110.71652782544915,124.32
2026-02-09 22:30:00+01:00,108.59546619514776,123.09
2026-02-09 22:45:00+01:00,104.56841109981904,113.72
2026-02-09 23:00:00+01:00,107.0435918770095,117.03
2026-02-09 23:15:00+01:00,102.82833642127156,109.09
2026-02-09 23:30:00+01:00,99.15830902579505,107.19
2026-02-09 23:45:00+01:00,94.66592286985792,102.38
2026-02-10 00:00:00+01:00,112.73599089972386,106.37
2026-02-10 00:15:00+01:00,107.43097715230412,104.65
2026-02-10 00:30:00+01:00,103.44849373009576,103.98
2026-02-10 00:45:00+01:00,102.02238058597703,103.57
2026-02-10 01:00:00+01:00,106.77376748245729,105.03
2026-02-10 01:15:00+01:00,103.38023251530808,104.03
2026-02-10 01:30:00+01:00,101.33657137719233,103.04
2026-02-10 01:45:00+01:00,100.07124344797876,102.88
2026-02-10 02:00:00+01:00,102.69127977544346,103.21
2026-02-10 02:15:00+01:00,101.13612928885567,102.54
2026-02-10 02:30:00+01:00,100.40998672937862,102.51
2026-02-10 02:45:00+01:00,99.58371496680729,102.73
2026-02-10 03:00:00+01:00,99.94158835235424,102.83
2026-02-10 03:15:00+01:00,98.33904060511213,102.58
2026-02-10 03:30:00+01:00,97.5137916691115,102.23
2026-02-10 03:45:00+01:00,97.2274545634133,102.1
2026-02-10 04:00:00+01:00,96.6634020672735,102.02
2026-02-10 04:15:00+01:00,97.31378703378881,100.7
2026-02-10 04:30:00+01:00,97.94194061622295,102.95
2026-02-10 04:45:00+01:00,98.90485862487219,104.07
2026-02-10 05:00:00+01:00,97.71520267250713,103.59
2026-02-10 05:15:00+01:00,98.6587524031113,103.2
2026-02-10 05:30:00+01:00,101.47573484664754,104.81
2026-02-10 05:45:00+01:00,104.48383397397996,110.11
2026-02-10 06:00:00+01:00,108.77970231223854,102.5
2026-02-10 06:15:00+01:00,117.3573600939226,112.26
2026-02-10 06:30:00+01:00,123.97523931817452,124.49
2026-02-10 06:45:00+01:00,130.15777103071116,140.42
2026-02-10 07:00:00+01:00,129.77304581934771,122.95
2026-02-10 07:15:00+01:00,141.73475278490093,130.57
2026-02-10 07:30:00+01:00,151.63021731655363,141.2
2026-02-10 07:45:00+01:00,160.8951639654535,144.84
2026-02-10 08:00:00+01:00,163.83558544271332,146.49
2026-02-10 08:15:00+01:00,174.139298871415,150.1
2026-02-10 08:30:00+01:00,170.0288166157864,141.92
2026-02-10 08:45:00+01:00,154.17331892103508,136.8
2026-02-10 09:00:00+01:00,170.86754970347636,141.6
2026-02-10 09:15:00+01:00,163.1701915569532,135.57
2026-02-10 09:30:00+01:00,143.39014284575697,129.51
2026-02-10 09:45:00+01:00,128.23245159071956,121.65
2026-02-10 10:00:00+01:00,161.92681332632935,141.67
2026-02-10 10:15:00+01:00,147.42750986168573,131.0
2026-02-10 10:30:00+01:00,139.1390135047498,126.16
2026-02-10 10:45:00+01:00,132.180378958353,117.52
2026-02-10 11:00:00+01:00,151.007162351435,129.96
2026-02-10 11:15:00+01:00,146.0722608286847,124.03
2026-02-10 11:30:00+01:00,143.65669753349823,115.04
2026-02-10 11:45:00+01:00,138.7850356905697,108.74
2026-02-10 12:00:00+01:00,141.25421902863064,112.55
2026-02-10 12:15:00+01:00,135.416954399171,107.28
2026-02-10 12:30:00+01:00,134.92763063783406,109.13
2026-02-10 12:45:00+01:00,134.5819712894164,107.93
2026-02-10 13:00:00+01:00,134.14174469978371,110.26
2026-02-10 13:15:00+01:00,133.03195270781245,107.42
2026-02-10 13:30:00+01:00,134.46955334286298,109.36
2026-02-10 13:45:00+01:00,135.4380676063748,110.84
2026-02-10 14:00:00+01:00,133.26977159579047,108.79
2026-02-10 14:15:00+01:00,144.64233140131387,112.4
2026-02-10 14:30:00+01:00,154.1052884551293,119.12
2026-02-10 14:45:00+01:00,165.21298282567307,124.58
2026-02-10 15:00:00+01:00,142.05533804712482,118.74
2026-02-10 15:15:00+01:00,158.045774216015,122.28
2026-02-10 15:30:00+01:00,166.23299929321945,134.65
2026-02-10 15:45:00+01:00,177.35663795925808,136.79
2026-02-10 16:00:00+01:00,152.59515062135674,120.09
2026-02-10 16:15:00+01:00,167.65616677982018,127.42
2026-02-10 16:30:00+01:00,182.81709640176203,126.16
2026-02-10 16:45:00+01:00,198.83342663764745,136.98
2026-02-10 17:00:00+01:00,162.20193366050609,130.45
2026-02-10 17:15:00+01:00,174.97346972191315,131.01
2026-02-10 17:30:00+01:00,179.6230855331159,138.89
2026-02-10 17:45:00+01:00,172.9428263423914,140.62
2026-02-10 18:00:00+01:00,168.1872517031971,141.29
2026-02-10 18:15:00+01:00,161.53445793226697,135.94
2026-02-10 18:30:00+01:00,161.83992014528624,129.53
2026-02-10 18:45:00+01:00,154.82428205054464,120.09
2026-02-10 19:00:00+01:00,165.53855224655766,130.44
2026-02-10 19:15:00+01:00,156.17554995635226,124.28
2026-02-10 19:30:00+01:00,146.52232750108024,118.48
2026-02-10 19:45:00+01:00,137.80006483827978,108.11
2026-02-10 20:00:00+01:00,140.65643829457957,122.78
2026-02-10 20:15:00+01:00,131.61283368011917,112.57
2026-02-10 20:30:00+01:00,125.3658713229147,105.28
2026-02-10 20:45:00+01:00,116.43039229084543,104.38
2026-02-10 21:00:00+01:00,127.70942282622588,110.52
2026-02-10 21:15:00+01:00,123.80224465254905,107.38
2026-02-10 21:30:00+01:00,115.33743946978583,106.56
2026-02-10 21:45:00+01:00,107.42226652539853,104.17
2026-02-10 22:00:00+01:00,120.3506766882064,109.33
2026-02-10 22:15:00+01:00,115.06032422191107,107.91
2026-02-10 22:30:00+01:00,111.66789119596243,106.32
2026-02-10 22:45:00+01:00,107.73643426957429,103.2
2026-02-10 23:00:00+01:00,109.40357431284913,106.03
2026-02-10 23:15:00+01:00,105.46517464111805,103.42
2026-02-10 23:30:00+01:00,101.80358701620962,99.4
2026-02-10 23:45:00+01:00,97.36718709693605,93.26
2026-02-11 00:00:00+01:00,102.75625066142887,96.96
2026-02-11 00:15:00+01:00,100.43786700597475,97.18
2026-02-11 00:30:00+01:00,98.3787466637051,97.03
2026-02-11 00:45:00+01:00,97.09283800872954,95.96
2026-02-11 01:00:00+01:00,98.34907882466288,97.12
2026-02-11 01:15:00+01:00,96.08650472314675,96.99
2026-02-11 01:30:00+01:00,96.58059192369745,96.7
2026-02-11 01:45:00+01:00,95.2972137537165,95.71
2026-02-11 02:00:00+01:00,97.45455106069836,96.84
2026-02-11 02:15:00+01:00,96.62700250118634,95.37
2026-02-11 02:30:00+01:00,95.49132377920945,95.1
2026-02-11 02:45:00+01:00,94.32454009442121,95.11
2026-02-11 03:00:00+01:00,95.94230944731174,94.87
2026-02-11 03:15:00+01:00,95.33576204929844,94.87
2026-02-11 03:30:00+01:00,94.61294513069825,94.87
2026-02-11 03:45:00+01:00,94.40106592258668,94.11
2026-02-11 04:00:00+01:00,94.92518485016525,94.87
2026-02-11 04:15:00+01:00,95.10871952118111,94.77
2026-02-11 04:30:00+01:00,95.72111331333205,94.87
2026-02-11 04:45:00+01:00,95.91720393752531,94.87
2026-02-11 05:00:00+01:00,96.9774552920975,94.83
2026-02-11 05:15:00+01:00,97.55264514631259,96.05
2026-02-11 05:30:00+01:00,99.69784596713583,100.65
2026-02-11 05:45:00+01:00,103.55091603689647,105.04
2026-02-11 06:00:00+01:00,106.59405375753829,98.4
2026-02-11 06:15:00+01:00,113.94382629734517,106.74
2026-02-11 06:30:00+01:00,118.24301669510041,112.91
2026-02-11 06:45:00+01:00,129.6210538858944,123.86
2026-02-11 07:00:00+01:00,129.1334000138823,113.26
2026-02-11 07:15:00+01:00,142.03788428173402,130.5
2026-02-11 07:30:00+01:00,142.1574476546937,136.21
2026-02-11 07:45:00+01:00,146.89624485388418,136.03
2026-02-11 08:00:00+01:00,149.19163288504973,134.48
2026-02-11 08:15:00+01:00,164.6882094127707,136.9
2026-02-11 08:30:00+01:00,156.13861221416676,141.0
2026-02-11 08:45:00+01:00,150.37713511171623,135.89
2026-02-11 09:00:00+01:00,153.76763805748485,134.36
2026-02-11 09:15:00+01:00,146.5556145032639,132.83
2026-02-11 09:30:00+01:00,139.07235299018043,131.64
2026-02-11 09:45:00+01:00,130.40732036998983,126.92
2026-02-11 10:00:00+01:00,143.71820727422187,131.0
2026-02-11 10:15:00+01:00,136.94976971581505,128.93
2026-02-11 10:30:00+01:00,132.32001530334045,125.52
2026-02-11 10:45:00+01:00,126.61860321307267,124.55
2026-02-11 11:00:00+01:00,131.89521624774187,131.42
2026-02-11 11:15:00+01:00,128.0187017705613,130.61
2026-02-11 11:30:00+01:00,125.57346312797762,123.17
2026-02-11 11:45:00+01:00,122.45109973682335,118.56
2026-02-11 12:00:00+01:00,121.5447679242121,119.87
2026-02-11 12:15:00+01:00,119.48036894136568,116.05
2026-02-11 12:30:00+01:00,119.46346065667376,113.82
2026-02-11 12:45:00+01:00,120.40408800532695,113.71
2026-02-11 13:00:00+01:00,116.93232362803202,119.17
2026-02-11 13:15:00+01:00,117.13932255881707,118.05
2026-02-11 13:30:00+01:00,117.43824883912527,116.01
2026-02-11 13:45:00+01:00,120.1818993050411,113.57
2026-02-11 14:00:00+01:00,115.40057205096838,114.28
2026-02-11 14:15:00+01:00,126.20989591691111,116.5
2026-02-11 14:30:00+01:00,129.96203522077872,117.14
2026-02-11 14:45:00+01:00,133.8072982213989,118.88
2026-02-11 15:00:00+01:00,118.04316813792693,116.37
2026-02-11 15:15:00+01:00,122.08223424478015,116.34
2026-02-11 15:30:00+01:00,129.57397684970846,119.0
2026-02-11 15:45:00+01:00,129.23118070232613,121.03
2026-02-11 16:00:00+01:00,119.50777418499044,117.25
2026-02-11 16:15:00+01:00,125.3019465447313,118.26
2026-02-11 16:30:00+01:00,129.8652783503632,121.99
2026-02-11 16:45:00+01:00,134.9016255570864,131.76
2026-02-11 17:00:00+01:00,125.28076994063545,119.71
2026-02-11 17:15:00+01:00,134.09574988462478,129.83
2026-02-11 17:30:00+01:00,137.67235130032356,130.14
2026-02-11 17:45:00+01:00,138.0175108727702,131.92
2026-02-11 18:00:00+01:00,141.18702342407803,131.01
2026-02-11 18:15:00+01:00,134.15843294865843,128.06
2026-02-11 18:30:00+01:00,131.96161195919336,123.4
2026-02-11 18:45:00+01:00,128.5341795845879,119.39
2026-02-11 19:00:00+01:00,139.37582483085987,122.96
2026-02-11 19:15:00+01:00,131.0977052913055,111.77
2026-02-11 19:30:00+01:00,125.55225146919652,107.41
2026-02-11 19:45:00+01:00,116.45844666017958,105.94
2026-02-11 20:00:00+01:00,128.78714149601868,109.17
2026-02-11 20:15:00+01:00,122.31926517065578,106.36
2026-02-11 20:30:00+01:00,118.62297204135314,103.59
2026-02-11 20:45:00+01:00,109.15027019589661,100.59
2026-02-11 21:00:00+01:00,115.75269437643894,107.41
2026-02-11 21:15:00+01:00,112.76946153531651,106.93
2026-02-11 21:30:00+01:00,102.39110782468055,104.67
2026-02-11 21:45:00+01:00,93.54486932740784,98.51
2026-02-11 22:00:00+01:00,107.08360555240176,106.11
2026-02-11 22:15:00+01:00,105.52186817899108,103.51
2026-02-11 22:30:00+01:00,101.29407522415599,99.99
2026-02-11 22:45:00+01:00,97.61256882895728,98.38
2026-02-11 23:00:00+01:00,99.89429097682033,102.31
2026-02-11 23:15:00+01:00,96.14095422549839,96.33
2026-02-11 23:30:00+01:00,93.68588729914754,93.89
2026-02-11 23:45:00+01:00,89.95089364053472,88.7
2026-02-12 00:00:00+01:00,96.69205892739215,90.02
2026-02-12 00:15:00+01:00,95.2460611608762,87.4
2026-02-12 00:30:00+01:00,92.22946442413267,89.11
2026-02-12 00:45:00+01:00,90.58339931272849,86.24
2026-02-12 01:00:00+01:00,93.13173692203267,88.07
2026-02-12 01:15:00+01:00,90.49668973634866,86.55
2026-02-12 01:30:00+01:00,90.56263493168525,87.6
2026-02-12 01:45:00+01:00,89.83478494449365,88.1
2026-02-12 02:00:00+01:00,91.64425318063691,86.94
2026-02-12 02:15:00+01:00,90.61382422654566,87.45
2026-02-12 02:30:00+01:00,89.64950540955505,85.77
2026-02-12 02:45:00+01:00,89.20137574792957,84.65
2026-02-12 03:00:00+01:00,90.03102186400429,85.03
2026-02-12 03:15:00+01:00,88.72542556206548,83.76
2026-02-12 03:30:00+01:00,87.5736803729135,84.93
2026-02-12 03:45:00+01:00,86.93572752782163,85.85
2026-02-12 04:00:00+01:00,87.89017365283328,85.07
2026-02-12 04:15:00+01:00,87.8934082467322,85.7
2026-02-12 04:30:00+01:00,88.20560309837283,86.09
2026-02-12 04:45:00+01:00,89.09363049915655,87.19
2026-02-12 05:00:00+01:00,92.15674168417311,86.65
2026-02-12 05:15:00+01:00,92.58450207224017,87.2
2026-02-12 05:30:00+01:00,93.61697046439511,90.49
2026-02-12 05:45:00+01:00,96.88684300224384,93.38
2026-02-12 06:00:00+01:00,96.2576458839706,90.7
2026-02-12 06:15:00+01:00,99.23376538339352,97.29
2026-02-12 06:30:00+01:00,100.91969832796839,103.96
2026-02-12 06:45:00+01:00,112.61466177949735,107.5
2026-02-12 07:00:00+01:00,115.61264742487204,103.1
2026-02-12 07:15:00+01:00,129.69631564746845,115.0
2026-02-12 07:30:00+01:00,129.5030109872102,121.04
2026-02-12 07:45:00+01:00,138.6702561427229,124.89
2026-02-12 08:00:00+01:00,125.31277583239553,122.67
2026-02-12 08:15:00+01:00,129.6038637782101,123.92
2026-02-12 08:30:00+01:00,128.96122311207026,123.68
2026-02-12 08:45:00+01:00,136.48306110966095,122.02
2026-02-12 09:00:00+01:00,120.09424299498642,129.67
2026-02-12 09:15:00+01:00,119.19044103934246,123.03
2026-02-12 09:30:00+01:00,120.33704602263262,117.45
2026-02-12 09:45:00+01:00,117.67861635540937,114.67
2026-02-12 10:00:00+01:00,125.7485475822323,124.64
2026-02-12 10:15:00+01:00,113.72345705814507,116.27
2026-02-12 10:30:00+01:00,112.8791305763421,115.13
2026-02-12 10:45:00+01:00,108.71027123730154,114.04
2026-02-12 11:00:00+01:00,108.88104308378541,114.92
2026-02-12 11:15:00+01:00,107.2898409277125,113.16
2026-02-12 11:30:00+01:00,105.99216713992578,110.1
2026-02-12 11:45:00+01:00,102.39696066064721,106.43
2026-02-12 12:00:00+01:00,106.32752331602654,107.59
2026-02-12 12:15:00+01:00,104.86344451362761,104.95
2026-02-12 12:30:00+01:00,105.1283739817904,105.44
2026-02-12 12:45:00+01:00,106.22274538388369,104.08
2026-02-12 13:00:00+01:00,109.15631717567213,105.48
2026-02-12 13:15:00+01:00,109.89421405467169,104.44
2026-02-12 13:30:00+01:00,111.17676027464405,102.87
2026-02-12 13:45:00+01:00,113.29118525902857,101.43
2026-02-12 14:00:00+01:00,102.28330856649904,104.37
2026-02-12 14:15:00+01:00,108.29631659924283,104.7
2026-02-12 14:30:00+01:00,112.64264544833466,105.48
2026-02-12 14:45:00+01:00,116.34658126461883,106.3
2026-02-12 15:00:00+01:00,104.04514663014766,103.56
2026-02-12 15:15:00+01:00,108.77626880238734,103.26
2026-02-12 15:30:00+01:00,114.81168279608289,109.47
2026-02-12 15:45:00+01:00,120.60944997167854,115.63
2026-02-12 16:00:00+01:00,109.21539853255925,103.91
2026-02-12 16:15:00+01:00,115.88032077424188,107.15
2026-02-12 16:30:00+01:00,121.13992958585477,113.61
2026-02-12 16:45:00+01:00,121.20029037747099,118.47
2026-02-12 17:00:00+01:00,116.40810871886626,109.02
2026-02-12 17:15:00+01:00,126.81631108763594,121.71
2026-02-12 17:30:00+01:00,128.45805027070384,129.8
2026-02-12 17:45:00+01:00,127.13628176341204,131.67
2026-02-12 18:00:00+01:00,131.507174267548,130.01
2026-02-12 18:15:00+01:00,129.86317211860458,128.13
2026-02-12 18:30:00+01:00,128.4469547500377,123.15
2026-02-12 18:45:00+01:00,121.08291619319786,121.36
2026-02-12 19:00:00+01:00,129.74423377269034,132.11
2026-02-12 19:15:00+01:00,123.14686502369635,124.16
2026-02-12 19:30:00+01:00,116.86703875979377,117.01
2026-02-12 19:45:00+01:00,113.58308299833422,110.21
2026-02-12 20:00:00+01:00,114.76221942662056,126.27
2026-02-12 20:15:00+01:00,107.90989082265507,107.29
2026-02-12 20:30:00+01:00,102.45009808689156,103.15
2026-02-12 20:45:00+01:00,94.72757542794182,99.7
2026-02-12 21:00:00+01:00,107.16275708976272,106.6
2026-02-12 21:15:00+01:00,99.68726009952255,103.12
2026-02-12 21:30:00+01:00,92.54812660855731,98.19
2026-02-12 21:45:00+01:00,85.6294802558239,90.86
2026-02-12 22:00:00+01:00,103.37155792730917,104.59
2026-02-12 22:15:00+01:00,97.91961602315392,96.66
2026-02-12 22:30:00+01:00,94.07939707334967,94.13
2026-02-12 22:45:00+01:00,90.92645499801475,93.32
2026-02-12 23:00:00+01:00,93.25615743975386,98.42
2026-02-12 23:15:00+01:00,90.52347274625568,90.93
2026-02-12 23:30:00+01:00,88.63173046776613,85.92
2026-02-12 23:45:00+01:00,83.5394776496912,82.06
2026-02-13 00:00:00+01:00,91.61519863429247,85.72
2026-02-13 00:15:00+01:00,90.2348164790488,85.02
2026-02-13 00:30:00+01:00,87.20913081439754,83.16
2026-02-13 00:45:00+01:00,83.3960171561127,81.53
2026-02-13 01:00:00+01:00,87.68257452583184,83.9
2026-02-13 01:15:00+01:00,84.2962080553505,83.89
2026-02-13 01:30:00+01:00,84.53261367821706,83.36
2026-02-13 01:45:00+01:00,83.3494023864226,83.49
2026-02-13 02:00:00+01:00,84.50559115659689,81.72
2026-02-13 02:15:00+01:00,82.53997825407966,82.05
2026-02-13 02:30:00+01:00,82.43340406165254,82.43
2026-02-13 02:45:00+01:00,81.53873583453475,82.67
2026-02-13 03:00:00+01:00,82.81183640081055,81.18
2026-02-13 03:15:00+01:00,82.05248539971392,81.87
2026-02-13 03:30:00+01:00,82.22241247409211,82.31
2026-02-13 03:45:00+01:00,81.822021532514,82.06
2026-02-13 04:00:00+01:00,82.64388936210874,81.57
2026-02-13 04:15:00+01:00,83.07267280628226,82.66
2026-02-13 04:30:00+01:00,84.04881205904641,83.89
2026-02-13 04:45:00+01:00,85.18679528091478,85.28
2026-02-13 05:00:00+01:00,88.78860912503977,84.06
2026-02-13 05:15:00+01:00,89.5192245108557,83.66
2026-02-13 05:30:00+01:00,91.61508101702451,87.75
2026-02-13 05:45:00+01:00,94.57800893745028,93.28
2026-02-13 06:00:00+01:00,93.1455904070732,84.42
2026-02-13 06:15:00+01:00,98.82285898313143,93.56
2026-02-13 06:30:00+01:00,103.44651464888278,103.67
2026-02-13 06:45:00+01:00,112.8012290253388,113.26
2026-02-13 07:00:00+01:00,107.83847345905488,105.21
2026-02-13 07:15:00+01:00,113.17083404104507,119.26
2026-02-13 07:30:00+01:00,124.64920188356615,121.64
2026-02-13 07:45:00+01:00,132.6133575095223,124.8
2026-02-13 08:00:00+01:00,121.82305007176565,122.21
2026-02-13 08:15:00+01:00,123.46060818848098,125.86
2026-02-13 08:30:00+01:00,130.85201294469712,124.58
2026-02-13 08:45:00+01:00,126.3592350299431,122.75
2026-02-13 09:00:00+01:00,129.04088558516392,128.75
2026-02-13 09:15:00+01:00,121.93887624699406,123.8
2026-02-13 09:30:00+01:00,117.61215764766104,115.43
2026-02-13 09:45:00+01:00,112.54384114607126,108.62
2026-02-13 10:00:00+01:00,133.33437384159305,112.71
2026-02-13 10:15:00+01:00,122.69616876581577,107.88
2026-02-13 10:30:00+01:00,114.47848447559966,104.38
2026-02-13 10:45:00+01:00,110.06389702607453,100.6
2026-02-13 11:00:00+01:00,105.1357676661795,104.18
2026-02-13 11:15:00+01:00,100.53572831072304,101.7
2026-02-13 11:30:00+01:00,98.17675029882287,99.54
2026-02-13 11:45:00+01:00,95.22990249074795,98.7
2026-02-13 12:00:00+01:00,90.84257813942668,98.62
2026-02-13 12:15:00+01:00,87.15969028704964,97.41
2026-02-13 12:30:00+01:00,88.01483636976721,97.03
2026-02-13 12:45:00+01:00,88.80902758297306,96.14
2026-02-13 13:00:00+01:00,90.22447905552345,96.49
2026-02-13 13:15:00+01:00,88.8192027656262,96.94
2026-02-13 13:30:00+01:00,87.78737214532714,98.61
2026-02-13 13:45:00+01:00,90.04464535576525,97.94
2026-02-13 14:00:00+01:00,92.45892311094178,98.93
2026-02-13 14:15:00+01:00,98.24056712461575,99.74
2026-02-13 14:30:00+01:00,103.86476586219466,103.6
2026-02-13 14:45:00+01:00,107.36577271077891,106.09
2026-02-13 15:00:00+01:00,104.84791044321358,105.73
2026-02-13 15:15:00+01:00,109.55478392525079,111.95
2026-02-13 15:30:00+01:00,123.63337396198156,122.63
2026-02-13 15:45:00+01:00,131.63958198466872,132.08
2026-02-13 16:00:00+01:00,115.29946002947787,117.97
2026-02-13 16:15:00+01:00,131.6771186696784,122.34
2026-02-13 16:30:00+01:00,139.68713102037836,126.63
2026-02-13 16:45:00+01:00,152.74221110616725,136.68
2026-02-13 17:00:00+01:00,141.44392938300808,122.62
2026-02-13 17:15:00+01:00,157.88325042444808,131.77
2026-02-13 17:30:00+01:00,155.83459766814,135.7
2026-02-13 17:45:00+01:00,151.8817071506113,137.85
2026-02-13 18:00:00+01:00,142.60414186829186,140.35
2026-02-13 18:15:00+01:00,139.33886237676467,135.88
2026-02-13 18:30:00+01:00,136.7182779295943,134.76
2026-02-13 18:45:00+01:00,134.98603956349638,133.1
2026-02-13 19:00:00+01:00,131.57281958235745,144.63
2026-02-13 19:15:00+01:00,120.45105567316195,134.85
2026-02-13 19:30:00+01:00,117.55425442641663,127.69
2026-02-13 19:45:00+01:00,110.9965912106748,120.4
2026-02-13 20:00:00+01:00,136.11234958726467,137.0
2026-02-13 20:15:00+01:00,128.40307570433941,130.66
2026-02-13 20:30:00+01:00,122.72037300446291,122.0
2026-02-13 20:45:00+01:00,117.97106450086618,114.34
2026-02-13 21:00:00+01:00,119.61208010184693,127.41
2026-02-13 21:15:00+01:00,116.71634694882687,121.8
2026-02-13 21:30:00+01:00,113.0304608709247,114.7
2026-02-13 21:45:00+01:00,103.77675040111518,106.41
2026-02-13 22:00:00+01:00,113.44229046899528,119.88
2026-02-13 22:15:00+01:00,107.37299580408813,110.36
2026-02-13 22:30:00+01:00,103.52959694686646,106.71
2026-02-13 22:45:00+01:00,97.07130978136466,102.84
2026-02-13 23:00:00+01:00,105.47784305106877,106.35
2026-02-13 23:15:00+01:00,96.70778088517112,102.19
2026-02-13 23:30:00+01:00,92.61042614905543,100.72
2026-02-13 23:45:00+01:00,88.37211192028975,94.17
2026-02-14 00:00:00+01:00,101.83934936513921,103.97
2026-02-14 00:15:00+01:00,98.84964123406965,98.7
2026-02-14 00:30:00+01:00,96.11956423827284,94.02
2026-02-14 00:45:00+01:00,94.14796289292615,91.28
2026-02-14 01:00:00+01:00,96.12792386799205,94.83
2026-02-14 01:15:00+01:00,93.7009204542917,93.76
2026-02-14 01:30:00+01:00,93.97245305563109,90.55
2026-02-14 01:45:00+01:00,92.58645964259479,88.18
2026-02-14 02:00:00+01:00,92.00596375567238,91.9
2026-02-14 02:15:00+01:00,91.71151322418707,88.96
2026-02-14 02:30:00+01:00,91.64016167370549,87.21
2026-02-14 02:45:00+01:00,91.0689355695342,88.29
2026-02-14 03:00:00+01:00,89.87628718884757,91.69
2026-02-14 03:15:00+01:00,88.8730662271265,88.76
2026-02-14 03:30:00+01:00,88.68411750370026,87.45
2026-02-14 03:45:00+01:00,88.42262554953948,86.79
2026-02-14 04:00:00+01:00,87.72305988686509,87.63
2026-02-14 04:15:00+01:00,87.77829428973054,88.07
2026-02-14 04:30:00+01:00,88.57482156720815,87.55
2026-02-14 04:45:00+01:00,88.22034209758105,86.78
2026-02-14 05:00:00+01:00,86.97949709221606,88.35
2026-02-14 05:15:00+01:00,88.81468975469427,86.62
2026-02-14 05:30:00+01:00,89.62774327919631,89.24
2026-02-14 05:45:00+01:00,91.11153253833126,90.79
2026-02-14 06:00:00+01:00,85.14051404346986,88.94
2026-02-14 06:15:00+01:00,93.55522315155345,89.5
2026-02-14 06:30:00+01:00,96.09203752346049,89.63
2026-02-14 06:45:00+01:00,100.28896147402114,92.8
2026-02-14 07:00:00+01:00,95.20263759932598,90.94
2026-02-14 07:15:00+01:00,94.74397084884188,90.52
2026-02-14 07:30:00+01:00,103.95006181580996,94.15
2026-02-14 07:45:00+01:00,105.38703389012555,96.86
2026-02-14 08:00:00+01:00,106.59901661429141,97.1
2026-02-14 08:15:00+01:00,108.97107318747081,102.41
2026-02-14 08:30:00+01:00,113.77475534180164,103.9
2026-02-14 08:45:00+01:00,112.38769594276081,103.92
2026-02-14 09:00:00+01:00,105.9740693579279,110.11
2026-02-14 09:15:00+01:00,102.9367152825134,109.13
2026-02-14 09:30:00+01:00,104.66333314274127,106.96
2026-02-14 09:45:00+01:00,100.81437523038173,103.76
2026-02-14 10:00:00+01:00,104.55550860152847,109.93
2026-02-14 10:15:00+01:00,100.13236052803002,104.89
2026-02-14 10:30:00+01:00,98.78961375695897,102.64
2026-02-14 10:45:00+01:00,97.14579597940154,98.42
2026-02-14 11:00:00+01:00,103.91103343111408,101.49
2026-02-14 11:15:00+01:00,103.89581558936496,98.81
2026-02-14 11:30:00+01:00,103.12476289870952,96.87
2026-02-14 11:45:00+01:00,102.0025836503846,95.48
2026-02-14 12:00:00+01:00,104.98228284337813,96.84
2026-02-14 12:15:00+01:00,105.17605756379606,96.54
2026-02-14 12:30:00+01:00,104.96374582185547,94.62
2026-02-14 12:45:00+01:00,103.47723261131873,92.64
2026-02-14 13:00:00+01:00,100.02875422062334,95.24
2026-02-14 13:15:00+01:00,98.4633463906764,94.78
2026-02-14 13:30:00+01:00,99.61274556200274,92.47
2026-02-14 13:45:00+01:00,100.30171870915169,93.4
2026-02-14 14:00:00+01:00,98.20045472429696,91.93
2026-02-14 14:15:00+01:00,100.52206419202882,95.21
2026-02-14 14:30:00+01:00,105.41645217226227,97.87
2026-02-14 14:45:00+01:00,112.70562975028258,103.44
2026-02-14 15:00:00+01:00,103.266961964382,98.77
2026-02-14 15:15:00+01:00,111.42659149838977,101.92
2026-02-14 15:30:00+01:00,118.29878028649719,106.49
2026-02-14 15:45:00+01:00,124.29708131170065,112.63
2026-02-14 16:00:00+01:00,112.98040765853304,104.96
2026-02-14 16:15:00+01:00,118.43139049585076,114.63
2026-02-14 16:30:00+01:00,121.50533471672028,122.34
2026-02-14 16:45:00+01:00,139.30549971772075,125.62
2026-02-14 17:00:00+01:00,128.44080913746004,113.79
2026-02-14 17:15:00+01:00,139.34973616480076,125.2
2026-02-14 17:30:00+01:00,144.57607210437197,131.94
2026-02-14 17:45:00+01:00,150.14928475562635,133.47
2026-02-14 18:00:00+01:00,152.0093811496666,131.01
2026-02-14 18:15:00+01:00,151.3494788776123,132.22
2026-02-14 18:30:00+01:00,153.43980419102834,133.92
2026-02-14 18:45:00+01:00,152.06456690522367,130.56
2026-02-14 19:00:00+01:00,154.0055243087748,135.0
2026-02-14 19:15:00+01:00,148.7751397545111,129.4
2026-02-14 19:30:00+01:00,144.77906276018143,127.0
2026-02-14 19:45:00+01:00,137.7641225610492,123.48
2026-02-14 20:00:00+01:00,145.94403434368843,129.99
2026-02-14 20:15:00+01:00,140.26490334987952,126.73
2026-02-14 20:30:00+01:00,129.24951280991021,118.33
2026-02-14 20:45:00+01:00,119.554135405194,117.72
2026-02-14 21:00:00+01:00,129.18246466056624,126.28
2026-02-14 21:15:00+01:00,125.05000615147861,120.97
2026-02-14 21:30:00+01:00,120.19320646951724,114.01
2026-02-14 21:45:00+01:00,113.34297276464147,106.66
2026-02-14 22:00:00+01:00,126.1602290420228,120.88
2026-02-14 22:15:00+01:00,118.47036000227207,113.23
2026-02-14 22:30:00+01:00,115.42692418273414,106.94
2026-02-14 22:45:00+01:00,111.93416122362756,103.76
2026-02-14 23:00:00+01:00,118.75294987206568,103.75
2026-02-14 23:15:00+01:00,113.3574071307485,103.42
2026-02-14 23:30:00+01:00,108.0336517991665,100.9
2026-02-14 23:45:00+01:00,104.66996786131949,96.33
2026-02-15 00:00:00+01:00,100.32095316470979,107.51
2026-02-15 00:15:00+01:00,98.66946043389498,101.67
2026-02-15 00:30:00+01:00,97.98361540921475,99.67
2026-02-15 00:45:00+01:00,97.76414354009249,98.26
2026-02-15 01:00:00+01:00,98.92020517257477,103.9
2026-02-15 01:15:00+01:00,96.34735755158312,100.44
2026-02-15 01:30:00+01:00,95.88422815581356,99.06
2026-02-15 01:45:00+01:00,94.0417081363992,96.39
2026-02-15 02:00:00+01:00,97.97410818384964,100.54
2026-02-15 02:15:00+01:00,96.70909957992609,100.75
2026-02-15 02:30:00+01:00,94.52802187476725,100.9
2026-02-15 02:45:00+01:00,93.11606899163792,100.83
2026-02-15 03:00:00+01:00,96.49291269757435,100.29
2026-02-15 03:15:00+01:00,95.12024660658831,99.15
2026-02-15 03:30:00+01:00,93.76254067794166,97.35
2026-02-15 03:45:00+01:00,93.86756762985456,95.31
2026-02-15 04:00:00+01:00,93.68996526179913,98.25
2026-02-15 04:15:00+01:00,93.83578775269777,97.5
2026-02-15 04:30:00+01:00,93.21848888056473,95.59
2026-02-15 04:45:00+01:00,94.08262227260394,94.74
2026-02-15 05:00:00+01:00,92.62254282955186,96.67
2026-02-15 05:15:00+01:00,92.44002145019124,93.89
2026-02-15 05:30:00+01:00,95.8471227883694,93.19
2026-02-15 05:45:00+01:00,96.76832432905287,93.67
2026-02-15 06:00:00+01:00,89.72170677184583,92.85
2026-02-15 06:15:00+01:00,94.3377757192195,94.19
2026-02-15 06:30:00+01:00,100.3071068464849,94.73
2026-02-15 06:45:00+01:00,105.36452350325511,94.9
2026-02-15 07:00:00+01:00,96.94733121103259,96.58
2026-02-15 07:15:00+01:00,102.04799193050839,94.97
2026-02-15 07:30:00+01:00,103.7863015480417,96.25
2026-02-15 07:45:00+01:00,105.83089402335366,96.66
2026-02-15 08:00:00+01:00,113.78292311714308,100.67
2026-02-15 08:15:00+01:00,111.52579825236566,97.54
2026-02-15 08:30:00+01:00,104.13490608217883,95.67
2026-02-15 08:45:00+01:00,102.0397918796242,93.32
2026-02-15 09:00:00+01:00,103.0680070061557,99.15
2026-02-15 09:15:00+01:00,91.23939279659831,94.3
2026-02-15 09:30:00+01:00,89.30726872174422,92.51
2026-02-15 09:45:00+01:00,82.20216606181785,86.3
2026-02-15 10:00:00+01:00,93.93038317868057,91.49
2026-02-15 10:15:00+01:00,85.18049477957877,86.74
2026-02-15 10:30:00+01:00,83.18690907244132,82.92
2026-02-15 10:45:00+01:00,82.16500607371789,70.92
2026-02-15 11:00:00+01:00,71.85231187848802,79.73
2026-02-15 11:15:00+01:00,72.54050509551762,76.39
2026-02-15 11:30:00+01:00,72.16820117126427,74.42
2026-02-15 11:45:00+01:00,72.33269019776246,68.35
2026-02-15 12:00:00+01:00,68.99327714358822,69.92
2026-02-15 12:15:00+01:00,64.94231591575175,71.3
2026-02-15 12:30:00+01:00,64.64277984781532,66.69
2026-02-15 12:45:00+01:00,65.03238423677344,61.57
2026-02-15 13:00:00+01:00,58.49364840551425,66.88
2026-02-15 13:15:00+01:00,56.51138658431792,64.72
2026-02-15 13:30:00+01:00,55.39898719219914,64.04
2026-02-15 13:45:00+01:00,58.99215210922332,61.99
2026-02-15 14:00:00+01:00,62.20709542439498,63.71
2026-02-15 14:15:00+01:00,63.687067072372464,60.3
2026-02-15 14:30:00+01:00,61.25660841578564,65.83
2026-02-15 14:45:00+01:00,63.906595736539096,67.85
2026-02-15 15:00:00+01:00,66.51374690943506,62.05
2026-02-15 15:15:00+01:00,65.45668327574398,66.37
2026-02-15 15:30:00+01:00,71.30468307445747,74.29
2026-02-15 15:45:00+01:00,75.09114290166823,85.1
2026-02-15 16:00:00+01:00,90.1167861315198,71.2
2026-02-15 16:15:00+01:00,91.92794327320773,82.67
2026-02-15 16:30:00+01:00,95.23108062837748,88.68
2026-02-15 16:45:00+01:00,95.67662469209822,94.27
2026-02-15 17:00:00+01:00,98.22975301084712,92.5
2026-02-15 17:15:00+01:00,104.64339544909988,96.99
2026-02-15 17:30:00+01:00,101.34503375334437,98.5
2026-02-15 17:45:00+01:00,99.00233217446672,97.55
2026-02-15 18:00:00+01:00,101.9493731434531,99.73
2026-02-15 18:15:00+01:00,98.3117130021192,99.98
2026-02-15 18:30:00+01:00,94.96715813892618,98.82
2026-02-15 18:45:00+01:00,92.10800084933085,94.28
2026-02-15 19:00:00+01:00,79.68588515090141,92.7
2026-02-15 19:15:00+01:00,64.96810410453217,87.91
2026-02-15 19:30:00+01:00,56.12008713777935,81.9
2026-02-15 19:45:00+01:00,47.02947029074227,71.94
2026-02-15 20:00:00+01:00,40.675309816911906,82.82
2026-02-15 20:15:00+01:00,26.4230226051628,76.7
2026-02-15 20:30:00+01:00,27.959512762368803,69.49
2026-02-15 20:45:00+01:00,37.68746318017648,55.0
2026-02-15 21:00:00+01:00,51.58825291604515,74.93
2026-02-15 21:15:00+01:00,39.289062647167185,70.25
2026-02-15 21:30:00+01:00,45.1776354007371,65.94
2026-02-15 21:45:00+01:00,43.26098664583222,57.93
2026-02-15 22:00:00+01:00,76.53687123339789,73.0
2026-02-15 22:15:00+01:00,70.06730161132593,66.94
2026-02-15 22:30:00+01:00,73.1043297480772,65.18
2026-02-15 22:45:00+01:00,67.50938756328132,57.34
2026-02-15 23:00:00+01:00,71.2209406658777,71.5
2026-02-15 23:15:00+01:00,66.5706894081206,65.1
2026-02-15 23:30:00+01:00,66.73028909553801,58.49
2026-02-15 23:45:00+01:00,60.0350081631784,37.07
2026-02-16 00:00:00+01:00,66.23065849300261,75.64
2026-02-16 00:15:00+01:00,63.38428298018272,74.09
2026-02-16 00:30:00+01:00,60.20084251383008,65.08
2026-02-16 00:45:00+01:00,55.025226969150765,60.91
2026-02-16 01:00:00+01:00,61.22898039627869,69.29
2026-02-16 01:15:00+01:00,60.77914308459401,64.77
2026-02-16 01:30:00+01:00,59.624372204427985,64.55
2026-02-16 01:45:00+01:00,56.58793803452409,62.89
2026-02-16 02:00:00+01:00,61.46012409626316,64.63
2026-02-16 02:15:00+01:00,59.60424415383221,63.81
2026-02-16 02:30:00+01:00,58.44417033013445,64.63
2026-02-16 02:45:00+01:00,57.33203234035689,64.57
2026-02-16 03:00:00+01:00,59.43653475589368,63.2
2026-02-16 03:15:00+01:00,59.65728999594327,63.71
2026-02-16 03:30:00+01:00,60.758191865512416,65.64
2026-02-16 03:45:00+01:00,60.886275484495954,65.1
2026-02-16 04:00:00+01:00,62.02908980130279,63.01
2026-02-16 04:15:00+01:00,62.780945008633594,63.37
2026-02-16 04:30:00+01:00,64.72323513111593,66.76
2026-02-16 04:45:00+01:00,67.3028341841407,71.07
2026-02-16 05:00:00+01:00,63.79121661192049,60.1
2026-02-16 05:15:00+01:00,67.86133410264944,66.37
2026-02-16 05:30:00+01:00,72.51639958018025,75.91
2026-02-16 05:45:00+01:00,80.99116677777141,77.56
2026-02-16 06:00:00+01:00,62.0652530817531,60.47
2026-02-16 06:15:00+01:00,79.8074351549277,73.23
2026-02-16 06:30:00+01:00,86.45608101393208,83.91
2026-02-16 06:45:00+01:00,92.39614984563856,99.7
2026-02-16 07:00:00+01:00,85.19836396477683,82.37
2026-02-16 07:15:00+01:00,104.53624044072286,94.32
2026-02-16 07:30:00+01:00,104.32282512655965,99.24
2026-02-16 07:45:00+01:00,107.2730195082634,100.36
2026-02-16 08:00:00+01:00,104.02995792339732,97.01
2026-02-16 08:15:00+01:00,111.70823786388216,103.01
2026-02-16 08:30:00+01:00,107.33944301296088,103.1
2026-02-16 08:45:00+01:00,100.19359646222561,101.01
2026-02-16 09:00:00+01:00,98.10171803310902,106.53
2026-02-16 09:15:00+01:00,99.80339045914494,104.14
2026-02-16 09:30:00+01:00,96.33681509858984,104.0
2026-02-16 09:45:00+01:00,87.89315009089499,103.03
2026-02-16 10:00:00+01:00,89.85541705660722,111.82
2026-02-16 10:15:00+01:00,85.37257072514423,102.01
2026-02-16 10:30:00+01:00,80.72328278962705,97.7
2026-02-16 10:45:00+01:00,77.20064328831708,94.63
2026-02-16 11:00:00+01:00,76.2194788090505,97.58
2026-02-16 11:15:00+01:00,74.43050838661055,94.52
2026-02-16 11:30:00+01:00,72.97930525410315,93.94
2026-02-16 11:45:00+01:00,70.87714448860537,93.4
2026-02-16 12:00:00+01:00,74.66238494635395,91.89
2026-02-16 12:15:00+01:00,72.35531288358008,91.9
2026-02-16 12:30:00+01:00,71.68250939733879,92.27
2026-02-16 12:45:00+01:00,72.81688526505526,91.95
2026-02-16 13:00:00+01:00,73.11285722629691,93.57
2026-02-16 13:15:00+01:00,72.31820169989079,93.46
2026-02-16 13:30:00+01:00,74.01111170128529,93.75
2026-02-16 13:45:00+01:00,75.58255084810665,96.83
2026-02-16 14:00:00+01:00,75.11869507777449,90.99
2026-02-16 14:15:00+01:00,79.97318313978857,93.68
2026-02-16 14:30:00+01:00,79.87000678086468,99.42
2026-02-16 14:45:00+01:00,83.95739951984993,99.96
2026-02-16 15:00:00+01:00,84.9776258250395,95.91
2026-02-16 15:15:00+01:00,90.02547984743137,98.6
2026-02-16 15:30:00+01:00,94.49407566965385,107.87
2026-02-16 15:45:00+01:00,98.85029185556488,113.92
2026-02-16 16:00:00+01:00,102.66456451567001,106.11
2026-02-16 16:15:00+01:00,107.53067764340584,114.65
2026-02-16 16:30:00+01:00,115.35118952482205,118.03
2026-02-16 16:45:00+01:00,124.12087868617655,122.42
2026-02-16 17:00:00+01:00,130.86354900854394,120.2
2026-02-16 17:15:00+01:00,141.21946154724893,129.39
2026-02-16 17:30:00+01:00,146.71029167664648,131.77
2026-02-16 17:45:00+01:00,144.83017255376444,140.06
2026-02-16 18:00:00+01:00,139.4313022899947,132.03
2026-02-16 18:15:00+01:00,134.59044291471358,129.22
2026-02-16 18:30:00+01:00,135.09720454505535,128.8
2026-02-16 18:45:00+01:00,131.37277763899573,126.42
2026-02-16 19:00:00+01:00,151.05445713137735,133.14
2026-02-16 19:15:00+01:00,145.59777432640794,126.59
2026-02-16 19:30:00+01:00,138.39823288447,126.61
2026-02-16 19:45:00+01:00,131.28746963222474,119.08
2026-02-16 20:00:00+01:00,143.720698915041,121.79
2026-02-16 20:15:00+01:00,136.68261474979784,119.5
2026-02-16 20:30:00+01:00,132.79481766531006,113.81
2026-02-16 20:45:00+01:00,128.58095210970322,107.43
2026-02-16 21:00:00+01:00,132.5190280385285,112.26
2026-02-16 21:15:00+01:00,126.03608389837905,107.94
2026-02-16 21:30:00+01:00,120.07940028379826,99.73
2026-02-16 21:45:00+01:00,111.887137809985,95.66
2026-02-16 22:00:00+01:00,116.35232501326762,106.0
2026-02-16 22:15:00+01:00,112.974345377853,104.98
2026-02-16 22:30:00+01:00,108.09398923860127,101.23
2026-02-16 22:45:00+01:00,105.43321841715186,95.47
2026-02-16 23:00:00+01:00,103.6115235907255,101.58
2026-02-16 23:15:00+01:00,102.3849427219461,94.64
2026-02-16 23:30:00+01:00,99.35930498734372,89.32
2026-02-16 23:45:00+01:00,95.18623553651767,85.48
2026-02-17 00:00:00+01:00,95.61233404440308,89.45
2026-02-17 00:15:00+01:00,93.23742680839528,88.09
2026-02-17 00:30:00+01:00,91.03883738872977,85.73
2026-02-17 00:45:00+01:00,88.26220047245306,84.81
2026-02-17 01:00:00+01:00,91.81826821445577,86.56
2026-02-17 01:15:00+01:00,88.99619522218843,84.78
2026-02-17 01:30:00+01:00,87.95913877721907,84.81
2026-02-17 01:45:00+01:00,87.86340885067226,84.27
2026-02-17 02:00:00+01:00,88.67409760373322,84.45
2026-02-17 02:15:00+01:00,86.53268961966572,84.39
2026-02-17 02:30:00+01:00,86.1545779557177,85.27
2026-02-17 02:45:00+01:00,86.21665420669392,85.01
2026-02-17 03:00:00+01:00,86.8552112395572,86.33
2026-02-17 03:15:00+01:00,86.25429704299601,85.85
2026-02-17 03:30:00+01:00,85.70012512435405,85.92
2026-02-17 03:45:00+01:00,85.65428942262695,84.5
2026-02-17 04:00:00+01:00,85.237931142767,82.47
2026-02-17 04:15:00+01:00,85.62225053006487,86.05
2026-02-17 04:30:00+01:00,86.23887557346835,83.78
2026-02-17 04:45:00+01:00,86.88050039998843,86.97
2026-02-17 05:00:00+01:00,89.47950695768769,83.21
2026-02-17 05:15:00+01:00,90.10126404912562,85.72
2026-02-17 05:30:00+01:00,92.39369969564132,87.98
2026-02-17 05:45:00+01:00,95.23142494349825,98.46
2026-02-17 06:00:00+01:00,93.58004562305453,87.85
2026-02-17 06:15:00+01:00,105.18666094729002,102.99
2026-02-17 06:30:00+01:00,110.33291164941365,105.55
2026-02-17 06:45:00+01:00,122.51176004452284,114.5
2026-02-17 07:00:00+01:00,114.17071507402243,105.66
2026-02-17 07:15:00+01:00,133.5770718420653,110.15
2026-02-17 07:30:00+01:00,138.40671519553678,116.46
2026-02-17 07:45:00+01:00,138.62341541661868,125.04
2026-02-17 08:00:00+01:00,135.64702491888082,118.04
2026-02-17 08:15:00+01:00,138.99542554119571,116.29
2026-02-17 08:30:00+01:00,136.9054997066284,113.54
2026-02-17 08:45:00+01:00,132.76221415487154,111.55
2026-02-17 09:00:00+01:00,142.28224408496675,125.25
2026-02-17 09:15:00+01:00,128.41397035026384,111.8
2026-02-17 09:30:00+01:00,123.08486695881297,105.88
2026-02-17 09:45:00+01:00,116.12075992215281,100.42
2026-02-17 10:00:00+01:00,121.37924143047832,106.26
2026-02-17 10:15:00+01:00,114.9726643321234,103.13
2026-02-17 10:30:00+01:00,110.20422498684414,100.73
2026-02-17 10:45:00+01:00,105.5371399810403,99.48
2026-02-17 11:00:00+01:00,111.52295063923049,100.41
2026-02-17 11:15:00+01:00,109.58994011899051,97.08
2026-02-17 11:30:00+01:00,107.31784967601507,89.44
2026-02-17 11:45:00+01:00,104.59088469801053,85.29
2026-02-17 12:00:00+01:00,100.2185964523521,88.32
2026-02-17 12:15:00+01:00,98.11694487149433,84.42
2026-02-17 12:30:00+01:00,99.83972977222365,83.71
2026-02-17 12:45:00+01:00,102.51532786752696,79.31
2026-02-17 13:00:00+01:00,102.2350793369076,86.98
2026-02-17 13:15:00+01:00,101.79487712108741,83.1
2026-02-17 13:30:00+01:00,102.6375221359402,79.0
2026-02-17 13:45:00+01:00,104.91441524807371,80.09
2026-02-17 14:00:00+01:00,98.93351868081524,82.21
2026-02-17 14:15:00+01:00,104.5667425817013,82.03
2026-02-17 14:30:00+01:00,109.15120588096643,82.29
2026-02-17 14:45:00+01:00,118.01513282514395,83.14
2026-02-17 15:00:00+01:00,103.00031586819898,82.11
2026-02-17 15:15:00+01:00,106.27951628981782,82.74
2026-02-17 15:30:00+01:00,117.36455192751134,86.68
2026-02-17 15:45:00+01:00,123.95969781171802,93.98
2026-02-17 16:00:00+01:00,101.7441345787945,90.35
2026-02-17 16:15:00+01:00,108.11052112429553,91.03
2026-02-17 16:30:00+01:00,116.41013438854459,92.03
2026-02-17 16:45:00+01:00,137.78312307849336,102.92
2026-02-17 17:00:00+01:00,131.24381905763698,103.0
2026-02-17 17:15:00+01:00,139.44417837311963,107.8
2026-02-17 17:30:00+01:00,142.70063934644588,111.84
2026-02-17 17:45:00+01:00,148.19985050377556,120.58
2026-02-17 18:00:00+01:00,135.13339985623682,120.37
2026-02-17 18:15:00+01:00,133.01916535308294,121.5
2026-02-17 18:30:00+01:00,128.54170832098234,131.89
2026-02-17 18:45:00+01:00,126.26658373200834,134.14
2026-02-17 19:00:00+01:00,134.11224546317905,133.39
2026-02-17 19:15:00+01:00,125.11518187109867,129.76
2026-02-17 19:30:00+01:00,119.41488901677026,123.75
2026-02-17 19:45:00+01:00,112.48561636521666,119.5
2026-02-17 20:00:00+01:00,128.64644755382443,119.41
2026-02-17 20:15:00+01:00,110.98935326291826,112.24
2026-02-17 20:30:00+01:00,104.0535609966426,108.43
2026-02-17 20:45:00+01:00,96.14903610273987,104.83
2026-02-17 21:00:00+01:00,107.0989385865205,110.94
2026-02-17 21:15:00+01:00,102.3303348176339,105.19
2026-02-17 21:30:00+01:00,96.38920125909148,97.18
2026-02-17 21:45:00+01:00,86.2515995302887,86.5
2026-02-17 22:00:00+01:00,103.06924305291639,98.04
2026-02-17 22:15:00+01:00,97.06384115072173,95.52
2026-02-17 22:30:00+01:00,91.53235465613578,89.88
2026-02-17 22:45:00+01:00,85.9230040039571,89.46
2026-02-17 23:00:00+01:00,95.79370855435218,93.89
2026-02-17 23:15:00+01:00,88.68397023949802,90.57
2026-02-17 23:30:00+01:00,83.11462395486691,88.26
2026-02-17 23:45:00+01:00,77.65763326036752,85.72
2026-02-18 00:00:00+01:00,89.74509482952759,96.14
2026-02-18 00:15:00+01:00,87.83577398156737,96.66
2026-02-18 00:30:00+01:00,86.14353327057378,95.12
2026-02-18 00:45:00+01:00,83.64591720167456,94.6
2026-02-18 01:00:00+01:00,87.39198751035727,94.66
2026-02-18 01:15:00+01:00,85.69239717997282,93.08
2026-02-18 01:30:00+01:00,86.07636637007396,93.46
2026-02-18 01:45:00+01:00,84.60998178227509,93.05
2026-02-18 02:00:00+01:00,87.18842643371238,92.84
2026-02-18 02:15:00+01:00,86.60965871651368,93.64
2026-02-18 02:30:00+01:00,86.24018330449964,93.85
2026-02-18 02:45:00+01:00,85.86627416712106,92.84
2026-02-18 03:00:00+01:00,87.40779022331002,93.73
2026-02-18 03:15:00+01:00,87.31468593370899,92.44
2026-02-18 03:30:00+01:00,87.59465445078075,91.47
2026-02-18 03:45:00+01:00,88.0810808613959,93.06
2026-02-18 04:00:00+01:00,88.23735823038645,90.4
2026-02-18 04:15:00+01:00,89.02033714252468,93.07
2026-02-18 04:30:00+01:00,89.62235713188085,94.37
2026-02-18 04:45:00+01:00,91.09363002794491,95.83
2026-02-18 05:00:00+01:00,91.53085969597929,96.72
2026-02-18 05:15:00+01:00,93.38146996022898,96.92
2026-02-18 05:30:00+01:00,97.34985396745822,100.99
2026-02-18 05:45:00+01:00,100.88609270008997,110.16
2026-02-18 06:00:00+01:00,98.22245528776061,98.15
2026-02-18 06:15:00+01:00,109.65388054274386,111.62
2026-02-18 06:30:00+01:00,118.84287443798571,129.49
2026-02-18 06:45:00+01:00,130.65733199975165,150.79
2026-02-18 07:00:00+01:00,117.8571553922246,148.45
2026-02-18 07:15:00+01:00,132.52491370397405,165.93
2026-02-18 07:30:00+01:00,139.95191848549007,187.44
2026-02-18 07:45:00+01:00,138.33445850613998,200.93
2026-02-18 08:00:00+01:00,131.44038229921586,206.43
2026-02-18 08:15:00+01:00,130.5013058797516,202.47
2026-02-18 08:30:00+01:00,133.71859403708106,182.48
2026-02-18 08:45:00+01:00,132.10389281746708,152.99
2026-02-18 09:00:00+01:00,139.41318925775442,156.12
2026-02-18 09:15:00+01:00,126.76052917274203,147.6
2026-02-18 09:30:00+01:00,118.75884835256284,125.49
2026-02-18 09:45:00+01:00,114.25524617240806,113.36
2026-02-18 10:00:00+01:00,119.45628067991896,133.54
2026-02-18 10:15:00+01:00,109.55248839395745,118.27
2026-02-18 10:30:00+01:00,106.06312290141602,109.96
2026-02-18 10:45:00+01:00,102.1607469258659,101.75
2026-02-18 11:00:00+01:00,103.40456685088401,112.8
2026-02-18 11:15:00+01:00,102.22259059994208,106.17
2026-02-18 11:30:00+01:00,101.82955768723707,104.34
2026-02-18 11:45:00+01:00,99.76192836388171,101.58
2026-02-18 12:00:00+01:00,94.39037152888582,105.21
2026-02-18 12:15:00+01:00,93.31294980258849,100.81
2026-02-18 12:30:00+01:00,91.68941857665371,99.29
2026-02-18 12:45:00+01:00,93.42137750227943,100.02
2026-02-18 13:00:00+01:00,94.45958024236313,102.36
2026-02-18 13:15:00+01:00,93.63512759274076,100.82
2026-02-18 13:30:00+01:00,95.14871464834836,99.84
2026-02-18 13:45:00+01:00,97.22118686884635,98.99
2026-02-18 14:00:00+01:00,88.3251954461631,97.88
2026-02-18 14:15:00+01:00,86.15694012069147,100.06
2026-02-18 14:30:00+01:00,90.71498930942005,106.16
2026-02-18 14:45:00+01:00,97.7066327100886,110.47
2026-02-18 15:00:00+01:00,92.26205263933902,106.16
2026-02-18 15:15:00+01:00,96.43392341494561,109.5
2026-02-18 15:30:00+01:00,103.88168432162878,114.99
2026-02-18 15:45:00+01:00,112.74215041270799,125.71
2026-02-18 16:00:00+01:00,103.98199641639451,111.0
2026-02-18 16:15:00+01:00,112.0157331676048,120.43
2026-02-18 16:30:00+01:00,114.14414382445881,128.14
2026-02-18 16:45:00+01:00,128.62583783054254,128.76
2026-02-18 17:00:00+01:00,131.7746414148598,137.99
2026-02-18 17:15:00+01:00,138.68780410088445,137.3
2026-02-18 17:30:00+01:00,140.43477358552923,142.38
2026-02-18 17:45:00+01:00,140.81856177840606,143.95
2026-02-18 18:00:00+01:00,136.66130546201487,153.49
2026-02-18 18:15:00+01:00,134.19853919449426,144.94
2026-02-18 18:30:00+01:00,131.657332982232,139.09
2026-02-18 18:45:00+01:00,128.43212845916486,132.87
2026-02-18 19:00:00+01:00,142.5445321640098,129.54
2026-02-18 19:15:00+01:00,129.09625199815028,120.5
2026-02-18 19:30:00+01:00,122.37097570848329,119.46
2026-02-18 19:45:00+01:00,116.13937235974686,109.87
2026-02-18 20:00:00+01:00,118.46216986768853,117.63
2026-02-18 20:15:00+01:00,104.97906390856375,103.29
2026-02-18 20:30:00+01:00,95.34664416576834,97.78
2026-02-18 20:45:00+01:00,99.96403224990623,91.98
2026-02-18 21:00:00+01:00,98.77937769062923,106.14
2026-02-18 21:15:00+01:00,92.47004240953035,101.21
2026-02-18 21:30:00+01:00,82.85688090505357,88.95
2026-02-18 21:45:00+01:00,75.27225105657655,88.26
2026-02-18 22:00:00+01:00,89.8645639201109,101.94
2026-02-18 22:15:00+01:00,81.03802804228593,96.01
2026-02-18 22:30:00+01:00,78.70943032962587,90.79
2026-02-18 22:45:00+01:00,73.00205777477925,91.65
2026-02-18 23:00:00+01:00,80.92885664442292,97.42
2026-02-18 23:15:00+01:00,73.42769928166152,92.41
2026-02-18 23:30:00+01:00,66.87727279051026,86.92
2026-02-18 23:45:00+01:00,58.58562589148542,81.11
2026-02-19 00:00:00+01:00,90.87725756610179,87.84
2026-02-19 00:15:00+01:00,86.55378635927765,83.29
2026-02-19 00:30:00+01:00,83.64889544922184,83.29
2026-02-19 00:45:00+01:00,81.65957817702429,80.68
2026-02-19 01:00:00+01:00,85.175524383783,86.75
2026-02-19 01:15:00+01:00,82.05955591526904,83.83
2026-02-19 01:30:00+01:00,81.15747628880976,80.8
2026-02-19 01:45:00+01:00,79.14714100886168,76.02
2026-02-19 02:00:00+01:00,80.3887374748556,84.89
2026-02-19 02:15:00+01:00,78.53715841723997,82.0
2026-02-19 02:30:00+01:00,78.61734575261134,81.0
2026-02-19 02:45:00+01:00,77.88237456006985,79.83
2026-02-19 03:00:00+01:00,78.1206067862426,83.58
2026-02-19 03:15:00+01:00,77.67963181480619,80.76
2026-02-19 03:30:00+01:00,76.93063011832862,80.67
2026-02-19 03:45:00+01:00,76.65332651612776,80.79
2026-02-19 04:00:00+01:00,75.6875268489533,74.09
2026-02-19 04:15:00+01:00,76.06147515928215,76.14
2026-02-19 04:30:00+01:00,77.32689037321808,78.71
2026-02-19 04:45:00+01:00,78.48726144827178,81.68
2026-02-19 05:00:00+01:00,77.44059333749254,79.61
2026-02-19 05:15:00+01:00,79.19938236381181,82.26
2026-02-19 05:30:00+01:00,82.21947065512742,86.39
2026-02-19 05:45:00+01:00,85.83083259935239,88.34
2026-02-19 06:00:00+01:00,89.00278958247048,79.98
2026-02-19 06:15:00+01:00,96.24521787488574,83.37
2026-02-19 06:30:00+01:00,101.94105850357201,87.18
2026-02-19 06:45:00+01:00,108.13536196757964,97.92
2026-02-19 07:00:00+01:00,104.15322119977529,82.01
2026-02-19 07:15:00+01:00,112.54943512194318,89.34
2026-02-19 07:30:00+01:00,116.66817871558722,93.55
2026-02-19 07:45:00+01:00,121.79860561410509,92.05
2026-02-19 08:00:00+01:00,127.24320580335224,94.37
2026-02-19 08:15:00+01:00,129.73746614060008,97.84
2026-02-19 08:30:00+01:00,120.4939973599586,98.26
2026-02-19 08:45:00+01:00,114.93378277430621,97.31
2026-02-19 09:00:00+01:00,124.09994810777978,105.63
2026-02-19 09:15:00+01:00,114.55429330302877,104.25
2026-02-19 09:30:00+01:00,107.84825823638091,103.58
2026-02-19 09:45:00+01:00,101.1192080204749,100.98
2026-02-19 10:00:00+01:00,130.56413483036235,106.81
2026-02-19 10:15:00+01:00,115.12618137496133,101.26
2026-02-19 10:30:00+01:00,110.46394099331509,98.3
2026-02-19 10:45:00+01:00,107.0395839071684,97.61
2026-02-19 11:00:00+01:00,116.20570330983057,97.22
2026-02-19 11:15:00+01:00,113.98994990150808,96.84
2026-02-19 11:30:00+01:00,112.82045890963798,95.3
2026-02-19 11:45:00+01:00,110.79770240194127,91.07
2026-02-19 12:00:00+01:00,108.7489632125361,94.52
2026-02-19 12:15:00+01:00,103.71934565306859,90.17
2026-02-19 12:30:00+01:00,102.97490949623887,89.5
2026-02-19 12:45:00+01:00,103.35319881997043,89.81
2026-02-19 13:00:00+01:00,106.64904299552288,90.86
2026-02-19 13:15:00+01:00,105.37839386226122,90.16
2026-02-19 13:30:00+01:00,104.1521992682999,89.76
2026-02-19 13:45:00+01:00,107.12273695062413,89.62
2026-02-19 14:00:00+01:00,104.00413882818941,89.19
2026-02-19 14:15:00+01:00,105.87826499541364,89.7
2026-02-19 14:30:00+01:00,113.74915655618238,89.96
2026-02-19 14:45:00+01:00,120.22957907970857,91.79
2026-02-19 15:00:00+01:00,96.65143036268114,85.28
2026-02-19 15:15:00+01:00,106.46561882620455,88.35
2026-02-19 15:30:00+01:00,120.66494195830032,96.49
2026-02-19 15:45:00+01:00,131.1623659136606,100.23
2026-02-19 16:00:00+01:00,104.42444787276455,88.0
2026-02-19 16:15:00+01:00,111.83005876563995,96.53
2026-02-19 16:30:00+01:00,125.9346436656902,99.33
2026-02-19 16:45:00+01:00,146.0152134381755,101.71
2026-02-19 17:00:00+01:00,114.91257797655322,98.21
2026-02-19 17:15:00+01:00,125.48046110859441,103.36
2026-02-19 17:30:00+01:00,130.74106247881454,108.93
2026-02-19 17:45:00+01:00,132.227119837848,112.27
2026-02-19 18:00:00+01:00,125.46634706434607,103.92
2026-02-19 18:15:00+01:00,122.95163160140542,106.95
2026-02-19 18:30:00+01:00,121.38751281541163,120.04
2026-02-19 18:45:00+01:00,120.52701108358218,123.16
2026-02-19 19:00:00+01:00,119.58981338661553,123.65
2026-02-19 19:15:00+01:00,112.35761146362061,117.36
2026-02-19 19:30:00+01:00,108.5685108260757,104.44
2026-02-19 19:45:00+01:00,101.76232200774966,100.09
2026-02-19 20:00:00+01:00,115.0445337293138,110.58
2026-02-19 20:15:00+01:00,104.41519160288388,100.0
2026-02-19 20:30:00+01:00,97.05155237020921,97.75
2026-02-19 20:45:00+01:00,88.43148627826713,93.61
2026-02-19 21:00:00+01:00,109.75541132131525,103.92
2026-02-19 21:15:00+01:00,107.2253029688434,97.52
2026-02-19 21:30:00+01:00,97.06582562056276,97.09
2026-02-19 21:45:00+01:00,89.93696104112391,93.93
2026-02-19 22:00:00+01:00,107.01173274107326,98.96
2026-02-19 22:15:00+01:00,101.91663225395965,96.86
2026-02-19 22:30:00+01:00,98.3687205404285,89.05
2026-02-19 22:45:00+01:00,91.98658271749512,83.53
2026-02-19 23:00:00+01:00,98.17273229047345,90.72
2026-02-19 23:15:00+01:00,93.54949812538038,85.34
2026-02-19 23:30:00+01:00,90.06261431691672,83.2
2026-02-19 23:45:00+01:00,85.83687286094276,81.48
2026-02-20 00:00:00+01:00,84.51525696275996,87.53
2026-02-20 00:15:00+01:00,81.69283936860053,85.16
2026-02-20 00:30:00+01:00,78.12436710872917,86.27
2026-02-20 00:45:00+01:00,76.49574059255414,85.28
2026-02-20 01:00:00+01:00,81.31264881282968,86.83
2026-02-20 01:15:00+01:00,78.69525412248616,86.57
2026-02-20 01:30:00+01:00,78.25280431140975,85.62
2026-02-20 01:45:00+01:00,76.9649886837047,84.69
2026-02-20 02:00:00+01:00,80.1301559228223,86.25
2026-02-20 02:15:00+01:00,79.12436867081762,85.28
2026-02-20 02:30:00+01:00,78.71503620011114,84.57
2026-02-20 02:45:00+01:00,78.08289773248586,85.65
2026-02-20 03:00:00+01:00,79.55458683927665,84.74
2026-02-20 03:15:00+01:00,79.04928511016915,84.74
2026-02-20 03:30:00+01:00,78.960701436713,84.86
2026-02-20 03:45:00+01:00,79.44645696170758,85.18
2026-02-20 04:00:00+01:00,78.78917064359639,82.4
2026-02-20 04:15:00+01:00,79.76887113896908,83.41
2026-02-20 04:30:00+01:00,80.91738467876937,85.08
2026-02-20 04:45:00+01:00,82.37100257439694,86.78
2026-02-20 05:00:00+01:00,83.49977002354572,85.53
2026-02-20 05:15:00+01:00,84.60026734500786,85.32
2026-02-20 05:30:00+01:00,88.38789230289956,89.61
2026-02-20 05:45:00+01:00,92.16046167148627,100.62
2026-02-20 06:00:00+01:00,84.06914845750545,85.22
2026-02-20 06:15:00+01:00,93.82656293966721,105.27
2026-02-20 06:30:00+01:00,102.60027876792445,111.97
2026-02-20 06:45:00+01:00,111.71409395846366,116.87
2026-02-20 07:00:00+01:00,106.67598542678287,109.21
2026-02-20 07:15:00+01:00,115.78668317047712,112.4
2026-02-20 07:30:00+01:00,121.46790497590806,118.81
2026-02-20 07:45:00+01:00,121.12980423848806,114.71
2026-02-20 08:00:00+01:00,127.54421577350632,121.17
2026-02-20 08:15:00+01:00,123.83934016001501,121.93
2026-02-20 08:30:00+01:00,114.6009158255205,114.72
2026-02-20 08:45:00+01:00,108.70615316651916,106.75
2026-02-20 09:00:00+01:00,116.39837616994186,122.42
2026-02-20 09:15:00+01:00,107.52721723190126,115.72
2026-02-20 09:30:00+01:00,98.77892954193346,104.29
2026-02-20 09:45:00+01:00,91.88884772287074,94.3
2026-02-20 10:00:00+01:00,108.79011946218915,103.41
2026-02-20 10:15:00+01:00,99.63304530232871,94.34
2026-02-20 10:30:00+01:00,94.6225330891042,85.05
2026-02-20 10:45:00+01:00,87.50028080995429,81.6
2026-02-20 11:00:00+01:00,94.5004524355462,90.08
2026-02-20 11:15:00+01:00,93.78025770536073,85.9
2026-02-20 11:30:00+01:00,90.69771094654045,82.71
2026-02-20 11:45:00+01:00,87.00373519021151,76.04
2026-02-20 12:00:00+01:00,88.66118198850727,84.93
2026-02-20 12:15:00+01:00,87.97025555661789,82.41
2026-02-20 12:30:00+01:00,86.7048480219731,79.02
2026-02-20 12:45:00+01:00,86.65397803818594,77.69
2026-02-20 13:00:00+01:00,88.77093985864246,80.22
2026-02-20 13:15:00+01:00,88.94144075963858,81.02
2026-02-20 13:30:00+01:00,90.17769703389789,80.52
2026-02-20 13:45:00+01:00,91.18672099596937,76.64
2026-02-20 14:00:00+01:00,89.12176415623865,75.62
2026-02-20 14:15:00+01:00,92.99202789490215,80.13
2026-02-20 14:30:00+01:00,101.34294822812961,81.04
2026-02-20 14:45:00+01:00,103.33465499652999,83.04
2026-02-20 15:00:00+01:00,94.8515029432553,73.55
2026-02-20 15:15:00+01:00,102.06243276715011,83.59
2026-02-20 15:30:00+01:00,107.90571470145991,85.41
2026-02-20 15:45:00+01:00,110.0128884561868,91.31
2026-02-20 16:00:00+01:00,100.58733505460391,82.52
2026-02-20 16:15:00+01:00,107.78653395848643,93.41
2026-02-20 16:30:00+01:00,114.96010943964316,94.73
2026-02-20 16:45:00+01:00,122.78047781989855,96.77
2026-02-20 17:00:00+01:00,113.84319990970197,97.39
2026-02-20 17:15:00+01:00,119.48090718303642,99.46
2026-02-20 17:30:00+01:00,119.7784804387085,104.94
2026-02-20 17:45:00+01:00,123.41875380406906,103.96
2026-02-20 18:00:00+01:00,124.82692028267178,98.57
2026-02-20 18:15:00+01:00,119.37367559998584,98.16
2026-02-20 18:30:00+01:00,114.04285441031591,90.34
2026-02-20 18:45:00+01:00,107.54061425708142,88.06
2026-02-20 19:00:00+01:00,113.23155043058597,91.46
2026-02-20 19:15:00+01:00,102.03130361632476,89.63
2026-02-20 19:30:00+01:00,97.96809311186574,82.26
2026-02-20 19:45:00+01:00,88.03160039664763,68.6
2026-02-20 20:00:00+01:00,103.12324108746859,96.0
2026-02-20 20:15:00+01:00,92.48783137367819,83.48
2026-02-20 20:30:00+01:00,87.48240337186957,73.02
2026-02-20 20:45:00+01:00,84.91694500860609,62.36
2026-02-20 21:00:00+01:00,84.63649024500427,87.84
2026-02-20 21:15:00+01:00,74.59105115223602,75.43
2026-02-20 21:30:00+01:00,69.61282673149276,61.88
2026-02-20 21:45:00+01:00,68.14954207447057,46.84
2026-02-20 22:00:00+01:00,77.06567558982847,81.64
2026-02-20 22:15:00+01:00,67.47588083194142,69.55
2026-02-20 22:30:00+01:00,71.07217795490243,61.26
2026-02-20 22:45:00+01:00,65.08197896490975,46.11
2026-02-20 23:00:00+01:00,65.79006990741325,59.79
2026-02-20 23:15:00+01:00,52.856190274916806,48.65
2026-02-20 23:30:00+01:00,52.63792512105022,45.6
2026-02-20 23:45:00+01:00,43.31412150332822,33.18
2026-02-21 00:00:00+01:00,61.449471569467455,56.53
2026-02-21 00:15:00+01:00,53.011966462951634,52.63
2026-02-21 00:30:00+01:00,44.78363065120134,51.49
2026-02-21 00:45:00+01:00,39.46174322676403,49.11
2026-02-21 01:00:00+01:00,52.96351342873226,52.88
2026-02-21 01:15:00+01:00,46.62380561412675,47.1
2026-02-21 01:30:00+01:00,48.3804214386348,48.18
2026-02-21 01:45:00+01:00,46.72905298564496,38.42
2026-02-21 02:00:00+01:00,52.881507130854395,50.23
2026-02-21 02:15:00+01:00,50.07617736241615,47.09
2026-02-21 02:30:00+01:00,47.49932065710987,41.52
2026-02-21 02:45:00+01:00,47.93605001342068,34.99
2026-02-21 03:00:00+01:00,49.685469758674486,46.37
2026-02-21 03:15:00+01:00,47.62106101825152,41.05
2026-02-21 03:30:00+01:00,46.95174169067896,37.58
2026-02-21 03:45:00+01:00,46.99860538486666,41.63
2026-02-21 04:00:00+01:00,45.58570521503416,40.08
2026-02-21 04:15:00+01:00,46.20435644956862,38.79
2026-02-21 04:30:00+01:00,47.866843061338365,40.03
2026-02-21 04:45:00+01:00,49.281877333916164,37.0
2026-02-21 05:00:00+01:00,40.61062736499873,36.8
2026-02-21 05:15:00+01:00,44.873980324508956,35.72
2026-02-21 05:30:00+01:00,49.0136980717479,40.16
2026-02-21 05:45:00+01:00,57.283912440828736,45.23
2026-02-21 06:00:00+01:00,33.47246638964703,24.94
2026-02-21 06:15:00+01:00,43.320964845406884,29.95
2026-02-21 06:30:00+01:00,44.29685317061012,38.01
2026-02-21 06:45:00+01:00,58.79946107583839,50.54
2026-02-21 07:00:00+01:00,37.662322250197974,42.37
2026-02-21 07:15:00+01:00,60.83819446076752,38.35
2026-02-21 07:30:00+01:00,68.29692641496798,50.66
2026-02-21 07:45:00+01:00,61.83839709271537,56.58
2026-02-21 08:00:00+01:00,46.055425846972945,51.96
2026-02-21 08:15:00+01:00,63.17804719276429,52.93
2026-02-21 08:30:00+01:00,66.2166219413281,59.08
2026-02-21 08:45:00+01:00,58.42054419399835,60.23
2026-02-21 09:00:00+01:00,76.75785025431203,60.02
2026-02-21 09:15:00+01:00,73.4458612120074,55.31
2026-02-21 09:30:00+01:00,71.42643003025177,59.95
2026-02-21 09:45:00+01:00,64.46856007533367,56.86
2026-02-21 10:00:00+01:00,72.91147806227774,64.52
2026-02-21 10:15:00+01:00,63.71310403617842,61.99
2026-02-21 10:30:00+01:00,59.441889927241945,57.18
2026-02-21 10:45:00+01:00,56.31503840879799,54.41
2026-02-21 11:00:00+01:00,60.264726598649645,61.81
2026-02-21 11:15:00+01:00,59.480148516750006,57.78
2026-02-21 11:30:00+01:00,59.34528500472682,53.96
2026-02-21 11:45:00+01:00,57.67446520803006,47.99
2026-02-21 12:00:00+01:00,58.93858710641684,61.8
2026-02-21 12:15:00+01:00,58.824254879647455,51.36
2026-02-21 12:30:00+01:00,59.66966844449531,46.47
2026-02-21 12:45:00+01:00,62.46796686675665,42.48
2026-02-21 13:00:00+01:00,58.199893133862815,47.75
2026-02-21 13:15:00+01:00,59.47573953593936,44.92
2026-02-21 13:30:00+01:00,62.596504165019354,44.79
2026-02-21 13:45:00+01:00,64.28868912931114,43.19
2026-02-21 14:00:00+01:00,60.096380802766596,43.05
2026-02-21 14:15:00+01:00,64.10035435589091,50.7
2026-02-21 14:30:00+01:00,68.62749500201723,59.1
2026-02-21 14:45:00+01:00,73.25086059998424,71.17
2026-02-21 15:00:00+01:00,69.02045434364088,49.33
2026-02-21 15:15:00+01:00,75.36751972577345,60.23
2026-02-21 15:30:00+01:00,83.34358069892362,78.08
2026-02-21 15:45:00+01:00,88.50479521216103,87.9
2026-02-21 16:00:00+01:00,78.66172934828417,67.51
2026-02-21 16:15:00+01:00,84.97357666954,82.75
2026-02-21 16:30:00+01:00,93.63395994338093,88.57
2026-02-21 16:45:00+01:00,96.93848680495233,88.93
2026-02-21 17:00:00+01:00,97.95662099303227,88.26
2026-02-21 17:15:00+01:00,105.96185863436506,96.89
2026-02-21 17:30:00+01:00,106.94947252507421,102.69
2026-02-21 17:45:00+01:00,107.54333196512202,106.7
2026-02-21 18:00:00+01:00,111.23464668309357,106.8
2026-02-21 18:15:00+01:00,108.00563480512284,109.48
2026-02-21 18:30:00+01:00,108.12930978599194,109.72
2026-02-21 18:45:00+01:00,106.17335727232248,107.25
2026-02-21 19:00:00+01:00,119.67583535948727,107.01
2026-02-21 19:15:00+01:00,112.5819241233718,101.8
2026-02-21 19:30:00+01:00,110.810840992251,98.73
2026-02-21 19:45:00+01:00,105.18997772568864,97.15
2026-02-21 20:00:00+01:00,110.33859164130158,96.49
2026-02-21 20:15:00+01:00,103.19287814557757,87.27
2026-02-21 20:30:00+01:00,99.5932223713746,87.31
2026-02-21 20:45:00+01:00,95.82330466066293,85.32
2026-02-21 21:00:00+01:00,105.18980445970273,86.18
2026-02-21 21:15:00+01:00,99.59521822427168,84.84
2026-02-21 21:30:00+01:00,90.79083190240661,82.23
2026-02-21 21:45:00+01:00,85.97414629926556,78.0
2026-02-21 22:00:00+01:00,100.0297022471459,86.0
2026-02-21 22:15:00+01:00,92.63960379062135,80.64
2026-02-21 22:30:00+01:00,87.73659986286805,72.45
2026-02-21 22:45:00+01:00,79.82008709329067,67.28
2026-02-21 23:00:00+01:00,87.32283032973648,79.7
2026-02-21 23:15:00+01:00,82.45466988259236,73.26
2026-02-21 23:30:00+01:00,77.87875542443224,66.7
2026-02-21 23:45:00+01:00,71.59503405366462,47.18
2026-02-22 00:00:00+01:00,70.88463438690617,68.03
2026-02-22 00:15:00+01:00,64.89826820403925,59.34
2026-02-22 00:30:00+01:00,63.4351175792183,53.62
2026-02-22 00:45:00+01:00,58.952532027121116,45.71
2026-02-22 01:00:00+01:00,66.17173401800235,60.23
2026-02-22 01:15:00+01:00,62.326635026410564,55.96
2026-02-22 01:30:00+01:00,60.94471096902163,50.29
2026-02-22 01:45:00+01:00,57.871048216529914,43.56
2026-02-22 02:00:00+01:00,64.99941937870705,50.01
2026-02-22 02:15:00+01:00,61.70803275984798,45.44
2026-02-22 02:30:00+01:00,60.865604565002755,41.68
2026-02-22 02:45:00+01:00,58.80624208431051,39.1
2026-02-22 03:00:00+01:00,62.83748092362385,38.79
2026-02-22 03:15:00+01:00,61.38572778552067,38.07
2026-02-22 03:30:00+01:00,59.83022452911195,45.16
2026-02-22 03:45:00+01:00,59.45816448725371,41.81
2026-02-22 04:00:00+01:00,57.22540214277639,36.91
2026-02-22 04:15:00+01:00,57.86904245501433,35.54
2026-02-22 04:30:00+01:00,59.70906290937825,41.82
2026-02-22 04:45:00+01:00,61.33558950636417,41.8
2026-02-22 05:00:00+01:00,45.52554503659338,39.08
2026-02-22 05:15:00+01:00,46.31474791964065,40.08
2026-02-22 05:30:00+01:00,53.58124696834192,37.94
2026-02-22 05:45:00+01:00,60.405183285609205,36.05
2026-02-22 06:00:00+01:00,57.93382619666964,32.3
2026-02-22 06:15:00+01:00,57.918829450614865,34.0
2026-02-22 06:30:00+01:00,58.93269725607634,35.26
2026-02-22 06:45:00+01:00,69.86367853443386,37.94
2026-02-22 07:00:00+01:00,58.542490746761395,37.11
2026-02-22 07:15:00+01:00,64.33070436160205,42.65
2026-02-22 07:30:00+01:00,66.66579343246721,41.32
2026-02-22 07:45:00+01:00,68.58695011378103,44.93
2026-02-22 08:00:00+01:00,71.68878312314223,42.06
2026-02-22 08:15:00+01:00,76.79777614339736,44.33
2026-02-22 08:30:00+01:00,78.64622784052331,47.97
2026-02-22 08:45:00+01:00,77.48312192723594,55.06
2026-02-22 09:00:00+01:00,82.40430219335289,53.6
2026-02-22 09:15:00+01:00,80.27288560076798,56.09
2026-02-22 09:30:00+01:00,76.87990170462163,56.09
2026-02-22 09:45:00+01:00,69.04898349324962,56.07
2026-02-22 10:00:00+01:00,78.28164629653578,59.08
2026-02-22 10:15:00+01:00,73.92955665724287,57.35
2026-02-22 10:30:00+01:00,71.49723431142964,54.71
2026-02-22 10:45:00+01:00,67.63348431784988,49.27
2026-02-22 11:00:00+01:00,70.97509834663323,54.71
2026-02-22 11:15:00+01:00,69.53953501579873,55.84
2026-02-22 11:30:00+01:00,66.48744458224941,54.59
2026-02-22 11:45:00+01:00,64.87695373286549,50.71
2026-02-22 12:00:00+01:00,64.60203255030495,51.79
2026-02-22 12:15:00+01:00,63.15023129203426,57.35
2026-02-22 12:30:00+01:00,61.73413553457992,50.37
2026-02-22 12:45:00+01:00,60.866195409737436,42.83
2026-02-22 13:00:00+01:00,57.35859282479751,56.33
2026-02-22 13:15:00+01:00,54.95213826775026,46.09
2026-02-22 13:30:00+01:00,53.84415099116672,40.97
2026-02-22 13:45:00+01:00,56.159260674259805,36.93
2026-02-22 14:00:00+01:00,50.3709046204656,44.13
2026-02-22 14:15:00+01:00,53.1313306209864,42.29
2026-02-22 14:30:00+01:00,55.65138084866698,42.02
2026-02-22 14:45:00+01:00,61.23777733752539,44.79
2026-02-22 15:00:00+01:00,52.7815970053574,45.51
2026-02-22 15:15:00+01:00,57.46129640644809,43.32
2026-02-22 15:30:00+01:00,63.94170365985267,45.51
2026-02-22 15:45:00+01:00,69.18427366493482,57.43
2026-02-22 16:00:00+01:00,67.5197913971176,52.77
2026-02-22 16:15:00+01:00,75.67587890234041,51.12
2026-02-22 16:30:00+01:00,78.80501258948192,57.46
2026-02-22 16:45:00+01:00,84.74400368966742,66.36
2026-02-22 17:00:00+01:00,77.9141678709279,66.42
2026-02-22 17:15:00+01:00,85.74855354797778,72.27
2026-02-22 17:30:00+01:00,89.90248559312984,75.88
2026-02-22 17:45:00+01:00,91.57076152046629,89.23
2026-02-22 18:00:00+01:00,99.06341987111156,74.81
2026-02-22 18:15:00+01:00,97.11762732160265,81.23
2026-02-22 18:30:00+01:00,98.18698244286601,82.0
2026-02-22 18:45:00+01:00,92.60423701634417,79.73
2026-02-22 19:00:00+01:00,84.88516337974065,73.0
2026-02-22 19:15:00+01:00,80.52003022798085,75.28
2026-02-22 19:30:00+01:00,73.00081499039698,80.2
2026-02-22 19:45:00+01:00,67.21671808810018,72.0
2026-02-22 20:00:00+01:00,72.90790491937517,71.98
2026-02-22 20:15:00+01:00,62.68150081808466,68.91
2026-02-22 20:30:00+01:00,62.6934485287428,68.24
2026-02-22 20:45:00+01:00,62.59931663736365,64.94
2026-02-22 21:00:00+01:00,72.33359624783641,69.11
2026-02-22 21:15:00+01:00,70.02304530177454,68.12
2026-02-22 21:30:00+01:00,65.59592301169758,68.97
2026-02-22 21:45:00+01:00,59.706030693590215,64.56
2026-02-22 22:00:00+01:00,79.57460697473205,79.94
2026-02-22 22:15:00+01:00,73.06295985341421,76.39
2026-02-22 22:30:00+01:00,69.46186659621077,69.22
2026-02-22 22:45:00+01:00,65.43611796194718,56.09
2026-02-22 23:00:00+01:00,73.4053967013523,71.17
2026-02-22 23:15:00+01:00,67.6496253024616,56.16
2026-02-22 23:30:00+01:00,59.079109092829796,49.36
2026-02-22 23:45:00+01:00,51.0406442365083,31.1
2026-02-23 00:00:00+01:00,57.44809302292014,50.7
2026-02-23 00:15:00+01:00,50.029616991207064,45.71
2026-02-23 00:30:00+01:00,46.91401857117126,37.92
2026-02-23 00:45:00+01:00,36.998818856829494,47.07
2026-02-23 01:00:00+01:00,53.528468176527134,46.0
2026-02-23 01:15:00+01:00,47.4925906673684,43.14
2026-02-23 01:30:00+01:00,42.99747233032593,42.73
2026-02-23 01:45:00+01:00,39.15041601516026,50.18
2026-02-23 02:00:00+01:00,44.30138461539383,45.92
2026-02-23 02:15:00+01:00,42.978484313540875,43.52
2026-02-23 02:30:00+01:00,40.04901239468087,45.56
2026-02-23 02:45:00+01:00,37.690582050182066,40.9
2026-02-23 03:00:00+01:00,40.632280546325006,45.23
2026-02-23 03:15:00+01:00,39.0876109472328,45.1
2026-02-23 03:30:00+01:00,38.5028136414452,44.29
2026-02-23 03:45:00+01:00,38.81854940186938,45.04
2026-02-23 04:00:00+01:00,36.318447744861906,40.75
2026-02-23 04:15:00+01:00,37.79168358397813,44.14
2026-02-23 04:30:00+01:00,40.554998911395266,46.7
2026-02-23 04:45:00+01:00,44.88715538834312,48.99
2026-02-23 05:00:00+01:00,38.553331020256174,47.75
2026-02-23 05:15:00+01:00,44.90120204341475,42.73
2026-02-23 05:30:00+01:00,57.15905797857397,55.11
2026-02-23 05:45:00+01:00,65.87758790331912,78.69
2026-02-23 06:00:00+01:00,59.03638631684249,55.27
2026-02-23 06:15:00+01:00,74.8695034508836,74.45
2026-02-23 06:30:00+01:00,81.64587554020682,88.12
2026-02-23 06:45:00+01:00,92.86190915255771,93.21
2026-02-23 07:00:00+01:00,93.59212191690006,91.8
2026-02-23 07:15:00+01:00,99.9949449397379,94.78
2026-02-23 07:30:00+01:00,103.56731687371827,98.57
2026-02-23 07:45:00+01:00,106.49282320858597,98.68
2026-02-23 08:00:00+01:00,108.53325361510386,102.64
2026-02-23 08:15:00+01:00,108.18142642765143,100.49
2026-02-23 08:30:00+01:00,103.37598877252299,99.02
2026-02-23 08:45:00+01:00,95.52937318941028,94.02
2026-02-23 09:00:00+01:00,101.42347992398233,97.26
2026-02-23 09:15:00+01:00,93.08914215569845,94.73
2026-02-23 09:30:00+01:00,87.47459250091747,89.81
2026-02-23 09:45:00+01:00,80.98745202528366,68.07
2026-02-23 10:00:00+01:00,89.68241591331548,92.85
2026-02-23 10:15:00+01:00,83.51066205797129,88.14
2026-02-23 10:30:00+01:00,81.00821076934466,58.16
2026-02-23 10:45:00+01:00,76.53798586055261,28.91
2026-02-23 11:00:00+01:00,76.3323822044877,60.36
2026-02-23 11:15:00+01:00,73.31644124918593,64.46
2026-02-23 11:30:00+01:00,71.65139652084575,47.89
2026-02-23 11:45:00+01:00,72.07487550767944,22.69
2026-02-23 12:00:00+01:00,73.28127568433446,22.95
2026-02-23 12:15:00+01:00,70.4994377928278,5.0
2026-02-23 12:30:00+01:00,69.04641865934556,2.5
2026-02-23 12:45:00+01:00,68.76688241284984,1.07
2026-02-23 13:00:00+01:00,69.17489710078286,2.25
2026-02-23 13:15:00+01:00,66.6993796640522,1.16
2026-02-23 13:30:00+01:00,64.27239150070905,1.36
2026-02-23 13:45:00+01:00,66.36048173267956,6.84
2026-02-23 14:00:00+01:00,63.44757891084865,10.1
2026-02-23 14:15:00+01:00,67.49245786998056,33.32
2026-02-23 14:30:00+01:00,66.82073662084173,47.16
2026-02-23 14:45:00+01:00,72.96490668820752,48.99
2026-02-23 15:00:00+01:00,62.10822538919715,20.09
2026-02-23 15:15:00+01:00,66.67347404396034,39.0
2026-02-23 15:30:00+01:00,74.10538594228069,78.44
2026-02-23 15:45:00+01:00,84.592942365341,96.5
2026-02-23 16:00:00+01:00,72.05594166133505,41.64
2026-02-23 16:15:00+01:00,79.61814903962279,80.42
2026-02-23 16:30:00+01:00,85.18398968941203,93.56
2026-02-23 16:45:00+01:00,87.008633897204,102.41
2026-02-23 17:00:00+01:00,87.19761559597842,83.61
2026-02-23 17:15:00+01:00,95.74033875060626,96.58
2026-02-23 17:30:00+01:00,100.12010956916448,99.57
2026-02-23 17:45:00+01:00,108.46959644254234,104.6
2026-02-23 18:00:00+01:00,104.16591569272524,103.96
2026-02-23 18:15:00+01:00,103.47446826663554,105.46
2026-02-23 18:30:00+01:00,104.26973550727655,105.99
2026-02-23 18:45:00+01:00,102.88907420220802,113.67
2026-02-23 19:00:00+01:00,106.84955936185995,109.04
2026-02-23 19:15:00+01:00,100.17705410606591,110.49
2026-02-23 19:30:00+01:00,95.0842695469762,110.91
2026-02-23 19:45:00+01:00,90.59238974082488,113.15
2026-02-23 20:00:00+01:00,107.55601801076607,102.74
2026-02-23 20:15:00+01:00,104.81378530420153,102.8
2026-02-23 20:30:00+01:00,99.75665086836656,93.74
2026-02-23 20:45:00+01:00,88.75971071942939,92.82
2026-02-23 21:00:00+01:00,96.22643726491638,101.27
2026-02-23 21:15:00+01:00,93.78900068649904,99.93
2026-02-23 21:30:00+01:00,85.3306544698957,95.36
2026-02-23 21:45:00+01:00,74.26901623859752,92.38
2026-02-23 22:00:00+01:00,91.6428475453812,100.65
2026-02-23 22:15:00+01:00,86.26198527102203,96.97
2026-02-23 22:30:00+01:00,79.69557691982024,95.37
2026-02-23 22:45:00+01:00,70.9052602919318,90.43
2026-02-23 23:00:00+01:00,86.53819162701966,91.26
2026-02-23 23:15:00+01:00,75.55781668487002,87.89
2026-02-23 23:30:00+01:00,68.74701938768413,87.3
2026-02-23 23:45:00+01:00,61.79061105682469,82.7
2026-02-24 00:00:00+01:00,86.63998389963919,83.99
2026-02-24 00:15:00+01:00,85.32455918760115,84.22
2026-02-24 00:30:00+01:00,82.47186975405803,83.68
2026-02-24 00:45:00+01:00,80.96076853091361,77.54
2026-02-24 01:00:00+01:00,83.54927008027707,83.47
2026-02-24 01:15:00+01:00,82.81191302682915,83.82
2026-02-24 01:30:00+01:00,83.87714140974398,84.2
2026-02-24 01:45:00+01:00,82.6273448786036,84.36
2026-02-24 02:00:00+01:00,84.35310962803707,85.16
2026-02-24 02:15:00+01:00,83.7639252419606,85.66
2026-02-24 02:30:00+01:00,83.82392225888172,85.82
2026-02-24 02:45:00+01:00,83.86906863335713,87.26
2026-02-24 03:00:00+01:00,85.1737503367123,84.15
2026-02-24 03:15:00+01:00,84.96684717648672,85.69
2026-02-24 03:30:00+01:00,85.69551290590756,86.58
2026-02-24 03:45:00+01:00,86.58379842491564,89.38
2026-02-24 04:00:00+01:00,86.60920935205169,87.23
2026-02-24 04:15:00+01:00,87.53263707540843,87.64
2026-02-24 04:30:00+01:00,89.26822695301999,88.01
2026-02-24 04:45:00+01:00,90.89663849382991,89.94
2026-02-24 05:00:00+01:00,90.3617279637573,87.66
2026-02-24 05:15:00+01:00,93.01386895194771,88.73
2026-02-24 05:30:00+01:00,95.71020567902752,96.95
2026-02-24 05:45:00+01:00,100.70536293161524,103.34
2026-02-24 06:00:00+01:00,101.1314135533891,94.0
2026-02-24 06:15:00+01:00,112.2433337643549,106.15
2026-02-24 06:30:00+01:00,121.71867739640716,118.74
2026-02-24 06:45:00+01:00,132.09232874131567,125.6
2026-02-24 07:00:00+01:00,127.10748014172188,118.67
2026-02-24 07:15:00+01:00,140.89275130458978,129.59
2026-02-24 07:30:00+01:00,152.8110317991678,138.39
2026-02-24 07:45:00+01:00,159.02269937435284,145.74
2026-02-24 08:00:00+01:00,167.79566268623898,140.56
2026-02-24 08:15:00+01:00,175.73438244712207,147.1
2026-02-24 08:30:00+01:00,166.76042989040243,151.38
2026-02-24 08:45:00+01:00,151.81893647742186,150.86
2026-02-24 09:00:00+01:00,161.0837894854007,147.02
2026-02-24 09:15:00+01:00,148.31323243336197,145.18
2026-02-24 09:30:00+01:00,133.3354428117534,139.39
2026-02-24 09:45:00+01:00,120.31277665684428,131.29
2026-02-24 10:00:00+01:00,145.57338832567163,149.6
2026-02-24 10:15:00+01:00,131.50659693203136,130.37
2026-02-24 10:30:00+01:00,117.05627069256222,121.62
2026-02-24 10:45:00+01:00,112.63137106900132,113.48
2026-02-24 11:00:00+01:00,120.4376472982079,120.98
2026-02-24 11:15:00+01:00,113.74923766567113,111.61
2026-02-24 11:30:00+01:00,107.8863928799802,109.84
2026-02-24 11:45:00+01:00,103.86882645553291,103.15
2026-02-24 12:00:00+01:00,103.88030018627896,104.44
2026-02-24 12:15:00+01:00,104.08691375898363,99.95
2026-02-24 12:30:00+01:00,100.09740899041361,98.57
2026-02-24 12:45:00+01:00,99.30901797260212,97.8
2026-02-24 13:00:00+01:00,104.98391004660964,101.02
2026-02-24 13:15:00+01:00,102.41427991658324,99.98
2026-02-24 13:30:00+01:00,100.8597323985909,98.45
2026-02-24 13:45:00+01:00,103.74553490381504,97.75
2026-02-24 14:00:00+01:00,105.84849137846996,90.33
2026-02-24 14:15:00+01:00,114.58900781547408,95.06
2026-02-24 14:30:00+01:00,124.95036048198769,96.28
2026-02-24 14:45:00+01:00,131.91969395068418,98.35
2026-02-24 15:00:00+01:00,115.52197110905232,97.87
2026-02-24 15:15:00+01:00,125.60447155346455,100.19
2026-02-24 15:30:00+01:00,137.438818283081,107.99
2026-02-24 15:45:00+01:00,148.86351249999194,122.24
2026-02-24 16:00:00+01:00,133.44394964121216,111.0
2026-02-24 16:15:00+01:00,147.46190853236573,115.74
2026-02-24 16:30:00+01:00,156.91051531038173,131.49
2026-02-24 16:45:00+01:00,171.91250068884005,145.0
2026-02-24 17:00:00+01:00,166.50364563166883,132.44
2026-02-24 17:15:00+01:00,173.04406044475922,157.95
2026-02-24 17:30:00+01:00,185.3864761992818,195.47
2026-02-24 17:45:00+01:00,181.33558007354335,243.02
2026-02-24 18:00:00+01:00,174.91086136011842,198.97
2026-02-24 18:15:00+01:00,171.6886307956018,193.97
2026-02-24 18:30:00+01:00,179.46151234626313,181.84
2026-02-24 18:45:00+01:00,178.38306976675403,161.41
2026-02-24 19:00:00+01:00,200.93477571030363,179.73
2026-02-24 19:15:00+01:00,187.89149111323962,144.44
2026-02-24 19:30:00+01:00,173.60559415752226,137.86
2026-02-24 19:45:00+01:00,165.0678585350252,115.64
2026-02-24 20:00:00+01:00,192.4940951705418,130.83
2026-02-24 20:15:00+01:00,174.04051330417317,125.01
2026-02-24 20:30:00+01:00,158.61200330288514,115.11
2026-02-24 20:45:00+01:00,147.51811751204747,104.88
2026-02-24 21:00:00+01:00,146.17250896037547,117.82
2026-02-24 21:15:00+01:00,141.84635483835223,111.2
2026-02-24 21:30:00+01:00,137.8551225997474,106.48
2026-02-24 21:45:00+01:00,124.92706261370704,99.4
2026-02-24 22:00:00+01:00,127.37112599801075,107.43
2026-02-24 22:15:00+01:00,122.43684532453459,103.25
2026-02-24 22:30:00+01:00,117.49958112642908,100.11
2026-02-24 22:45:00+01:00,113.09508821086061,96.03
2026-02-24 23:00:00+01:00,115.24466917556194,98.11
2026-02-24 23:15:00+01:00,106.51301291196475,96.61
2026-02-24 23:30:00+01:00,104.29033230398313,92.43
2026-02-24 23:45:00+01:00,99.77638469490421,88.46
2026-02-25 00:00:00+01:00,97.90281582250503,99.04
2026-02-25 00:15:00+01:00,94.52889165173394,92.68
2026-02-25 00:30:00+01:00,92.42421898704444,89.93
2026-02-25 00:45:00+01:00,90.73432142696981,86.92
2026-02-25 01:00:00+01:00,94.82527605320288,91.48
2026-02-25 01:15:00+01:00,92.4069228584376,89.45
2026-02-25 01:30:00+01:00,90.92211005575156,85.32
2026-02-25 01:45:00+01:00,89.21898046683016,83.36
2026-02-25 02:00:00+01:00,91.88873368668868,87.69
2026-02-25 02:15:00+01:00,89.70907957453589,85.81
2026-02-25 02:30:00+01:00,89.29566719842279,83.54
2026-02-25 02:45:00+01:00,88.43543873112526,82.29
2026-02-25 03:00:00+01:00,90.0698172469872,88.53
2026-02-25 03:15:00+01:00,88.99439764913956,88.06
2026-02-25 03:30:00+01:00,88.7961132752803,88.19
2026-02-25 03:45:00+01:00,88.76908542575205,87.6
2026-02-25 04:00:00+01:00,89.08358651980086,88.31
2026-02-25 04:15:00+01:00,89.88527982912251,87.31
2026-02-25 04:30:00+01:00,90.95851727951866,89.24
2026-02-25 04:45:00+01:00,92.58883068076376,89.58
2026-02-25 05:00:00+01:00,91.91793654503614,87.14
2026-02-25 05:15:00+01:00,94.35451401110686,89.72
2026-02-25 05:30:00+01:00,98.66006986587175,96.15
2026-02-25 05:45:00+01:00,103.83561061434156,99.68
2026-02-25 06:00:00+01:00,98.53001282740902,95.7
2026-02-25 06:15:00+01:00,108.31785153726086,108.48
2026-02-25 06:30:00+01:00,119.49117694888201,120.15
2026-02-25 06:45:00+01:00,134.09980499546128,130.94
2026-02-25 07:00:00+01:00,121.37318358644427,124.64
2026-02-25 07:15:00+01:00,138.85570709435075,133.31
2026-02-25 07:30:00+01:00,145.27898312281363,136.42
2026-02-25 07:45:00+01:00,146.63427106838145,128.56
2026-02-25 08:00:00+01:00,135.47989521153187,137.57
2026-02-25 08:15:00+01:00,137.41198478680494,123.9
2026-02-25 08:30:00+01:00,132.81812011649615,115.85
2026-02-25 08:45:00+01:00,127.66896750400242,102.09
2026-02-25 09:00:00+01:00,125.02049047380383,123.76
2026-02-25 09:15:00+01:00,116.29826650421535,110.7
2026-02-25 09:30:00+01:00,114.36842964801795,100.28
2026-02-25 09:45:00+01:00,109.02098956891321,93.96
2026-02-25 10:00:00+01:00,117.07909347801107,102.16
2026-02-25 10:15:00+01:00,111.07920791624021,95.18
2026-02-25 10:30:00+01:00,107.79362428510291,85.25
2026-02-25 10:45:00+01:00,102.28504922271676,80.73
2026-02-25 11:00:00+01:00,104.16250115528854,87.43
2026-02-25 11:15:00+01:00,96.70320450463396,84.29
2026-02-25 11:30:00+01:00,95.47162699068595,82.67
2026-02-25 11:45:00+01:00,93.14790143562374,65.0
2026-02-25 12:00:00+01:00,88.81834977531042,84.4
2026-02-25 12:15:00+01:00,83.54808653823122,70.91
2026-02-25 12:30:00+01:00,81.87718931194618,57.88
2026-02-25 12:45:00+01:00,83.89124434083197,50.02
2026-02-25 13:00:00+01:00,80.61887774294291,66.07
2026-02-25 13:15:00+01:00,82.547273678631,60.2
2026-02-25 13:30:00+01:00,82.70203407221723,58.81
2026-02-25 13:45:00+01:00,83.81075486708123,55.71
2026-02-25 14:00:00+01:00,77.03563118550711,45.03
2026-02-25 14:15:00+01:00,79.06605397491637,65.92
2026-02-25 14:30:00+01:00,86.7048068453619,75.47
2026-02-25 14:45:00+01:00,97.597665193007,84.97
2026-02-25 15:00:00+01:00,91.46400648403282,68.65
2026-02-25 15:15:00+01:00,98.04754534770805,73.43
2026-02-25 15:30:00+01:00,103.15553380888694,86.08
2026-02-25 15:45:00+01:00,115.44633319830771,95.77
2026-02-25 16:00:00+01:00,111.40966733126086,77.13
2026-02-25 16:15:00+01:00,112.28503320024042,95.04
2026-02-25 16:30:00+01:00,121.07418997994276,103.98
2026-02-25 16:45:00+01:00,128.93224725783656,129.33
2026-02-25 17:00:00+01:00,131.4507995405803,100.37
2026-02-25 17:15:00+01:00,141.55392738262708,108.21
2026-02-25 17:30:00+01:00,148.27603970207073,120.19
2026-02-25 17:45:00+01:00,154.59412750597582,145.8
2026-02-25 18:00:00+01:00,151.91716664529378,134.34
2026-02-25 18:15:00+01:00,146.9328310235029,123.16
2026-02-25 18:30:00+01:00,144.25669285298105,114.91
2026-02-25 18:45:00+01:00,139.5959724925173,114.67
2026-02-25 19:00:00+01:00,143.3598412940735,112.9
2026-02-25 19:15:00+01:00,134.22582459945153,108.83
2026-02-25 19:30:00+01:00,129.22852644849272,104.23
2026-02-25 19:45:00+01:00,120.15082311783155,102.65
2026-02-25 20:00:00+01:00,127.86582715315832,104.99
2026-02-25 20:15:00+01:00,120.01599282506271,96.24
2026-02-25 20:30:00+01:00,112.74492506881444,91.07
2026-02-25 20:45:00+01:00,104.0765019845243,84.72
2026-02-25 21:00:00+01:00,110.27212447815229,94.9
2026-02-25 21:15:00+01:00,105.79661204990163,90.21
2026-02-25 21:30:00+01:00,98.18928191902941,85.01
2026-02-25 21:45:00+01:00,89.5312308155165,79.0
2026-02-25 22:00:00+01:00,103.39119663886227,98.99
2026-02-25 22:15:00+01:00,97.60414391994908,87.1
2026-02-25 22:30:00+01:00,94.86775792735551,82.3
2026-02-25 22:45:00+01:00,88.48085354133663,78.92
2026-02-25 23:00:00+01:00,94.24990734984713,87.83
2026-02-25 23:15:00+01:00,89.67237815907757,82.39
2026-02-25 23:30:00+01:00,86.11605720610291,78.99
2026-02-25 23:45:00+01:00,78.91012530178288,67.27
2026-02-26 00:00:00+01:00,85.0510775720742,82.39
2026-02-26 00:15:00+01:00,80.36600705639466,77.17
2026-02-26 00:30:00+01:00,77.82111170590073,75.14
2026-02-26 00:45:00+01:00,74.46343780260335,70.99
2026-02-26 01:00:00+01:00,80.7387413952163,80.0
2026-02-26 01:15:00+01:00,77.39000915504388,72.22
2026-02-26 01:30:00+01:00,76.75287042636371,70.64
2026-02-26 01:45:00+01:00,74.6490437203557,66.7
2026-02-26 02:00:00+01:00,78.17658146435139,69.24
2026-02-26 02:15:00+01:00,75.83169432506236,68.24
2026-02-26 02:30:00+01:00,75.22285105340431,68.25
2026-02-26 02:45:00+01:00,74.03642536874577,69.24
2026-02-26 03:00:00+01:00,76.02486609114547,69.46
2026-02-26 03:15:00+01:00,74.9958349405997,69.3
2026-02-26 03:30:00+01:00,74.7942379408827,70.5
2026-02-26 03:45:00+01:00,74.33344296857025,62.47
2026-02-26 04:00:00+01:00,73.8001231507566,64.47
2026-02-26 04:15:00+01:00,74.61970305688122,65.86
2026-02-26 04:30:00+01:00,76.7612640869837,68.25
2026-02-26 04:45:00+01:00,78.56805365337294,70.93
2026-02-26 05:00:00+01:00,76.76819269947792,64.38
2026-02-26 05:15:00+01:00,78.91362429855221,69.19
2026-02-26 05:30:00+01:00,83.41800483668511,76.84
2026-02-26 05:45:00+01:00,89.04353864564072,93.01
2026-02-26 06:00:00+01:00,79.31367366363064,74.06
2026-02-26 06:15:00+01:00,91.2369708897893,101.77
2026-02-26 06:30:00+01:00,98.7415275911551,112.4
2026-02-26 06:45:00+01:00,108.41633576760371,115.04
2026-02-26 07:00:00+01:00,98.4890097152747,112.0
2026-02-26 07:15:00+01:00,107.94606551844964,113.77
2026-02-26 07:30:00+01:00,112.71608751068324,112.2
2026-02-26 07:45:00+01:00,110.11770879012025,102.43
2026-02-26 08:00:00+01:00,109.9838095372612,108.19
2026-02-26 08:15:00+01:00,106.21958542954849,101.64
2026-02-26 08:30:00+01:00,101.3584557394587,95.34
2026-02-26 08:45:00+01:00,93.82134088971996,84.62
2026-02-26 09:00:00+01:00,100.89988890792559,95.51
2026-02-26 09:15:00+01:00,92.20135079112654,87.54
2026-02-26 09:30:00+01:00,89.43648235961034,71.39
2026-02-26 09:45:00+01:00,82.52952105932627,67.26
2026-02-26 10:00:00+01:00,88.70405727600628,73.47
2026-02-26 10:15:00+01:00,84.47077284752753,68.74
2026-02-26 10:30:00+01:00,78.30138164811544,66.75
2026-02-26 10:45:00+01:00,70.12436824348764,62.44
2026-02-26 11:00:00+01:00,72.63622325416436,74.62
2026-02-26 11:15:00+01:00,66.17048347929955,63.48
2026-02-26 11:30:00+01:00,65.25829746834738,50.2
2026-02-26 11:45:00+01:00,61.35831336998598,25.08
2026-02-26 12:00:00+01:00,56.89662489800657,44.09
2026-02-26 12:15:00+01:00,52.16409673739727,19.78
2026-02-26 12:30:00+01:00,52.194115387078504,8.85
2026-02-26 12:45:00+01:00,54.64392400676826,7.43
2026-02-26 13:00:00+01:00,50.73723699490947,11.31
2026-02-26 13:15:00+01:00,52.24428346613681,10.06
2026-02-26 13:30:00+01:00,53.721442154362784,13.09
2026-02-26 13:45:00+01:00,56.53233274945215,21.75
2026-02-26 14:00:00+01:00,46.0743951909581,13.52
2026-02-26 14:15:00+01:00,53.37839711084483,40.06
2026-02-26 14:30:00+01:00,63.37205181670935,56.31
2026-02-26 14:45:00+01:00,74.73064228047326,68.66
2026-02-26 15:00:00+01:00,67.84364149465506,54.12
2026-02-26 15:15:00+01:00,77.96840318455271,65.54
2026-02-26 15:30:00+01:00,92.08993119903818,73.4
2026-02-26 15:45:00+01:00,102.87357912326478,92.17
2026-02-26 16:00:00+01:00,85.4254425533846,64.68
2026-02-26 16:15:00+01:00,95.13133059489752,89.92
2026-02-26 16:30:00+01:00,108.9171665664671,109.1
2026-02-26 16:45:00+01:00,120.64074967383827,115.23
2026-02-26 17:00:00+01:00,113.03335977652519,100.79
2026-02-26 17:15:00+01:00,122.83879459418014,107.72
2026-02-26 17:30:00+01:00,134.92498842149732,114.24
2026-02-26 17:45:00+01:00,137.3451297135955,121.8
2026-02-26 18:00:00+01:00,137.8113531883837,111.53
2026-02-26 18:15:00+01:00,134.81864522927034,112.56
2026-02-26 18:30:00+01:00,131.1259861917658,114.32
2026-02-26 18:45:00+01:00,127.43527750118162,113.97
2026-02-26 19:00:00+01:00,128.527501586894,118.5
2026-02-26 19:15:00+01:00,120.39805348787604,111.61
2026-02-26 19:30:00+01:00,114.80883514167108,104.42
2026-02-26 19:45:00+01:00,108.59860592083851,97.41
2026-02-26 20:00:00+01:00,109.07699754508211,104.99
2026-02-26 20:15:00+01:00,99.09473581868104,93.99
2026-02-26 20:30:00+01:00,90.88878545007242,90.29
2026-02-26 20:45:00+01:00,82.7518556694628,84.52
2026-02-26 21:00:00+01:00,97.85309664050018,97.23
2026-02-26 21:15:00+01:00,87.74348754734324,86.25
2026-02-26 21:30:00+01:00,80.42066855062116,81.24
2026-02-26 21:45:00+01:00,73.96869477694216,71.59
2026-02-26 22:00:00+01:00,89.38611368103399,93.23
2026-02-26 22:15:00+01:00,82.76655111544474,82.29
2026-02-26 22:30:00+01:00,80.4359473274734,76.26
2026-02-26 22:45:00+01:00,72.16085520446151,70.05
2026-02-26 23:00:00+01:00,84.22783052322654,81.97
2026-02-26 23:15:00+01:00,73.99091013072271,73.09
2026-02-26 23:30:00+01:00,68.27587340235581,67.93
2026-02-26 23:45:00+01:00,61.60892980582847,63.31
2026-02-27 00:00:00+01:00,75.08503865942215,56.57
2026-02-27 00:15:00+01:00,67.85513460004631,56.55
2026-02-27 00:30:00+01:00,63.93850871331176,52.18
2026-02-27 00:45:00+01:00,62.226344461692875,55.29
2026-02-27 01:00:00+01:00,69.01630740783283,59.39
2026-02-27 01:15:00+01:00,64.4746693483182,58.09
2026-02-27 01:30:00+01:00,61.405632641906905,53.63
2026-02-27 01:45:00+01:00,58.67570209781803,52.92
2026-02-27 02:00:00+01:00,65.15619592544438,57.73
2026-02-27 02:15:00+01:00,63.779626001482605,56.56
2026-02-27 02:30:00+01:00,63.40687883019183,57.17
2026-02-27 02:45:00+01:00,62.72749422592304,57.75
2026-02-27 03:00:00+01:00,65.32100805189907,60.34
2026-02-27 03:15:00+01:00,64.29918580944684,57.38
2026-02-27 03:30:00+01:00,64.58253114611614,59.04
2026-02-27 03:45:00+01:00,63.04824352222157,63.24
2026-02-27 04:00:00+01:00,65.14400821740975,54.99
2026-02-27 04:15:00+01:00,66.25044821437713,60.04
2026-02-27 04:30:00+01:00,68.42831724193962,63.92
2026-02-27 04:45:00+01:00,70.2132811901942,68.23
2026-02-27 05:00:00+01:00,71.05802708318757,59.8
2026-02-27 05:15:00+01:00,73.60890348266284,61.29
2026-02-27 05:30:00+01:00,77.55668312798576,70.0
2026-02-27 05:45:00+01:00,82.5669088142285,72.88
2026-02-27 06:00:00+01:00,74.81552661693738,61.0
2026-02-27 06:15:00+01:00,88.4749994610424,77.0
2026-02-27 06:30:00+01:00,92.98767574233104,83.02
2026-02-27 06:45:00+01:00,99.8310205638285,85.24
2026-02-27 07:00:00+01:00,95.09035508740163,87.55
2026-02-27 07:15:00+01:00,102.62819031319121,92.22
2026-02-27 07:30:00+01:00,106.23850867544776,87.8
2026-02-27 07:45:00+01:00,105.67080323315459,86.53
2026-02-27 08:00:00+01:00,105.93239058530824,92.08
2026-02-27 08:15:00+01:00,98.8516956527366,84.78
2026-02-27 08:30:00+01:00,95.01312758256667,78.52
2026-02-27 08:45:00+01:00,80.83417307121928,61.94
2026-02-27 09:00:00+01:00,82.07143457493893,84.62
2026-02-27 09:15:00+01:00,75.7324651330859,69.0
2026-02-27 09:30:00+01:00,69.16558207750238,59.05
2026-02-27 09:45:00+01:00,66.03908182286983,44.99
2026-02-27 10:00:00+01:00,69.46224859996968,61.0
2026-02-27 10:15:00+01:00,59.920358472544365,40.08
2026-02-27 10:30:00+01:00,52.20059159639704,19.17
2026-02-27 10:45:00+01:00,45.70576556969691,5.94
2026-02-27 11:00:00+01:00,54.02562136423577,3.89
2026-02-27 11:15:00+01:00,42.7814077793921,0.0
2026-02-27 11:30:00+01:00,39.61738270232921,0.0
2026-02-27 11:45:00+01:00,37.65528942717965,-0.01
2026-02-27 12:00:00+01:00,39.01493912093105,0.0
2026-02-27 12:15:00+01:00,35.71406483574989,-0.01
2026-02-27 12:30:00+01:00,32.534254979539554,-0.01
2026-02-27 12:45:00+01:00,34.17612247528503,-0.03
2026-02-27 13:00:00+01:00,31.7835319137536,-0.01
2026-02-27 13:15:00+01:00,30.980211162292395,-0.01
2026-02-27 13:30:00+01:00,33.7153018962826,-0.01
2026-02-27 13:45:00+01:00,37.45684160454946,-0.01
2026-02-27 14:00:00+01:00,37.210715977347995,-0.01
2026-02-27 14:15:00+01:00,44.92744515062821,0.0
2026-02-27 14:30:00+01:00,56.43635509749236,1.05
2026-02-27 14:45:00+01:00,70.65123824196957,29.91
2026-02-27 15:00:00+01:00,68.6568891399406,17.34
2026-02-27 15:15:00+01:00,80.97328439603679,53.95
2026-02-27 15:30:00+01:00,93.56127831865822,77.53
2026-02-27 15:45:00+01:00,107.58193908527839,90.2
2026-02-27 16:00:00+01:00,89.78857561012367,68.59
2026-02-27 16:15:00+01:00,102.61085586860521,86.94
2026-02-27 16:30:00+01:00,116.74016963670415,100.76
2026-02-27 16:45:00+01:00,134.18451235696207,111.71
2026-02-27 17:00:00+01:00,117.10546759278216,97.48
2026-02-27 17:15:00+01:00,124.92320051592603,109.68
2026-02-27 17:30:00+01:00,135.9605162264072,121.89
2026-02-27 17:45:00+01:00,139.76480788457664,131.73
2026-02-27 18:00:00+01:00,140.59241621156815,122.05
2026-02-27 18:15:00+01:00,138.44058329903766,120.0
2026-02-27 18:30:00+01:00,134.9233480797271,116.68
2026-02-27 18:45:00+01:00,128.52201862545044,113.67
2026-02-27 19:00:00+01:00,137.7949657249848,117.16
2026-02-27 19:15:00+01:00,129.25075265494337,111.29
2026-02-27 19:30:00+01:00,127.24593462501473,105.0
2026-02-27 19:45:00+01:00,124.27295314160123,103.56
2026-02-27 20:00:00+01:00,130.67006059889277,103.48
2026-02-27 20:15:00+01:00,124.57824272643903,101.77
2026-02-27 20:30:00+01:00,119.80069522946941,99.43
2026-02-27 20:45:00+01:00,114.2336888677086,95.44
2026-02-27 21:00:00+01:00,116.49850163597779,97.48
2026-02-27 21:15:00+01:00,110.72459976555798,93.01
2026-02-27 21:30:00+01:00,105.31539956867292,90.22
2026-02-27 21:45:00+01:00,98.51789503866509,83.14
2026-02-27 22:00:00+01:00,108.10971649387776,93.89
2026-02-27 22:15:00+01:00,101.94104290185943,91.43
2026-02-27 22:30:00+01:00,99.66703198114234,83.51
2026-02-27 22:45:00+01:00,93.71694994550161,81.21
2026-02-27 23:00:00+01:00,98.79868763612534,83.36
2026-02-27 23:15:00+01:00,93.72137861543455,82.21
2026-02-27 23:30:00+01:00,90.78561206542622,78.72
2026-02-27 23:45:00+01:00,85.3137186291001,75.72
2026-02-28 00:00:00+01:00,81.92492855437328,82.58
2026-02-28 00:15:00+01:00,79.8432441112281,80.7
2026-02-28 00:30:00+01:00,75.50157204944782,79.45
2026-02-28 00:45:00+01:00,73.00926278627895,77.35
2026-02-28 01:00:00+01:00,79.6131163560812,78.71
2026-02-28 01:15:00+01:00,77.07192998492052,78.0
2026-02-28 01:30:00+01:00,76.2282480795069,75.51
2026-02-28 01:45:00+01:00,74.77531977731743,73.0
2026-02-28 02:00:00+01:00,76.08421341892738,78.51
2026-02-28 02:15:00+01:00,73.28171931681365,75.08
2026-02-28 02:30:00+01:00,71.32999760372557,73.17
2026-02-28 02:45:00+01:00,71.0335647939283,72.15
2026-02-28 03:00:00+01:00,72.49889337340274,74.4
2026-02-28 03:15:00+01:00,70.23415259493645,73.01
2026-02-28 03:30:00+01:00,70.00328233050189,72.19
2026-02-28 03:45:00+01:00,70.4174273466787,67.5
2026-02-28 04:00:00+01:00,69.61922983280495,72.27
2026-02-28 04:15:00+01:00,70.41111077276574,72.32
2026-02-28 04:30:00+01:00,71.69273416229665,71.45
2026-02-28 04:45:00+01:00,72.68055850754904,71.53
2026-02-28 05:00:00+01:00,72.34597541928935,71.86
2026-02-28 05:15:00+01:00,71.8884519494377,70.65
2026-02-28 05:30:00+01:00,76.17782856319957,72.32
2026-02-28 05:45:00+01:00,78.91440757585731,74.17
2026-02-28 06:00:00+01:00,70.80491027713819,69.52
2026-02-28 06:15:00+01:00,82.82759641279199,72.25
2026-02-28 06:30:00+01:00,90.65943640854617,74.31
2026-02-28 06:45:00+01:00,90.0876389695072,75.61
2026-02-28 07:00:00+01:00,82.63751407283624,82.7
2026-02-28 07:15:00+01:00,85.75829381487269,83.01
2026-02-28 07:30:00+01:00,88.44258257497776,75.75
2026-02-28 07:45:00+01:00,84.13115867035097,63.7
2026-02-28 08:00:00+01:00,82.91197234116035,82.97
2026-02-28 08:15:00+01:00,74.43140844266077,67.78
2026-02-28 08:30:00+01:00,66.83389026567951,48.41
2026-02-28 08:45:00+01:00,60.3221104581237,29.3
2026-02-28 09:00:00+01:00,57.290658627226094,47.41
2026-02-28 09:15:00+01:00,45.41525328215662,20.73
2026-02-28 09:30:00+01:00,49.81615667560107,3.04
2026-02-28 09:45:00+01:00,42.9566977725439,0.01
2026-02-28 10:00:00+01:00,34.22521505235816,0.0
2026-02-28 10:15:00+01:00,32.57901147988275,0.0
2026-02-28 10:30:00+01:00,29.101422636078517,0.0
2026-02-28 10:45:00+01:00,25.41222752362942,-0.04
2026-02-28 11:00:00+01:00,20.41108281144129,0.0
2026-02-28 11:15:00+01:00,17.899595373131262,-0.01
2026-02-28 11:30:00+01:00,17.768038750821226,-0.02
2026-02-28 11:45:00+01:00,19.448235521613277,-0.08
2026-02-28 12:00:00+01:00,14.425193813282753,-0.02
2026-02-28 12:15:00+01:00,11.75956658695381,-0.06
2026-02-28 12:30:00+01:00,13.092414292762946,-0.28
2026-02-28 12:45:00+01:00,12.661484547398253,-0.65
2026-02-28 13:00:00+01:00,6.312923355643612,-0.27
2026-02-28 13:15:00+01:00,7.918807834003005,-0.48
2026-02-28 13:30:00+01:00,8.990817074458413,-0.09
2026-02-28 13:45:00+01:00,11.032812400813071,-0.05
2026-02-28 14:00:00+01:00,6.0277158449431525,-0.03
2026-02-28 14:15:00+01:00,12.872680652012008,-0.01
2026-02-28 14:30:00+01:00,14.274497737404928,0.0
2026-02-28 14:45:00+01:00,24.493532586558192,0.01
2026-02-28 15:00:00+01:00,22.675595545141853,0.0
2026-02-28 15:15:00+01:00,31.464349990378935,0.07
2026-02-28 15:30:00+01:00,39.408239363445226,10.05
2026-02-28 15:45:00+01:00,47.10807330845529,49.33
2026-02-28 16:00:00+01:00,38.23168113427481,33.96
2026-02-28 16:15:00+01:00,47.51282050717862,58.41
2026-02-28 16:30:00+01:00,56.225993625328655,80.33
2026-02-28 16:45:00+01:00,62.22890453754798,89.89
2026-02-28 17:00:00+01:00,73.80805645999911,75.05
2026-02-28 17:15:00+01:00,74.15059088743982,83.1
2026-02-28 17:30:00+01:00,81.37641899180224,96.59
2026-02-28 17:45:00+01:00,83.63915971712034,105.0
2026-02-28 18:00:00+01:00,87.3822978238642,97.21
2026-02-28 18:15:00+01:00,88.02548027736866,96.32
2026-02-28 18:30:00+01:00,88.44773698959953,96.36
2026-02-28 18:45:00+01:00,87.6301397009465,90.88
2026-02-28 19:00:00+01:00,72.19596981085192,92.25
2026-02-28 19:15:00+01:00,60.35693613000395,87.71
2026-02-28 19:30:00+01:00,58.113413183930206,85.12
2026-02-28 19:45:00+01:00,49.22821442058152,75.59
2026-02-28 20:00:00+01:00,57.77016438938003,83.37
2026-02-28 20:15:00+01:00,54.844241606016695,74.27
2026-02-28 20:30:00+01:00,51.69733929962568,61.44
2026-02-28 20:45:00+01:00,41.14877095254343,57.39
2026-02-28 21:00:00+01:00,52.37738906492066,67.91
2026-02-28 21:15:00+01:00,38.50733574036923,68.93
2026-02-28 21:30:00+01:00,50.103639438954666,67.31
2026-02-28 21:45:00+01:00,42.89692045858254,54.52
2026-02-28 22:00:00+01:00,52.47050317461691,72.78
2026-02-28 22:15:00+01:00,42.53060129023108,66.17
2026-02-28 22:30:00+01:00,56.16289439921576,64.23
2026-02-28 22:45:00+01:00,47.94164007138633,55.47
2026-02-28 23:00:00+01:00,62.54162095677613,72.72
2026-02-28 23:15:00+01:00,49.0100761632408,59.07
2026-02-28 23:30:00+01:00,50.720541731001695,59.32
2026-02-28 23:45:00+01:00,48.71387355783597,51.58
