timestamp,y_pred,y_true
2025-10-01 00:00:00+02:00,89.9449762361087,102.6
2025-10-01 00:15:00+02:00,88.77572263812979,92.24
2025-10-01 00:30:00+02:00,88.77572263812979,86.03
2025-10-01 00:45:00+02:00,88.77572263812979,85.39
2025-10-01 01:00:00+02:00,88.82907646419325,89.99
2025-10-01 01:15:00+02:00,88.82907646419325,86.03
2025-10-01 01:30:00+02:00,88.82907646419325,85.03
2025-10-01 01:45:00+02:00,88.82907646419325,84.09
2025-10-01 02:00:00+02:00,85.22496291337576,85.41
2025-10-01 02:15:00+02:00,85.22496291337576,85.0
2025-10-01 02:30:00+02:00,85.22496291337576,84.54
2025-10-01 02:45:00+02:00,85.22496291337576,84.54
2025-10-01 03:00:00+02:00,84.52248999029422,87.39
2025-10-01 03:15:00+02:00,84.52248999029422,87.36
2025-10-01 03:30:00+02:00,84.52248999029422,88.56
2025-10-01 03:45:00+02:00,84.52248999029422,89.99
2025-10-01 04:00:00+02:00,87.41631378007881,86.31
2025-10-01 04:15:00+02:00,87.41631378007881,89.06
2025-10-01 04:30:00+02:00,87.41631378007881,86.42
2025-10-01 04:45:00+02:00,87.41631378007881,88.83
2025-10-01 05:00:00+02:00,98.48974654040991,84.26
2025-10-01 05:15:00+02:00,98.48974654040991,90.76
2025-10-01 05:30:00+02:00,98.48974654040991,97.55
2025-10-01 05:45:00+02:00,98.48974654040991,108.74
2025-10-01 06:00:00+02:00,133.55808813951464,97.03
2025-10-01 06:15:00+02:00,133.55808813951464,117.49
2025-10-01 06:30:00+02:00,133.55808813951464,133.23
2025-10-01 06:45:00+02:00,133.55808813951464,152.09
2025-10-01 07:00:00+02:00,175.21347097307103,160.95
2025-10-01 07:15:00+02:00,175.21347097307103,181.48
2025-10-01 07:30:00+02:00,175.21347097307103,180.23
2025-10-01 07:45:00+02:00,175.21347097307103,170.54
2025-10-01 08:00:00+02:00,166.72639378983914,200.25
2025-10-01 08:15:00+02:00,166.72639378983914,143.35
2025-10-01 08:30:00+02:00,166.72639378983914,117.5
2025-10-01 08:45:00+02:00,166.72639378983914,95.25
2025-10-01 09:00:00+02:00,116.84236679059784,139.48
2025-10-01 09:15:00+02:00,116.84236679059784,105.01
2025-10-01 09:30:00+02:00,116.84236679059784,93.66
2025-10-01 09:45:00+02:00,116.84236679059784,82.85
2025-10-01 10:00:00+02:00,106.94351246536192,103.22
2025-10-01 10:15:00+02:00,106.94351246536192,93.06
2025-10-01 10:30:00+02:00,106.94351246536192,81.21
2025-10-01 10:45:00+02:00,106.94351246536192,66.65
2025-10-01 11:00:00+02:00,87.61249008984417,83.5
2025-10-01 11:15:00+02:00,87.61249008984417,72.08
2025-10-01 11:30:00+02:00,87.61249008984417,65.32
2025-10-01 11:45:00+02:00,87.61249008984417,61.37
2025-10-01 12:00:00+02:00,83.43607372831781,68.21
2025-10-01 12:15:00+02:00,83.43607372831781,65.22
2025-10-01 12:30:00+02:00,83.43607372831781,65.45
2025-10-01 12:45:00+02:00,83.43607372831781,65.22
2025-10-01 13:00:00+02:00,71.69978143740192,65.6
2025-10-01 13:15:00+02:00,71.69978143740192,67.72
2025-10-01 13:30:00+02:00,71.69978143740192,69.44
2025-10-01 13:45:00+02:00,71.69978143740192,70.84
2025-10-01 14:00:00+02:00,77.75521621165299,64.49
2025-10-01 14:15:00+02:00,77.75521621165299,70.25
2025-10-01 14:30:00+02:00,77.75521621165299,74.63
2025-10-01 14:45:00+02:00,77.75521621165299,81.14
2025-10-01 15:00:00+02:00,86.3575262395692,65.3
2025-10-01 15:15:00+02:00,86.3575262395692,74.63
2025-10-01 15:30:00+02:00,86.3575262395692,88.02
2025-10-01 15:45:00+02:00,86.3575262395692,98.94
2025-10-01 16:00:00+02:00,115.17819790767723,62.15
2025-10-01 16:15:00+02:00,115.17819790767723,89.53
2025-10-01 16:30:00+02:00,115.17819790767723,103.08
2025-10-01 16:45:00+02:00,115.17819790767723,116.72
2025-10-01 17:00:00+02:00,158.49447781825066,85.49
2025-10-01 17:15:00+02:00,158.49447781825066,115.87
2025-10-01 17:30:00+02:00,158.49447781825066,144.98
2025-10-01 17:45:00+02:00,158.49447781825066,195.26
2025-10-01 18:00:00+02:00,223.43401263327547,146.95
2025-10-01 18:15:00+02:00,223.43401263327547,200.0
2025-10-01 18:30:00+02:00,223.43401263327547,285.0
2025-10-01 18:45:00+02:00,223.43401263327547,381.0
2025-10-01 19:00:00+02:00,321.226938277715,408.5
2025-10-01 19:15:00+02:00,321.226938277715,376.39
2025-10-01 19:30:00+02:00,321.226938277715,321.94
2025-10-01 19:45:00+02:00,321.226938277715,253.14
2025-10-01 20:00:00+02:00,176.65595020501752,218.02
2025-10-01 20:15:00+02:00,176.65595020501752,155.25
2025-10-01 20:30:00+02:00,176.65595020501752,126.82
2025-10-01 20:45:00+02:00,176.65595020501752,108.0
2025-10-01 21:00:00+02:00,121.28538281182257,130.68
2025-10-01 21:15:00+02:00,121.28538281182257,121.4
2025-10-01 21:30:00+02:00,121.28538281182257,102.98
2025-10-01 21:45:00+02:00,121.28538281182257,97.08
2025-10-01 22:00:00+02:00,107.45488705889359,108.84
2025-10-01 22:15:00+02:00,107.45488705889359,101.51
2025-10-01 22:30:00+02:00,107.45488705889359,95.36
2025-10-01 22:45:00+02:00,107.45488705889359,88.33
2025-10-01 23:00:00+02:00,95.31218752288854,94.57
2025-10-01 23:15:00+02:00,95.31218752288854,91.55
2025-10-01 23:30:00+02:00,95.31218752288854,91.11
2025-10-01 23:45:00+02:00,95.31218752288854,85.36
2025-10-02 00:00:00+02:00,94.21440215173139,99.58
2025-10-02 00:15:00+02:00,92.61238370189082,91.1
2025-10-02 00:30:00+02:00,92.61238370189082,86.09
2025-10-02 00:45:00+02:00,92.61238370189082,86.45
2025-10-02 01:00:00+02:00,90.97526720111833,94.45
2025-10-02 01:15:00+02:00,90.97526720111833,90.42
2025-10-02 01:30:00+02:00,90.97526720111833,84.59
2025-10-02 01:45:00+02:00,90.97526720111833,82.54
2025-10-02 02:00:00+02:00,86.61624723931895,86.46
2025-10-02 02:15:00+02:00,86.61624723931895,84.8
2025-10-02 02:30:00+02:00,86.61624723931895,86.21
2025-10-02 02:45:00+02:00,86.61624723931895,88.63
2025-10-02 03:00:00+02:00,86.11546526591816,89.67
2025-10-02 03:15:00+02:00,86.11546526591816,88.64
2025-10-02 03:30:00+02:00,86.11546526591816,88.64
2025-10-02 03:45:00+02:00,86.11546526591816,87.29
2025-10-02 04:00:00+02:00,90.18018439298373,88.08
2025-10-02 04:15:00+02:00,90.18018439298373,90.58
2025-10-02 04:30:00+02:00,90.18018439298373,92.13
2025-10-02 04:45:00+02:00,90.18018439298373,92.44
2025-10-02 05:00:00+02:00,100.50916061604372,85.42
2025-10-02 05:15:00+02:00,100.50916061604372,89.83
2025-10-02 05:30:00+02:00,100.50916061604372,96.57
2025-10-02 05:45:00+02:00,100.50916061604372,112.07
2025-10-02 06:00:00+02:00,126.61179877088858,94.15
2025-10-02 06:15:00+02:00,126.61179877088858,117.78
2025-10-02 06:30:00+02:00,126.61179877088858,134.03
2025-10-02 06:45:00+02:00,126.61179877088858,168.92
2025-10-02 07:00:00+02:00,145.1846183375643,173.9
2025-10-02 07:15:00+02:00,145.1846183375643,198.6
2025-10-02 07:30:00+02:00,145.1846183375643,187.76
2025-10-02 07:45:00+02:00,145.1846183375643,164.09
2025-10-02 08:00:00+02:00,145.762399239336,188.89
2025-10-02 08:15:00+02:00,145.762399239336,151.89
2025-10-02 08:30:00+02:00,145.762399239336,115.3
2025-10-02 08:45:00+02:00,145.762399239336,90.63
2025-10-02 09:00:00+02:00,103.52144596584115,123.28
2025-10-02 09:15:00+02:00,103.52144596584115,112.8
2025-10-02 09:30:00+02:00,103.52144596584115,92.01
2025-10-02 09:45:00+02:00,103.52144596584115,73.93
2025-10-02 10:00:00+02:00,77.68364829705052,101.95
2025-10-02 10:15:00+02:00,77.68364829705052,99.97
2025-10-02 10:30:00+02:00,77.68364829705052,86.08
2025-10-02 10:45:00+02:00,77.68364829705052,77.92
2025-10-02 11:00:00+02:00,58.279952339546995,91.75
2025-10-02 11:15:00+02:00,58.279952339546995,83.31
2025-10-02 11:30:00+02:00,58.279952339546995,72.08
2025-10-02 11:45:00+02:00,58.279952339546995,66.0
2025-10-02 12:00:00+02:00,43.91349834221188,70.25
2025-10-02 12:15:00+02:00,43.91349834221188,64.35
2025-10-02 12:30:00+02:00,43.91349834221188,64.44
2025-10-02 12:45:00+02:00,43.91349834221188,64.04
2025-10-02 13:00:00+02:00,41.94493749745459,57.95
2025-10-02 13:15:00+02:00,41.94493749745459,60.4
2025-10-02 13:30:00+02:00,41.94493749745459,61.27
2025-10-02 13:45:00+02:00,41.94493749745459,62.38
2025-10-02 14:00:00+02:00,52.530258400550544,61.7
2025-10-02 14:15:00+02:00,52.530258400550544,66.34
2025-10-02 14:30:00+02:00,52.530258400550544,74.63
2025-10-02 14:45:00+02:00,52.530258400550544,82.49
2025-10-02 15:00:00+02:00,61.40882970299417,62.12
2025-10-02 15:15:00+02:00,61.40882970299417,74.85
2025-10-02 15:30:00+02:00,61.40882970299417,86.81
2025-10-02 15:45:00+02:00,61.40882970299417,98.87
2025-10-02 16:00:00+02:00,90.7218756708107,71.94
2025-10-02 16:15:00+02:00,90.7218756708107,83.5
2025-10-02 16:30:00+02:00,90.7218756708107,98.44
2025-10-02 16:45:00+02:00,90.7218756708107,111.9
2025-10-02 17:00:00+02:00,126.94044649731588,72.46
2025-10-02 17:15:00+02:00,126.94044649731588,89.52
2025-10-02 17:30:00+02:00,126.94044649731588,117.3
2025-10-02 17:45:00+02:00,126.94044649731588,174.0
2025-10-02 18:00:00+02:00,197.40643779297093,118.32
2025-10-02 18:15:00+02:00,197.40643779297093,142.55
2025-10-02 18:30:00+02:00,197.40643779297093,178.63
2025-10-02 18:45:00+02:00,197.40643779297093,232.2
2025-10-02 19:00:00+02:00,272.6866662130053,219.39
2025-10-02 19:15:00+02:00,272.6866662130053,202.03
2025-10-02 19:30:00+02:00,272.6866662130053,162.92
2025-10-02 19:45:00+02:00,272.6866662130053,123.01
2025-10-02 20:00:00+02:00,186.1408161081925,136.09
2025-10-02 20:15:00+02:00,186.1408161081925,110.35
2025-10-02 20:30:00+02:00,186.1408161081925,98.43
2025-10-02 20:45:00+02:00,186.1408161081925,94.81
2025-10-02 21:00:00+02:00,125.029560923803,98.47
2025-10-02 21:15:00+02:00,125.029560923803,93.22
2025-10-02 21:30:00+02:00,125.029560923803,84.09
2025-10-02 21:45:00+02:00,125.029560923803,87.64
2025-10-02 22:00:00+02:00,109.09585963229719,105.25
2025-10-02 22:15:00+02:00,109.09585963229719,102.96
2025-10-02 22:30:00+02:00,109.09585963229719,95.43
2025-10-02 22:45:00+02:00,109.09585963229719,82.99
2025-10-02 23:00:00+02:00,96.81843189049688,105.11
2025-10-02 23:15:00+02:00,96.81843189049688,93.39
2025-10-02 23:30:00+02:00,96.81843189049688,74.94
2025-10-02 23:45:00+02:00,96.81843189049688,54.93
2025-10-03 00:00:00+02:00,101.65352714797798,97.06
2025-10-03 00:15:00+02:00,99.31655487514605,89.29
2025-10-03 00:30:00+02:00,99.16766580169865,82.88
2025-10-03 00:45:00+02:00,99.13693451406637,74.5
2025-10-03 01:00:00+02:00,96.08587215215191,87.06
2025-10-03 01:15:00+02:00,96.00469044698394,81.97
2025-10-03 01:30:00+02:00,95.98890616511474,74.88
2025-10-03 01:45:00+02:00,95.97886816570457,64.65
2025-10-03 02:00:00+02:00,90.1933914869567,82.76
2025-10-03 02:15:00+02:00,90.19004048103547,67.27
2025-10-03 02:30:00+02:00,90.18254988194927,69.18
2025-10-03 02:45:00+02:00,90.18254988194927,67.79
2025-10-03 03:00:00+02:00,87.6130982566432,62.05
2025-10-03 03:15:00+02:00,87.6108800502734,77.79
2025-10-03 03:30:00+02:00,87.69065508418235,79.88
2025-10-03 03:45:00+02:00,87.78477670360537,75.91
2025-10-03 04:00:00+02:00,87.96448546684178,71.57
2025-10-03 04:15:00+02:00,88.10421040503292,72.33
2025-10-03 04:30:00+02:00,87.97223243071608,79.85
2025-10-03 04:45:00+02:00,88.09054831598522,81.4
2025-10-03 05:00:00+02:00,89.40705770439132,68.79
2025-10-03 05:15:00+02:00,89.65422010766359,73.87
2025-10-03 05:30:00+02:00,89.91178433200241,82.29
2025-10-03 05:45:00+02:00,89.99707461377709,86.97
2025-10-03 06:00:00+02:00,90.66179166253727,88.68
2025-10-03 06:15:00+02:00,89.81849392191545,91.07
2025-10-03 06:30:00+02:00,89.81424396234746,105.53
2025-10-03 06:45:00+02:00,90.00583540109233,89.84
2025-10-03 07:00:00+02:00,94.37212973979192,96.31
2025-10-03 07:15:00+02:00,96.17501459148454,104.01
2025-10-03 07:30:00+02:00,96.21048839315894,96.87
2025-10-03 07:45:00+02:00,94.22393941777877,104.48
2025-10-03 08:00:00+02:00,97.38428491268579,123.03
2025-10-03 08:15:00+02:00,97.66588044832432,114.24
2025-10-03 08:30:00+02:00,97.95335408351379,102.97
2025-10-03 08:45:00+02:00,84.01762292008505,74.48
2025-10-03 09:00:00+02:00,72.10061956970904,108.53
2025-10-03 09:15:00+02:00,66.74221592109399,95.45
2025-10-03 09:30:00+02:00,64.31408652407632,77.56
2025-10-03 09:45:00+02:00,54.52357409689494,54.07
2025-10-03 10:00:00+02:00,49.26667719380585,90.0
2025-10-03 10:15:00+02:00,48.338251845414874,64.15
2025-10-03 10:30:00+02:00,48.49126600479464,45.12
2025-10-03 10:45:00+02:00,47.83966803883279,40.72
2025-10-03 11:00:00+02:00,15.028573408267068,46.91
2025-10-03 11:15:00+02:00,13.596883919930356,42.89
2025-10-03 11:30:00+02:00,12.384916186609487,40.51
2025-10-03 11:45:00+02:00,12.089055355512741,31.7
2025-10-03 12:00:00+02:00,-5.32968475637994,32.47
2025-10-03 12:15:00+02:00,-5.649952123151973,27.25
2025-10-03 12:30:00+02:00,-5.629678218140107,24.62
2025-10-03 12:45:00+02:00,-5.649952123151973,21.07
2025-10-03 13:00:00+02:00,-2.974782484824278,18.31
2025-10-03 13:15:00+02:00,-2.8387688071972583,14.24
2025-10-03 13:30:00+02:00,-2.2263822940282605,14.68
2025-10-03 13:45:00+02:00,-2.6408599924785783,18.78
2025-10-03 14:00:00+02:00,5.008793476258352,10.53
2025-10-03 14:15:00+02:00,5.321917417839534,23.71
2025-10-03 14:30:00+02:00,5.549629110226139,30.63
2025-10-03 14:45:00+02:00,5.849137261308436,39.94
2025-10-03 15:00:00+02:00,13.762670089095652,32.77
2025-10-03 15:15:00+02:00,14.67516588882773,40.0
2025-10-03 15:30:00+02:00,15.755022646576009,58.96
2025-10-03 15:45:00+02:00,16.398293016717126,67.8
2025-10-03 16:00:00+02:00,21.265526545188003,39.55
2025-10-03 16:15:00+02:00,31.90554112689721,48.74
2025-10-03 16:30:00+02:00,35.12117736486021,74.28
2025-10-03 16:45:00+02:00,37.95104155406803,91.0
2025-10-03 17:00:00+02:00,46.144315784113644,49.89
2025-10-03 17:15:00+02:00,62.122966499457405,78.49
2025-10-03 17:30:00+02:00,66.0237400248683,102.6
2025-10-03 17:45:00+02:00,67.47615737885997,128.62
2025-10-03 18:00:00+02:00,102.64201302031266,113.32
2025-10-03 18:15:00+02:00,103.21437814203212,118.26
2025-10-03 18:30:00+02:00,104.38360952329731,128.5
2025-10-03 18:45:00+02:00,105.6950158450103,122.96
2025-10-03 19:00:00+02:00,114.98678520248896,124.22
2025-10-03 19:15:00+02:00,114.63869710032074,114.99
2025-10-03 19:30:00+02:00,113.98028769756563,99.91
2025-10-03 19:45:00+02:00,112.83750315190964,96.92
2025-10-03 20:00:00+02:00,75.18197124972608,106.78
2025-10-03 20:15:00+02:00,73.12064821388519,81.91
2025-10-03 20:30:00+02:00,103.00658095884118,56.68
2025-10-03 20:45:00+02:00,86.47664392475133,54.79
2025-10-03 21:00:00+02:00,36.87781046703506,72.48
2025-10-03 21:15:00+02:00,34.65895929009373,47.23
2025-10-03 21:30:00+02:00,34.73508199052178,37.59
2025-10-03 21:45:00+02:00,34.28058987245433,16.47
2025-10-03 22:00:00+02:00,61.158074177912496,37.77
2025-10-03 22:15:00+02:00,59.75306555281937,21.34
2025-10-03 22:30:00+02:00,61.097156776991454,21.84
2025-10-03 22:45:00+02:00,60.01806788049037,20.66
2025-10-03 23:00:00+02:00,47.852761372491635,24.58
2025-10-03 23:15:00+02:00,46.36750183495404,9.77
2025-10-03 23:30:00+02:00,46.1365339883989,7.49
2025-10-03 23:45:00+02:00,41.0819632719102,2.59
2025-10-04 00:00:00+02:00,20.753051872403105,2.93
2025-10-04 00:15:00+02:00,26.172244217285794,0.1
2025-10-04 00:30:00+02:00,11.687557760191922,-0.05
2025-10-04 00:45:00+02:00,11.331884377079007,-0.08
2025-10-04 01:00:00+02:00,13.841282769104495,0.0
2025-10-04 01:15:00+02:00,12.461501716319702,-0.01
2025-10-04 01:30:00+02:00,-2.980295146065032,-0.01
2025-10-04 01:45:00+02:00,-5.08224334771792,-0.02
2025-10-04 02:00:00+02:00,-11.598139449852496,-0.01
2025-10-04 02:15:00+02:00,-16.446353375797884,-0.01
2025-10-04 02:30:00+02:00,-11.93999352015176,-0.04
2025-10-04 02:45:00+02:00,-4.568258552238106,-0.11
2025-10-04 03:00:00+02:00,2.414297852273691,-0.07
2025-10-04 03:15:00+02:00,-0.07856746461177977,-0.09
2025-10-04 03:30:00+02:00,-0.25313822737334135,-0.1
2025-10-04 03:45:00+02:00,-4.080706953811287,-0.13
2025-10-04 04:00:00+02:00,4.057848244931961,-0.93
2025-10-04 04:15:00+02:00,10.381253087192135,-0.97
2025-10-04 04:30:00+02:00,11.801634272132688,-1.03
2025-10-04 04:45:00+02:00,11.277857174285117,-1.58
2025-10-04 05:00:00+02:00,-29.395904431746047,-1.52
2025-10-04 05:15:00+02:00,-33.56416487076669,-2.02
2025-10-04 05:30:00+02:00,-39.8961900473858,-2.02
2025-10-04 05:45:00+02:00,-18.033229590104767,-2.06
2025-10-04 06:00:00+02:00,44.568113575693765,-2.15
2025-10-04 06:15:00+02:00,-14.907531100891276,-2.02
2025-10-04 06:30:00+02:00,4.546975962045764,-1.48
2025-10-04 06:45:00+02:00,13.889886928626495,-2.01
2025-10-04 07:00:00+02:00,24.97695109215465,-0.25
2025-10-04 07:15:00+02:00,32.52927544792318,-0.81
2025-10-04 07:30:00+02:00,30.44681655852237,-1.0
2025-10-04 07:45:00+02:00,21.42212212916499,-1.04
2025-10-04 08:00:00+02:00,68.15270857904433,-0.7
2025-10-04 08:15:00+02:00,57.90595422376218,-0.09
2025-10-04 08:30:00+02:00,33.929516769240536,-0.08
2025-10-04 08:45:00+02:00,1.478457693339422,-0.33
2025-10-04 09:00:00+02:00,32.1297752825041,-0.1
2025-10-04 09:15:00+02:00,37.85087397853558,-0.43
2025-10-04 09:30:00+02:00,28.642054818969854,-0.05
2025-10-04 09:45:00+02:00,-31.024403414644382,-0.07
2025-10-04 10:00:00+02:00,0.8633830474557271,-0.01
2025-10-04 10:15:00+02:00,4.147704462085926,-0.1
2025-10-04 10:30:00+02:00,-19.392900622570735,-0.14
2025-10-04 10:45:00+02:00,-21.29682807068302,-0.11
2025-10-04 11:00:00+02:00,16.439450098946338,-0.01
2025-10-04 11:15:00+02:00,13.512748639976706,-0.26
2025-10-04 11:30:00+02:00,6.2051975961597705,-0.08
2025-10-04 11:45:00+02:00,2.3705049542110004,-0.04
2025-10-04 12:00:00+02:00,-0.6201984877304714,-0.19
2025-10-04 12:15:00+02:00,-3.55241127699448,-0.06
2025-10-04 12:30:00+02:00,-3.51392538901548,-0.03
2025-10-04 12:45:00+02:00,-3.7368042131558568,-0.04
2025-10-04 13:00:00+02:00,-4.702879195739824,-0.24
2025-10-04 13:15:00+02:00,-4.204056458255195,-0.23
2025-10-04 13:30:00+02:00,-4.0463412079050975,-0.4
2025-10-04 13:45:00+02:00,-3.8297789388266086,-0.89
2025-10-04 14:00:00+02:00,-7.335453409066402,-0.13
2025-10-04 14:15:00+02:00,-5.820505685345938,-1.02
2025-10-04 14:30:00+02:00,-3.0106087812824596,-2.02
2025-10-04 14:45:00+02:00,-1.5813018597648716,-5.01
2025-10-04 15:00:00+02:00,-15.292890510347807,-1.82
2025-10-04 15:15:00+02:00,-9.665712548159654,-5.02
2025-10-04 15:30:00+02:00,-5.7346849890253,-2.51
2025-10-04 15:45:00+02:00,-1.9889053033910393,-1.07
2025-10-04 16:00:00+02:00,-46.65454691020691,-0.25
2025-10-04 16:15:00+02:00,-35.79017842375887,-0.01
2025-10-04 16:30:00+02:00,-18.072533449260654,-0.04
2025-10-04 16:45:00+02:00,-8.786226470364362,-0.08
2025-10-04 17:00:00+02:00,-105.95374690038683,-1.08
2025-10-04 17:15:00+02:00,-45.52590046510434,-0.01
2025-10-04 17:30:00+02:00,5.749391087408469,0.0
2025-10-04 17:45:00+02:00,34.904041463228985,0.72
2025-10-04 18:00:00+02:00,56.90570838884421,-0.03
2025-10-04 18:15:00+02:00,60.30128180079516,0.0
2025-10-04 18:30:00+02:00,61.93903297537017,2.2
2025-10-04 18:45:00+02:00,68.65318512311197,2.25
2025-10-04 19:00:00+02:00,-2.8695529823347243,2.44
2025-10-04 19:15:00+02:00,-7.729814671422204,2.74
2025-10-04 19:30:00+02:00,-74.02938419240012,4.02
2025-10-04 19:45:00+02:00,-172.73121074940087,3.72
2025-10-04 20:00:00+02:00,-478.17928577243094,1.3
2025-10-04 20:15:00+02:00,-527.4290445991309,0.0
2025-10-04 20:30:00+02:00,-2611.073704054071,0.0
2025-10-04 20:45:00+02:00,-2254.4454321720705,-0.01
2025-10-04 21:00:00+02:00,-330.20892026393864,0.1
2025-10-04 21:15:00+02:00,-318.2857481201816,0.0
2025-10-04 21:30:00+02:00,-271.0446283377846,-0.01
2025-10-04 21:45:00+02:00,-221.55844260661814,-0.47
2025-10-04 22:00:00+02:00,-6.040302516743523,-0.06
2025-10-04 22:15:00+02:00,1.9845585313145904,-0.08
2025-10-04 22:30:00+02:00,14.581498627693165,-0.01
2025-10-04 22:45:00+02:00,12.332221411394485,-0.06
2025-10-04 23:00:00+02:00,19.47634766128796,-0.01
2025-10-04 23:15:00+02:00,-3.0974342818761897,-0.03
2025-10-04 23:30:00+02:00,-28.49261221554886,-0.08
2025-10-04 23:45:00+02:00,-44.65785493073284,-1.25
2025-10-05 00:00:00+02:00,-29.255659625338623,-0.07
2025-10-05 00:15:00+02:00,-19.68778649821256,-0.26
2025-10-05 00:30:00+02:00,-9.09374698057583,-1.45
2025-10-05 00:45:00+02:00,-13.665885594845847,-1.21
2025-10-05 01:00:00+02:00,-45.288981851347714,-1.09
2025-10-05 01:15:00+02:00,-42.41619981562751,-2.01
2025-10-05 01:30:00+02:00,-41.67211348847809,-1.48
2025-10-05 01:45:00+02:00,-53.4387022894731,-1.03
2025-10-05 02:00:00+02:00,-56.65815244336447,-4.2
2025-10-05 02:15:00+02:00,-60.98759138392073,-4.19
2025-10-05 02:30:00+02:00,-57.23669992620758,-4.18
2025-10-05 02:45:00+02:00,-60.63484763874466,-4.19
2025-10-05 03:00:00+02:00,-63.77252813557914,-4.2
2025-10-05 03:15:00+02:00,-55.88328554960057,-4.11
2025-10-05 03:30:00+02:00,-54.85401068593649,-4.11
2025-10-05 03:45:00+02:00,-55.084020098556806,-5.09
2025-10-05 04:00:00+02:00,-24.25869516081906,-4.82
2025-10-05 04:15:00+02:00,-23.87077984652825,-5.03
2025-10-05 04:30:00+02:00,-27.452719999951597,-5.05
2025-10-05 04:45:00+02:00,-31.866739459866253,-5.02
2025-10-05 05:00:00+02:00,-37.129690366158826,-4.99
2025-10-05 05:15:00+02:00,-51.49215942332697,-4.82
2025-10-05 05:30:00+02:00,-65.33048939521055,-4.01
2025-10-05 05:45:00+02:00,-70.12610799619821,-4.01
2025-10-05 06:00:00+02:00,-7.863135414306001,-4.11
2025-10-05 06:15:00+02:00,-28.181807702310664,-4.05
2025-10-05 06:30:00+02:00,-21.096921533261636,-3.8
2025-10-05 06:45:00+02:00,-39.362239517105394,-3.08
2025-10-05 07:00:00+02:00,-41.19883076694984,-2.02
2025-10-05 07:15:00+02:00,-49.20937868134283,-1.78
2025-10-05 07:30:00+02:00,-65.88073941527213,-1.42
2025-10-05 07:45:00+02:00,-41.259243310007804,-0.8
2025-10-05 08:00:00+02:00,1.4992806783217958,-0.1
2025-10-05 08:15:00+02:00,12.82878143683692,-0.09
2025-10-05 08:30:00+02:00,34.037198556981664,-0.05
2025-10-05 08:45:00+02:00,-26.79030848305709,-0.11
2025-10-05 09:00:00+02:00,28.35795884540373,-0.01
2025-10-05 09:15:00+02:00,28.53100418654504,-0.08
2025-10-05 09:30:00+02:00,42.257849277359895,-2.01
2025-10-05 09:45:00+02:00,28.835831488527873,-3.47
2025-10-05 10:00:00+02:00,-23.061409115374488,-1.48
2025-10-05 10:15:00+02:00,-37.5896392633465,-2.9
2025-10-05 10:30:00+02:00,-47.75781203319514,-4.06
2025-10-05 10:45:00+02:00,-39.42061251863606,-4.88
2025-10-05 11:00:00+02:00,-11.242467427003142,-2.02
2025-10-05 11:15:00+02:00,-9.87227346770463,-2.02
2025-10-05 11:30:00+02:00,-7.281036571139566,-2.01
2025-10-05 11:45:00+02:00,-14.400779265471172,-2.02
2025-10-05 12:00:00+02:00,-16.43857458081117,-4.04
2025-10-05 12:15:00+02:00,-17.85375074161241,-3.04
2025-10-05 12:30:00+02:00,-18.35092258363936,-3.01
2025-10-05 12:45:00+02:00,-23.33690535875754,-3.57
2025-10-05 13:00:00+02:00,-25.185070421664992,-3.38
2025-10-05 13:15:00+02:00,-28.156773449987437,-3.54
2025-10-05 13:30:00+02:00,-28.071476454772327,-3.17
2025-10-05 13:45:00+02:00,-25.943415677743122,-3.46
2025-10-05 14:00:00+02:00,-24.83235215341316,-3.1
2025-10-05 14:15:00+02:00,-17.44213544967026,-3.02
2025-10-05 14:30:00+02:00,-17.322623439172517,-3.02
2025-10-05 14:45:00+02:00,-16.742155470559773,-2.63
2025-10-05 15:00:00+02:00,-14.95651988080019,-2.4
2025-10-05 15:15:00+02:00,-14.963549496404429,-2.13
2025-10-05 15:30:00+02:00,-14.194883975268798,-2.02
2025-10-05 15:45:00+02:00,-14.400535206754302,-3.02
2025-10-05 16:00:00+02:00,4.998653559840648,-1.59
2025-10-05 16:15:00+02:00,3.9013680522361085,-1.02
2025-10-05 16:30:00+02:00,2.8065755369765526,-0.1
2025-10-05 16:45:00+02:00,3.7035600607505614,-0.04
2025-10-05 17:00:00+02:00,48.84028844716479,-3.16
2025-10-05 17:15:00+02:00,64.49374664448231,-0.06
2025-10-05 17:30:00+02:00,48.59170550631672,0.1
2025-10-05 17:45:00+02:00,50.70260824670135,6.53
2025-10-05 18:00:00+02:00,80.91878454359285,5.37
2025-10-05 18:15:00+02:00,79.3143803541455,11.0
2025-10-05 18:30:00+02:00,77.70790333648218,19.91
2025-10-05 18:45:00+02:00,75.2861685155238,28.05
2025-10-05 19:00:00+02:00,58.157235766337436,21.25
2025-10-05 19:15:00+02:00,54.18985349878541,26.69
2025-10-05 19:30:00+02:00,37.13121647489224,42.84
2025-10-05 19:45:00+02:00,41.21470239024937,49.41
2025-10-05 20:00:00+02:00,44.446969571176396,34.0
2025-10-05 20:15:00+02:00,41.046684378846976,24.58
2025-10-05 20:30:00+02:00,41.95846500837055,13.66
2025-10-05 20:45:00+02:00,37.69422344398866,7.08
2025-10-05 21:00:00+02:00,52.632248639734016,7.84
2025-10-05 21:15:00+02:00,54.53785787353894,5.15
2025-10-05 21:30:00+02:00,10.004208861981354,4.75
2025-10-05 21:45:00+02:00,57.386979809101916,4.17
2025-10-05 22:00:00+02:00,38.38497957334704,5.75
2025-10-05 22:15:00+02:00,43.640992329371585,4.86
2025-10-05 22:30:00+02:00,50.51776917381041,5.96
2025-10-05 22:45:00+02:00,53.20501440492813,4.24
2025-10-05 23:00:00+02:00,20.894068651551123,4.88
2025-10-05 23:15:00+02:00,25.447852754480223,4.1
2025-10-05 23:30:00+02:00,36.83087530811515,3.96
2025-10-05 23:45:00+02:00,53.08524125028603,3.36
2025-10-06 00:00:00+02:00,3.973825412581405,30.98
2025-10-06 00:15:00+02:00,9.199905332757254,24.53
2025-10-06 00:30:00+02:00,14.593002559636531,15.77
2025-10-06 00:45:00+02:00,14.675604761212853,12.1
2025-10-06 01:00:00+02:00,-5.856088119538768,13.85
2025-10-06 01:15:00+02:00,0.26315948400242917,10.57
2025-10-06 01:30:00+02:00,3.559151858010125,9.11
2025-10-06 01:45:00+02:00,6.1128409929214484,6.66
2025-10-06 02:00:00+02:00,-6.327879068644663,7.0
2025-10-06 02:15:00+02:00,-3.9540861326209438,8.7
2025-10-06 02:30:00+02:00,-4.51552889771898,10.58
2025-10-06 02:45:00+02:00,-4.832827361016754,10.13
2025-10-06 03:00:00+02:00,-5.995759070355078,10.53
2025-10-06 03:15:00+02:00,-2.6136990541228755,10.52
2025-10-06 03:30:00+02:00,-4.887714355236611,11.03
2025-10-06 03:45:00+02:00,-4.852740862297281,10.85
2025-10-06 04:00:00+02:00,13.96428818945084,11.02
2025-10-06 04:15:00+02:00,13.480465013390841,18.12
2025-10-06 04:30:00+02:00,13.811290661105048,17.86
2025-10-06 04:45:00+02:00,15.183657554548773,20.2
2025-10-06 05:00:00+02:00,61.18157093285902,7.81
2025-10-06 05:15:00+02:00,60.640862943014355,9.9
2025-10-06 05:30:00+02:00,56.75905746401142,22.8
2025-10-06 05:45:00+02:00,55.6073721620341,49.9
2025-10-06 06:00:00+02:00,97.27620967217356,18.39
2025-10-06 06:15:00+02:00,94.76875589753334,76.6
2025-10-06 06:30:00+02:00,93.49905391004555,78.19
2025-10-06 06:45:00+02:00,93.94864051824514,101.16
2025-10-06 07:00:00+02:00,118.18784803134976,89.97
2025-10-06 07:15:00+02:00,117.6356869935475,105.32
2025-10-06 07:30:00+02:00,117.87714186255472,108.93
2025-10-06 07:45:00+02:00,117.67844395705696,115.99
2025-10-06 08:00:00+02:00,111.70794504333018,126.58
2025-10-06 08:15:00+02:00,114.26486910516483,127.91
2025-10-06 08:30:00+02:00,117.79369417849641,120.8
2025-10-06 08:45:00+02:00,108.95327200847618,111.78
2025-10-06 09:00:00+02:00,103.00856845692928,135.73
2025-10-06 09:15:00+02:00,105.61530797489353,121.42
2025-10-06 09:30:00+02:00,110.63636074889561,119.6
2025-10-06 09:45:00+02:00,101.92971702045847,107.72
2025-10-06 10:00:00+02:00,69.98576135777508,114.69
2025-10-06 10:15:00+02:00,72.68736548138007,104.8
2025-10-06 10:30:00+02:00,73.88974437897949,95.23
2025-10-06 10:45:00+02:00,77.59162755026283,87.39
2025-10-06 11:00:00+02:00,50.56466160725952,98.55
2025-10-06 11:15:00+02:00,51.95609370623266,92.75
2025-10-06 11:30:00+02:00,52.72152262972342,84.89
2025-10-06 11:45:00+02:00,53.3080187513037,81.02
2025-10-06 12:00:00+02:00,29.017503167091657,82.57
2025-10-06 12:15:00+02:00,29.56865522339911,86.67
2025-10-06 12:30:00+02:00,29.83834465341359,86.12
2025-10-06 12:45:00+02:00,30.139681781194586,93.94
2025-10-06 13:00:00+02:00,31.086031021506205,84.06
2025-10-06 13:15:00+02:00,31.355948006522073,88.05
2025-10-06 13:30:00+02:00,31.30379180841352,83.88
2025-10-06 13:45:00+02:00,30.912431831380292,82.4
2025-10-06 14:00:00+02:00,36.76128567834743,82.78
2025-10-06 14:15:00+02:00,36.01511199779595,89.59
2025-10-06 14:30:00+02:00,35.333888711523024,100.96
2025-10-06 14:45:00+02:00,33.748144386214584,95.98
2025-10-06 15:00:00+02:00,56.85938396944648,89.47
2025-10-06 15:15:00+02:00,55.77019658073053,92.03
2025-10-06 15:30:00+02:00,53.2272088512368,95.69
2025-10-06 15:45:00+02:00,50.45009502062439,101.0
2025-10-06 16:00:00+02:00,77.78244982659326,86.45
2025-10-06 16:15:00+02:00,81.65346916652508,97.87
2025-10-06 16:30:00+02:00,80.32793347805786,110.69
2025-10-06 16:45:00+02:00,79.84323423847172,124.08
2025-10-06 17:00:00+02:00,97.99399201123184,93.91
2025-10-06 17:15:00+02:00,116.13466994638776,112.95
2025-10-06 17:30:00+02:00,111.44287218800042,121.84
2025-10-06 17:45:00+02:00,108.59626294106519,152.46
2025-10-06 18:00:00+02:00,119.33600029331713,109.36
2025-10-06 18:15:00+02:00,118.12263425843126,118.41
2025-10-06 18:30:00+02:00,116.22712557872123,147.8
2025-10-06 18:45:00+02:00,115.27927009039546,190.78
2025-10-06 19:00:00+02:00,141.68659979704327,168.9
2025-10-06 19:15:00+02:00,142.30064684772603,175.37
2025-10-06 19:30:00+02:00,142.721147684883,169.0
2025-10-06 19:45:00+02:00,142.81011301559093,159.99
2025-10-06 20:00:00+02:00,143.67621820213475,156.93
2025-10-06 20:15:00+02:00,146.06943525135648,131.1
2025-10-06 20:30:00+02:00,148.97162705010783,125.87
2025-10-06 20:45:00+02:00,151.11934014134619,120.81
2025-10-06 21:00:00+02:00,116.49908643322506,128.0
2025-10-06 21:15:00+02:00,117.00971862518946,123.93
2025-10-06 21:30:00+02:00,118.57958549742376,115.65
2025-10-06 21:45:00+02:00,118.99276646413246,113.23
2025-10-06 22:00:00+02:00,97.43603110903811,135.26
2025-10-06 22:15:00+02:00,98.59636093531088,114.58
2025-10-06 22:30:00+02:00,99.18845006897865,115.2
2025-10-06 22:45:00+02:00,99.9617192244761,109.62
2025-10-06 23:00:00+02:00,87.9598478754704,112.33
2025-10-06 23:15:00+02:00,88.98168795342832,105.04
2025-10-06 23:30:00+02:00,89.60027871254562,103.67
2025-10-06 23:45:00+02:00,90.78449134521837,100.96
2025-10-07 00:00:00+02:00,104.5810011773654,105.51
2025-10-07 00:15:00+02:00,100.92736924689564,102.6
2025-10-07 00:30:00+02:00,99.75005583463155,99.05
2025-10-07 00:45:00+02:00,98.75698901484499,93.89
2025-10-07 01:00:00+02:00,94.98924787320234,100.0
2025-10-07 01:15:00+02:00,95.07563295943999,94.82
2025-10-07 01:30:00+02:00,93.55123137003159,92.68
2025-10-07 01:45:00+02:00,93.47252113786605,88.45
2025-10-07 02:00:00+02:00,91.56503292828026,91.23
2025-10-07 02:15:00+02:00,89.64264458421994,89.36
2025-10-07 02:30:00+02:00,89.90674083347335,89.45
2025-10-07 02:45:00+02:00,90.04733787853183,89.23
2025-10-07 03:00:00+02:00,88.34402254030995,88.66
2025-10-07 03:15:00+02:00,86.17677071138198,88.59
2025-10-07 03:30:00+02:00,86.40790157169454,89.47
2025-10-07 03:45:00+02:00,85.74072005348225,91.48
2025-10-07 04:00:00+02:00,86.81865001156332,86.92
2025-10-07 04:15:00+02:00,86.90396642827379,88.8
2025-10-07 04:30:00+02:00,88.05295539851711,95.03
2025-10-07 04:45:00+02:00,88.43531039333726,101.15
2025-10-07 05:00:00+02:00,104.25824138854001,86.94
2025-10-07 05:15:00+02:00,103.49360210703027,93.11
2025-10-07 05:30:00+02:00,98.43216856274742,99.05
2025-10-07 05:45:00+02:00,99.47147421538992,107.86
2025-10-07 06:00:00+02:00,124.87383680439463,106.77
2025-10-07 06:15:00+02:00,125.37463593395105,125.07
2025-10-07 06:30:00+02:00,129.46198180091977,141.18
2025-10-07 06:45:00+02:00,128.20695924313767,166.52
2025-10-07 07:00:00+02:00,268.21441230156154,148.03
2025-10-07 07:15:00+02:00,305.27821603683606,207.93
2025-10-07 07:30:00+02:00,276.35217713041254,270.09
2025-10-07 07:45:00+02:00,272.2566346058222,288.17
2025-10-07 08:00:00+02:00,299.92267782259205,307.91
2025-10-07 08:15:00+02:00,282.74794770333745,300.04
2025-10-07 08:30:00+02:00,243.38797622231726,288.15
2025-10-07 08:45:00+02:00,155.2923403402325,254.58
2025-10-07 09:00:00+02:00,287.1066252992356,293.61
2025-10-07 09:15:00+02:00,301.86606235233285,249.64
2025-10-07 09:30:00+02:00,217.2843650646533,167.9
2025-10-07 09:45:00+02:00,154.43348463111852,137.58
2025-10-07 10:00:00+02:00,178.08252481359523,197.38
2025-10-07 10:15:00+02:00,194.95468489379255,164.08
2025-10-07 10:30:00+02:00,174.65611541731465,138.01
2025-10-07 10:45:00+02:00,182.6449289689785,119.17
2025-10-07 11:00:00+02:00,180.57921064125682,153.65
2025-10-07 11:15:00+02:00,176.6380210576863,135.82
2025-10-07 11:30:00+02:00,171.50324286695,118.81
2025-10-07 11:45:00+02:00,172.07155879856188,111.35
2025-10-07 12:00:00+02:00,214.41391329753156,123.01
2025-10-07 12:15:00+02:00,209.37189090327269,109.38
2025-10-07 12:30:00+02:00,210.94184621297575,105.91
2025-10-07 12:45:00+02:00,210.15478334810302,105.46
2025-10-07 13:00:00+02:00,251.60096877542384,112.23
2025-10-07 13:15:00+02:00,254.02982070077107,105.73
2025-10-07 13:30:00+02:00,254.43915704238688,104.76
2025-10-07 13:45:00+02:00,253.18536655044522,102.01
2025-10-07 14:00:00+02:00,235.73069786042439,103.08
2025-10-07 14:15:00+02:00,239.23344170004492,104.76
2025-10-07 14:30:00+02:00,237.48449060866722,105.91
2025-10-07 14:45:00+02:00,228.95196561339088,107.66
2025-10-07 15:00:00+02:00,190.1125852009495,101.2
2025-10-07 15:15:00+02:00,186.3589052735853,105.68
2025-10-07 15:30:00+02:00,196.17908738397705,116.17
2025-10-07 15:45:00+02:00,208.67977387278515,129.59
2025-10-07 16:00:00+02:00,161.5149546807003,103.91
2025-10-07 16:15:00+02:00,168.2737702504732,110.59
2025-10-07 16:30:00+02:00,147.49019275016968,127.15
2025-10-07 16:45:00+02:00,152.88025395412444,146.77
2025-10-07 17:00:00+02:00,110.33102332241424,115.04
2025-10-07 17:15:00+02:00,158.46682157884078,128.99
2025-10-07 17:30:00+02:00,199.17381550911347,155.82
2025-10-07 17:45:00+02:00,206.6224653371895,207.51
2025-10-07 18:00:00+02:00,166.37159725631358,147.29
2025-10-07 18:15:00+02:00,170.3372941121439,154.33
2025-10-07 18:30:00+02:00,181.15269918925375,220.61
2025-10-07 18:45:00+02:00,179.46868692243663,287.44
2025-10-07 19:00:00+02:00,236.6923189809582,253.39
2025-10-07 19:15:00+02:00,228.049428939422,221.51
2025-10-07 19:30:00+02:00,211.92605022228116,197.41
2025-10-07 19:45:00+02:00,193.5841746630005,180.81
2025-10-07 20:00:00+02:00,153.99832416675085,178.46
2025-10-07 20:15:00+02:00,146.77437620459304,158.89
2025-10-07 20:30:00+02:00,142.30979963279194,131.01
2025-10-07 20:45:00+02:00,141.98233963764685,117.0
2025-10-07 21:00:00+02:00,117.98576638357325,147.22
2025-10-07 21:15:00+02:00,116.08854628550262,129.01
2025-10-07 21:30:00+02:00,115.45260949403179,112.79
2025-10-07 21:45:00+02:00,114.87156018684038,103.95
2025-10-07 22:00:00+02:00,109.8065387292272,116.35
2025-10-07 22:15:00+02:00,109.6503042320946,111.87
2025-10-07 22:30:00+02:00,108.14014031051062,106.1
2025-10-07 22:45:00+02:00,107.16964330692868,95.37
2025-10-07 23:00:00+02:00,98.6905160413372,107.82
2025-10-07 23:15:00+02:00,96.34140857376711,98.43
2025-10-07 23:30:00+02:00,95.36903642656264,93.57
2025-10-07 23:45:00+02:00,94.41968917910937,90.11
2025-10-08 00:00:00+02:00,103.12753490437221,101.74
2025-10-08 00:15:00+02:00,97.08747716263906,91.4
2025-10-08 00:30:00+02:00,94.29976487995438,91.47
2025-10-08 00:45:00+02:00,91.42455534457459,89.2
2025-10-08 01:00:00+02:00,94.75808685923782,91.85
2025-10-08 01:15:00+02:00,92.9233416006254,89.07
2025-10-08 01:30:00+02:00,90.29737250795077,87.33
2025-10-08 01:45:00+02:00,89.67824061449349,85.5
2025-10-08 02:00:00+02:00,92.67456789120486,89.21
2025-10-08 02:15:00+02:00,89.42576138141841,88.14
2025-10-08 02:30:00+02:00,89.87569511768528,86.99
2025-10-08 02:45:00+02:00,89.32847210017428,85.9
2025-10-08 03:00:00+02:00,85.869350978138,86.97
2025-10-08 03:15:00+02:00,88.05406481185732,86.91
2025-10-08 03:30:00+02:00,88.81063248612456,86.98
2025-10-08 03:45:00+02:00,87.65303400267882,87.04
2025-10-08 04:00:00+02:00,85.36852675441864,85.66
2025-10-08 04:15:00+02:00,86.01240290680612,87.74
2025-10-08 04:30:00+02:00,87.12816104730057,91.18
2025-10-08 04:45:00+02:00,87.77407731489623,94.11
2025-10-08 05:00:00+02:00,95.14255276174724,86.98
2025-10-08 05:15:00+02:00,95.59494890819319,93.28
2025-10-08 05:30:00+02:00,97.06532046011722,99.91
2025-10-08 05:45:00+02:00,100.01166008341926,109.41
2025-10-08 06:00:00+02:00,118.97228353732923,92.99
2025-10-08 06:15:00+02:00,124.48768353836466,113.91
2025-10-08 06:30:00+02:00,133.73272747484612,122.99
2025-10-08 06:45:00+02:00,131.85065098881753,138.54
2025-10-08 07:00:00+02:00,160.89924486541256,130.47
2025-10-08 07:15:00+02:00,165.51146997147734,151.59
2025-10-08 07:30:00+02:00,163.69737511795742,168.9
2025-10-08 07:45:00+02:00,167.19426568682889,171.36
2025-10-08 08:00:00+02:00,308.5255008497066,203.62
2025-10-08 08:15:00+02:00,261.4580884002552,175.34
2025-10-08 08:30:00+02:00,203.71018942137863,151.24
2025-10-08 08:45:00+02:00,140.82590236096422,135.38
2025-10-08 09:00:00+02:00,188.5205340362906,174.2
2025-10-08 09:15:00+02:00,170.14120488409068,140.92
2025-10-08 09:30:00+02:00,122.74350023636956,119.67
2025-10-08 09:45:00+02:00,104.75072095830998,105.91
2025-10-08 10:00:00+02:00,117.7589063381356,142.74
2025-10-08 10:15:00+02:00,104.55503473212161,121.74
2025-10-08 10:30:00+02:00,94.68240971986569,107.37
2025-10-08 10:45:00+02:00,92.04166385407969,101.93
2025-10-08 11:00:00+02:00,115.44792426526251,123.01
2025-10-08 11:15:00+02:00,114.23726765404741,104.46
2025-10-08 11:30:00+02:00,110.9898160190554,97.58
2025-10-08 11:45:00+02:00,105.03970257590811,88.25
2025-10-08 12:00:00+02:00,174.4849657104745,94.88
2025-10-08 12:15:00+02:00,182.3842714681935,91.03
2025-10-08 12:30:00+02:00,182.441759763797,88.78
2025-10-08 12:45:00+02:00,188.1240931063675,88.6
2025-10-08 13:00:00+02:00,227.1228836274372,90.79
2025-10-08 13:15:00+02:00,229.1706877638238,90.1
2025-10-08 13:30:00+02:00,228.29434421542507,89.17
2025-10-08 13:45:00+02:00,244.43079549019154,87.28
2025-10-08 14:00:00+02:00,170.8761434310842,85.44
2025-10-08 14:15:00+02:00,174.8651926251219,87.72
2025-10-08 14:30:00+02:00,181.53110365583697,90.0
2025-10-08 14:45:00+02:00,192.1297761328389,98.61
2025-10-08 15:00:00+02:00,117.60276326093316,89.1
2025-10-08 15:15:00+02:00,122.64242591561846,93.72
2025-10-08 15:30:00+02:00,132.45612954626745,101.34
2025-10-08 15:45:00+02:00,143.48073884202955,113.55
2025-10-08 16:00:00+02:00,89.25512873753433,93.15
2025-10-08 16:15:00+02:00,119.11498383691954,102.2
2025-10-08 16:30:00+02:00,122.06209465419721,127.44
2025-10-08 16:45:00+02:00,134.65616131059335,147.07
2025-10-08 17:00:00+02:00,102.52756590469977,102.83
2025-10-08 17:15:00+02:00,132.47655762996732,123.24
2025-10-08 17:30:00+02:00,153.32166127038192,155.33
2025-10-08 17:45:00+02:00,153.88519687306086,216.52
2025-10-08 18:00:00+02:00,180.64409194401628,135.54
2025-10-08 18:15:00+02:00,196.43258164693685,147.6
2025-10-08 18:30:00+02:00,219.15195862903164,204.53
2025-10-08 18:45:00+02:00,251.03953529621202,247.56
2025-10-08 19:00:00+02:00,245.0377266011003,235.93
2025-10-08 19:15:00+02:00,235.2991626145226,204.62
2025-10-08 19:30:00+02:00,211.44733798434157,180.46
2025-10-08 19:45:00+02:00,187.30081251785367,175.0
2025-10-08 20:00:00+02:00,143.8319860212468,170.48
2025-10-08 20:15:00+02:00,134.6773103070273,149.96
2025-10-08 20:30:00+02:00,128.90276627591612,128.09
2025-10-08 20:45:00+02:00,121.60702701149967,118.25
2025-10-08 21:00:00+02:00,110.93105698991273,128.88
2025-10-08 21:15:00+02:00,108.74588730158268,117.94
2025-10-08 21:30:00+02:00,103.94202909107695,109.29
2025-10-08 21:45:00+02:00,105.23733747132097,102.85
2025-10-08 22:00:00+02:00,105.04776948743435,114.61
2025-10-08 22:15:00+02:00,103.9771654795536,113.93
2025-10-08 22:30:00+02:00,100.57162536864838,106.49
2025-10-08 22:45:00+02:00,98.24684533885795,97.93
2025-10-08 23:00:00+02:00,98.1817567527622,106.06
2025-10-08 23:15:00+02:00,92.99087163087098,99.79
2025-10-08 23:30:00+02:00,88.24925552945886,95.48
2025-10-08 23:45:00+02:00,85.51786683750116,90.0
2025-10-09 00:00:00+02:00,100.07663791882213,109.22
2025-10-09 00:15:00+02:00,96.90574430928154,100.01
2025-10-09 00:30:00+02:00,91.99004264876535,90.88
2025-10-09 00:45:00+02:00,88.93112479985606,88.75
2025-10-09 01:00:00+02:00,95.95901589010506,91.7
2025-10-09 01:15:00+02:00,92.40660053817336,93.33
2025-10-09 01:30:00+02:00,88.76405165822821,92.32
2025-10-09 01:45:00+02:00,86.72081824850034,92.98
2025-10-09 02:00:00+02:00,90.62894551013044,96.05
2025-10-09 02:15:00+02:00,86.35606365363418,92.32
2025-10-09 02:30:00+02:00,86.92400547201886,92.28
2025-10-09 02:45:00+02:00,86.88331061735929,92.4
2025-10-09 03:00:00+02:00,83.90257141717375,93.36
2025-10-09 03:15:00+02:00,86.81555657129648,89.9
2025-10-09 03:30:00+02:00,87.62994630341971,89.97
2025-10-09 03:45:00+02:00,86.85117737457696,90.04
2025-10-09 04:00:00+02:00,83.05430338492826,86.94
2025-10-09 04:15:00+02:00,83.93417842624137,89.03
2025-10-09 04:30:00+02:00,86.18019293935814,92.49
2025-10-09 04:45:00+02:00,87.72967314194759,102.34
2025-10-09 05:00:00+02:00,90.4493787360135,87.41
2025-10-09 05:15:00+02:00,91.88712373703504,91.81
2025-10-09 05:30:00+02:00,93.82089766130849,104.3
2025-10-09 05:45:00+02:00,97.96188826940167,121.09
2025-10-09 06:00:00+02:00,113.70199288642081,102.35
2025-10-09 06:15:00+02:00,116.87005507966242,121.42
2025-10-09 06:30:00+02:00,124.00680360635354,132.35
2025-10-09 06:45:00+02:00,126.06955846278098,146.2
2025-10-09 07:00:00+02:00,141.4891463831869,125.35
2025-10-09 07:15:00+02:00,167.0753983109504,146.35
2025-10-09 07:30:00+02:00,165.97808305958208,156.11
2025-10-09 07:45:00+02:00,169.8877962040553,152.19
2025-10-09 08:00:00+02:00,199.24239516916873,172.25
2025-10-09 08:15:00+02:00,168.07444494901338,152.98
2025-10-09 08:30:00+02:00,143.39854984182796,143.8
2025-10-09 08:45:00+02:00,120.5336756846325,130.57
2025-10-09 09:00:00+02:00,174.77713474973686,166.46
2025-10-09 09:15:00+02:00,151.04260827879096,134.41
2025-10-09 09:30:00+02:00,110.74526397924433,122.99
2025-10-09 09:45:00+02:00,96.51266759104053,106.09
2025-10-09 10:00:00+02:00,110.82294157874063,131.55
2025-10-09 10:15:00+02:00,101.11900089004543,113.86
2025-10-09 10:30:00+02:00,92.21093933422682,102.3
2025-10-09 10:45:00+02:00,85.08146803596576,91.04
2025-10-09 11:00:00+02:00,102.24126492034324,106.52
2025-10-09 11:15:00+02:00,97.43710557840367,102.13
2025-10-09 11:30:00+02:00,92.75815774416942,91.64
2025-10-09 11:45:00+02:00,88.14451802555186,87.56
2025-10-09 12:00:00+02:00,144.18914116908252,100.33
2025-10-09 12:15:00+02:00,131.4281474716634,92.2
2025-10-09 12:30:00+02:00,131.18521878675185,87.93
2025-10-09 12:45:00+02:00,126.17556437104435,83.63
2025-10-09 13:00:00+02:00,169.70211184947698,89.01
2025-10-09 13:15:00+02:00,151.91707010776335,88.22
2025-10-09 13:30:00+02:00,160.2486907491766,84.65
2025-10-09 13:45:00+02:00,150.7260460313307,71.53
2025-10-09 14:00:00+02:00,110.6781982396557,77.77
2025-10-09 14:15:00+02:00,122.66779486943571,83.77
2025-10-09 14:30:00+02:00,127.41358787498655,84.15
2025-10-09 14:45:00+02:00,132.08283757337287,87.11
2025-10-09 15:00:00+02:00,78.00748750023192,79.61
2025-10-09 15:15:00+02:00,82.37603196476887,84.13
2025-10-09 15:30:00+02:00,91.27835547800959,89.22
2025-10-09 15:45:00+02:00,98.19037335003337,102.35
2025-10-09 16:00:00+02:00,83.47344210597706,87.51
2025-10-09 16:15:00+02:00,89.49873016842352,88.37
2025-10-09 16:30:00+02:00,100.15565201135195,92.11
2025-10-09 16:45:00+02:00,112.67512288789803,100.31
2025-10-09 17:00:00+02:00,85.33190371598269,87.53
2025-10-09 17:15:00+02:00,100.92250632265713,110.57
2025-10-09 17:30:00+02:00,125.40783829677063,112.0
2025-10-09 17:45:00+02:00,140.17629095269913,129.94
2025-10-09 18:00:00+02:00,133.73816872978097,115.48
2025-10-09 18:15:00+02:00,139.18490062619662,124.26
2025-10-09 18:30:00+02:00,154.2414952366666,126.56
2025-10-09 18:45:00+02:00,174.9713400616193,125.33
2025-10-09 19:00:00+02:00,159.5975227321121,125.71
2025-10-09 19:15:00+02:00,154.35208504958285,126.43
2025-10-09 19:30:00+02:00,142.90211360156118,122.58
2025-10-09 19:45:00+02:00,133.0951627968377,117.73
2025-10-09 20:00:00+02:00,112.49081500254408,119.72
2025-10-09 20:15:00+02:00,102.29096983221908,114.76
2025-10-09 20:30:00+02:00,90.51127403839325,110.14
2025-10-09 20:45:00+02:00,76.34712885458828,104.83
2025-10-09 21:00:00+02:00,92.1066189502124,107.15
2025-10-09 21:15:00+02:00,84.0039015629319,101.69
2025-10-09 21:30:00+02:00,70.09273792707553,96.39
2025-10-09 21:45:00+02:00,69.6658178962079,87.14
2025-10-09 22:00:00+02:00,93.87998420275049,113.22
2025-10-09 22:15:00+02:00,91.42196788576638,95.43
2025-10-09 22:30:00+02:00,85.17103447466829,90.93
2025-10-09 22:45:00+02:00,72.94165796700861,87.75
2025-10-09 23:00:00+02:00,86.05531183838973,98.98
2025-10-09 23:15:00+02:00,80.52599873167969,90.55
2025-10-09 23:30:00+02:00,73.46744533241598,87.65
2025-10-09 23:45:00+02:00,67.25928836430109,77.62
2025-10-10 00:00:00+02:00,91.95491193519393,95.72
2025-10-10 00:15:00+02:00,82.98435502622108,89.14
2025-10-10 00:30:00+02:00,73.84590184571852,86.45
2025-10-10 00:45:00+02:00,71.80163750517862,80.73
2025-10-10 01:00:00+02:00,79.40698271986388,90.84
2025-10-10 01:15:00+02:00,76.66351734299431,84.36
2025-10-10 01:30:00+02:00,71.80369656706644,83.5
2025-10-10 01:45:00+02:00,71.9558233475593,81.17
2025-10-10 02:00:00+02:00,75.25784751604152,83.19
2025-10-10 02:15:00+02:00,73.728001356441,79.99
2025-10-10 02:30:00+02:00,71.72029693691002,78.91
2025-10-10 02:45:00+02:00,69.42995413520734,78.26
2025-10-10 03:00:00+02:00,70.97045953246439,79.77
2025-10-10 03:15:00+02:00,74.05016197790134,78.7
2025-10-10 03:30:00+02:00,74.88918348224387,77.4
2025-10-10 03:45:00+02:00,73.0982440517739,77.27
2025-10-10 04:00:00+02:00,71.60285292232979,78.77
2025-10-10 04:15:00+02:00,73.75882761590874,80.06
2025-10-10 04:30:00+02:00,76.61577133883934,76.81
2025-10-10 04:45:00+02:00,77.55703184703705,81.2
2025-10-10 05:00:00+02:00,78.83835959331945,76.82
2025-10-10 05:15:00+02:00,80.27946766751006,81.28
2025-10-10 05:30:00+02:00,83.39086447614906,84.79
2025-10-10 05:45:00+02:00,87.16941862385465,101.4
2025-10-10 06:00:00+02:00,102.40282441257342,83.53
2025-10-10 06:15:00+02:00,108.49009699237536,105.2
2025-10-10 06:30:00+02:00,114.52305055274223,99.33
2025-10-10 06:45:00+02:00,115.45183895974927,122.49
2025-10-10 07:00:00+02:00,133.64988454927075,102.12
2025-10-10 07:15:00+02:00,140.31859060225287,113.67
2025-10-10 07:30:00+02:00,148.91961307665545,125.29
2025-10-10 07:45:00+02:00,154.17219470734565,136.22
2025-10-10 08:00:00+02:00,174.3644441810881,151.65
2025-10-10 08:15:00+02:00,152.0074275375755,133.39
2025-10-10 08:30:00+02:00,138.7310999382273,109.4
2025-10-10 08:45:00+02:00,124.05697275422854,96.01
2025-10-10 09:00:00+02:00,199.8464555961308,143.83
2025-10-10 09:15:00+02:00,158.3043695611482,112.07
2025-10-10 09:30:00+02:00,132.27143907773552,96.73
2025-10-10 09:45:00+02:00,113.41820338574055,78.43
2025-10-10 10:00:00+02:00,135.69840519111307,123.0
2025-10-10 10:15:00+02:00,132.98119665161647,93.17
2025-10-10 10:30:00+02:00,115.99479375775417,84.55
2025-10-10 10:45:00+02:00,113.95412840191484,71.31
2025-10-10 11:00:00+02:00,123.93050727079665,96.26
2025-10-10 11:15:00+02:00,112.75653019660191,79.29
2025-10-10 11:30:00+02:00,116.35049621370518,79.04
2025-10-10 11:45:00+02:00,107.99389160740137,73.88
2025-10-10 12:00:00+02:00,95.75705172643933,87.88
2025-10-10 12:15:00+02:00,92.60427017936149,79.84
2025-10-10 12:30:00+02:00,90.43330078482302,74.67
2025-10-10 12:45:00+02:00,89.48722007268373,67.74
2025-10-10 13:00:00+02:00,71.73095751269042,76.07
2025-10-10 13:15:00+02:00,71.38510392588768,78.85
2025-10-10 13:30:00+02:00,71.33660702089179,77.26
2025-10-10 13:45:00+02:00,70.55750661669141,70.58
2025-10-10 14:00:00+02:00,67.3044818103962,59.95
2025-10-10 14:15:00+02:00,70.89073699071479,77.39
2025-10-10 14:30:00+02:00,73.1634248814596,80.07
2025-10-10 14:45:00+02:00,77.18020352081554,91.62
2025-10-10 15:00:00+02:00,78.34504304259735,76.48
2025-10-10 15:15:00+02:00,82.56070304224632,85.09
2025-10-10 15:30:00+02:00,87.40273258000151,91.56
2025-10-10 15:45:00+02:00,95.37687385658873,102.45
2025-10-10 16:00:00+02:00,72.90139580068843,77.06
2025-10-10 16:15:00+02:00,92.35175496915829,91.53
2025-10-10 16:30:00+02:00,103.59742143105069,99.84
2025-10-10 16:45:00+02:00,114.29843913017703,123.0
2025-10-10 17:00:00+02:00,94.22829538672578,97.74
2025-10-10 17:15:00+02:00,111.88173641137146,111.9
2025-10-10 17:30:00+02:00,121.94694153506401,123.39
2025-10-10 17:45:00+02:00,138.10954129033578,139.77
2025-10-10 18:00:00+02:00,129.4066302936108,107.18
2025-10-10 18:15:00+02:00,132.74584396700808,117.5
2025-10-10 18:30:00+02:00,149.44217180606995,121.42
2025-10-10 18:45:00+02:00,172.02571096536838,136.32
2025-10-10 19:00:00+02:00,168.5191956987387,124.81
2025-10-10 19:15:00+02:00,158.96143028350988,123.84
2025-10-10 19:30:00+02:00,146.92965603899884,123.87
2025-10-10 19:45:00+02:00,149.370335030546,120.64
2025-10-10 20:00:00+02:00,132.41866902782064,131.89
2025-10-10 20:15:00+02:00,123.48007424777212,119.32
2025-10-10 20:30:00+02:00,117.82649796208675,110.0
2025-10-10 20:45:00+02:00,110.92908568330887,100.35
2025-10-10 21:00:00+02:00,118.90590238994285,115.53
2025-10-10 21:15:00+02:00,108.12218435322495,110.95
2025-10-10 21:30:00+02:00,101.61826593749666,101.04
2025-10-10 21:45:00+02:00,95.97469225192162,88.14
2025-10-10 22:00:00+02:00,104.34330096209831,104.53
2025-10-10 22:15:00+02:00,102.7004697356984,102.46
2025-10-10 22:30:00+02:00,97.80734869910235,97.94
2025-10-10 22:45:00+02:00,90.36007694373313,86.02
2025-10-10 23:00:00+02:00,95.34667827493686,94.58
2025-10-10 23:15:00+02:00,90.33792026828047,92.97
2025-10-10 23:30:00+02:00,86.09886448460797,96.62
2025-10-10 23:45:00+02:00,83.74722363549755,89.23
2025-10-11 00:00:00+02:00,91.23068607975432,102.78
2025-10-11 00:15:00+02:00,89.64649211135989,97.66
2025-10-11 00:30:00+02:00,87.85414374375189,88.08
2025-10-11 00:45:00+02:00,86.27966013538659,83.35
2025-10-11 01:00:00+02:00,87.84841771726488,91.25
2025-10-11 01:15:00+02:00,88.09142471214716,89.52
2025-10-11 01:30:00+02:00,85.44831214338558,87.4
2025-10-11 01:45:00+02:00,83.1893364213162,87.17
2025-10-11 02:00:00+02:00,82.66518803930728,87.53
2025-10-11 02:15:00+02:00,83.7245489745582,88.63
2025-10-11 02:30:00+02:00,83.950358589778,87.21
2025-10-11 02:45:00+02:00,83.98024976692403,86.18
2025-10-11 03:00:00+02:00,82.91940659810959,86.26
2025-10-11 03:15:00+02:00,82.08497756548802,84.5
2025-10-11 03:30:00+02:00,81.78817509300058,83.63
2025-10-11 03:45:00+02:00,82.89537254055341,82.31
2025-10-11 04:00:00+02:00,80.14207712346835,82.86
2025-10-11 04:15:00+02:00,81.76721886133731,82.63
2025-10-11 04:30:00+02:00,82.13547230089802,80.79
2025-10-11 04:45:00+02:00,82.19300181106921,81.83
2025-10-11 05:00:00+02:00,80.34901420936072,82.21
2025-10-11 05:15:00+02:00,80.51850486111093,84.55
2025-10-11 05:30:00+02:00,83.32308140870352,85.13
2025-10-11 05:45:00+02:00,83.69920216300622,87.13
2025-10-11 06:00:00+02:00,85.56599563477783,87.87
2025-10-11 06:15:00+02:00,92.55344474316193,88.97
2025-10-11 06:30:00+02:00,99.07090289860456,91.2
2025-10-11 06:45:00+02:00,102.78704117389302,93.02
2025-10-11 07:00:00+02:00,102.40310202461117,96.71
2025-10-11 07:15:00+02:00,111.74962585666523,95.06
2025-10-11 07:30:00+02:00,115.66682224428618,97.62
2025-10-11 07:45:00+02:00,112.59248632554355,97.62
2025-10-11 08:00:00+02:00,121.31280925094416,103.96
2025-10-11 08:15:00+02:00,117.23452558331006,103.22
2025-10-11 08:30:00+02:00,112.00334501548771,101.37
2025-10-11 08:45:00+02:00,100.4988131472412,93.05
2025-10-11 09:00:00+02:00,106.28381212386657,108.11
2025-10-11 09:15:00+02:00,114.15572295631593,100.02
2025-10-11 09:30:00+02:00,99.89407723176514,89.11
2025-10-11 09:45:00+02:00,86.08404849799797,74.6
2025-10-11 10:00:00+02:00,87.93588515342853,97.36
2025-10-11 10:15:00+02:00,84.38315125334924,85.84
2025-10-11 10:30:00+02:00,83.36078048527105,73.26
2025-10-11 10:45:00+02:00,85.03278657807172,73.27
2025-10-11 11:00:00+02:00,73.67155696027484,87.29
2025-10-11 11:15:00+02:00,74.75471675100991,76.86
2025-10-11 11:30:00+02:00,71.10291512192806,71.39
2025-10-11 11:45:00+02:00,69.08689572520109,60.54
2025-10-11 12:00:00+02:00,59.142249893685914,63.44
2025-10-11 12:15:00+02:00,58.8126669949011,60.1
2025-10-11 12:30:00+02:00,56.43040618089433,51.21
2025-10-11 12:45:00+02:00,53.94389492731585,46.92
2025-10-11 13:00:00+02:00,40.356821978519534,51.67
2025-10-11 13:15:00+02:00,39.21706038204182,47.13
2025-10-11 13:30:00+02:00,39.05809038966267,43.17
2025-10-11 13:45:00+02:00,38.79160676576744,45.12
2025-10-11 14:00:00+02:00,40.39236377118006,41.76
2025-10-11 14:15:00+02:00,45.90010002957273,48.54
2025-10-11 14:30:00+02:00,47.19344122932938,52.74
2025-10-11 14:45:00+02:00,49.308378270930135,61.08
2025-10-11 15:00:00+02:00,64.79233581785805,54.55
2025-10-11 15:15:00+02:00,67.54547013671802,75.1
2025-10-11 15:30:00+02:00,73.80137513076133,89.6
2025-10-11 15:45:00+02:00,78.90853599295275,88.52
2025-10-11 16:00:00+02:00,74.93881002318274,62.84
2025-10-11 16:15:00+02:00,80.24121706793979,76.17
2025-10-11 16:30:00+02:00,89.07154603402645,89.61
2025-10-11 16:45:00+02:00,82.0038193711751,105.98
2025-10-11 17:00:00+02:00,90.80125122229565,83.89
2025-10-11 17:15:00+02:00,96.82011707400233,99.22
2025-10-11 17:30:00+02:00,108.5080162430061,126.09
2025-10-11 17:45:00+02:00,125.90766018686199,146.82
2025-10-11 18:00:00+02:00,119.49712415162604,110.81
2025-10-11 18:15:00+02:00,120.28352328972782,122.14
2025-10-11 18:30:00+02:00,126.6482764226092,129.9
2025-10-11 18:45:00+02:00,130.25190014132426,142.9
2025-10-11 19:00:00+02:00,143.52516983675415,130.59
2025-10-11 19:15:00+02:00,144.508155839502,139.21
2025-10-11 19:30:00+02:00,142.69877291192256,130.31
2025-10-11 19:45:00+02:00,128.9980610738541,120.58
2025-10-11 20:00:00+02:00,126.63049547095648,145.64
2025-10-11 20:15:00+02:00,117.76664529599643,128.34
2025-10-11 20:30:00+02:00,116.64255069848625,108.5
2025-10-11 20:45:00+02:00,112.28301227196593,100.06
2025-10-11 21:00:00+02:00,125.94653916575061,125.8
2025-10-11 21:15:00+02:00,120.13900228723611,114.05
2025-10-11 21:30:00+02:00,114.70607066633109,113.69
2025-10-11 21:45:00+02:00,112.33089158777965,96.64
2025-10-11 22:00:00+02:00,113.60215154091986,122.5
2025-10-11 22:15:00+02:00,110.39316713317614,110.4
2025-10-11 22:30:00+02:00,106.77092266093193,101.57
2025-10-11 22:45:00+02:00,101.7429057518204,93.16
2025-10-11 23:00:00+02:00,104.67192220594097,104.7
2025-10-11 23:15:00+02:00,101.19961539522781,95.41
2025-10-11 23:30:00+02:00,97.66735608345805,93.18
2025-10-11 23:45:00+02:00,94.77285332337095,87.1
2025-10-12 00:00:00+02:00,99.55065941024024,108.73
2025-10-12 00:15:00+02:00,92.96245873333478,105.82
2025-10-12 00:30:00+02:00,91.21030619857747,87.8
2025-10-12 00:45:00+02:00,88.48811716005702,82.36
2025-10-12 01:00:00+02:00,90.71880378621847,101.1
2025-10-12 01:15:00+02:00,88.10631271928065,96.85
2025-10-12 01:30:00+02:00,86.34363921588753,86.2
2025-10-12 01:45:00+02:00,84.44127254851004,84.52
2025-10-12 02:00:00+02:00,86.43307206685873,97.66
2025-10-12 02:15:00+02:00,84.93277368094452,87.85
2025-10-12 02:30:00+02:00,84.81333266772857,84.71
2025-10-12 02:45:00+02:00,84.7047929449826,85.22
2025-10-12 03:00:00+02:00,84.16703786169869,90.23
2025-10-12 03:15:00+02:00,84.19532023336102,85.83
2025-10-12 03:30:00+02:00,84.21592390773493,84.8
2025-10-12 03:45:00+02:00,83.8881351390894,79.66
2025-10-12 04:00:00+02:00,82.93920859684727,79.4
2025-10-12 04:15:00+02:00,83.96324976673137,82.2
2025-10-12 04:30:00+02:00,84.73980731334876,92.22
2025-10-12 04:45:00+02:00,86.94192302692421,91.83
2025-10-12 05:00:00+02:00,83.19530796518134,83.25
2025-10-12 05:15:00+02:00,83.94033932276221,79.83
2025-10-12 05:30:00+02:00,86.34212062658376,92.66
2025-10-12 05:45:00+02:00,94.6886375156223,90.89
2025-10-12 06:00:00+02:00,85.85037630866286,85.56
2025-10-12 06:15:00+02:00,94.99341095986387,87.95
2025-10-12 06:30:00+02:00,103.27765479377891,90.49
2025-10-12 06:45:00+02:00,106.66247138345109,89.2
2025-10-12 07:00:00+02:00,95.71888316232189,97.64
2025-10-12 07:15:00+02:00,110.36011259865666,86.04
2025-10-12 07:30:00+02:00,111.91529408833617,86.65
2025-10-12 07:45:00+02:00,113.03172616229077,86.36
2025-10-12 08:00:00+02:00,124.56707579883738,102.86
2025-10-12 08:15:00+02:00,116.92601847024814,88.47
2025-10-12 08:30:00+02:00,109.43420581664478,86.44
2025-10-12 08:45:00+02:00,96.25155056200944,76.87
2025-10-12 09:00:00+02:00,109.64004709413929,99.35
2025-10-12 09:15:00+02:00,105.7563246292919,85.81
2025-10-12 09:30:00+02:00,97.72434019114758,71.58
2025-10-12 09:45:00+02:00,97.2398180164574,75.51
2025-10-12 10:00:00+02:00,102.47155605912451,86.74
2025-10-12 10:15:00+02:00,88.91899624521928,77.11
2025-10-12 10:30:00+02:00,80.88647509715624,70.73
2025-10-12 10:45:00+02:00,76.12048071534394,70.24
2025-10-12 11:00:00+02:00,86.03946900119914,75.45
2025-10-12 11:15:00+02:00,80.44282282680382,71.19
2025-10-12 11:30:00+02:00,77.23733331282824,71.27
2025-10-12 11:45:00+02:00,69.55400261374571,69.69
2025-10-12 12:00:00+02:00,66.91496897419273,68.94
2025-10-12 12:15:00+02:00,61.98889824848345,67.61
2025-10-12 12:30:00+02:00,64.23962990582305,66.6
2025-10-12 12:45:00+02:00,65.96665967778992,64.4
2025-10-12 13:00:00+02:00,43.44410815173322,55.84
2025-10-12 13:15:00+02:00,52.52399754676166,53.3
2025-10-12 13:30:00+02:00,44.13812122979577,50.65
2025-10-12 13:45:00+02:00,43.52783079200684,48.85
2025-10-12 14:00:00+02:00,46.02169401407498,53.6
2025-10-12 14:15:00+02:00,48.000400217215706,57.06
2025-10-12 14:30:00+02:00,51.72925991516601,65.74
2025-10-12 14:45:00+02:00,56.4239645803311,73.5
2025-10-12 15:00:00+02:00,78.9666096099778,70.21
2025-10-12 15:15:00+02:00,84.00299447491132,72.52
2025-10-12 15:30:00+02:00,95.2942275288186,84.93
2025-10-12 15:45:00+02:00,104.24998725460762,92.28
2025-10-12 16:00:00+02:00,82.86760183801105,72.76
2025-10-12 16:15:00+02:00,88.85737366564715,83.74
2025-10-12 16:30:00+02:00,99.9635299483372,92.94
2025-10-12 16:45:00+02:00,105.67137003715433,102.57
2025-10-12 17:00:00+02:00,112.28323024963187,86.89
2025-10-12 17:15:00+02:00,109.92047087775721,102.71
2025-10-12 17:30:00+02:00,117.80032966302542,113.23
2025-10-12 17:45:00+02:00,134.42779419871988,119.37
2025-10-12 18:00:00+02:00,127.01737461997247,96.75
2025-10-12 18:15:00+02:00,131.04841298475253,105.97
2025-10-12 18:30:00+02:00,141.94094350841928,112.01
2025-10-12 18:45:00+02:00,156.28293278111943,120.87
2025-10-12 19:00:00+02:00,154.5360436282581,114.63
2025-10-12 19:15:00+02:00,153.543833424086,115.39
2025-10-12 19:30:00+02:00,146.21063463736726,120.92
2025-10-12 19:45:00+02:00,138.49177666241704,115.62
2025-10-12 20:00:00+02:00,140.72780581356932,119.39
2025-10-12 20:15:00+02:00,129.45288865762785,118.91
2025-10-12 20:30:00+02:00,122.02029642468692,112.64
2025-10-12 20:45:00+02:00,115.09443396434202,111.17
2025-10-12 21:00:00+02:00,127.94985785618431,117.97
2025-10-12 21:15:00+02:00,123.71597653892802,114.92
2025-10-12 21:30:00+02:00,115.23162477505258,106.63
2025-10-12 21:45:00+02:00,112.64629943315809,102.27
2025-10-12 22:00:00+02:00,114.1304417405553,118.92
2025-10-12 22:15:00+02:00,111.69020991930765,111.38
2025-10-12 22:30:00+02:00,108.60684477011971,103.65
2025-10-12 22:45:00+02:00,103.83104433295354,97.21
2025-10-12 23:00:00+02:00,104.48763818662115,102.84
2025-10-12 23:15:00+02:00,100.85122070732392,93.59
2025-10-12 23:30:00+02:00,98.7943447909061,91.83
2025-10-12 23:45:00+02:00,93.47729246089347,85.52
2025-10-13 00:00:00+02:00,100.93011081296585,104.05
2025-10-13 00:15:00+02:00,93.35984882156816,93.08
2025-10-13 00:30:00+02:00,90.5424666819341,90.19
2025-10-13 00:45:00+02:00,87.15600438744563,86.49
2025-10-13 01:00:00+02:00,93.00752041241542,91.31
2025-10-13 01:15:00+02:00,89.4356232186278,87.58
2025-10-13 01:30:00+02:00,87.86997690435527,91.61
2025-10-13 01:45:00+02:00,86.00748316838775,90.54
2025-10-13 02:00:00+02:00,88.24357862078284,93.67
2025-10-13 02:15:00+02:00,85.87421305811102,91.92
2025-10-13 02:30:00+02:00,85.80242184139456,89.27
2025-10-13 02:45:00+02:00,85.76482205727794,88.47
2025-10-13 03:00:00+02:00,85.58846189779318,89.67
2025-10-13 03:15:00+02:00,85.5821993424777,89.0
2025-10-13 03:30:00+02:00,85.75299232014895,87.72
2025-10-13 03:45:00+02:00,85.64517330686546,90.1
2025-10-13 04:00:00+02:00,86.50890636393997,93.0
2025-10-13 04:15:00+02:00,87.61382206238714,88.57
2025-10-13 04:30:00+02:00,88.94234211407013,93.4
2025-10-13 04:45:00+02:00,91.91377551245071,98.84
2025-10-13 05:00:00+02:00,94.39519207835492,89.06
2025-10-13 05:15:00+02:00,96.37667948233687,93.71
2025-10-13 05:30:00+02:00,100.37445413655016,96.79
2025-10-13 05:45:00+02:00,105.34707972159887,112.82
2025-10-13 06:00:00+02:00,115.51166828711719,84.71
2025-10-13 06:15:00+02:00,119.76931775007799,114.21
2025-10-13 06:30:00+02:00,125.6711357238696,142.96
2025-10-13 06:45:00+02:00,134.47829012425908,183.76
2025-10-13 07:00:00+02:00,138.8524233098906,144.36
2025-10-13 07:15:00+02:00,138.74581379097125,213.9
2025-10-13 07:30:00+02:00,144.34859699726178,252.53
2025-10-13 07:45:00+02:00,145.58654552810745,263.76
2025-10-13 08:00:00+02:00,151.72751089639002,256.61
2025-10-13 08:15:00+02:00,154.71992487419112,228.95
2025-10-13 08:30:00+02:00,148.33013892303316,175.68
2025-10-13 08:45:00+02:00,132.87286663763544,136.99
2025-10-13 09:00:00+02:00,178.88315595409938,202.36
2025-10-13 09:15:00+02:00,149.78875647108526,153.44
2025-10-13 09:30:00+02:00,145.16445183731216,135.96
2025-10-13 09:45:00+02:00,131.35843412474804,108.98
2025-10-13 10:00:00+02:00,120.45001565593887,141.47
2025-10-13 10:15:00+02:00,114.49384069227924,132.41
2025-10-13 10:30:00+02:00,103.40786399234156,118.19
2025-10-13 10:45:00+02:00,102.06135734742732,108.32
2025-10-13 11:00:00+02:00,85.90857751948087,127.09
2025-10-13 11:15:00+02:00,90.94182698896816,111.15
2025-10-13 11:30:00+02:00,77.59157492014717,103.47
2025-10-13 11:45:00+02:00,70.88435268553334,98.29
2025-10-13 12:00:00+02:00,78.64364063026457,103.56
2025-10-13 12:15:00+02:00,73.79107596317233,95.83
2025-10-13 12:30:00+02:00,72.14813630337063,92.44
2025-10-13 12:45:00+02:00,67.78208424275533,88.57
2025-10-13 13:00:00+02:00,74.8879377456464,95.05
2025-10-13 13:15:00+02:00,76.00751727332981,92.2
2025-10-13 13:30:00+02:00,74.12555860740545,87.57
2025-10-13 13:45:00+02:00,68.66660471713045,84.61
2025-10-13 14:00:00+02:00,75.44754771146529,82.75
2025-10-13 14:15:00+02:00,79.39878297291982,87.75
2025-10-13 14:30:00+02:00,81.33192224719899,95.87
2025-10-13 14:45:00+02:00,83.51423737346788,102.02
2025-10-13 15:00:00+02:00,87.96184471980784,88.3
2025-10-13 15:15:00+02:00,93.10450119708969,95.13
2025-10-13 15:30:00+02:00,97.39796894848065,104.88
2025-10-13 15:45:00+02:00,103.48155359399968,119.06
2025-10-13 16:00:00+02:00,100.70163876986626,92.2
2025-10-13 16:15:00+02:00,107.89816172789094,107.46
2025-10-13 16:30:00+02:00,120.65212496731434,123.29
2025-10-13 16:45:00+02:00,130.6988844849787,148.66
2025-10-13 17:00:00+02:00,110.00145043728094,106.78
2025-10-13 17:15:00+02:00,123.33329918847659,130.89
2025-10-13 17:30:00+02:00,131.71035139327117,198.43
2025-10-13 17:45:00+02:00,154.6769808675607,286.3
2025-10-13 18:00:00+02:00,120.16579948670365,195.22
2025-10-13 18:15:00+02:00,125.67428091793516,260.78
2025-10-13 18:30:00+02:00,135.45101868828,361.99
2025-10-13 18:45:00+02:00,142.11661430461237,404.97
2025-10-13 19:00:00+02:00,141.4107345966276,396.92
2025-10-13 19:15:00+02:00,140.76206575678663,344.43
2025-10-13 19:30:00+02:00,131.47507550104257,270.65
2025-10-13 19:45:00+02:00,127.50536402305163,214.3
2025-10-13 20:00:00+02:00,127.17699592866211,273.43
2025-10-13 20:15:00+02:00,123.34246839403114,201.95
2025-10-13 20:30:00+02:00,117.28195764941242,143.39
2025-10-13 20:45:00+02:00,111.63697185309739,129.04
2025-10-13 21:00:00+02:00,123.09865383312336,176.2
2025-10-13 21:15:00+02:00,116.34695821859201,139.36
2025-10-13 21:30:00+02:00,114.25991919416526,118.96
2025-10-13 21:45:00+02:00,107.50404718874,114.18
2025-10-13 22:00:00+02:00,117.31831963607311,134.99
2025-10-13 22:15:00+02:00,113.57402519662817,128.17
2025-10-13 22:30:00+02:00,107.87055283553764,117.3
2025-10-13 22:45:00+02:00,104.69873270707397,107.49
2025-10-13 23:00:00+02:00,108.96465518800018,123.09
2025-10-13 23:15:00+02:00,105.12011128260852,109.69
2025-10-13 23:30:00+02:00,102.06223256485355,107.42
2025-10-13 23:45:00+02:00,97.32769955738922,104.9
2025-10-14 00:00:00+02:00,117.09510517278507,114.93
2025-10-14 00:15:00+02:00,107.9524656296035,116.53
2025-10-14 00:30:00+02:00,103.01394371848055,105.51
2025-10-14 00:45:00+02:00,100.96988619390498,99.76
2025-10-14 01:00:00+02:00,104.31999110789866,107.3
2025-10-14 01:15:00+02:00,100.99743635006246,104.71
2025-10-14 01:30:00+02:00,98.23439241351188,102.65
2025-10-14 01:45:00+02:00,96.71485042095416,97.4
2025-10-14 02:00:00+02:00,97.0872768462258,104.85
2025-10-14 02:15:00+02:00,92.69059765742489,100.36
2025-10-14 02:30:00+02:00,92.94425619405025,98.04
2025-10-14 02:45:00+02:00,92.97303797281438,94.83
2025-10-14 03:00:00+02:00,90.11362391131145,100.87
2025-10-14 03:15:00+02:00,91.15670442900903,99.09
2025-10-14 03:30:00+02:00,91.42223583587722,97.43
2025-10-14 03:45:00+02:00,91.88662631381165,98.08
2025-10-14 04:00:00+02:00,91.43356185348769,97.88
2025-10-14 04:15:00+02:00,92.2843229367147,99.2
2025-10-14 04:30:00+02:00,94.90641203477419,98.71
2025-10-14 04:45:00+02:00,97.62227861713689,104.4
2025-10-14 05:00:00+02:00,99.17641536340234,97.27
2025-10-14 05:15:00+02:00,101.27365987247165,102.82
2025-10-14 05:30:00+02:00,101.82900026120714,101.99
2025-10-14 05:45:00+02:00,113.62113013164725,103.71
2025-10-14 06:00:00+02:00,121.04183161097635,92.59
2025-10-14 06:15:00+02:00,129.75167770157412,121.87
2025-10-14 06:30:00+02:00,138.02853989836433,143.01
2025-10-14 06:45:00+02:00,153.9163416464641,135.7
2025-10-14 07:00:00+02:00,157.4619420639919,130.94
2025-10-14 07:15:00+02:00,178.53194089474778,143.01
2025-10-14 07:30:00+02:00,195.44290304283098,179.03
2025-10-14 07:45:00+02:00,184.5634152505881,187.8
2025-10-14 08:00:00+02:00,204.27842376178876,231.08
2025-10-14 08:15:00+02:00,171.7845482706934,224.0
2025-10-14 08:30:00+02:00,151.71332770484963,167.21
2025-10-14 08:45:00+02:00,134.4599569143568,140.99
2025-10-14 09:00:00+02:00,175.2150837579092,215.71
2025-10-14 09:15:00+02:00,139.69683216105108,153.83
2025-10-14 09:30:00+02:00,112.7247174398093,134.11
2025-10-14 09:45:00+02:00,94.6461542270486,122.13
2025-10-14 10:00:00+02:00,113.68264495143325,180.81
2025-10-14 10:15:00+02:00,111.02991274528445,132.93
2025-10-14 10:30:00+02:00,97.03014173490274,116.51
2025-10-14 10:45:00+02:00,93.04113896937096,108.65
2025-10-14 11:00:00+02:00,113.28900572728871,135.03
2025-10-14 11:15:00+02:00,101.13361997641698,120.93
2025-10-14 11:30:00+02:00,75.17609049439449,116.02
2025-10-14 11:45:00+02:00,69.56826938522232,107.4
2025-10-14 12:00:00+02:00,84.47257892614826,112.9
2025-10-14 12:15:00+02:00,77.58770641997552,111.69
2025-10-14 12:30:00+02:00,74.39953502546726,107.38
2025-10-14 12:45:00+02:00,69.84927950955556,98.62
2025-10-14 13:00:00+02:00,99.66682162970787,104.84
2025-10-14 13:15:00+02:00,96.83949863104574,102.49
2025-10-14 13:30:00+02:00,95.89088070644931,103.49
2025-10-14 13:45:00+02:00,92.85029496761769,101.17
2025-10-14 14:00:00+02:00,85.94709686060429,86.18
2025-10-14 14:15:00+02:00,93.72930808262677,100.81
2025-10-14 14:30:00+02:00,96.8876628313793,108.64
2025-10-14 14:45:00+02:00,102.9559651099909,125.43
2025-10-14 15:00:00+02:00,74.17816767204243,101.87
2025-10-14 15:15:00+02:00,78.8835128192645,112.9
2025-10-14 15:30:00+02:00,87.92525000694354,118.14
2025-10-14 15:45:00+02:00,97.59227872336902,156.19
2025-10-14 16:00:00+02:00,75.5493649376097,91.04
2025-10-14 16:15:00+02:00,83.68597128655165,116.09
2025-10-14 16:30:00+02:00,101.7608173707601,154.95
2025-10-14 16:45:00+02:00,119.18902175433628,224.32
2025-10-14 17:00:00+02:00,99.72731751211279,113.94
2025-10-14 17:15:00+02:00,100.00227636586443,145.1
2025-10-14 17:30:00+02:00,125.593420178661,238.96
2025-10-14 17:45:00+02:00,166.04730908078093,378.78
2025-10-14 18:00:00+02:00,137.122833758907,274.81
2025-10-14 18:15:00+02:00,143.3643996129024,361.84
2025-10-14 18:30:00+02:00,151.19368051706084,474.8
2025-10-14 18:45:00+02:00,164.62583321416855,508.38
2025-10-14 19:00:00+02:00,166.75483178560367,493.94
2025-10-14 19:15:00+02:00,157.81546029051222,448.63
2025-10-14 19:30:00+02:00,144.63462812793875,379.98
2025-10-14 19:45:00+02:00,135.7979517549073,306.27
2025-10-14 20:00:00+02:00,156.31986217618402,332.2
2025-10-14 20:15:00+02:00,142.18480769656873,242.83
2025-10-14 20:30:00+02:00,122.78403000532882,181.7
2025-10-14 20:45:00+02:00,114.08545073770836,145.19
2025-10-14 21:00:00+02:00,131.36618210935316,214.2
2025-10-14 21:15:00+02:00,120.26346178155407,165.07
2025-10-14 21:30:00+02:00,114.3836378834659,146.91
2025-10-14 21:45:00+02:00,107.36054976398353,125.98
2025-10-14 22:00:00+02:00,126.80118628933634,146.9
2025-10-14 22:15:00+02:00,117.33919811744727,132.57
2025-10-14 22:30:00+02:00,109.06485807984049,123.09
2025-10-14 22:45:00+02:00,100.92994814807132,116.87
2025-10-14 23:00:00+02:00,119.73243945904125,123.95
2025-10-14 23:15:00+02:00,106.49945275655615,118.01
2025-10-14 23:30:00+02:00,101.35519936870342,110.63
2025-10-14 23:45:00+02:00,96.79389259583868,108.85
2025-10-15 00:00:00+02:00,119.30466988583477,120.26
2025-10-15 00:15:00+02:00,109.17542754505948,116.09
2025-10-15 00:30:00+02:00,105.90959175388005,113.53
2025-10-15 00:45:00+02:00,104.03717138713347,111.97
2025-10-15 01:00:00+02:00,105.03694424425764,117.16
2025-10-15 01:15:00+02:00,103.04512365510475,112.45
2025-10-15 01:30:00+02:00,102.22510724408964,110.16
2025-10-15 01:45:00+02:00,101.35182364334928,107.69
2025-10-15 02:00:00+02:00,102.27386770413881,110.15
2025-10-15 02:15:00+02:00,98.71710362886537,108.38
2025-10-15 02:30:00+02:00,98.20441159057785,106.29
2025-10-15 02:45:00+02:00,96.40100031722902,105.9
2025-10-15 03:00:00+02:00,94.67071625411657,105.98
2025-10-15 03:15:00+02:00,95.52756878007015,104.94
2025-10-15 03:30:00+02:00,96.11405726348536,101.43
2025-10-15 03:45:00+02:00,95.05565643599019,102.12
2025-10-15 04:00:00+02:00,94.00406803190123,102.06
2025-10-15 04:15:00+02:00,95.25864367511434,104.76
2025-10-15 04:30:00+02:00,98.35228105655138,107.21
2025-10-15 04:45:00+02:00,103.09929697220188,111.89
2025-10-15 05:00:00+02:00,100.79518300221822,108.85
2025-10-15 05:15:00+02:00,99.35582874513085,112.74
2025-10-15 05:30:00+02:00,107.53495610070537,116.6
2025-10-15 05:45:00+02:00,120.65414974509231,119.4
2025-10-15 06:00:00+02:00,119.50499130861016,117.12
2025-10-15 06:15:00+02:00,131.79642952059686,131.33
2025-10-15 06:30:00+02:00,141.28494824922512,164.35
2025-10-15 06:45:00+02:00,163.41433143931832,195.04
2025-10-15 07:00:00+02:00,159.05723305393516,211.75
2025-10-15 07:15:00+02:00,185.36462198088674,270.1
2025-10-15 07:30:00+02:00,203.5074409516044,319.58
2025-10-15 07:45:00+02:00,204.63961802202414,313.53
2025-10-15 08:00:00+02:00,183.25078586194496,354.61
2025-10-15 08:15:00+02:00,155.25305854401626,304.77
2025-10-15 08:30:00+02:00,160.8350639537507,247.13
2025-10-15 08:45:00+02:00,142.38438069347458,198.28
2025-10-15 09:00:00+02:00,157.08037787624465,252.11
2025-10-15 09:15:00+02:00,130.9648175997896,197.67
2025-10-15 09:30:00+02:00,120.5738819065514,143.43
2025-10-15 09:45:00+02:00,111.50640767314025,131.0
2025-10-15 10:00:00+02:00,136.7147853455079,184.44
2025-10-15 10:15:00+02:00,121.44883358294297,141.01
2025-10-15 10:30:00+02:00,113.37722491617609,131.88
2025-10-15 10:45:00+02:00,99.9148630016258,112.1
2025-10-15 11:00:00+02:00,123.59596912915165,145.77
2025-10-15 11:15:00+02:00,118.18182341507602,130.42
2025-10-15 11:30:00+02:00,111.16027647250735,117.22
2025-10-15 11:45:00+02:00,104.9352593117798,111.01
2025-10-15 12:00:00+02:00,133.85748171902628,127.91
2025-10-15 12:15:00+02:00,126.76333765171137,124.04
2025-10-15 12:30:00+02:00,121.34900415270457,115.92
2025-10-15 12:45:00+02:00,115.9787585830052,109.83
2025-10-15 13:00:00+02:00,156.3315560895926,118.01
2025-10-15 13:15:00+02:00,160.58499187990566,115.82
2025-10-15 13:30:00+02:00,160.26180504623235,111.0
2025-10-15 13:45:00+02:00,149.04491359188765,106.68
2025-10-15 14:00:00+02:00,136.2357322742915,107.51
2025-10-15 14:15:00+02:00,135.87607445024688,109.68
2025-10-15 14:30:00+02:00,139.06652409785644,116.98
2025-10-15 14:45:00+02:00,147.64061996815664,127.4
2025-10-15 15:00:00+02:00,104.62177418768869,103.7
2025-10-15 15:15:00+02:00,113.55751232698674,107.64
2025-10-15 15:30:00+02:00,118.89378729788797,124.93
2025-10-15 15:45:00+02:00,132.86480282389022,154.3
2025-10-15 16:00:00+02:00,93.2520205618419,101.51
2025-10-15 16:15:00+02:00,105.85635831223479,118.71
2025-10-15 16:30:00+02:00,115.47376992215578,147.98
2025-10-15 16:45:00+02:00,129.87108078356232,174.57
2025-10-15 17:00:00+02:00,102.70365984232268,105.02
2025-10-15 17:15:00+02:00,116.62025756174259,130.3
2025-10-15 17:30:00+02:00,140.78928915729367,183.17
2025-10-15 17:45:00+02:00,171.90922791841075,261.51
2025-10-15 18:00:00+02:00,160.74596488433662,156.76
2025-10-15 18:15:00+02:00,175.41811445727384,189.62
2025-10-15 18:30:00+02:00,194.41580380567882,246.84
2025-10-15 18:45:00+02:00,214.39791331643585,294.29
2025-10-15 19:00:00+02:00,225.5384995308365,293.57
2025-10-15 19:15:00+02:00,212.12572874908102,242.91
2025-10-15 19:30:00+02:00,192.31549540112877,182.93
2025-10-15 19:45:00+02:00,168.06861758496214,160.59
2025-10-15 20:00:00+02:00,173.20089594493288,213.51
2025-10-15 20:15:00+02:00,148.51993923702256,158.01
2025-10-15 20:30:00+02:00,131.89808481147284,124.95
2025-10-15 20:45:00+02:00,123.27411138698132,114.91
2025-10-15 21:00:00+02:00,131.529099261664,153.28
2025-10-15 21:15:00+02:00,121.71082437750339,131.41
2025-10-15 21:30:00+02:00,113.05869135753873,118.17
2025-10-15 21:45:00+02:00,106.65337488304166,94.51
2025-10-15 22:00:00+02:00,120.76482947479198,114.72
2025-10-15 22:15:00+02:00,114.95691801507763,101.31
2025-10-15 22:30:00+02:00,106.48534663858098,95.35
2025-10-15 22:45:00+02:00,100.19060714357335,81.46
2025-10-15 23:00:00+02:00,107.75353569162829,95.39
2025-10-15 23:15:00+02:00,100.36252873254092,87.17
2025-10-15 23:30:00+02:00,98.89755236854168,87.1
2025-10-15 23:45:00+02:00,93.67971223381137,83.02
2025-10-16 00:00:00+02:00,95.92809253032405,90.22
2025-10-16 00:15:00+02:00,90.14918361168516,91.63
2025-10-16 00:30:00+02:00,85.18887143016283,88.93
2025-10-16 00:45:00+02:00,83.76527761488043,81.88
2025-10-16 01:00:00+02:00,88.11948775026626,90.67
2025-10-16 01:15:00+02:00,86.27535960827701,87.14
2025-10-16 01:30:00+02:00,85.52700128762672,85.09
2025-10-16 01:45:00+02:00,84.69916260590551,80.33
2025-10-16 02:00:00+02:00,86.13546813938115,90.41
2025-10-16 02:15:00+02:00,84.40302536662385,88.7
2025-10-16 02:30:00+02:00,83.50255325751574,87.91
2025-10-16 02:45:00+02:00,82.95789659957869,84.98
2025-10-16 03:00:00+02:00,84.61817598247642,90.01
2025-10-16 03:15:00+02:00,84.06467188431934,88.69
2025-10-16 03:30:00+02:00,83.34747897548435,88.69
2025-10-16 03:45:00+02:00,82.99837343180668,79.23
2025-10-16 04:00:00+02:00,84.26320537705546,86.13
2025-10-16 04:15:00+02:00,85.21443859219927,88.05
2025-10-16 04:30:00+02:00,86.59580087131187,88.49
2025-10-16 04:45:00+02:00,89.44829562424634,90.67
2025-10-16 05:00:00+02:00,85.46004269358355,80.24
2025-10-16 05:15:00+02:00,90.54718699810736,81.25
2025-10-16 05:30:00+02:00,93.82424367332612,85.1
2025-10-16 05:45:00+02:00,100.71875242236565,93.59
2025-10-16 06:00:00+02:00,98.92716749649598,79.19
2025-10-16 06:15:00+02:00,112.96737744471753,89.99
2025-10-16 06:30:00+02:00,120.84409271565647,98.27
2025-10-16 06:45:00+02:00,125.25155387157801,117.32
2025-10-16 07:00:00+02:00,128.199422644712,101.88
2025-10-16 07:15:00+02:00,137.78539866775557,116.05
2025-10-16 07:30:00+02:00,139.86398286295125,121.06
2025-10-16 07:45:00+02:00,138.75407362593754,125.5
2025-10-16 08:00:00+02:00,148.74466067107878,148.39
2025-10-16 08:15:00+02:00,130.87371041877094,146.12
2025-10-16 08:30:00+02:00,117.15449105427032,132.74
2025-10-16 08:45:00+02:00,111.39238648201466,103.82
2025-10-16 09:00:00+02:00,131.8168618748183,147.5
2025-10-16 09:15:00+02:00,107.95581799188639,132.71
2025-10-16 09:30:00+02:00,95.01917418797021,106.38
2025-10-16 09:45:00+02:00,87.93790159326178,93.13
2025-10-16 10:00:00+02:00,120.6545625457692,118.0
2025-10-16 10:15:00+02:00,107.85058905215564,93.73
2025-10-16 10:30:00+02:00,99.19904771738142,81.21
2025-10-16 10:45:00+02:00,91.45153388956427,76.01
2025-10-16 11:00:00+02:00,105.54325846257635,102.38
2025-10-16 11:15:00+02:00,94.57990228149349,86.71
2025-10-16 11:30:00+02:00,92.02312135028154,85.48
2025-10-16 11:45:00+02:00,85.41955951596705,78.66
2025-10-16 12:00:00+02:00,100.02068152278316,89.01
2025-10-16 12:15:00+02:00,94.59336502536966,82.76
2025-10-16 12:30:00+02:00,94.33982833256783,83.44
2025-10-16 12:45:00+02:00,90.36139706919172,78.4
2025-10-16 13:00:00+02:00,91.14903373467004,84.28
2025-10-16 13:15:00+02:00,91.43362221327457,82.54
2025-10-16 13:30:00+02:00,90.1755678866109,80.68
2025-10-16 13:45:00+02:00,87.16556419682476,78.4
2025-10-16 14:00:00+02:00,80.99249877920546,76.96
2025-10-16 14:15:00+02:00,87.7841228834834,79.25
2025-10-16 14:30:00+02:00,92.0189321104935,81.56
2025-10-16 14:45:00+02:00,101.55536542882595,94.15
2025-10-16 15:00:00+02:00,82.48841594683344,72.1
2025-10-16 15:15:00+02:00,90.41715593440074,82.42
2025-10-16 15:30:00+02:00,97.88922201762637,85.09
2025-10-16 15:45:00+02:00,112.93844062904996,92.5
2025-10-16 16:00:00+02:00,77.44342123020014,68.12
2025-10-16 16:15:00+02:00,91.82211668706644,79.48
2025-10-16 16:30:00+02:00,105.63677550863925,92.41
2025-10-16 16:45:00+02:00,121.3252516297822,116.1
2025-10-16 17:00:00+02:00,85.1779679647382,78.4
2025-10-16 17:15:00+02:00,100.09968728399247,116.06
2025-10-16 17:30:00+02:00,115.45039226953,132.51
2025-10-16 17:45:00+02:00,137.69053316839026,156.69
2025-10-16 18:00:00+02:00,137.9987980222651,109.6
2025-10-16 18:15:00+02:00,154.1458997805411,128.7
2025-10-16 18:30:00+02:00,133.93646152973963,135.91
2025-10-16 18:45:00+02:00,142.70634076476355,145.79
2025-10-16 19:00:00+02:00,183.0939977069226,137.23
2025-10-16 19:15:00+02:00,176.03945483785355,144.29
2025-10-16 19:30:00+02:00,164.02159453977714,144.65
2025-10-16 19:45:00+02:00,146.50753807025987,136.19
2025-10-16 20:00:00+02:00,153.68110066675774,145.04
2025-10-16 20:15:00+02:00,136.41095090467408,123.38
2025-10-16 20:30:00+02:00,124.8356340933958,128.0
2025-10-16 20:45:00+02:00,118.8346319427584,105.96
2025-10-16 21:00:00+02:00,127.17391085114556,124.53
2025-10-16 21:15:00+02:00,114.3491754820086,106.18
2025-10-16 21:30:00+02:00,108.00029483862501,90.47
2025-10-16 21:45:00+02:00,100.65374871545094,87.75
2025-10-16 22:00:00+02:00,109.57190668573362,96.5
2025-10-16 22:15:00+02:00,106.59557893714334,100.23
2025-10-16 22:30:00+02:00,100.31095137688806,105.99
2025-10-16 22:45:00+02:00,92.16917955195647,96.7
2025-10-16 23:00:00+02:00,99.57108402912937,100.87
2025-10-16 23:15:00+02:00,92.47036384539246,95.47
2025-10-16 23:30:00+02:00,90.53346089591355,93.2
2025-10-16 23:45:00+02:00,84.81838569647317,83.91
2025-10-17 00:00:00+02:00,98.80216402529963,91.4
2025-10-17 00:15:00+02:00,94.15145178170809,88.11
2025-10-17 00:30:00+02:00,88.40324141080978,87.24
2025-10-17 00:45:00+02:00,83.78517707484586,85.84
2025-10-17 01:00:00+02:00,91.11830549924373,87.07
2025-10-17 01:15:00+02:00,88.83401238350822,87.52
2025-10-17 01:30:00+02:00,86.97283635207414,88.38
2025-10-17 01:45:00+02:00,84.58774878796233,90.28
2025-10-17 02:00:00+02:00,86.97945830266488,91.4
2025-10-17 02:15:00+02:00,85.22368485317602,88.2
2025-10-17 02:30:00+02:00,84.40316780796296,88.4
2025-10-17 02:45:00+02:00,84.07994369723272,88.23
2025-10-17 03:00:00+02:00,84.68369933331543,89.71
2025-10-17 03:15:00+02:00,83.63298059508755,87.83
2025-10-17 03:30:00+02:00,83.50972504818849,88.76
2025-10-17 03:45:00+02:00,82.7893308880366,87.53
2025-10-17 04:00:00+02:00,82.53787883512435,87.27
2025-10-17 04:15:00+02:00,83.88257560205041,87.46
2025-10-17 04:30:00+02:00,85.65626674737729,91.4
2025-10-17 04:45:00+02:00,87.87367363601363,96.22
2025-10-17 05:00:00+02:00,87.49661078223647,89.99
2025-10-17 05:15:00+02:00,89.99918334480729,90.13
2025-10-17 05:30:00+02:00,95.75227886188513,98.27
2025-10-17 05:45:00+02:00,105.34305992102378,99.65
2025-10-17 06:00:00+02:00,98.43136602396301,85.77
2025-10-17 06:15:00+02:00,111.11114826713231,95.93
2025-10-17 06:30:00+02:00,121.12130365275684,119.3
2025-10-17 06:45:00+02:00,128.90917103074457,130.64
2025-10-17 07:00:00+02:00,132.42383165908487,119.57
2025-10-17 07:15:00+02:00,139.4983285260331,117.78
2025-10-17 07:30:00+02:00,147.25198553042614,133.01
2025-10-17 07:45:00+02:00,148.2240204590131,147.58
2025-10-17 08:00:00+02:00,210.3285403573195,158.82
2025-10-17 08:15:00+02:00,190.84232072687777,159.99
2025-10-17 08:30:00+02:00,138.91498683583973,140.81
2025-10-17 08:45:00+02:00,118.1990761271885,119.72
2025-10-17 09:00:00+02:00,157.27000154468533,161.02
2025-10-17 09:15:00+02:00,176.37065448759728,133.0
2025-10-17 09:30:00+02:00,123.50794657093633,120.0
2025-10-17 09:45:00+02:00,104.06251832778896,102.06
2025-10-17 10:00:00+02:00,129.1916547190625,129.09
2025-10-17 10:15:00+02:00,108.71914293803196,123.62
2025-10-17 10:30:00+02:00,94.97826183875233,112.61
2025-10-17 10:45:00+02:00,86.55133021568747,103.4
2025-10-17 11:00:00+02:00,99.48286529257732,115.0
2025-10-17 11:15:00+02:00,90.02126174845972,103.56
2025-10-17 11:30:00+02:00,83.49950338256808,91.85
2025-10-17 11:45:00+02:00,78.31741093801651,85.74
2025-10-17 12:00:00+02:00,91.16373687787207,93.83
2025-10-17 12:15:00+02:00,86.53846864865923,87.92
2025-10-17 12:30:00+02:00,82.47509369546884,86.74
2025-10-17 12:45:00+02:00,78.25066533215355,84.07
2025-10-17 13:00:00+02:00,86.63424066817365,88.4
2025-10-17 13:15:00+02:00,86.66280768848503,87.41
2025-10-17 13:30:00+02:00,85.63859564250379,87.4
2025-10-17 13:45:00+02:00,82.53486125378178,83.66
2025-10-17 14:00:00+02:00,76.00656330578852,82.73
2025-10-17 14:15:00+02:00,78.9554894914952,87.09
2025-10-17 14:30:00+02:00,80.37310276218955,89.68
2025-10-17 14:45:00+02:00,88.3314575314568,91.72
2025-10-17 15:00:00+02:00,71.7733318531092,83.9
2025-10-17 15:15:00+02:00,77.66428771253109,87.4
2025-10-17 15:30:00+02:00,86.42458343304057,91.1
2025-10-17 15:45:00+02:00,99.183619222228,92.17
2025-10-17 16:00:00+02:00,81.68355556757666,84.05
2025-10-17 16:15:00+02:00,93.7422172783503,87.32
2025-10-17 16:30:00+02:00,102.44115175470816,93.76
2025-10-17 16:45:00+02:00,120.18364641230042,114.87
2025-10-17 17:00:00+02:00,92.24693531251292,88.25
2025-10-17 17:15:00+02:00,96.36890797871249,108.23
2025-10-17 17:30:00+02:00,113.94397171396284,122.14
2025-10-17 17:45:00+02:00,143.27294643908346,150.05
2025-10-17 18:00:00+02:00,118.6039617380147,126.4
2025-10-17 18:15:00+02:00,131.61609304393002,129.32
2025-10-17 18:30:00+02:00,136.12188142281022,125.33
2025-10-17 18:45:00+02:00,142.73868597323832,136.19
2025-10-17 19:00:00+02:00,162.3560587330104,127.86
2025-10-17 19:15:00+02:00,154.0410380330771,129.54
2025-10-17 19:30:00+02:00,144.0087105848368,136.45
2025-10-17 19:45:00+02:00,131.86557975021026,128.91
2025-10-17 20:00:00+02:00,152.1737081132594,131.43
2025-10-17 20:15:00+02:00,130.8090381951337,111.15
2025-10-17 20:30:00+02:00,116.24608085923003,119.44
2025-10-17 20:45:00+02:00,101.72483902542486,105.93
2025-10-17 21:00:00+02:00,124.40179249647299,114.7
2025-10-17 21:15:00+02:00,117.71534397277091,101.44
2025-10-17 21:30:00+02:00,108.28473937820304,101.45
2025-10-17 21:45:00+02:00,96.38717690541577,98.63
2025-10-17 22:00:00+02:00,112.9744252811948,108.12
2025-10-17 22:15:00+02:00,103.79295618733688,102.81
2025-10-17 22:30:00+02:00,98.24153586746198,101.98
2025-10-17 22:45:00+02:00,87.53376850179149,95.82
2025-10-17 23:00:00+02:00,97.12417290776841,105.45
2025-10-17 23:15:00+02:00,94.07603240597886,95.3
2025-10-17 23:30:00+02:00,92.63945541296405,87.85
2025-10-17 23:45:00+02:00,88.26498485487308,81.39
2025-10-18 00:00:00+02:00,101.86132192604359,93.61
2025-10-18 00:15:00+02:00,95.77972619668476,103.62
2025-10-18 00:30:00+02:00,90.20764324567521,93.4
2025-10-18 00:45:00+02:00,85.72102014243261,87.83
2025-10-18 01:00:00+02:00,93.52988165879722,96.35
2025-10-18 01:15:00+02:00,89.55130266932716,89.71
2025-10-18 01:30:00+02:00,86.4835131633929,86.82
2025-10-18 01:45:00+02:00,84.26338849003474,86.56
2025-10-18 02:00:00+02:00,92.28851702292961,97.2
2025-10-18 02:15:00+02:00,86.56898528955766,89.8
2025-10-18 02:30:00+02:00,85.91288484037376,86.87
2025-10-18 02:45:00+02:00,85.04679096951989,85.38
2025-10-18 03:00:00+02:00,87.61542009880085,86.51
2025-10-18 03:15:00+02:00,87.62366448019965,86.83
2025-10-18 03:30:00+02:00,86.50134140380712,89.62
2025-10-18 03:45:00+02:00,84.98905330247243,90.38
2025-10-18 04:00:00+02:00,85.57664495305535,85.41
2025-10-18 04:15:00+02:00,86.27106890955834,86.07
2025-10-18 04:30:00+02:00,90.25569103368868,89.29
2025-10-18 04:45:00+02:00,91.82087287220921,92.63
2025-10-18 05:00:00+02:00,85.38751812946491,82.36
2025-10-18 05:15:00+02:00,86.91011933386437,85.06
2025-10-18 05:30:00+02:00,92.67907951610616,93.41
2025-10-18 05:45:00+02:00,98.0195048002047,92.43
2025-10-18 06:00:00+02:00,72.45127476561362,80.22
2025-10-18 06:15:00+02:00,95.31201344171909,85.4
2025-10-18 06:30:00+02:00,103.19437668783671,95.7
2025-10-18 06:45:00+02:00,107.19301722109351,106.5
2025-10-18 07:00:00+02:00,103.54644008271265,93.19
2025-10-18 07:15:00+02:00,105.45217942691404,108.74
2025-10-18 07:30:00+02:00,111.35143808562432,115.87
2025-10-18 07:45:00+02:00,116.30460578013246,120.09
2025-10-18 08:00:00+02:00,124.02646660360446,121.19
2025-10-18 08:15:00+02:00,115.6969889770186,117.52
2025-10-18 08:30:00+02:00,102.47441420505406,116.5
2025-10-18 08:45:00+02:00,81.10454026027665,102.97
2025-10-18 09:00:00+02:00,93.35225753414728,124.99
2025-10-18 09:15:00+02:00,78.15140495753573,115.67
2025-10-18 09:30:00+02:00,70.00096880436914,92.87
2025-10-18 09:45:00+02:00,67.52320155626929,75.44
2025-10-18 10:00:00+02:00,87.14699679605124,114.91
2025-10-18 10:15:00+02:00,69.4596872818918,91.69
2025-10-18 10:30:00+02:00,55.11338537048375,82.88
2025-10-18 10:45:00+02:00,44.23628951866927,76.39
2025-10-18 11:00:00+02:00,63.628527869628826,87.99
2025-10-18 11:15:00+02:00,52.18093338710051,82.61
2025-10-18 11:30:00+02:00,53.20948592804585,79.79
2025-10-18 11:45:00+02:00,48.289240727467494,72.76
2025-10-18 12:00:00+02:00,50.9075518604349,78.44
2025-10-18 12:15:00+02:00,48.71684756667676,75.85
2025-10-18 12:30:00+02:00,47.08051304971181,73.78
2025-10-18 12:45:00+02:00,43.78092969871752,67.69
2025-10-18 13:00:00+02:00,38.84361783231465,68.67
2025-10-18 13:15:00+02:00,36.792207561785546,65.6
2025-10-18 13:30:00+02:00,35.95660188972342,67.53
2025-10-18 13:45:00+02:00,34.33017593467708,68.33
2025-10-18 14:00:00+02:00,38.42685192101024,64.41
2025-10-18 14:15:00+02:00,45.55626737897548,70.4
2025-10-18 14:30:00+02:00,49.004377903266246,75.14
2025-10-18 14:45:00+02:00,55.200146700348405,79.24
2025-10-18 15:00:00+02:00,54.21631074395115,71.22
2025-10-18 15:15:00+02:00,59.9285650235563,78.41
2025-10-18 15:30:00+02:00,70.07143232978343,86.27
2025-10-18 15:45:00+02:00,75.054088545043,98.1
2025-10-18 16:00:00+02:00,66.98757773538655,66.9
2025-10-18 16:15:00+02:00,76.44917374330365,84.65
2025-10-18 16:30:00+02:00,91.45230320064421,106.15
2025-10-18 16:45:00+02:00,108.65964443449778,128.5
2025-10-18 17:00:00+02:00,90.9388600709121,87.28
2025-10-18 17:15:00+02:00,104.82663426662856,110.94
2025-10-18 17:30:00+02:00,122.88922033991173,122.23
2025-10-18 17:45:00+02:00,156.76397820962654,162.11
2025-10-18 18:00:00+02:00,127.54475720535604,126.18
2025-10-18 18:15:00+02:00,142.42215122287948,132.02
2025-10-18 18:30:00+02:00,137.39895344132017,138.52
2025-10-18 18:45:00+02:00,138.00742547709893,136.22
2025-10-18 19:00:00+02:00,167.88070180074732,138.39
2025-10-18 19:15:00+02:00,163.28019033996958,127.22
2025-10-18 19:30:00+02:00,149.14297738017572,118.06
2025-10-18 19:45:00+02:00,142.75119708720572,115.62
2025-10-18 20:00:00+02:00,150.2824042998924,133.0
2025-10-18 20:15:00+02:00,134.2967740937026,115.38
2025-10-18 20:30:00+02:00,116.12412876414302,105.98
2025-10-18 20:45:00+02:00,101.35812578151759,97.62
2025-10-18 21:00:00+02:00,118.4268695603133,99.16
2025-10-18 21:15:00+02:00,111.55223288373375,97.02
2025-10-18 21:30:00+02:00,103.53448305466561,89.14
2025-10-18 21:45:00+02:00,91.74548536534485,84.89
2025-10-18 22:00:00+02:00,108.08097397871204,104.16
2025-10-18 22:15:00+02:00,103.53140126840029,95.86
2025-10-18 22:30:00+02:00,98.72396647105103,96.88
2025-10-18 22:45:00+02:00,91.79905131816179,85.41
2025-10-18 23:00:00+02:00,101.26183189421201,105.87
2025-10-18 23:15:00+02:00,98.90309967522491,96.35
2025-10-18 23:30:00+02:00,97.34453351788883,89.31
2025-10-18 23:45:00+02:00,94.27423731715069,85.89
2025-10-19 00:00:00+02:00,98.556196030771,103.22
2025-10-19 00:15:00+02:00,93.65655395537907,92.0
2025-10-19 00:30:00+02:00,90.5385985130632,87.58
2025-10-19 00:45:00+02:00,86.44816248028128,86.57
2025-10-19 01:00:00+02:00,92.37620656911386,95.65
2025-10-19 01:15:00+02:00,88.63675472014778,89.43
2025-10-19 01:30:00+02:00,85.93718255485737,84.92
2025-10-19 01:45:00+02:00,85.03175183130195,80.34
2025-10-19 02:00:00+02:00,91.56231065262115,86.43
2025-10-19 02:15:00+02:00,85.30417867689414,81.5
2025-10-19 02:30:00+02:00,84.68171155922842,81.72
2025-10-19 02:45:00+02:00,84.0260984317638,79.52
2025-10-19 03:00:00+02:00,86.6171942729228,83.07
2025-10-19 03:15:00+02:00,85.55973881476996,80.58
2025-10-19 03:30:00+02:00,85.98760542642894,81.52
2025-10-19 03:45:00+02:00,83.69836333877383,83.39
2025-10-19 04:00:00+02:00,82.302954940893,83.59
2025-10-19 04:15:00+02:00,82.84118083077601,82.35
2025-10-19 04:30:00+02:00,87.20897127779457,84.09
2025-10-19 04:45:00+02:00,89.31582385158062,82.82
2025-10-19 05:00:00+02:00,81.95536103319267,82.37
2025-10-19 05:15:00+02:00,82.89755404745564,81.29
2025-10-19 05:30:00+02:00,88.70969679697872,85.62
2025-10-19 05:45:00+02:00,94.0207896701546,84.71
2025-10-19 06:00:00+02:00,62.093270353334454,82.5
2025-10-19 06:15:00+02:00,83.62503561548472,82.34
2025-10-19 06:30:00+02:00,92.65704025255305,85.14
2025-10-19 06:45:00+02:00,95.95664721954635,91.02
2025-10-19 07:00:00+02:00,88.17928631668903,85.55
2025-10-19 07:15:00+02:00,91.67023774619692,87.77
2025-10-19 07:30:00+02:00,95.39300148560211,83.49
2025-10-19 07:45:00+02:00,101.24093139395544,84.21
2025-10-19 08:00:00+02:00,103.91698409005528,98.73
2025-10-19 08:15:00+02:00,103.65821784264934,95.56
2025-10-19 08:30:00+02:00,95.04733647410129,81.87
2025-10-19 08:45:00+02:00,75.72135137567355,72.47
2025-10-19 09:00:00+02:00,88.56017056211165,96.86
2025-10-19 09:15:00+02:00,74.45965812343914,82.82
2025-10-19 09:30:00+02:00,46.814337984828995,74.43
2025-10-19 09:45:00+02:00,37.84960020039621,59.62
2025-10-19 10:00:00+02:00,86.10203981091674,81.51
2025-10-19 10:15:00+02:00,69.79567507845877,69.96
2025-10-19 10:30:00+02:00,54.18189511252848,67.72
2025-10-19 10:45:00+02:00,43.73497471914547,59.36
2025-10-19 11:00:00+02:00,66.32430887787727,74.05
2025-10-19 11:15:00+02:00,53.89104566285218,66.2
2025-10-19 11:30:00+02:00,50.466938490712884,60.03
2025-10-19 11:45:00+02:00,46.93742235074832,40.92
2025-10-19 12:00:00+02:00,52.110668928015066,54.36
2025-10-19 12:15:00+02:00,45.89037107918868,40.05
2025-10-19 12:30:00+02:00,43.59584277020954,28.0
2025-10-19 12:45:00+02:00,41.00058057464029,15.86
2025-10-19 13:00:00+02:00,31.46808153665583,24.08
2025-10-19 13:15:00+02:00,29.5069757630607,21.25
2025-10-19 13:30:00+02:00,28.382686808632776,19.78
2025-10-19 13:45:00+02:00,28.283896159585026,16.07
2025-10-19 14:00:00+02:00,25.434075735657103,11.68
2025-10-19 14:15:00+02:00,29.4894151542255,22.67
2025-10-19 14:30:00+02:00,35.01952163147301,44.71
2025-10-19 14:45:00+02:00,38.34452837557191,65.81
2025-10-19 15:00:00+02:00,33.10412345117267,40.06
2025-10-19 15:15:00+02:00,43.44448720336814,68.89
2025-10-19 15:30:00+02:00,51.240826635789915,73.1
2025-10-19 15:45:00+02:00,64.94014874973499,85.04
2025-10-19 16:00:00+02:00,40.47380102785428,59.06
2025-10-19 16:15:00+02:00,52.605152236275266,79.39
2025-10-19 16:30:00+02:00,73.28871985663243,100.59
2025-10-19 16:45:00+02:00,88.23560807569396,120.68
2025-10-19 17:00:00+02:00,64.1790593573078,86.07
2025-10-19 17:15:00+02:00,87.30773943680718,100.01
2025-10-19 17:30:00+02:00,97.84424550478552,113.61
2025-10-19 17:45:00+02:00,107.41535003963466,124.6
2025-10-19 18:00:00+02:00,99.6393822378269,121.05
2025-10-19 18:15:00+02:00,105.26295117726141,118.14
2025-10-19 18:30:00+02:00,104.51924771741601,99.57
2025-10-19 18:45:00+02:00,104.84816212160294,91.99
2025-10-19 19:00:00+02:00,91.78648505385694,102.07
2025-10-19 19:15:00+02:00,89.40251869828832,87.49
2025-10-19 19:30:00+02:00,80.31396676844119,83.0
2025-10-19 19:45:00+02:00,75.7841714615936,69.92
2025-10-19 20:00:00+02:00,88.58982841459783,87.08
2025-10-19 20:15:00+02:00,58.850261299873225,72.06
2025-10-19 20:30:00+02:00,-19.66531795732196,73.99
2025-10-19 20:45:00+02:00,-158.3953081887169,68.88
2025-10-19 21:00:00+02:00,84.06993396113913,86.81
2025-10-19 21:15:00+02:00,55.37769548315495,71.66
2025-10-19 21:30:00+02:00,7.309341731444448,69.48
2025-10-19 21:45:00+02:00,-17.900316148327178,64.65
2025-10-19 22:00:00+02:00,87.70383043574273,95.0
2025-10-19 22:15:00+02:00,82.8586562353436,77.96
2025-10-19 22:30:00+02:00,74.86223630802317,68.75
2025-10-19 22:45:00+02:00,58.075956234350215,57.26
2025-10-19 23:00:00+02:00,81.4225947903086,71.43
2025-10-19 23:15:00+02:00,79.02350146026902,58.78
2025-10-19 23:30:00+02:00,74.40520241847489,59.53
2025-10-19 23:45:00+02:00,68.32718862603066,53.68
2025-10-20 00:00:00+02:00,68.50992900632889,82.95
2025-10-20 00:15:00+02:00,66.06051392828981,69.03
2025-10-20 00:30:00+02:00,63.942279395550074,70.04
2025-10-20 00:45:00+02:00,60.34320858959973,58.13
2025-10-20 01:00:00+02:00,60.76047338228721,70.3
2025-10-20 01:15:00+02:00,57.30182523653191,66.48
2025-10-20 01:30:00+02:00,62.485028734041556,60.52
2025-10-20 01:45:00+02:00,60.69018047346816,58.6
2025-10-20 02:00:00+02:00,73.61332556659416,66.31
2025-10-20 02:15:00+02:00,64.98625859988407,60.07
2025-10-20 02:30:00+02:00,59.18916788536782,59.89
2025-10-20 02:45:00+02:00,58.12926188802015,57.65
2025-10-20 03:00:00+02:00,67.00464625081415,61.87
2025-10-20 03:15:00+02:00,61.99953456874973,59.37
2025-10-20 03:30:00+02:00,59.48005161014831,58.65
2025-10-20 03:45:00+02:00,61.848960305721036,60.12
2025-10-20 04:00:00+02:00,56.833493480141655,55.86
2025-10-20 04:15:00+02:00,56.535058040985014,58.61
2025-10-20 04:30:00+02:00,65.30592566070901,59.02
2025-10-20 04:45:00+02:00,70.13571628620632,68.92
2025-10-20 05:00:00+02:00,64.55582094772357,57.19
2025-10-20 05:15:00+02:00,69.55872536148617,75.29
2025-10-20 05:30:00+02:00,72.76869623566196,80.53
2025-10-20 05:45:00+02:00,79.50462843323135,86.23
2025-10-20 06:00:00+02:00,67.15744714334471,55.14
2025-10-20 06:15:00+02:00,95.37007800606,86.43
2025-10-20 06:30:00+02:00,95.11481669681241,88.68
2025-10-20 06:45:00+02:00,103.58462953935367,74.76
2025-10-20 07:00:00+02:00,106.63181878844954,79.96
2025-10-20 07:15:00+02:00,107.43729852087385,85.34
2025-10-20 07:30:00+02:00,116.34316268045865,94.69
2025-10-20 07:45:00+02:00,122.68999085448694,107.48
2025-10-20 08:00:00+02:00,119.17203188978345,150.53
2025-10-20 08:15:00+02:00,125.41064055602045,138.82
2025-10-20 08:30:00+02:00,120.54632895096033,115.82
2025-10-20 08:45:00+02:00,111.8462272668025,95.22
2025-10-20 09:00:00+02:00,127.83348118878018,117.97
2025-10-20 09:15:00+02:00,106.10858986690413,101.76
2025-10-20 09:30:00+02:00,108.88992106483377,78.04
2025-10-20 09:45:00+02:00,98.37322033785547,70.97
2025-10-20 10:00:00+02:00,105.68164350665138,86.4
2025-10-20 10:15:00+02:00,99.00089701213233,77.35
2025-10-20 10:30:00+02:00,92.8974324810495,66.47
2025-10-20 10:45:00+02:00,84.68756044226303,62.38
2025-10-20 11:00:00+02:00,89.69104950385176,77.19
2025-10-20 11:15:00+02:00,84.86734792814352,70.31
2025-10-20 11:30:00+02:00,78.30595449275985,69.92
2025-10-20 11:45:00+02:00,76.19682402318136,62.32
2025-10-20 12:00:00+02:00,72.7479937443992,62.63
2025-10-20 12:15:00+02:00,71.04840229657813,60.09
2025-10-20 12:30:00+02:00,68.36648391374779,57.95
2025-10-20 12:45:00+02:00,67.1640032243929,60.48
2025-10-20 13:00:00+02:00,62.6298213807009,60.18
2025-10-20 13:15:00+02:00,63.643865067636966,61.91
2025-10-20 13:30:00+02:00,61.47183816617796,68.66
2025-10-20 13:45:00+02:00,58.22929295670636,70.34
2025-10-20 14:00:00+02:00,61.378810273788126,65.71
2025-10-20 14:15:00+02:00,62.849913520620134,72.04
2025-10-20 14:30:00+02:00,65.74545509064174,75.68
2025-10-20 14:45:00+02:00,66.8851940180764,90.91
2025-10-20 15:00:00+02:00,66.74553025636229,74.77
2025-10-20 15:15:00+02:00,69.52847101254585,85.39
2025-10-20 15:30:00+02:00,70.91779762062419,106.98
2025-10-20 15:45:00+02:00,80.61102240687026,121.42
2025-10-20 16:00:00+02:00,72.24902660799337,86.63
2025-10-20 16:15:00+02:00,80.04599848102455,105.01
2025-10-20 16:30:00+02:00,88.89363095174129,130.11
2025-10-20 16:45:00+02:00,102.34318254221013,156.29
2025-10-20 17:00:00+02:00,80.78998077782815,108.95
2025-10-20 17:15:00+02:00,93.47247348596237,130.19
2025-10-20 17:30:00+02:00,103.30811441442943,138.29
2025-10-20 17:45:00+02:00,114.28223686001593,147.06
2025-10-20 18:00:00+02:00,105.93043628825899,130.04
2025-10-20 18:15:00+02:00,115.89446131453076,130.48
2025-10-20 18:30:00+02:00,121.8195889443494,128.39
2025-10-20 18:45:00+02:00,117.72414702610712,111.45
2025-10-20 19:00:00+02:00,111.56440682453928,127.0
2025-10-20 19:15:00+02:00,108.24770241889802,105.96
2025-10-20 19:30:00+02:00,102.05768988903544,94.84
2025-10-20 19:45:00+02:00,107.42192737285147,84.2
2025-10-20 20:00:00+02:00,110.57091361888287,105.09
2025-10-20 20:15:00+02:00,102.57832833100997,80.51
2025-10-20 20:30:00+02:00,100.11745328304542,72.23
2025-10-20 20:45:00+02:00,72.1359911408085,71.33
2025-10-20 21:00:00+02:00,90.51103020188907,86.28
2025-10-20 21:15:00+02:00,92.21120372639044,95.07
2025-10-20 21:30:00+02:00,75.21269158653044,69.32
2025-10-20 21:45:00+02:00,76.4795379306975,54.34
2025-10-20 22:00:00+02:00,88.43855400525783,86.37
2025-10-20 22:15:00+02:00,83.69286658229674,72.68
2025-10-20 22:30:00+02:00,87.28838250660984,62.62
2025-10-20 22:45:00+02:00,80.20742387159206,51.84
2025-10-20 23:00:00+02:00,79.84041349164576,53.35
2025-10-20 23:15:00+02:00,74.41022180431227,56.81
2025-10-20 23:30:00+02:00,74.34470625212676,54.2
2025-10-20 23:45:00+02:00,69.42409531995925,39.64
2025-10-21 00:00:00+02:00,65.00462688518272,80.9
2025-10-21 00:15:00+02:00,69.50812238975897,65.7
2025-10-21 00:30:00+02:00,64.7703513524462,53.65
2025-10-21 00:45:00+02:00,56.03795840378244,45.67
2025-10-21 01:00:00+02:00,56.38062845659117,55.53
2025-10-21 01:15:00+02:00,56.78289538754341,49.85
2025-10-21 01:30:00+02:00,60.99160468758518,42.57
2025-10-21 01:45:00+02:00,52.86561741302614,27.38
2025-10-21 02:00:00+02:00,68.26774271776112,46.5
2025-10-21 02:15:00+02:00,62.77580762700664,34.76
2025-10-21 02:30:00+02:00,59.944054350702324,31.05
2025-10-21 02:45:00+02:00,57.547539194733005,19.98
2025-10-21 03:00:00+02:00,68.32130780361777,32.18
2025-10-21 03:15:00+02:00,63.11429715922318,22.4
2025-10-21 03:30:00+02:00,61.57342740618462,17.5
2025-10-21 03:45:00+02:00,65.73285459646041,17.03
2025-10-21 04:00:00+02:00,53.30609702255567,20.27
2025-10-21 04:15:00+02:00,54.59689102295973,20.96
2025-10-21 04:30:00+02:00,67.01642782309258,30.62
2025-10-21 04:45:00+02:00,72.15024637425951,31.8
2025-10-21 05:00:00+02:00,62.79987348198013,26.05
2025-10-21 05:15:00+02:00,64.20698398492308,46.22
2025-10-21 05:30:00+02:00,68.77990784802921,52.87
2025-10-21 05:45:00+02:00,86.29847900544975,64.7
2025-10-21 06:00:00+02:00,66.70924832802774,39.86
2025-10-21 06:15:00+02:00,91.23406334503193,77.51
2025-10-21 06:30:00+02:00,94.62111971897178,91.01
2025-10-21 06:45:00+02:00,111.94681742855174,92.0
2025-10-21 07:00:00+02:00,105.36250427697887,70.28
2025-10-21 07:15:00+02:00,109.64779881155829,95.0
2025-10-21 07:30:00+02:00,118.89113592093162,100.04
2025-10-21 07:45:00+02:00,124.96427427540648,87.17
2025-10-21 08:00:00+02:00,135.90961039461428,89.07
2025-10-21 08:15:00+02:00,124.40206036014725,91.4
2025-10-21 08:30:00+02:00,108.44784319555455,94.85
2025-10-21 08:45:00+02:00,101.93241410961654,91.01
2025-10-21 09:00:00+02:00,119.27496822310778,101.03
2025-10-21 09:15:00+02:00,106.25110045476497,86.22
2025-10-21 09:30:00+02:00,95.79139036420071,82.21
2025-10-21 09:45:00+02:00,86.36172424495996,69.41
2025-10-21 10:00:00+02:00,107.52415585627502,92.0
2025-10-21 10:15:00+02:00,103.10138567946413,84.06
2025-10-21 10:30:00+02:00,97.82786074863613,66.35
2025-10-21 10:45:00+02:00,84.8467094251713,54.67
2025-10-21 11:00:00+02:00,97.65726100722759,85.0
2025-10-21 11:15:00+02:00,93.57466751558167,72.91
2025-10-21 11:30:00+02:00,89.30823773912097,58.4
2025-10-21 11:45:00+02:00,86.51679073941517,44.14
2025-10-21 12:00:00+02:00,80.9273045755001,57.65
2025-10-21 12:15:00+02:00,78.82540203146763,52.32
2025-10-21 12:30:00+02:00,75.9011003563765,49.83
2025-10-21 12:45:00+02:00,74.5851508438499,30.02
2025-10-21 13:00:00+02:00,65.95428765390972,44.22
2025-10-21 13:15:00+02:00,67.21914634873788,36.31
2025-10-21 13:30:00+02:00,64.92125779361938,25.21
2025-10-21 13:45:00+02:00,61.314518015211746,20.59
2025-10-21 14:00:00+02:00,61.91295826885015,16.49
2025-10-21 14:15:00+02:00,60.098925829578036,28.18
2025-10-21 14:30:00+02:00,64.53304494505082,35.48
2025-10-21 14:45:00+02:00,67.30810135647282,52.09
2025-10-21 15:00:00+02:00,66.54958166893864,23.39
2025-10-21 15:15:00+02:00,77.9499589791165,47.69
2025-10-21 15:30:00+02:00,78.34794924180567,78.83
2025-10-21 15:45:00+02:00,84.76187305032997,91.01
2025-10-21 16:00:00+02:00,72.97751219971508,35.44
2025-10-21 16:15:00+02:00,81.9222818949862,53.42
2025-10-21 16:30:00+02:00,87.44150542791752,85.69
2025-10-21 16:45:00+02:00,99.35791699735768,98.26
2025-10-21 17:00:00+02:00,86.63689399174184,51.97
2025-10-21 17:15:00+02:00,96.93708234209463,90.22
2025-10-21 17:30:00+02:00,104.81502277968679,120.26
2025-10-21 17:45:00+02:00,114.0117308307112,137.55
2025-10-21 18:00:00+02:00,113.61898514117539,87.11
2025-10-21 18:15:00+02:00,118.34675198489285,112.75
2025-10-21 18:30:00+02:00,121.68609006425393,144.12
2025-10-21 18:45:00+02:00,129.3132768418872,143.22
2025-10-21 19:00:00+02:00,125.75445936939678,122.3
2025-10-21 19:15:00+02:00,121.82788471375281,128.35
2025-10-21 19:30:00+02:00,119.30065616760221,111.32
2025-10-21 19:45:00+02:00,119.26940243680168,99.57
2025-10-21 20:00:00+02:00,120.58755766043195,114.37
2025-10-21 20:15:00+02:00,107.13852346987541,101.75
2025-10-21 20:30:00+02:00,98.24219700413826,95.0
2025-10-21 20:45:00+02:00,78.26076205691184,87.57
2025-10-21 21:00:00+02:00,104.66967423885393,88.73
2025-10-21 21:15:00+02:00,100.92688511072568,79.44
2025-10-21 21:30:00+02:00,92.39988326007574,85.79
2025-10-21 21:45:00+02:00,90.64127500467973,70.26
2025-10-21 22:00:00+02:00,101.82176781496834,92.79
2025-10-21 22:15:00+02:00,100.36438599191614,82.38
2025-10-21 22:30:00+02:00,97.56336612520506,79.59
2025-10-21 22:45:00+02:00,92.62517052814715,71.96
2025-10-21 23:00:00+02:00,93.36396749071774,83.78
2025-10-21 23:15:00+02:00,89.49057725036648,76.9
2025-10-21 23:30:00+02:00,89.89780737426399,73.95
2025-10-21 23:45:00+02:00,88.5353795536042,62.69
2025-10-22 00:00:00+02:00,80.90240839386811,92.09
2025-10-22 00:15:00+02:00,77.32386465036166,91.64
2025-10-22 00:30:00+02:00,73.29143076091783,84.94
2025-10-22 00:45:00+02:00,63.42110700972877,82.68
2025-10-22 01:00:00+02:00,72.83146163256758,88.87
2025-10-22 01:15:00+02:00,71.26419104285571,88.38
2025-10-22 01:30:00+02:00,70.37532344583103,88.1
2025-10-22 01:45:00+02:00,65.55805714289481,84.62
2025-10-22 02:00:00+02:00,73.64928766479999,83.63
2025-10-22 02:15:00+02:00,71.10094987803068,83.62
2025-10-22 02:30:00+02:00,70.62786962538553,86.63
2025-10-22 02:45:00+02:00,68.3043288868047,87.74
2025-10-22 03:00:00+02:00,72.79708151149492,89.28
2025-10-22 03:15:00+02:00,70.89202965177432,90.26
2025-10-22 03:30:00+02:00,70.90542114285161,90.56
2025-10-22 03:45:00+02:00,70.8021275984259,87.29
2025-10-22 04:00:00+02:00,71.71546434660176,85.31
2025-10-22 04:15:00+02:00,73.07662853563852,87.73
2025-10-22 04:30:00+02:00,76.55562997016709,92.15
2025-10-22 04:45:00+02:00,80.9189206179325,92.82
2025-10-22 05:00:00+02:00,73.50199032410539,81.24
2025-10-22 05:15:00+02:00,80.85176197740992,86.8
2025-10-22 05:30:00+02:00,86.24105669763934,95.34
2025-10-22 05:45:00+02:00,93.46230802892674,97.32
2025-10-22 06:00:00+02:00,77.5705415813439,91.65
2025-10-22 06:15:00+02:00,98.11828694617563,96.25
2025-10-22 06:30:00+02:00,108.47475734942981,96.62
2025-10-22 06:45:00+02:00,111.69653624454794,113.05
2025-10-22 07:00:00+02:00,110.23136786058646,97.01
2025-10-22 07:15:00+02:00,119.48438373239418,100.07
2025-10-22 07:30:00+02:00,131.86130236765277,98.56
2025-10-22 07:45:00+02:00,137.03591027497654,105.09
2025-10-22 08:00:00+02:00,174.98364174033435,94.19
2025-10-22 08:15:00+02:00,140.79163194446267,123.0
2025-10-22 08:30:00+02:00,116.90091023006504,128.13
2025-10-22 08:45:00+02:00,110.86730291854992,109.71
2025-10-22 09:00:00+02:00,132.91522268210167,148.0
2025-10-22 09:15:00+02:00,109.25775376525363,138.53
2025-10-22 09:30:00+02:00,97.36421279015464,115.64
2025-10-22 09:45:00+02:00,92.80146133300217,100.7
2025-10-22 10:00:00+02:00,101.85603761008657,130.54
2025-10-22 10:15:00+02:00,90.99355964535684,105.99
2025-10-22 10:30:00+02:00,82.75059427975464,96.57
2025-10-22 10:45:00+02:00,76.13061577414483,89.81
2025-10-22 11:00:00+02:00,97.49835109404151,98.4
2025-10-22 11:15:00+02:00,90.33683469101776,94.88
2025-10-22 11:30:00+02:00,84.56976663235898,89.62
2025-10-22 11:45:00+02:00,79.61527605885334,81.96
2025-10-22 12:00:00+02:00,86.40080465551003,94.43
2025-10-22 12:15:00+02:00,83.81525405998849,83.83
2025-10-22 12:30:00+02:00,83.0904109580619,84.54
2025-10-22 12:45:00+02:00,82.33055495712392,85.6
2025-10-22 13:00:00+02:00,78.73591168377625,92.73
2025-10-22 13:15:00+02:00,79.22735377949907,87.8
2025-10-22 13:30:00+02:00,79.2911520696843,83.76
2025-10-22 13:45:00+02:00,74.86095056746834,79.71
2025-10-22 14:00:00+02:00,81.85701419418629,80.78
2025-10-22 14:15:00+02:00,86.78674661232566,92.17
2025-10-22 14:30:00+02:00,91.62583436300673,95.87
2025-10-22 14:45:00+02:00,103.20484806417149,105.02
2025-10-22 15:00:00+02:00,87.33096506563716,83.4
2025-10-22 15:15:00+02:00,98.06505073958311,98.77
2025-10-22 15:30:00+02:00,105.32302595597028,123.0
2025-10-22 15:45:00+02:00,120.67338717181846,137.45
2025-10-22 16:00:00+02:00,81.73131519234084,80.16
2025-10-22 16:15:00+02:00,93.41212470068837,108.09
2025-10-22 16:30:00+02:00,114.91217465200242,144.23
2025-10-22 16:45:00+02:00,135.58354023676276,207.52
2025-10-22 17:00:00+02:00,167.75666743667944,132.71
2025-10-22 17:15:00+02:00,138.04435125941052,161.82
2025-10-22 17:30:00+02:00,150.8909546480805,220.03
2025-10-22 17:45:00+02:00,206.3064749008269,277.65
2025-10-22 18:00:00+02:00,139.6445978352838,221.88
2025-10-22 18:15:00+02:00,152.38085695041224,270.09
2025-10-22 18:30:00+02:00,167.11880489737075,340.7
2025-10-22 18:45:00+02:00,187.7188777983364,353.26
2025-10-22 19:00:00+02:00,183.17433233911663,330.32
2025-10-22 19:15:00+02:00,174.69459295598517,305.02
2025-10-22 19:30:00+02:00,168.63459769821515,258.34
2025-10-22 19:45:00+02:00,160.02276936346715,225.36
2025-10-22 20:00:00+02:00,168.0262198876972,259.2
2025-10-22 20:15:00+02:00,148.55088740797157,194.85
2025-10-22 20:30:00+02:00,139.75129487618938,150.57
2025-10-22 20:45:00+02:00,128.06373562606893,136.62
2025-10-22 21:00:00+02:00,122.33070707912226,175.97
2025-10-22 21:15:00+02:00,114.14516015593917,139.36
2025-10-22 21:30:00+02:00,104.95469704637893,117.86
2025-10-22 21:45:00+02:00,95.07622042385623,102.6
2025-10-22 22:00:00+02:00,111.51949208254845,141.33
2025-10-22 22:15:00+02:00,104.95474434265353,127.01
2025-10-22 22:30:00+02:00,100.48019367175414,113.63
2025-10-22 22:45:00+02:00,97.3443108117055,106.29
2025-10-22 23:00:00+02:00,100.37542921863022,114.5
2025-10-22 23:15:00+02:00,95.04452452431258,111.36
2025-10-22 23:30:00+02:00,90.67464558355199,107.41
2025-10-22 23:45:00+02:00,87.33639217114262,99.1
2025-10-23 00:00:00+02:00,108.70239772947077,110.17
2025-10-23 00:15:00+02:00,104.51742848772103,105.55
2025-10-23 00:30:00+02:00,99.1691970827271,97.2
2025-10-23 00:45:00+02:00,94.20849172128634,92.58
2025-10-23 01:00:00+02:00,96.50503200818422,106.1
2025-10-23 01:15:00+02:00,95.86464352515917,103.85
2025-10-23 01:30:00+02:00,93.71669322196836,94.45
2025-10-23 01:45:00+02:00,92.9474696801388,90.58
2025-10-23 02:00:00+02:00,95.25043482589243,107.08
2025-10-23 02:15:00+02:00,92.34496084457197,98.4
2025-10-23 02:30:00+02:00,90.85758293833094,89.07
2025-10-23 02:45:00+02:00,89.77187451995626,85.72
2025-10-23 03:00:00+02:00,89.7878478222076,93.18
2025-10-23 03:15:00+02:00,87.47282204630682,87.13
2025-10-23 03:30:00+02:00,85.32676423627137,74.38
2025-10-23 03:45:00+02:00,87.16387987428139,65.0
2025-10-23 04:00:00+02:00,82.00926024120535,75.27
2025-10-23 04:15:00+02:00,82.94430631590095,70.77
2025-10-23 04:30:00+02:00,85.83717853242213,69.81
2025-10-23 04:45:00+02:00,89.3757500912972,68.14
2025-10-23 05:00:00+02:00,82.7466407230809,67.31
2025-10-23 05:15:00+02:00,84.04195852477073,67.31
2025-10-23 05:30:00+02:00,87.48923090804963,67.55
2025-10-23 05:45:00+02:00,90.8074439765297,67.91
2025-10-23 06:00:00+02:00,92.3302507364579,64.54
2025-10-23 06:15:00+02:00,108.11820319021183,74.02
2025-10-23 06:30:00+02:00,112.72094110106066,72.08
2025-10-23 06:45:00+02:00,116.50399391894202,78.36
2025-10-23 07:00:00+02:00,123.43315386500889,78.97
2025-10-23 07:15:00+02:00,134.2936791030383,84.38
2025-10-23 07:30:00+02:00,144.26355300442887,86.89
2025-10-23 07:45:00+02:00,146.1347937152486,78.89
2025-10-23 08:00:00+02:00,170.3860203870426,100.1
2025-10-23 08:15:00+02:00,159.11697309356472,100.01
2025-10-23 08:30:00+02:00,136.07995467346726,85.01
2025-10-23 08:45:00+02:00,127.03578570460714,74.88
2025-10-23 09:00:00+02:00,135.509666061087,91.98
2025-10-23 09:15:00+02:00,136.08621221885443,87.53
2025-10-23 09:30:00+02:00,114.39338205488468,82.98
2025-10-23 09:45:00+02:00,102.67719657804257,69.58
2025-10-23 10:00:00+02:00,153.11280939550747,95.34
2025-10-23 10:15:00+02:00,132.93750238072292,84.9
2025-10-23 10:30:00+02:00,119.6376445664714,72.65
2025-10-23 10:45:00+02:00,112.9400971822205,65.92
2025-10-23 11:00:00+02:00,130.7579978265884,73.08
2025-10-23 11:15:00+02:00,116.4606177883442,70.28
2025-10-23 11:30:00+02:00,102.1490358333146,68.38
2025-10-23 11:45:00+02:00,98.06934995058822,66.66
2025-10-23 12:00:00+02:00,118.19546830589317,68.05
2025-10-23 12:15:00+02:00,108.99378388207857,66.12
2025-10-23 12:30:00+02:00,101.08311536322773,65.68
2025-10-23 12:45:00+02:00,93.28128003706266,64.54
2025-10-23 13:00:00+02:00,110.94875077076075,65.93
2025-10-23 13:15:00+02:00,110.62689485682712,63.99
2025-10-23 13:30:00+02:00,102.42826519716182,63.56
2025-10-23 13:45:00+02:00,93.5334364575145,62.94
2025-10-23 14:00:00+02:00,71.8050334744149,58.78
2025-10-23 14:15:00+02:00,80.31304801722533,63.02
2025-10-23 14:30:00+02:00,93.69898220192768,65.04
2025-10-23 14:45:00+02:00,104.69103204484524,67.3
2025-10-23 15:00:00+02:00,79.3678531143996,64.56
2025-10-23 15:15:00+02:00,89.54088695210902,68.73
2025-10-23 15:30:00+02:00,100.28188407188807,80.7
2025-10-23 15:45:00+02:00,115.08380569870405,88.43
2025-10-23 16:00:00+02:00,67.92356373344373,70.79
2025-10-23 16:15:00+02:00,85.99353491439548,76.45
2025-10-23 16:30:00+02:00,102.3810695251848,95.0
2025-10-23 16:45:00+02:00,123.21560466177753,99.75
2025-10-23 17:00:00+02:00,104.6052709639027,79.15
2025-10-23 17:15:00+02:00,109.64388397589278,98.92
2025-10-23 17:30:00+02:00,115.00467042288898,105.94
2025-10-23 17:45:00+02:00,129.46274847640555,108.46
2025-10-23 18:00:00+02:00,109.81077133919726,106.94
2025-10-23 18:15:00+02:00,116.02593329975447,114.54
2025-10-23 18:30:00+02:00,121.42814663984166,126.89
2025-10-23 18:45:00+02:00,125.62270356066328,111.35
2025-10-23 19:00:00+02:00,123.18579993656911,129.17
2025-10-23 19:15:00+02:00,117.42066397068663,109.06
2025-10-23 19:30:00+02:00,113.7195156077142,100.95
2025-10-23 19:45:00+02:00,102.43611172174963,92.47
2025-10-23 20:00:00+02:00,107.02398195261972,97.0
2025-10-23 20:15:00+02:00,90.30689107134549,89.49
2025-10-23 20:30:00+02:00,69.72466084113387,86.85
2025-10-23 20:45:00+02:00,27.862786767190926,77.51
2025-10-23 21:00:00+02:00,96.1593633266008,92.31
2025-10-23 21:15:00+02:00,83.5576634541163,85.56
2025-10-23 21:30:00+02:00,55.954635337552084,79.64
2025-10-23 21:45:00+02:00,-0.3911688306625649,73.74
2025-10-23 22:00:00+02:00,96.52482318980661,97.98
2025-10-23 22:15:00+02:00,85.01543043691065,76.69
2025-10-23 22:30:00+02:00,72.45181813615474,73.36
2025-10-23 22:45:00+02:00,93.27195608408343,62.59
2025-10-23 23:00:00+02:00,73.83982536712169,68.34
2025-10-23 23:15:00+02:00,59.61891458951916,61.36
2025-10-23 23:30:00+02:00,58.499596496595494,58.83
2025-10-23 23:45:00+02:00,55.19054598343493,51.78
2025-10-24 00:00:00+02:00,70.16486687829918,15.96
2025-10-24 00:15:00+02:00,62.829873702843415,19.4
2025-10-24 00:30:00+02:00,48.36261890769247,12.93
2025-10-24 00:45:00+02:00,41.003064645190854,9.05
2025-10-24 01:00:00+02:00,54.98434620279044,13.98
2025-10-24 01:15:00+02:00,51.29876845597499,10.02
2025-10-24 01:30:00+02:00,47.570552824111495,8.99
2025-10-24 01:45:00+02:00,46.73574316499977,6.35
2025-10-24 02:00:00+02:00,54.01465248076069,10.03
2025-10-24 02:15:00+02:00,49.28188097462654,6.88
2025-10-24 02:30:00+02:00,45.43430147110178,5.06
2025-10-24 02:45:00+02:00,37.54606187280251,4.13
2025-10-24 03:00:00+02:00,35.40172784010645,3.8
2025-10-24 03:15:00+02:00,27.47892165074117,0.1
2025-10-24 03:30:00+02:00,23.451603292814866,0.1
2025-10-24 03:45:00+02:00,11.97299187831699,0.1
2025-10-24 04:00:00+02:00,13.878081408922426,2.52
2025-10-24 04:15:00+02:00,13.33795363188598,1.34
2025-10-24 04:30:00+02:00,24.16179459257919,2.33
2025-10-24 04:45:00+02:00,26.54517906141183,2.57
2025-10-24 05:00:00+02:00,19.841757950215765,4.13
2025-10-24 05:15:00+02:00,32.21026173048851,4.66
2025-10-24 05:30:00+02:00,33.47226274008439,7.35
2025-10-24 05:45:00+02:00,48.07967965716287,13.96
2025-10-24 06:00:00+02:00,32.09722166612531,7.31
2025-10-24 06:15:00+02:00,65.81028241218905,17.08
2025-10-24 06:30:00+02:00,76.74199474959792,28.18
2025-10-24 06:45:00+02:00,77.68432630580229,40.54
2025-10-24 07:00:00+02:00,77.28511940813425,50.6
2025-10-24 07:15:00+02:00,88.48654082623776,58.61
2025-10-24 07:30:00+02:00,94.41812139311921,72.7
2025-10-24 07:45:00+02:00,98.0843336193486,78.03
2025-10-24 08:00:00+02:00,119.08362601842036,85.7
2025-10-24 08:15:00+02:00,114.35620339103728,88.96
2025-10-24 08:30:00+02:00,109.62063551205871,85.87
2025-10-24 08:45:00+02:00,96.62548356591145,78.95
2025-10-24 09:00:00+02:00,107.22872067551103,88.37
2025-10-24 09:15:00+02:00,97.46550247599892,81.15
2025-10-24 09:30:00+02:00,90.59388054683679,71.86
2025-10-24 09:45:00+02:00,78.88084699417382,64.81
2025-10-24 10:00:00+02:00,92.35246828366951,75.8
2025-10-24 10:15:00+02:00,84.47834243479588,63.27
2025-10-24 10:30:00+02:00,81.40235684274472,52.97
2025-10-24 10:45:00+02:00,75.15188445275612,41.17
2025-10-24 11:00:00+02:00,72.57639843139751,56.08
2025-10-24 11:15:00+02:00,65.99361614487708,44.28
2025-10-24 11:30:00+02:00,63.93647459650882,26.58
2025-10-24 11:45:00+02:00,59.64793036198233,5.06
2025-10-24 12:00:00+02:00,56.485360399758214,5.02
2025-10-24 12:15:00+02:00,51.899382037695794,0.0
2025-10-24 12:30:00+02:00,49.714929423410645,0.0
2025-10-24 12:45:00+02:00,46.25071739880604,-0.01
2025-10-24 13:00:00+02:00,40.4700538702736,0.0
2025-10-24 13:15:00+02:00,40.83400910435485,-0.01
2025-10-24 13:30:00+02:00,39.52634837240642,-0.01
2025-10-24 13:45:00+02:00,36.671501140275105,-0.02
2025-10-24 14:00:00+02:00,30.617991240262125,-0.02
2025-10-24 14:15:00+02:00,36.16532704325611,-0.01
2025-10-24 14:30:00+02:00,38.63933865988823,-0.01
2025-10-24 14:45:00+02:00,46.925481457984034,0.0
2025-10-24 15:00:00+02:00,35.68933422774167,-0.01
2025-10-24 15:15:00+02:00,39.94523193746609,0.0
2025-10-24 15:30:00+02:00,48.35220478140306,2.24
2025-10-24 15:45:00+02:00,51.91666918823475,5.01
2025-10-24 16:00:00+02:00,42.057612504966386,5.03
2025-10-24 16:15:00+02:00,49.04473310029674,26.67
2025-10-24 16:30:00+02:00,56.8908150704978,50.22
2025-10-24 16:45:00+02:00,67.23409857603193,67.36
2025-10-24 17:00:00+02:00,33.198674956963124,49.82
2025-10-24 17:15:00+02:00,71.1635089182243,62.25
2025-10-24 17:30:00+02:00,80.81583598856253,70.18
2025-10-24 17:45:00+02:00,86.10016315670677,82.79
2025-10-24 18:00:00+02:00,83.71865415117777,68.51
2025-10-24 18:15:00+02:00,88.72466750202365,70.88
2025-10-24 18:30:00+02:00,94.78893454187177,78.44
2025-10-24 18:45:00+02:00,95.88520710906127,80.61
2025-10-24 19:00:00+02:00,64.37308875967737,85.15
2025-10-24 19:15:00+02:00,60.74023104186193,72.73
2025-10-24 19:30:00+02:00,52.418769421638785,70.56
2025-10-24 19:45:00+02:00,52.40674661469919,70.01
2025-10-24 20:00:00+02:00,44.61424121279629,70.01
2025-10-24 20:15:00+02:00,-2.996783948934791,62.38
2025-10-24 20:30:00+02:00,-2.024348662841774,49.01
2025-10-24 20:45:00+02:00,-67.17759218320785,46.8
2025-10-24 21:00:00+02:00,61.18470504261955,60.52
2025-10-24 21:15:00+02:00,54.48480068125619,51.5
2025-10-24 21:30:00+02:00,27.64382483001161,36.69
2025-10-24 21:45:00+02:00,-14.857636835133832,17.32
2025-10-24 22:00:00+02:00,80.98501437585934,36.41
2025-10-24 22:15:00+02:00,62.957353349537016,28.45
2025-10-24 22:30:00+02:00,43.38504198368774,30.82
2025-10-24 22:45:00+02:00,68.4560023153889,20.01
2025-10-24 23:00:00+02:00,51.01129353941458,23.19
2025-10-24 23:15:00+02:00,37.52268652910079,7.52
2025-10-24 23:30:00+02:00,27.496068533246998,5.27
2025-10-24 23:45:00+02:00,7.500217728513519,3.89
2025-10-25 00:00:00+02:00,24.983241346948944,3.26
2025-10-25 00:15:00+02:00,32.31239876126852,4.21
2025-10-25 00:30:00+02:00,23.480754735210795,3.84
2025-10-25 00:45:00+02:00,15.761968829847888,2.79
2025-10-25 01:00:00+02:00,2.990381293752236,2.34
2025-10-25 01:15:00+02:00,2.368631113554528,2.11
2025-10-25 01:30:00+02:00,-11.877676342363344,0.78
2025-10-25 01:45:00+02:00,-13.968396506363945,0.05
2025-10-25 02:00:00+02:00,24.941936845762335,2.28
2025-10-25 02:15:00+02:00,14.027178995031733,1.32
2025-10-25 02:30:00+02:00,-0.3654638851970162,0.1
2025-10-25 02:45:00+02:00,-6.927356888025869,0.0
2025-10-25 03:00:00+02:00,4.467150249074194,0.0
2025-10-25 03:15:00+02:00,-2.682126087653529,0.0
2025-10-25 03:30:00+02:00,-0.42192747300804,0.0
2025-10-25 03:45:00+02:00,-0.5622698666260817,-0.01
2025-10-25 04:00:00+02:00,2.8397273112134513,-0.01
2025-10-25 04:15:00+02:00,5.378878715994361,-0.01
2025-10-25 04:30:00+02:00,6.988870572352894,0.0
2025-10-25 04:45:00+02:00,7.075399961000613,-0.01
2025-10-25 05:00:00+02:00,-15.696212359532154,0.0
2025-10-25 05:15:00+02:00,11.53291085586784,0.0
2025-10-25 05:30:00+02:00,10.59362319081481,0.37
2025-10-25 05:45:00+02:00,11.413504327104476,0.29
2025-10-25 06:00:00+02:00,-215.36699860737832,-0.01
2025-10-25 06:15:00+02:00,-9.58515404869567,0.0
2025-10-25 06:30:00+02:00,5.520905955395662,0.52
2025-10-25 06:45:00+02:00,7.535820792944705,1.58
2025-10-25 07:00:00+02:00,-22.338887406289004,1.6
2025-10-25 07:15:00+02:00,-1.414989359896623,1.93
2025-10-25 07:30:00+02:00,6.878577138585726,0.45
2025-10-25 07:45:00+02:00,17.567016621532474,-0.02
2025-10-25 08:00:00+02:00,3.7706935793930967,3.87
2025-10-25 08:15:00+02:00,28.462922769991636,3.23
2025-10-25 08:30:00+02:00,36.84069423986266,4.24
2025-10-25 08:45:00+02:00,7.695524066635372,4.64
2025-10-25 09:00:00+02:00,45.4274615430217,8.46
2025-10-25 09:15:00+02:00,22.96142361994609,7.32
2025-10-25 09:30:00+02:00,13.649691214020052,7.08
2025-10-25 09:45:00+02:00,-6.6278443645932725,7.47
2025-10-25 10:00:00+02:00,28.126678526100932,7.79
2025-10-25 10:15:00+02:00,10.012535181078533,7.45
2025-10-25 10:30:00+02:00,-8.357170282993664,6.24
2025-10-25 10:45:00+02:00,-19.572288075345085,5.43
2025-10-25 11:00:00+02:00,11.502645071810186,5.45
2025-10-25 11:15:00+02:00,3.3646538612492662,3.58
2025-10-25 11:30:00+02:00,-4.9658406658320615,5.05
2025-10-25 11:45:00+02:00,-27.869767569772087,4.98
2025-10-25 12:00:00+02:00,-3.5719184422501797,5.03
2025-10-25 12:15:00+02:00,-1.7482969952641412,5.87
2025-10-25 12:30:00+02:00,-3.3606836273392275,7.48
2025-10-25 12:45:00+02:00,-9.899736921536963,6.0
2025-10-25 13:00:00+02:00,2.1375937021535094,5.09
2025-10-25 13:15:00+02:00,-0.7429360970649164,4.07
2025-10-25 13:30:00+02:00,-2.840368673362935,3.77
2025-10-25 13:45:00+02:00,-4.714003990955746,4.55
2025-10-25 14:00:00+02:00,-5.656562703396908,1.62
2025-10-25 14:15:00+02:00,-0.00013667581708176613,2.5
2025-10-25 14:30:00+02:00,1.8612367245499257,5.04
2025-10-25 14:45:00+02:00,11.10610280643822,6.96
2025-10-25 15:00:00+02:00,-10.335625685518124,1.39
2025-10-25 15:15:00+02:00,3.5397281956083617,4.96
2025-10-25 15:30:00+02:00,10.19988731406211,5.06
2025-10-25 15:45:00+02:00,20.684146947003356,4.37
2025-10-25 16:00:00+02:00,11.359574715159745,3.88
2025-10-25 16:15:00+02:00,2.8083400665463216,5.05
2025-10-25 16:30:00+02:00,26.281105606280477,4.46
2025-10-25 16:45:00+02:00,37.50258113977911,8.84
2025-10-25 17:00:00+02:00,26.806912476312462,10.09
2025-10-25 17:15:00+02:00,58.19806454773029,23.77
2025-10-25 17:30:00+02:00,65.09702559763625,31.55
2025-10-25 17:45:00+02:00,47.33239480136053,35.82
2025-10-25 18:00:00+02:00,81.00782580128413,48.75
2025-10-25 18:15:00+02:00,83.5273841241991,52.25
2025-10-25 18:30:00+02:00,86.81089521233956,60.0
2025-10-25 18:45:00+02:00,81.9307178329206,60.01
2025-10-25 19:00:00+02:00,63.33708055039249,66.19
2025-10-25 19:15:00+02:00,67.0327263785793,64.41
2025-10-25 19:30:00+02:00,62.379921804381326,60.0
2025-10-25 19:45:00+02:00,68.33113094860377,54.46
2025-10-25 20:00:00+02:00,54.21179598688164,58.09
2025-10-25 20:15:00+02:00,37.3770159028506,39.16
2025-10-25 20:30:00+02:00,27.302776927849962,30.87
2025-10-25 20:45:00+02:00,5.024881767345519,7.86
2025-10-25 21:00:00+02:00,39.39591020265095,32.53
2025-10-25 21:15:00+02:00,43.64200253663331,16.06
2025-10-25 21:30:00+02:00,34.66403204918082,5.07
2025-10-25 21:45:00+02:00,15.437543898077536,2.77
2025-10-25 22:00:00+02:00,58.050627098608636,21.83
2025-10-25 22:15:00+02:00,43.51998495343957,13.02
2025-10-25 22:30:00+02:00,52.44168970986008,17.65
2025-10-25 22:45:00+02:00,61.97183513009407,14.23
2025-10-25 23:00:00+02:00,57.50924920638249,13.2
2025-10-25 23:15:00+02:00,50.86771949975883,8.18
2025-10-25 23:30:00+02:00,44.39442639731409,7.01
2025-10-25 23:45:00+02:00,37.735678607793965,4.29
2025-10-26 00:00:00+02:00,12.32576076170318,7.17
2025-10-26 00:15:00+02:00,10.597292688971578,6.57
2025-10-26 00:30:00+02:00,0.19924039288767403,4.29
2025-10-26 00:45:00+02:00,5.102603512132873,4.26
2025-10-26 01:00:00+02:00,0.31043579069282146,4.01
2025-10-26 01:15:00+02:00,-4.93152731413781,3.76
2025-10-26 01:30:00+02:00,-14.038580618754267,3.75
2025-10-26 01:45:00+02:00,-18.303750898111574,3.27
2025-10-26 02:00:00+02:00,-1.0127736333002133,3.99
2025-10-26 02:15:00+02:00,-18.382180758753407,3.33
2025-10-26 02:30:00+02:00,-14.924007764394858,3.04
2025-10-26 02:45:00+02:00,-5.657525122241523,2.4
2025-10-26 02:00:00+01:00,-1.0127736333002133,2.89
2025-10-26 02:15:00+01:00,-18.382180758753407,2.5
2025-10-26 02:30:00+01:00,-14.924007764394858,2.12
2025-10-26 02:45:00+01:00,-5.657525122241523,0.55
2025-10-26 03:00:00+01:00,-9.503565941358843,1.23
2025-10-26 03:15:00+01:00,-7.985906388528704,0.04
2025-10-26 03:30:00+01:00,2.23772480719137,0.1
2025-10-26 03:45:00+01:00,6.046471141887935,0.0
2025-10-26 04:00:00+01:00,11.790325270207191,0.2
2025-10-26 04:15:00+01:00,11.896773946045244,0.1
2025-10-26 04:30:00+01:00,12.879262480895036,0.1
2025-10-26 04:45:00+01:00,6.051560325836633,0.01
2025-10-26 05:00:00+01:00,8.18361564281824,0.12
2025-10-26 05:15:00+01:00,21.14526738446827,0.1
2025-10-26 05:30:00+01:00,18.556005523172814,0.1
2025-10-26 05:45:00+01:00,10.387944896744202,0.1
2025-10-26 06:00:00+01:00,-203.62821695154156,0.0
2025-10-26 06:15:00+01:00,-11.7996390555939,0.03
2025-10-26 06:30:00+01:00,2.486413007629011,0.3
2025-10-26 06:45:00+01:00,-12.992936247597143,0.1
2025-10-26 07:00:00+01:00,13.357004438986863,0.32
2025-10-26 07:15:00+01:00,-11.269635452120298,0.1
2025-10-26 07:30:00+01:00,-49.354673085436076,0.0
2025-10-26 07:45:00+01:00,-29.528793689930822,-0.01
2025-10-26 08:00:00+01:00,-119.65945323750348,0.01
2025-10-26 08:15:00+01:00,-125.80408572421747,0.0
2025-10-26 08:30:00+01:00,-127.75186472426829,-0.01
2025-10-26 08:45:00+01:00,-145.96391577666128,-0.04
2025-10-26 09:00:00+01:00,6.58887322076545,-0.04
2025-10-26 09:15:00+01:00,-18.708886707049345,-0.07
2025-10-26 09:30:00+01:00,-17.392112717144272,-0.09
2025-10-26 09:45:00+01:00,-25.94689371642012,-1.05
2025-10-26 10:00:00+01:00,11.626675745641862,-0.07
2025-10-26 10:15:00+01:00,-15.537324787577845,-0.07
2025-10-26 10:30:00+01:00,-11.206658127958704,-0.06
2025-10-26 10:45:00+01:00,-18.522146411181282,-0.06
2025-10-26 11:00:00+01:00,-6.08856110299341,-0.09
2025-10-26 11:15:00+01:00,-14.00353800952334,-0.08
2025-10-26 11:30:00+01:00,-20.42720591686195,-0.07
2025-10-26 11:45:00+01:00,-34.737216396614706,-0.08
2025-10-26 12:00:00+01:00,-24.4105338065279,-0.08
2025-10-26 12:15:00+01:00,-23.959619386922597,-0.07
2025-10-26 12:30:00+01:00,-24.08545176225337,-0.05
2025-10-26 12:45:00+01:00,-22.912159015928616,-0.06
2025-10-26 13:00:00+01:00,-25.17835597969202,-0.06
2025-10-26 13:15:00+01:00,-25.60403074716796,-0.07
2025-10-26 13:30:00+01:00,-26.877654539690937,-1.0
2025-10-26 13:45:00+01:00,-27.619415704964243,-1.05
2025-10-26 14:00:00+01:00,-27.714764343592265,-0.32
2025-10-26 14:15:00+01:00,-23.238913658332308,-1.03
2025-10-26 14:30:00+01:00,-19.965653281787667,-1.04
2025-10-26 14:45:00+01:00,-11.76862855422867,-0.54
2025-10-26 15:00:00+01:00,-14.96311300707682,-1.02
2025-10-26 15:15:00+01:00,-7.669383510138914,-0.07
2025-10-26 15:30:00+01:00,-1.6114631655150404,0.0
2025-10-26 15:45:00+01:00,0.7425371472950317,1.05
2025-10-26 16:00:00+01:00,-4.339050037118227,-0.04
2025-10-26 16:15:00+01:00,2.6376153869164227,0.1
2025-10-26 16:30:00+01:00,5.933585080239979,0.0
2025-10-26 16:45:00+01:00,13.902039405117364,12.09
2025-10-26 17:00:00+01:00,16.918918426935946,3.83
2025-10-26 17:15:00+01:00,41.73646609989981,27.51
2025-10-26 17:30:00+01:00,40.53534001473272,42.19
2025-10-26 17:45:00+01:00,28.087786173036015,46.48
2025-10-26 18:00:00+01:00,35.247453686245294,47.82
2025-10-26 18:15:00+01:00,37.594479961465254,43.86
2025-10-26 18:30:00+01:00,21.837845509341847,49.34
2025-10-26 18:45:00+01:00,-2.102056772665648,27.07
2025-10-26 19:00:00+01:00,-115.8260283039036,41.4
2025-10-26 19:15:00+01:00,-148.85739355477853,39.7
2025-10-26 19:30:00+01:00,-126.61486965991836,30.0
2025-10-26 19:45:00+01:00,-129.9617684911653,27.82
2025-10-26 20:00:00+01:00,-65.57213834212615,43.49
2025-10-26 20:15:00+01:00,-90.04700398389929,17.91
2025-10-26 20:30:00+01:00,-84.35733039996042,2.57
2025-10-26 20:45:00+01:00,-95.54586169701284,2.6
2025-10-26 21:00:00+01:00,2.1757897516128395,3.88
2025-10-26 21:15:00+01:00,9.311140319871797,2.66
2025-10-26 21:30:00+01:00,6.62389575798052,3.17
2025-10-26 21:45:00+01:00,-5.734435558536347,2.55
2025-10-26 22:00:00+01:00,27.786974297363415,14.06
2025-10-26 22:15:00+01:00,4.515277201008473,11.43
2025-10-26 22:30:00+01:00,22.874009887566686,22.63
2025-10-26 22:45:00+01:00,11.295246356144176,11.51
2025-10-27 00:00:00+01:00,0.9503807877866848,2.82
2025-10-27 00:15:00+01:00,-31.762052708950577,2.55
2025-10-27 00:30:00+01:00,-26.210009680258082,0.0
2025-10-27 00:45:00+01:00,-16.00021212311904,0.0
2025-10-27 01:00:00+01:00,-10.33741811313351,2.83
2025-10-27 01:15:00+01:00,-15.301488209365175,2.49
2025-10-27 01:30:00+01:00,-8.298977295985068,1.19
2025-10-27 01:45:00+01:00,-8.740914001343413,0.79
2025-10-27 02:00:00+01:00,-29.49773525648891,2.81
2025-10-27 02:15:00+01:00,-15.175034802791615,1.38
2025-10-27 02:30:00+01:00,-25.785402462702848,0.72
2025-10-27 02:45:00+01:00,-11.328078764435062,0.09
2025-10-27 03:00:00+01:00,-8.745199570672625,0.0
2025-10-27 03:15:00+01:00,-20.992759494378078,0.0
2025-10-27 03:30:00+01:00,-18.45780898277623,0.0
2025-10-27 03:45:00+01:00,-3.0941055891838545,-0.01
2025-10-27 04:00:00+01:00,2.587738621233811,-0.1
2025-10-27 04:15:00+01:00,3.482916272846481,0.0
2025-10-27 04:30:00+01:00,1.7125935699534267,1.07
2025-10-27 04:45:00+01:00,-3.1424335541524755,4.26
2025-10-27 05:00:00+01:00,32.78633512576287,3.82
2025-10-27 05:15:00+01:00,39.01841211582472,4.27
2025-10-27 05:30:00+01:00,42.82761092299462,10.77
2025-10-27 05:45:00+01:00,51.06744088314291,24.27
2025-10-27 06:00:00+01:00,50.50650431010504,15.5
2025-10-27 06:15:00+01:00,83.6325712212545,36.2
2025-10-27 06:30:00+01:00,86.94642020285451,68.27
2025-10-27 06:45:00+01:00,84.3143315391892,100.03
2025-10-27 07:00:00+01:00,94.69737135126171,74.1
2025-10-27 07:15:00+01:00,95.1618839686889,89.68
2025-10-27 07:30:00+01:00,94.67620611878642,89.99
2025-10-27 07:45:00+01:00,100.83761561902905,90.49
2025-10-27 08:00:00+01:00,96.49282511573708,101.98
2025-10-27 08:15:00+01:00,99.16846538262885,101.7
2025-10-27 08:30:00+01:00,93.99699613845902,101.87
2025-10-27 08:45:00+01:00,90.72657762091981,95.04
2025-10-27 09:00:00+01:00,95.45309531083245,109.35
2025-10-27 09:15:00+01:00,94.56048811037121,105.01
2025-10-27 09:30:00+01:00,92.01956143848768,100.97
2025-10-27 09:45:00+01:00,91.57129799874947,92.11
2025-10-27 10:00:00+01:00,84.20335248576596,105.0
2025-10-27 10:15:00+01:00,81.06178393136379,99.63
2025-10-27 10:30:00+01:00,74.4632368542706,95.01
2025-10-27 10:45:00+01:00,68.14468514350712,87.31
2025-10-27 11:00:00+01:00,69.09135961280329,99.21
2025-10-27 11:15:00+01:00,63.530616559086745,97.53
2025-10-27 11:30:00+01:00,57.56831586477073,93.01
2025-10-27 11:45:00+01:00,51.60115633862344,88.78
2025-10-27 12:00:00+01:00,37.736602452354816,88.05
2025-10-27 12:15:00+01:00,38.281665390325095,80.05
2025-10-27 12:30:00+01:00,39.480991403236736,81.15
2025-10-27 12:45:00+01:00,38.44594286200446,81.54
2025-10-27 13:00:00+01:00,35.519272668657955,82.55
2025-10-27 13:15:00+01:00,36.78493791283515,82.17
2025-10-27 13:30:00+01:00,35.946143492003465,81.34
2025-10-27 13:45:00+01:00,35.267122336072916,78.43
2025-10-27 14:00:00+01:00,35.472123917827254,75.34
2025-10-27 14:15:00+01:00,36.096767167189,80.39
2025-10-27 14:30:00+01:00,37.38608831755993,84.72
2025-10-27 14:45:00+01:00,40.97055164255064,92.94
2025-10-27 15:00:00+01:00,53.17870968250165,73.92
2025-10-27 15:15:00+01:00,53.50768728591323,73.99
2025-10-27 15:30:00+01:00,56.191919119644915,87.3
2025-10-27 15:45:00+01:00,52.83150143905885,99.45
2025-10-27 16:00:00+01:00,60.106501163230234,87.3
2025-10-27 16:15:00+01:00,72.49369143132927,94.73
2025-10-27 16:30:00+01:00,73.62863120675013,103.89
2025-10-27 16:45:00+01:00,75.00412829836235,111.01
2025-10-27 17:00:00+01:00,78.17045290374574,100.52
2025-10-27 17:15:00+01:00,88.66078472309204,106.68
2025-10-27 17:30:00+01:00,87.38752934493459,113.06
2025-10-27 17:45:00+01:00,90.401893374222,122.58
2025-10-27 18:00:00+01:00,86.52641674566885,114.27
2025-10-27 18:15:00+01:00,89.21012422638475,119.64
2025-10-27 18:30:00+01:00,95.02141919016965,136.43
2025-10-27 18:45:00+01:00,89.25904615224803,135.81
2025-10-27 19:00:00+01:00,78.97734669987786,136.77
2025-10-27 19:15:00+01:00,75.88798111970715,123.88
2025-10-27 19:30:00+01:00,76.60410475716759,102.93
2025-10-27 19:45:00+01:00,75.04557584036226,90.41
2025-10-27 20:00:00+01:00,84.09663533966797,104.98
2025-10-27 20:15:00+01:00,68.88213224720346,107.92
2025-10-27 20:30:00+01:00,57.93605729560085,92.68
2025-10-27 20:45:00+01:00,38.15519287205615,74.56
2025-10-27 21:00:00+01:00,79.59071022292397,88.9
2025-10-27 21:15:00+01:00,77.3863594456251,87.33
2025-10-27 21:30:00+01:00,68.06946430142648,72.52
2025-10-27 21:45:00+01:00,60.050189193794935,63.01
2025-10-27 22:00:00+01:00,72.06939657827218,83.93
2025-10-27 22:15:00+01:00,59.94158465402105,76.05
2025-10-27 22:30:00+01:00,54.33756573774557,76.19
2025-10-27 22:45:00+01:00,35.02439755760332,61.75
2025-10-27 23:00:00+01:00,49.40591246732359,80.0
2025-10-27 23:15:00+01:00,39.998932790516236,68.02
2025-10-27 23:30:00+01:00,42.50756389479651,55.61
2025-10-27 23:45:00+01:00,41.72111524392689,46.07
2025-10-28 00:00:00+01:00,73.47348187968917,54.94
2025-10-28 00:15:00+01:00,66.86591482656794,51.65
2025-10-28 00:30:00+01:00,54.41403197512818,41.12
2025-10-28 00:45:00+01:00,47.2057745897005,28.73
2025-10-28 01:00:00+01:00,65.17084043079636,39.94
2025-10-28 01:15:00+01:00,57.16357150366874,28.49
2025-10-28 01:30:00+01:00,52.56874796915331,26.73
2025-10-28 01:45:00+01:00,46.147281484846154,20.37
2025-10-28 02:00:00+01:00,61.91250838761871,21.79
2025-10-28 02:15:00+01:00,53.90588107146453,18.07
2025-10-28 02:30:00+01:00,49.178988724267064,17.4
2025-10-28 02:45:00+01:00,47.27251361583097,16.91
2025-10-28 03:00:00+01:00,54.519370788274,13.19
2025-10-28 03:15:00+01:00,49.39492088012373,10.03
2025-10-28 03:30:00+01:00,46.58661643121705,8.85
2025-10-28 03:45:00+01:00,43.548092960490834,8.82
2025-10-28 04:00:00+01:00,39.416421382685876,5.02
2025-10-28 04:15:00+01:00,40.361543102319466,6.43
2025-10-28 04:30:00+01:00,48.324891985549854,12.33
2025-10-28 04:45:00+01:00,54.762980388609435,20.03
2025-10-28 05:00:00+01:00,46.84250258696736,12.9
2025-10-28 05:15:00+01:00,48.10112079367622,15.49
2025-10-28 05:30:00+01:00,56.99030566765722,39.93
2025-10-28 05:45:00+01:00,70.36639114878646,53.31
2025-10-28 06:00:00+01:00,85.14273051501928,23.63
2025-10-28 06:15:00+01:00,93.16398051082206,56.05
2025-10-28 06:30:00+01:00,94.98792046319191,74.52
2025-10-28 06:45:00+01:00,99.50288132515458,83.89
2025-10-28 07:00:00+01:00,95.35708611075871,85.93
2025-10-28 07:15:00+01:00,103.30832298973203,83.78
2025-10-28 07:30:00+01:00,112.8074307355742,77.07
2025-10-28 07:45:00+01:00,111.36642843852654,74.75
2025-10-28 08:00:00+01:00,125.5394647877647,99.59
2025-10-28 08:15:00+01:00,137.09353744584612,90.63
2025-10-28 08:30:00+01:00,135.20142104983773,84.76
2025-10-28 08:45:00+01:00,123.11445947234816,82.6
2025-10-28 09:00:00+01:00,133.02003284004732,98.48
2025-10-28 09:15:00+01:00,126.50068572279545,89.91
2025-10-28 09:30:00+01:00,107.54044188954448,84.17
2025-10-28 09:45:00+01:00,102.89654972719185,76.9
2025-10-28 10:00:00+01:00,124.91710655915264,92.91
2025-10-28 10:15:00+01:00,112.24748960315684,81.7
2025-10-28 10:30:00+01:00,98.70118546313971,77.58
2025-10-28 10:45:00+01:00,90.69398911805808,71.82
2025-10-28 11:00:00+01:00,100.2078110435483,78.61
2025-10-28 11:15:00+01:00,89.10036959929013,75.21
2025-10-28 11:30:00+01:00,83.11198109055803,74.04
2025-10-28 11:45:00+01:00,77.49405826709467,73.8
2025-10-28 12:00:00+01:00,72.55212739910937,73.34
2025-10-28 12:15:00+01:00,70.46768958861469,68.04
2025-10-28 12:30:00+01:00,69.21077606550028,65.81
2025-10-28 12:45:00+01:00,64.93568043404211,63.05
2025-10-28 13:00:00+01:00,57.00487957239281,65.17
2025-10-28 13:15:00+01:00,56.03609804522445,62.75
2025-10-28 13:30:00+01:00,53.57609720250409,61.25
2025-10-28 13:45:00+01:00,50.417796061241795,60.04
2025-10-28 14:00:00+01:00,45.92635207312343,56.8
2025-10-28 14:15:00+01:00,46.8566261905423,61.87
2025-10-28 14:30:00+01:00,53.0134717028958,68.4
2025-10-28 14:45:00+01:00,51.986069161514976,70.61
2025-10-28 15:00:00+01:00,59.341363843457295,46.06
2025-10-28 15:15:00+01:00,63.734788704964245,79.71
2025-10-28 15:30:00+01:00,70.63405786250607,84.94
2025-10-28 15:45:00+01:00,77.72829601922102,81.68
2025-10-28 16:00:00+01:00,62.48600919914296,68.12
2025-10-28 16:15:00+01:00,81.14930820406009,84.21
2025-10-28 16:30:00+01:00,90.24616919570963,79.22
2025-10-28 16:45:00+01:00,98.1483977811058,88.74
2025-10-28 17:00:00+01:00,77.05470245615778,81.39
2025-10-28 17:15:00+01:00,91.86349202235,90.07
2025-10-28 17:30:00+01:00,104.70483681442009,99.84
2025-10-28 17:45:00+01:00,116.47159072490831,104.03
2025-10-28 18:00:00+01:00,93.86141979304789,106.56
2025-10-28 18:15:00+01:00,100.99921740072647,107.74
2025-10-28 18:30:00+01:00,111.32453509200148,115.35
2025-10-28 18:45:00+01:00,111.83361683374672,111.27
2025-10-28 19:00:00+01:00,105.41229311327211,112.79
2025-10-28 19:15:00+01:00,101.03364365380791,109.01
2025-10-28 19:30:00+01:00,97.06162866721753,104.73
2025-10-28 19:45:00+01:00,93.13990758879577,101.12
2025-10-28 20:00:00+01:00,97.26878518498758,100.3
2025-10-28 20:15:00+01:00,85.88290459725263,92.97
2025-10-28 20:30:00+01:00,60.31042429047058,87.91
2025-10-28 20:45:00+01:00,42.23279138363594,86.52
2025-10-28 21:00:00+01:00,87.40323732545966,89.67
2025-10-28 21:15:00+01:00,79.97983000373713,85.88
2025-10-28 21:30:00+01:00,68.11491091439395,78.36
2025-10-28 21:45:00+01:00,52.64354711247403,69.44
2025-10-28 22:00:00+01:00,84.43390504473949,87.36
2025-10-28 22:15:00+01:00,69.43232145172075,77.27
2025-10-28 22:30:00+01:00,65.66637736220363,77.04
2025-10-28 22:45:00+01:00,47.22231161534577,76.65
2025-10-28 23:00:00+01:00,69.39560955074353,78.01
2025-10-28 23:15:00+01:00,58.693187896925835,73.46
2025-10-28 23:30:00+01:00,51.11787154982435,74.59
2025-10-28 23:45:00+01:00,39.01140585928178,66.83
2025-10-29 00:00:00+01:00,73.3940265475822,65.83
2025-10-29 00:15:00+01:00,68.22451066605994,62.1
2025-10-29 00:30:00+01:00,69.46872884803167,55.9
2025-10-29 00:45:00+01:00,64.1401126482854,51.38
2025-10-29 01:00:00+01:00,70.07865988113358,57.96
2025-10-29 01:15:00+01:00,69.01897328589838,53.66
2025-10-29 01:30:00+01:00,70.74737063266335,53.02
2025-10-29 01:45:00+01:00,66.14595322473194,51.5
2025-10-29 02:00:00+01:00,70.15786363810014,53.21
2025-10-29 02:15:00+01:00,71.22520769812505,52.59
2025-10-29 02:30:00+01:00,69.38417323040466,55.54
2025-10-29 02:45:00+01:00,66.69011453627606,55.28
2025-10-29 03:00:00+01:00,72.19934755506584,57.35
2025-10-29 03:15:00+01:00,70.60766807339392,57.6
2025-10-29 03:30:00+01:00,64.84995316849472,56.18
2025-10-29 03:45:00+01:00,63.66347333949166,54.26
2025-10-29 04:00:00+01:00,65.48064446068388,48.64
2025-10-29 04:15:00+01:00,66.15470075626617,53.06
2025-10-29 04:30:00+01:00,66.49916749083687,56.34
2025-10-29 04:45:00+01:00,72.22850831321588,60.86
2025-10-29 05:00:00+01:00,69.01791768377598,51.67
2025-10-29 05:15:00+01:00,72.39513335976868,58.77
2025-10-29 05:30:00+01:00,76.34378870825343,73.29
2025-10-29 05:45:00+01:00,82.42681912737405,82.74
2025-10-29 06:00:00+01:00,75.30176730612695,64.35
2025-10-29 06:15:00+01:00,92.85442705344593,87.11
2025-10-29 06:30:00+01:00,100.35731237001869,99.76
2025-10-29 06:45:00+01:00,108.72023656877697,130.51
2025-10-29 07:00:00+01:00,104.51754060111969,104.81
2025-10-29 07:15:00+01:00,112.00687419449211,110.95
2025-10-29 07:30:00+01:00,117.46658180244754,110.41
2025-10-29 07:45:00+01:00,118.6311624971003,103.96
2025-10-29 08:00:00+01:00,127.92495594478781,120.34
2025-10-29 08:15:00+01:00,130.68880128478293,108.57
2025-10-29 08:30:00+01:00,158.69980880435844,97.15
2025-10-29 08:45:00+01:00,134.5728292906433,75.0
2025-10-29 09:00:00+01:00,121.73633343196803,108.09
2025-10-29 09:15:00+01:00,113.2667171469163,91.25
2025-10-29 09:30:00+01:00,101.35691243036416,75.1
2025-10-29 09:45:00+01:00,96.69799936804637,68.78
2025-10-29 10:00:00+01:00,110.2621592398124,82.13
2025-10-29 10:15:00+01:00,100.88488887066107,71.67
2025-10-29 10:30:00+01:00,90.44291257256202,68.57
2025-10-29 10:45:00+01:00,81.76235963806637,65.44
2025-10-29 11:00:00+01:00,88.10947732239876,70.94
2025-10-29 11:15:00+01:00,81.04038839097893,69.51
2025-10-29 11:30:00+01:00,73.8186024460307,70.05
2025-10-29 11:45:00+01:00,66.92101570859107,70.35
2025-10-29 12:00:00+01:00,73.40741605140938,64.7
2025-10-29 12:15:00+01:00,68.5067109208006,68.9
2025-10-29 12:30:00+01:00,67.7026541877345,71.57
2025-10-29 12:45:00+01:00,68.82296703551856,78.18
2025-10-29 13:00:00+01:00,66.91284880466613,70.07
2025-10-29 13:15:00+01:00,67.2734872622899,74.88
2025-10-29 13:30:00+01:00,65.50421092088489,75.64
2025-10-29 13:45:00+01:00,62.93696240077247,87.86
2025-10-29 14:00:00+01:00,68.19661616183996,60.03
2025-10-29 14:15:00+01:00,73.9710372107903,80.0
2025-10-29 14:30:00+01:00,79.82406130987137,100.2
2025-10-29 14:45:00+01:00,87.09083646668775,115.18
2025-10-29 15:00:00+01:00,77.27731582195833,94.81
2025-10-29 15:15:00+01:00,79.60171076633445,106.55
2025-10-29 15:30:00+01:00,92.09701240993097,125.06
2025-10-29 15:45:00+01:00,104.77099509088507,139.01
2025-10-29 16:00:00+01:00,86.12430387880329,115.55
2025-10-29 16:15:00+01:00,100.19142782266937,122.58
2025-10-29 16:30:00+01:00,114.77319403775897,124.91
2025-10-29 16:45:00+01:00,125.89694485304005,141.89
2025-10-29 17:00:00+01:00,104.04049918352213,128.83
2025-10-29 17:15:00+01:00,118.20484682575406,121.9
2025-10-29 17:30:00+01:00,147.5665949188968,128.45
2025-10-29 17:45:00+01:00,200.34942192128244,128.72
2025-10-29 18:00:00+01:00,135.91385824161327,122.68
2025-10-29 18:15:00+01:00,145.05090138127687,124.55
2025-10-29 18:30:00+01:00,183.22284244176544,132.45
2025-10-29 18:45:00+01:00,181.14809206435802,135.29
2025-10-29 19:00:00+01:00,154.16850913642696,128.24
2025-10-29 19:15:00+01:00,150.206971939749,114.92
2025-10-29 19:30:00+01:00,137.70964695588464,111.55
2025-10-29 19:45:00+01:00,130.32431989498767,99.46
2025-10-29 20:00:00+01:00,133.09049402584222,108.09
2025-10-29 20:15:00+01:00,123.00208347575132,102.57
2025-10-29 20:30:00+01:00,110.87188087448348,101.0
2025-10-29 20:45:00+01:00,98.28963353965354,98.94
2025-10-29 21:00:00+01:00,111.96343474167126,101.96
2025-10-29 21:15:00+01:00,106.81396990384567,101.92
2025-10-29 21:30:00+01:00,99.47968814757701,98.32
2025-10-29 21:45:00+01:00,89.47834574087332,83.81
2025-10-29 22:00:00+01:00,100.83216149814916,105.43
2025-10-29 22:15:00+01:00,94.65492655702458,102.16
2025-10-29 22:30:00+01:00,91.81480546936294,89.64
2025-10-29 22:45:00+01:00,82.14706807448862,80.46
2025-10-29 23:00:00+01:00,89.38224048765234,94.64
2025-10-29 23:15:00+01:00,85.07313554611,87.36
2025-10-29 23:30:00+01:00,81.2902489073069,85.13
2025-10-29 23:45:00+01:00,76.59916317835285,81.44
2025-10-30 00:00:00+01:00,89.91151424035266,90.0
2025-10-30 00:15:00+01:00,84.34962547466391,77.0
2025-10-30 00:30:00+01:00,80.68579254443598,72.12
2025-10-30 00:45:00+01:00,76.83314210295526,61.86
2025-10-30 01:00:00+01:00,82.44506474172437,78.78
2025-10-30 01:15:00+01:00,80.16497771712145,68.01
2025-10-30 01:30:00+01:00,75.26098561025007,68.38
2025-10-30 01:45:00+01:00,74.82666584749907,65.25
2025-10-30 02:00:00+01:00,77.83370226625458,67.45
2025-10-30 02:15:00+01:00,75.62177956288275,64.23
2025-10-30 02:30:00+01:00,74.84739462870289,66.79
2025-10-30 02:45:00+01:00,73.68530848854374,63.63
2025-10-30 03:00:00+01:00,77.97832811250696,67.07
2025-10-30 03:15:00+01:00,74.50224217604051,64.47
2025-10-30 03:30:00+01:00,71.82032473124548,59.36
2025-10-30 03:45:00+01:00,70.85557065506126,50.77
2025-10-30 04:00:00+01:00,68.59022451215445,63.06
2025-10-30 04:15:00+01:00,69.86668245246311,55.8
2025-10-30 04:30:00+01:00,72.06763272599828,54.65
2025-10-30 04:45:00+01:00,74.08953957520797,55.1
2025-10-30 05:00:00+01:00,74.34350393588998,53.17
2025-10-30 05:15:00+01:00,75.87441419944751,59.1
2025-10-30 05:30:00+01:00,79.16811060855777,61.65
2025-10-30 05:45:00+01:00,85.40542922756377,66.13
2025-10-30 06:00:00+01:00,80.78125222006555,60.6
2025-10-30 06:15:00+01:00,94.77199786940608,67.56
2025-10-30 06:30:00+01:00,100.66712828540328,72.35
2025-10-30 06:45:00+01:00,113.88502727556146,76.2
2025-10-30 07:00:00+01:00,113.39152192840243,70.39
2025-10-30 07:15:00+01:00,120.90794543389663,81.57
2025-10-30 07:30:00+01:00,124.75936171148436,85.2
2025-10-30 07:45:00+01:00,126.66122724922292,82.59
2025-10-30 08:00:00+01:00,140.44393380026884,98.84
2025-10-30 08:15:00+01:00,133.78734715202648,86.35
2025-10-30 08:30:00+01:00,126.71068308032737,88.33
2025-10-30 08:45:00+01:00,99.45262462562344,67.67
2025-10-30 09:00:00+01:00,139.74787781506342,87.82
2025-10-30 09:15:00+01:00,116.51929842543728,74.6
2025-10-30 09:30:00+01:00,99.39388711803217,58.72
2025-10-30 09:45:00+01:00,90.57754884457437,45.75
2025-10-30 10:00:00+01:00,167.63484506336118,77.57
2025-10-30 10:15:00+01:00,143.9867348676545,58.85
2025-10-30 10:30:00+01:00,123.41662807815501,30.15
2025-10-30 10:45:00+01:00,102.53863374626522,5.04
2025-10-30 11:00:00+01:00,118.36032096874482,13.6
2025-10-30 11:15:00+01:00,103.84606528105158,13.39
2025-10-30 11:30:00+01:00,95.43703804366191,1.34
2025-10-30 11:45:00+01:00,94.61313924565647,0.0
2025-10-30 12:00:00+01:00,98.0212558571599,0.0
2025-10-30 12:15:00+01:00,91.72820247898326,0.0
2025-10-30 12:30:00+01:00,89.39337522459589,-0.01
2025-10-30 12:45:00+01:00,88.69965173241164,0.0
2025-10-30 13:00:00+01:00,95.8662870122758,-0.04
2025-10-30 13:15:00+01:00,95.16162857178114,-0.03
2025-10-30 13:30:00+01:00,92.12422482713627,-0.01
2025-10-30 13:45:00+01:00,90.31828310697287,0.09
2025-10-30 14:00:00+01:00,81.81128092350562,0.1
2025-10-30 14:15:00+01:00,89.89610917256681,16.07
2025-10-30 14:30:00+01:00,92.04042399991286,47.13
2025-10-30 14:45:00+01:00,104.00544216554077,61.87
2025-10-30 15:00:00+01:00,99.34059697454387,20.18
2025-10-30 15:15:00+01:00,112.97874103656727,52.45
2025-10-30 15:30:00+01:00,121.94060196528577,88.59
2025-10-30 15:45:00+01:00,130.22940931004874,117.98
2025-10-30 16:00:00+01:00,78.70807455205497,43.76
2025-10-30 16:15:00+01:00,118.04040419067573,72.47
2025-10-30 16:30:00+01:00,136.18861868182228,97.76
2025-10-30 16:45:00+01:00,160.62278816731757,127.19
2025-10-30 17:00:00+01:00,99.79170738200335,105.58
2025-10-30 17:15:00+01:00,116.78613421425916,112.78
2025-10-30 17:30:00+01:00,155.08652806190048,121.01
2025-10-30 17:45:00+01:00,228.97074247499498,132.35
2025-10-30 18:00:00+01:00,129.8078054139856,116.29
2025-10-30 18:15:00+01:00,143.86591697966293,116.86
2025-10-30 18:30:00+01:00,157.60610646703645,118.74
2025-10-30 18:45:00+01:00,182.39264623025997,118.9
2025-10-30 19:00:00+01:00,164.9360972240954,121.27
2025-10-30 19:15:00+01:00,158.84529852851938,118.5
2025-10-30 19:30:00+01:00,149.24649347512042,118.47
2025-10-30 19:45:00+01:00,137.76770803272598,112.45
2025-10-30 20:00:00+01:00,145.7988160542425,118.31
2025-10-30 20:15:00+01:00,139.09026032225697,106.71
2025-10-30 20:30:00+01:00,125.84777998866336,105.19
2025-10-30 20:45:00+01:00,113.13101707958685,90.94
2025-10-30 21:00:00+01:00,128.07863963296373,108.04
2025-10-30 21:15:00+01:00,121.53770162531349,103.71
2025-10-30 21:30:00+01:00,112.15780587465692,97.97
2025-10-30 21:45:00+01:00,101.52375332359756,82.42
2025-10-30 22:00:00+01:00,114.89682398767498,106.91
2025-10-30 22:15:00+01:00,109.64339172382475,100.16
2025-10-30 22:30:00+01:00,106.1788216340233,100.54
2025-10-30 22:45:00+01:00,98.19556825332259,86.15
2025-10-30 23:00:00+01:00,104.56742547416955,105.03
2025-10-30 23:15:00+01:00,98.7392300680099,91.48
2025-10-30 23:30:00+01:00,95.58156589848433,79.75
2025-10-30 23:45:00+01:00,90.05752385308406,63.07
2025-10-31 00:00:00+01:00,97.42650097725107,102.81
2025-10-31 00:15:00+01:00,89.75573465340288,89.76
2025-10-31 00:30:00+01:00,82.27667778139956,81.66
2025-10-31 00:45:00+01:00,73.84457530390807,76.73
2025-10-31 01:00:00+01:00,88.89455556747878,87.49
2025-10-31 01:15:00+01:00,83.88460444967976,82.05
2025-10-31 01:30:00+01:00,79.40913301394329,74.0
2025-10-31 01:45:00+01:00,75.87782796078929,69.09
2025-10-31 02:00:00+01:00,84.20166007175276,80.93
2025-10-31 02:15:00+01:00,77.80956968876487,73.07
2025-10-31 02:30:00+01:00,76.56339759486609,73.0
2025-10-31 02:45:00+01:00,75.76719285479592,71.96
2025-10-31 03:00:00+01:00,79.2067193291828,71.05
2025-10-31 03:15:00+01:00,77.38857331578905,72.7
2025-10-31 03:30:00+01:00,80.00450147063945,78.15
2025-10-31 03:45:00+01:00,78.84618895711517,80.8
2025-10-31 04:00:00+01:00,78.45321884558672,72.26
2025-10-31 04:15:00+01:00,78.91546374857546,74.82
2025-10-31 04:30:00+01:00,84.13994329467222,87.36
2025-10-31 04:45:00+01:00,86.45623163313267,84.61
2025-10-31 05:00:00+01:00,81.7683285311433,83.15
2025-10-31 05:15:00+01:00,83.97141872792332,85.12
2025-10-31 05:30:00+01:00,91.05556385895987,98.06
2025-10-31 05:45:00+01:00,96.91529520831064,100.97
2025-10-31 06:00:00+01:00,91.89307140157023,101.23
2025-10-31 06:15:00+01:00,103.45036990559225,120.92
2025-10-31 06:30:00+01:00,110.97466888139027,129.3
2025-10-31 06:45:00+01:00,123.39324174847718,130.09
2025-10-31 07:00:00+01:00,124.43230209147066,124.3
2025-10-31 07:15:00+01:00,124.23406525823566,129.62
2025-10-31 07:30:00+01:00,124.19778802028353,117.5
2025-10-31 07:45:00+01:00,124.00233187050318,106.87
2025-10-31 08:00:00+01:00,127.34373304030248,135.99
2025-10-31 08:15:00+01:00,117.95940977690603,117.05
2025-10-31 08:30:00+01:00,96.02058691175061,98.37
2025-10-31 08:45:00+01:00,88.54316644988421,83.65
2025-10-31 09:00:00+01:00,126.87028386949704,108.21
2025-10-31 09:15:00+01:00,101.73856390822807,86.27
2025-10-31 09:30:00+01:00,88.34693289601933,71.42
2025-10-31 09:45:00+01:00,80.52532415319521,66.15
2025-10-31 10:00:00+01:00,116.2806776646804,79.45
2025-10-31 10:15:00+01:00,90.3246595701471,76.26
2025-10-31 10:30:00+01:00,77.47092477105491,75.02
2025-10-31 10:45:00+01:00,73.28726317451809,71.95
2025-10-31 11:00:00+01:00,89.77562106882942,75.08
2025-10-31 11:15:00+01:00,86.17653737697891,73.87
2025-10-31 11:30:00+01:00,80.72939577409367,73.0
2025-10-31 11:45:00+01:00,75.3203029582559,74.4
2025-10-31 12:00:00+01:00,79.57300773941607,71.47
2025-10-31 12:15:00+01:00,75.34737218496183,71.89
2025-10-31 12:30:00+01:00,72.54088934338019,78.92
2025-10-31 12:45:00+01:00,71.1027387425288,81.68
2025-10-31 13:00:00+01:00,80.32198097714394,75.2
2025-10-31 13:15:00+01:00,76.80106066097622,79.99
2025-10-31 13:30:00+01:00,77.10310366848906,85.35
2025-10-31 13:45:00+01:00,79.29284378513321,96.29
2025-10-31 14:00:00+01:00,68.8960295132564,79.49
2025-10-31 14:15:00+01:00,78.38708269323071,99.75
2025-10-31 14:30:00+01:00,84.53922194720272,115.58
2025-10-31 14:45:00+01:00,97.87381055548089,131.98
2025-10-31 15:00:00+01:00,73.17228091013962,107.25
2025-10-31 15:15:00+01:00,85.38622553315685,123.17
2025-10-31 15:30:00+01:00,98.8623046036885,138.94
2025-10-31 15:45:00+01:00,103.67228072840615,138.95
2025-10-31 16:00:00+01:00,89.47313572972774,133.9
2025-10-31 16:15:00+01:00,105.41462955756495,132.72
2025-10-31 16:30:00+01:00,125.33315710112825,133.9
2025-10-31 16:45:00+01:00,139.9186154069718,127.67
2025-10-31 17:00:00+01:00,101.55200796276338,134.49
2025-10-31 17:15:00+01:00,118.93039472933867,126.51
2025-10-31 17:30:00+01:00,141.72562965457556,122.64
2025-10-31 17:45:00+01:00,148.34247537223592,105.06
2025-10-31 18:00:00+01:00,132.07700038684783,127.01
2025-10-31 18:15:00+01:00,138.08618401447808,116.51
2025-10-31 18:30:00+01:00,145.3518487123976,100.98
2025-10-31 18:45:00+01:00,152.41135486869854,84.62
2025-10-31 19:00:00+01:00,132.72384996345235,97.25
2025-10-31 19:15:00+01:00,132.57853913920601,84.65
2025-10-31 19:30:00+01:00,132.48690725311917,93.63
2025-10-31 19:45:00+01:00,125.20835631163565,84.49
2025-10-31 20:00:00+01:00,124.58484096439726,99.41
2025-10-31 20:15:00+01:00,122.92702690211541,91.24
2025-10-31 20:30:00+01:00,117.61349232905476,80.88
2025-10-31 20:45:00+01:00,110.72983705176408,72.66
2025-10-31 21:00:00+01:00,109.43404716524692,97.81
2025-10-31 21:15:00+01:00,104.79196205232023,90.15
2025-10-31 21:30:00+01:00,99.35349708637102,85.87
2025-10-31 21:45:00+01:00,88.31108735236546,76.03
2025-10-31 22:00:00+01:00,105.49238983117849,94.91
2025-10-31 22:15:00+01:00,97.8098818186419,84.16
2025-10-31 22:30:00+01:00,92.64206716748018,79.78
2025-10-31 22:45:00+01:00,84.12508598058812,68.53
2025-10-31 23:00:00+01:00,93.3825644667058,97.16
2025-10-31 23:15:00+01:00,85.91559857681608,75.23
2025-10-31 23:30:00+01:00,81.67548142255045,55.65
2025-10-31 23:45:00+01:00,73.93117376282646,42.37
2025-11-01 00:00:00+01:00,90.63040536801547,63.5
2025-11-01 00:15:00+01:00,80.60366011079675,53.67
2025-11-01 00:30:00+01:00,68.45656721237246,52.37
2025-11-01 00:45:00+01:00,59.983901163339866,49.29
2025-11-01 01:00:00+01:00,75.95945701179943,52.32
2025-11-01 01:15:00+01:00,70.29738073266589,44.57
2025-11-01 01:30:00+01:00,61.82488021616882,32.23
2025-11-01 01:45:00+01:00,54.32975473087359,23.34
2025-11-01 02:00:00+01:00,72.28218915718789,29.31
2025-11-01 02:15:00+01:00,66.46502458719239,24.13
2025-11-01 02:30:00+01:00,63.6307178227123,33.96
2025-11-01 02:45:00+01:00,62.57292847153329,25.69
2025-11-01 03:00:00+01:00,62.51894402026923,50.25
2025-11-01 03:15:00+01:00,64.84094293529424,31.33
2025-11-01 03:30:00+01:00,69.41324463059445,20.09
2025-11-01 03:45:00+01:00,67.35748581669333,18.16
2025-11-01 04:00:00+01:00,62.95346721642299,21.17
2025-11-01 04:15:00+01:00,64.8560944525903,22.48
2025-11-01 04:30:00+01:00,71.07879568737049,20.44
2025-11-01 04:45:00+01:00,74.34199278288023,15.52
2025-11-01 05:00:00+01:00,63.38062518043391,15.61
2025-11-01 05:15:00+01:00,64.7301112127686,24.04
2025-11-01 05:30:00+01:00,68.77868631345774,11.41
2025-11-01 05:45:00+01:00,75.5752442518843,10.25
2025-11-01 06:00:00+01:00,49.24241469875138,14.96
2025-11-01 06:15:00+01:00,67.01664563581485,11.44
2025-11-01 06:30:00+01:00,70.86031768643537,11.17
2025-11-01 06:45:00+01:00,61.59260404715676,8.94
2025-11-01 07:00:00+01:00,57.51273249634463,21.14
2025-11-01 07:15:00+01:00,57.06066172667453,16.17
2025-11-01 07:30:00+01:00,61.859325800917354,13.01
2025-11-01 07:45:00+01:00,48.29149479925307,20.1
2025-11-01 08:00:00+01:00,58.305980324290815,45.58
2025-11-01 08:15:00+01:00,73.1444600036007,37.76
2025-11-01 08:30:00+01:00,63.99535292576825,22.06
2025-11-01 08:45:00+01:00,49.61970902711358,14.4
2025-11-01 09:00:00+01:00,84.31707531746008,45.74
2025-11-01 09:15:00+01:00,73.70552699907492,30.08
2025-11-01 09:30:00+01:00,58.67752416684334,19.44
2025-11-01 09:45:00+01:00,48.4258020718339,12.92
2025-11-01 10:00:00+01:00,77.01561595739443,23.72
2025-11-01 10:15:00+01:00,61.857615390889634,18.08
2025-11-01 10:30:00+01:00,47.58487025270753,16.4
2025-11-01 10:45:00+01:00,46.806320829599514,15.0
2025-11-01 11:00:00+01:00,50.94968933168172,15.0
2025-11-01 11:15:00+01:00,44.4880342208171,15.06
2025-11-01 11:30:00+01:00,47.192714023402615,15.0
2025-11-01 11:45:00+01:00,44.35623948987822,17.97
2025-11-01 12:00:00+01:00,32.12978284196451,14.85
2025-11-01 12:15:00+01:00,31.652640277881734,18.0
2025-11-01 12:30:00+01:00,31.768435650579143,24.78
2025-11-01 12:45:00+01:00,34.506875552737185,26.43
2025-11-01 13:00:00+01:00,27.030424722661863,20.25
2025-11-01 13:15:00+01:00,27.18597511666024,25.51
2025-11-01 13:30:00+01:00,26.80221079880558,39.36
2025-11-01 13:45:00+01:00,27.231926786494945,41.84
2025-11-01 14:00:00+01:00,21.037700503050473,43.47
2025-11-01 14:15:00+01:00,32.9346951401467,56.26
2025-11-01 14:30:00+01:00,43.19181157607727,57.32
2025-11-01 14:45:00+01:00,50.79566051046174,58.96
2025-11-01 15:00:00+01:00,40.54685501214999,47.19
2025-11-01 15:15:00+01:00,42.60588245795422,57.23
2025-11-01 15:30:00+01:00,53.46112342169099,63.51
2025-11-01 15:45:00+01:00,57.238108625333346,68.36
2025-11-01 16:00:00+01:00,35.620121236581014,59.8
2025-11-01 16:15:00+01:00,57.36788005074398,74.87
2025-11-01 16:30:00+01:00,67.76577036394048,84.76
2025-11-01 16:45:00+01:00,75.88667510362107,86.91
2025-11-01 17:00:00+01:00,76.14226403090352,86.94
2025-11-01 17:15:00+01:00,85.76531652655478,89.24
2025-11-01 17:30:00+01:00,98.4077923979422,89.72
2025-11-01 17:45:00+01:00,99.68377590972925,89.26
2025-11-01 18:00:00+01:00,106.08075326560008,87.21
2025-11-01 18:15:00+01:00,109.97754625154188,91.0
2025-11-01 18:30:00+01:00,114.82477471578798,91.92
2025-11-01 18:45:00+01:00,114.44721592338789,86.09
2025-11-01 19:00:00+01:00,108.93238089057401,85.29
2025-11-01 19:15:00+01:00,111.65908208959817,88.22
2025-11-01 19:30:00+01:00,94.43815739938844,86.06
2025-11-01 19:45:00+01:00,91.33048543000075,86.03
2025-11-01 20:00:00+01:00,107.23343326366592,90.11
2025-11-01 20:15:00+01:00,95.89263527548285,91.0
2025-11-01 20:30:00+01:00,80.55175091559114,86.93
2025-11-01 20:45:00+01:00,75.87161937202156,76.75
2025-11-01 21:00:00+01:00,93.85623024983906,86.94
2025-11-01 21:15:00+01:00,92.35960805355832,85.1
2025-11-01 21:30:00+01:00,94.88154710508837,81.19
2025-11-01 21:45:00+01:00,94.55075474118136,79.9
2025-11-01 22:00:00+01:00,96.04464855596646,87.04
2025-11-01 22:15:00+01:00,90.6016157451962,89.5
2025-11-01 22:30:00+01:00,87.35384716526451,82.49
2025-11-01 22:45:00+01:00,83.66616085940385,72.69
2025-11-01 23:00:00+01:00,87.85886209174919,85.73
2025-11-01 23:15:00+01:00,84.1730864273321,81.82
2025-11-01 23:30:00+01:00,78.36992773889678,72.29
2025-11-01 23:45:00+01:00,76.73386890905871,70.19
2025-11-02 00:00:00+01:00,80.91638768604814,58.1
2025-11-02 00:15:00+01:00,78.8654514375765,67.03
2025-11-02 00:30:00+01:00,73.74835654630228,65.7
2025-11-02 00:45:00+01:00,71.16037373222606,66.31
2025-11-02 01:00:00+01:00,74.46924989496776,62.34
2025-11-02 01:15:00+01:00,71.78727068537476,61.91
2025-11-02 01:30:00+01:00,68.46682057304211,57.42
2025-11-02 01:45:00+01:00,64.6888641976716,59.64
2025-11-02 02:00:00+01:00,72.06325337428135,60.82
2025-11-02 02:15:00+01:00,68.30954990663056,61.64
2025-11-02 02:30:00+01:00,68.34694453327123,60.11
2025-11-02 02:45:00+01:00,68.20846784187383,61.34
2025-11-02 03:00:00+01:00,69.56757116996394,61.98
2025-11-02 03:15:00+01:00,70.30697038255437,62.59
2025-11-02 03:30:00+01:00,72.03019645532858,64.15
2025-11-02 03:45:00+01:00,72.30821970981144,62.21
2025-11-02 04:00:00+01:00,70.646854555587,62.64
2025-11-02 04:15:00+01:00,71.11932711738922,64.62
2025-11-02 04:30:00+01:00,75.27959740068248,66.55
2025-11-02 04:45:00+01:00,74.50890456797553,74.26
2025-11-02 05:00:00+01:00,75.76849411431607,66.09
2025-11-02 05:15:00+01:00,76.4432445325272,73.98
2025-11-02 05:30:00+01:00,80.842036893123,64.93
2025-11-02 05:45:00+01:00,81.17100578033936,70.24
2025-11-02 06:00:00+01:00,77.00639495970042,61.28
2025-11-02 06:15:00+01:00,84.97909249289843,69.49
2025-11-02 06:30:00+01:00,87.11665666615927,73.3
2025-11-02 06:45:00+01:00,87.53704289849662,77.32
2025-11-02 07:00:00+01:00,90.339559740248,77.17
2025-11-02 07:15:00+01:00,88.39781585611934,74.59
2025-11-02 07:30:00+01:00,76.099538877515,74.93
2025-11-02 07:45:00+01:00,68.36393235639466,75.43
2025-11-02 08:00:00+01:00,96.95181474700769,81.48
2025-11-02 08:15:00+01:00,92.06728343907139,80.07
2025-11-02 08:30:00+01:00,96.09467910308904,73.77
2025-11-02 08:45:00+01:00,91.21615807167322,73.16
2025-11-02 09:00:00+01:00,108.14929818906165,91.61
2025-11-02 09:15:00+01:00,98.5665491657843,77.57
2025-11-02 09:30:00+01:00,96.7586407612042,75.62
2025-11-02 09:45:00+01:00,93.39446338058247,69.03
2025-11-02 10:00:00+01:00,85.41509033694162,81.6
2025-11-02 10:15:00+01:00,87.49227618380431,76.07
2025-11-02 10:30:00+01:00,83.26099083208722,72.26
2025-11-02 10:45:00+01:00,86.38837094148286,70.03
2025-11-02 11:00:00+01:00,75.00852574675491,75.39
2025-11-02 11:15:00+01:00,70.90471478446926,75.6
2025-11-02 11:30:00+01:00,66.97548453902805,75.07
2025-11-02 11:45:00+01:00,65.09861988710577,73.86
2025-11-02 12:00:00+01:00,63.7676604743197,73.94
2025-11-02 12:15:00+01:00,63.093947161368874,73.49
2025-11-02 12:30:00+01:00,68.0931816577057,73.3
2025-11-02 12:45:00+01:00,66.21912633651985,80.12
2025-11-02 13:00:00+01:00,43.7238278685013,76.4
2025-11-02 13:15:00+01:00,42.950104818686484,79.64
2025-11-02 13:30:00+01:00,45.99111394770523,85.57
2025-11-02 13:45:00+01:00,48.88202748775022,91.04
2025-11-02 14:00:00+01:00,52.77085798833571,82.83
2025-11-02 14:15:00+01:00,49.99555964114225,88.8
2025-11-02 14:30:00+01:00,73.3018114623993,96.4
2025-11-02 14:45:00+01:00,73.33780733358392,102.17
2025-11-02 15:00:00+01:00,66.23149154026453,95.98
2025-11-02 15:15:00+01:00,85.93864654409704,106.51
2025-11-02 15:30:00+01:00,98.06812750831267,112.42
2025-11-02 15:45:00+01:00,104.20356892092755,127.7
2025-11-02 16:00:00+01:00,53.44003824866597,101.92
2025-11-02 16:15:00+01:00,91.96435003631036,110.99
2025-11-02 16:30:00+01:00,100.47451938224305,119.03
2025-11-02 16:45:00+01:00,106.35574787919049,134.07
2025-11-02 17:00:00+01:00,129.52819712958558,118.0
2025-11-02 17:15:00+01:00,131.5883176241906,131.39
2025-11-02 17:30:00+01:00,113.59271972751905,138.83
2025-11-02 17:45:00+01:00,113.06082348803524,140.07
2025-11-02 18:00:00+01:00,116.00398931866391,137.52
2025-11-02 18:15:00+01:00,120.65712648172742,135.71
2025-11-02 18:30:00+01:00,116.75205444369448,130.5
2025-11-02 18:45:00+01:00,115.4729905388497,117.9
2025-11-02 19:00:00+01:00,116.83015186516693,127.2
2025-11-02 19:15:00+01:00,112.23959427046105,125.14
2025-11-02 19:30:00+01:00,120.80863513310923,108.0
2025-11-02 19:45:00+01:00,123.1916415648454,94.09
2025-11-02 20:00:00+01:00,123.86663298326656,110.97
2025-11-02 20:15:00+01:00,114.83175548193913,104.42
2025-11-02 20:30:00+01:00,102.73299441585888,92.1
2025-11-02 20:45:00+01:00,98.21088564219214,86.91
2025-11-02 21:00:00+01:00,103.79431809887673,100.06
2025-11-02 21:15:00+01:00,100.08638283284799,94.08
2025-11-02 21:30:00+01:00,98.95630714966327,95.1
2025-11-02 21:45:00+01:00,92.77682250421888,92.08
2025-11-02 22:00:00+01:00,105.17541589946089,97.54
2025-11-02 22:15:00+01:00,95.91941038117291,95.91
2025-11-02 22:30:00+01:00,93.70333167167179,95.9
2025-11-02 22:45:00+01:00,90.27746177883522,83.36
2025-11-02 23:00:00+01:00,93.87352813738678,99.08
2025-11-02 23:15:00+01:00,86.4813916413293,85.47
2025-11-02 23:30:00+01:00,82.6952399903235,83.02
2025-11-02 23:45:00+01:00,78.83729707726226,72.6
2025-11-03 00:00:00+01:00,86.58192670244443,85.52
2025-11-03 00:15:00+01:00,81.20209568993901,82.41
2025-11-03 00:30:00+01:00,77.54339332748485,86.91
2025-11-03 00:45:00+01:00,71.69052974409104,74.92
2025-11-03 01:00:00+01:00,79.47999234587458,85.73
2025-11-03 01:15:00+01:00,75.76465774698521,83.86
2025-11-03 01:30:00+01:00,74.25524785318882,78.12
2025-11-03 01:45:00+01:00,72.1843736976579,72.71
2025-11-03 02:00:00+01:00,73.51790408268174,85.12
2025-11-03 02:15:00+01:00,72.40273717163515,74.74
2025-11-03 02:30:00+01:00,73.06891316672382,72.91
2025-11-03 02:45:00+01:00,72.1155882028896,67.22
2025-11-03 03:00:00+01:00,70.90443934062942,74.43
2025-11-03 03:15:00+01:00,69.56359181916396,72.06
2025-11-03 03:30:00+01:00,68.6263194446381,72.91
2025-11-03 03:45:00+01:00,69.4876507236514,73.16
2025-11-03 04:00:00+01:00,69.7583547889852,72.91
2025-11-03 04:15:00+01:00,69.48549571770496,73.58
2025-11-03 04:30:00+01:00,70.00678048627216,77.18
2025-11-03 04:45:00+01:00,69.9695849736861,76.22
2025-11-03 05:00:00+01:00,71.3283466863819,72.75
2025-11-03 05:15:00+01:00,73.97226325516746,74.93
2025-11-03 05:30:00+01:00,79.04370719303375,80.33
2025-11-03 05:45:00+01:00,81.3052344072963,71.99
2025-11-03 06:00:00+01:00,80.71391070097496,72.42
2025-11-03 06:15:00+01:00,94.06074233673574,89.31
2025-11-03 06:30:00+01:00,100.6639035350103,112.68
2025-11-03 06:45:00+01:00,104.68277622214016,106.91
2025-11-03 07:00:00+01:00,109.60631204901549,113.67
2025-11-03 07:15:00+01:00,117.934216634707,120.45
2025-11-03 07:30:00+01:00,116.98862973101171,119.79
2025-11-03 07:45:00+01:00,112.29121169711478,115.11
2025-11-03 08:00:00+01:00,120.56852706272693,139.25
2025-11-03 08:15:00+01:00,126.791315254616,110.0
2025-11-03 08:30:00+01:00,119.4807279528065,90.08
2025-11-03 08:45:00+01:00,111.54151214111519,80.67
2025-11-03 09:00:00+01:00,135.2474228521485,103.89
2025-11-03 09:15:00+01:00,116.65372239343793,92.57
2025-11-03 09:30:00+01:00,104.61546125245779,79.73
2025-11-03 09:45:00+01:00,101.22600397196837,66.86
2025-11-03 10:00:00+01:00,114.54037634515497,95.04
2025-11-03 10:15:00+01:00,101.55745462011137,73.67
2025-11-03 10:30:00+01:00,95.356567095906,68.59
2025-11-03 10:45:00+01:00,90.82521113028372,64.48
2025-11-03 11:00:00+01:00,86.98852196588854,73.35
2025-11-03 11:15:00+01:00,85.4340495209544,74.49
2025-11-03 11:30:00+01:00,81.98375915643722,67.03
2025-11-03 11:45:00+01:00,80.32991388020454,71.83
2025-11-03 12:00:00+01:00,75.17535030841348,69.95
2025-11-03 12:15:00+01:00,75.45090486316865,66.39
2025-11-03 12:30:00+01:00,77.72909995069483,67.17
2025-11-03 12:45:00+01:00,77.23543239918737,68.45
2025-11-03 13:00:00+01:00,69.29254860403807,66.23
2025-11-03 13:15:00+01:00,72.12529500311302,73.16
2025-11-03 13:30:00+01:00,77.6342802638778,74.84
2025-11-03 13:45:00+01:00,79.94308589610975,73.47
2025-11-03 14:00:00+01:00,62.79610156152308,64.13
2025-11-03 14:15:00+01:00,75.1771884211594,66.63
2025-11-03 14:30:00+01:00,83.9714812766382,74.77
2025-11-03 14:45:00+01:00,94.38961478732486,94.37
2025-11-03 15:00:00+01:00,81.42639982988683,68.07
2025-11-03 15:15:00+01:00,91.17506629949577,85.11
2025-11-03 15:30:00+01:00,108.28258591721624,84.38
2025-11-03 15:45:00+01:00,122.54387479078841,92.86
2025-11-03 16:00:00+01:00,101.52196894558459,85.06
2025-11-03 16:15:00+01:00,115.15686887498296,92.1
2025-11-03 16:30:00+01:00,128.4696327642783,90.09
2025-11-03 16:45:00+01:00,151.8112088343221,103.69
2025-11-03 17:00:00+01:00,120.3461509454232,96.21
2025-11-03 17:15:00+01:00,125.79002468169276,94.53
2025-11-03 17:30:00+01:00,132.9711772843599,87.4
2025-11-03 17:45:00+01:00,132.82198514885926,91.94
2025-11-03 18:00:00+01:00,128.211897889978,92.37
2025-11-03 18:15:00+01:00,131.30673105258705,88.6
2025-11-03 18:30:00+01:00,144.6376606800583,91.25
2025-11-03 18:45:00+01:00,129.2216876601563,90.0
2025-11-03 19:00:00+01:00,133.49567560752163,90.71
2025-11-03 19:15:00+01:00,122.91034584971906,86.8
2025-11-03 19:30:00+01:00,117.14138676256165,82.08
2025-11-03 19:45:00+01:00,110.53313108780041,66.71
2025-11-03 20:00:00+01:00,107.631459310619,90.04
2025-11-03 20:15:00+01:00,97.61450102348346,70.52
2025-11-03 20:30:00+01:00,88.44061871383971,68.34
2025-11-03 20:45:00+01:00,79.30816507840032,57.63
2025-11-03 21:00:00+01:00,93.4427512074892,63.76
2025-11-03 21:15:00+01:00,89.40567319431749,56.73
2025-11-03 21:30:00+01:00,85.95968130206488,65.24
2025-11-03 21:45:00+01:00,78.19462619559454,54.3
2025-11-03 22:00:00+01:00,90.21876269215623,66.41
2025-11-03 22:15:00+01:00,81.6180559503637,54.42
2025-11-03 22:30:00+01:00,77.99441903405264,47.99
2025-11-03 22:45:00+01:00,70.01340563998298,42.03
2025-11-03 23:00:00+01:00,78.71529583905479,50.65
2025-11-03 23:15:00+01:00,68.50341713409577,26.03
2025-11-03 23:30:00+01:00,64.80959299752061,28.98
2025-11-03 23:45:00+01:00,58.00697657172148,9.2
2025-11-04 00:00:00+01:00,49.47839341762151,35.1
2025-11-04 00:15:00+01:00,39.49727813173781,15.07
2025-11-04 00:30:00+01:00,34.41919651658569,9.95
2025-11-04 00:45:00+01:00,25.236220873181097,6.0
2025-11-04 01:00:00+01:00,42.034536876122026,9.0
2025-11-04 01:15:00+01:00,38.136651058817115,6.72
2025-11-04 01:30:00+01:00,36.08431526050725,7.42
2025-11-04 01:45:00+01:00,31.936083984180684,5.89
2025-11-04 02:00:00+01:00,37.844066681636576,5.14
2025-11-04 02:15:00+01:00,37.036209717864935,4.35
2025-11-04 02:30:00+01:00,39.1342050341164,5.05
2025-11-04 02:45:00+01:00,37.185536740836824,5.16
2025-11-04 03:00:00+01:00,44.57990620747291,5.11
2025-11-04 03:15:00+01:00,40.16918880162159,5.16
2025-11-04 03:30:00+01:00,47.92180062602695,5.76
2025-11-04 03:45:00+01:00,48.28256691914185,9.22
2025-11-04 04:00:00+01:00,51.05446273667725,5.19
2025-11-04 04:15:00+01:00,53.268400217933575,5.17
2025-11-04 04:30:00+01:00,54.98458970150863,39.5
2025-11-04 04:45:00+01:00,57.10356535450447,34.93
2025-11-04 05:00:00+01:00,54.90656288190635,18.77
2025-11-04 05:15:00+01:00,62.27610146935094,56.16
2025-11-04 05:30:00+01:00,70.87158248331883,69.89
2025-11-04 05:45:00+01:00,76.01755950836055,88.91
2025-11-04 06:00:00+01:00,64.38665222188249,33.92
2025-11-04 06:15:00+01:00,86.43971447025473,79.62
2025-11-04 06:30:00+01:00,96.55644501238832,99.44
2025-11-04 06:45:00+01:00,102.39114124912365,111.17
2025-11-04 07:00:00+01:00,96.82694466166355,106.88
2025-11-04 07:15:00+01:00,107.19090648317481,124.53
2025-11-04 07:30:00+01:00,107.26821191516937,118.01
2025-11-04 07:45:00+01:00,97.82124616400611,107.81
2025-11-04 08:00:00+01:00,112.58232735313973,130.78
2025-11-04 08:15:00+01:00,104.0694759460052,121.44
2025-11-04 08:30:00+01:00,100.06754713003,102.96
2025-11-04 08:45:00+01:00,94.95844349961082,84.82
2025-11-04 09:00:00+01:00,108.469469637425,98.0
2025-11-04 09:15:00+01:00,96.47689938196635,96.04
2025-11-04 09:30:00+01:00,85.74440267811276,72.95
2025-11-04 09:45:00+01:00,77.71177048923255,56.4
2025-11-04 10:00:00+01:00,84.6053043022708,73.02
2025-11-04 10:15:00+01:00,77.08188120836384,60.64
2025-11-04 10:30:00+01:00,70.90384507242581,57.45
2025-11-04 10:45:00+01:00,65.33841560117061,51.48
2025-11-04 11:00:00+01:00,71.02175039025028,57.79
2025-11-04 11:15:00+01:00,66.86331000663655,54.47
2025-11-04 11:30:00+01:00,67.4006600985921,50.23
2025-11-04 11:45:00+01:00,62.064019886251394,48.99
2025-11-04 12:00:00+01:00,51.43440130588323,47.13
2025-11-04 12:15:00+01:00,52.93777786413249,47.95
2025-11-04 12:30:00+01:00,56.715515316192146,50.1
2025-11-04 12:45:00+01:00,57.39338904726144,55.43
2025-11-04 13:00:00+01:00,53.50391028564335,44.99
2025-11-04 13:15:00+01:00,55.90397504107757,62.8
2025-11-04 13:30:00+01:00,52.02777283135133,75.52
2025-11-04 13:45:00+01:00,52.388431442768635,84.44
2025-11-04 14:00:00+01:00,59.349905328587354,52.89
2025-11-04 14:15:00+01:00,65.7550157936216,70.41
2025-11-04 14:30:00+01:00,78.70366972515745,86.89
2025-11-04 14:45:00+01:00,82.2061655471837,114.01
2025-11-04 15:00:00+01:00,75.75160775649425,84.19
2025-11-04 15:15:00+01:00,87.97925537853652,100.25
2025-11-04 15:30:00+01:00,95.83654635087069,114.35
2025-11-04 15:45:00+01:00,102.69151843273565,166.27
2025-11-04 16:00:00+01:00,105.95069153944934,92.23
2025-11-04 16:15:00+01:00,109.88905575813922,114.0
2025-11-04 16:30:00+01:00,115.14776402347445,131.29
2025-11-04 16:45:00+01:00,130.09731457983247,172.38
2025-11-04 17:00:00+01:00,103.30918506327569,132.0
2025-11-04 17:15:00+01:00,112.24503214770196,129.25
2025-11-04 17:30:00+01:00,122.86068047814626,131.85
2025-11-04 17:45:00+01:00,131.271534849773,123.3
2025-11-04 18:00:00+01:00,124.35212722885923,153.06
2025-11-04 18:15:00+01:00,129.88775859728412,127.01
2025-11-04 18:30:00+01:00,144.72874298810524,118.0
2025-11-04 18:45:00+01:00,128.9875138195296,92.98
2025-11-04 19:00:00+01:00,135.31194662164916,132.3
2025-11-04 19:15:00+01:00,129.81804919772298,114.0
2025-11-04 19:30:00+01:00,129.15251019249547,95.0
2025-11-04 19:45:00+01:00,121.37542102119565,85.49
2025-11-04 20:00:00+01:00,122.08074693330312,106.01
2025-11-04 20:15:00+01:00,113.65018119428498,98.41
2025-11-04 20:30:00+01:00,102.23043708776706,87.68
2025-11-04 20:45:00+01:00,91.3672536787652,94.91
2025-11-04 21:00:00+01:00,105.72743722437824,105.76
2025-11-04 21:15:00+01:00,101.4245807621318,91.27
2025-11-04 21:30:00+01:00,94.00015399356222,88.9
2025-11-04 21:45:00+01:00,86.17560031299607,79.53
2025-11-04 22:00:00+01:00,97.52699538973104,91.06
2025-11-04 22:15:00+01:00,93.7722377712736,88.73
2025-11-04 22:30:00+01:00,90.32236195615364,86.82
2025-11-04 22:45:00+01:00,78.08861127731505,78.34
2025-11-04 23:00:00+01:00,93.42712507188628,80.65
2025-11-04 23:15:00+01:00,84.26291830377862,75.07
2025-11-04 23:30:00+01:00,76.8660017887023,79.53
2025-11-04 23:45:00+01:00,67.49129813163356,69.24
2025-11-05 00:00:00+01:00,75.49668306641524,80.4
2025-11-05 00:15:00+01:00,73.61729725907192,73.61
2025-11-05 00:30:00+01:00,73.04186154509321,78.24
2025-11-05 00:45:00+01:00,66.97298240167554,77.07
2025-11-05 01:00:00+01:00,71.36011180346404,76.25
2025-11-05 01:15:00+01:00,69.62501764220981,75.14
2025-11-05 01:30:00+01:00,71.00565794410936,75.98
2025-11-05 01:45:00+01:00,69.32632990127644,75.92
2025-11-05 02:00:00+01:00,62.79906637805696,70.46
2025-11-05 02:15:00+01:00,70.47856968128892,73.3
2025-11-05 02:30:00+01:00,71.04468803236009,75.42
2025-11-05 02:45:00+01:00,70.5164073334021,78.24
2025-11-05 03:00:00+01:00,69.75219750619537,73.31
2025-11-05 03:15:00+01:00,68.53835038679465,72.44
2025-11-05 03:30:00+01:00,68.2748385477465,78.0
2025-11-05 03:45:00+01:00,67.56992829780853,74.98
2025-11-05 04:00:00+01:00,69.39497194678866,73.3
2025-11-05 04:15:00+01:00,69.93984234720955,73.48
2025-11-05 04:30:00+01:00,69.96469362379962,82.79
2025-11-05 04:45:00+01:00,72.05238156301014,85.97
2025-11-05 05:00:00+01:00,73.21367263747895,71.43
2025-11-05 05:15:00+01:00,77.33327471098369,81.88
2025-11-05 05:30:00+01:00,81.75700111795021,90.84
2025-11-05 05:45:00+01:00,83.2928965895724,95.85
2025-11-05 06:00:00+01:00,85.79312310515482,82.31
2025-11-05 06:15:00+01:00,96.08860653559299,84.62
2025-11-05 06:30:00+01:00,103.76649713699243,90.38
2025-11-05 06:45:00+01:00,110.90840677699713,108.14
2025-11-05 07:00:00+01:00,109.73320123369187,108.8
2025-11-05 07:15:00+01:00,118.18988001009572,127.01
2025-11-05 07:30:00+01:00,120.63149739020419,122.25
2025-11-05 07:45:00+01:00,118.14341759595041,105.54
2025-11-05 08:00:00+01:00,134.54620810989368,140.29
2025-11-05 08:15:00+01:00,118.61776683305297,117.27
2025-11-05 08:30:00+01:00,108.32412484471344,103.44
2025-11-05 08:45:00+01:00,100.46898336455081,67.46
2025-11-05 09:00:00+01:00,116.7613793120485,89.48
2025-11-05 09:15:00+01:00,105.08850290717517,76.34
2025-11-05 09:30:00+01:00,93.90288721130203,67.65
2025-11-05 09:45:00+01:00,87.2825473044787,64.69
2025-11-05 10:00:00+01:00,112.28964216306113,70.15
2025-11-05 10:15:00+01:00,99.58067365290583,60.04
2025-11-05 10:30:00+01:00,99.16651078360505,61.69
2025-11-05 10:45:00+01:00,92.86423072833107,59.65
2025-11-05 11:00:00+01:00,110.63869855053515,61.31
2025-11-05 11:15:00+01:00,104.15044446348763,59.99
2025-11-05 11:30:00+01:00,98.79151181387023,61.03
2025-11-05 11:45:00+01:00,102.23822193337583,65.7
2025-11-05 12:00:00+01:00,100.83180186422871,50.89
2025-11-05 12:15:00+01:00,99.24150833594021,61.08
2025-11-05 12:30:00+01:00,101.84744950715974,65.41
2025-11-05 12:45:00+01:00,99.96105092768093,70.9
2025-11-05 13:00:00+01:00,106.54971140066874,60.79
2025-11-05 13:15:00+01:00,110.65517153488742,71.09
2025-11-05 13:30:00+01:00,114.29373173826495,83.15
2025-11-05 13:45:00+01:00,118.460615591496,94.3
2025-11-05 14:00:00+01:00,100.48549924251434,73.28
2025-11-05 14:15:00+01:00,114.55516897569801,91.24
2025-11-05 14:30:00+01:00,125.35572808830102,102.7
2025-11-05 14:45:00+01:00,145.22633764200555,117.55
2025-11-05 15:00:00+01:00,128.42554316213946,81.02
2025-11-05 15:15:00+01:00,146.02989973120296,110.64
2025-11-05 15:30:00+01:00,146.08113108263802,125.9
2025-11-05 15:45:00+01:00,160.18504245988797,144.02
2025-11-05 16:00:00+01:00,168.74385871293538,123.07
2025-11-05 16:15:00+01:00,194.51096990720686,130.88
2025-11-05 16:30:00+01:00,167.201417956574,144.55
2025-11-05 16:45:00+01:00,169.2263694285899,167.03
2025-11-05 17:00:00+01:00,113.74549532933823,148.13
2025-11-05 17:15:00+01:00,142.745459053169,153.09
2025-11-05 17:30:00+01:00,150.82444800532897,151.44
2025-11-05 17:45:00+01:00,167.03051594388904,137.01
2025-11-05 18:00:00+01:00,136.15465980851394,148.22
2025-11-05 18:15:00+01:00,136.81590481906665,134.77
2025-11-05 18:30:00+01:00,140.8747530051924,119.21
2025-11-05 18:45:00+01:00,135.27073011942727,108.12
2025-11-05 19:00:00+01:00,147.05168791998946,128.48
2025-11-05 19:15:00+01:00,144.3975423632912,116.72
2025-11-05 19:30:00+01:00,121.13568523456836,109.73
2025-11-05 19:45:00+01:00,109.22504159116467,104.09
2025-11-05 20:00:00+01:00,140.48233150610068,110.93
2025-11-05 20:15:00+01:00,128.59110554092888,103.37
2025-11-05 20:30:00+01:00,118.2821601997764,103.02
2025-11-05 20:45:00+01:00,108.39448359406232,101.84
2025-11-05 21:00:00+01:00,114.92221516183162,108.39
2025-11-05 21:15:00+01:00,110.23737152344253,102.83
2025-11-05 21:30:00+01:00,106.7132146474677,99.02
2025-11-05 21:45:00+01:00,96.7836016475663,85.43
2025-11-05 22:00:00+01:00,106.90023469991573,102.48
2025-11-05 22:15:00+01:00,99.8866526762049,89.89
2025-11-05 22:30:00+01:00,97.31226495631569,85.49
2025-11-05 22:45:00+01:00,90.06263524881487,77.53
2025-11-05 23:00:00+01:00,98.70522742006008,91.32
2025-11-05 23:15:00+01:00,92.14205253363616,91.86
2025-11-05 23:30:00+01:00,88.87503495073831,89.37
2025-11-05 23:45:00+01:00,82.4691948172754,78.25
2025-11-06 00:00:00+01:00,88.59927299940207,96.78
2025-11-06 00:15:00+01:00,88.11387979399895,93.11
2025-11-06 00:30:00+01:00,85.91069702933666,93.43
2025-11-06 00:45:00+01:00,79.72435613533256,90.17
2025-11-06 01:00:00+01:00,83.69004622633393,93.38
2025-11-06 01:15:00+01:00,82.92549215224157,91.08
2025-11-06 01:30:00+01:00,81.42098256957922,90.26
2025-11-06 01:45:00+01:00,80.19475827902284,88.6
2025-11-06 02:00:00+01:00,78.9969556019367,93.02
2025-11-06 02:15:00+01:00,79.98815404486169,90.54
2025-11-06 02:30:00+01:00,80.17601473736028,91.75
2025-11-06 02:45:00+01:00,79.81408513127707,90.28
2025-11-06 03:00:00+01:00,80.03485611076181,91.67
2025-11-06 03:15:00+01:00,78.7477955518651,91.09
2025-11-06 03:30:00+01:00,78.69508073150446,89.12
2025-11-06 03:45:00+01:00,79.05054467911866,90.14
2025-11-06 04:00:00+01:00,79.34397353343682,91.61
2025-11-06 04:15:00+01:00,79.80906397365636,91.08
2025-11-06 04:30:00+01:00,81.43274123830778,91.53
2025-11-06 04:45:00+01:00,81.52829126690415,93.38
2025-11-06 05:00:00+01:00,81.37941102358715,86.11
2025-11-06 05:15:00+01:00,85.67099497846827,88.76
2025-11-06 05:30:00+01:00,90.75587826995472,94.6
2025-11-06 05:45:00+01:00,93.49826987073403,99.21
2025-11-06 06:00:00+01:00,87.72412104804499,93.88
2025-11-06 06:15:00+01:00,104.49727049722904,113.52
2025-11-06 06:30:00+01:00,114.17734951710456,121.99
2025-11-06 06:45:00+01:00,125.58303370583522,144.01
2025-11-06 07:00:00+01:00,121.10253558522099,127.72
2025-11-06 07:15:00+01:00,128.7889553383826,136.0
2025-11-06 07:30:00+01:00,124.73378758969456,136.0
2025-11-06 07:45:00+01:00,115.32862577963877,121.21
2025-11-06 08:00:00+01:00,124.47524286988269,144.97
2025-11-06 08:15:00+01:00,121.03068567281363,129.01
2025-11-06 08:30:00+01:00,106.30525019390666,111.68
2025-11-06 08:45:00+01:00,90.10074677975109,93.06
2025-11-06 09:00:00+01:00,118.90242873860716,110.73
2025-11-06 09:15:00+01:00,99.44301690295407,100.6
2025-11-06 09:30:00+01:00,87.24316066942444,86.29
2025-11-06 09:45:00+01:00,76.2558042349618,75.23
2025-11-06 10:00:00+01:00,98.23696523750264,94.8
2025-11-06 10:15:00+01:00,87.90681378909942,87.55
2025-11-06 10:30:00+01:00,88.70897292394481,80.34
2025-11-06 10:45:00+01:00,81.48972054178596,77.94
2025-11-06 11:00:00+01:00,85.06465011351892,86.9
2025-11-06 11:15:00+01:00,84.67432014000761,84.97
2025-11-06 11:30:00+01:00,81.3787360031821,82.93
2025-11-06 11:45:00+01:00,81.06469181253229,80.0
2025-11-06 12:00:00+01:00,76.00419396956312,81.13
2025-11-06 12:15:00+01:00,76.29704652659618,78.76
2025-11-06 12:30:00+01:00,81.58331845622533,86.64
2025-11-06 12:45:00+01:00,81.01074292359624,89.44
2025-11-06 13:00:00+01:00,78.8670685418655,80.8
2025-11-06 13:15:00+01:00,96.84498445608367,86.58
2025-11-06 13:30:00+01:00,111.10303208567731,87.6
2025-11-06 13:45:00+01:00,117.85919451412353,93.74
2025-11-06 14:00:00+01:00,87.11276547136029,78.51
2025-11-06 14:15:00+01:00,107.35901872483558,94.53
2025-11-06 14:30:00+01:00,115.37561842737821,102.9
2025-11-06 14:45:00+01:00,128.22371917274128,122.0
2025-11-06 15:00:00+01:00,104.60101831091652,101.31
2025-11-06 15:15:00+01:00,119.24448653745762,109.16
2025-11-06 15:30:00+01:00,134.3021914287372,135.32
2025-11-06 15:45:00+01:00,165.12991348024485,167.17
2025-11-06 16:00:00+01:00,128.7131737936296,123.1
2025-11-06 16:15:00+01:00,153.12159930019067,137.01
2025-11-06 16:30:00+01:00,147.54417070569446,156.79
2025-11-06 16:45:00+01:00,169.21655740175055,173.08
2025-11-06 17:00:00+01:00,137.59484626353066,165.46
2025-11-06 17:15:00+01:00,155.11442950758936,162.87
2025-11-06 17:30:00+01:00,162.92043082395315,150.19
2025-11-06 17:45:00+01:00,166.51372455131468,138.5
2025-11-06 18:00:00+01:00,152.58278667583085,149.09
2025-11-06 18:15:00+01:00,141.02731972011486,139.04
2025-11-06 18:30:00+01:00,135.88408731576845,134.82
2025-11-06 18:45:00+01:00,129.1271514789882,126.84
2025-11-06 19:00:00+01:00,131.04718200175512,138.15
2025-11-06 19:15:00+01:00,122.96284984614634,129.36
2025-11-06 19:30:00+01:00,113.89044533887024,119.71
2025-11-06 19:45:00+01:00,100.44076180252188,118.63
2025-11-06 20:00:00+01:00,131.44015823287975,123.02
2025-11-06 20:15:00+01:00,111.5587646511448,119.85
2025-11-06 20:30:00+01:00,116.1856659936857,112.48
2025-11-06 20:45:00+01:00,106.50906733202225,104.53
2025-11-06 21:00:00+01:00,117.59649814983241,109.64
2025-11-06 21:15:00+01:00,109.8104406698576,103.66
2025-11-06 21:30:00+01:00,106.16431391585353,101.51
2025-11-06 21:45:00+01:00,91.19828783406666,89.11
2025-11-06 22:00:00+01:00,106.38133571068924,100.1
2025-11-06 22:15:00+01:00,100.8283669729935,93.67
2025-11-06 22:30:00+01:00,97.45716763071184,101.05
2025-11-06 22:45:00+01:00,91.60909504673741,95.12
2025-11-06 23:00:00+01:00,100.87752817624485,99.89
2025-11-06 23:15:00+01:00,90.8233684499139,95.0
2025-11-06 23:30:00+01:00,87.09310462850382,87.84
2025-11-06 23:45:00+01:00,81.96672407337482,79.48
2025-11-07 00:00:00+01:00,94.06095314703697,90.9
2025-11-07 00:15:00+01:00,91.29449812218847,88.27
2025-11-07 00:30:00+01:00,87.02157232829278,92.99
2025-11-07 00:45:00+01:00,82.46504653661728,88.55
2025-11-07 01:00:00+01:00,88.2701368018393,90.53
2025-11-07 01:15:00+01:00,85.63088096482855,88.44
2025-11-07 01:30:00+01:00,82.47714236161374,88.45
2025-11-07 01:45:00+01:00,80.71773257864244,87.87
2025-11-07 02:00:00+01:00,78.6471616032626,90.59
2025-11-07 02:15:00+01:00,81.34601768508168,88.98
2025-11-07 02:30:00+01:00,81.36846446072336,89.89
2025-11-07 02:45:00+01:00,80.7058177435025,88.94
2025-11-07 03:00:00+01:00,81.42656632725483,89.9
2025-11-07 03:15:00+01:00,80.47508919265563,89.54
2025-11-07 03:30:00+01:00,81.26900278828768,89.08
2025-11-07 03:45:00+01:00,79.80939897729674,89.93
2025-11-07 04:00:00+01:00,80.3382932990106,87.07
2025-11-07 04:15:00+01:00,81.09277479414483,89.4
2025-11-07 04:30:00+01:00,83.92800090604436,92.39
2025-11-07 04:45:00+01:00,84.72733575465261,92.78
2025-11-07 05:00:00+01:00,84.76688101952028,85.06
2025-11-07 05:15:00+01:00,88.53805675742679,90.29
2025-11-07 05:30:00+01:00,93.60578397957974,97.89
2025-11-07 05:45:00+01:00,97.75718346686192,103.6
2025-11-07 06:00:00+01:00,100.11937463625642,89.47
2025-11-07 06:15:00+01:00,112.80330526548333,102.11
2025-11-07 06:30:00+01:00,121.7800263312289,113.11
2025-11-07 06:45:00+01:00,136.4700075844187,144.37
2025-11-07 07:00:00+01:00,146.6618523567398,120.36
2025-11-07 07:15:00+01:00,164.25499905987928,137.63
2025-11-07 07:30:00+01:00,150.56642632921717,136.49
2025-11-07 07:45:00+01:00,142.81503584523338,141.05
2025-11-07 08:00:00+01:00,182.48788919212842,157.49
2025-11-07 08:15:00+01:00,166.82713355034215,142.86
2025-11-07 08:30:00+01:00,138.43881517347924,117.62
2025-11-07 08:45:00+01:00,109.3587291489685,94.22
2025-11-07 09:00:00+01:00,162.22849221670947,126.3
2025-11-07 09:15:00+01:00,134.44959017306087,117.13
2025-11-07 09:30:00+01:00,118.7219567946586,99.71
2025-11-07 09:45:00+01:00,103.73132429703176,89.28
2025-11-07 10:00:00+01:00,171.61196653704394,102.85
2025-11-07 10:15:00+01:00,149.0276287537268,94.96
2025-11-07 10:30:00+01:00,137.45503214211504,89.23
2025-11-07 10:45:00+01:00,120.44542568317868,86.48
2025-11-07 11:00:00+01:00,146.9492565597066,92.54
2025-11-07 11:15:00+01:00,149.2761026818319,89.69
2025-11-07 11:30:00+01:00,164.96905760919475,89.83
2025-11-07 11:45:00+01:00,154.96865075361686,87.89
2025-11-07 12:00:00+01:00,156.93474244315433,88.29
2025-11-07 12:15:00+01:00,161.43949022274472,88.22
2025-11-07 12:30:00+01:00,168.3707165619308,88.8
2025-11-07 12:45:00+01:00,183.3811522430378,89.9
2025-11-07 13:00:00+01:00,216.47545446367474,88.23
2025-11-07 13:15:00+01:00,252.3457017969324,90.56
2025-11-07 13:30:00+01:00,305.83524679778463,93.54
2025-11-07 13:45:00+01:00,348.51528728804436,95.88
2025-11-07 14:00:00+01:00,174.06881961911358,80.82
2025-11-07 14:15:00+01:00,220.6624520809695,98.87
2025-11-07 14:30:00+01:00,218.66005934666794,106.81
2025-11-07 14:45:00+01:00,237.04090490359212,125.9
2025-11-07 15:00:00+01:00,178.6662837765276,91.87
2025-11-07 15:15:00+01:00,201.47523466144088,112.21
2025-11-07 15:30:00+01:00,209.53777448633622,133.5
2025-11-07 15:45:00+01:00,238.27801269595128,180.91
2025-11-07 16:00:00+01:00,279.6432033703351,129.33
2025-11-07 16:15:00+01:00,294.75883951081653,144.57
2025-11-07 16:30:00+01:00,271.9134210859241,166.96
2025-11-07 16:45:00+01:00,226.6020186610226,219.63
2025-11-07 17:00:00+01:00,261.6449429871917,172.06
2025-11-07 17:15:00+01:00,286.0655304749152,184.76
2025-11-07 17:30:00+01:00,204.83633337225933,180.71
2025-11-07 17:45:00+01:00,207.41538639819308,176.62
2025-11-07 18:00:00+01:00,180.08839112072002,154.59
2025-11-07 18:15:00+01:00,190.967784345725,141.42
2025-11-07 18:30:00+01:00,163.60409830175664,142.95
2025-11-07 18:45:00+01:00,146.5597109277669,143.77
2025-11-07 19:00:00+01:00,201.43692052763413,144.45
2025-11-07 19:15:00+01:00,178.43527330005577,136.28
2025-11-07 19:30:00+01:00,168.03203086956213,123.29
2025-11-07 19:45:00+01:00,176.07881468609506,121.91
2025-11-07 20:00:00+01:00,163.7466982116291,133.46
2025-11-07 20:15:00+01:00,147.52634787091998,120.71
2025-11-07 20:30:00+01:00,142.42304060846922,115.42
2025-11-07 20:45:00+01:00,132.9942400924948,108.12
2025-11-07 21:00:00+01:00,133.7831528741163,117.27
2025-11-07 21:15:00+01:00,130.45130427211367,109.6
2025-11-07 21:30:00+01:00,120.34736019829272,103.77
2025-11-07 21:45:00+01:00,113.47409762921457,95.97
2025-11-07 22:00:00+01:00,118.77853869837844,107.31
2025-11-07 22:15:00+01:00,113.12901284224095,104.51
2025-11-07 22:30:00+01:00,109.6087328622502,94.99
2025-11-07 22:45:00+01:00,103.68649935630198,86.29
2025-11-07 23:00:00+01:00,115.94384538767656,100.73
2025-11-07 23:15:00+01:00,105.72772682788826,94.99
2025-11-07 23:30:00+01:00,101.51017289159101,88.89
2025-11-07 23:45:00+01:00,95.51772284165624,83.6
2025-11-08 00:00:00+01:00,97.3432463603298,102.32
2025-11-08 00:15:00+01:00,93.40803836719022,101.1
2025-11-08 00:30:00+01:00,89.5524007653204,90.13
2025-11-08 00:45:00+01:00,86.65088544463867,92.57
2025-11-08 01:00:00+01:00,94.97191000986638,100.41
2025-11-08 01:15:00+01:00,90.89779357778202,96.56
2025-11-08 01:30:00+01:00,86.60032614686254,94.99
2025-11-08 01:45:00+01:00,84.31151730477835,93.34
2025-11-08 02:00:00+01:00,90.57527402617283,95.97
2025-11-08 02:15:00+01:00,86.25341555655666,93.29
2025-11-08 02:30:00+01:00,86.2297435229558,93.88
2025-11-08 02:45:00+01:00,85.63524575981366,92.85
2025-11-08 03:00:00+01:00,87.68882274447148,94.76
2025-11-08 03:15:00+01:00,86.76570389702586,94.22
2025-11-08 03:30:00+01:00,87.55924054413912,93.86
2025-11-08 03:45:00+01:00,87.58359414090003,93.05
2025-11-08 04:00:00+01:00,86.64027503311576,93.81
2025-11-08 04:15:00+01:00,88.86440071364798,95.56
2025-11-08 04:30:00+01:00,92.04767859659668,95.82
2025-11-08 04:45:00+01:00,93.95351698879612,94.96
2025-11-08 05:00:00+01:00,90.28138851366013,93.82
2025-11-08 05:15:00+01:00,93.62472834521655,93.65
2025-11-08 05:30:00+01:00,97.69982756292163,94.51
2025-11-08 05:45:00+01:00,102.54754167534753,94.8
2025-11-08 06:00:00+01:00,92.4539832567076,87.61
2025-11-08 06:15:00+01:00,105.13904713317787,90.7
2025-11-08 06:30:00+01:00,115.75679523246052,99.57
2025-11-08 06:45:00+01:00,124.38036192562987,103.23
2025-11-08 07:00:00+01:00,117.39711507304042,99.97
2025-11-08 07:15:00+01:00,127.33873784134066,102.67
2025-11-08 07:30:00+01:00,121.02095136304997,106.93
2025-11-08 07:45:00+01:00,115.0389042425299,105.8
2025-11-08 08:00:00+01:00,135.5909500229278,111.07
2025-11-08 08:15:00+01:00,115.37103238858893,108.31
2025-11-08 08:30:00+01:00,109.34059531398623,102.82
2025-11-08 08:45:00+01:00,94.7416476808486,99.8
2025-11-08 09:00:00+01:00,119.40256307920944,111.37
2025-11-08 09:15:00+01:00,106.36534779500028,103.77
2025-11-08 09:30:00+01:00,94.07450553893487,102.14
2025-11-08 09:45:00+01:00,82.91615552159138,97.2
2025-11-08 10:00:00+01:00,110.00329944555344,110.81
2025-11-08 10:15:00+01:00,98.06746535206229,102.83
2025-11-08 10:30:00+01:00,94.27466888966029,99.75
2025-11-08 10:45:00+01:00,88.15887310450863,95.32
2025-11-08 11:00:00+01:00,112.31425240072453,100.05
2025-11-08 11:15:00+01:00,107.15960796094448,97.89
2025-11-08 11:30:00+01:00,116.24147560560039,94.85
2025-11-08 11:45:00+01:00,108.92052686261368,95.0
2025-11-08 12:00:00+01:00,119.06442954608644,99.94
2025-11-08 12:15:00+01:00,128.211451972975,95.84
2025-11-08 12:30:00+01:00,131.23723502078556,92.59
2025-11-08 12:45:00+01:00,132.13606149947094,92.27
2025-11-08 13:00:00+01:00,123.09080808684588,93.15
2025-11-08 13:15:00+01:00,150.23999087457287,93.59
2025-11-08 13:30:00+01:00,167.98817402019486,96.92
2025-11-08 13:45:00+01:00,185.10672031681162,99.99
2025-11-08 14:00:00+01:00,123.50671270089003,86.33
2025-11-08 14:15:00+01:00,137.04321370398537,97.21
2025-11-08 14:30:00+01:00,158.11914459440365,104.41
2025-11-08 14:45:00+01:00,176.10019863224258,118.22
2025-11-08 15:00:00+01:00,141.1357650731858,95.68
2025-11-08 15:15:00+01:00,180.14088488420163,109.93
2025-11-08 15:30:00+01:00,192.68385422368647,127.0
2025-11-08 15:45:00+01:00,215.4714947897999,137.86
2025-11-08 16:00:00+01:00,168.20212103027507,112.51
2025-11-08 16:15:00+01:00,189.46215847145692,118.6
2025-11-08 16:30:00+01:00,211.45078831722276,124.42
2025-11-08 16:45:00+01:00,189.3449352109177,143.01
2025-11-08 17:00:00+01:00,162.90443071454905,123.9
2025-11-08 17:15:00+01:00,165.15690991186676,136.88
2025-11-08 17:30:00+01:00,178.53365869423294,138.04
2025-11-08 17:45:00+01:00,191.92471574531297,140.84
2025-11-08 18:00:00+01:00,188.46034000984343,137.72
2025-11-08 18:15:00+01:00,167.12010520484074,135.99
2025-11-08 18:30:00+01:00,149.907656818166,136.78
2025-11-08 18:45:00+01:00,160.8789524045033,135.64
2025-11-08 19:00:00+01:00,168.7819536980535,136.15
2025-11-08 19:15:00+01:00,160.06692623675397,133.43
2025-11-08 19:30:00+01:00,139.5429404256542,131.0
2025-11-08 19:45:00+01:00,132.17822773707775,127.34
2025-11-08 20:00:00+01:00,140.09260814941888,132.7
2025-11-08 20:15:00+01:00,128.19897394986415,126.07
2025-11-08 20:30:00+01:00,128.75883828160886,121.83
2025-11-08 20:45:00+01:00,120.76020636347862,111.27
2025-11-08 21:00:00+01:00,127.9019946221411,122.6
2025-11-08 21:15:00+01:00,120.18975910316,120.04
2025-11-08 21:30:00+01:00,112.37595660121849,108.39
2025-11-08 21:45:00+01:00,102.72503944538502,102.19
2025-11-08 22:00:00+01:00,115.78183639559805,112.3
2025-11-08 22:15:00+01:00,110.6195733608093,107.43
2025-11-08 22:30:00+01:00,107.1516890747929,104.69
2025-11-08 22:45:00+01:00,101.69800968568437,100.62
2025-11-08 23:00:00+01:00,116.5366842596278,104.41
2025-11-08 23:15:00+01:00,105.28486668027145,99.93
2025-11-08 23:30:00+01:00,100.7766466430191,95.0
2025-11-08 23:45:00+01:00,95.21242608162073,88.28
2025-11-09 00:00:00+01:00,100.91649904487907,99.33
2025-11-09 00:15:00+01:00,97.15398447406379,92.43
2025-11-09 00:30:00+01:00,94.59851177861628,97.99
2025-11-09 00:45:00+01:00,91.3209387803612,95.63
2025-11-09 01:00:00+01:00,104.01203875836184,100.39
2025-11-09 01:15:00+01:00,99.39622094579792,95.0
2025-11-09 01:30:00+01:00,90.5246372732545,92.42
2025-11-09 01:45:00+01:00,88.54530645491374,90.41
2025-11-09 02:00:00+01:00,101.76086902285128,95.08
2025-11-09 02:15:00+01:00,89.82861877786725,93.77
2025-11-09 02:30:00+01:00,89.31508919590307,92.07
2025-11-09 02:45:00+01:00,88.8526240980714,90.41
2025-11-09 03:00:00+01:00,90.7166406654436,91.52
2025-11-09 03:15:00+01:00,89.33370243153237,90.4
2025-11-09 03:30:00+01:00,90.35876023030572,89.99
2025-11-09 03:45:00+01:00,89.81951886056211,92.62
2025-11-09 04:00:00+01:00,89.00554773495264,90.49
2025-11-09 04:15:00+01:00,89.72203612950901,91.42
2025-11-09 04:30:00+01:00,93.7988002219674,90.98
2025-11-09 04:45:00+01:00,98.31092328358967,93.7
2025-11-09 05:00:00+01:00,90.79832309764114,91.83
2025-11-09 05:15:00+01:00,92.95328951030456,91.3
2025-11-09 05:30:00+01:00,96.26948377076259,93.2
2025-11-09 05:45:00+01:00,98.966854241869,90.41
2025-11-09 06:00:00+01:00,85.92902665796109,90.18
2025-11-09 06:15:00+01:00,96.7700927346129,89.14
2025-11-09 06:30:00+01:00,106.8700501922679,90.4
2025-11-09 06:45:00+01:00,114.16993212641455,90.03
2025-11-09 07:00:00+01:00,110.518552238345,89.97
2025-11-09 07:15:00+01:00,122.1452642327029,84.97
2025-11-09 07:30:00+01:00,122.18967908171598,88.56
2025-11-09 07:45:00+01:00,123.52150152550615,90.96
2025-11-09 08:00:00+01:00,123.00049637375596,93.75
2025-11-09 08:15:00+01:00,122.13401920765206,100.09
2025-11-09 08:30:00+01:00,112.03681209911399,98.75
2025-11-09 08:45:00+01:00,99.57554293959883,96.5
2025-11-09 09:00:00+01:00,126.368798004371,101.01
2025-11-09 09:15:00+01:00,111.69026849888957,98.91
2025-11-09 09:30:00+01:00,98.18666110125656,96.23
2025-11-09 09:45:00+01:00,89.62153585415513,94.32
2025-11-09 10:00:00+01:00,95.21724129955147,99.49
2025-11-09 10:15:00+01:00,84.46195612287319,96.05
2025-11-09 10:30:00+01:00,72.91096587115494,97.19
2025-11-09 10:45:00+01:00,66.68473674596686,95.4
2025-11-09 11:00:00+01:00,107.64955352619927,99.69
2025-11-09 11:15:00+01:00,95.24942277551114,98.45
2025-11-09 11:30:00+01:00,91.30746153268572,96.33
2025-11-09 11:45:00+01:00,90.7084987079036,94.75
2025-11-09 12:00:00+01:00,114.99829461190669,98.79
2025-11-09 12:15:00+01:00,111.86711271714555,97.63
2025-11-09 12:30:00+01:00,112.19755818532585,96.69
2025-11-09 12:45:00+01:00,112.45872777414564,98.24
2025-11-09 13:00:00+01:00,107.49125473750169,99.38
2025-11-09 13:15:00+01:00,110.5958577768593,98.78
2025-11-09 13:30:00+01:00,111.15813174831149,93.88
2025-11-09 13:45:00+01:00,113.75684174576904,93.57
2025-11-09 14:00:00+01:00,98.56675828990606,93.93
2025-11-09 14:15:00+01:00,101.20883358729398,93.71
2025-11-09 14:30:00+01:00,111.25569973163694,98.58
2025-11-09 14:45:00+01:00,121.32460440149507,103.04
2025-11-09 15:00:00+01:00,105.65960290567763,89.97
2025-11-09 15:15:00+01:00,118.61038099748811,97.24
2025-11-09 15:30:00+01:00,133.42409682625558,99.87
2025-11-09 15:45:00+01:00,129.58963252940072,104.1
2025-11-09 16:00:00+01:00,99.0933344413044,102.66
2025-11-09 16:15:00+01:00,111.7637242000348,109.6
2025-11-09 16:30:00+01:00,121.9879829341235,112.63
2025-11-09 16:45:00+01:00,147.3478799158079,114.5
2025-11-09 17:00:00+01:00,124.24973833980587,112.92
2025-11-09 17:15:00+01:00,134.575241018652,124.24
2025-11-09 17:30:00+01:00,144.639143720123,130.73
2025-11-09 17:45:00+01:00,154.9602220115003,132.51
2025-11-09 18:00:00+01:00,157.64764486676376,125.56
2025-11-09 18:15:00+01:00,152.48947606085073,127.51
2025-11-09 18:30:00+01:00,149.45591950473127,126.71
2025-11-09 18:45:00+01:00,149.5695274621669,124.62
2025-11-09 19:00:00+01:00,149.97741679300952,122.09
2025-11-09 19:15:00+01:00,139.8046579345771,121.36
2025-11-09 19:30:00+01:00,137.15128727557698,114.5
2025-11-09 19:45:00+01:00,134.58694179675808,113.87
2025-11-09 20:00:00+01:00,146.88890662375496,115.16
2025-11-09 20:15:00+01:00,127.28098306700228,116.18
2025-11-09 20:30:00+01:00,120.94036850286955,102.88
2025-11-09 20:45:00+01:00,116.09221707054172,89.78
2025-11-09 21:00:00+01:00,124.23745631521561,102.84
2025-11-09 21:15:00+01:00,117.6932417901505,89.97
2025-11-09 21:30:00+01:00,111.07920793292828,93.05
2025-11-09 21:45:00+01:00,100.81246412847312,88.29
2025-11-09 22:00:00+01:00,113.4000332004147,102.83
2025-11-09 22:15:00+01:00,109.05981518598526,93.83
2025-11-09 22:30:00+01:00,105.23622843149937,89.5
2025-11-09 22:45:00+01:00,98.80464430232352,83.1
2025-11-09 23:00:00+01:00,105.8081499725555,95.11
2025-11-09 23:15:00+01:00,100.58867518738585,89.53
2025-11-09 23:30:00+01:00,98.39601756205401,89.49
2025-11-09 23:45:00+01:00,93.00692930408353,85.59
2025-11-10 00:00:00+01:00,91.75551377487811,92.38
2025-11-10 00:15:00+01:00,88.93154077992102,89.98
2025-11-10 00:30:00+01:00,87.80026835656552,87.4
2025-11-10 00:45:00+01:00,86.2962845701453,86.16
2025-11-10 01:00:00+01:00,92.34348143328806,88.71
2025-11-10 01:15:00+01:00,90.59263040799537,88.46
2025-11-10 01:30:00+01:00,86.08732438064341,86.43
2025-11-10 01:45:00+01:00,84.5908164386005,86.94
2025-11-10 02:00:00+01:00,89.07100537032258,90.65
2025-11-10 02:15:00+01:00,85.76489679356607,89.6
2025-11-10 02:30:00+01:00,85.6179388092056,88.25
2025-11-10 02:45:00+01:00,85.21648443082421,87.11
2025-11-10 03:00:00+01:00,86.00899527871141,88.17
2025-11-10 03:15:00+01:00,84.55329647330508,87.27
2025-11-10 03:30:00+01:00,85.56328633539022,87.63
2025-11-10 03:45:00+01:00,84.93825761717758,87.02
2025-11-10 04:00:00+01:00,86.21651012685417,85.32
2025-11-10 04:15:00+01:00,87.1876460287527,85.05
2025-11-10 04:30:00+01:00,89.03911792506594,87.02
2025-11-10 04:45:00+01:00,92.22536448322064,91.32
2025-11-10 05:00:00+01:00,90.80352066621141,86.07
2025-11-10 05:15:00+01:00,94.71638026412653,86.54
2025-11-10 05:30:00+01:00,99.3268446799122,94.57
2025-11-10 05:45:00+01:00,103.75556452178175,102.07
2025-11-10 06:00:00+01:00,100.14257583297295,88.27
2025-11-10 06:15:00+01:00,115.83055391419525,103.37
2025-11-10 06:30:00+01:00,130.8190588148371,122.25
2025-11-10 06:45:00+01:00,146.50154220757364,139.92
2025-11-10 07:00:00+01:00,157.2766302993562,125.13
2025-11-10 07:15:00+01:00,160.3139756134459,140.93
2025-11-10 07:30:00+01:00,160.44586594177323,149.45
2025-11-10 07:45:00+01:00,166.58540657543404,156.47
2025-11-10 08:00:00+01:00,178.4051444217697,176.4
2025-11-10 08:15:00+01:00,154.79940881760237,159.14
2025-11-10 08:30:00+01:00,148.51239645167027,156.15
2025-11-10 08:45:00+01:00,126.94763285043285,139.81
2025-11-10 09:00:00+01:00,203.70962291059703,175.95
2025-11-10 09:15:00+01:00,167.44240780072778,146.07
2025-11-10 09:30:00+01:00,138.9062867191767,132.6
2025-11-10 09:45:00+01:00,120.22123387283231,122.57
2025-11-10 10:00:00+01:00,200.76349756334997,145.7
2025-11-10 10:15:00+01:00,172.43211931440248,127.54
2025-11-10 10:30:00+01:00,158.0687639432174,123.34
2025-11-10 10:45:00+01:00,146.35696325208988,108.51
2025-11-10 11:00:00+01:00,178.68476188559728,122.57
2025-11-10 11:15:00+01:00,158.8225587154467,117.76
2025-11-10 11:30:00+01:00,154.6892078508704,111.81
2025-11-10 11:45:00+01:00,174.35325696151517,108.84
2025-11-10 12:00:00+01:00,181.6419549850304,109.43
2025-11-10 12:15:00+01:00,172.90017059696427,107.39
2025-11-10 12:30:00+01:00,168.43568329570695,102.83
2025-11-10 12:45:00+01:00,169.86075410956383,104.04
2025-11-10 13:00:00+01:00,236.16956991201414,107.91
2025-11-10 13:15:00+01:00,232.86007725118958,107.08
2025-11-10 13:30:00+01:00,226.16921741116775,105.47
2025-11-10 13:45:00+01:00,205.5467752026261,113.18
2025-11-10 14:00:00+01:00,155.79814218862737,102.38
2025-11-10 14:15:00+01:00,173.2608963483528,104.13
2025-11-10 14:30:00+01:00,181.53285059721927,118.62
2025-11-10 14:45:00+01:00,203.06760002117014,137.13
2025-11-10 15:00:00+01:00,108.53516832551264,102.85
2025-11-10 15:15:00+01:00,122.8343289002309,110.52
2025-11-10 15:30:00+01:00,141.40321045542044,128.94
2025-11-10 15:45:00+01:00,167.4305733216131,162.7
2025-11-10 16:00:00+01:00,190.75396580291755,125.11
2025-11-10 16:15:00+01:00,182.83526972705775,129.52
2025-11-10 16:30:00+01:00,180.83757164505505,131.96
2025-11-10 16:45:00+01:00,221.7293194323787,146.83
2025-11-10 17:00:00+01:00,159.18587714758678,146.44
2025-11-10 17:15:00+01:00,183.89759482253152,146.3
2025-11-10 17:30:00+01:00,175.62918228500396,136.77
2025-11-10 17:45:00+01:00,198.17846183043855,128.1
2025-11-10 18:00:00+01:00,164.43147185047036,154.37
2025-11-10 18:15:00+01:00,169.21166701236243,130.56
2025-11-10 18:30:00+01:00,166.6899132453231,103.39
2025-11-10 18:45:00+01:00,159.81507582665637,94.58
2025-11-10 19:00:00+01:00,199.377525087538,133.08
2025-11-10 19:15:00+01:00,181.83809243621198,102.11
2025-11-10 19:30:00+01:00,177.2762836193126,90.58
2025-11-10 19:45:00+01:00,167.5490160222053,88.88
2025-11-10 20:00:00+01:00,141.0134148515316,89.7
2025-11-10 20:15:00+01:00,129.28496436442634,96.4
2025-11-10 20:30:00+01:00,116.3051447317116,88.44
2025-11-10 20:45:00+01:00,105.42144036593427,85.9
2025-11-10 21:00:00+01:00,117.37462865510508,94.0
2025-11-10 21:15:00+01:00,111.71483203790439,87.63
2025-11-10 21:30:00+01:00,100.95371440900531,88.63
2025-11-10 21:45:00+01:00,96.95238502761865,85.69
2025-11-10 22:00:00+01:00,105.96798109228475,92.18
2025-11-10 22:15:00+01:00,101.04378443014387,89.59
2025-11-10 22:30:00+01:00,98.64432065508373,85.9
2025-11-10 22:45:00+01:00,92.60277166145853,85.9
2025-11-10 23:00:00+01:00,96.82417480348238,92.91
2025-11-10 23:15:00+01:00,91.46908133568535,85.62
2025-11-10 23:30:00+01:00,89.79366064377457,81.24
2025-11-10 23:45:00+01:00,84.27526606547902,75.71
2025-11-11 00:00:00+01:00,86.08924069800935,89.65
2025-11-11 00:15:00+01:00,83.05039728727205,86.47
2025-11-11 00:30:00+01:00,80.23763203824099,78.38
2025-11-11 00:45:00+01:00,77.16191319715192,78.26
2025-11-11 01:00:00+01:00,79.52564016334873,88.86
2025-11-11 01:15:00+01:00,78.15901746910411,80.93
2025-11-11 01:30:00+01:00,78.08139405369577,76.54
2025-11-11 01:45:00+01:00,76.29306115259575,73.6
2025-11-11 02:00:00+01:00,76.91066628649364,77.65
2025-11-11 02:15:00+01:00,76.74818670144141,76.9
2025-11-11 02:30:00+01:00,76.2626572800814,74.5
2025-11-11 02:45:00+01:00,75.58379470236981,74.16
2025-11-11 03:00:00+01:00,74.98246220274181,73.04
2025-11-11 03:15:00+01:00,73.7770312788262,75.86
2025-11-11 03:30:00+01:00,73.74667364896453,76.4
2025-11-11 03:45:00+01:00,73.48301697379566,74.18
2025-11-11 04:00:00+01:00,73.56518738845547,73.51
2025-11-11 04:15:00+01:00,74.35277365769683,75.37
2025-11-11 04:30:00+01:00,76.18066921083489,75.94
2025-11-11 04:45:00+01:00,76.64823774884418,77.16
2025-11-11 05:00:00+01:00,76.46636224339339,70.72
2025-11-11 05:15:00+01:00,81.00108739875206,76.63
2025-11-11 05:30:00+01:00,85.0467341207197,76.92
2025-11-11 05:45:00+01:00,89.74987538373782,84.02
2025-11-11 06:00:00+01:00,85.20751151448373,74.61
2025-11-11 06:15:00+01:00,95.49024070429586,77.76
2025-11-11 06:30:00+01:00,107.32815638904364,88.88
2025-11-11 06:45:00+01:00,118.48489819080353,105.9
2025-11-11 07:00:00+01:00,114.81280090019473,97.03
2025-11-11 07:15:00+01:00,125.45280275593188,103.94
2025-11-11 07:30:00+01:00,131.9156957732347,109.38
2025-11-11 07:45:00+01:00,137.82447266512116,110.49
2025-11-11 08:00:00+01:00,141.14471796597843,119.64
2025-11-11 08:15:00+01:00,160.54608791103934,115.42
2025-11-11 08:30:00+01:00,141.0389127776565,113.56
2025-11-11 08:45:00+01:00,116.75248493877211,106.57
2025-11-11 09:00:00+01:00,142.01115179254344,115.76
2025-11-11 09:15:00+01:00,125.10931841909714,98.64
2025-11-11 09:30:00+01:00,111.9204057638463,103.62
2025-11-11 09:45:00+01:00,102.40178342677584,94.44
2025-11-11 10:00:00+01:00,147.4712715772288,106.39
2025-11-11 10:15:00+01:00,120.46185316454935,90.83
2025-11-11 10:30:00+01:00,107.74587749137433,85.99
2025-11-11 10:45:00+01:00,93.14354542465487,82.68
2025-11-11 11:00:00+01:00,119.00031682579032,93.08
2025-11-11 11:15:00+01:00,111.21579192277694,88.87
2025-11-11 11:30:00+01:00,107.90378006040117,85.91
2025-11-11 11:45:00+01:00,104.88561969017715,83.83
2025-11-11 12:00:00+01:00,107.3883597077865,85.41
2025-11-11 12:15:00+01:00,106.14436765172836,83.58
2025-11-11 12:30:00+01:00,102.87426513221402,85.29
2025-11-11 12:45:00+01:00,101.54122473969362,92.36
2025-11-11 13:00:00+01:00,104.38299314427049,84.06
2025-11-11 13:15:00+01:00,107.88004703974055,86.7
2025-11-11 13:30:00+01:00,111.65863976981788,90.43
2025-11-11 13:45:00+01:00,111.57627257310294,98.53
2025-11-11 14:00:00+01:00,94.31422533537312,87.43
2025-11-11 14:15:00+01:00,103.47813813589921,94.24
2025-11-11 14:30:00+01:00,112.64442905267342,104.77
2025-11-11 14:45:00+01:00,128.8546326351535,118.5
2025-11-11 15:00:00+01:00,92.33942844704265,97.75
2025-11-11 15:15:00+01:00,109.15041895261984,117.05
2025-11-11 15:30:00+01:00,128.71986293499734,136.58
2025-11-11 15:45:00+01:00,152.42369084293836,145.72
2025-11-11 16:00:00+01:00,133.6833303180748,128.59
2025-11-11 16:15:00+01:00,141.48955923146121,141.12
2025-11-11 16:30:00+01:00,159.85907300299647,148.68
2025-11-11 16:45:00+01:00,185.14800122982254,153.9
2025-11-11 17:00:00+01:00,144.29392177630794,147.63
2025-11-11 17:15:00+01:00,155.5317310466649,149.49
2025-11-11 17:30:00+01:00,153.19551875560535,143.6
2025-11-11 17:45:00+01:00,177.78911232759793,132.31
2025-11-11 18:00:00+01:00,152.66644818243122,137.35
2025-11-11 18:15:00+01:00,153.43797239764984,122.31
2025-11-11 18:30:00+01:00,146.90346366527518,107.44
2025-11-11 18:45:00+01:00,146.2350974194375,92.89
2025-11-11 19:00:00+01:00,161.83853538215132,112.69
2025-11-11 19:15:00+01:00,154.5640870481792,96.44
2025-11-11 19:30:00+01:00,141.8803842439498,105.18
2025-11-11 19:45:00+01:00,129.7310543110672,105.82
2025-11-11 20:00:00+01:00,135.07955181636814,106.87
2025-11-11 20:15:00+01:00,131.0526045699695,103.73
2025-11-11 20:30:00+01:00,108.5379034706238,96.9
2025-11-11 20:45:00+01:00,100.99579833099338,85.2
2025-11-11 21:00:00+01:00,110.73823498857794,106.94
2025-11-11 21:15:00+01:00,104.19412247965327,96.91
2025-11-11 21:30:00+01:00,100.12529728614753,94.43
2025-11-11 21:45:00+01:00,92.73630156660884,87.25
2025-11-11 22:00:00+01:00,103.78793179468592,116.38
2025-11-11 22:15:00+01:00,97.06465272792276,94.56
2025-11-11 22:30:00+01:00,93.07796787461963,85.91
2025-11-11 22:45:00+01:00,85.17996407988863,71.39
2025-11-11 23:00:00+01:00,95.59389262948307,89.78
2025-11-11 23:15:00+01:00,90.20710436016051,79.84
2025-11-11 23:30:00+01:00,88.17408192066,74.29
2025-11-11 23:45:00+01:00,79.84294326440627,58.09
2025-11-12 00:00:00+01:00,87.87226082268103,88.54
2025-11-12 00:15:00+01:00,79.17580829599274,76.66
2025-11-12 00:30:00+01:00,74.35206591763132,68.23
2025-11-12 00:45:00+01:00,68.3905898575379,66.48
2025-11-12 01:00:00+01:00,77.60994114610689,76.38
2025-11-12 01:15:00+01:00,76.31888304033521,69.06
2025-11-12 01:30:00+01:00,72.41385477467098,62.55
2025-11-12 01:45:00+01:00,69.75769253312839,65.27
2025-11-12 02:00:00+01:00,72.17714214620011,65.4
2025-11-12 02:15:00+01:00,69.92333091814318,64.06
2025-11-12 02:30:00+01:00,70.13053677016934,67.0
2025-11-12 02:45:00+01:00,69.36414341185181,61.18
2025-11-12 03:00:00+01:00,70.07685644962012,65.51
2025-11-12 03:15:00+01:00,67.889301932258,62.12
2025-11-12 03:30:00+01:00,68.72474038644722,60.97
2025-11-12 03:45:00+01:00,67.04644412971244,61.0
2025-11-12 04:00:00+01:00,66.37062955411504,60.89
2025-11-12 04:15:00+01:00,67.2221662552144,63.22
2025-11-12 04:30:00+01:00,70.11116655010672,63.78
2025-11-12 04:45:00+01:00,72.17655118007036,61.31
2025-11-12 05:00:00+01:00,64.43929917993962,63.99
2025-11-12 05:15:00+01:00,71.061960561792,66.28
2025-11-12 05:30:00+01:00,79.36704485604378,74.12
2025-11-12 05:45:00+01:00,83.64825702975921,72.81
2025-11-12 06:00:00+01:00,77.4234327907566,59.39
2025-11-12 06:15:00+01:00,90.55401608449944,77.21
2025-11-12 06:30:00+01:00,102.44452609663176,76.4
2025-11-12 06:45:00+01:00,109.4620290018629,94.99
2025-11-12 07:00:00+01:00,110.4102421920284,105.94
2025-11-12 07:15:00+01:00,118.25784243403177,107.55
2025-11-12 07:30:00+01:00,103.27982409781474,110.46
2025-11-12 07:45:00+01:00,114.00953690891794,105.09
2025-11-12 08:00:00+01:00,130.25516369944,134.39
2025-11-12 08:15:00+01:00,110.51692419308735,109.73
2025-11-12 08:30:00+01:00,99.15493238550651,103.55
2025-11-12 08:45:00+01:00,85.18391557752462,55.22
2025-11-12 09:00:00+01:00,104.55045412561071,107.02
2025-11-12 09:15:00+01:00,97.4483955855318,83.19
2025-11-12 09:30:00+01:00,87.43396694467341,71.36
2025-11-12 09:45:00+01:00,80.19539369773828,50.88
2025-11-12 10:00:00+01:00,110.01816843502723,88.59
2025-11-12 10:15:00+01:00,97.8473233607964,72.2
2025-11-12 10:30:00+01:00,91.57972426041367,70.99
2025-11-12 10:45:00+01:00,84.07912011991442,54.33
2025-11-12 11:00:00+01:00,101.00525455662373,72.22
2025-11-12 11:15:00+01:00,93.48993106087815,58.88
2025-11-12 11:30:00+01:00,91.02704926024579,55.06
2025-11-12 11:45:00+01:00,91.17799722208926,53.86
2025-11-12 12:00:00+01:00,90.17168848048397,52.5
2025-11-12 12:15:00+01:00,89.87720468096248,54.12
2025-11-12 12:30:00+01:00,90.23029940162809,58.91
2025-11-12 12:45:00+01:00,93.31514599690007,71.01
2025-11-12 13:00:00+01:00,90.87300034838553,53.0
2025-11-12 13:15:00+01:00,96.20551001127325,64.83
2025-11-12 13:30:00+01:00,106.0451127308663,83.87
2025-11-12 13:45:00+01:00,112.93174820589704,93.37
2025-11-12 14:00:00+01:00,86.98709004465158,61.48
2025-11-12 14:15:00+01:00,99.52097728330882,57.24
2025-11-12 14:30:00+01:00,107.54244857617078,80.0
2025-11-12 14:45:00+01:00,122.52582809615768,122.98
2025-11-12 15:00:00+01:00,81.48647171416883,65.85
2025-11-12 15:15:00+01:00,99.1339659091739,92.64
2025-11-12 15:30:00+01:00,121.1722622822112,127.0
2025-11-12 15:45:00+01:00,141.58555787926093,134.39
2025-11-12 16:00:00+01:00,116.64432330932792,100.0
2025-11-12 16:15:00+01:00,121.60357051764655,114.0
2025-11-12 16:30:00+01:00,131.23526436809513,116.0
2025-11-12 16:45:00+01:00,153.1003307022039,124.5
2025-11-12 17:00:00+01:00,124.96861481418344,117.21
2025-11-12 17:15:00+01:00,127.10947541379468,115.99
2025-11-12 17:30:00+01:00,125.00604022761864,119.0
2025-11-12 17:45:00+01:00,129.56207397048644,109.38
2025-11-12 18:00:00+01:00,116.43173598619899,115.99
2025-11-12 18:15:00+01:00,109.98472892914087,109.9
2025-11-12 18:30:00+01:00,105.93722078914425,99.05
2025-11-12 18:45:00+01:00,104.90615610832195,94.53
2025-11-12 19:00:00+01:00,86.14542202192743,99.35
2025-11-12 19:15:00+01:00,76.87880307325864,87.42
2025-11-12 19:30:00+01:00,79.59274575529693,87.21
2025-11-12 19:45:00+01:00,87.63766762476745,81.73
2025-11-12 20:00:00+01:00,84.26836080291281,85.5
2025-11-12 20:15:00+01:00,64.75767886609296,84.81
2025-11-12 20:30:00+01:00,81.62525233455901,86.03
2025-11-12 20:45:00+01:00,65.70798715395199,67.44
2025-11-12 21:00:00+01:00,96.56890144864684,106.53
2025-11-12 21:15:00+01:00,78.6347695116294,86.02
2025-11-12 21:30:00+01:00,72.19666326249319,63.0
2025-11-12 21:45:00+01:00,56.75966161553729,52.07
2025-11-12 22:00:00+01:00,92.55385482835473,102.13
2025-11-12 22:15:00+01:00,82.44933137671428,79.43
2025-11-12 22:30:00+01:00,77.27956220886236,64.63
2025-11-12 22:45:00+01:00,69.38615332565645,55.99
2025-11-12 23:00:00+01:00,85.59520232166115,73.57
2025-11-12 23:15:00+01:00,74.14871133347253,64.53
2025-11-12 23:30:00+01:00,71.89480788966341,51.41
2025-11-12 23:45:00+01:00,61.542172678656684,38.23
2025-11-13 00:00:00+01:00,71.56081696136489,44.57
2025-11-13 00:15:00+01:00,63.730844217614134,36.24
2025-11-13 00:30:00+01:00,56.250760160247964,30.88
2025-11-13 00:45:00+01:00,50.0977049319512,19.98
2025-11-13 01:00:00+01:00,50.82253443306395,25.37
2025-11-13 01:15:00+01:00,33.082957648638896,19.03
2025-11-13 01:30:00+01:00,49.55123291597507,17.26
2025-11-13 01:45:00+01:00,44.28914931317951,14.23
2025-11-13 02:00:00+01:00,30.316583234006124,14.2
2025-11-13 02:15:00+01:00,48.83010938559689,13.36
2025-11-13 02:30:00+01:00,48.75178928769796,9.25
2025-11-13 02:45:00+01:00,46.45115068680971,7.94
2025-11-13 03:00:00+01:00,49.16616952438874,8.57
2025-11-13 03:15:00+01:00,50.02908901020388,8.09
2025-11-13 03:30:00+01:00,51.96801683775418,7.91
2025-11-13 03:45:00+01:00,50.753499325106326,6.55
2025-11-13 04:00:00+01:00,47.7677554784148,5.64
2025-11-13 04:15:00+01:00,49.60333429837564,5.63
2025-11-13 04:30:00+01:00,55.44842158530217,5.63
2025-11-13 04:45:00+01:00,56.39148419691168,7.1
2025-11-13 05:00:00+01:00,54.469254847910804,9.18
2025-11-13 05:15:00+01:00,62.60443730123924,15.63
2025-11-13 05:30:00+01:00,70.522679210185,32.1
2025-11-13 05:45:00+01:00,77.60768398873425,46.98
2025-11-13 06:00:00+01:00,59.804772935597335,33.77
2025-11-13 06:15:00+01:00,87.26381649056431,54.99
2025-11-13 06:30:00+01:00,94.1569526083581,57.17
2025-11-13 06:45:00+01:00,104.21643583056478,57.61
2025-11-13 07:00:00+01:00,99.9925286903406,56.18
2025-11-13 07:15:00+01:00,111.44229846382869,85.02
2025-11-13 07:30:00+01:00,107.74321965019962,86.11
2025-11-13 07:45:00+01:00,111.06092189189523,80.07
2025-11-13 08:00:00+01:00,118.54062495540859,85.29
2025-11-13 08:15:00+01:00,102.62245761548607,67.91
2025-11-13 08:30:00+01:00,109.96116070464299,51.65
2025-11-13 08:45:00+01:00,57.5316810619948,59.48
2025-11-13 09:00:00+01:00,93.70595593830963,58.79
2025-11-13 09:15:00+01:00,84.77048893118648,56.76
2025-11-13 09:30:00+01:00,67.25428403588596,50.6
2025-11-13 09:45:00+01:00,55.08230181013799,48.29
2025-11-13 10:00:00+01:00,98.39877722681037,58.51
2025-11-13 10:15:00+01:00,87.15618276155175,50.4
2025-11-13 10:30:00+01:00,76.931207656521,47.59
2025-11-13 10:45:00+01:00,70.19234506698288,44.79
2025-11-13 11:00:00+01:00,75.53813665375174,47.25
2025-11-13 11:15:00+01:00,69.55338595135922,36.95
2025-11-13 11:30:00+01:00,65.50013157260962,40.07
2025-11-13 11:45:00+01:00,63.05092764402668,47.57
2025-11-13 12:00:00+01:00,62.55245272252361,42.05
2025-11-13 12:15:00+01:00,61.316922610881505,46.86
2025-11-13 12:30:00+01:00,64.18683183677993,51.23
2025-11-13 12:45:00+01:00,65.5447301820744,52.22
2025-11-13 13:00:00+01:00,58.54514031146154,50.41
2025-11-13 13:15:00+01:00,64.19068231312265,52.21
2025-11-13 13:30:00+01:00,68.63731317874424,68.01
2025-11-13 13:45:00+01:00,76.34163218054745,71.66
2025-11-13 14:00:00+01:00,63.20900298296698,48.49
2025-11-13 14:15:00+01:00,74.12056865667887,64.37
2025-11-13 14:30:00+01:00,84.08446193526655,80.27
2025-11-13 14:45:00+01:00,100.79688926331968,116.21
2025-11-13 15:00:00+01:00,79.97747491746438,66.94
2025-11-13 15:15:00+01:00,96.39575720849055,85.44
2025-11-13 15:30:00+01:00,116.25747378705825,118.21
2025-11-13 15:45:00+01:00,135.39747900345714,136.07
2025-11-13 16:00:00+01:00,101.57829369983412,75.35
2025-11-13 16:15:00+01:00,112.58609851991741,118.17
2025-11-13 16:30:00+01:00,126.73258713875393,129.6
2025-11-13 16:45:00+01:00,147.30660849368294,122.93
2025-11-13 17:00:00+01:00,107.19231477751768,114.95
2025-11-13 17:15:00+01:00,123.77348438401134,128.49
2025-11-13 17:30:00+01:00,132.320453116103,134.41
2025-11-13 17:45:00+01:00,135.53506693839194,142.55
2025-11-13 18:00:00+01:00,126.1948470599342,125.67
2025-11-13 18:15:00+01:00,117.69803383828516,128.47
2025-11-13 18:30:00+01:00,123.3956862334745,134.35
2025-11-13 18:45:00+01:00,124.09925176818344,138.72
2025-11-13 19:00:00+01:00,129.11073452977928,132.32
2025-11-13 19:15:00+01:00,117.64817155647475,130.57
2025-11-13 19:30:00+01:00,115.6469266278554,130.15
2025-11-13 19:45:00+01:00,117.27161440370999,126.51
2025-11-13 20:00:00+01:00,128.1224481911699,122.99
2025-11-13 20:15:00+01:00,117.76334594778845,107.94
2025-11-13 20:30:00+01:00,119.9381044378065,102.16
2025-11-13 20:45:00+01:00,109.21653917438844,114.29
2025-11-13 21:00:00+01:00,125.04812855330675,131.32
2025-11-13 21:15:00+01:00,111.93292463920706,123.82
2025-11-13 21:30:00+01:00,107.20782056085893,111.33
2025-11-13 21:45:00+01:00,99.55297300782338,99.96
2025-11-13 22:00:00+01:00,115.79896203727257,127.32
2025-11-13 22:15:00+01:00,107.63668868373266,114.18
2025-11-13 22:30:00+01:00,103.87527672539137,103.83
2025-11-13 22:45:00+01:00,95.2320635831523,97.01
2025-11-13 23:00:00+01:00,109.52708637181131,117.09
2025-11-13 23:15:00+01:00,99.15467628971402,109.52
2025-11-13 23:30:00+01:00,95.77137385044009,100.01
2025-11-13 23:45:00+01:00,87.96776417134178,84.47
2025-11-14 00:00:00+01:00,107.97628713890644,97.96
2025-11-14 00:15:00+01:00,103.65732651495114,94.94
2025-11-14 00:30:00+01:00,100.0846171039679,101.3
2025-11-14 00:45:00+01:00,94.17723044809242,99.57
2025-11-14 01:00:00+01:00,98.55919460703281,96.96
2025-11-14 01:15:00+01:00,97.2015962544012,91.72
2025-11-14 01:30:00+01:00,95.4858023632449,98.89
2025-11-14 01:45:00+01:00,91.5103504969399,95.64
2025-11-14 02:00:00+01:00,95.53424271198423,98.65
2025-11-14 02:15:00+01:00,92.7976302636735,97.3
2025-11-14 02:30:00+01:00,93.0927828679415,97.09
2025-11-14 02:45:00+01:00,92.17595375298613,86.69
2025-11-14 03:00:00+01:00,95.71213466753369,90.79
2025-11-14 03:15:00+01:00,97.15966193227369,89.83
2025-11-14 03:30:00+01:00,94.4763622473393,90.62
2025-11-14 03:45:00+01:00,94.86945560079631,94.88
2025-11-14 04:00:00+01:00,93.08314729474155,88.83
2025-11-14 04:15:00+01:00,94.05735715110195,90.07
2025-11-14 04:30:00+01:00,98.42064393856133,93.05
2025-11-14 04:45:00+01:00,107.90813991907629,96.57
2025-11-14 05:00:00+01:00,92.6388243700293,95.69
2025-11-14 05:15:00+01:00,96.47441255615735,92.08
2025-11-14 05:30:00+01:00,106.74588014821217,86.08
2025-11-14 05:45:00+01:00,112.01514417069266,92.56
2025-11-14 06:00:00+01:00,99.68273663001892,97.64
2025-11-14 06:15:00+01:00,118.56551958571919,113.1
2025-11-14 06:30:00+01:00,136.19167573998035,112.87
2025-11-14 06:45:00+01:00,154.21644438758193,127.5
2025-11-14 07:00:00+01:00,142.72573644541336,131.0
2025-11-14 07:15:00+01:00,161.1921574438754,140.0
2025-11-14 07:30:00+01:00,168.36923833605738,139.99
2025-11-14 07:45:00+01:00,168.85770813980864,142.4
2025-11-14 08:00:00+01:00,187.26570460045372,153.68
2025-11-14 08:15:00+01:00,163.13804372397803,140.31
2025-11-14 08:30:00+01:00,145.15785403900117,132.54
2025-11-14 08:45:00+01:00,115.28295424977726,119.01
2025-11-14 09:00:00+01:00,156.53341062116024,134.74
2025-11-14 09:15:00+01:00,132.0463183889101,121.93
2025-11-14 09:30:00+01:00,111.19321330848142,119.9
2025-11-14 09:45:00+01:00,100.59806454523927,107.04
2025-11-14 10:00:00+01:00,124.20202760161908,122.8
2025-11-14 10:15:00+01:00,104.01401671679552,115.64
2025-11-14 10:30:00+01:00,102.64905877582947,106.17
2025-11-14 10:45:00+01:00,101.04275755212595,103.5
2025-11-14 11:00:00+01:00,133.54332690092193,110.37
2025-11-14 11:15:00+01:00,132.45016918316023,106.29
2025-11-14 11:30:00+01:00,124.4270122613832,105.23
2025-11-14 11:45:00+01:00,128.3966913782221,102.25
2025-11-14 12:00:00+01:00,133.26753854063224,102.1
2025-11-14 12:15:00+01:00,132.46343896495807,100.0
2025-11-14 12:30:00+01:00,134.61030636367676,99.55
2025-11-14 12:45:00+01:00,146.25775577815924,103.25
2025-11-14 13:00:00+01:00,157.16344665883707,102.19
2025-11-14 13:15:00+01:00,190.6962237489626,101.52
2025-11-14 13:30:00+01:00,200.9567256124404,105.28
2025-11-14 13:45:00+01:00,209.53377877257074,112.7
2025-11-14 14:00:00+01:00,148.43830610841354,103.69
2025-11-14 14:15:00+01:00,166.40010067597922,110.7
2025-11-14 14:30:00+01:00,180.54818426083565,101.27
2025-11-14 14:45:00+01:00,196.81861036087977,112.59
2025-11-14 15:00:00+01:00,99.7566735664193,112.71
2025-11-14 15:15:00+01:00,127.8092825018113,107.77
2025-11-14 15:30:00+01:00,150.5168186110679,117.26
2025-11-14 15:45:00+01:00,174.22254732825397,123.83
2025-11-14 16:00:00+01:00,153.9508963876815,117.04
2025-11-14 16:15:00+01:00,157.71844708668294,124.91
2025-11-14 16:30:00+01:00,169.1353558804957,106.9
2025-11-14 16:45:00+01:00,196.940247775062,115.01
2025-11-14 17:00:00+01:00,166.57069833039984,135.55
2025-11-14 17:15:00+01:00,188.46376584340234,134.26
2025-11-14 17:30:00+01:00,179.8338750419687,130.94
2025-11-14 17:45:00+01:00,185.43033365175555,125.53
2025-11-14 18:00:00+01:00,169.40199266098907,121.17
2025-11-14 18:15:00+01:00,166.74430879456202,106.01
2025-11-14 18:30:00+01:00,173.85848455495673,117.06
2025-11-14 18:45:00+01:00,166.3385900338739,135.0
2025-11-14 19:00:00+01:00,160.96444065429353,124.96
2025-11-14 19:15:00+01:00,150.67552203664783,102.29
2025-11-14 19:30:00+01:00,144.5296871722583,100.0
2025-11-14 19:45:00+01:00,127.01150072082766,98.71
2025-11-14 20:00:00+01:00,137.2413787503352,101.25
2025-11-14 20:15:00+01:00,127.0442758680858,94.69
2025-11-14 20:30:00+01:00,122.14405941255033,98.42
2025-11-14 20:45:00+01:00,112.95039194170036,101.3
2025-11-14 21:00:00+01:00,117.72860699220736,102.7
2025-11-14 21:15:00+01:00,107.64527500590104,89.06
2025-11-14 21:30:00+01:00,94.21765896256063,92.94
2025-11-14 21:45:00+01:00,87.64916912418204,87.95
2025-11-14 22:00:00+01:00,111.46709433864676,103.2
2025-11-14 22:15:00+01:00,103.26841425284672,101.22
2025-11-14 22:30:00+01:00,99.88298808630333,99.72
2025-11-14 22:45:00+01:00,89.42552768118631,83.92
2025-11-14 23:00:00+01:00,101.16213129834675,98.68
2025-11-14 23:15:00+01:00,94.30000299447883,85.12
2025-11-14 23:30:00+01:00,90.32169042079835,72.97
2025-11-14 23:45:00+01:00,81.79847713702377,57.83
2025-11-15 00:00:00+01:00,88.23899974466343,85.67
2025-11-15 00:15:00+01:00,82.40285280815579,78.99
2025-11-15 00:30:00+01:00,76.12307789927334,78.58
2025-11-15 00:45:00+01:00,69.83844316673913,66.27
2025-11-15 01:00:00+01:00,76.37646955014364,83.9
2025-11-15 01:15:00+01:00,71.10116573490372,81.59
2025-11-15 01:30:00+01:00,74.3232089329252,75.97
2025-11-15 01:45:00+01:00,70.45666910786557,70.34
2025-11-15 02:00:00+01:00,70.90256117071293,81.24
2025-11-15 02:15:00+01:00,70.95346499726229,75.07
2025-11-15 02:30:00+01:00,71.14745446181418,73.9
2025-11-15 02:45:00+01:00,68.62826927453796,68.66
2025-11-15 03:00:00+01:00,70.03880276069252,76.0
2025-11-15 03:15:00+01:00,72.87894266115013,69.39
2025-11-15 03:30:00+01:00,70.84817169206549,74.16
2025-11-15 03:45:00+01:00,70.92617824166557,72.57
2025-11-15 04:00:00+01:00,70.15217122044263,77.16
2025-11-15 04:15:00+01:00,71.08307621097617,73.94
2025-11-15 04:30:00+01:00,74.00622204609026,68.64
2025-11-15 04:45:00+01:00,73.29843063287557,69.06
2025-11-15 05:00:00+01:00,68.15349569325568,66.21
2025-11-15 05:15:00+01:00,71.4692168465242,66.91
2025-11-15 05:30:00+01:00,78.44604823562307,69.23
2025-11-15 05:45:00+01:00,81.28691903510494,80.11
2025-11-15 06:00:00+01:00,35.5192299575366,55.15
2025-11-15 06:15:00+01:00,78.6499571133832,66.7
2025-11-15 06:30:00+01:00,87.71975288117721,70.26
2025-11-15 06:45:00+01:00,92.13364820404223,80.52
2025-11-15 07:00:00+01:00,74.84335991484794,77.02
2025-11-15 07:15:00+01:00,90.41288868767765,77.91
2025-11-15 07:30:00+01:00,92.98487945299365,77.87
2025-11-15 07:45:00+01:00,98.80067808019913,75.42
2025-11-15 08:00:00+01:00,108.101330893365,74.37
2025-11-15 08:15:00+01:00,104.92196452133287,75.05
2025-11-15 08:30:00+01:00,96.3087222478116,86.93
2025-11-15 08:45:00+01:00,80.04307586078961,83.91
2025-11-15 09:00:00+01:00,101.8134702314007,85.34
2025-11-15 09:15:00+01:00,92.28255607556814,80.35
2025-11-15 09:30:00+01:00,80.10485648820989,89.91
2025-11-15 09:45:00+01:00,60.22446107698416,85.34
2025-11-15 10:00:00+01:00,88.0171494021331,86.85
2025-11-15 10:15:00+01:00,77.48484299895726,85.94
2025-11-15 10:30:00+01:00,68.78692382151311,83.26
2025-11-15 10:45:00+01:00,63.016978410193005,86.4
2025-11-15 11:00:00+01:00,68.1282415084451,86.32
2025-11-15 11:15:00+01:00,65.48817121899043,85.68
2025-11-15 11:30:00+01:00,62.64856798572494,86.13
2025-11-15 11:45:00+01:00,59.691863114015206,83.56
2025-11-15 12:00:00+01:00,64.93331241650557,80.74
2025-11-15 12:15:00+01:00,64.25754300870256,81.24
2025-11-15 12:30:00+01:00,63.37279001744252,87.28
2025-11-15 12:45:00+01:00,63.06366777120731,87.51
2025-11-15 13:00:00+01:00,61.269257740694556,85.99
2025-11-15 13:15:00+01:00,65.08185397731192,93.42
2025-11-15 13:30:00+01:00,71.37720789739146,89.31
2025-11-15 13:45:00+01:00,74.73312227000864,93.95
2025-11-15 14:00:00+01:00,60.62053042383852,89.91
2025-11-15 14:15:00+01:00,70.64678071015263,89.92
2025-11-15 14:30:00+01:00,80.5141868425267,89.91
2025-11-15 14:45:00+01:00,75.05440631611344,108.87
2025-11-15 15:00:00+01:00,59.72915281863137,95.82
2025-11-15 15:15:00+01:00,71.1087857440993,106.91
2025-11-15 15:30:00+01:00,75.6220189165344,91.28
2025-11-15 15:45:00+01:00,90.4589499475208,110.76
2025-11-15 16:00:00+01:00,67.42095714278317,106.37
2025-11-15 16:15:00+01:00,82.15428685191965,101.5
2025-11-15 16:30:00+01:00,91.00044814910152,110.3
2025-11-15 16:45:00+01:00,101.4671739756211,121.0
2025-11-15 17:00:00+01:00,100.66154254879976,114.26
2025-11-15 17:15:00+01:00,114.25009732135413,125.02
2025-11-15 17:30:00+01:00,116.81982878570929,125.01
2025-11-15 17:45:00+01:00,124.64440306256608,122.91
2025-11-15 18:00:00+01:00,120.76973175582215,125.04
2025-11-15 18:15:00+01:00,123.43694792301194,126.39
2025-11-15 18:30:00+01:00,130.53570969726522,120.84
2025-11-15 18:45:00+01:00,132.4843740874685,113.82
2025-11-15 19:00:00+01:00,133.32686408389597,117.9
2025-11-15 19:15:00+01:00,123.8491335701871,110.6
2025-11-15 19:30:00+01:00,118.730752841794,117.56
2025-11-15 19:45:00+01:00,118.47049745652176,110.2
2025-11-15 20:00:00+01:00,127.96829676452712,110.98
2025-11-15 20:15:00+01:00,114.13928079093704,118.68
2025-11-15 20:30:00+01:00,105.8509838063394,108.16
2025-11-15 20:45:00+01:00,98.26619897871416,98.68
2025-11-15 21:00:00+01:00,117.60429985713357,105.62
2025-11-15 21:15:00+01:00,108.41121182773021,103.29
2025-11-15 21:30:00+01:00,102.6669781874014,102.64
2025-11-15 21:45:00+01:00,92.81205596110348,99.99
2025-11-15 22:00:00+01:00,109.15008737098668,108.66
2025-11-15 22:15:00+01:00,105.26481596754492,103.21
2025-11-15 22:30:00+01:00,101.46554969013543,100.03
2025-11-15 22:45:00+01:00,91.28451872643627,94.97
2025-11-15 23:00:00+01:00,100.30945836160949,105.39
2025-11-15 23:15:00+01:00,95.62337095385324,100.0
2025-11-15 23:30:00+01:00,92.34509215258272,98.79
2025-11-15 23:45:00+01:00,86.09687486502311,87.29
2025-11-16 00:00:00+01:00,99.69158290639456,96.71
2025-11-16 00:15:00+01:00,96.66320609660734,93.15
2025-11-16 00:30:00+01:00,96.12382242857312,92.08
2025-11-16 00:45:00+01:00,95.75357336566096,93.05
2025-11-16 01:00:00+01:00,92.78841149976697,97.78
2025-11-16 01:15:00+01:00,94.55848594253925,91.71
2025-11-16 01:30:00+01:00,91.56124123990793,96.65
2025-11-16 01:45:00+01:00,93.15264060718579,93.86
2025-11-16 02:00:00+01:00,89.45621725402282,93.27
2025-11-16 02:15:00+01:00,95.38125081680099,88.56
2025-11-16 02:30:00+01:00,96.31665777867616,95.81
2025-11-16 02:45:00+01:00,93.76756467026888,95.76
2025-11-16 03:00:00+01:00,95.05603775969468,96.81
2025-11-16 03:15:00+01:00,94.73113169845595,94.75
2025-11-16 03:30:00+01:00,96.14573610005705,87.09
2025-11-16 03:45:00+01:00,97.99214617379045,87.15
2025-11-16 04:00:00+01:00,95.59472180375369,90.81
2025-11-16 04:15:00+01:00,97.17544481237911,88.21
2025-11-16 04:30:00+01:00,100.65073564072985,87.1
2025-11-16 04:45:00+01:00,104.56526301215769,86.74
2025-11-16 05:00:00+01:00,94.12886522705477,97.99
2025-11-16 05:15:00+01:00,96.2268183693669,90.41
2025-11-16 05:30:00+01:00,102.1086091251374,89.05
2025-11-16 05:45:00+01:00,103.49587166047482,87.07
2025-11-16 06:00:00+01:00,88.57221541802956,81.65
2025-11-16 06:15:00+01:00,98.80518388090876,86.92
2025-11-16 06:30:00+01:00,109.68718744473651,87.03
2025-11-16 06:45:00+01:00,116.12810875864403,87.09
2025-11-16 07:00:00+01:00,105.23944241552414,87.08
2025-11-16 07:15:00+01:00,109.2973257546899,98.16
2025-11-16 07:30:00+01:00,107.65641205632073,88.34
2025-11-16 07:45:00+01:00,109.4971371696179,96.37
2025-11-16 08:00:00+01:00,110.44278059015706,99.1
2025-11-16 08:15:00+01:00,107.53563299936204,99.1
2025-11-16 08:30:00+01:00,109.74596257677698,99.83
2025-11-16 08:45:00+01:00,94.52737086928624,95.93
2025-11-16 09:00:00+01:00,107.61622256585952,102.31
2025-11-16 09:15:00+01:00,94.20902536073295,101.76
2025-11-16 09:30:00+01:00,97.22753833904137,100.73
2025-11-16 09:45:00+01:00,81.5458668639536,99.94
2025-11-16 10:00:00+01:00,94.76170271610367,100.3
2025-11-16 10:15:00+01:00,78.073563551189,99.55
2025-11-16 10:30:00+01:00,74.95510528543491,97.84
2025-11-16 10:45:00+01:00,70.24270699845741,99.42
2025-11-16 11:00:00+01:00,104.41185734135611,102.12
2025-11-16 11:15:00+01:00,100.52667551816566,103.86
2025-11-16 11:30:00+01:00,97.5227249466677,103.62
2025-11-16 11:45:00+01:00,95.60712234948544,100.67
2025-11-16 12:00:00+01:00,98.6585189323776,105.58
2025-11-16 12:15:00+01:00,97.59715058766564,101.2
2025-11-16 12:30:00+01:00,96.06755916146946,101.82
2025-11-16 12:45:00+01:00,100.18697846215511,101.27
2025-11-16 13:00:00+01:00,96.65164868189524,103.21
2025-11-16 13:15:00+01:00,101.49280543825567,106.63
2025-11-16 13:30:00+01:00,108.8516607992882,102.18
2025-11-16 13:45:00+01:00,120.94489889071886,103.97
2025-11-16 14:00:00+01:00,94.70100275583266,100.78
2025-11-16 14:15:00+01:00,102.95953806366002,109.6
2025-11-16 14:30:00+01:00,113.44493122043883,112.81
2025-11-16 14:45:00+01:00,102.19340239301573,113.87
2025-11-16 15:00:00+01:00,77.41118048323423,107.38
2025-11-16 15:15:00+01:00,91.18887857196188,113.55
2025-11-16 15:30:00+01:00,107.01302070532938,118.89
2025-11-16 15:45:00+01:00,124.56270572093952,127.06
2025-11-16 16:00:00+01:00,96.23427132852265,116.32
2025-11-16 16:15:00+01:00,109.31015965508952,121.55
2025-11-16 16:30:00+01:00,118.01648407102135,124.93
2025-11-16 16:45:00+01:00,128.902967422968,135.18
2025-11-16 17:00:00+01:00,131.8856696986376,123.83
2025-11-16 17:15:00+01:00,130.44444366946948,128.9
2025-11-16 17:30:00+01:00,131.70576554957387,132.94
2025-11-16 17:45:00+01:00,134.85082096199278,131.82
2025-11-16 18:00:00+01:00,141.25527205588423,129.5
2025-11-16 18:15:00+01:00,139.13341656689408,125.13
2025-11-16 18:30:00+01:00,136.54842621381226,124.71
2025-11-16 18:45:00+01:00,135.23883718232005,121.5
2025-11-16 19:00:00+01:00,137.73814125394728,120.2
2025-11-16 19:15:00+01:00,129.80497136975936,116.98
2025-11-16 19:30:00+01:00,119.86085681140509,116.05
2025-11-16 19:45:00+01:00,118.25733749317087,108.09
2025-11-16 20:00:00+01:00,124.38313440381279,111.96
2025-11-16 20:15:00+01:00,108.15255307206509,103.27
2025-11-16 20:30:00+01:00,99.66687248232438,100.0
2025-11-16 20:45:00+01:00,91.62739930293358,95.64
2025-11-16 21:00:00+01:00,112.60072941657641,94.38
2025-11-16 21:15:00+01:00,95.66810504857345,91.04
2025-11-16 21:30:00+01:00,80.96037293336596,93.03
2025-11-16 21:45:00+01:00,83.65369500279532,87.19
2025-11-16 22:00:00+01:00,105.13961924792319,99.99
2025-11-16 22:15:00+01:00,101.1190735603683,96.31
2025-11-16 22:30:00+01:00,98.5501261824421,90.74
2025-11-16 22:45:00+01:00,88.65880076712006,90.5
2025-11-16 23:00:00+01:00,95.16935408494003,100.02
2025-11-16 23:15:00+01:00,91.28043848226201,86.78
2025-11-16 23:30:00+01:00,88.68367052747725,84.78
2025-11-16 23:45:00+01:00,81.61107768000691,74.53
2025-11-17 00:00:00+01:00,88.8833283442094,90.05
2025-11-17 00:15:00+01:00,84.17996496694774,88.84
2025-11-17 00:30:00+01:00,81.83547395737492,90.04
2025-11-17 00:45:00+01:00,77.11756831857694,84.23
2025-11-17 01:00:00+01:00,85.6873640434211,86.36
2025-11-17 01:15:00+01:00,82.31428608985466,82.26
2025-11-17 01:30:00+01:00,79.77163856383591,79.7
2025-11-17 01:45:00+01:00,76.95714133136525,73.91
2025-11-17 02:00:00+01:00,83.71322611957798,78.13
2025-11-17 02:15:00+01:00,76.63824225354746,74.67
2025-11-17 02:30:00+01:00,75.99402398102144,72.7
2025-11-17 02:45:00+01:00,75.30243791772659,70.85
2025-11-17 03:00:00+01:00,74.80025373965424,72.35
2025-11-17 03:15:00+01:00,74.40307915162488,70.61
2025-11-17 03:30:00+01:00,74.00687207234193,71.24
2025-11-17 03:45:00+01:00,72.79109069588367,71.09
2025-11-17 04:00:00+01:00,74.36263093028667,71.39
2025-11-17 04:15:00+01:00,74.55659043072541,71.5
2025-11-17 04:30:00+01:00,75.72223875814473,74.01
2025-11-17 04:45:00+01:00,73.79708587952112,79.48
2025-11-17 05:00:00+01:00,73.79595621869457,71.71
2025-11-17 05:15:00+01:00,77.92020645314342,82.86
2025-11-17 05:30:00+01:00,83.67060220807899,87.78
2025-11-17 05:45:00+01:00,86.95975236799126,92.05
2025-11-17 06:00:00+01:00,78.00478128223008,85.87
2025-11-17 06:15:00+01:00,89.41321856444422,94.13
2025-11-17 06:30:00+01:00,105.26361569623457,86.31
2025-11-17 06:45:00+01:00,115.51807014888506,92.05
2025-11-17 07:00:00+01:00,113.7597250358827,110.05
2025-11-17 07:15:00+01:00,117.04686050267532,115.3
2025-11-17 07:30:00+01:00,115.46460394871036,114.98
2025-11-17 07:45:00+01:00,124.65662790131158,119.14
2025-11-17 08:00:00+01:00,136.69924438362168,123.04
2025-11-17 08:15:00+01:00,129.2416657352171,130.09
2025-11-17 08:30:00+01:00,122.49418306469899,129.16
2025-11-17 08:45:00+01:00,102.13412555393941,125.68
2025-11-17 09:00:00+01:00,130.1569974556206,122.44
2025-11-17 09:15:00+01:00,113.58037054949841,128.78
2025-11-17 09:30:00+01:00,108.12519171620126,126.31
2025-11-17 09:45:00+01:00,99.50798415292996,109.22
2025-11-17 10:00:00+01:00,118.9815782712047,124.89
2025-11-17 10:15:00+01:00,102.38221907674291,110.1
2025-11-17 10:30:00+01:00,93.21810580185424,96.55
2025-11-17 10:45:00+01:00,82.11091398393367,89.32
2025-11-17 11:00:00+01:00,105.76297823243945,91.35
2025-11-17 11:15:00+01:00,101.64982814466741,84.19
2025-11-17 11:30:00+01:00,95.53964229046827,83.81
2025-11-17 11:45:00+01:00,91.41995808624668,78.22
2025-11-17 12:00:00+01:00,91.55457152580797,81.78
2025-11-17 12:15:00+01:00,89.36104436457995,77.5
2025-11-17 12:30:00+01:00,91.15477825283186,77.04
2025-11-17 12:45:00+01:00,94.25927166438981,74.9
2025-11-17 13:00:00+01:00,91.29185434204699,73.22
2025-11-17 13:15:00+01:00,98.66022820724436,76.31
2025-11-17 13:30:00+01:00,112.50434143659452,77.92
2025-11-17 13:45:00+01:00,120.74175192285102,83.69
2025-11-17 14:00:00+01:00,86.51012551844501,85.04
2025-11-17 14:15:00+01:00,91.68761759710824,85.07
2025-11-17 14:30:00+01:00,103.38190704717961,84.54
2025-11-17 14:45:00+01:00,120.11147443891862,93.49
2025-11-17 15:00:00+01:00,79.31286172492776,84.15
2025-11-17 15:15:00+01:00,94.83333733688698,96.3
2025-11-17 15:30:00+01:00,109.26741642056112,101.99
2025-11-17 15:45:00+01:00,125.37213514632134,107.64
2025-11-17 16:00:00+01:00,104.27152241031943,101.79
2025-11-17 16:15:00+01:00,119.16345514674836,108.31
2025-11-17 16:30:00+01:00,117.38658516837624,106.98
2025-11-17 16:45:00+01:00,130.77109485167398,112.2
2025-11-17 17:00:00+01:00,142.47009652276557,114.3
2025-11-17 17:15:00+01:00,144.54215686831128,118.26
2025-11-17 17:30:00+01:00,138.65586987854388,117.86
2025-11-17 17:45:00+01:00,132.14656940451977,119.0
2025-11-17 18:00:00+01:00,135.91686119276767,119.7
2025-11-17 18:15:00+01:00,119.69233473698142,114.32
2025-11-17 18:30:00+01:00,120.31272231571806,115.85
2025-11-17 18:45:00+01:00,118.01987997762218,116.1
2025-11-17 19:00:00+01:00,127.43119576947572,114.59
2025-11-17 19:15:00+01:00,122.59103417203765,112.22
2025-11-17 19:30:00+01:00,107.16110022092187,108.72
2025-11-17 19:45:00+01:00,104.43616782299395,107.28
2025-11-17 20:00:00+01:00,123.31829959426248,107.98
2025-11-17 20:15:00+01:00,106.48868010944544,107.28
2025-11-17 20:30:00+01:00,97.07708583830525,104.32
2025-11-17 20:45:00+01:00,84.23492956491371,91.98
2025-11-17 21:00:00+01:00,107.35671781132898,101.42
2025-11-17 21:15:00+01:00,97.76978674385794,94.42
2025-11-17 21:30:00+01:00,89.69302855397716,90.24
2025-11-17 21:45:00+01:00,80.78846084189034,84.71
2025-11-17 22:00:00+01:00,99.7388563473189,93.6
2025-11-17 22:15:00+01:00,92.14251085447093,90.5
2025-11-17 22:30:00+01:00,88.76481089814122,90.01
2025-11-17 22:45:00+01:00,79.7334484022603,84.72
2025-11-17 23:00:00+01:00,87.22288619119675,90.45
2025-11-17 23:15:00+01:00,80.61009875175199,83.72
2025-11-17 23:30:00+01:00,76.7186350441388,78.39
2025-11-17 23:45:00+01:00,67.18040993833884,72.0
2025-11-18 00:00:00+01:00,83.94694167359863,89.07
2025-11-18 00:15:00+01:00,80.22503794352345,83.52
2025-11-18 00:30:00+01:00,76.41357183042125,85.98
2025-11-18 00:45:00+01:00,68.68418297870498,80.97
2025-11-18 01:00:00+01:00,77.1734216573731,86.66
2025-11-18 01:15:00+01:00,70.97560779787904,82.94
2025-11-18 01:30:00+01:00,72.93370133869966,82.33
2025-11-18 01:45:00+01:00,71.37464492205464,79.39
2025-11-18 02:00:00+01:00,65.66660377874219,81.29
2025-11-18 02:15:00+01:00,71.82210851600058,79.15
2025-11-18 02:30:00+01:00,71.96788973812849,78.88
2025-11-18 02:45:00+01:00,71.22894021639762,76.83
2025-11-18 03:00:00+01:00,71.86212312159198,78.21
2025-11-18 03:15:00+01:00,71.84650156506744,77.69
2025-11-18 03:30:00+01:00,68.33273850877814,77.62
2025-11-18 03:45:00+01:00,71.29855377108588,77.35
2025-11-18 04:00:00+01:00,71.94861558339927,76.88
2025-11-18 04:15:00+01:00,72.71756206574437,78.9
2025-11-18 04:30:00+01:00,74.13142331806122,81.58
2025-11-18 04:45:00+01:00,66.28190752003461,84.69
2025-11-18 05:00:00+01:00,73.0468765342219,76.78
2025-11-18 05:15:00+01:00,77.9058307782178,82.95
2025-11-18 05:30:00+01:00,82.3004224249164,86.06
2025-11-18 05:45:00+01:00,87.18623287785168,88.1
2025-11-18 06:00:00+01:00,76.90712702803937,87.15
2025-11-18 06:15:00+01:00,89.97977320390741,95.11
2025-11-18 06:30:00+01:00,104.15482203707701,91.55
2025-11-18 06:45:00+01:00,115.72474906249012,90.38
2025-11-18 07:00:00+01:00,101.8293358523268,102.37
2025-11-18 07:15:00+01:00,114.08674473387077,98.89
2025-11-18 07:30:00+01:00,116.1541569807829,107.79
2025-11-18 07:45:00+01:00,108.99815234103019,109.89
2025-11-18 08:00:00+01:00,136.22616089379434,132.09
2025-11-18 08:15:00+01:00,127.5601425287577,125.6
2025-11-18 08:30:00+01:00,108.9377012472561,118.92
2025-11-18 08:45:00+01:00,98.78335882778251,102.75
2025-11-18 09:00:00+01:00,121.88606429442893,133.83
2025-11-18 09:15:00+01:00,104.38840646623623,110.46
2025-11-18 09:30:00+01:00,96.88397644006287,97.72
2025-11-18 09:45:00+01:00,90.55473236970094,87.79
2025-11-18 10:00:00+01:00,112.25549689872173,101.55
2025-11-18 10:15:00+01:00,102.10038624988421,89.74
2025-11-18 10:30:00+01:00,93.96827515409315,89.31
2025-11-18 10:45:00+01:00,89.58538719436794,87.91
2025-11-18 11:00:00+01:00,94.2954321743102,87.13
2025-11-18 11:15:00+01:00,90.71369522250306,88.17
2025-11-18 11:30:00+01:00,88.67664013992005,89.55
2025-11-18 11:45:00+01:00,85.31379223987982,90.34
2025-11-18 12:00:00+01:00,85.11574550795844,89.11
2025-11-18 12:15:00+01:00,83.97184134265109,88.81
2025-11-18 12:30:00+01:00,86.00033790191154,89.36
2025-11-18 12:45:00+01:00,87.31329994166224,89.52
2025-11-18 13:00:00+01:00,82.6401067134507,90.46
2025-11-18 13:15:00+01:00,83.82313901263288,92.47
2025-11-18 13:30:00+01:00,91.51269032441489,89.12
2025-11-18 13:45:00+01:00,96.12001494302207,90.35
2025-11-18 14:00:00+01:00,84.48274117184741,89.11
2025-11-18 14:15:00+01:00,89.92474588258173,90.62
2025-11-18 14:30:00+01:00,105.59386165118566,101.93
2025-11-18 14:45:00+01:00,125.65086060304266,104.64
2025-11-18 15:00:00+01:00,94.11831676212167,106.38
2025-11-18 15:15:00+01:00,107.52239515750207,114.28
2025-11-18 15:30:00+01:00,121.91597996071019,125.73
2025-11-18 15:45:00+01:00,140.50972429801584,135.99
2025-11-18 16:00:00+01:00,104.99094162832264,122.07
2025-11-18 16:15:00+01:00,123.76072962231936,136.0
2025-11-18 16:30:00+01:00,134.71629609922093,145.01
2025-11-18 16:45:00+01:00,149.41351830700586,164.57
2025-11-18 17:00:00+01:00,124.08223456808543,146.75
2025-11-18 17:15:00+01:00,120.73525569603844,155.29
2025-11-18 17:30:00+01:00,130.68298109941293,153.94
2025-11-18 17:45:00+01:00,137.1927056927504,150.66
2025-11-18 18:00:00+01:00,138.02094161046745,151.31
2025-11-18 18:15:00+01:00,130.9986682880364,144.51
2025-11-18 18:30:00+01:00,126.60405806351999,139.67
2025-11-18 18:45:00+01:00,123.75103042801159,139.72
2025-11-18 19:00:00+01:00,143.19297444825816,134.64
2025-11-18 19:15:00+01:00,131.26917337730322,132.76
2025-11-18 19:30:00+01:00,124.2657439840837,130.93
2025-11-18 19:45:00+01:00,119.24192681528885,126.27
2025-11-18 20:00:00+01:00,128.85965095220894,122.59
2025-11-18 20:15:00+01:00,115.67360504069737,104.66
2025-11-18 20:30:00+01:00,105.81415402383017,103.76
2025-11-18 20:45:00+01:00,97.02187177166154,97.51
2025-11-18 21:00:00+01:00,111.57012161877414,100.38
2025-11-18 21:15:00+01:00,100.2104383245982,92.61
2025-11-18 21:30:00+01:00,95.34512988827515,95.01
2025-11-18 21:45:00+01:00,86.1567825703199,90.57
2025-11-18 22:00:00+01:00,103.62944589270577,102.29
2025-11-18 22:15:00+01:00,96.62344433840234,96.24
2025-11-18 22:30:00+01:00,93.13450310941812,100.08
2025-11-18 22:45:00+01:00,84.27914108495288,91.32
2025-11-18 23:00:00+01:00,98.01901161684705,97.35
2025-11-18 23:15:00+01:00,86.90823716700066,89.12
2025-11-18 23:30:00+01:00,84.55185363707051,88.85
2025-11-18 23:45:00+01:00,77.18758031361374,84.53
2025-11-19 00:00:00+01:00,91.01281877631044,91.46
2025-11-19 00:15:00+01:00,87.05365322427485,87.18
2025-11-19 00:30:00+01:00,84.65469478912217,86.52
2025-11-19 00:45:00+01:00,82.90581002909394,84.35
2025-11-19 01:00:00+01:00,86.59589466534824,86.85
2025-11-19 01:15:00+01:00,83.34060960212572,84.7
2025-11-19 01:30:00+01:00,82.63889347304627,87.12
2025-11-19 01:45:00+01:00,81.48000260779456,86.23
2025-11-19 02:00:00+01:00,82.214621325121,85.77
2025-11-19 02:15:00+01:00,82.87323664976618,82.58
2025-11-19 02:30:00+01:00,82.7949950287651,84.4
2025-11-19 02:45:00+01:00,81.08180155547483,83.92
2025-11-19 03:00:00+01:00,81.94330583188153,82.07
2025-11-19 03:15:00+01:00,80.7275392005639,82.88
2025-11-19 03:30:00+01:00,79.37640624036025,83.55
2025-11-19 03:45:00+01:00,79.14894496973422,84.24
2025-11-19 04:00:00+01:00,79.31660013867142,81.16
2025-11-19 04:15:00+01:00,79.936085861726,83.49
2025-11-19 04:30:00+01:00,81.32763760995432,85.6
2025-11-19 04:45:00+01:00,81.54240232817496,87.32
2025-11-19 05:00:00+01:00,81.67013536547822,87.23
2025-11-19 05:15:00+01:00,85.24856697016537,87.99
2025-11-19 05:30:00+01:00,88.66056222693751,87.44
2025-11-19 05:45:00+01:00,92.49853919853926,85.35
2025-11-19 06:00:00+01:00,85.11557558266539,88.6
2025-11-19 06:15:00+01:00,95.01531575884344,97.74
2025-11-19 06:30:00+01:00,106.9215485375602,100.4
2025-11-19 06:45:00+01:00,125.89919436113459,109.38
2025-11-19 07:00:00+01:00,120.78634244814155,123.3
2025-11-19 07:15:00+01:00,122.41003983851405,125.69
2025-11-19 07:30:00+01:00,129.4692755189242,128.64
2025-11-19 07:45:00+01:00,126.04939905709837,130.49
2025-11-19 08:00:00+01:00,139.19711501418345,156.84
2025-11-19 08:15:00+01:00,130.12997694224921,141.52
2025-11-19 08:30:00+01:00,126.42007884538553,132.76
2025-11-19 08:45:00+01:00,113.70164271434527,115.56
2025-11-19 09:00:00+01:00,126.34459063328694,129.58
2025-11-19 09:15:00+01:00,117.33390354564406,119.34
2025-11-19 09:30:00+01:00,110.24257766413683,114.32
2025-11-19 09:45:00+01:00,103.36242031482304,97.41
2025-11-19 10:00:00+01:00,115.73932929498167,110.98
2025-11-19 10:15:00+01:00,100.17134394124285,97.28
2025-11-19 10:30:00+01:00,93.25985112017555,93.33
2025-11-19 10:45:00+01:00,85.51469831289539,88.5
2025-11-19 11:00:00+01:00,105.24389028201179,94.82
2025-11-19 11:15:00+01:00,102.35450551407207,91.34
2025-11-19 11:30:00+01:00,100.28716721568347,89.62
2025-11-19 11:45:00+01:00,97.06244000193016,90.7
2025-11-19 12:00:00+01:00,99.94737731403316,89.07
2025-11-19 12:15:00+01:00,98.84152200696724,89.53
2025-11-19 12:30:00+01:00,99.24972702557415,90.19
2025-11-19 12:45:00+01:00,99.12086539231697,89.57
2025-11-19 13:00:00+01:00,97.2438863890341,87.95
2025-11-19 13:15:00+01:00,99.14893269066656,89.31
2025-11-19 13:30:00+01:00,99.53448176145767,94.93
2025-11-19 13:45:00+01:00,99.18600457012292,102.2
2025-11-19 14:00:00+01:00,101.32557304681434,89.03
2025-11-19 14:15:00+01:00,105.82190085769213,101.15
2025-11-19 14:30:00+01:00,117.58250598358268,109.3
2025-11-19 14:45:00+01:00,132.17072219254442,119.0
2025-11-19 15:00:00+01:00,103.4605240005023,103.39
2025-11-19 15:15:00+01:00,123.13208671078328,117.81
2025-11-19 15:30:00+01:00,144.97859407423448,110.0
2025-11-19 15:45:00+01:00,176.2903842577004,121.0
2025-11-19 16:00:00+01:00,121.76157073785582,108.22
2025-11-19 16:15:00+01:00,142.08077584383454,121.0
2025-11-19 16:30:00+01:00,153.71489932177616,121.0
2025-11-19 16:45:00+01:00,174.41127114301088,121.01
2025-11-19 17:00:00+01:00,137.57036459462122,121.01
2025-11-19 17:15:00+01:00,147.53912349696589,127.0
2025-11-19 17:30:00+01:00,165.65749905503165,130.07
2025-11-19 17:45:00+01:00,170.7036741037681,132.19
2025-11-19 18:00:00+01:00,164.565018931559,116.99
2025-11-19 18:15:00+01:00,148.44321801365606,117.76
2025-11-19 18:30:00+01:00,147.8301691153196,121.0
2025-11-19 18:45:00+01:00,152.91503044339646,121.01
2025-11-19 19:00:00+01:00,169.3015635486548,119.76
2025-11-19 19:15:00+01:00,154.38040735169864,116.85
2025-11-19 19:30:00+01:00,147.8347567289325,118.59
2025-11-19 19:45:00+01:00,144.55439223087572,121.0
2025-11-19 20:00:00+01:00,149.77216158766615,119.5
2025-11-19 20:15:00+01:00,135.75716503610624,108.32
2025-11-19 20:30:00+01:00,128.46841281145183,101.84
2025-11-19 20:45:00+01:00,119.11848084243766,93.09
2025-11-19 21:00:00+01:00,137.2460881784782,103.57
2025-11-19 21:15:00+01:00,122.14883902009667,102.32
2025-11-19 21:30:00+01:00,115.60324313751315,101.08
2025-11-19 21:45:00+01:00,109.13450039575129,93.93
2025-11-19 22:00:00+01:00,122.99586455478843,100.03
2025-11-19 22:15:00+01:00,115.44278711345072,99.38
2025-11-19 22:30:00+01:00,109.58405981836054,101.66
2025-11-19 22:45:00+01:00,100.02533044909038,95.61
2025-11-19 23:00:00+01:00,123.26130530832084,95.75
2025-11-19 23:15:00+01:00,105.7202757837982,93.48
2025-11-19 23:30:00+01:00,103.24515329951436,90.19
2025-11-19 23:45:00+01:00,92.59015819472691,88.12
2025-11-20 00:00:00+01:00,93.43037078433122,93.39
2025-11-20 00:15:00+01:00,91.57260904800324,92.39
2025-11-20 00:30:00+01:00,89.95914818483647,89.12
2025-11-20 00:45:00+01:00,87.79981589763821,87.61
2025-11-20 01:00:00+01:00,96.70324133383286,89.49
2025-11-20 01:15:00+01:00,88.6242166815403,88.28
2025-11-20 01:30:00+01:00,87.0777675895676,87.61
2025-11-20 01:45:00+01:00,84.97293179384069,86.99
2025-11-20 02:00:00+01:00,85.82405171042309,88.11
2025-11-20 02:15:00+01:00,84.09419660142508,87.2
2025-11-20 02:30:00+01:00,84.2727328958266,86.52
2025-11-20 02:45:00+01:00,83.76710085538906,86.3
2025-11-20 03:00:00+01:00,84.57791663788238,86.3
2025-11-20 03:15:00+01:00,83.78203717184931,87.14
2025-11-20 03:30:00+01:00,85.77748340810278,86.88
2025-11-20 03:45:00+01:00,83.99133772339022,86.86
2025-11-20 04:00:00+01:00,85.09822741351255,85.99
2025-11-20 04:15:00+01:00,85.62208091350927,86.51
2025-11-20 04:30:00+01:00,87.01180819663807,87.24
2025-11-20 04:45:00+01:00,91.24261373850713,88.76
2025-11-20 05:00:00+01:00,90.97191256088075,87.84
2025-11-20 05:15:00+01:00,94.73700410283406,92.45
2025-11-20 05:30:00+01:00,97.25995156922403,89.5
2025-11-20 05:45:00+01:00,102.58912849124482,92.22
2025-11-20 06:00:00+01:00,99.59583722529081,91.08
2025-11-20 06:15:00+01:00,116.4581775569801,98.92
2025-11-20 06:30:00+01:00,136.78308501320686,104.75
2025-11-20 06:45:00+01:00,140.8074348895634,119.98
2025-11-20 07:00:00+01:00,131.2727276404294,137.72
2025-11-20 07:15:00+01:00,163.28447616298465,136.0
2025-11-20 07:30:00+01:00,165.78718274510382,146.76
2025-11-20 07:45:00+01:00,168.58761869938604,157.15
2025-11-20 08:00:00+01:00,158.93928612038627,153.93
2025-11-20 08:15:00+01:00,148.2945271083203,162.18
2025-11-20 08:30:00+01:00,158.47845258422538,157.08
2025-11-20 08:45:00+01:00,146.76397573851222,149.67
2025-11-20 09:00:00+01:00,146.11175430738444,174.53
2025-11-20 09:15:00+01:00,131.57682175042805,153.75
2025-11-20 09:30:00+01:00,138.95327204395664,150.82
2025-11-20 09:45:00+01:00,128.93118103001302,135.52
2025-11-20 10:00:00+01:00,132.12630800998335,162.52
2025-11-20 10:15:00+01:00,116.85735343968719,141.54
2025-11-20 10:30:00+01:00,106.76931271737814,136.0
2025-11-20 10:45:00+01:00,99.40907955498719,125.02
2025-11-20 11:00:00+01:00,106.45857727157654,135.39
2025-11-20 11:15:00+01:00,103.85285718608222,130.9
2025-11-20 11:30:00+01:00,100.11151789412759,128.0
2025-11-20 11:45:00+01:00,98.89091441724783,122.92
2025-11-20 12:00:00+01:00,98.70618211459954,127.89
2025-11-20 12:15:00+01:00,96.46354250522211,123.37
2025-11-20 12:30:00+01:00,97.57137372049647,124.66
2025-11-20 12:45:00+01:00,103.96856728028762,124.3
2025-11-20 13:00:00+01:00,98.16741617484317,120.79
2025-11-20 13:15:00+01:00,102.93531909696124,125.17
2025-11-20 13:30:00+01:00,112.80172264190796,128.0
2025-11-20 13:45:00+01:00,119.94338955644609,130.44
2025-11-20 14:00:00+01:00,102.25614905267246,124.97
2025-11-20 14:15:00+01:00,109.62018827744672,133.67
2025-11-20 14:30:00+01:00,134.0386020346353,138.51
2025-11-20 14:45:00+01:00,146.89037592417452,139.66
2025-11-20 15:00:00+01:00,110.83742581683553,132.18
2025-11-20 15:15:00+01:00,125.0354325066266,145.12
2025-11-20 15:30:00+01:00,138.37053884648373,150.0
2025-11-20 15:45:00+01:00,164.6529723567416,171.44
2025-11-20 16:00:00+01:00,126.97850552631971,152.0
2025-11-20 16:15:00+01:00,149.0857079753892,164.51
2025-11-20 16:30:00+01:00,156.43269795681653,188.46
2025-11-20 16:45:00+01:00,176.4800762796187,198.35
2025-11-20 17:00:00+01:00,138.9774853402159,176.57
2025-11-20 17:15:00+01:00,141.82487183503164,178.53
2025-11-20 17:30:00+01:00,157.03100311497255,175.46
2025-11-20 17:45:00+01:00,158.51572471434625,171.33
2025-11-20 18:00:00+01:00,156.49509005861458,170.61
2025-11-20 18:15:00+01:00,154.14037398087353,164.4
2025-11-20 18:30:00+01:00,151.36284088816097,159.67
2025-11-20 18:45:00+01:00,148.12018691334976,158.32
2025-11-20 19:00:00+01:00,147.18836969174868,166.7
2025-11-20 19:15:00+01:00,137.46607738543585,156.79
2025-11-20 19:30:00+01:00,146.4061423629871,154.52
2025-11-20 19:45:00+01:00,142.66511979019634,146.06
2025-11-20 20:00:00+01:00,141.5867350666997,146.05
2025-11-20 20:15:00+01:00,131.09251257810126,147.17
2025-11-20 20:30:00+01:00,124.91482720151204,135.6
2025-11-20 20:45:00+01:00,107.15577765918748,119.59
2025-11-20 21:00:00+01:00,125.14049889703118,136.0
2025-11-20 21:15:00+01:00,112.97712508937776,128.07
2025-11-20 21:30:00+01:00,108.94683423814804,114.9
2025-11-20 21:45:00+01:00,102.30731040721733,104.04
2025-11-20 22:00:00+01:00,112.8566109844888,116.03
2025-11-20 22:15:00+01:00,107.1832577232009,111.27
2025-11-20 22:30:00+01:00,104.24570764168388,105.54
2025-11-20 22:45:00+01:00,96.38285571733209,100.1
2025-11-20 23:00:00+01:00,111.0628874451499,105.67
2025-11-20 23:15:00+01:00,98.80438916315053,93.49
2025-11-20 23:30:00+01:00,96.52587443312126,90.0
2025-11-20 23:45:00+01:00,89.82639656508304,85.89
2025-11-21 00:00:00+01:00,97.57882171340202,104.02
2025-11-21 00:15:00+01:00,91.75780616032438,104.49
2025-11-21 00:30:00+01:00,89.00670317652197,102.03
2025-11-21 00:45:00+01:00,86.87084625903627,95.67
2025-11-21 01:00:00+01:00,93.80178259040153,102.71
2025-11-21 01:15:00+01:00,89.41634238524681,95.35
2025-11-21 01:30:00+01:00,88.128204545718,90.08
2025-11-21 01:45:00+01:00,85.69796483694353,88.42
2025-11-21 02:00:00+01:00,88.907350912352,93.99
2025-11-21 02:15:00+01:00,86.47555066062202,89.09
2025-11-21 02:30:00+01:00,86.97294027107733,88.86
2025-11-21 02:45:00+01:00,85.22901737290373,89.19
2025-11-21 03:00:00+01:00,86.40788385536958,90.0
2025-11-21 03:15:00+01:00,86.00249581051095,89.29
2025-11-21 03:30:00+01:00,86.03176191911056,90.39
2025-11-21 03:45:00+01:00,85.71558165249077,91.06
2025-11-21 04:00:00+01:00,84.99746881613206,88.7
2025-11-21 04:15:00+01:00,85.96337632722584,90.08
2025-11-21 04:30:00+01:00,87.94658646172695,94.32
2025-11-21 04:45:00+01:00,90.20596355537948,101.4
2025-11-21 05:00:00+01:00,89.33966353105251,90.77
2025-11-21 05:15:00+01:00,92.74512715095838,98.91
2025-11-21 05:30:00+01:00,96.65620133860108,103.14
2025-11-21 05:45:00+01:00,103.5845775887555,114.64
2025-11-21 06:00:00+01:00,97.86784676779754,108.49
2025-11-21 06:15:00+01:00,110.73372279908114,121.51
2025-11-21 06:30:00+01:00,121.01780695110472,133.6
2025-11-21 06:45:00+01:00,138.8803987516336,170.5
2025-11-21 07:00:00+01:00,140.61556183344615,149.32
2025-11-21 07:15:00+01:00,158.81287197109955,182.25
2025-11-21 07:30:00+01:00,165.80824468532404,190.11
2025-11-21 07:45:00+01:00,140.477653783859,200.0
2025-11-21 08:00:00+01:00,242.30677294928358,229.62
2025-11-21 08:15:00+01:00,168.27244377935335,223.39
2025-11-21 08:30:00+01:00,150.2598824484712,200.0
2025-11-21 08:45:00+01:00,133.57549063428195,168.52
2025-11-21 09:00:00+01:00,153.82483456944885,220.0
2025-11-21 09:15:00+01:00,137.22070675214997,190.32
2025-11-21 09:30:00+01:00,121.40885523729426,168.3
2025-11-21 09:45:00+01:00,114.16555803044601,148.7
2025-11-21 10:00:00+01:00,152.23413374917135,179.32
2025-11-21 10:15:00+01:00,126.72143986284362,155.78
2025-11-21 10:30:00+01:00,117.23335915482001,143.51
2025-11-21 10:45:00+01:00,104.79136937143909,125.45
2025-11-21 11:00:00+01:00,126.272886642369,152.43
2025-11-21 11:15:00+01:00,125.12914911454504,140.0
2025-11-21 11:30:00+01:00,123.62717327485302,132.49
2025-11-21 11:45:00+01:00,125.37810217081434,125.96
2025-11-21 12:00:00+01:00,125.30537927900883,132.8
2025-11-21 12:15:00+01:00,126.12168400762192,128.75
2025-11-21 12:30:00+01:00,126.0432881146244,129.27
2025-11-21 12:45:00+01:00,134.65664912792272,130.55
2025-11-21 13:00:00+01:00,124.01467820535001,125.98
2025-11-21 13:15:00+01:00,132.12003832717403,130.74
2025-11-21 13:30:00+01:00,141.43867355840322,135.25
2025-11-21 13:45:00+01:00,149.27940342239137,150.33
2025-11-21 14:00:00+01:00,124.10302528250438,120.8
2025-11-21 14:15:00+01:00,126.8966688861827,147.57
2025-11-21 14:30:00+01:00,142.482069133847,172.74
2025-11-21 14:45:00+01:00,150.78368056097347,173.9
2025-11-21 15:00:00+01:00,118.45937545374676,148.82
2025-11-21 15:15:00+01:00,135.0977056008656,172.03
2025-11-21 15:30:00+01:00,151.14676982337008,202.58
2025-11-21 15:45:00+01:00,173.65057016044028,263.92
2025-11-21 16:00:00+01:00,135.16013380086952,196.83
2025-11-21 16:15:00+01:00,145.5710174224703,237.86
2025-11-21 16:30:00+01:00,163.2186745223633,259.52
2025-11-21 16:45:00+01:00,186.58926754968576,313.27
2025-11-21 17:00:00+01:00,137.4411588149166,258.17
2025-11-21 17:15:00+01:00,154.24881933351458,269.78
2025-11-21 17:30:00+01:00,179.07589376208023,245.7
2025-11-21 17:45:00+01:00,196.69060936575028,226.38
2025-11-21 18:00:00+01:00,168.61734000599003,230.04
2025-11-21 18:15:00+01:00,166.52088388558292,214.6
2025-11-21 18:30:00+01:00,173.31474024026045,193.8
2025-11-21 18:45:00+01:00,179.60189807896018,181.91
2025-11-21 19:00:00+01:00,193.14874106715055,184.35
2025-11-21 19:15:00+01:00,182.47721156181547,166.06
2025-11-21 19:30:00+01:00,174.51640335199858,167.7
2025-11-21 19:45:00+01:00,162.72787717691568,167.36
2025-11-21 20:00:00+01:00,166.89785319647189,174.2
2025-11-21 20:15:00+01:00,147.76328109135005,153.41
2025-11-21 20:30:00+01:00,137.33838261636404,123.98
2025-11-21 20:45:00+01:00,116.15321386395118,116.21
2025-11-21 21:00:00+01:00,131.4242397387162,133.6
2025-11-21 21:15:00+01:00,121.74531999109041,120.27
2025-11-21 21:30:00+01:00,96.38881378930398,112.35
2025-11-21 21:45:00+01:00,99.48373503693081,103.01
2025-11-21 22:00:00+01:00,115.94524167162993,115.68
2025-11-21 22:15:00+01:00,110.43069096901101,110.43
2025-11-21 22:30:00+01:00,107.06749631423185,100.59
2025-11-21 22:45:00+01:00,98.74159099780618,92.9
2025-11-21 23:00:00+01:00,109.35578064143235,108.7
2025-11-21 23:15:00+01:00,99.39854867892296,95.0
2025-11-21 23:30:00+01:00,97.61951591974514,90.37
2025-11-21 23:45:00+01:00,89.30661686684267,86.06
2025-11-22 00:00:00+01:00,101.39059687146202,122.49
2025-11-22 00:15:00+01:00,93.72923982702443,106.86
2025-11-22 00:30:00+01:00,90.21773968850313,93.44
2025-11-22 00:45:00+01:00,87.328287182226,86.2
2025-11-22 01:00:00+01:00,95.97476643413232,98.95
2025-11-22 01:15:00+01:00,90.46730200876706,93.73
2025-11-22 01:30:00+01:00,87.57201977933225,92.22
2025-11-22 01:45:00+01:00,85.21450556456578,93.5
2025-11-22 02:00:00+01:00,90.4679233897284,90.37
2025-11-22 02:15:00+01:00,86.88499100991169,89.16
2025-11-22 02:30:00+01:00,86.42882792451434,87.23
2025-11-22 02:45:00+01:00,84.75632968710109,87.0
2025-11-22 03:00:00+01:00,86.73874443461126,86.64
2025-11-22 03:15:00+01:00,85.82805660748454,85.07
2025-11-22 03:30:00+01:00,85.3644429778512,85.49
2025-11-22 03:45:00+01:00,84.8629626758838,83.91
2025-11-22 04:00:00+01:00,84.22682048399476,82.19
2025-11-22 04:15:00+01:00,84.97676604283907,86.59
2025-11-22 04:30:00+01:00,86.96003601018823,86.93
2025-11-22 04:45:00+01:00,88.11727607331599,88.68
2025-11-22 05:00:00+01:00,84.78020561939132,85.05
2025-11-22 05:15:00+01:00,86.96624410130958,84.64
2025-11-22 05:30:00+01:00,89.69377765879973,84.6
2025-11-22 05:45:00+01:00,92.64117025339908,86.82
2025-11-22 06:00:00+01:00,78.94737554102863,85.5
2025-11-22 06:15:00+01:00,87.21673130023974,87.04
2025-11-22 06:30:00+01:00,95.62548920728796,89.77
2025-11-22 06:45:00+01:00,105.85833836429565,99.78
2025-11-22 07:00:00+01:00,102.71770678437699,98.17
2025-11-22 07:15:00+01:00,112.94009657446486,104.62
2025-11-22 07:30:00+01:00,94.424483416018,110.63
2025-11-22 07:45:00+01:00,92.12465462209721,113.57
2025-11-22 08:00:00+01:00,126.11291211029446,121.0
2025-11-22 08:15:00+01:00,97.60747561565518,114.43
2025-11-22 08:30:00+01:00,85.30174787819664,96.64
2025-11-22 08:45:00+01:00,75.16836867408763,84.77
2025-11-22 09:00:00+01:00,95.14327253884036,115.24
2025-11-22 09:15:00+01:00,86.8073365360374,84.93
2025-11-22 09:30:00+01:00,77.74977356204924,85.29
2025-11-22 09:45:00+01:00,70.84441223163026,71.01
2025-11-22 10:00:00+01:00,107.59156674004056,87.16
2025-11-22 10:15:00+01:00,93.00937331641258,79.53
2025-11-22 10:30:00+01:00,84.7038070726152,80.66
2025-11-22 10:45:00+01:00,75.8831557396309,80.69
2025-11-22 11:00:00+01:00,92.21430254770596,79.77
2025-11-22 11:15:00+01:00,78.58605411315864,79.09
2025-11-22 11:30:00+01:00,74.43071407599037,78.74
2025-11-22 11:45:00+01:00,68.88301523040593,76.72
2025-11-22 12:00:00+01:00,75.6923047890352,76.96
2025-11-22 12:15:00+01:00,72.80476711899428,75.92
2025-11-22 12:30:00+01:00,73.39245894683368,76.42
2025-11-22 12:45:00+01:00,73.43079174395619,75.83
2025-11-22 13:00:00+01:00,70.63950988635615,74.0
2025-11-22 13:15:00+01:00,74.5362015693631,74.01
2025-11-22 13:30:00+01:00,78.642127430422,74.94
2025-11-22 13:45:00+01:00,84.24916189688844,78.52
2025-11-22 14:00:00+01:00,72.7805080401539,76.87
2025-11-22 14:15:00+01:00,78.05387557377837,75.91
2025-11-22 14:30:00+01:00,87.74750815452407,80.71
2025-11-22 14:45:00+01:00,99.25329302530031,93.09
2025-11-22 15:00:00+01:00,80.772223921058,83.9
2025-11-22 15:15:00+01:00,94.17769628438222,82.78
2025-11-22 15:30:00+01:00,108.03290429152935,98.28
2025-11-22 15:45:00+01:00,123.49621686075717,90.9
2025-11-22 16:00:00+01:00,90.34184478445361,100.45
2025-11-22 16:15:00+01:00,100.45311739192894,102.65
2025-11-22 16:30:00+01:00,113.6307550655219,103.19
2025-11-22 16:45:00+01:00,124.22358676330028,113.71
2025-11-22 17:00:00+01:00,91.54742052129143,112.24
2025-11-22 17:15:00+01:00,87.92819381607359,117.26
2025-11-22 17:30:00+01:00,122.39601224570532,115.11
2025-11-22 17:45:00+01:00,126.11173449289618,113.21
2025-11-22 18:00:00+01:00,127.26442408308858,118.94
2025-11-22 18:15:00+01:00,128.15153825463207,113.23
2025-11-22 18:30:00+01:00,129.58912006379913,106.11
2025-11-22 18:45:00+01:00,129.81385407176734,98.73
2025-11-22 19:00:00+01:00,132.7949874556893,101.99
2025-11-22 19:15:00+01:00,130.49361873063515,101.07
2025-11-22 19:30:00+01:00,127.86112092027355,96.61
2025-11-22 19:45:00+01:00,113.22626999986213,93.65
2025-11-22 20:00:00+01:00,118.0318642902825,88.75
2025-11-22 20:15:00+01:00,105.4085153676714,84.19
2025-11-22 20:30:00+01:00,93.60628526225136,87.17
2025-11-22 20:45:00+01:00,79.96505071106799,86.33
2025-11-22 21:00:00+01:00,102.5513053612464,94.33
2025-11-22 21:15:00+01:00,80.81234863759492,92.37
2025-11-22 21:30:00+01:00,80.80069096864788,87.86
2025-11-22 21:45:00+01:00,72.14928390090023,82.43
2025-11-22 22:00:00+01:00,96.06018001122641,94.48
2025-11-22 22:15:00+01:00,92.6045625077771,90.02
2025-11-22 22:30:00+01:00,83.23802772239713,89.16
2025-11-22 22:45:00+01:00,73.66457060891543,84.05
2025-11-22 23:00:00+01:00,84.66517338176907,87.99
2025-11-22 23:15:00+01:00,82.5554490985927,83.9
2025-11-22 23:30:00+01:00,79.16055472095864,79.69
2025-11-22 23:45:00+01:00,65.83767451742852,77.34
2025-11-23 00:00:00+01:00,83.26006511025399,95.06
2025-11-23 00:15:00+01:00,79.95591163778732,88.83
2025-11-23 00:30:00+01:00,77.47704984033254,75.0
2025-11-23 00:45:00+01:00,74.15680438296799,67.22
2025-11-23 01:00:00+01:00,77.34116795953048,81.22
2025-11-23 01:15:00+01:00,75.21264047743765,73.54
2025-11-23 01:30:00+01:00,72.59674139121007,71.46
2025-11-23 01:45:00+01:00,70.80548975392001,71.19
2025-11-23 02:00:00+01:00,73.52488221469417,74.84
2025-11-23 02:15:00+01:00,71.12526036098922,71.42
2025-11-23 02:30:00+01:00,70.54953608638613,68.69
2025-11-23 02:45:00+01:00,69.9740580299497,66.81
2025-11-23 03:00:00+01:00,69.31010853451923,65.18
2025-11-23 03:15:00+01:00,68.88673972435157,63.01
2025-11-23 03:30:00+01:00,68.19830243161542,63.38
2025-11-23 03:45:00+01:00,66.9042136608772,61.35
2025-11-23 04:00:00+01:00,67.0183537115884,62.74
2025-11-23 04:15:00+01:00,66.7791830360772,61.43
2025-11-23 04:30:00+01:00,67.33015290632284,60.66
2025-11-23 04:45:00+01:00,68.8651754828754,58.71
2025-11-23 05:00:00+01:00,66.66753225101944,63.89
2025-11-23 05:15:00+01:00,68.7830299399163,64.22
2025-11-23 05:30:00+01:00,71.1085968580881,65.0
2025-11-23 05:45:00+01:00,72.17358903539319,63.73
2025-11-23 06:00:00+01:00,49.84736400204241,60.4
2025-11-23 06:15:00+01:00,49.94216110104944,60.99
2025-11-23 06:30:00+01:00,77.13407206603402,62.49
2025-11-23 06:45:00+01:00,77.24737575248366,64.24
2025-11-23 07:00:00+01:00,54.62435742170782,64.26
2025-11-23 07:15:00+01:00,56.45315209711061,68.71
2025-11-23 07:30:00+01:00,65.86375063843732,68.59
2025-11-23 07:45:00+01:00,57.52717340129349,70.37
2025-11-23 08:00:00+01:00,82.81691940593166,71.56
2025-11-23 08:15:00+01:00,73.208140958808,67.95
2025-11-23 08:30:00+01:00,66.08839853512119,69.34
2025-11-23 08:45:00+01:00,69.58463196630564,62.48
2025-11-23 09:00:00+01:00,77.61747261379075,69.3
2025-11-23 09:15:00+01:00,70.00095619949357,65.74
2025-11-23 09:30:00+01:00,70.65992705365834,66.85
2025-11-23 09:45:00+01:00,63.13356326928164,61.95
2025-11-23 10:00:00+01:00,75.01434461513135,68.88
2025-11-23 10:15:00+01:00,63.49850330616052,68.38
2025-11-23 10:30:00+01:00,58.36935749193371,63.25
2025-11-23 10:45:00+01:00,41.24224562116133,63.43
2025-11-23 11:00:00+01:00,53.951985434032615,64.31
2025-11-23 11:15:00+01:00,51.080092413052995,66.75
2025-11-23 11:30:00+01:00,43.87705893626314,67.16
2025-11-23 11:45:00+01:00,38.04452123216231,68.54
2025-11-23 12:00:00+01:00,46.46216653527573,66.76
2025-11-23 12:15:00+01:00,42.869263991812154,67.46
2025-11-23 12:30:00+01:00,43.703600248770776,68.51
2025-11-23 12:45:00+01:00,42.381743674936665,68.72
2025-11-23 13:00:00+01:00,42.73871983249153,69.37
2025-11-23 13:15:00+01:00,46.13171043888754,64.57
2025-11-23 13:30:00+01:00,46.463941714567866,63.85
2025-11-23 13:45:00+01:00,49.738040952082976,64.04
2025-11-23 14:00:00+01:00,45.14860452392147,66.48
2025-11-23 14:15:00+01:00,54.907220255852366,66.8
2025-11-23 14:30:00+01:00,60.560037489725936,71.09
2025-11-23 14:45:00+01:00,70.51391130837426,73.34
2025-11-23 15:00:00+01:00,56.9666554969872,71.3
2025-11-23 15:15:00+01:00,60.229935126261985,74.44
2025-11-23 15:30:00+01:00,69.89751254234838,80.21
2025-11-23 15:45:00+01:00,80.19170326999962,83.21
2025-11-23 16:00:00+01:00,60.46122098230249,82.39
2025-11-23 16:15:00+01:00,71.60160006355929,75.58
2025-11-23 16:30:00+01:00,77.97394080433638,75.42
2025-11-23 16:45:00+01:00,86.90813831555649,78.16
2025-11-23 17:00:00+01:00,87.6249822253725,78.9
2025-11-23 17:15:00+01:00,90.58879435304385,82.15
2025-11-23 17:30:00+01:00,92.35497012270054,80.93
2025-11-23 17:45:00+01:00,90.68832355468261,81.38
2025-11-23 18:00:00+01:00,96.11373871237122,82.35
2025-11-23 18:15:00+01:00,91.56823232186838,81.09
2025-11-23 18:30:00+01:00,85.76629468840537,78.63
2025-11-23 18:45:00+01:00,82.25338704164206,88.1
2025-11-23 19:00:00+01:00,78.09063866854336,87.37
2025-11-23 19:15:00+01:00,79.60408731876271,86.22
2025-11-23 19:30:00+01:00,77.47332130585787,82.11
2025-11-23 19:45:00+01:00,63.92069916351019,79.49
2025-11-23 20:00:00+01:00,87.9316440569153,82.17
2025-11-23 20:15:00+01:00,76.44001014224253,79.08
2025-11-23 20:30:00+01:00,63.98316183617191,76.77
2025-11-23 20:45:00+01:00,50.75234976562179,71.63
2025-11-23 21:00:00+01:00,87.37504306836715,79.2
2025-11-23 21:15:00+01:00,69.11685279505855,74.2
2025-11-23 21:30:00+01:00,67.36457675904427,72.58
2025-11-23 21:45:00+01:00,59.553650763648285,70.66
2025-11-23 22:00:00+01:00,86.89390762026953,77.46
2025-11-23 22:15:00+01:00,81.33316533720144,76.76
2025-11-23 22:30:00+01:00,75.71704024651814,74.62
2025-11-23 22:45:00+01:00,66.26432701755564,71.83
2025-11-23 23:00:00+01:00,77.8922645246075,72.51
2025-11-23 23:15:00+01:00,71.83750666261194,71.86
2025-11-23 23:30:00+01:00,69.92141519138613,71.74
2025-11-23 23:45:00+01:00,53.981675902799175,68.94
2025-11-24 00:00:00+01:00,68.9865182457438,80.12
2025-11-24 00:15:00+01:00,67.50762321629156,70.96
2025-11-24 00:30:00+01:00,66.97282467825332,69.38
2025-11-24 00:45:00+01:00,65.82742157113788,69.37
2025-11-24 01:00:00+01:00,67.20652315594161,70.15
2025-11-24 01:15:00+01:00,65.64016320492361,69.59
2025-11-24 01:30:00+01:00,65.57067923499255,70.13
2025-11-24 01:45:00+01:00,64.52798668415844,70.38
2025-11-24 02:00:00+01:00,65.39338886053409,69.0
2025-11-24 02:15:00+01:00,65.94289764013443,73.02
2025-11-24 02:30:00+01:00,66.65996659875049,72.91
2025-11-24 02:45:00+01:00,65.77047436518157,74.09
2025-11-24 03:00:00+01:00,65.87743365548768,71.25
2025-11-24 03:15:00+01:00,64.88975570705,71.87
2025-11-24 03:30:00+01:00,64.87564014645417,74.98
2025-11-24 03:45:00+01:00,63.96633415514331,75.0
2025-11-24 04:00:00+01:00,64.92095091689379,70.74
2025-11-24 04:15:00+01:00,65.99196641924249,73.97
2025-11-24 04:30:00+01:00,66.78614015907665,72.15
2025-11-24 04:45:00+01:00,68.48170658753709,78.16
2025-11-24 05:00:00+01:00,70.82625412977956,70.71
2025-11-24 05:15:00+01:00,76.94749005747606,73.88
2025-11-24 05:30:00+01:00,80.88163379240142,83.76
2025-11-24 05:45:00+01:00,86.75229174635649,91.91
2025-11-24 06:00:00+01:00,81.57384234986756,76.08
2025-11-24 06:15:00+01:00,98.28513633475924,90.03
2025-11-24 06:30:00+01:00,103.54852875102758,92.38
2025-11-24 06:45:00+01:00,121.84055968555674,102.74
2025-11-24 07:00:00+01:00,130.65482386655026,94.86
2025-11-24 07:15:00+01:00,142.65373108515638,104.42
2025-11-24 07:30:00+01:00,150.67263406404183,107.07
2025-11-24 07:45:00+01:00,145.80882342081094,111.22
2025-11-24 08:00:00+01:00,145.36521181303294,114.99
2025-11-24 08:15:00+01:00,136.68051738217778,104.74
2025-11-24 08:30:00+01:00,129.75566161140935,105.66
2025-11-24 08:45:00+01:00,138.73267653260962,105.75
2025-11-24 09:00:00+01:00,127.17169883894613,110.0
2025-11-24 09:15:00+01:00,137.59439496942588,106.38
2025-11-24 09:30:00+01:00,140.15408454588294,114.17
2025-11-24 09:45:00+01:00,110.59146484279555,110.49
2025-11-24 10:00:00+01:00,119.77891524315532,115.97
2025-11-24 10:15:00+01:00,109.8655062645008,112.53
2025-11-24 10:30:00+01:00,114.03902933794205,116.27
2025-11-24 10:45:00+01:00,111.29927075715845,125.02
2025-11-24 11:00:00+01:00,116.53475137679797,121.42
2025-11-24 11:15:00+01:00,114.48629415875388,126.91
2025-11-24 11:30:00+01:00,103.5228686021339,130.01
2025-11-24 11:45:00+01:00,113.03292530234388,133.81
2025-11-24 12:00:00+01:00,103.23761679528559,122.88
2025-11-24 12:15:00+01:00,102.44339053998269,131.95
2025-11-24 12:30:00+01:00,108.60062886932633,135.49
2025-11-24 12:45:00+01:00,115.95662411661212,146.62
2025-11-24 13:00:00+01:00,108.04170123515419,131.81
2025-11-24 13:15:00+01:00,115.71819666528691,141.0
2025-11-24 13:30:00+01:00,116.66952391092809,155.82
2025-11-24 13:45:00+01:00,121.96294782713912,171.34
2025-11-24 14:00:00+01:00,116.51284473463657,171.09
2025-11-24 14:15:00+01:00,122.47243304128463,192.76
2025-11-24 14:30:00+01:00,131.5292068918997,159.95
2025-11-24 14:45:00+01:00,135.5835104184218,170.35
2025-11-24 15:00:00+01:00,125.72826740709719,172.13
2025-11-24 15:15:00+01:00,124.02935263928829,190.93
2025-11-24 15:30:00+01:00,133.19247669472855,210.19
2025-11-24 15:45:00+01:00,159.6622323058807,210.0
2025-11-24 16:00:00+01:00,146.20533952451035,176.56
2025-11-24 16:15:00+01:00,148.9140101453717,202.53
2025-11-24 16:30:00+01:00,163.2038956071956,224.97
2025-11-24 16:45:00+01:00,180.48231842205848,299.04
2025-11-24 17:00:00+01:00,201.43457276185757,232.05
2025-11-24 17:15:00+01:00,162.22335555104686,264.98
2025-11-24 17:30:00+01:00,159.36701873695725,275.19
2025-11-24 17:45:00+01:00,155.04716730036216,281.71
2025-11-24 18:00:00+01:00,146.2919363951189,270.1
2025-11-24 18:15:00+01:00,137.38009089795054,229.97
2025-11-24 18:30:00+01:00,136.92208574757333,219.96
2025-11-24 18:45:00+01:00,137.26245403253898,202.32
2025-11-24 19:00:00+01:00,164.61350370170473,213.21
2025-11-24 19:15:00+01:00,154.23930111085232,184.54
2025-11-24 19:30:00+01:00,147.33596999099484,187.55
2025-11-24 19:45:00+01:00,140.08255960640494,167.92
2025-11-24 20:00:00+01:00,153.20776712979946,163.26
2025-11-24 20:15:00+01:00,136.43712270048712,145.0
2025-11-24 20:30:00+01:00,128.32911221397927,155.43
2025-11-24 20:45:00+01:00,121.44852067601525,141.05
2025-11-24 21:00:00+01:00,126.02078692094082,155.33
2025-11-24 21:15:00+01:00,118.34429074588459,137.77
2025-11-24 21:30:00+01:00,111.98506954327203,128.89
2025-11-24 21:45:00+01:00,104.53267378408887,118.95
2025-11-24 22:00:00+01:00,111.85268275720534,134.87
2025-11-24 22:15:00+01:00,106.88048942043251,130.29
2025-11-24 22:30:00+01:00,106.40373442689172,119.2
2025-11-24 22:45:00+01:00,97.92847198255073,107.78
2025-11-24 23:00:00+01:00,106.43104867103192,115.1
2025-11-24 23:15:00+01:00,96.20795008295215,106.19
2025-11-24 23:30:00+01:00,94.1016969047039,103.2
2025-11-24 23:45:00+01:00,86.45204665741919,97.13
2025-11-25 00:00:00+01:00,115.20765885600957,101.75
2025-11-25 00:15:00+01:00,102.54488825277605,99.93
2025-11-25 00:30:00+01:00,100.86328913964249,101.91
2025-11-25 00:45:00+01:00,99.6275807068557,100.01
2025-11-25 01:00:00+01:00,108.52217020413353,102.08
2025-11-25 01:15:00+01:00,101.2836924502869,101.55
2025-11-25 01:30:00+01:00,101.8697634768197,96.6
2025-11-25 01:45:00+01:00,96.35284583895701,96.38
2025-11-25 02:00:00+01:00,103.61181021217462,98.69
2025-11-25 02:15:00+01:00,100.01169611559304,97.01
2025-11-25 02:30:00+01:00,99.57114597618684,97.13
2025-11-25 02:45:00+01:00,97.26105948685642,97.52
2025-11-25 03:00:00+01:00,100.52974064175174,99.02
2025-11-25 03:15:00+01:00,99.22180395470842,94.23
2025-11-25 03:30:00+01:00,98.61378479328289,95.01
2025-11-25 03:45:00+01:00,98.18421349404474,96.13
2025-11-25 04:00:00+01:00,97.91228817539553,97.69
2025-11-25 04:15:00+01:00,99.4452139349941,100.32
2025-11-25 04:30:00+01:00,102.05324371048889,97.52
2025-11-25 04:45:00+01:00,105.64655235731803,102.51
2025-11-25 05:00:00+01:00,103.96908239406281,99.2
2025-11-25 05:15:00+01:00,106.81442822588728,101.27
2025-11-25 05:30:00+01:00,111.9744313039265,111.96
2025-11-25 05:45:00+01:00,119.54428745711878,114.49
2025-11-25 06:00:00+01:00,114.6016856431117,89.2
2025-11-25 06:15:00+01:00,134.2265177781527,106.16
2025-11-25 06:30:00+01:00,151.70300544320702,124.0
2025-11-25 06:45:00+01:00,172.8968646375152,170.27
2025-11-25 07:00:00+01:00,193.68796125641768,157.69
2025-11-25 07:15:00+01:00,214.23144275286666,252.88
2025-11-25 07:30:00+01:00,220.6620279628347,361.36
2025-11-25 07:45:00+01:00,233.6560286673594,392.15
2025-11-25 08:00:00+01:00,224.5599505478761,289.17
2025-11-25 08:15:00+01:00,203.99506170634038,351.94
2025-11-25 08:30:00+01:00,177.4932037504642,350.01
2025-11-25 08:45:00+01:00,221.3382675555222,341.98
2025-11-25 09:00:00+01:00,213.8055922439947,296.04
2025-11-25 09:15:00+01:00,205.36368816963557,333.01
2025-11-25 09:30:00+01:00,203.89998052155056,271.45
2025-11-25 09:45:00+01:00,183.43346783603113,270.1
2025-11-25 10:00:00+01:00,225.28616966390084,321.3
2025-11-25 10:15:00+01:00,186.7964326880309,271.34
2025-11-25 10:30:00+01:00,196.31271816857796,254.26
2025-11-25 10:45:00+01:00,187.96837059878015,245.44
2025-11-25 11:00:00+01:00,213.854106465044,283.79
2025-11-25 11:15:00+01:00,195.74406446315425,333.01
2025-11-25 11:30:00+01:00,203.36359326888356,345.98
2025-11-25 11:45:00+01:00,183.56196154128622,343.73
2025-11-25 12:00:00+01:00,183.2389257805241,333.01
2025-11-25 12:15:00+01:00,209.80089784124613,333.01
2025-11-25 12:30:00+01:00,187.69921196031999,344.12
2025-11-25 12:45:00+01:00,202.61584933810104,393.86
2025-11-25 13:00:00+01:00,202.08841995785068,341.3
2025-11-25 13:15:00+01:00,191.1049402073367,333.01
2025-11-25 13:30:00+01:00,199.72319633514562,307.61
2025-11-25 13:45:00+01:00,201.2727127366956,288.69
2025-11-25 14:00:00+01:00,196.25643040791346,270.09
2025-11-25 14:15:00+01:00,186.41680930219562,316.36
2025-11-25 14:30:00+01:00,191.07023218440483,280.54
2025-11-25 14:45:00+01:00,197.72557141409115,333.01
2025-11-25 15:00:00+01:00,182.12049331197483,310.48
2025-11-25 15:15:00+01:00,176.67532773031738,333.88
2025-11-25 15:30:00+01:00,205.82309707458373,290.98
2025-11-25 15:45:00+01:00,233.9775179427641,304.64
2025-11-25 16:00:00+01:00,214.81240211715942,266.2
2025-11-25 16:15:00+01:00,203.7337323515843,306.42
2025-11-25 16:30:00+01:00,217.51599256708997,350.01
2025-11-25 16:45:00+01:00,236.25527763757236,377.7
2025-11-25 17:00:00+01:00,185.77605421350478,348.7
2025-11-25 17:15:00+01:00,197.18819063301646,399.93
2025-11-25 17:30:00+01:00,199.48645765707295,395.01
2025-11-25 17:45:00+01:00,202.03874033510044,349.61
2025-11-25 18:00:00+01:00,182.4899027853374,333.01
2025-11-25 18:15:00+01:00,176.83584714866208,300.42
2025-11-25 18:30:00+01:00,187.70639811486427,308.78
2025-11-25 18:45:00+01:00,189.55026088140073,249.41
2025-11-25 19:00:00+01:00,197.27261068960476,357.06
2025-11-25 19:15:00+01:00,175.74919015720127,266.61
2025-11-25 19:30:00+01:00,174.35700049811095,205.81
2025-11-25 19:45:00+01:00,167.59247388280843,168.01
2025-11-25 20:00:00+01:00,148.8973548403584,223.67
2025-11-25 20:15:00+01:00,136.2251370115876,175.87
2025-11-25 20:30:00+01:00,127.81759593466163,155.8
2025-11-25 20:45:00+01:00,115.15248189571267,136.0
2025-11-25 21:00:00+01:00,120.31451998731069,168.0
2025-11-25 21:15:00+01:00,108.14885707786286,141.87
2025-11-25 21:30:00+01:00,103.66439481011548,122.15
2025-11-25 21:45:00+01:00,96.36732100783519,108.06
2025-11-25 22:00:00+01:00,112.5903687973769,130.41
2025-11-25 22:15:00+01:00,103.87996792540679,123.86
2025-11-25 22:30:00+01:00,98.70787661972767,116.8
2025-11-25 22:45:00+01:00,92.1609374680965,105.55
2025-11-25 23:00:00+01:00,101.5848124051705,117.11
2025-11-25 23:15:00+01:00,93.63209536982323,105.59
2025-11-25 23:30:00+01:00,91.75514594314144,97.14
2025-11-25 23:45:00+01:00,81.10755544705619,88.3
2025-11-26 00:00:00+01:00,110.41567707928874,102.07
2025-11-26 00:15:00+01:00,102.51857477200647,90.14
2025-11-26 00:30:00+01:00,96.90369997521381,90.5
2025-11-26 00:45:00+01:00,92.08930814794249,88.71
2025-11-26 01:00:00+01:00,104.4339246428388,92.32
2025-11-26 01:15:00+01:00,97.83057256345758,89.41
2025-11-26 01:30:00+01:00,93.40012050436118,89.07
2025-11-26 01:45:00+01:00,91.01572995134744,89.0
2025-11-26 02:00:00+01:00,100.0663423357831,89.5
2025-11-26 02:15:00+01:00,93.8551605667698,88.98
2025-11-26 02:30:00+01:00,92.23778913830766,87.42
2025-11-26 02:45:00+01:00,89.96570952792942,87.4
2025-11-26 03:00:00+01:00,93.36925973074308,88.93
2025-11-26 03:15:00+01:00,91.26709943950895,88.99
2025-11-26 03:30:00+01:00,90.10552259141576,90.07
2025-11-26 03:45:00+01:00,89.23155655196553,89.75
2025-11-26 04:00:00+01:00,87.37092990839139,87.28
2025-11-26 04:15:00+01:00,88.70413009572724,88.74
2025-11-26 04:30:00+01:00,90.71022452598633,90.26
2025-11-26 04:45:00+01:00,93.96807928181451,92.93
2025-11-26 05:00:00+01:00,88.06728842005582,87.09
2025-11-26 05:15:00+01:00,91.48757856777927,90.59
2025-11-26 05:30:00+01:00,97.45282182391358,101.19
2025-11-26 05:45:00+01:00,103.51407753239488,110.13
2025-11-26 06:00:00+01:00,99.64156408852655,100.89
2025-11-26 06:15:00+01:00,112.04809672508551,118.84
2025-11-26 06:30:00+01:00,122.35372786478936,133.26
2025-11-26 06:45:00+01:00,143.41543824092062,166.3
2025-11-26 07:00:00+01:00,147.80100054581916,146.66
2025-11-26 07:15:00+01:00,165.0581646140565,182.57
2025-11-26 07:30:00+01:00,163.7386031754946,204.0
2025-11-26 07:45:00+01:00,150.6599867683575,231.45
2025-11-26 08:00:00+01:00,213.32091654649022,213.04
2025-11-26 08:15:00+01:00,187.7195885502136,220.62
2025-11-26 08:30:00+01:00,164.7689708095453,270.1
2025-11-26 08:45:00+01:00,155.90464943649582,245.13
2025-11-26 09:00:00+01:00,218.08263003801474,240.51
2025-11-26 09:15:00+01:00,162.7900865046871,204.08
2025-11-26 09:30:00+01:00,163.34833112864675,206.85
2025-11-26 09:45:00+01:00,140.47175463586942,195.95
2025-11-26 10:00:00+01:00,208.4853954881155,240.4
2025-11-26 10:15:00+01:00,176.57691430388164,199.52
2025-11-26 10:30:00+01:00,160.20441779861864,179.53
2025-11-26 10:45:00+01:00,130.84069074110383,169.1
2025-11-26 11:00:00+01:00,160.88074022291545,177.09
2025-11-26 11:15:00+01:00,155.5544344908289,175.28
2025-11-26 11:30:00+01:00,140.94194754659298,169.82
2025-11-26 11:45:00+01:00,137.15194198771354,159.8
2025-11-26 12:00:00+01:00,146.06010798269494,166.55
2025-11-26 12:15:00+01:00,138.46113858661047,160.43
2025-11-26 12:30:00+01:00,145.66675086765673,165.76
2025-11-26 12:45:00+01:00,144.7495018998407,165.99
2025-11-26 13:00:00+01:00,140.13829603169836,169.65
2025-11-26 13:15:00+01:00,146.77055437333001,177.18
2025-11-26 13:30:00+01:00,149.42220647368563,167.44
2025-11-26 13:45:00+01:00,156.22863952913968,158.68
2025-11-26 14:00:00+01:00,145.66937736437208,161.77
2025-11-26 14:15:00+01:00,150.54501322219556,171.43
2025-11-26 14:30:00+01:00,164.08179707974864,196.7
2025-11-26 14:45:00+01:00,183.45017298347597,208.06
2025-11-26 15:00:00+01:00,145.0267417458105,169.44
2025-11-26 15:15:00+01:00,164.3849251756826,200.04
2025-11-26 15:30:00+01:00,189.39803255885403,236.81
2025-11-26 15:45:00+01:00,232.90789439594676,288.6
2025-11-26 16:00:00+01:00,151.16390080677496,214.95
2025-11-26 16:15:00+01:00,169.67052986154394,277.29
2025-11-26 16:30:00+01:00,197.41868472486283,314.03
2025-11-26 16:45:00+01:00,247.21115747300803,371.24
2025-11-26 17:00:00+01:00,170.875046487999,291.5
2025-11-26 17:15:00+01:00,173.7062179249171,298.58
2025-11-26 17:30:00+01:00,187.72638531782007,295.42
2025-11-26 17:45:00+01:00,242.43072454573954,292.94
2025-11-26 18:00:00+01:00,179.0944234994904,267.96
2025-11-26 18:15:00+01:00,182.34161504788136,213.57
2025-11-26 18:30:00+01:00,191.4952298531723,226.25
2025-11-26 18:45:00+01:00,191.48337015676287,207.94
2025-11-26 19:00:00+01:00,225.79776054556322,219.26
2025-11-26 19:15:00+01:00,198.86349386617155,190.0
2025-11-26 19:30:00+01:00,187.7743332808472,169.81
2025-11-26 19:45:00+01:00,173.0890787497433,155.63
2025-11-26 20:00:00+01:00,157.04646088697052,175.01
2025-11-26 20:15:00+01:00,140.9935181548551,149.99
2025-11-26 20:30:00+01:00,126.63895196908264,128.89
2025-11-26 20:45:00+01:00,115.1360287734471,111.15
2025-11-26 21:00:00+01:00,126.74198505737803,141.0
2025-11-26 21:15:00+01:00,115.08209725765619,124.33
2025-11-26 21:30:00+01:00,107.71586577636313,103.06
2025-11-26 21:45:00+01:00,97.74585475129484,91.4
2025-11-26 22:00:00+01:00,112.22052948876795,118.94
2025-11-26 22:15:00+01:00,104.140293146424,105.08
2025-11-26 22:30:00+01:00,100.9415237326255,94.27
2025-11-26 22:45:00+01:00,91.34238098077415,89.68
2025-11-26 23:00:00+01:00,102.65685080869173,99.79
2025-11-26 23:15:00+01:00,95.85791415470311,90.9
2025-11-26 23:30:00+01:00,92.67897612208247,88.06
2025-11-26 23:45:00+01:00,80.09847229262974,82.0
2025-11-27 00:00:00+01:00,97.6404382881954,94.07
2025-11-27 00:15:00+01:00,91.36324390738177,91.21
2025-11-27 00:30:00+01:00,87.68877188562779,87.81
2025-11-27 00:45:00+01:00,83.70577589586416,86.69
2025-11-27 01:00:00+01:00,90.72207557370376,88.91
2025-11-27 01:15:00+01:00,86.69567704451181,85.62
2025-11-27 01:30:00+01:00,84.4418496128398,82.62
2025-11-27 01:45:00+01:00,81.36342882814932,79.95
2025-11-27 02:00:00+01:00,84.3639090557527,83.73
2025-11-27 02:15:00+01:00,81.83692896279238,81.09
2025-11-27 02:30:00+01:00,81.41180518478292,79.37
2025-11-27 02:45:00+01:00,79.63729057104817,75.6
2025-11-27 03:00:00+01:00,81.03128438160988,80.85
2025-11-27 03:15:00+01:00,79.76122403409948,79.37
2025-11-27 03:30:00+01:00,79.2380038468548,77.42
2025-11-27 03:45:00+01:00,77.42460241508721,71.73
2025-11-27 04:00:00+01:00,76.48348196157913,76.69
2025-11-27 04:15:00+01:00,77.45623881004448,76.92
2025-11-27 04:30:00+01:00,78.57736301718677,82.83
2025-11-27 04:45:00+01:00,81.16659873132338,83.35
2025-11-27 05:00:00+01:00,76.79310884099223,83.19
2025-11-27 05:15:00+01:00,80.07189974565877,73.46
2025-11-27 05:30:00+01:00,84.5384003777124,84.35
2025-11-27 05:45:00+01:00,88.90842360094472,87.31
2025-11-27 06:00:00+01:00,84.07154708363008,86.98
2025-11-27 06:15:00+01:00,95.56638240177257,111.57
2025-11-27 06:30:00+01:00,103.38265004325521,119.44
2025-11-27 06:45:00+01:00,116.9119829393423,130.89
2025-11-27 07:00:00+01:00,119.00457263330888,116.39
2025-11-27 07:15:00+01:00,112.76240715662263,120.6
2025-11-27 07:30:00+01:00,116.42125866563377,125.98
2025-11-27 07:45:00+01:00,109.68884211199622,125.03
2025-11-27 08:00:00+01:00,164.28685489622578,132.01
2025-11-27 08:15:00+01:00,149.54440397810097,126.84
2025-11-27 08:30:00+01:00,124.75201186428757,119.91
2025-11-27 08:45:00+01:00,110.11026961653893,113.66
2025-11-27 09:00:00+01:00,128.24229470260087,116.5
2025-11-27 09:15:00+01:00,110.59458869178316,119.82
2025-11-27 09:30:00+01:00,101.90974203493491,103.4
2025-11-27 09:45:00+01:00,95.0591653709124,88.09
2025-11-27 10:00:00+01:00,124.67657194750895,103.09
2025-11-27 10:15:00+01:00,109.8492269199181,87.54
2025-11-27 10:30:00+01:00,98.92540122194802,86.49
2025-11-27 10:45:00+01:00,81.57041379036339,86.67
2025-11-27 11:00:00+01:00,110.73713553061737,92.82
2025-11-27 11:15:00+01:00,104.64219161679978,89.39
2025-11-27 11:30:00+01:00,90.53413160019142,86.61
2025-11-27 11:45:00+01:00,85.58603615068142,85.84
2025-11-27 12:00:00+01:00,91.9177342751294,90.38
2025-11-27 12:15:00+01:00,90.10634749599605,85.72
2025-11-27 12:30:00+01:00,91.32176212962118,85.75
2025-11-27 12:45:00+01:00,91.8945546143542,86.4
2025-11-27 13:00:00+01:00,93.18044693856987,86.45
2025-11-27 13:15:00+01:00,95.06618886313888,85.06
2025-11-27 13:30:00+01:00,96.86840027093176,85.32
2025-11-27 13:45:00+01:00,99.82707572467734,86.21
2025-11-27 14:00:00+01:00,93.09130644157298,86.32
2025-11-27 14:15:00+01:00,99.62916824334476,86.52
2025-11-27 14:30:00+01:00,106.43218343711001,90.0
2025-11-27 14:45:00+01:00,123.5686115960537,94.15
2025-11-27 15:00:00+01:00,97.89846241392382,86.61
2025-11-27 15:15:00+01:00,113.54033099094119,88.82
2025-11-27 15:30:00+01:00,135.79934548899837,97.13
2025-11-27 15:45:00+01:00,153.42304224372396,89.84
2025-11-27 16:00:00+01:00,105.09306551830936,94.1
2025-11-27 16:15:00+01:00,112.28556170235962,86.32
2025-11-27 16:30:00+01:00,131.1904556810885,88.21
2025-11-27 16:45:00+01:00,153.65808413044053,93.09
2025-11-27 17:00:00+01:00,100.27426853880384,85.47
2025-11-27 17:15:00+01:00,104.64266478601186,92.01
2025-11-27 17:30:00+01:00,111.58474881350229,100.19
2025-11-27 17:45:00+01:00,142.3143368791424,112.36
2025-11-27 18:00:00+01:00,128.78364392821007,103.57
2025-11-27 18:15:00+01:00,132.62374076202025,99.75
2025-11-27 18:30:00+01:00,136.39727208755312,101.78
2025-11-27 18:45:00+01:00,134.24431242231512,100.47
2025-11-27 19:00:00+01:00,123.520790628645,98.54
2025-11-27 19:15:00+01:00,109.80297670199842,88.66
2025-11-27 19:30:00+01:00,121.9176103875191,85.3
2025-11-27 19:45:00+01:00,91.04517315704896,80.58
2025-11-27 20:00:00+01:00,99.413506734008,91.42
2025-11-27 20:15:00+01:00,86.29153294480052,90.83
2025-11-27 20:30:00+01:00,66.38571562238934,82.01
2025-11-27 20:45:00+01:00,57.461434295767546,77.33
2025-11-27 21:00:00+01:00,90.66313568257539,88.62
2025-11-27 21:15:00+01:00,74.33162245350341,75.77
2025-11-27 21:30:00+01:00,67.03116059950273,80.57
2025-11-27 21:45:00+01:00,55.87262402041309,77.54
2025-11-27 22:00:00+01:00,80.10445240650816,90.43
2025-11-27 22:15:00+01:00,70.33273810177019,83.69
2025-11-27 22:30:00+01:00,64.37571951480925,87.03
2025-11-27 22:45:00+01:00,53.77564106230422,79.27
2025-11-27 23:00:00+01:00,70.70803044010327,84.9
2025-11-27 23:15:00+01:00,60.92431093693013,74.68
2025-11-27 23:30:00+01:00,54.18232364802702,66.89
2025-11-27 23:45:00+01:00,18.767543620133154,51.36
2025-11-28 00:00:00+01:00,75.57655406664043,70.39
2025-11-28 00:15:00+01:00,66.38525025443556,65.07
2025-11-28 00:30:00+01:00,64.27666787486311,55.81
2025-11-28 00:45:00+01:00,59.27422993846835,52.09
2025-11-28 01:00:00+01:00,69.06929937558894,65.16
2025-11-28 01:15:00+01:00,64.11025746299823,52.5
2025-11-28 01:30:00+01:00,62.6545269245962,53.72
2025-11-28 01:45:00+01:00,60.089783084669236,48.62
2025-11-28 02:00:00+01:00,64.92824262648628,54.94
2025-11-28 02:15:00+01:00,61.63805282495678,53.41
2025-11-28 02:30:00+01:00,62.27898635106381,52.71
2025-11-28 02:45:00+01:00,61.544000534526475,50.66
2025-11-28 03:00:00+01:00,61.48413012964835,46.88
2025-11-28 03:15:00+01:00,61.095170360620195,48.21
2025-11-28 03:30:00+01:00,61.76254239993636,47.88
2025-11-28 03:45:00+01:00,60.0822893733196,48.56
2025-11-28 04:00:00+01:00,57.54625104292335,52.1
2025-11-28 04:15:00+01:00,58.61701838269218,51.42
2025-11-28 04:30:00+01:00,61.65864843646239,60.07
2025-11-28 04:45:00+01:00,64.32873412773772,69.91
2025-11-28 05:00:00+01:00,55.46219632520797,51.5
2025-11-28 05:15:00+01:00,62.18657522049408,54.6
2025-11-28 05:30:00+01:00,71.65036631282787,59.93
2025-11-28 05:45:00+01:00,79.24736776438942,78.13
2025-11-28 06:00:00+01:00,67.48761378282029,63.73
2025-11-28 06:15:00+01:00,81.59428357009168,78.11
2025-11-28 06:30:00+01:00,87.93795478733496,87.33
2025-11-28 06:45:00+01:00,108.51738866055781,102.28
2025-11-28 07:00:00+01:00,101.77627394589278,78.23
2025-11-28 07:15:00+01:00,118.10734573064671,90.96
2025-11-28 07:30:00+01:00,102.95314361312879,95.0
2025-11-28 07:45:00+01:00,121.47496232058622,87.09
2025-11-28 08:00:00+01:00,139.77330625247419,102.89
2025-11-28 08:15:00+01:00,128.9902268569012,98.63
2025-11-28 08:30:00+01:00,111.69785886225061,100.37
2025-11-28 08:45:00+01:00,94.66216316366616,100.01
2025-11-28 09:00:00+01:00,121.53623425734858,114.3
2025-11-28 09:15:00+01:00,108.5045136415255,102.25
2025-11-28 09:30:00+01:00,102.52705259387952,100.1
2025-11-28 09:45:00+01:00,88.20358517338111,96.95
2025-11-28 10:00:00+01:00,107.06545873988986,102.24
2025-11-28 10:15:00+01:00,95.20626700443789,96.07
2025-11-28 10:30:00+01:00,84.85815029543502,97.01
2025-11-28 10:45:00+01:00,79.58283533225892,96.06
2025-11-28 11:00:00+01:00,102.0091298922591,104.5
2025-11-28 11:15:00+01:00,95.67757124595185,102.98
2025-11-28 11:30:00+01:00,90.90669538986785,102.83
2025-11-28 11:45:00+01:00,86.57070793065887,100.97
2025-11-28 12:00:00+01:00,94.27116448888899,94.73
2025-11-28 12:15:00+01:00,93.28292443185273,94.2
2025-11-28 12:30:00+01:00,98.17010356741238,102.74
2025-11-28 12:45:00+01:00,100.37936666492072,103.18
2025-11-28 13:00:00+01:00,99.42450901461163,97.56
2025-11-28 13:15:00+01:00,106.94339655881107,99.96
2025-11-28 13:30:00+01:00,108.69369347359307,100.96
2025-11-28 13:45:00+01:00,108.52770024908654,99.32
2025-11-28 14:00:00+01:00,101.97114163854465,92.35
2025-11-28 14:15:00+01:00,111.10595401419873,94.54
2025-11-28 14:30:00+01:00,114.30271472134243,102.32
2025-11-28 14:45:00+01:00,125.14005299711741,105.95
2025-11-28 15:00:00+01:00,105.71772577922522,94.63
2025-11-28 15:15:00+01:00,112.8767650702923,104.02
2025-11-28 15:30:00+01:00,119.32884192475024,117.63
2025-11-28 15:45:00+01:00,137.97823580287132,102.4
2025-11-28 16:00:00+01:00,134.8558586798049,106.13
2025-11-28 16:15:00+01:00,136.24392504807713,103.0
2025-11-28 16:30:00+01:00,141.18681887835163,101.42
2025-11-28 16:45:00+01:00,164.36896908634765,103.05
2025-11-28 17:00:00+01:00,150.77466480134342,94.32
2025-11-28 17:15:00+01:00,138.14147805488145,96.95
2025-11-28 17:30:00+01:00,144.1135554571749,96.47
2025-11-28 17:45:00+01:00,147.8930714004582,96.89
2025-11-28 18:00:00+01:00,133.2075144055533,101.04
2025-11-28 18:15:00+01:00,131.17537400177605,95.41
2025-11-28 18:30:00+01:00,128.550154197018,98.03
2025-11-28 18:45:00+01:00,129.89531536194565,98.02
2025-11-28 19:00:00+01:00,135.2938398994564,102.32
2025-11-28 19:15:00+01:00,135.54341547437733,96.1
2025-11-28 19:30:00+01:00,126.7070880446539,91.57
2025-11-28 19:45:00+01:00,118.35706055618206,83.29
2025-11-28 20:00:00+01:00,118.23683706610909,102.8
2025-11-28 20:15:00+01:00,102.83235666542258,87.62
2025-11-28 20:30:00+01:00,96.10319495973738,85.29
2025-11-28 20:45:00+01:00,89.75394901822153,78.12
2025-11-28 21:00:00+01:00,103.3563430652135,91.34
2025-11-28 21:15:00+01:00,93.11273796644993,89.37
2025-11-28 21:30:00+01:00,86.00445294816969,86.05
2025-11-28 21:45:00+01:00,76.09469023749281,74.88
2025-11-28 22:00:00+01:00,96.86674747122342,91.61
2025-11-28 22:15:00+01:00,89.55105436799684,84.73
2025-11-28 22:30:00+01:00,84.85614301923239,88.43
2025-11-28 22:45:00+01:00,74.56702629118101,77.41
2025-11-28 23:00:00+01:00,88.07674225698094,85.83
2025-11-28 23:15:00+01:00,77.34207511034143,77.69
2025-11-28 23:30:00+01:00,72.86245857827461,75.84
2025-11-28 23:45:00+01:00,63.22413610004402,71.96
2025-11-29 00:00:00+01:00,80.63638580938962,95.22
2025-11-29 00:15:00+01:00,77.39120904008766,83.55
2025-11-29 00:30:00+01:00,72.850152062662,77.91
2025-11-29 00:45:00+01:00,70.23380444886415,70.24
2025-11-29 01:00:00+01:00,74.54420176611336,83.48
2025-11-29 01:15:00+01:00,71.666964535659,78.65
2025-11-29 01:30:00+01:00,71.4461551591256,80.62
2025-11-29 01:45:00+01:00,68.9205009340377,80.84
2025-11-29 02:00:00+01:00,70.68152522125617,84.28
2025-11-29 02:15:00+01:00,69.7734495586864,83.11
2025-11-29 02:30:00+01:00,71.43685952642305,78.97
2025-11-29 02:45:00+01:00,70.2626616948364,78.98
2025-11-29 03:00:00+01:00,70.8852718458451,84.07
2025-11-29 03:15:00+01:00,70.05019415334559,80.89
2025-11-29 03:30:00+01:00,70.42054067691755,82.18
2025-11-29 03:45:00+01:00,69.13292236516529,83.09
2025-11-29 04:00:00+01:00,68.78779894414332,83.02
2025-11-29 04:15:00+01:00,69.70542523900878,85.4
2025-11-29 04:30:00+01:00,71.84916237720638,86.79
2025-11-29 04:45:00+01:00,73.16794247159567,87.58
2025-11-29 05:00:00+01:00,71.4244893977175,90.25
2025-11-29 05:15:00+01:00,74.17594023373304,91.88
2025-11-29 05:30:00+01:00,76.95053186579707,84.93
2025-11-29 05:45:00+01:00,79.7836136352945,92.93
2025-11-29 06:00:00+01:00,66.35613628431709,81.1
2025-11-29 06:15:00+01:00,72.44737228557787,87.26
2025-11-29 06:30:00+01:00,76.30086628881153,93.64
2025-11-29 06:45:00+01:00,91.55353909799621,101.55
2025-11-29 07:00:00+01:00,79.97554656056195,79.12
2025-11-29 07:15:00+01:00,84.14811232165478,88.55
2025-11-29 07:30:00+01:00,83.70080752458217,104.37
2025-11-29 07:45:00+01:00,91.09484027242365,112.66
2025-11-29 08:00:00+01:00,99.41593763125772,92.7
2025-11-29 08:15:00+01:00,107.19126052603866,85.78
2025-11-29 08:30:00+01:00,104.61042817902904,89.8
2025-11-29 08:45:00+01:00,92.2437373295497,88.32
2025-11-29 09:00:00+01:00,103.84129855671151,99.87
2025-11-29 09:15:00+01:00,108.16400141925952,101.78
2025-11-29 09:30:00+01:00,109.54704757565318,101.98
2025-11-29 09:45:00+01:00,87.93162107047169,102.7
2025-11-29 10:00:00+01:00,99.08976305734151,109.99
2025-11-29 10:15:00+01:00,90.96684455002882,103.69
2025-11-29 10:30:00+01:00,92.2957932211641,99.74
2025-11-29 10:45:00+01:00,89.49418174557603,92.34
2025-11-29 11:00:00+01:00,93.85574705016805,100.8
2025-11-29 11:15:00+01:00,93.6189912962241,99.76
2025-11-29 11:30:00+01:00,95.42565128047619,94.8
2025-11-29 11:45:00+01:00,92.79500694002645,85.69
2025-11-29 12:00:00+01:00,94.41128174267261,91.03
2025-11-29 12:15:00+01:00,92.43508988687331,85.22
2025-11-29 12:30:00+01:00,91.29772659845165,85.25
2025-11-29 12:45:00+01:00,92.14108976845911,82.89
2025-11-29 13:00:00+01:00,86.39618303466938,93.16
2025-11-29 13:15:00+01:00,90.32754998859704,85.26
2025-11-29 13:30:00+01:00,88.44604006376773,85.52
2025-11-29 13:45:00+01:00,91.12852982543635,87.89
2025-11-29 14:00:00+01:00,85.65788672818496,86.1
2025-11-29 14:15:00+01:00,91.55054913110575,88.82
2025-11-29 14:30:00+01:00,93.4632447667701,93.64
2025-11-29 14:45:00+01:00,98.3858026931418,98.35
2025-11-29 15:00:00+01:00,93.18379587665697,97.31
2025-11-29 15:15:00+01:00,99.40893215696968,107.93
2025-11-29 15:30:00+01:00,104.78913891099359,102.44
2025-11-29 15:45:00+01:00,111.8577494650111,103.21
2025-11-29 16:00:00+01:00,105.15893445764819,91.77
2025-11-29 16:15:00+01:00,111.10584399904103,100.12
2025-11-29 16:30:00+01:00,116.950536580402,104.57
2025-11-29 16:45:00+01:00,121.55867636799177,114.12
2025-11-29 17:00:00+01:00,121.25099934780442,107.43
2025-11-29 17:15:00+01:00,117.22575907303737,109.38
2025-11-29 17:30:00+01:00,118.93656532660744,108.14
2025-11-29 17:45:00+01:00,118.63877730878929,103.39
2025-11-29 18:00:00+01:00,115.39301912165595,107.41
2025-11-29 18:15:00+01:00,112.19957975371216,98.0
2025-11-29 18:30:00+01:00,102.29152817104668,95.02
2025-11-29 18:45:00+01:00,98.05006022662249,92.09
2025-11-29 19:00:00+01:00,104.56855253297987,92.17
2025-11-29 19:15:00+01:00,97.17700295562905,89.88
2025-11-29 19:30:00+01:00,91.9020490105236,85.61
2025-11-29 19:45:00+01:00,88.3465206183804,86.06
2025-11-29 20:00:00+01:00,93.2952222624845,89.88
2025-11-29 20:15:00+01:00,82.66754988320784,83.11
2025-11-29 20:30:00+01:00,85.29770594995364,76.91
2025-11-29 20:45:00+01:00,79.05255424033567,74.55
2025-11-29 21:00:00+01:00,91.3123068558715,85.61
2025-11-29 21:15:00+01:00,82.47192039470804,82.58
2025-11-29 21:30:00+01:00,81.46950558584567,78.31
2025-11-29 21:45:00+01:00,77.0872737936034,76.7
2025-11-29 22:00:00+01:00,94.60735361777905,86.95
2025-11-29 22:15:00+01:00,88.67373961369798,83.91
2025-11-29 22:30:00+01:00,85.75450516572266,86.43
2025-11-29 22:45:00+01:00,78.52831469203952,76.67
2025-11-29 23:00:00+01:00,86.92198954585461,83.1
2025-11-29 23:15:00+01:00,79.4705140178078,76.95
2025-11-29 23:30:00+01:00,76.33752643501833,76.0
2025-11-29 23:45:00+01:00,68.82248245205366,74.86
2025-11-30 00:00:00+01:00,79.67031404563603,84.65
2025-11-30 00:15:00+01:00,76.27190185138664,78.22
2025-11-30 00:30:00+01:00,73.1961353977336,71.64
2025-11-30 00:45:00+01:00,70.93208062418157,69.38
2025-11-30 01:00:00+01:00,77.06594681154685,74.13
2025-11-30 01:15:00+01:00,75.47439713395626,68.56
2025-11-30 01:30:00+01:00,70.97799406184176,68.38
2025-11-30 01:45:00+01:00,69.51002463059473,68.06
2025-11-30 02:00:00+01:00,72.58896421172591,69.34
2025-11-30 02:15:00+01:00,71.56216985132053,68.74
2025-11-30 02:30:00+01:00,70.43797938585676,67.74
2025-11-30 02:45:00+01:00,69.05211853226017,63.93
2025-11-30 03:00:00+01:00,68.61949703921567,68.56
2025-11-30 03:15:00+01:00,67.62048257701562,67.03
2025-11-30 03:30:00+01:00,66.99719973120331,65.14
2025-11-30 03:45:00+01:00,65.88531060929594,60.69
2025-11-30 04:00:00+01:00,67.19428781842521,65.55
2025-11-30 04:15:00+01:00,67.48458594366852,67.09
2025-11-30 04:30:00+01:00,68.13384908077991,68.7
2025-11-30 04:45:00+01:00,69.29845580449096,66.66
2025-11-30 05:00:00+01:00,69.38137662666402,72.04
2025-11-30 05:15:00+01:00,72.07718526173821,71.48
2025-11-30 05:30:00+01:00,73.05466544534605,75.74
2025-11-30 05:45:00+01:00,75.27520962794658,77.91
2025-11-30 06:00:00+01:00,62.80708118130201,71.32
2025-11-30 06:15:00+01:00,72.3266704903594,72.86
2025-11-30 06:30:00+01:00,73.0306145902585,77.18
2025-11-30 06:45:00+01:00,85.24239512003176,80.95
2025-11-30 07:00:00+01:00,80.88526154723168,72.4
2025-11-30 07:15:00+01:00,88.75459292296908,71.46
2025-11-30 07:30:00+01:00,88.77284082516978,77.91
2025-11-30 07:45:00+01:00,91.76524209230666,82.13
2025-11-30 08:00:00+01:00,90.87028104910108,75.79
2025-11-30 08:15:00+01:00,87.57742520374573,83.06
2025-11-30 08:30:00+01:00,94.1185899220649,79.77
2025-11-30 08:45:00+01:00,84.39330164833582,80.74
2025-11-30 09:00:00+01:00,100.2120146725014,82.06
2025-11-30 09:15:00+01:00,92.09038052200148,82.4
2025-11-30 09:30:00+01:00,93.00688676283079,82.0
2025-11-30 09:45:00+01:00,89.16580026684815,76.14
2025-11-30 10:00:00+01:00,92.6037205451965,87.79
2025-11-30 10:15:00+01:00,83.94057307141071,85.1
2025-11-30 10:30:00+01:00,82.1487971143066,83.74
2025-11-30 10:45:00+01:00,81.49401113857428,81.06
2025-11-30 11:00:00+01:00,82.87558749826587,77.9
2025-11-30 11:15:00+01:00,82.75051997501852,80.16
2025-11-30 11:30:00+01:00,83.4661677545853,84.11
2025-11-30 11:45:00+01:00,83.48759610871541,84.0
2025-11-30 12:00:00+01:00,80.36368737718419,78.81
2025-11-30 12:15:00+01:00,80.13800168431193,76.41
2025-11-30 12:30:00+01:00,81.39838223424083,82.48
2025-11-30 12:45:00+01:00,82.7536290762716,85.08
2025-11-30 13:00:00+01:00,77.83007912508782,77.91
2025-11-30 13:15:00+01:00,78.96344316584316,80.74
2025-11-30 13:30:00+01:00,78.97581307432277,83.68
2025-11-30 13:45:00+01:00,79.82212922638058,87.74
2025-11-30 14:00:00+01:00,78.43901507431117,78.32
2025-11-30 14:15:00+01:00,85.45410217564347,87.18
2025-11-30 14:30:00+01:00,92.21238391555323,89.08
2025-11-30 14:45:00+01:00,93.38043195073266,95.61
2025-11-30 15:00:00+01:00,87.67390307659932,81.82
2025-11-30 15:15:00+01:00,97.05553206065096,88.59
2025-11-30 15:30:00+01:00,101.95603165689886,103.14
2025-11-30 15:45:00+01:00,110.75701820116699,100.76
2025-11-30 16:00:00+01:00,107.2114375393366,82.79
2025-11-30 16:15:00+01:00,110.12298070843427,86.61
2025-11-30 16:30:00+01:00,115.61024338136346,99.94
2025-11-30 16:45:00+01:00,121.68562181411878,101.9
2025-11-30 17:00:00+01:00,118.11233155883954,103.02
2025-11-30 17:15:00+01:00,123.20796880960509,103.09
2025-11-30 17:30:00+01:00,121.75236160570991,105.03
2025-11-30 17:45:00+01:00,124.91057876762002,105.05
2025-11-30 18:00:00+01:00,115.32652325910911,106.37
2025-11-30 18:15:00+01:00,113.01916450482999,105.07
2025-11-30 18:30:00+01:00,114.7530407098498,105.1
2025-11-30 18:45:00+01:00,111.75986856038804,108.31
2025-11-30 19:00:00+01:00,107.62151901710644,103.08
2025-11-30 19:15:00+01:00,99.6540527081134,105.01
2025-11-30 19:30:00+01:00,93.98517534125473,103.28
2025-11-30 19:45:00+01:00,88.57490213493784,105.14
2025-11-30 20:00:00+01:00,99.59249590875429,97.27
2025-11-30 20:15:00+01:00,88.42270337584904,97.7
2025-11-30 20:30:00+01:00,83.10025722036289,96.74
2025-11-30 20:45:00+01:00,77.33818008607824,98.39
2025-11-30 21:00:00+01:00,93.33859138293147,95.94
2025-11-30 21:15:00+01:00,88.40180908125257,96.66
2025-11-30 21:30:00+01:00,85.41633881434002,90.92
2025-11-30 21:45:00+01:00,81.12033555131926,88.2
2025-11-30 22:00:00+01:00,99.21897734735195,95.51
2025-11-30 22:15:00+01:00,90.6743678352686,93.93
2025-11-30 22:30:00+01:00,87.20439921757998,91.64
2025-11-30 22:45:00+01:00,81.65687969374022,89.31
2025-11-30 23:00:00+01:00,88.28276613721091,88.51
2025-11-30 23:15:00+01:00,81.81413783044295,86.44
2025-11-30 23:30:00+01:00,78.82219699143354,87.27
2025-11-30 23:45:00+01:00,73.67861699025258,86.29
2025-12-01 00:00:00+01:00,86.64511015116337,90.91
2025-12-01 00:15:00+01:00,83.59718521901286,90.44
2025-12-01 00:30:00+01:00,83.15748684066106,86.29
2025-12-01 00:45:00+01:00,81.93391478911684,84.34
2025-12-01 01:00:00+01:00,82.0490894310093,90.79
2025-12-01 01:15:00+01:00,80.74319803460554,85.05
2025-12-01 01:30:00+01:00,80.38223950738758,85.46
2025-12-01 01:45:00+01:00,79.10338323239199,82.79
2025-12-01 02:00:00+01:00,79.36678373343905,85.03
2025-12-01 02:15:00+01:00,78.82121185538753,81.35
2025-12-01 02:30:00+01:00,78.49153899910323,78.91
2025-12-01 02:45:00+01:00,78.07365804407962,80.07
2025-12-01 03:00:00+01:00,77.66081018051528,86.29
2025-12-01 03:15:00+01:00,77.1484649828233,85.02
2025-12-01 03:30:00+01:00,76.47003878351009,82.8
2025-12-01 03:45:00+01:00,75.34797409134455,86.45
2025-12-01 04:00:00+01:00,76.65106249951506,80.08
2025-12-01 04:15:00+01:00,76.64942548678863,81.32
2025-12-01 04:30:00+01:00,77.43094792986058,76.83
2025-12-01 04:45:00+01:00,78.71447122921052,82.8
2025-12-01 05:00:00+01:00,81.25283343184209,81.36
2025-12-01 05:15:00+01:00,83.08266369125514,79.44
2025-12-01 05:30:00+01:00,85.30832819765145,90.9
2025-12-01 05:45:00+01:00,89.08277002590609,103.28
2025-12-01 06:00:00+01:00,79.89890135717896,77.9
2025-12-01 06:15:00+01:00,95.28096743710087,81.33
2025-12-01 06:30:00+01:00,102.09519882252616,92.36
2025-12-01 06:45:00+01:00,119.42429347179862,102.91
2025-12-01 07:00:00+01:00,112.6730469425731,119.01
2025-12-01 07:15:00+01:00,114.37426688681312,119.06
2025-12-01 07:30:00+01:00,121.70172081569639,130.98
2025-12-01 07:45:00+01:00,120.83400988021778,142.39
2025-12-01 08:00:00+01:00,138.86889686002903,170.36
2025-12-01 08:15:00+01:00,131.17045148319403,146.72
2025-12-01 08:30:00+01:00,121.88189553559306,122.86
2025-12-01 08:45:00+01:00,111.0246468750421,117.39
2025-12-01 09:00:00+01:00,125.93350393903529,117.0
2025-12-01 09:15:00+01:00,125.50539561669706,112.59
2025-12-01 09:30:00+01:00,121.3864896023019,104.5
2025-12-01 09:45:00+01:00,110.0846427553445,86.29
2025-12-01 10:00:00+01:00,121.41098166292484,97.71
2025-12-01 10:15:00+01:00,116.49244068034051,95.05
2025-12-01 10:30:00+01:00,111.88965174537059,95.02
2025-12-01 10:45:00+01:00,112.90523233389408,87.15
2025-12-01 11:00:00+01:00,116.3463936683746,90.58
2025-12-01 11:15:00+01:00,118.931955482127,86.3
2025-12-01 11:30:00+01:00,115.52069913545911,83.32
2025-12-01 11:45:00+01:00,115.53476842201704,83.64
2025-12-01 12:00:00+01:00,109.05099319858132,86.29
2025-12-01 12:15:00+01:00,105.00827523525174,81.4
2025-12-01 12:30:00+01:00,107.07901209677135,84.9
2025-12-01 12:45:00+01:00,118.77778256084731,87.48
2025-12-01 13:00:00+01:00,110.78650180334174,86.19
2025-12-01 13:15:00+01:00,115.73144077815004,86.98
2025-12-01 13:30:00+01:00,111.0243466852463,89.91
2025-12-01 13:45:00+01:00,112.32205642303337,97.2
2025-12-01 14:00:00+01:00,98.25392020680351,98.21
2025-12-01 14:15:00+01:00,108.21490537894326,106.89
2025-12-01 14:30:00+01:00,109.9027940101268,114.77
2025-12-01 14:45:00+01:00,117.72466626398523,109.0
2025-12-01 15:00:00+01:00,113.09754470912043,117.43
2025-12-01 15:15:00+01:00,117.99365241518498,122.89
2025-12-01 15:30:00+01:00,120.59022446175099,126.75
2025-12-01 15:45:00+01:00,126.68951939496432,114.22
2025-12-01 16:00:00+01:00,136.05243562209967,118.92
2025-12-01 16:15:00+01:00,128.24504990174995,119.94
2025-12-01 16:30:00+01:00,128.06611311054678,112.45
2025-12-01 16:45:00+01:00,136.4681234512511,100.55
2025-12-01 17:00:00+01:00,128.07109856288417,89.91
2025-12-01 17:15:00+01:00,131.24289697221835,97.82
2025-12-01 17:30:00+01:00,123.07997390953,100.56
2025-12-01 17:45:00+01:00,118.81290371438332,89.36
2025-12-01 18:00:00+01:00,127.29438125351736,86.91
2025-12-01 18:15:00+01:00,124.02727359882397,89.7
2025-12-01 18:30:00+01:00,120.8020808516304,91.08
2025-12-01 18:45:00+01:00,117.77941558460749,88.28
2025-12-01 19:00:00+01:00,116.96599517074722,95.08
2025-12-01 19:15:00+01:00,99.22398582019953,85.38
2025-12-01 19:30:00+01:00,96.04377508416488,85.91
2025-12-01 19:45:00+01:00,98.45823629403262,80.7
2025-12-01 20:00:00+01:00,96.92935925378461,91.99
2025-12-01 20:15:00+01:00,88.0805150367567,84.07
2025-12-01 20:30:00+01:00,86.62247717932519,75.91
2025-12-01 20:45:00+01:00,79.59561699402882,77.23
2025-12-01 21:00:00+01:00,91.2884837203205,86.86
2025-12-01 21:15:00+01:00,83.23019347530702,80.98
2025-12-01 21:30:00+01:00,84.07939507311968,69.87
2025-12-01 21:45:00+01:00,75.14403528277026,66.09
2025-12-01 22:00:00+01:00,94.02960051641793,84.08
2025-12-01 22:15:00+01:00,82.86662850389983,72.56
2025-12-01 22:30:00+01:00,81.59849336557483,79.69
2025-12-01 22:45:00+01:00,73.22476273074733,69.39
2025-12-01 23:00:00+01:00,82.48165399345385,82.47
2025-12-01 23:15:00+01:00,70.99527116114803,70.76
2025-12-01 23:30:00+01:00,68.10638481286995,71.18
2025-12-01 23:45:00+01:00,60.996087951341295,62.8
2025-12-02 00:00:00+01:00,77.90231226154454,74.08
2025-12-02 00:15:00+01:00,70.29729481164932,69.92
2025-12-02 00:30:00+01:00,69.02656987929174,63.16
2025-12-02 00:45:00+01:00,62.98226054267825,55.95
2025-12-02 01:00:00+01:00,71.17409095456976,65.41
2025-12-02 01:15:00+01:00,68.34163908649289,58.49
2025-12-02 01:30:00+01:00,64.70046327568612,56.59
2025-12-02 01:45:00+01:00,63.102098765841006,54.79
2025-12-02 02:00:00+01:00,65.81327047762473,55.08
2025-12-02 02:15:00+01:00,65.6294165987265,54.24
2025-12-02 02:30:00+01:00,63.155779551997945,54.69
2025-12-02 02:45:00+01:00,61.48970783924427,55.73
2025-12-02 03:00:00+01:00,62.690240159157725,55.16
2025-12-02 03:15:00+01:00,60.874254495712,53.71
2025-12-02 03:30:00+01:00,60.297436222942835,54.16
2025-12-02 03:45:00+01:00,58.75827881157073,51.9
2025-12-02 04:00:00+01:00,59.67638774136783,48.96
2025-12-02 04:15:00+01:00,60.72630065655417,49.78
2025-12-02 04:30:00+01:00,61.841404062198436,51.02
2025-12-02 04:45:00+01:00,64.30631026092539,52.11
2025-12-02 05:00:00+01:00,59.924358518059776,50.29
2025-12-02 05:15:00+01:00,66.6378071036862,59.31
2025-12-02 05:30:00+01:00,72.5283739814164,69.17
2025-12-02 05:45:00+01:00,80.48881075507111,79.57
2025-12-02 06:00:00+01:00,64.2497745162258,62.56
2025-12-02 06:15:00+01:00,82.28337490170249,76.7
2025-12-02 06:30:00+01:00,89.45629874245158,90.05
2025-12-02 06:45:00+01:00,108.11605237035064,84.74
2025-12-02 07:00:00+01:00,96.3010562491405,74.21
2025-12-02 07:15:00+01:00,108.26602756215816,80.8
2025-12-02 07:30:00+01:00,115.16257558949417,92.82
2025-12-02 07:45:00+01:00,108.1619041916711,103.32
2025-12-02 08:00:00+01:00,130.50798357662913,84.2
2025-12-02 08:15:00+01:00,123.03795255244854,87.9
2025-12-02 08:30:00+01:00,118.57057660908322,88.12
2025-12-02 08:45:00+01:00,111.32246475412094,90.38
2025-12-02 09:00:00+01:00,127.06415061843916,88.79
2025-12-02 09:15:00+01:00,116.23219276481012,89.98
2025-12-02 09:30:00+01:00,118.21348374904905,89.16
2025-12-02 09:45:00+01:00,106.52210237160025,85.19
2025-12-02 10:00:00+01:00,117.23327502239445,87.61
2025-12-02 10:15:00+01:00,105.22640277949606,85.38
2025-12-02 10:30:00+01:00,100.46758125377792,84.61
2025-12-02 10:45:00+01:00,97.31849069963063,85.73
2025-12-02 11:00:00+01:00,108.87768193531997,85.07
2025-12-02 11:15:00+01:00,103.9406259350909,85.2
2025-12-02 11:30:00+01:00,105.69789010361883,87.84
2025-12-02 11:45:00+01:00,102.14026797632164,88.78
2025-12-02 12:00:00+01:00,98.46703799031471,87.01
2025-12-02 12:15:00+01:00,99.14703535379051,86.99
2025-12-02 12:30:00+01:00,102.99907691826465,87.58
2025-12-02 12:45:00+01:00,104.04729951394692,88.21
2025-12-02 13:00:00+01:00,106.17873915557263,94.84
2025-12-02 13:15:00+01:00,111.36977809003673,91.79
2025-12-02 13:30:00+01:00,113.01740381651095,94.84
2025-12-02 13:45:00+01:00,120.86435231620518,106.67
2025-12-02 14:00:00+01:00,103.4959713114894,84.49
2025-12-02 14:15:00+01:00,112.7731815218869,86.75
2025-12-02 14:30:00+01:00,130.9300439250868,116.52
2025-12-02 14:45:00+01:00,149.19426916192526,132.27
2025-12-02 15:00:00+01:00,117.79357323500832,122.27
2025-12-02 15:15:00+01:00,139.81660035915584,137.87
2025-12-02 15:30:00+01:00,151.92814458638213,150.35
2025-12-02 15:45:00+01:00,161.59908563090914,150.99
2025-12-02 16:00:00+01:00,124.64237703356852,130.07
2025-12-02 16:15:00+01:00,145.44124094501638,126.39
2025-12-02 16:30:00+01:00,164.2912909050767,136.63
2025-12-02 16:45:00+01:00,174.39336915041957,152.27
2025-12-02 17:00:00+01:00,129.98960218717164,142.01
2025-12-02 17:15:00+01:00,148.59763880222235,152.91
2025-12-02 17:30:00+01:00,162.0425241015644,157.84
2025-12-02 17:45:00+01:00,181.42750459721682,153.8
2025-12-02 18:00:00+01:00,148.8778696257829,154.72
2025-12-02 18:15:00+01:00,145.5269913449683,153.97
2025-12-02 18:30:00+01:00,178.14390494168987,160.89
2025-12-02 18:45:00+01:00,175.05090315014414,178.99
2025-12-02 19:00:00+01:00,202.88777607175606,165.42
2025-12-02 19:15:00+01:00,186.1746160865235,157.12
2025-12-02 19:30:00+01:00,178.93474446430895,172.28
2025-12-02 19:45:00+01:00,159.24781363206003,157.99
2025-12-02 20:00:00+01:00,171.17537974847082,181.42
2025-12-02 20:15:00+01:00,146.12379763838055,160.01
2025-12-02 20:30:00+01:00,129.00711902449513,147.98
2025-12-02 20:45:00+01:00,116.05633233506262,130.13
2025-12-02 21:00:00+01:00,126.42902228934179,140.25
2025-12-02 21:15:00+01:00,114.77224422289902,135.99
2025-12-02 21:30:00+01:00,109.30154447253238,127.03
2025-12-02 21:45:00+01:00,99.89379385246701,114.12
2025-12-02 22:00:00+01:00,114.05006935331022,129.63
2025-12-02 22:15:00+01:00,110.29533859361163,122.53
2025-12-02 22:30:00+01:00,106.71868839945246,116.06
2025-12-02 22:45:00+01:00,99.74550032109883,108.67
2025-12-02 23:00:00+01:00,106.10588487169242,108.06
2025-12-02 23:15:00+01:00,96.57054974723908,105.04
2025-12-02 23:30:00+01:00,93.1747308714323,96.24
2025-12-02 23:45:00+01:00,91.51573970998936,87.21
2025-12-03 00:00:00+01:00,103.0769488760046,92.22
2025-12-03 00:15:00+01:00,96.24340912994982,89.98
2025-12-03 00:30:00+01:00,94.69168296125434,90.88
2025-12-03 00:45:00+01:00,91.2587775308159,90.26
2025-12-03 01:00:00+01:00,98.5834275560404,87.22
2025-12-03 01:15:00+01:00,92.61154701552393,86.51
2025-12-03 01:30:00+01:00,89.8199671367586,91.3
2025-12-03 01:45:00+01:00,88.42138906168067,91.26
2025-12-03 02:00:00+01:00,96.98997448785263,89.98
2025-12-03 02:15:00+01:00,89.25332870202304,89.87
2025-12-03 02:30:00+01:00,90.06945153816811,90.64
2025-12-03 02:45:00+01:00,87.84151602057133,90.54
2025-12-03 03:00:00+01:00,89.80871400507944,91.39
2025-12-03 03:15:00+01:00,88.07743678795978,90.75
2025-12-03 03:30:00+01:00,87.58932954417728,88.66
2025-12-03 03:45:00+01:00,87.04678570196025,88.71
2025-12-03 04:00:00+01:00,86.41371840178337,90.24
2025-12-03 04:15:00+01:00,87.13945150884506,89.02
2025-12-03 04:30:00+01:00,88.38725817570037,89.89
2025-12-03 04:45:00+01:00,94.00950763893219,90.93
2025-12-03 05:00:00+01:00,87.72848406579308,89.37
2025-12-03 05:15:00+01:00,90.70348465249371,90.83
2025-12-03 05:30:00+01:00,96.73013169097425,99.82
2025-12-03 05:45:00+01:00,102.55058592709182,115.9
2025-12-03 06:00:00+01:00,104.19362332931317,111.45
2025-12-03 06:15:00+01:00,112.84294605950907,131.89
2025-12-03 06:30:00+01:00,124.24460906008213,160.34
2025-12-03 06:45:00+01:00,137.44121443207996,200.1
2025-12-03 07:00:00+01:00,137.720496145809,153.9
2025-12-03 07:15:00+01:00,152.60344447218708,184.0
2025-12-03 07:30:00+01:00,165.74443163873616,236.0
2025-12-03 07:45:00+01:00,169.48345389115087,226.1
2025-12-03 08:00:00+01:00,198.92108195615629,236.03
2025-12-03 08:15:00+01:00,188.04500022434465,260.8
2025-12-03 08:30:00+01:00,169.2755446962143,270.09
2025-12-03 08:45:00+01:00,151.01775028449543,233.07
2025-12-03 09:00:00+01:00,184.04999117128148,263.7
2025-12-03 09:15:00+01:00,169.87226662151164,240.76
2025-12-03 09:30:00+01:00,149.85622039031188,187.07
2025-12-03 09:45:00+01:00,128.47343699812194,188.03
2025-12-03 10:00:00+01:00,199.73162664518338,209.82
2025-12-03 10:15:00+01:00,160.28025849021614,184.12
2025-12-03 10:30:00+01:00,151.90505379531243,178.24
2025-12-03 10:45:00+01:00,138.27987120875514,176.54
2025-12-03 11:00:00+01:00,172.20827860746925,176.76
2025-12-03 11:15:00+01:00,167.03104099496085,172.13
2025-12-03 11:30:00+01:00,162.36052016086586,170.79
2025-12-03 11:45:00+01:00,160.04312916847323,173.81
2025-12-03 12:00:00+01:00,164.6671306585199,165.0
2025-12-03 12:15:00+01:00,162.99226244353287,157.01
2025-12-03 12:30:00+01:00,163.6128471797055,169.05
2025-12-03 12:45:00+01:00,162.76266596435926,179.84
2025-12-03 13:00:00+01:00,161.29893488273294,171.62
2025-12-03 13:15:00+01:00,164.0635250899508,175.55
2025-12-03 13:30:00+01:00,157.05655908880243,188.46
2025-12-03 13:45:00+01:00,162.5507694804325,190.0
2025-12-03 14:00:00+01:00,155.7706106638392,176.28
2025-12-03 14:15:00+01:00,163.3565107265534,190.0
2025-12-03 14:30:00+01:00,172.85838265532118,220.0
2025-12-03 14:45:00+01:00,187.97516013183315,213.47
2025-12-03 15:00:00+01:00,165.37349632252165,194.49
2025-12-03 15:15:00+01:00,182.30430191915556,214.67
2025-12-03 15:30:00+01:00,198.05703737856118,268.25
2025-12-03 15:45:00+01:00,200.38605338726808,292.84
2025-12-03 16:00:00+01:00,206.73503614140606,239.89
2025-12-03 16:15:00+01:00,212.260680778966,304.99
2025-12-03 16:30:00+01:00,195.72323292187633,330.24
2025-12-03 16:45:00+01:00,200.22455244047288,358.28
2025-12-03 17:00:00+01:00,167.33311776910864,276.81
2025-12-03 17:15:00+01:00,177.61634543279513,288.07
2025-12-03 17:30:00+01:00,189.80563737827873,254.45
2025-12-03 17:45:00+01:00,196.36273985834293,219.08
2025-12-03 18:00:00+01:00,170.28646796670188,219.69
2025-12-03 18:15:00+01:00,189.26601301901397,220.59
2025-12-03 18:30:00+01:00,196.3529759249593,197.5
2025-12-03 18:45:00+01:00,207.49101799053952,178.7
2025-12-03 19:00:00+01:00,226.35771622749948,202.14
2025-12-03 19:15:00+01:00,205.4153868978437,175.13
2025-12-03 19:30:00+01:00,193.62752399249658,161.16
2025-12-03 19:45:00+01:00,176.08181238319114,152.08
2025-12-03 20:00:00+01:00,173.31573985536613,173.3
2025-12-03 20:15:00+01:00,150.4899907126499,151.23
2025-12-03 20:30:00+01:00,132.90451459324447,135.8
2025-12-03 20:45:00+01:00,120.59159716436692,124.63
2025-12-03 21:00:00+01:00,134.46111760144032,140.13
2025-12-03 21:15:00+01:00,117.33735133710891,133.67
2025-12-03 21:30:00+01:00,110.69889279329372,117.18
2025-12-03 21:45:00+01:00,100.49566582001952,108.32
2025-12-03 22:00:00+01:00,117.07672764157104,128.84
2025-12-03 22:15:00+01:00,110.8992449370554,117.17
2025-12-03 22:30:00+01:00,105.54459631642212,106.77
2025-12-03 22:45:00+01:00,97.73363749508383,100.84
2025-12-03 23:00:00+01:00,105.03241634818987,116.78
2025-12-03 23:15:00+01:00,97.63251874780126,105.61
2025-12-03 23:30:00+01:00,94.26619896326153,99.72
2025-12-03 23:45:00+01:00,87.24335511554378,94.43
2025-12-04 00:00:00+01:00,109.19017960887518,100.72
2025-12-04 00:15:00+01:00,100.62794361973403,99.64
2025-12-04 00:30:00+01:00,96.89523417423236,96.84
2025-12-04 00:45:00+01:00,92.04977858765622,92.33
2025-12-04 01:00:00+01:00,98.7023956224331,99.99
2025-12-04 01:15:00+01:00,94.13752692395954,95.23
2025-12-04 01:30:00+01:00,93.02683901382527,91.26
2025-12-04 01:45:00+01:00,91.15907912904134,89.05
2025-12-04 02:00:00+01:00,92.04466930661451,93.32
2025-12-04 02:15:00+01:00,92.81227574214077,89.9
2025-12-04 02:30:00+01:00,90.97547187429493,89.5
2025-12-04 02:45:00+01:00,89.69779521734259,90.61
2025-12-04 03:00:00+01:00,91.7842031217563,92.25
2025-12-04 03:15:00+01:00,89.53455308188062,90.52
2025-12-04 03:30:00+01:00,88.38795242898654,89.91
2025-12-04 03:45:00+01:00,87.26104258657888,88.75
2025-12-04 04:00:00+01:00,87.0030490374766,89.81
2025-12-04 04:15:00+01:00,87.67327716990306,91.73
2025-12-04 04:30:00+01:00,89.33398146375089,92.82
2025-12-04 04:45:00+01:00,91.82437474605909,94.95
2025-12-04 05:00:00+01:00,89.67131726768265,91.17
2025-12-04 05:15:00+01:00,91.73525473303772,95.63
2025-12-04 05:30:00+01:00,95.96189360687524,99.74
2025-12-04 05:45:00+01:00,101.87080406303899,100.48
2025-12-04 06:00:00+01:00,101.8668361365872,106.86
2025-12-04 06:15:00+01:00,119.68244177740735,108.98
2025-12-04 06:30:00+01:00,127.8570151555852,130.01
2025-12-04 06:45:00+01:00,146.2486321546579,153.61
2025-12-04 07:00:00+01:00,152.52331041533722,129.0
2025-12-04 07:15:00+01:00,170.56110749661772,130.04
2025-12-04 07:30:00+01:00,189.03039741794316,121.66
2025-12-04 07:45:00+01:00,181.42591241376027,132.94
2025-12-04 08:00:00+01:00,204.3631979523986,140.21
2025-12-04 08:15:00+01:00,197.16199858346062,150.0
2025-12-04 08:30:00+01:00,209.11371851608774,148.39
2025-12-04 08:45:00+01:00,158.2346345557135,140.21
2025-12-04 09:00:00+01:00,168.15800359922756,166.1
2025-12-04 09:15:00+01:00,167.9559678244891,169.95
2025-12-04 09:30:00+01:00,154.88731475617868,159.9
2025-12-04 09:45:00+01:00,131.16358477203244,159.99
2025-12-04 10:00:00+01:00,153.11575556651812,136.0
2025-12-04 10:15:00+01:00,131.0145154535187,136.9
2025-12-04 10:30:00+01:00,119.67283754816434,140.21
2025-12-04 10:45:00+01:00,113.92685545486881,140.51
2025-12-04 11:00:00+01:00,126.69162059907057,149.68
2025-12-04 11:15:00+01:00,125.07165476944436,148.16
2025-12-04 11:30:00+01:00,124.03981010511006,145.78
2025-12-04 11:45:00+01:00,121.7891457593841,148.75
2025-12-04 12:00:00+01:00,126.4971868059222,140.99
2025-12-04 12:15:00+01:00,124.74396649143023,136.0
2025-12-04 12:30:00+01:00,127.07092506611691,140.86
2025-12-04 12:45:00+01:00,125.41393693462688,150.0
2025-12-04 13:00:00+01:00,127.98615430360535,142.01
2025-12-04 13:15:00+01:00,130.1794935545605,144.4
2025-12-04 13:30:00+01:00,131.65123019476897,146.32
2025-12-04 13:45:00+01:00,132.86707792823717,148.0
2025-12-04 14:00:00+01:00,134.06094758498625,142.62
2025-12-04 14:15:00+01:00,138.0876462349148,151.16
2025-12-04 14:30:00+01:00,151.37618170914823,158.57
2025-12-04 14:45:00+01:00,171.4272692786856,155.92
2025-12-04 15:00:00+01:00,127.09442347112618,151.66
2025-12-04 15:15:00+01:00,155.60324679152313,160.55
2025-12-04 15:30:00+01:00,174.01853604938105,149.76
2025-12-04 15:45:00+01:00,196.15738961016842,142.0
2025-12-04 16:00:00+01:00,132.43069739573255,152.0
2025-12-04 16:15:00+01:00,152.48687779106064,150.68
2025-12-04 16:30:00+01:00,178.69915699216824,137.81
2025-12-04 16:45:00+01:00,199.16566846258462,140.3
2025-12-04 17:00:00+01:00,161.95553337763104,149.99
2025-12-04 17:15:00+01:00,174.74453797145566,146.13
2025-12-04 17:30:00+01:00,175.18116044918781,141.32
2025-12-04 17:45:00+01:00,176.6963172844365,141.35
2025-12-04 18:00:00+01:00,160.00155587673683,139.32
2025-12-04 18:15:00+01:00,162.44450211337298,138.01
2025-12-04 18:30:00+01:00,156.7804862834024,142.01
2025-12-04 18:45:00+01:00,148.04354721949213,149.99
2025-12-04 19:00:00+01:00,171.24476738142172,150.05
2025-12-04 19:15:00+01:00,157.00326304149766,139.78
2025-12-04 19:30:00+01:00,145.37071061653472,130.0
2025-12-04 19:45:00+01:00,135.03728013730938,120.11
2025-12-04 20:00:00+01:00,144.8498197188697,134.1
2025-12-04 20:15:00+01:00,133.5094993414954,124.04
2025-12-04 20:30:00+01:00,119.5424080312976,111.51
2025-12-04 20:45:00+01:00,110.50971411544612,104.76
2025-12-04 21:00:00+01:00,125.24309794503264,108.35
2025-12-04 21:15:00+01:00,114.33486531512739,106.88
2025-12-04 21:30:00+01:00,106.87500821432492,102.99
2025-12-04 21:45:00+01:00,99.76957561035235,95.19
2025-12-04 22:00:00+01:00,109.85270505180009,113.02
2025-12-04 22:15:00+01:00,103.00117936276628,111.95
2025-12-04 22:30:00+01:00,99.93739048225544,108.71
2025-12-04 22:45:00+01:00,92.77183415860533,102.47
2025-12-04 23:00:00+01:00,98.45914255309854,105.94
2025-12-04 23:15:00+01:00,91.84424167191028,102.46
2025-12-04 23:30:00+01:00,87.35612837695275,96.7
2025-12-04 23:45:00+01:00,79.32646044241304,87.93
2025-12-05 00:00:00+01:00,102.67319483902794,99.6
2025-12-05 00:15:00+01:00,97.60948947269695,98.0
2025-12-05 00:30:00+01:00,94.17472714491161,94.7
2025-12-05 00:45:00+01:00,91.53496002626892,90.67
2025-12-05 01:00:00+01:00,98.56953804378973,97.42
2025-12-05 01:15:00+01:00,94.35340369406646,94.78
2025-12-05 01:30:00+01:00,94.07200634406426,92.79
2025-12-05 01:45:00+01:00,92.65796186262408,90.46
2025-12-05 02:00:00+01:00,98.22750891530038,92.0
2025-12-05 02:15:00+01:00,94.1108153986429,91.83
2025-12-05 02:30:00+01:00,94.00481391254576,91.84
2025-12-05 02:45:00+01:00,93.33963782586017,88.01
2025-12-05 03:00:00+01:00,94.23656817641472,87.67
2025-12-05 03:15:00+01:00,93.38491030992367,89.41
2025-12-05 03:30:00+01:00,93.76927133495576,90.09
2025-12-05 03:45:00+01:00,93.39294148883536,95.1
2025-12-05 04:00:00+01:00,92.26714296504998,90.79
2025-12-05 04:15:00+01:00,94.08374816338073,91.1
2025-12-05 04:30:00+01:00,96.1047020169432,95.78
2025-12-05 04:45:00+01:00,103.09693751569571,98.45
2025-12-05 05:00:00+01:00,93.96876562729528,91.22
2025-12-05 05:15:00+01:00,97.1951439597078,96.11
2025-12-05 05:30:00+01:00,104.01570896328751,102.1
2025-12-05 05:45:00+01:00,112.95867449161159,114.06
2025-12-05 06:00:00+01:00,111.34550878398427,99.16
2025-12-05 06:15:00+01:00,128.29866581963518,114.0
2025-12-05 06:30:00+01:00,146.98991772744318,125.8
2025-12-05 06:45:00+01:00,174.61511876861545,157.0
2025-12-05 07:00:00+01:00,160.99031023373988,152.67
2025-12-05 07:15:00+01:00,186.42288389579045,168.45
2025-12-05 07:30:00+01:00,193.11107605811821,165.13
2025-12-05 07:45:00+01:00,181.38464470548266,163.42
2025-12-05 08:00:00+01:00,208.50827463112938,160.73
2025-12-05 08:15:00+01:00,195.65225530438704,182.13
2025-12-05 08:30:00+01:00,172.5609136728994,198.71
2025-12-05 08:45:00+01:00,149.066895339857,196.16
2025-12-05 09:00:00+01:00,201.5434957983103,197.6
2025-12-05 09:15:00+01:00,177.11667715867233,192.33
2025-12-05 09:30:00+01:00,154.21274066543987,177.47
2025-12-05 09:45:00+01:00,133.08651959157535,169.18
2025-12-05 10:00:00+01:00,178.8399374004082,177.77
2025-12-05 10:15:00+01:00,158.20975999562438,177.74
2025-12-05 10:30:00+01:00,163.89323649050715,168.31
2025-12-05 10:45:00+01:00,163.79895583639302,161.57
2025-12-05 11:00:00+01:00,174.43383736861023,172.43
2025-12-05 11:15:00+01:00,164.38022134432754,168.43
2025-12-05 11:30:00+01:00,166.92464410392753,169.87
2025-12-05 11:45:00+01:00,166.05461541164837,159.33
2025-12-05 12:00:00+01:00,161.95900851897972,166.37
2025-12-05 12:15:00+01:00,157.59339177749885,157.45
2025-12-05 12:30:00+01:00,165.99518623120954,158.61
2025-12-05 12:45:00+01:00,172.39106365108893,163.81
2025-12-05 13:00:00+01:00,155.8821314161712,162.4
2025-12-05 13:15:00+01:00,158.61068739222878,160.04
2025-12-05 13:30:00+01:00,154.13797791605856,157.36
2025-12-05 13:45:00+01:00,157.54867983085595,149.99
2025-12-05 14:00:00+01:00,172.88989324994708,158.7
2025-12-05 14:15:00+01:00,158.24853600461944,155.66
2025-12-05 14:30:00+01:00,160.58197113912007,160.49
2025-12-05 14:45:00+01:00,166.93397720992783,169.86
2025-12-05 15:00:00+01:00,176.90198517990268,158.61
2025-12-05 15:15:00+01:00,180.72050861461418,156.09
2025-12-05 15:30:00+01:00,184.47933981227405,169.87
2025-12-05 15:45:00+01:00,179.86214891266488,164.82
2025-12-05 16:00:00+01:00,181.665115635219,157.91
2025-12-05 16:15:00+01:00,191.67505766539608,171.11
2025-12-05 16:30:00+01:00,181.034687415373,173.9
2025-12-05 16:45:00+01:00,196.11553873598464,175.07
2025-12-05 17:00:00+01:00,179.99088773798576,165.04
2025-12-05 17:15:00+01:00,179.90909586656716,156.7
2025-12-05 17:30:00+01:00,167.5097903464587,162.5
2025-12-05 17:45:00+01:00,171.198675613784,148.98
2025-12-05 18:00:00+01:00,175.67513535837696,161.06
2025-12-05 18:15:00+01:00,171.83797401621305,151.4
2025-12-05 18:30:00+01:00,158.39336057819875,143.79
2025-12-05 18:45:00+01:00,148.78672926576914,132.74
2025-12-05 19:00:00+01:00,169.83613250429315,147.5
2025-12-05 19:15:00+01:00,157.4455579518868,136.3
2025-12-05 19:30:00+01:00,149.56439748343692,130.07
2025-12-05 19:45:00+01:00,140.2935725322511,112.29
2025-12-05 20:00:00+01:00,131.95758238186409,125.69
2025-12-05 20:15:00+01:00,121.11865287566377,122.11
2025-12-05 20:30:00+01:00,111.29619913169648,112.36
2025-12-05 20:45:00+01:00,104.24224120039403,100.44
2025-12-05 21:00:00+01:00,115.25055241411354,107.07
2025-12-05 21:15:00+01:00,104.46875100175737,102.44
2025-12-05 21:30:00+01:00,99.46181455911822,92.41
2025-12-05 21:45:00+01:00,94.50355180902389,88.3
2025-12-05 22:00:00+01:00,104.04904092321478,100.07
2025-12-05 22:15:00+01:00,99.12914496006141,94.71
2025-12-05 22:30:00+01:00,95.64132253606049,90.8
2025-12-05 22:45:00+01:00,88.58292177235032,86.74
2025-12-05 23:00:00+01:00,96.61128218571879,98.57
2025-12-05 23:15:00+01:00,87.44250723760011,88.02
2025-12-05 23:30:00+01:00,84.19106830594208,78.65
2025-12-05 23:45:00+01:00,78.92545089811316,71.25
2025-12-06 00:00:00+01:00,90.5830697661931,94.19
2025-12-06 00:15:00+01:00,85.74329992496655,81.12
2025-12-06 00:30:00+01:00,79.17401159999162,76.96
2025-12-06 00:45:00+01:00,73.85861563787688,76.05
2025-12-06 01:00:00+01:00,84.36943213581509,85.24
2025-12-06 01:15:00+01:00,78.26140786099732,78.47
2025-12-06 01:30:00+01:00,74.2034143574898,75.8
2025-12-06 01:45:00+01:00,70.68555172288838,68.38
2025-12-06 02:00:00+01:00,77.61413412380551,79.57
2025-12-06 02:15:00+01:00,73.3323346411415,75.33
2025-12-06 02:30:00+01:00,71.27747474249537,70.65
2025-12-06 02:45:00+01:00,69.64308029581545,68.97
2025-12-06 03:00:00+01:00,71.3635446296068,75.31
2025-12-06 03:15:00+01:00,69.3671986588909,69.13
2025-12-06 03:30:00+01:00,68.4513766315133,70.84
2025-12-06 03:45:00+01:00,66.0555188416583,64.76
2025-12-06 04:00:00+01:00,65.95946309431825,67.54
2025-12-06 04:15:00+01:00,67.22668907982197,66.25
2025-12-06 04:30:00+01:00,68.86757950855348,68.31
2025-12-06 04:45:00+01:00,70.9856660782097,67.61
2025-12-06 05:00:00+01:00,65.00029654380758,67.6
2025-12-06 05:15:00+01:00,67.00738679604856,64.68
2025-12-06 05:30:00+01:00,71.00486716903046,65.35
2025-12-06 05:45:00+01:00,73.15554642297411,62.26
2025-12-06 06:00:00+01:00,65.48906326030718,61.66
2025-12-06 06:15:00+01:00,67.89686023784176,63.98
2025-12-06 06:30:00+01:00,71.96612037741237,66.63
2025-12-06 06:45:00+01:00,86.52647583424287,66.07
2025-12-06 07:00:00+01:00,72.71598224103336,64.29
2025-12-06 07:15:00+01:00,73.24178888198864,67.61
2025-12-06 07:30:00+01:00,74.65154288781773,67.36
2025-12-06 07:45:00+01:00,82.7989674206721,72.22
2025-12-06 08:00:00+01:00,94.02749062770808,75.12
2025-12-06 08:15:00+01:00,96.62211683076131,76.53
2025-12-06 08:30:00+01:00,90.63922916065488,80.78
2025-12-06 08:45:00+01:00,85.76809368852638,82.02
2025-12-06 09:00:00+01:00,98.08141424040237,82.31
2025-12-06 09:15:00+01:00,89.88527442239047,82.64
2025-12-06 09:30:00+01:00,85.85684788873147,82.42
2025-12-06 09:45:00+01:00,79.64271585612224,76.39
2025-12-06 10:00:00+01:00,89.95469158796921,80.55
2025-12-06 10:15:00+01:00,82.06079368413454,84.09
2025-12-06 10:30:00+01:00,82.28501477882568,83.5
2025-12-06 10:45:00+01:00,82.4951936671926,81.04
2025-12-06 11:00:00+01:00,81.83630459183634,80.58
2025-12-06 11:15:00+01:00,79.96570217299555,82.12
2025-12-06 11:30:00+01:00,83.46877187215814,79.98
2025-12-06 11:45:00+01:00,83.39368161358387,79.77
2025-12-06 12:00:00+01:00,77.82770809854419,79.17
2025-12-06 12:15:00+01:00,78.1235792299416,78.61
2025-12-06 12:30:00+01:00,80.39222818685798,78.91
2025-12-06 12:45:00+01:00,86.01164242136238,85.77
2025-12-06 13:00:00+01:00,78.60711080990548,78.57
2025-12-06 13:15:00+01:00,76.7486303795406,77.65
2025-12-06 13:30:00+01:00,81.82054494161092,82.39
2025-12-06 13:45:00+01:00,88.0218662690373,86.69
2025-12-06 14:00:00+01:00,80.72094201959119,82.6
2025-12-06 14:15:00+01:00,82.54526647074044,86.6
2025-12-06 14:30:00+01:00,86.33487356965907,87.5
2025-12-06 14:45:00+01:00,94.3677522625269,87.99
2025-12-06 15:00:00+01:00,83.7540558793566,88.54
2025-12-06 15:15:00+01:00,91.88371482247426,89.27
2025-12-06 15:30:00+01:00,101.65034859385167,91.23
2025-12-06 15:45:00+01:00,105.70988614427948,95.05
2025-12-06 16:00:00+01:00,90.3631614538548,90.01
2025-12-06 16:15:00+01:00,94.68317411233565,94.55
2025-12-06 16:30:00+01:00,101.08584092825637,93.17
2025-12-06 16:45:00+01:00,108.60384073121513,104.62
2025-12-06 17:00:00+01:00,103.06650064117392,93.09
2025-12-06 17:15:00+01:00,109.63299867572368,97.14
2025-12-06 17:30:00+01:00,112.80102029851946,99.0
2025-12-06 17:45:00+01:00,110.18356011343059,91.24
2025-12-06 18:00:00+01:00,105.10292187331834,95.0
2025-12-06 18:15:00+01:00,104.52361093394885,88.1
2025-12-06 18:30:00+01:00,90.52119104681171,90.08
2025-12-06 18:45:00+01:00,80.46354045130806,83.55
2025-12-06 19:00:00+01:00,81.70731087453944,103.11
2025-12-06 19:15:00+01:00,80.12343439345655,85.58
2025-12-06 19:30:00+01:00,75.35394692923634,84.68
2025-12-06 19:45:00+01:00,74.50067981386958,85.25
2025-12-06 20:00:00+01:00,83.71398043161886,88.97
2025-12-06 20:15:00+01:00,77.91993774743665,80.12
2025-12-06 20:30:00+01:00,74.5321868809817,85.43
2025-12-06 20:45:00+01:00,69.33662778792046,79.02
2025-12-06 21:00:00+01:00,89.2512754835792,88.98
2025-12-06 21:15:00+01:00,84.71627699800801,83.69
2025-12-06 21:30:00+01:00,79.50769108405429,79.44
2025-12-06 21:45:00+01:00,72.39695188980484,70.33
2025-12-06 22:00:00+01:00,91.63699201188487,86.89
2025-12-06 22:15:00+01:00,85.93365977987655,76.03
2025-12-06 22:30:00+01:00,81.09787169925328,72.62
2025-12-06 22:45:00+01:00,75.11707198631643,70.44
2025-12-06 23:00:00+01:00,82.81741974465115,74.61
2025-12-06 23:15:00+01:00,75.68459251330654,74.63
2025-12-06 23:30:00+01:00,73.24582813228628,71.62
2025-12-06 23:45:00+01:00,64.95289725613327,65.4
2025-12-07 00:00:00+01:00,75.41189206570579,76.6
2025-12-07 00:15:00+01:00,72.29095231566653,68.61
2025-12-07 00:30:00+01:00,68.23466474175783,63.44
2025-12-07 00:45:00+01:00,65.67710607903179,60.64
2025-12-07 01:00:00+01:00,71.84613114078628,61.89
2025-12-07 01:15:00+01:00,68.77903871085844,60.77
2025-12-07 01:30:00+01:00,68.10318501090484,60.93
2025-12-07 01:45:00+01:00,65.98039753370644,60.39
2025-12-07 02:00:00+01:00,66.0904148643131,59.99
2025-12-07 02:15:00+01:00,66.46892181634286,59.55
2025-12-07 02:30:00+01:00,66.17011397308846,59.13
2025-12-07 02:45:00+01:00,65.36150530037493,59.02
2025-12-07 03:00:00+01:00,66.02403314928384,58.38
2025-12-07 03:15:00+01:00,65.29223786662996,58.38
2025-12-07 03:30:00+01:00,66.37594044210381,58.57
2025-12-07 03:45:00+01:00,65.58646453632875,58.91
2025-12-07 04:00:00+01:00,65.77997598629099,60.74
2025-12-07 04:15:00+01:00,66.6996847924118,61.94
2025-12-07 04:30:00+01:00,68.06997102500472,62.62
2025-12-07 04:45:00+01:00,69.36701991149101,63.0
2025-12-07 05:00:00+01:00,66.87253637020278,60.91
2025-12-07 05:15:00+01:00,69.26686505954609,61.51
2025-12-07 05:30:00+01:00,72.25038855366951,64.6
2025-12-07 05:45:00+01:00,74.61199083848426,61.0
2025-12-07 06:00:00+01:00,60.82440093083979,60.47
2025-12-07 06:15:00+01:00,65.99654198153047,65.14
2025-12-07 06:30:00+01:00,70.27982228837685,64.46
2025-12-07 06:45:00+01:00,76.14349832753864,64.81
2025-12-07 07:00:00+01:00,72.03665096730685,71.23
2025-12-07 07:15:00+01:00,69.27856857756392,65.21
2025-12-07 07:30:00+01:00,65.87005880459054,72.59
2025-12-07 07:45:00+01:00,78.13517532915063,78.31
2025-12-07 08:00:00+01:00,87.59522488937009,70.08
2025-12-07 08:15:00+01:00,85.88829645110746,72.74
2025-12-07 08:30:00+01:00,76.42823275842036,82.59
2025-12-07 08:45:00+01:00,75.72274230995683,86.58
2025-12-07 09:00:00+01:00,83.50642790768313,85.01
2025-12-07 09:15:00+01:00,82.63315623943005,89.35
2025-12-07 09:30:00+01:00,81.22594725364374,84.99
2025-12-07 09:45:00+01:00,76.92414396605352,82.87
2025-12-07 10:00:00+01:00,79.50683258400261,91.89
2025-12-07 10:15:00+01:00,78.1371999577158,91.21
2025-12-07 10:30:00+01:00,79.72219499702375,87.83
2025-12-07 10:45:00+01:00,77.74253557661258,91.19
2025-12-07 11:00:00+01:00,77.38108741518128,86.88
2025-12-07 11:15:00+01:00,76.70284771390119,90.63
2025-12-07 11:30:00+01:00,77.33641079188031,91.97
2025-12-07 11:45:00+01:00,76.14071651329324,98.21
2025-12-07 12:00:00+01:00,73.08818395622352,97.11
2025-12-07 12:15:00+01:00,71.59845940768751,95.99
2025-12-07 12:30:00+01:00,73.82017723257582,98.61
2025-12-07 12:45:00+01:00,80.35647496740349,98.04
2025-12-07 13:00:00+01:00,71.04189162926204,97.66
2025-12-07 13:15:00+01:00,72.54624408059543,96.62
2025-12-07 13:30:00+01:00,76.70841625483486,99.41
2025-12-07 13:45:00+01:00,79.36403293166333,104.6
2025-12-07 14:00:00+01:00,77.08461209109119,101.59
2025-12-07 14:15:00+01:00,81.9865307167452,104.22
2025-12-07 14:30:00+01:00,85.85741785481349,102.82
2025-12-07 14:45:00+01:00,87.40719833941348,107.95
2025-12-07 15:00:00+01:00,87.06616053448633,102.78
2025-12-07 15:15:00+01:00,91.13549216718046,105.38
2025-12-07 15:30:00+01:00,99.68387326589176,106.29
2025-12-07 15:45:00+01:00,96.49546812561151,108.49
2025-12-07 16:00:00+01:00,92.52564906186036,106.0
2025-12-07 16:15:00+01:00,95.72052415138528,107.01
2025-12-07 16:30:00+01:00,98.33921831019272,109.42
2025-12-07 16:45:00+01:00,102.53358913218048,116.0
2025-12-07 17:00:00+01:00,101.45358024923668,116.01
2025-12-07 17:15:00+01:00,104.54268616195368,116.27
2025-12-07 17:30:00+01:00,103.61605355446795,109.56
2025-12-07 17:45:00+01:00,100.58251867060017,105.44
2025-12-07 18:00:00+01:00,111.29160209501819,106.6
2025-12-07 18:15:00+01:00,105.61431941452497,98.53
2025-12-07 18:30:00+01:00,94.78339883639063,95.9
2025-12-07 18:45:00+01:00,87.79077072480521,86.49
2025-12-07 19:00:00+01:00,82.35073419367042,94.69
2025-12-07 19:15:00+01:00,73.18515746798685,83.14
2025-12-07 19:30:00+01:00,73.78768930670526,90.12
2025-12-07 19:45:00+01:00,71.4908502136318,81.9
2025-12-07 20:00:00+01:00,76.57771187266638,83.62
2025-12-07 20:15:00+01:00,70.36775102617807,94.52
2025-12-07 20:30:00+01:00,65.00952412863634,83.35
2025-12-07 20:45:00+01:00,61.91315280332529,73.55
2025-12-07 21:00:00+01:00,83.68736167431325,89.21
2025-12-07 21:15:00+01:00,76.87559355353712,75.86
2025-12-07 21:30:00+01:00,75.5032665140118,72.88
2025-12-07 21:45:00+01:00,71.95278690111112,56.93
2025-12-07 22:00:00+01:00,84.7323444975223,78.54
2025-12-07 22:15:00+01:00,80.80930492120174,67.74
2025-12-07 22:30:00+01:00,77.45309460591896,62.87
2025-12-07 22:45:00+01:00,70.68208511369853,53.24
2025-12-07 23:00:00+01:00,79.07726096558532,57.76
2025-12-07 23:15:00+01:00,71.44109088510766,45.86
2025-12-07 23:30:00+01:00,69.2026860873311,38.3
2025-12-07 23:45:00+01:00,60.198874015054926,25.03
2025-12-08 00:00:00+01:00,52.36626108347633,22.03
2025-12-08 00:15:00+01:00,43.952023501933006,26.49
2025-12-08 00:30:00+01:00,39.090911229379884,20.03
2025-12-08 00:45:00+01:00,30.923457465144395,8.53
2025-12-08 01:00:00+01:00,46.13988024290133,15.38
2025-12-08 01:15:00+01:00,38.94337759408717,15.72
2025-12-08 01:30:00+01:00,33.067974641816726,9.26
2025-12-08 01:45:00+01:00,29.320439452920915,4.0
2025-12-08 02:00:00+01:00,39.578506340786994,16.81
2025-12-08 02:15:00+01:00,35.255929428967924,12.36
2025-12-08 02:30:00+01:00,32.87130710922494,9.21
2025-12-08 02:45:00+01:00,29.52716307071055,8.27
2025-12-08 03:00:00+01:00,34.46183446207088,5.94
2025-12-08 03:15:00+01:00,30.026371431182937,5.55
2025-12-08 03:30:00+01:00,29.719343373836217,5.4
2025-12-08 03:45:00+01:00,27.398970454297036,5.47
2025-12-08 04:00:00+01:00,27.77159809074336,6.91
2025-12-08 04:15:00+01:00,28.765853148503396,9.32
2025-12-08 04:30:00+01:00,32.35532031718836,13.83
2025-12-08 04:45:00+01:00,36.98504030801838,21.5
2025-12-08 05:00:00+01:00,28.213560814546184,8.97
2025-12-08 05:15:00+01:00,36.93653990189366,18.56
2025-12-08 05:30:00+01:00,46.96429247509236,35.09
2025-12-08 05:45:00+01:00,57.483286939649254,52.0
2025-12-08 06:00:00+01:00,45.40916116532945,34.84
2025-12-08 06:15:00+01:00,64.3456792809464,69.46
2025-12-08 06:30:00+01:00,69.03829293127546,68.06
2025-12-08 06:45:00+01:00,76.7020310881703,84.91
2025-12-08 07:00:00+01:00,78.33064654914645,64.23
2025-12-08 07:15:00+01:00,84.68754123683163,87.29
2025-12-08 07:30:00+01:00,82.46137602393885,91.85
2025-12-08 07:45:00+01:00,87.97855679322961,87.99
2025-12-08 08:00:00+01:00,103.4280789500504,95.03
2025-12-08 08:15:00+01:00,97.70051153901314,100.37
2025-12-08 08:30:00+01:00,101.58103101707698,103.79
2025-12-08 08:45:00+01:00,100.09320671406459,100.81
2025-12-08 09:00:00+01:00,99.46859184999437,105.35
2025-12-08 09:15:00+01:00,99.58701615108195,102.9
2025-12-08 09:30:00+01:00,98.82056595688823,97.05
2025-12-08 09:45:00+01:00,99.52568780292438,88.05
2025-12-08 10:00:00+01:00,94.76961149590753,95.35
2025-12-08 10:15:00+01:00,91.51005111786225,85.96
2025-12-08 10:30:00+01:00,93.28210711155253,82.91
2025-12-08 10:45:00+01:00,88.21284311415504,79.93
2025-12-08 11:00:00+01:00,87.58728546610124,82.01
2025-12-08 11:15:00+01:00,86.94186750160128,77.98
2025-12-08 11:30:00+01:00,84.81749392212922,77.92
2025-12-08 11:45:00+01:00,83.52771524743548,82.05
2025-12-08 12:00:00+01:00,86.15719615799397,76.31
2025-12-08 12:15:00+01:00,84.3950825868963,77.31
2025-12-08 12:30:00+01:00,84.87565143183609,79.42
2025-12-08 12:45:00+01:00,89.74799281872195,84.35
2025-12-08 13:00:00+01:00,85.59808672209783,83.92
2025-12-08 13:15:00+01:00,90.79581936110431,87.79
2025-12-08 13:30:00+01:00,95.62025442390924,88.29
2025-12-08 13:45:00+01:00,97.73768162688242,87.38
2025-12-08 14:00:00+01:00,87.59395650673079,80.49
2025-12-08 14:15:00+01:00,95.60439298594757,93.61
2025-12-08 14:30:00+01:00,98.02367372213268,100.55
2025-12-08 14:45:00+01:00,108.14605022338645,101.67
2025-12-08 15:00:00+01:00,88.58307489771747,104.08
2025-12-08 15:15:00+01:00,99.16159467953462,94.4
2025-12-08 15:30:00+01:00,106.16561051494969,100.1
2025-12-08 15:45:00+01:00,114.31545255904301,102.0
2025-12-08 16:00:00+01:00,93.75649688684163,95.94
2025-12-08 16:15:00+01:00,103.82113944230171,103.02
2025-12-08 16:30:00+01:00,108.50116512440556,102.93
2025-12-08 16:45:00+01:00,118.25633743950806,102.41
2025-12-08 17:00:00+01:00,111.08726086248251,110.03
2025-12-08 17:15:00+01:00,116.81300653584584,111.45
2025-12-08 17:30:00+01:00,117.76537151635813,108.84
2025-12-08 17:45:00+01:00,118.86752708378705,109.08
2025-12-08 18:00:00+01:00,113.7089283407467,103.52
2025-12-08 18:15:00+01:00,110.71476815372019,98.48
2025-12-08 18:30:00+01:00,113.70396507023851,103.12
2025-12-08 18:45:00+01:00,106.36741440321403,95.93
2025-12-08 19:00:00+01:00,118.63242972160158,98.7
2025-12-08 19:15:00+01:00,111.55159027261425,94.74
2025-12-08 19:30:00+01:00,107.81685616659146,98.03
2025-12-08 19:45:00+01:00,101.19489247922111,95.07
2025-12-08 20:00:00+01:00,106.61763931735386,97.85
2025-12-08 20:15:00+01:00,97.87348924814049,94.47
2025-12-08 20:30:00+01:00,89.2178013265274,85.79
2025-12-08 20:45:00+01:00,83.99621951112807,79.27
2025-12-08 21:00:00+01:00,95.01535868525946,89.08
2025-12-08 21:15:00+01:00,86.75099089478569,91.27
2025-12-08 21:30:00+01:00,82.76682711646724,81.95
2025-12-08 21:45:00+01:00,76.50433106827045,71.77
2025-12-08 22:00:00+01:00,94.18392456198586,94.6
2025-12-08 22:15:00+01:00,88.91811949484334,86.49
2025-12-08 22:30:00+01:00,84.85379251826359,75.85
2025-12-08 22:45:00+01:00,79.356630864269,63.9
2025-12-08 23:00:00+01:00,85.57875361587253,85.37
2025-12-08 23:15:00+01:00,77.63362330898781,73.36
2025-12-08 23:30:00+01:00,73.97890821426864,71.0
2025-12-08 23:45:00+01:00,66.32189885350915,63.28
2025-12-09 00:00:00+01:00,76.54955406692842,77.32
2025-12-09 00:15:00+01:00,72.13385183573777,71.49
2025-12-09 00:30:00+01:00,70.00854999747341,71.92
2025-12-09 00:45:00+01:00,66.40468214408239,74.06
2025-12-09 01:00:00+01:00,72.27674712715101,71.22
2025-12-09 01:15:00+01:00,67.7004744529487,71.55
2025-12-09 01:30:00+01:00,68.75947222489559,73.98
2025-12-09 01:45:00+01:00,65.78333505903981,74.39
2025-12-09 02:00:00+01:00,67.92997524206368,70.25
2025-12-09 02:15:00+01:00,67.06920315860101,71.71
2025-12-09 02:30:00+01:00,67.0993877647508,73.3
2025-12-09 02:45:00+01:00,66.01726695695093,79.59
2025-12-09 03:00:00+01:00,67.31937562239683,72.28
2025-12-09 03:15:00+01:00,66.55004701260424,72.86
2025-12-09 03:30:00+01:00,67.96708080987483,75.94
2025-12-09 03:45:00+01:00,67.41643286520943,78.3
2025-12-09 04:00:00+01:00,66.98465356573638,68.65
2025-12-09 04:15:00+01:00,68.58893641665203,72.12
2025-12-09 04:30:00+01:00,70.22600679295572,75.77
2025-12-09 04:45:00+01:00,70.3810705961334,78.34
2025-12-09 05:00:00+01:00,68.64392209993451,61.32
2025-12-09 05:15:00+01:00,72.82350197293351,70.09
2025-12-09 05:30:00+01:00,78.28213647299398,82.41
2025-12-09 05:45:00+01:00,84.86426851426447,107.0
2025-12-09 06:00:00+01:00,68.22169737390615,74.22
2025-12-09 06:15:00+01:00,83.43111524341505,98.19
2025-12-09 06:30:00+01:00,95.06779919930874,110.99
2025-12-09 06:45:00+01:00,110.01250915297611,111.99
2025-12-09 07:00:00+01:00,106.86247602322481,94.03
2025-12-09 07:15:00+01:00,112.64461398395471,102.6
2025-12-09 07:30:00+01:00,119.60610990466274,108.53
2025-12-09 07:45:00+01:00,120.24490835637562,118.0
2025-12-09 08:00:00+01:00,116.05543764410038,135.99
2025-12-09 08:15:00+01:00,124.7233612493507,133.61
2025-12-09 08:30:00+01:00,115.66280231503585,129.8
2025-12-09 08:45:00+01:00,106.5613260089182,119.6
2025-12-09 09:00:00+01:00,118.52195215212654,126.08
2025-12-09 09:15:00+01:00,111.15706536852359,111.45
2025-12-09 09:30:00+01:00,104.66759534651544,107.74
2025-12-09 09:45:00+01:00,96.65794623312459,100.07
2025-12-09 10:00:00+01:00,103.78985153775753,107.52
2025-12-09 10:15:00+01:00,99.8351763008832,102.68
2025-12-09 10:30:00+01:00,102.37061581255816,102.2
2025-12-09 10:45:00+01:00,105.14965693901196,99.84
2025-12-09 11:00:00+01:00,98.2282374629655,105.35
2025-12-09 11:15:00+01:00,100.47631045193685,103.92
2025-12-09 11:30:00+01:00,100.10542382972652,103.22
2025-12-09 11:45:00+01:00,102.63990114950549,100.87
2025-12-09 12:00:00+01:00,92.01539543968734,99.21
2025-12-09 12:15:00+01:00,91.3290585404212,96.04
2025-12-09 12:30:00+01:00,93.05733366093061,97.91
2025-12-09 12:45:00+01:00,99.76202684522984,98.16
2025-12-09 13:00:00+01:00,96.23463218232077,99.26
2025-12-09 13:15:00+01:00,98.37612718629772,99.83
2025-12-09 13:30:00+01:00,99.08430823327505,101.96
2025-12-09 13:45:00+01:00,103.49056468639402,103.35
2025-12-09 14:00:00+01:00,98.97780297755284,91.74
2025-12-09 14:15:00+01:00,105.9176057432407,99.32
2025-12-09 14:30:00+01:00,108.88335643399674,103.99
2025-12-09 14:45:00+01:00,110.77225651148959,105.83
2025-12-09 15:00:00+01:00,110.59609491848593,104.32
2025-12-09 15:15:00+01:00,112.59082773563775,108.71
2025-12-09 15:30:00+01:00,117.92272215055986,116.6
2025-12-09 15:45:00+01:00,118.00081929445312,113.91
2025-12-09 16:00:00+01:00,117.87927218033272,105.46
2025-12-09 16:15:00+01:00,122.8013018501467,110.79
2025-12-09 16:30:00+01:00,123.48107917891305,109.95
2025-12-09 16:45:00+01:00,128.1054565631392,107.0
2025-12-09 17:00:00+01:00,123.97181190129477,105.17
2025-12-09 17:15:00+01:00,124.38071989502707,104.78
2025-12-09 17:30:00+01:00,119.6095457763157,106.25
2025-12-09 17:45:00+01:00,114.75211662853285,102.07
2025-12-09 18:00:00+01:00,129.27350799188937,101.72
2025-12-09 18:15:00+01:00,122.17701728142765,97.71
2025-12-09 18:30:00+01:00,120.07370876299795,101.85
2025-12-09 18:45:00+01:00,113.23511331956644,86.36
2025-12-09 19:00:00+01:00,121.86196464064513,95.9
2025-12-09 19:15:00+01:00,107.69572987644015,86.65
2025-12-09 19:30:00+01:00,103.58591987084812,81.11
2025-12-09 19:45:00+01:00,98.05707386042033,76.75
2025-12-09 20:00:00+01:00,98.43347238307774,96.06
2025-12-09 20:15:00+01:00,94.80539030942056,82.99
2025-12-09 20:30:00+01:00,89.83474422234536,79.55
2025-12-09 20:45:00+01:00,83.13456290187995,76.08
2025-12-09 21:00:00+01:00,91.83484102503343,93.47
2025-12-09 21:15:00+01:00,84.8979842756109,81.16
2025-12-09 21:30:00+01:00,79.4726957598724,75.83
2025-12-09 21:45:00+01:00,72.7126345290874,66.96
2025-12-09 22:00:00+01:00,91.5216838127575,82.46
2025-12-09 22:15:00+01:00,81.72852520126196,77.93
2025-12-09 22:30:00+01:00,80.08024117048589,69.88
2025-12-09 22:45:00+01:00,71.1938521679004,63.06
2025-12-09 23:00:00+01:00,83.38721692932234,66.62
2025-12-09 23:15:00+01:00,73.11079753554618,59.14
2025-12-09 23:30:00+01:00,70.67874089231388,52.6
2025-12-09 23:45:00+01:00,60.81485483512046,43.32
2025-12-10 00:00:00+01:00,67.35608664059939,54.31
2025-12-10 00:15:00+01:00,58.78790228787341,50.51
2025-12-10 00:30:00+01:00,54.99130564655084,41.06
2025-12-10 00:45:00+01:00,46.90790013290963,29.72
2025-12-10 01:00:00+01:00,61.631633691123085,43.68
2025-12-10 01:15:00+01:00,55.692041489384906,36.59
2025-12-10 01:30:00+01:00,52.846378447816804,35.21
2025-12-10 01:45:00+01:00,47.47549979748283,30.44
2025-12-10 02:00:00+01:00,55.10875277553594,34.43
2025-12-10 02:15:00+01:00,52.89211433644903,29.7
2025-12-10 02:30:00+01:00,51.89066822748167,31.43
2025-12-10 02:45:00+01:00,49.5408259535207,28.44
2025-12-10 03:00:00+01:00,52.05772062118306,40.08
2025-12-10 03:15:00+01:00,50.792114326199865,38.13
2025-12-10 03:30:00+01:00,52.73704255951258,30.02
2025-12-10 03:45:00+01:00,50.768604901593484,32.22
2025-12-10 04:00:00+01:00,49.87053159701004,31.77
2025-12-10 04:15:00+01:00,52.17089390674168,41.01
2025-12-10 04:30:00+01:00,55.78129249553625,52.95
2025-12-10 04:45:00+01:00,60.167111651405314,66.63
2025-12-10 05:00:00+01:00,51.85096767636325,51.9
2025-12-10 05:15:00+01:00,58.54895216734488,65.63
2025-12-10 05:30:00+01:00,66.47355854068542,70.37
2025-12-10 05:45:00+01:00,76.21348060254898,90.7
2025-12-10 06:00:00+01:00,60.32057506981572,44.18
2025-12-10 06:15:00+01:00,78.16868905105801,68.22
2025-12-10 06:30:00+01:00,89.71728735640463,90.79
2025-12-10 06:45:00+01:00,104.55735344895115,113.29
2025-12-10 07:00:00+01:00,98.34789386686239,81.01
2025-12-10 07:15:00+01:00,101.78097890663014,89.77
2025-12-10 07:30:00+01:00,114.34420099279968,92.34
2025-12-10 07:45:00+01:00,115.49545714311155,86.9
2025-12-10 08:00:00+01:00,116.66226034158817,91.17
2025-12-10 08:15:00+01:00,119.95467150150327,101.54
2025-12-10 08:30:00+01:00,110.3911333802274,96.9
2025-12-10 08:45:00+01:00,100.83052640634037,87.72
2025-12-10 09:00:00+01:00,114.07090938447445,106.45
2025-12-10 09:15:00+01:00,110.03969686791515,97.34
2025-12-10 09:30:00+01:00,102.06461870711001,91.09
2025-12-10 09:45:00+01:00,89.66717271136176,82.02
2025-12-10 10:00:00+01:00,100.89761866407542,103.38
2025-12-10 10:15:00+01:00,94.17420251401899,88.65
2025-12-10 10:30:00+01:00,90.59558441917915,81.88
2025-12-10 10:45:00+01:00,84.8115076442113,77.0
2025-12-10 11:00:00+01:00,95.75562719552828,84.42
2025-12-10 11:15:00+01:00,91.21312866561297,80.7
2025-12-10 11:30:00+01:00,89.58263261563161,78.87
2025-12-10 11:45:00+01:00,88.68289471009071,80.0
2025-12-10 12:00:00+01:00,83.35089029088766,80.47
2025-12-10 12:15:00+01:00,81.58098413548265,75.45
2025-12-10 12:30:00+01:00,88.08163812617484,81.01
2025-12-10 12:45:00+01:00,89.55599986749209,81.07
2025-12-10 13:00:00+01:00,86.28820554459257,81.38
2025-12-10 13:15:00+01:00,88.50599429950091,80.91
2025-12-10 13:30:00+01:00,90.80364628557349,80.92
2025-12-10 13:45:00+01:00,102.62667821120542,82.56
2025-12-10 14:00:00+01:00,82.75131224935863,82.79
2025-12-10 14:15:00+01:00,91.90242669214192,87.9
2025-12-10 14:30:00+01:00,106.22601780105518,92.0
2025-12-10 14:45:00+01:00,116.78192886549388,98.2
2025-12-10 15:00:00+01:00,101.97329156169599,97.23
2025-12-10 15:15:00+01:00,113.1577671467636,101.11
2025-12-10 15:30:00+01:00,120.07891226251921,102.84
2025-12-10 15:45:00+01:00,124.4163092195864,101.48
2025-12-10 16:00:00+01:00,117.83919374748459,101.76
2025-12-10 16:15:00+01:00,123.09761215007953,103.17
2025-12-10 16:30:00+01:00,125.01163401565785,102.41
2025-12-10 16:45:00+01:00,138.0334944899053,108.67
2025-12-10 17:00:00+01:00,123.14731324256776,107.93
2025-12-10 17:15:00+01:00,130.08455149782785,104.24
2025-12-10 17:30:00+01:00,133.12907756621368,104.11
2025-12-10 17:45:00+01:00,133.22265788890894,106.41
2025-12-10 18:00:00+01:00,128.5366617458856,104.46
2025-12-10 18:15:00+01:00,127.94463993653403,104.54
2025-12-10 18:30:00+01:00,133.51876342428903,104.67
2025-12-10 18:45:00+01:00,129.4254255162704,105.11
2025-12-10 19:00:00+01:00,135.80798368792173,105.06
2025-12-10 19:15:00+01:00,125.75569735722426,98.8
2025-12-10 19:30:00+01:00,121.69736698078471,100.54
2025-12-10 19:45:00+01:00,116.05407393121163,82.69
2025-12-10 20:00:00+01:00,120.86159034721118,94.71
2025-12-10 20:15:00+01:00,108.77197159844816,83.36
2025-12-10 20:30:00+01:00,101.06049437263667,82.56
2025-12-10 20:45:00+01:00,92.06583227095481,90.37
2025-12-10 21:00:00+01:00,100.49196635760217,95.23
2025-12-10 21:15:00+01:00,93.20020404776443,86.0
2025-12-10 21:30:00+01:00,86.45453506324003,83.31
2025-12-10 21:45:00+01:00,76.53451069590989,80.7
2025-12-10 22:00:00+01:00,97.37538646845641,86.53
2025-12-10 22:15:00+01:00,89.90518362527207,80.12
2025-12-10 22:30:00+01:00,86.13681163302064,83.68
2025-12-10 22:45:00+01:00,78.04500721345113,79.61
2025-12-10 23:00:00+01:00,86.20037404139252,75.55
2025-12-10 23:15:00+01:00,78.48164601620249,79.89
2025-12-10 23:30:00+01:00,74.25734982456683,78.6
2025-12-10 23:45:00+01:00,67.67165816158169,71.66
2025-12-11 00:00:00+01:00,78.89114319938379,81.42
2025-12-11 00:15:00+01:00,76.18595824485546,73.09
2025-12-11 00:30:00+01:00,74.59402657816189,72.06
2025-12-11 00:45:00+01:00,71.39681497685356,69.33
2025-12-11 01:00:00+01:00,73.17444665620991,79.38
2025-12-11 01:15:00+01:00,71.84116998699429,72.2
2025-12-11 01:30:00+01:00,73.2890857784086,72.27
2025-12-11 01:45:00+01:00,71.42816575484085,69.82
2025-12-11 02:00:00+01:00,70.303766923485,71.67
2025-12-11 02:15:00+01:00,71.7688134888626,71.1
2025-12-11 02:30:00+01:00,71.56006806971429,73.3
2025-12-11 02:45:00+01:00,69.98797297231144,73.99
2025-12-11 03:00:00+01:00,71.12862367070372,73.21
2025-12-11 03:15:00+01:00,70.23372485775892,72.91
2025-12-11 03:30:00+01:00,70.66007346462926,74.69
2025-12-11 03:45:00+01:00,68.96087975370023,80.02
2025-12-11 04:00:00+01:00,69.44581987684406,70.57
2025-12-11 04:15:00+01:00,70.23612372550541,74.65
2025-12-11 04:30:00+01:00,71.5853150271542,79.0
2025-12-11 04:45:00+01:00,73.55081996158374,83.43
2025-12-11 05:00:00+01:00,70.59230166977001,79.02
2025-12-11 05:15:00+01:00,75.46683722054622,78.95
2025-12-11 05:30:00+01:00,80.01791122742809,79.02
2025-12-11 05:45:00+01:00,86.59242654674875,85.38
2025-12-11 06:00:00+01:00,78.01979844157539,75.9
2025-12-11 06:15:00+01:00,91.63334632097448,89.48
2025-12-11 06:30:00+01:00,101.78716636787513,91.46
2025-12-11 06:45:00+01:00,113.00704794523148,103.52
2025-12-11 07:00:00+01:00,108.8244638712853,89.09
2025-12-11 07:15:00+01:00,121.10999988514052,94.53
2025-12-11 07:30:00+01:00,124.73762358189776,101.85
2025-12-11 07:45:00+01:00,127.93373278607851,106.97
2025-12-11 08:00:00+01:00,125.03186136030642,102.97
2025-12-11 08:15:00+01:00,129.6987743211398,112.96
2025-12-11 08:30:00+01:00,117.54197593634369,113.99
2025-12-11 08:45:00+01:00,105.82470762408079,111.51
2025-12-11 09:00:00+01:00,119.29268456074439,118.17
2025-12-11 09:15:00+01:00,109.79464041977563,110.63
2025-12-11 09:30:00+01:00,104.10660142511743,104.87
2025-12-11 09:45:00+01:00,94.24811238285264,91.0
2025-12-11 10:00:00+01:00,120.56111925208724,106.19
2025-12-11 10:15:00+01:00,111.99824125243556,93.83
2025-12-11 10:30:00+01:00,104.79313614835726,86.8
2025-12-11 10:45:00+01:00,101.09418425720186,85.9
2025-12-11 11:00:00+01:00,111.1978476496595,96.39
2025-12-11 11:15:00+01:00,111.70453844635695,95.06
2025-12-11 11:30:00+01:00,113.03948980089987,90.12
2025-12-11 11:45:00+01:00,109.81398260681298,86.1
2025-12-11 12:00:00+01:00,107.48694269578563,92.43
2025-12-11 12:15:00+01:00,110.46451564249313,87.01
2025-12-11 12:30:00+01:00,103.7307329128644,88.78
2025-12-11 12:45:00+01:00,104.22802260358847,89.38
2025-12-11 13:00:00+01:00,113.36623271177592,85.19
2025-12-11 13:15:00+01:00,102.84640958220494,86.45
2025-12-11 13:30:00+01:00,107.3546017036561,92.63
2025-12-11 13:45:00+01:00,113.48276911326462,96.61
2025-12-11 14:00:00+01:00,101.36038476960617,84.78
2025-12-11 14:15:00+01:00,109.36630185524598,94.02
2025-12-11 14:30:00+01:00,120.63400138134618,99.56
2025-12-11 14:45:00+01:00,130.0444244192072,112.79
2025-12-11 15:00:00+01:00,115.25096232827374,98.15
2025-12-11 15:15:00+01:00,129.4084005509351,106.06
2025-12-11 15:30:00+01:00,141.28305247932806,115.95
2025-12-11 15:45:00+01:00,147.02218172201052,124.9
2025-12-11 16:00:00+01:00,127.42905968891932,109.05
2025-12-11 16:15:00+01:00,136.66715026200174,109.54
2025-12-11 16:30:00+01:00,142.46137870759412,118.12
2025-12-11 16:45:00+01:00,159.21536266978796,122.09
2025-12-11 17:00:00+01:00,142.53959211581787,110.65
2025-12-11 17:15:00+01:00,148.84904237366612,116.93
2025-12-11 17:30:00+01:00,156.68324513909116,117.95
2025-12-11 17:45:00+01:00,153.71135479846362,116.09
2025-12-11 18:00:00+01:00,146.49509605610427,116.59
2025-12-11 18:15:00+01:00,145.0747409095503,112.51
2025-12-11 18:30:00+01:00,148.77787686814025,111.03
2025-12-11 18:45:00+01:00,152.00778563200055,110.14
2025-12-11 19:00:00+01:00,159.76536945369196,108.3
2025-12-11 19:15:00+01:00,151.70106702128265,105.69
2025-12-11 19:30:00+01:00,147.08477442201462,109.08
2025-12-11 19:45:00+01:00,138.54069223974312,108.09
2025-12-11 20:00:00+01:00,143.48607333378294,113.96
2025-12-11 20:15:00+01:00,129.56152839947214,103.82
2025-12-11 20:30:00+01:00,120.29548934095234,99.79
2025-12-11 20:45:00+01:00,113.34908790739291,97.0
2025-12-11 21:00:00+01:00,119.84072459064554,103.57
2025-12-11 21:15:00+01:00,112.61716759504503,99.04
2025-12-11 21:30:00+01:00,105.94495254666833,92.27
2025-12-11 21:45:00+01:00,99.0426144796506,82.69
2025-12-11 22:00:00+01:00,112.19630638080015,100.59
2025-12-11 22:15:00+01:00,106.634992411794,91.53
2025-12-11 22:30:00+01:00,102.98780183148803,92.79
2025-12-11 22:45:00+01:00,96.65050464687799,89.43
2025-12-11 23:00:00+01:00,103.34150060523686,101.03
2025-12-11 23:15:00+01:00,94.41169391728981,95.01
2025-12-11 23:30:00+01:00,90.32245174411796,91.31
2025-12-11 23:45:00+01:00,86.67003785981333,87.59
2025-12-12 00:00:00+01:00,98.01821861784956,88.14
2025-12-12 00:15:00+01:00,92.93091069821811,86.91
2025-12-12 00:30:00+01:00,90.54743882895099,79.0
2025-12-12 00:45:00+01:00,87.1722517647176,81.07
2025-12-12 01:00:00+01:00,93.30122873282124,84.34
2025-12-12 01:15:00+01:00,89.05712408561108,83.57
2025-12-12 01:30:00+01:00,87.8270261301956,89.23
2025-12-12 01:45:00+01:00,86.26772740936806,87.74
2025-12-12 02:00:00+01:00,88.1727595452001,88.09
2025-12-12 02:15:00+01:00,86.68484571748118,84.58
2025-12-12 02:30:00+01:00,86.43925845567477,88.8
2025-12-12 02:45:00+01:00,85.74056282801088,90.13
2025-12-12 03:00:00+01:00,86.70162184015113,90.81
2025-12-12 03:15:00+01:00,86.15960738624271,88.92
2025-12-12 03:30:00+01:00,86.67099108153278,90.48
2025-12-12 03:45:00+01:00,86.66052316082802,90.52
2025-12-12 04:00:00+01:00,86.11538158385505,87.83
2025-12-12 04:15:00+01:00,87.19225900063931,89.9
2025-12-12 04:30:00+01:00,89.38058952046372,95.1
2025-12-12 04:45:00+01:00,93.38331052770305,90.0
2025-12-12 05:00:00+01:00,89.4831369893317,84.67
2025-12-12 05:15:00+01:00,93.28889353005907,87.11
2025-12-12 05:30:00+01:00,98.90114561121203,97.06
2025-12-12 05:45:00+01:00,105.73752605544735,100.01
2025-12-12 06:00:00+01:00,94.27848544377305,84.46
2025-12-12 06:15:00+01:00,111.73913505752928,97.09
2025-12-12 06:30:00+01:00,124.87799563168159,110.28
2025-12-12 06:45:00+01:00,140.7724623877975,113.08
2025-12-12 07:00:00+01:00,133.60796917011052,108.32
2025-12-12 07:15:00+01:00,148.11075312099376,125.3
2025-12-12 07:30:00+01:00,153.4656807856756,122.78
2025-12-12 07:45:00+01:00,156.88023487111099,128.9
2025-12-12 08:00:00+01:00,161.08782373486346,128.79
2025-12-12 08:15:00+01:00,154.61882417162477,132.96
2025-12-12 08:30:00+01:00,151.10829529610135,133.52
2025-12-12 08:45:00+01:00,139.89682531609645,128.14
2025-12-12 09:00:00+01:00,153.66940986981723,133.97
2025-12-12 09:15:00+01:00,146.25604970790468,127.0
2025-12-12 09:30:00+01:00,137.53013112228186,124.64
2025-12-12 09:45:00+01:00,124.32331414031097,122.0
2025-12-12 10:00:00+01:00,129.87760284070953,129.2
2025-12-12 10:15:00+01:00,114.9561547437876,126.92
2025-12-12 10:30:00+01:00,106.45463573680809,118.18
2025-12-12 10:45:00+01:00,99.83530753939594,113.52
2025-12-12 11:00:00+01:00,121.93652528619899,122.1
2025-12-12 11:15:00+01:00,115.64593861223537,118.52
2025-12-12 11:30:00+01:00,119.80910161000384,117.91
2025-12-12 11:45:00+01:00,115.07519182412344,114.69
2025-12-12 12:00:00+01:00,123.71783727160005,111.63
2025-12-12 12:15:00+01:00,117.10045672502135,112.75
2025-12-12 12:30:00+01:00,120.49707336331034,113.29
2025-12-12 12:45:00+01:00,120.57011879287788,114.6
2025-12-12 13:00:00+01:00,115.94850688784044,114.22
2025-12-12 13:15:00+01:00,116.70250852008789,115.04
2025-12-12 13:30:00+01:00,121.95013786375225,119.81
2025-12-12 13:45:00+01:00,131.5035724421789,123.97
2025-12-12 14:00:00+01:00,121.93844476995022,114.08
2025-12-12 14:15:00+01:00,126.83324077909658,121.73
2025-12-12 14:30:00+01:00,134.9565817000387,133.05
2025-12-12 14:45:00+01:00,147.33274940423092,138.43
2025-12-12 15:00:00+01:00,137.6017076541014,122.1
2025-12-12 15:15:00+01:00,146.87086395893834,127.3
2025-12-12 15:30:00+01:00,151.56533134687572,135.99
2025-12-12 15:45:00+01:00,163.63031867854073,142.4
2025-12-12 16:00:00+01:00,153.45066780201716,134.03
2025-12-12 16:15:00+01:00,165.73411885586023,138.1
2025-12-12 16:30:00+01:00,164.9635651866754,148.95
2025-12-12 16:45:00+01:00,186.0837344561716,160.87
2025-12-12 17:00:00+01:00,163.26101758482406,150.0
2025-12-12 17:15:00+01:00,168.77435949718125,151.81
2025-12-12 17:30:00+01:00,178.8257123746023,144.79
2025-12-12 17:45:00+01:00,175.88167985483906,140.7
2025-12-12 18:00:00+01:00,168.41794153117098,138.83
2025-12-12 18:15:00+01:00,168.71257573324147,133.66
2025-12-12 18:30:00+01:00,169.33295832576607,131.01
2025-12-12 18:45:00+01:00,175.00451588349398,128.9
2025-12-12 19:00:00+01:00,191.75192278362007,129.0
2025-12-12 19:15:00+01:00,174.14663142248295,127.3
2025-12-12 19:30:00+01:00,168.67300881001685,128.63
2025-12-12 19:45:00+01:00,160.99154343847033,127.3
2025-12-12 20:00:00+01:00,161.61469809493587,122.0
2025-12-12 20:15:00+01:00,142.28633584451993,122.0
2025-12-12 20:30:00+01:00,128.11215734238684,119.9
2025-12-12 20:45:00+01:00,118.39735011908967,104.11
2025-12-12 21:00:00+01:00,125.54305603885413,130.57
2025-12-12 21:15:00+01:00,117.44731027063911,117.33
2025-12-12 21:30:00+01:00,110.92430257613188,109.22
2025-12-12 21:45:00+01:00,104.36340371672092,102.6
2025-12-12 22:00:00+01:00,113.69856225053537,109.92
2025-12-12 22:15:00+01:00,108.16517375972795,107.64
2025-12-12 22:30:00+01:00,106.55144565058566,103.58
2025-12-12 22:45:00+01:00,99.74246490351332,94.14
2025-12-12 23:00:00+01:00,106.06695768745054,102.95
2025-12-12 23:15:00+01:00,95.80475596207965,95.31
2025-12-12 23:30:00+01:00,92.80147601521428,87.68
2025-12-12 23:45:00+01:00,87.52601594466304,81.07
2025-12-13 00:00:00+01:00,96.55918076403327,103.81
2025-12-13 00:15:00+01:00,91.98522919128233,93.33
2025-12-13 00:30:00+01:00,87.10442083034461,89.21
2025-12-13 00:45:00+01:00,83.37016746695855,82.78
2025-12-13 01:00:00+01:00,91.83619637407052,99.35
2025-12-13 01:15:00+01:00,86.77038388271973,92.78
2025-12-13 01:30:00+01:00,83.70015609165966,87.52
2025-12-13 01:45:00+01:00,81.6068536383966,82.36
2025-12-13 02:00:00+01:00,85.28323330075338,92.52
2025-12-13 02:15:00+01:00,82.53011359639326,85.52
2025-12-13 02:30:00+01:00,82.0895290171747,87.48
2025-12-13 02:45:00+01:00,80.92058122034183,84.04
2025-12-13 03:00:00+01:00,82.45370916488613,92.19
2025-12-13 03:15:00+01:00,81.47766502055852,87.23
2025-12-13 03:30:00+01:00,81.50807968364138,85.95
2025-12-13 03:45:00+01:00,80.73091874823423,82.8
2025-12-13 04:00:00+01:00,80.29663398205163,86.51
2025-12-13 04:15:00+01:00,81.58985426646954,84.34
2025-12-13 04:30:00+01:00,83.31821585754099,84.91
2025-12-13 04:45:00+01:00,83.97112797505206,84.24
2025-12-13 05:00:00+01:00,81.99329684311823,85.07
2025-12-13 05:15:00+01:00,83.66526551908092,84.38
2025-12-13 05:30:00+01:00,86.62096388290385,83.53
2025-12-13 05:45:00+01:00,89.48195917581118,85.69
2025-12-13 06:00:00+01:00,81.09547443386568,81.77
2025-12-13 06:15:00+01:00,87.92479291574224,75.9
2025-12-13 06:30:00+01:00,97.38435130864634,78.93
2025-12-13 06:45:00+01:00,101.99081362353174,79.97
2025-12-13 07:00:00+01:00,99.3504819851324,74.83
2025-12-13 07:15:00+01:00,103.77372724596607,76.48
2025-12-13 07:30:00+01:00,107.2014636731473,84.93
2025-12-13 07:45:00+01:00,112.89933195773993,88.3
2025-12-13 08:00:00+01:00,112.89686154724392,85.42
2025-12-13 08:15:00+01:00,111.38901100954641,90.79
2025-12-13 08:30:00+01:00,110.50822806949327,100.06
2025-12-13 08:45:00+01:00,105.22541182097387,107.54
2025-12-13 09:00:00+01:00,112.47412623897272,107.27
2025-12-13 09:15:00+01:00,105.26167191243769,107.33
2025-12-13 09:30:00+01:00,101.04338230788888,107.93
2025-12-13 09:45:00+01:00,94.78826824927492,104.55
2025-12-13 10:00:00+01:00,106.4179657323142,108.27
2025-12-13 10:15:00+01:00,99.67590560375469,105.62
2025-12-13 10:30:00+01:00,96.08236441974255,101.14
2025-12-13 10:45:00+01:00,92.77850676522183,95.31
2025-12-13 11:00:00+01:00,93.52957094729089,102.85
2025-12-13 11:15:00+01:00,94.80003723704777,100.7
2025-12-13 11:30:00+01:00,95.69179281529543,97.77
2025-12-13 11:45:00+01:00,91.61842266758846,91.05
2025-12-13 12:00:00+01:00,90.57769106936418,98.95
2025-12-13 12:15:00+01:00,86.66088459930465,93.59
2025-12-13 12:30:00+01:00,86.6282699887948,92.78
2025-12-13 12:45:00+01:00,89.02132498442154,89.71
2025-12-13 13:00:00+01:00,87.75998267540982,94.98
2025-12-13 13:15:00+01:00,86.73877259971505,91.95
2025-12-13 13:30:00+01:00,85.45243652946462,91.78
2025-12-13 13:45:00+01:00,88.43298639890429,93.03
2025-12-13 14:00:00+01:00,85.6879533516073,85.37
2025-12-13 14:15:00+01:00,87.48728188554153,87.98
2025-12-13 14:30:00+01:00,92.96863198772172,100.15
2025-12-13 14:45:00+01:00,103.47652153934159,109.53
2025-12-13 15:00:00+01:00,92.42881543752792,102.45
2025-12-13 15:15:00+01:00,101.00744481762169,115.63
2025-12-13 15:30:00+01:00,111.33869260554532,119.19
2025-12-13 15:45:00+01:00,119.66398580325516,121.36
2025-12-13 16:00:00+01:00,99.74444383020898,113.99
2025-12-13 16:15:00+01:00,109.40997619419142,118.0
2025-12-13 16:30:00+01:00,117.84708719848108,121.99
2025-12-13 16:45:00+01:00,128.83429543467787,124.85
2025-12-13 17:00:00+01:00,123.22320153692169,120.03
2025-12-13 17:15:00+01:00,125.58709587922331,120.67
2025-12-13 17:30:00+01:00,128.7534477241956,118.78
2025-12-13 17:45:00+01:00,129.15451822762523,114.31
2025-12-13 18:00:00+01:00,131.18112598359954,118.0
2025-12-13 18:15:00+01:00,131.15906806445702,115.05
2025-12-13 18:30:00+01:00,123.70240259821433,111.39
2025-12-13 18:45:00+01:00,121.60351735195037,104.58
2025-12-13 19:00:00+01:00,129.81190783818755,116.77
2025-12-13 19:15:00+01:00,120.42330870279062,106.7
2025-12-13 19:30:00+01:00,119.85368195600536,98.24
2025-12-13 19:45:00+01:00,113.47858240312387,92.81
2025-12-13 20:00:00+01:00,119.63599534012967,100.19
2025-12-13 20:15:00+01:00,108.31550786762533,93.59
2025-12-13 20:30:00+01:00,99.83122994003305,86.78
2025-12-13 20:45:00+01:00,91.86272568314293,86.27
2025-12-13 21:00:00+01:00,106.57179484152903,94.46
2025-12-13 21:15:00+01:00,100.43875488672137,94.71
2025-12-13 21:30:00+01:00,94.42034772958652,88.16
2025-12-13 21:45:00+01:00,87.53815091894475,84.9
2025-12-13 22:00:00+01:00,100.5171012807846,107.87
2025-12-13 22:15:00+01:00,96.83758515470252,96.29
2025-12-13 22:30:00+01:00,93.17098755166937,88.25
2025-12-13 22:45:00+01:00,85.6321224924434,82.33
2025-12-13 23:00:00+01:00,93.0177324085867,93.76
2025-12-13 23:15:00+01:00,87.26899694348366,89.73
2025-12-13 23:30:00+01:00,85.12903846537714,82.71
2025-12-13 23:45:00+01:00,77.39733881013034,71.35
2025-12-14 00:00:00+01:00,88.54624034684386,97.5
2025-12-14 00:15:00+01:00,85.03400614181346,91.92
2025-12-14 00:30:00+01:00,80.50176869299244,88.47
2025-12-14 00:45:00+01:00,75.07707830054468,86.89
2025-12-14 01:00:00+01:00,82.4962100218381,99.02
2025-12-14 01:15:00+01:00,78.56932045031809,95.24
2025-12-14 01:30:00+01:00,77.07113484009425,85.9
2025-12-14 01:45:00+01:00,74.86084257383473,81.93
2025-12-14 02:00:00+01:00,77.27055664736577,89.4
2025-12-14 02:15:00+01:00,75.60977915622888,83.34
2025-12-14 02:30:00+01:00,74.49874956344573,78.86
2025-12-14 02:45:00+01:00,73.3121355176144,76.0
2025-12-14 03:00:00+01:00,74.82050700200166,78.67
2025-12-14 03:15:00+01:00,73.65521763496612,81.7
2025-12-14 03:30:00+01:00,73.2568798189233,80.87
2025-12-14 03:45:00+01:00,72.01796594859212,78.56
2025-12-14 04:00:00+01:00,72.20137136474958,77.9
2025-12-14 04:15:00+01:00,72.91693608171549,76.84
2025-12-14 04:30:00+01:00,74.01683493133547,77.28
2025-12-14 04:45:00+01:00,72.39150707508088,77.2
2025-12-14 05:00:00+01:00,70.50555463213585,81.5
2025-12-14 05:15:00+01:00,70.87210058957497,78.68
2025-12-14 05:30:00+01:00,73.65631828515778,77.53
2025-12-14 05:45:00+01:00,76.39609061119315,77.34
2025-12-14 06:00:00+01:00,64.12270744364999,76.33
2025-12-14 06:15:00+01:00,67.06443422339889,76.47
2025-12-14 06:30:00+01:00,70.97109030934953,77.33
2025-12-14 06:45:00+01:00,67.0723238770781,78.57
2025-12-14 07:00:00+01:00,65.31858821666111,80.86
2025-12-14 07:15:00+01:00,63.38754935413026,76.06
2025-12-14 07:30:00+01:00,66.52049381960546,76.89
2025-12-14 07:45:00+01:00,71.58566828775021,76.08
2025-12-14 08:00:00+01:00,85.01297876703522,77.91
2025-12-14 08:15:00+01:00,82.83477840323731,81.65
2025-12-14 08:30:00+01:00,75.4810033468912,82.67
2025-12-14 08:45:00+01:00,78.36480767492074,84.81
2025-12-14 09:00:00+01:00,84.7422130452188,80.17
2025-12-14 09:15:00+01:00,82.4383307151659,85.91
2025-12-14 09:30:00+01:00,77.76696173392303,84.91
2025-12-14 09:45:00+01:00,74.10294132610615,78.39
2025-12-14 10:00:00+01:00,86.62655164656286,82.19
2025-12-14 10:15:00+01:00,81.53813864896526,79.91
2025-12-14 10:30:00+01:00,80.12753243152875,79.9
2025-12-14 10:45:00+01:00,84.52594918880465,78.02
2025-12-14 11:00:00+01:00,77.31352998889068,83.76
2025-12-14 11:15:00+01:00,78.06013450021612,85.09
2025-12-14 11:30:00+01:00,77.03945443070607,84.9
2025-12-14 11:45:00+01:00,77.72648080952062,82.56
2025-12-14 12:00:00+01:00,76.85547926513985,88.69
2025-12-14 12:15:00+01:00,72.82926991232978,87.43
2025-12-14 12:30:00+01:00,70.35240628218068,87.31
2025-12-14 12:45:00+01:00,73.24831124624073,85.66
2025-12-14 13:00:00+01:00,70.14122261181429,87.43
2025-12-14 13:15:00+01:00,69.34011398251693,85.9
2025-12-14 13:30:00+01:00,71.67640434968348,84.69
2025-12-14 13:45:00+01:00,73.60408916954243,89.81
2025-12-14 14:00:00+01:00,70.61547378337337,85.9
2025-12-14 14:15:00+01:00,72.95846584685872,80.69
2025-12-14 14:30:00+01:00,81.651724507976,88.85
2025-12-14 14:45:00+01:00,90.40168996763613,99.16
2025-12-14 15:00:00+01:00,81.48291475403464,83.0
2025-12-14 15:15:00+01:00,88.00539520687464,88.91
2025-12-14 15:30:00+01:00,97.02758166370282,99.53
2025-12-14 15:45:00+01:00,95.81011553763497,96.95
2025-12-14 16:00:00+01:00,85.06873937509926,99.09
2025-12-14 16:15:00+01:00,96.17929613949491,101.83
2025-12-14 16:30:00+01:00,99.17678793377216,95.62
2025-12-14 16:45:00+01:00,103.24729010595591,100.59
2025-12-14 17:00:00+01:00,100.96645749849519,99.71
2025-12-14 17:15:00+01:00,105.88188771049188,105.28
2025-12-14 17:30:00+01:00,106.53317851743924,104.87
2025-12-14 17:45:00+01:00,103.13509137103537,101.28
2025-12-14 18:00:00+01:00,108.72251374481664,111.25
2025-12-14 18:15:00+01:00,107.83853723247717,106.04
2025-12-14 18:30:00+01:00,98.15567164523762,99.9
2025-12-14 18:45:00+01:00,92.4894897333491,95.98
2025-12-14 19:00:00+01:00,82.64906665330184,103.63
2025-12-14 19:15:00+01:00,79.70231987817817,98.04
2025-12-14 19:30:00+01:00,74.22404234469491,89.13
2025-12-14 19:45:00+01:00,71.78576675465412,81.16
2025-12-14 20:00:00+01:00,85.23541633596838,103.14
2025-12-14 20:15:00+01:00,83.31204780711951,92.47
2025-12-14 20:30:00+01:00,82.15822909480585,86.86
2025-12-14 20:45:00+01:00,75.80926876023388,79.12
2025-12-14 21:00:00+01:00,93.69839571134528,88.62
2025-12-14 21:15:00+01:00,85.92733496385112,85.38
2025-12-14 21:30:00+01:00,80.95003391394489,84.91
2025-12-14 21:45:00+01:00,76.80979487062316,78.7
2025-12-14 22:00:00+01:00,91.39871065140633,88.14
2025-12-14 22:15:00+01:00,87.26720191203621,83.3
2025-12-14 22:30:00+01:00,83.28548344775439,81.38
2025-12-14 22:45:00+01:00,76.40365971425915,77.78
2025-12-14 23:00:00+01:00,85.5455039341789,85.0
2025-12-14 23:15:00+01:00,77.80460754781211,74.7
2025-12-14 23:30:00+01:00,76.6111337448853,77.34
2025-12-14 23:45:00+01:00,68.69830104354753,65.96
2025-12-15 00:00:00+01:00,78.14293880681888,72.17
2025-12-15 00:15:00+01:00,75.2925857373119,75.04
2025-12-15 00:30:00+01:00,73.25014865373993,66.89
2025-12-15 00:45:00+01:00,69.00116815981474,75.9
2025-12-15 01:00:00+01:00,76.03859938953829,75.34
2025-12-15 01:15:00+01:00,71.20042987883632,72.69
2025-12-15 01:30:00+01:00,70.4851075386317,70.91
2025-12-15 01:45:00+01:00,68.16727754028611,68.57
2025-12-15 02:00:00+01:00,69.38630772727767,72.07
2025-12-15 02:15:00+01:00,68.87197752615708,70.57
2025-12-15 02:30:00+01:00,67.73664357871132,70.54
2025-12-15 02:45:00+01:00,66.87842103899348,70.97
2025-12-15 03:00:00+01:00,67.86601568611988,70.91
2025-12-15 03:15:00+01:00,66.7080440448157,69.76
2025-12-15 03:30:00+01:00,66.28903935048281,70.13
2025-12-15 03:45:00+01:00,65.07971246249674,71.87
2025-12-15 04:00:00+01:00,64.96176551699281,70.22
2025-12-15 04:15:00+01:00,65.75324152256674,72.71
2025-12-15 04:30:00+01:00,67.28185207989917,76.28
2025-12-15 04:45:00+01:00,67.00192873324335,81.91
2025-12-15 05:00:00+01:00,64.00263030083727,70.46
2025-12-15 05:15:00+01:00,69.62371367732402,70.39
2025-12-15 05:30:00+01:00,75.85125754054408,77.49
2025-12-15 05:45:00+01:00,84.06036112732966,88.87
2025-12-15 06:00:00+01:00,71.69358843995091,71.0
2025-12-15 06:15:00+01:00,86.30247601013623,84.02
2025-12-15 06:30:00+01:00,97.98539130328057,85.8
2025-12-15 06:45:00+01:00,106.64711733575541,105.28
2025-12-15 07:00:00+01:00,109.29669932390598,78.89
2025-12-15 07:15:00+01:00,116.8174044762545,92.88
2025-12-15 07:30:00+01:00,118.5454739018023,104.39
2025-12-15 07:45:00+01:00,117.04213620127697,119.0
2025-12-15 08:00:00+01:00,128.66436308728416,104.08
2025-12-15 08:15:00+01:00,123.94860851820232,104.85
2025-12-15 08:30:00+01:00,117.75312392551193,104.37
2025-12-15 08:45:00+01:00,113.39983313106463,91.21
2025-12-15 09:00:00+01:00,120.31107398168425,103.02
2025-12-15 09:15:00+01:00,112.73790266003704,105.41
2025-12-15 09:30:00+01:00,104.37228117419068,97.82
2025-12-15 09:45:00+01:00,97.01825086718041,80.35
2025-12-15 10:00:00+01:00,112.23841898926813,112.79
2025-12-15 10:15:00+01:00,105.29586286095136,93.64
2025-12-15 10:30:00+01:00,99.0135531184792,80.3
2025-12-15 10:45:00+01:00,102.06034131235293,71.73
2025-12-15 11:00:00+01:00,102.82624998742776,86.93
2025-12-15 11:15:00+01:00,99.93517393948271,77.05
2025-12-15 11:30:00+01:00,97.3224412767253,77.58
2025-12-15 11:45:00+01:00,100.97644797729957,77.33
2025-12-15 12:00:00+01:00,97.73028779267518,76.17
2025-12-15 12:15:00+01:00,98.96545214435642,75.35
2025-12-15 12:30:00+01:00,101.48349250681129,81.1
2025-12-15 12:45:00+01:00,104.54849258294529,86.46
2025-12-15 13:00:00+01:00,95.00465557367966,83.59
2025-12-15 13:15:00+01:00,99.95148573892303,86.09
2025-12-15 13:30:00+01:00,104.4670620414454,87.04
2025-12-15 13:45:00+01:00,110.12818139585806,96.32
2025-12-15 14:00:00+01:00,100.72466284942563,83.12
2025-12-15 14:15:00+01:00,109.22382398881315,88.24
2025-12-15 14:30:00+01:00,121.97662621041314,104.96
2025-12-15 14:45:00+01:00,127.0494007703535,105.43
2025-12-15 15:00:00+01:00,118.66327531040457,103.51
2025-12-15 15:15:00+01:00,128.32351768186723,105.69
2025-12-15 15:30:00+01:00,133.68725151162363,105.0
2025-12-15 15:45:00+01:00,139.20557881679918,115.0
2025-12-15 16:00:00+01:00,128.04296847330716,100.55
2025-12-15 16:15:00+01:00,136.25369178780022,110.12
2025-12-15 16:30:00+01:00,134.56390009609936,111.35
2025-12-15 16:45:00+01:00,144.64629228654616,112.6
2025-12-15 17:00:00+01:00,129.54644746539577,103.71
2025-12-15 17:15:00+01:00,135.1685774630217,105.05
2025-12-15 17:30:00+01:00,134.5712402811635,104.07
2025-12-15 17:45:00+01:00,130.2368051725285,104.02
2025-12-15 18:00:00+01:00,135.16119755730523,103.07
2025-12-15 18:15:00+01:00,130.1867947024097,98.27
2025-12-15 18:30:00+01:00,124.80590715463649,99.51
2025-12-15 18:45:00+01:00,120.95593379194602,91.78
2025-12-15 19:00:00+01:00,137.66165544289646,100.05
2025-12-15 19:15:00+01:00,126.5227354412067,91.82
2025-12-15 19:30:00+01:00,121.87843738383894,86.75
2025-12-15 19:45:00+01:00,112.12253207399745,83.05
2025-12-15 20:00:00+01:00,122.1880863774476,93.24
2025-12-15 20:15:00+01:00,110.82294875351346,86.78
2025-12-15 20:30:00+01:00,103.93441681552754,80.29
2025-12-15 20:45:00+01:00,96.77131004250685,76.69
2025-12-15 21:00:00+01:00,107.98003754297233,87.36
2025-12-15 21:15:00+01:00,101.00616137106141,87.32
2025-12-15 21:30:00+01:00,95.39781213872767,86.08
2025-12-15 21:45:00+01:00,88.66131679108011,79.92
2025-12-15 22:00:00+01:00,101.48786044560326,92.0
2025-12-15 22:15:00+01:00,95.09913102838601,83.08
2025-12-15 22:30:00+01:00,92.94502327929625,82.93
2025-12-15 22:45:00+01:00,85.07373999050279,81.9
2025-12-15 23:00:00+01:00,94.7691592193307,81.9
2025-12-15 23:15:00+01:00,85.94589221300703,84.38
2025-12-15 23:30:00+01:00,81.31038301638254,80.12
2025-12-15 23:45:00+01:00,75.34473589448255,75.45
2025-12-16 00:00:00+01:00,83.06484180829489,80.91
2025-12-16 00:15:00+01:00,80.21308022056074,83.07
2025-12-16 00:30:00+01:00,78.57788188637768,81.91
2025-12-16 00:45:00+01:00,74.76394910327218,76.79
2025-12-16 01:00:00+01:00,80.16298200783766,82.17
2025-12-16 01:15:00+01:00,77.17217389984285,79.02
2025-12-16 01:30:00+01:00,76.99804071135802,78.18
2025-12-16 01:45:00+01:00,75.44607400851109,76.84
2025-12-16 02:00:00+01:00,76.81933233152856,77.84
2025-12-16 02:15:00+01:00,75.58202160815915,76.26
2025-12-16 02:30:00+01:00,75.0822226395805,77.19
2025-12-16 02:45:00+01:00,75.23118956071222,77.1
2025-12-16 03:00:00+01:00,75.52023777592561,77.41
2025-12-16 03:15:00+01:00,75.52373952162161,77.19
2025-12-16 03:30:00+01:00,75.86490856654079,80.29
2025-12-16 03:45:00+01:00,75.39982794866899,81.32
2025-12-16 04:00:00+01:00,74.98437138666051,78.08
2025-12-16 04:15:00+01:00,76.58814092045606,82.12
2025-12-16 04:30:00+01:00,78.4232329531693,79.15
2025-12-16 04:45:00+01:00,81.29813700035747,82.2
2025-12-16 05:00:00+01:00,77.82664201596819,78.6
2025-12-16 05:15:00+01:00,82.55682032415271,79.27
2025-12-16 05:30:00+01:00,87.50630793275731,82.1
2025-12-16 05:45:00+01:00,94.7044972507173,89.28
2025-12-16 06:00:00+01:00,81.73950073697239,80.29
2025-12-16 06:15:00+01:00,96.21560010340153,87.44
2025-12-16 06:30:00+01:00,111.0181110707928,89.8
2025-12-16 06:45:00+01:00,121.31263257804837,96.07
2025-12-16 07:00:00+01:00,123.48911188473623,89.91
2025-12-16 07:15:00+01:00,135.04282130245653,90.52
2025-12-16 07:30:00+01:00,138.25250382477398,90.31
2025-12-16 07:45:00+01:00,139.95693862011638,94.8
2025-12-16 08:00:00+01:00,146.0889762386473,100.54
2025-12-16 08:15:00+01:00,140.67374187410067,104.48
2025-12-16 08:30:00+01:00,138.67304930088298,104.31
2025-12-16 08:45:00+01:00,128.85983304338197,92.54
2025-12-16 09:00:00+01:00,140.4773989118654,108.42
2025-12-16 09:15:00+01:00,132.45413780903016,108.37
2025-12-16 09:30:00+01:00,123.02056465668952,98.27
2025-12-16 09:45:00+01:00,103.50301992328734,90.0
2025-12-16 10:00:00+01:00,133.40534756238333,100.69
2025-12-16 10:15:00+01:00,123.87821567078576,93.96
2025-12-16 10:30:00+01:00,113.55472276824113,88.78
2025-12-16 10:45:00+01:00,106.63519226695381,85.95
2025-12-16 11:00:00+01:00,123.83335955185007,91.58
2025-12-16 11:15:00+01:00,122.87913662448167,90.03
2025-12-16 11:30:00+01:00,119.58935822967666,90.14
2025-12-16 11:45:00+01:00,118.3679510982193,90.68
2025-12-16 12:00:00+01:00,113.46705591608732,89.72
2025-12-16 12:15:00+01:00,118.73822993702575,87.92
2025-12-16 12:30:00+01:00,114.94379242450665,91.32
2025-12-16 12:45:00+01:00,118.7016192103889,97.09
2025-12-16 13:00:00+01:00,116.52192536996122,87.76
2025-12-16 13:15:00+01:00,117.8802709477182,90.75
2025-12-16 13:30:00+01:00,124.74492238206179,100.58
2025-12-16 13:45:00+01:00,134.08958009294793,120.45
2025-12-16 14:00:00+01:00,116.06762434794655,100.83
2025-12-16 14:15:00+01:00,144.03517785010538,115.01
2025-12-16 14:30:00+01:00,144.35252038947533,139.36
2025-12-16 14:45:00+01:00,151.24933543705762,142.39
2025-12-16 15:00:00+01:00,140.04056926379874,122.14
2025-12-16 15:15:00+01:00,155.88823479466845,138.8
2025-12-16 15:30:00+01:00,166.7769980618925,143.69
2025-12-16 15:45:00+01:00,171.0022134686523,152.88
2025-12-16 16:00:00+01:00,149.17154398959696,140.01
2025-12-16 16:15:00+01:00,159.83817130402963,140.95
2025-12-16 16:30:00+01:00,162.99175109058984,162.35
2025-12-16 16:45:00+01:00,175.67433092419537,177.94
2025-12-16 17:00:00+01:00,162.90007144061804,157.92
2025-12-16 17:15:00+01:00,164.63748393059956,168.54
2025-12-16 17:30:00+01:00,157.64729559826344,165.22
2025-12-16 17:45:00+01:00,143.17179278361448,157.14
2025-12-16 18:00:00+01:00,156.0373879530892,151.11
2025-12-16 18:15:00+01:00,148.5773195441274,142.03
2025-12-16 18:30:00+01:00,143.8270238282793,138.93
2025-12-16 18:45:00+01:00,142.09466910659825,136.93
2025-12-16 19:00:00+01:00,163.0083954034342,147.29
2025-12-16 19:15:00+01:00,155.83586769305612,140.41
2025-12-16 19:30:00+01:00,152.77641538566115,131.7
2025-12-16 19:45:00+01:00,143.40577462487389,128.99
2025-12-16 20:00:00+01:00,145.2479452047811,130.62
2025-12-16 20:15:00+01:00,131.25122582125252,138.77
2025-12-16 20:30:00+01:00,120.60871653612024,127.0
2025-12-16 20:45:00+01:00,116.2840247216609,119.01
2025-12-16 21:00:00+01:00,121.71910140791007,133.59
2025-12-16 21:15:00+01:00,113.66179224047248,123.13
2025-12-16 21:30:00+01:00,108.32387976836762,115.6
2025-12-16 21:45:00+01:00,100.14263078663463,103.45
2025-12-16 22:00:00+01:00,111.55922122310234,127.33
2025-12-16 22:15:00+01:00,108.17206042445396,116.56
2025-12-16 22:30:00+01:00,104.0889419485457,112.72
2025-12-16 22:45:00+01:00,98.10226615522207,105.69
2025-12-16 23:00:00+01:00,107.1986982527668,113.71
2025-12-16 23:15:00+01:00,96.25616785533553,106.54
2025-12-16 23:30:00+01:00,90.64832807574832,101.42
2025-12-16 23:45:00+01:00,85.08808240197381,92.01
2025-12-17 00:00:00+01:00,106.18229994418716,89.9
2025-12-17 00:15:00+01:00,100.76222774318715,89.12
2025-12-17 00:30:00+01:00,97.18402017414124,89.12
2025-12-17 00:45:00+01:00,95.1086231112947,87.87
2025-12-17 01:00:00+01:00,102.21864552912174,93.78
2025-12-17 01:15:00+01:00,97.42168929987899,90.09
2025-12-17 01:30:00+01:00,94.47996201178354,88.34
2025-12-17 01:45:00+01:00,93.47248387012581,86.95
2025-12-17 02:00:00+01:00,96.70396895992653,87.93
2025-12-17 02:15:00+01:00,92.99832982298807,85.55
2025-12-17 02:30:00+01:00,93.33499584169961,86.05
2025-12-17 02:45:00+01:00,92.7317108401138,86.44
2025-12-17 03:00:00+01:00,94.90084242974606,85.15
2025-12-17 03:15:00+01:00,92.00510956801256,84.91
2025-12-17 03:30:00+01:00,90.97892680241173,84.91
2025-12-17 03:45:00+01:00,90.62089057934375,85.13
2025-12-17 04:00:00+01:00,90.55135342241574,86.76
2025-12-17 04:15:00+01:00,90.36121042370952,85.74
2025-12-17 04:30:00+01:00,92.69951056825639,88.82
2025-12-17 04:45:00+01:00,95.3519712105076,90.99
2025-12-17 05:00:00+01:00,91.13494078348526,89.53
2025-12-17 05:15:00+01:00,93.74951473563735,87.61
2025-12-17 05:30:00+01:00,99.43637498549215,91.27
2025-12-17 05:45:00+01:00,105.03835729349284,93.58
2025-12-17 06:00:00+01:00,100.29929093343983,76.71
2025-12-17 06:15:00+01:00,112.79713248993001,85.1
2025-12-17 06:30:00+01:00,127.43158207055427,95.24
2025-12-17 06:45:00+01:00,142.45579145749605,124.9
2025-12-17 07:00:00+01:00,144.85143010526633,86.26
2025-12-17 07:15:00+01:00,152.65840528034371,97.26
2025-12-17 07:30:00+01:00,157.4342408624384,121.63
2025-12-17 07:45:00+01:00,161.26218509399595,130.15
2025-12-17 08:00:00+01:00,167.63693414564176,128.99
2025-12-17 08:15:00+01:00,159.98041447671721,137.0
2025-12-17 08:30:00+01:00,153.75468011509355,135.88
2025-12-17 08:45:00+01:00,139.0095825542101,131.97
2025-12-17 09:00:00+01:00,154.3205159074193,132.0
2025-12-17 09:15:00+01:00,140.0972339110284,133.61
2025-12-17 09:30:00+01:00,134.21702165368,123.95
2025-12-17 09:45:00+01:00,119.66421596835033,115.62
2025-12-17 10:00:00+01:00,143.91156297499128,135.48
2025-12-17 10:15:00+01:00,124.82859051689279,126.34
2025-12-17 10:30:00+01:00,115.10650911334375,120.98
2025-12-17 10:45:00+01:00,109.77957545202385,115.34
2025-12-17 11:00:00+01:00,121.98389117751553,125.37
2025-12-17 11:15:00+01:00,115.55103843437743,119.0
2025-12-17 11:30:00+01:00,109.00910718384372,116.0
2025-12-17 11:45:00+01:00,109.11738475389937,112.23
2025-12-17 12:00:00+01:00,105.98458975081677,109.66
2025-12-17 12:15:00+01:00,106.61010421295683,108.34
2025-12-17 12:30:00+01:00,107.09354158761859,113.0
2025-12-17 12:45:00+01:00,119.32093570985293,116.58
2025-12-17 13:00:00+01:00,112.47972443166,118.1
2025-12-17 13:15:00+01:00,116.22065037582936,119.01
2025-12-17 13:30:00+01:00,122.23768457628688,126.4
2025-12-17 13:45:00+01:00,129.80777354430373,127.12
2025-12-17 14:00:00+01:00,113.45979348481116,120.65
2025-12-17 14:15:00+01:00,126.14598557791786,121.66
2025-12-17 14:30:00+01:00,126.58994448820394,129.0
2025-12-17 14:45:00+01:00,137.70008336016724,148.57
2025-12-17 15:00:00+01:00,123.03016845796526,116.92
2025-12-17 15:15:00+01:00,132.08632261608795,124.98
2025-12-17 15:30:00+01:00,143.876656215697,133.29
2025-12-17 15:45:00+01:00,155.8426014897973,134.82
2025-12-17 16:00:00+01:00,140.27059153273888,121.61
2025-12-17 16:15:00+01:00,147.86440504367067,125.56
2025-12-17 16:30:00+01:00,151.79959191439403,128.63
2025-12-17 16:45:00+01:00,165.965771920563,130.19
2025-12-17 17:00:00+01:00,156.8324103782516,129.91
2025-12-17 17:15:00+01:00,152.42129017144373,126.37
2025-12-17 17:30:00+01:00,151.7830158909374,122.99
2025-12-17 17:45:00+01:00,146.93099279661809,112.03
2025-12-17 18:00:00+01:00,147.8109417480272,131.4
2025-12-17 18:15:00+01:00,141.98564908974424,118.56
2025-12-17 18:30:00+01:00,138.3434544613349,104.78
2025-12-17 18:45:00+01:00,135.50225932002118,90.86
2025-12-17 19:00:00+01:00,140.75932993063225,114.24
2025-12-17 19:15:00+01:00,126.3968355108437,95.63
2025-12-17 19:30:00+01:00,117.67316672475818,92.98
2025-12-17 19:45:00+01:00,108.55965666650611,87.17
2025-12-17 20:00:00+01:00,115.96111203426273,112.26
2025-12-17 20:15:00+01:00,109.45970304833128,98.28
2025-12-17 20:30:00+01:00,103.18490664048426,84.9
2025-12-17 20:45:00+01:00,94.49159973367696,83.4
2025-12-17 21:00:00+01:00,109.57140618363886,112.56
2025-12-17 21:15:00+01:00,102.3457728856125,94.64
2025-12-17 21:30:00+01:00,96.1167342373569,88.67
2025-12-17 21:45:00+01:00,88.77953504329398,82.94
2025-12-17 22:00:00+01:00,103.35298748704363,105.17
2025-12-17 22:15:00+01:00,96.38302617280061,99.91
2025-12-17 22:30:00+01:00,92.78376908301802,87.28
2025-12-17 22:45:00+01:00,84.06294182012103,80.51
2025-12-17 23:00:00+01:00,93.55797776516987,105.74
2025-12-17 23:15:00+01:00,86.8625737533115,88.41
2025-12-17 23:30:00+01:00,82.68169586221316,74.76
2025-12-17 23:45:00+01:00,73.0896738790781,71.09
2025-12-18 00:00:00+01:00,85.26811912862618,83.56
2025-12-18 00:15:00+01:00,79.99958699667174,84.15
2025-12-18 00:30:00+01:00,76.08533759250273,73.79
2025-12-18 00:45:00+01:00,67.8368021551821,69.52
2025-12-18 01:00:00+01:00,80.92410982315039,82.91
2025-12-18 01:15:00+01:00,74.4607046092894,69.55
2025-12-18 01:30:00+01:00,69.17577921683107,64.33
2025-12-18 01:45:00+01:00,65.30223966802133,59.47
2025-12-18 02:00:00+01:00,74.32086069969358,63.68
2025-12-18 02:15:00+01:00,66.82487171942911,59.17
2025-12-18 02:30:00+01:00,64.52669605961088,59.6
2025-12-18 02:45:00+01:00,64.16609340598772,58.06
2025-12-18 03:00:00+01:00,65.54867483935311,57.35
2025-12-18 03:15:00+01:00,63.75958778658928,52.06
2025-12-18 03:30:00+01:00,63.459312992940816,44.59
2025-12-18 03:45:00+01:00,59.72649996425414,41.56
2025-12-18 04:00:00+01:00,61.26607593000986,46.52
2025-12-18 04:15:00+01:00,62.241910479150945,43.19
2025-12-18 04:30:00+01:00,62.34626492028276,46.51
2025-12-18 04:45:00+01:00,65.41558087327142,43.05
2025-12-18 05:00:00+01:00,63.812911530158495,34.58
2025-12-18 05:15:00+01:00,66.23386243031811,39.87
2025-12-18 05:30:00+01:00,70.21853753400822,63.22
2025-12-18 05:45:00+01:00,77.13916433222073,65.64
2025-12-18 06:00:00+01:00,62.959667095051046,58.69
2025-12-18 06:15:00+01:00,72.71716186077727,60.26
2025-12-18 06:30:00+01:00,80.54202466269298,66.01
2025-12-18 06:45:00+01:00,92.78909663058518,68.01
2025-12-18 07:00:00+01:00,85.09404287101654,69.25
2025-12-18 07:15:00+01:00,90.10884606799986,77.87
2025-12-18 07:30:00+01:00,94.35249928052573,91.94
2025-12-18 07:45:00+01:00,95.66478233754574,87.04
2025-12-18 08:00:00+01:00,107.02691191728545,99.82
2025-12-18 08:15:00+01:00,104.11409285914166,86.1
2025-12-18 08:30:00+01:00,98.14407959016167,93.34
2025-12-18 08:45:00+01:00,96.39419131610279,83.71
2025-12-18 09:00:00+01:00,103.86074741254629,118.01
2025-12-18 09:15:00+01:00,100.4475320921294,88.61
2025-12-18 09:30:00+01:00,95.12276916558557,72.46
2025-12-18 09:45:00+01:00,88.95317395412803,75.15
2025-12-18 10:00:00+01:00,97.29221862481765,82.91
2025-12-18 10:15:00+01:00,91.12078138804976,91.61
2025-12-18 10:30:00+01:00,87.7454452373692,74.64
2025-12-18 10:45:00+01:00,80.98772402292529,63.97
2025-12-18 11:00:00+01:00,90.67353132927056,85.17
2025-12-18 11:15:00+01:00,88.77299753194532,76.22
2025-12-18 11:30:00+01:00,86.67758094081198,78.39
2025-12-18 11:45:00+01:00,84.23630520085553,73.37
2025-12-18 12:00:00+01:00,87.51538214510731,73.71
2025-12-18 12:15:00+01:00,81.65193313778792,73.15
2025-12-18 12:30:00+01:00,83.6905945191492,77.95
2025-12-18 12:45:00+01:00,85.92182670743024,84.88
2025-12-18 13:00:00+01:00,82.35840026214646,68.67
2025-12-18 13:15:00+01:00,85.25351593376755,74.08
2025-12-18 13:30:00+01:00,86.59266153446393,85.0
2025-12-18 13:45:00+01:00,90.96689921208802,90.16
2025-12-18 14:00:00+01:00,84.99061896619745,82.48
2025-12-18 14:15:00+01:00,88.29826619614619,98.0
2025-12-18 14:30:00+01:00,95.43855890456213,120.8
2025-12-18 14:45:00+01:00,103.74521514132164,113.74
2025-12-18 15:00:00+01:00,89.73897216010528,106.66
2025-12-18 15:15:00+01:00,98.8470572837577,107.89
2025-12-18 15:30:00+01:00,105.30626923873798,115.52
2025-12-18 15:45:00+01:00,109.86440547003517,127.9
2025-12-18 16:00:00+01:00,99.93011557405049,102.75
2025-12-18 16:15:00+01:00,108.10059766017886,110.28
2025-12-18 16:30:00+01:00,108.80381750765837,120.77
2025-12-18 16:45:00+01:00,114.78426928749928,109.73
2025-12-18 17:00:00+01:00,110.38849010166331,108.49
2025-12-18 17:15:00+01:00,112.82691830584614,104.54
2025-12-18 17:30:00+01:00,106.82184326558348,103.4
2025-12-18 17:45:00+01:00,94.11566279011495,97.24
2025-12-18 18:00:00+01:00,112.93648616584929,84.61
2025-12-18 18:15:00+01:00,105.27132609305093,86.82
2025-12-18 18:30:00+01:00,94.46473704939469,96.5
2025-12-18 18:45:00+01:00,77.11878230288545,85.09
2025-12-18 19:00:00+01:00,83.26968845984729,97.12
2025-12-18 19:15:00+01:00,65.72549436017351,84.2
2025-12-18 19:30:00+01:00,63.58963785701678,74.39
2025-12-18 19:45:00+01:00,56.79083800860811,64.85
2025-12-18 20:00:00+01:00,81.38133570567457,77.0
2025-12-18 20:15:00+01:00,77.83999506277934,74.14
2025-12-18 20:30:00+01:00,73.62157971741105,65.5
2025-12-18 20:45:00+01:00,66.613731955411,54.09
2025-12-18 21:00:00+01:00,80.32533287496724,60.02
2025-12-18 21:15:00+01:00,72.51158682771623,58.8
2025-12-18 21:30:00+01:00,67.39246492217686,50.23
2025-12-18 21:45:00+01:00,62.6941753510274,43.97
2025-12-18 22:00:00+01:00,71.0114281344664,61.73
2025-12-18 22:15:00+01:00,66.30532795892478,53.73
2025-12-18 22:30:00+01:00,67.51949906815867,52.38
2025-12-18 22:45:00+01:00,56.213377428410254,39.36
2025-12-18 23:00:00+01:00,57.70160768811799,32.0
2025-12-18 23:15:00+01:00,57.730949100042054,21.07
2025-12-18 23:30:00+01:00,54.57944984401006,14.46
2025-12-18 23:45:00+01:00,42.792472658754974,7.08
2025-12-19 00:00:00+01:00,34.48765292505503,12.77
2025-12-19 00:15:00+01:00,25.031582923473827,10.35
2025-12-19 00:30:00+01:00,18.246228794518345,9.24
2025-12-19 00:45:00+01:00,20.17448909217773,7.0
2025-12-19 01:00:00+01:00,26.338299747954125,8.1
2025-12-19 01:15:00+01:00,21.66069229692301,5.89
2025-12-19 01:30:00+01:00,24.924200410240452,5.05
2025-12-19 01:45:00+01:00,23.931716378999525,4.39
2025-12-19 02:00:00+01:00,24.070337748874223,4.35
2025-12-19 02:15:00+01:00,24.438388819511964,4.32
2025-12-19 02:30:00+01:00,27.612206138053686,4.33
2025-12-19 02:45:00+01:00,28.96628809827193,4.32
2025-12-19 03:00:00+01:00,29.418522343170892,3.69
2025-12-19 03:15:00+01:00,29.931672637577,3.47
2025-12-19 03:30:00+01:00,34.90260583508396,3.28
2025-12-19 03:45:00+01:00,35.40968067261641,3.62
2025-12-19 04:00:00+01:00,33.83528593820153,3.4
2025-12-19 04:15:00+01:00,39.271324463756315,4.01
2025-12-19 04:30:00+01:00,43.690941497123816,4.32
2025-12-19 04:45:00+01:00,49.45467693372328,4.73
2025-12-19 05:00:00+01:00,37.603135764924815,4.64
2025-12-19 05:15:00+01:00,50.36723971440158,8.52
2025-12-19 05:30:00+01:00,58.847410058772454,10.0
2025-12-19 05:45:00+01:00,74.13218203803561,19.94
2025-12-19 06:00:00+01:00,40.95056872914054,15.0
2025-12-19 06:15:00+01:00,66.70692691533363,37.71
2025-12-19 06:30:00+01:00,76.62389715958481,43.81
2025-12-19 06:45:00+01:00,96.46722682488463,64.6
2025-12-19 07:00:00+01:00,74.27582556937136,53.75
2025-12-19 07:15:00+01:00,92.40914043935679,69.84
2025-12-19 07:30:00+01:00,96.48990888898294,88.13
2025-12-19 07:45:00+01:00,97.35847875381191,95.13
2025-12-19 08:00:00+01:00,110.87551462389001,87.59
2025-12-19 08:15:00+01:00,106.64542067455837,89.44
2025-12-19 08:30:00+01:00,97.94265989013672,92.22
2025-12-19 08:45:00+01:00,85.62668254386683,88.92
2025-12-19 09:00:00+01:00,99.63887553864454,92.81
2025-12-19 09:15:00+01:00,101.72778527815304,89.8
2025-12-19 09:30:00+01:00,90.86497894819286,88.77
2025-12-19 09:45:00+01:00,78.82035869560373,86.16
2025-12-19 10:00:00+01:00,91.01530609069256,93.11
2025-12-19 10:15:00+01:00,89.7821726098502,90.13
2025-12-19 10:30:00+01:00,83.87627296671987,87.68
2025-12-19 10:45:00+01:00,78.3500759043079,86.0
2025-12-19 11:00:00+01:00,93.3923601794121,87.23
2025-12-19 11:15:00+01:00,87.96596760897458,86.14
2025-12-19 11:30:00+01:00,85.3442731335882,87.94
2025-12-19 11:45:00+01:00,81.05264974420554,88.65
2025-12-19 12:00:00+01:00,80.161026318998,79.91
2025-12-19 12:15:00+01:00,80.78072310618131,81.69
2025-12-19 12:30:00+01:00,82.13599186208597,87.31
2025-12-19 12:45:00+01:00,79.69729794566163,89.38
2025-12-19 13:00:00+01:00,78.99212608166692,89.2
2025-12-19 13:15:00+01:00,77.87170036090774,86.6
2025-12-19 13:30:00+01:00,81.37447006360355,86.08
2025-12-19 13:45:00+01:00,85.7816001034846,88.62
2025-12-19 14:00:00+01:00,82.50120744004771,86.6
2025-12-19 14:15:00+01:00,81.78561667355463,92.59
2025-12-19 14:30:00+01:00,89.18526075349463,98.86
2025-12-19 14:45:00+01:00,107.6494274132203,95.34
2025-12-19 15:00:00+01:00,89.88758704047719,92.26
2025-12-19 15:15:00+01:00,101.90907512038237,97.1
2025-12-19 15:30:00+01:00,118.71590616513136,100.1
2025-12-19 15:45:00+01:00,136.48287360175274,100.15
2025-12-19 16:00:00+01:00,104.5809112447262,94.28
2025-12-19 16:15:00+01:00,116.9575391271283,95.78
2025-12-19 16:30:00+01:00,118.93459389875375,103.25
2025-12-19 16:45:00+01:00,129.40184478482624,108.02
2025-12-19 17:00:00+01:00,122.2372064712233,103.56
2025-12-19 17:15:00+01:00,123.30050737551983,107.71
2025-12-19 17:30:00+01:00,136.89449047076403,107.4
2025-12-19 17:45:00+01:00,125.26260406926302,108.95
2025-12-19 18:00:00+01:00,135.48714218051038,108.07
2025-12-19 18:15:00+01:00,131.3312021559764,108.04
2025-12-19 18:30:00+01:00,116.44911961709585,108.04
2025-12-19 18:45:00+01:00,118.05548864079566,105.77
2025-12-19 19:00:00+01:00,111.34018876215542,108.08
2025-12-19 19:15:00+01:00,107.5294042531975,105.44
2025-12-19 19:30:00+01:00,108.25973410343815,106.63
2025-12-19 19:45:00+01:00,98.4254698380308,100.34
2025-12-19 20:00:00+01:00,114.9336434743655,107.29
2025-12-19 20:15:00+01:00,106.20899287866844,107.45
2025-12-19 20:30:00+01:00,102.2612928315268,98.88
2025-12-19 20:45:00+01:00,96.62522453569476,98.02
2025-12-19 21:00:00+01:00,112.036021602444,104.52
2025-12-19 21:15:00+01:00,105.74200598715602,101.24
2025-12-19 21:30:00+01:00,96.65810344286457,96.19
2025-12-19 21:45:00+01:00,89.53263376310956,91.9
2025-12-19 22:00:00+01:00,105.4627754528396,100.25
2025-12-19 22:15:00+01:00,101.01468325901868,98.33
2025-12-19 22:30:00+01:00,98.17192557182746,95.59
2025-12-19 22:45:00+01:00,88.41682689918612,90.94
2025-12-19 23:00:00+01:00,100.62511312969866,97.14
2025-12-19 23:15:00+01:00,91.43733836311296,89.15
2025-12-19 23:30:00+01:00,87.45305015035282,90.12
2025-12-19 23:45:00+01:00,81.26640273280785,84.31
2025-12-20 00:00:00+01:00,94.67358252737498,90.36
2025-12-20 00:15:00+01:00,89.88855244946005,86.46
2025-12-20 00:30:00+01:00,87.15348659492544,81.19
2025-12-20 00:45:00+01:00,86.59799122504678,81.24
2025-12-20 01:00:00+01:00,88.28745481575154,87.0
2025-12-20 01:15:00+01:00,86.55433926446008,83.37
2025-12-20 01:30:00+01:00,87.9016852634177,81.9
2025-12-20 01:45:00+01:00,86.6941383040142,81.33
2025-12-20 02:00:00+01:00,86.40333168608157,86.88
2025-12-20 02:15:00+01:00,87.1051543502742,85.28
2025-12-20 02:30:00+01:00,87.67208496343767,82.94
2025-12-20 02:45:00+01:00,87.41383228827618,84.91
2025-12-20 03:00:00+01:00,87.9107884203657,86.56
2025-12-20 03:15:00+01:00,87.88236524473177,85.86
2025-12-20 03:30:00+01:00,88.95499404951242,87.97
2025-12-20 03:45:00+01:00,89.43588749646867,89.56
2025-12-20 04:00:00+01:00,88.21444761191432,86.91
2025-12-20 04:15:00+01:00,89.64045342674862,86.93
2025-12-20 04:30:00+01:00,92.25764670027746,88.18
2025-12-20 04:45:00+01:00,93.27721161868597,91.82
2025-12-20 05:00:00+01:00,90.60700385782309,86.9
2025-12-20 05:15:00+01:00,92.65699551755183,85.51
2025-12-20 05:30:00+01:00,95.18208629017573,89.25
2025-12-20 05:45:00+01:00,98.4033066514788,98.0
2025-12-20 06:00:00+01:00,86.90802197455065,92.07
2025-12-20 06:15:00+01:00,91.99098821651278,94.38
2025-12-20 06:30:00+01:00,97.93701006355414,95.18
2025-12-20 06:45:00+01:00,104.88160168386953,102.27
2025-12-20 07:00:00+01:00,98.22390460585004,98.84
2025-12-20 07:15:00+01:00,105.0939131076232,102.21
2025-12-20 07:30:00+01:00,112.83502540195134,105.0
2025-12-20 07:45:00+01:00,116.97678400591484,109.95
2025-12-20 08:00:00+01:00,116.3774743264314,108.88
2025-12-20 08:15:00+01:00,114.85374400049947,110.44
2025-12-20 08:30:00+01:00,124.28752890292003,115.51
2025-12-20 08:45:00+01:00,124.38871351730737,118.0
2025-12-20 09:00:00+01:00,123.73435057039055,114.87
2025-12-20 09:15:00+01:00,119.04333885114606,116.97
2025-12-20 09:30:00+01:00,118.09779473105883,114.37
2025-12-20 09:45:00+01:00,116.1237219626244,112.99
2025-12-20 10:00:00+01:00,122.64762392227563,114.33
2025-12-20 10:15:00+01:00,118.61072987348058,115.19
2025-12-20 10:30:00+01:00,108.01063141927702,112.1
2025-12-20 10:45:00+01:00,111.50361123278137,109.05
2025-12-20 11:00:00+01:00,113.05885510423253,113.15
2025-12-20 11:15:00+01:00,115.65469017144233,110.33
2025-12-20 11:30:00+01:00,110.05313306461987,110.82
2025-12-20 11:45:00+01:00,107.70780385314771,109.65
2025-12-20 12:00:00+01:00,118.85538584630906,108.74
2025-12-20 12:15:00+01:00,110.73717309549065,107.55
2025-12-20 12:30:00+01:00,110.96941486824551,111.63
2025-12-20 12:45:00+01:00,110.01812877539543,113.15
2025-12-20 13:00:00+01:00,113.1153836062366,109.33
2025-12-20 13:15:00+01:00,112.38560892073212,111.7
2025-12-20 13:30:00+01:00,109.67413036629553,117.97
2025-12-20 13:45:00+01:00,112.64519255886105,120.93
2025-12-20 14:00:00+01:00,111.24322748448137,115.62
2025-12-20 14:15:00+01:00,113.52761338153839,121.53
2025-12-20 14:30:00+01:00,116.61219113428291,120.39
2025-12-20 14:45:00+01:00,122.256119210849,120.39
2025-12-20 15:00:00+01:00,116.15158182117099,116.59
2025-12-20 15:15:00+01:00,116.00451277162131,118.0
2025-12-20 15:30:00+01:00,119.28855384843303,121.01
2025-12-20 15:45:00+01:00,126.00626291741084,126.95
2025-12-20 16:00:00+01:00,116.25481908301715,114.25
2025-12-20 16:15:00+01:00,125.682806833357,120.39
2025-12-20 16:30:00+01:00,124.4110040465861,120.4
2025-12-20 16:45:00+01:00,133.63162325323043,125.78
2025-12-20 17:00:00+01:00,132.3835781603357,127.0
2025-12-20 17:15:00+01:00,135.42847601828095,122.46
2025-12-20 17:30:00+01:00,127.92612348384836,120.4
2025-12-20 17:45:00+01:00,136.18358951482944,119.71
2025-12-20 18:00:00+01:00,148.09262946803688,128.99
2025-12-20 18:15:00+01:00,141.90138292501058,120.6
2025-12-20 18:30:00+01:00,131.68032552485704,113.7
2025-12-20 18:45:00+01:00,129.25376609929003,109.77
2025-12-20 19:00:00+01:00,132.8754473525462,113.48
2025-12-20 19:15:00+01:00,128.3575442684401,104.49
2025-12-20 19:30:00+01:00,126.8868668978414,103.38
2025-12-20 19:45:00+01:00,120.30743180830062,95.09
2025-12-20 20:00:00+01:00,129.7989328374779,104.08
2025-12-20 20:15:00+01:00,123.3414371943833,96.55
2025-12-20 20:30:00+01:00,111.04399747394052,95.04
2025-12-20 20:45:00+01:00,104.69680327518005,89.86
2025-12-20 21:00:00+01:00,112.05951877757721,95.03
2025-12-20 21:15:00+01:00,106.85806147938663,91.54
2025-12-20 21:30:00+01:00,100.3392464034446,94.5
2025-12-20 21:45:00+01:00,97.68492297247764,90.97
2025-12-20 22:00:00+01:00,108.02731721009691,101.53
2025-12-20 22:15:00+01:00,102.79881755144342,90.73
2025-12-20 22:30:00+01:00,100.81148734396943,86.01
2025-12-20 22:45:00+01:00,93.08117310850886,90.71
2025-12-20 23:00:00+01:00,103.56252141526575,104.36
2025-12-20 23:15:00+01:00,95.28971258673025,90.86
2025-12-20 23:30:00+01:00,92.22605540921094,84.5
2025-12-20 23:45:00+01:00,86.90091922837073,82.97
2025-12-21 00:00:00+01:00,94.38590995623387,103.92
2025-12-21 00:15:00+01:00,89.16508358797978,98.0
2025-12-21 00:30:00+01:00,83.56125958506728,93.13
2025-12-21 00:45:00+01:00,80.64545638076427,87.75
2025-12-21 01:00:00+01:00,88.38861644263585,98.99
2025-12-21 01:15:00+01:00,82.99466804314093,90.05
2025-12-21 01:30:00+01:00,80.58979509939954,86.14
2025-12-21 01:45:00+01:00,78.9639502069741,85.0
2025-12-21 02:00:00+01:00,82.02325054883445,90.75
2025-12-21 02:15:00+01:00,79.08724318687361,86.56
2025-12-21 02:30:00+01:00,78.2584191706103,85.69
2025-12-21 02:45:00+01:00,77.70664293042354,82.94
2025-12-21 03:00:00+01:00,78.32217587025862,85.73
2025-12-21 03:15:00+01:00,77.5755247408328,86.41
2025-12-21 03:30:00+01:00,77.27990358280815,85.51
2025-12-21 03:45:00+01:00,76.38524339167367,83.93
2025-12-21 04:00:00+01:00,77.12125499695239,85.54
2025-12-21 04:15:00+01:00,78.19598221354659,84.29
2025-12-21 04:30:00+01:00,79.00121950641262,87.03
2025-12-21 04:45:00+01:00,80.2110035090865,85.65
2025-12-21 05:00:00+01:00,81.30476340608016,87.24
2025-12-21 05:15:00+01:00,80.71966432922802,86.28
2025-12-21 05:30:00+01:00,81.85302745396848,87.11
2025-12-21 05:45:00+01:00,83.06335581195354,86.67
2025-12-21 06:00:00+01:00,71.79787779553187,84.34
2025-12-21 06:15:00+01:00,71.41219340523205,86.87
2025-12-21 06:30:00+01:00,77.6192978590442,87.6
2025-12-21 06:45:00+01:00,82.41689298589341,93.75
2025-12-21 07:00:00+01:00,77.47454802928125,87.89
2025-12-21 07:15:00+01:00,82.98860874347392,90.57
2025-12-21 07:30:00+01:00,88.97658236328212,92.95
2025-12-21 07:45:00+01:00,93.05335642679015,100.0
2025-12-21 08:00:00+01:00,89.8911610122488,98.98
2025-12-21 08:15:00+01:00,93.03091597472348,102.42
2025-12-21 08:30:00+01:00,90.90278387874147,103.09
2025-12-21 08:45:00+01:00,88.51397122450079,104.1
2025-12-21 09:00:00+01:00,92.74998671811048,106.7
2025-12-21 09:15:00+01:00,94.9814734495525,109.99
2025-12-21 09:30:00+01:00,92.06863799549478,107.39
2025-12-21 09:45:00+01:00,86.42637037769776,103.96
2025-12-21 10:00:00+01:00,90.46215604690047,111.83
2025-12-21 10:15:00+01:00,87.31706922570015,105.54
2025-12-21 10:30:00+01:00,83.26360189102441,99.37
2025-12-21 10:45:00+01:00,81.0344944872072,93.59
2025-12-21 11:00:00+01:00,81.93424905463954,104.58
2025-12-21 11:15:00+01:00,81.28660417833399,103.52
2025-12-21 11:30:00+01:00,81.9959727635835,99.29
2025-12-21 11:45:00+01:00,79.0204284764444,97.81
2025-12-21 12:00:00+01:00,76.90648505729105,101.95
2025-12-21 12:15:00+01:00,75.98318220827623,98.06
2025-12-21 12:30:00+01:00,77.92460979929092,97.47
2025-12-21 12:45:00+01:00,77.60438310866064,96.45
2025-12-21 13:00:00+01:00,77.70925128400847,99.32
2025-12-21 13:15:00+01:00,78.6152218497105,96.87
2025-12-21 13:30:00+01:00,78.74355363136895,92.86
2025-12-21 13:45:00+01:00,78.37321168804563,90.42
2025-12-21 14:00:00+01:00,72.65602734670445,94.39
2025-12-21 14:15:00+01:00,79.7112324788374,96.15
2025-12-21 14:30:00+01:00,83.1889450837197,101.07
2025-12-21 14:45:00+01:00,88.49893158991055,103.96
2025-12-21 15:00:00+01:00,86.06640408356411,94.03
2025-12-21 15:15:00+01:00,87.70781066690446,103.08
2025-12-21 15:30:00+01:00,85.85098873072694,102.63
2025-12-21 15:45:00+01:00,92.80938206332189,103.74
2025-12-21 16:00:00+01:00,89.0090849916772,91.64
2025-12-21 16:15:00+01:00,93.29430959940987,100.11
2025-12-21 16:30:00+01:00,94.6887807047373,98.56
2025-12-21 16:45:00+01:00,95.811965534309,99.75
2025-12-21 17:00:00+01:00,100.6448717365041,102.1
2025-12-21 17:15:00+01:00,103.20183095757399,99.94
2025-12-21 17:30:00+01:00,104.30398148425498,95.53
2025-12-21 17:45:00+01:00,99.82455649944676,90.7
2025-12-21 18:00:00+01:00,110.06271651101818,100.83
2025-12-21 18:15:00+01:00,102.272058231924,90.75
2025-12-21 18:30:00+01:00,96.4533017103969,86.03
2025-12-21 18:45:00+01:00,89.73353702961874,85.57
2025-12-21 19:00:00+01:00,89.66777720560472,88.15
2025-12-21 19:15:00+01:00,84.70089473505436,87.19
2025-12-21 19:30:00+01:00,83.52505605689394,85.28
2025-12-21 19:45:00+01:00,81.04134661032117,83.94
2025-12-21 20:00:00+01:00,84.92491830567066,84.8
2025-12-21 20:15:00+01:00,86.65263595982452,82.28
2025-12-21 20:30:00+01:00,78.76469254830612,80.61
2025-12-21 20:45:00+01:00,76.32446328947675,78.93
2025-12-21 21:00:00+01:00,87.78427855162468,83.51
2025-12-21 21:15:00+01:00,83.29933561666027,77.7
2025-12-21 21:30:00+01:00,78.64855447610775,79.94
2025-12-21 21:45:00+01:00,75.72965408331635,74.3
2025-12-21 22:00:00+01:00,85.85328255714418,83.4
2025-12-21 22:15:00+01:00,80.88856595591842,78.77
2025-12-21 22:30:00+01:00,80.3021489205886,76.24
2025-12-21 22:45:00+01:00,74.69693922176603,71.57
2025-12-21 23:00:00+01:00,76.50542776368594,78.03
2025-12-21 23:15:00+01:00,74.28599431133208,72.29
2025-12-21 23:30:00+01:00,71.97673588130483,69.17
2025-12-21 23:45:00+01:00,64.62794434832954,64.13
2025-12-22 00:00:00+01:00,74.27749098694252,72.5
2025-12-22 00:15:00+01:00,71.77627876236653,70.49
2025-12-22 00:30:00+01:00,65.45848233869287,69.35
2025-12-22 00:45:00+01:00,62.25470522119795,68.57
2025-12-22 01:00:00+01:00,71.9271579587439,71.27
2025-12-22 01:15:00+01:00,67.58692687269257,68.33
2025-12-22 01:30:00+01:00,65.35650647410182,68.67
2025-12-22 01:45:00+01:00,63.36880786984595,67.04
2025-12-22 02:00:00+01:00,64.34293775439792,69.22
2025-12-22 02:15:00+01:00,63.298751743260425,67.47
2025-12-22 02:30:00+01:00,62.09985026183239,67.23
2025-12-22 02:45:00+01:00,61.01968460593652,67.22
2025-12-22 03:00:00+01:00,62.254526466515856,65.92
2025-12-22 03:15:00+01:00,61.334546256558355,65.87
2025-12-22 03:30:00+01:00,61.033928796920264,66.33
2025-12-22 03:45:00+01:00,59.60347176626243,67.12
2025-12-22 04:00:00+01:00,60.35413790542042,70.97
2025-12-22 04:15:00+01:00,61.562083333981725,70.04
2025-12-22 04:30:00+01:00,62.633224841067175,71.59
2025-12-22 04:45:00+01:00,65.5678576213032,73.47
2025-12-22 05:00:00+01:00,62.11553480163279,70.44
2025-12-22 05:15:00+01:00,65.94559595993144,72.85
2025-12-22 05:30:00+01:00,71.5730994584253,77.1
2025-12-22 05:45:00+01:00,79.27565291771926,76.06
2025-12-22 06:00:00+01:00,61.67177329716584,71.37
2025-12-22 06:15:00+01:00,78.6825715319317,75.47
2025-12-22 06:30:00+01:00,77.1090950324209,78.52
2025-12-22 06:45:00+01:00,93.84220283897707,87.39
2025-12-22 07:00:00+01:00,88.39723071299811,80.9
2025-12-22 07:15:00+01:00,94.98367002892668,81.24
2025-12-22 07:30:00+01:00,101.44293087436326,95.53
2025-12-22 07:45:00+01:00,92.69393038914771,104.12
2025-12-22 08:00:00+01:00,109.96287221908793,88.57
2025-12-22 08:15:00+01:00,109.45246514893608,90.65
2025-12-22 08:30:00+01:00,106.68287340983098,100.69
2025-12-22 08:45:00+01:00,102.76901012211334,93.46
2025-12-22 09:00:00+01:00,113.49422766056169,93.55
2025-12-22 09:15:00+01:00,107.30881224032497,90.66
2025-12-22 09:30:00+01:00,101.5991397341939,89.66
2025-12-22 09:45:00+01:00,95.73751416743487,89.3
2025-12-22 10:00:00+01:00,105.81321814485406,101.54
2025-12-22 10:15:00+01:00,100.86566028718192,90.7
2025-12-22 10:30:00+01:00,95.31683084209895,86.89
2025-12-22 10:45:00+01:00,89.9796969437935,77.86
2025-12-22 11:00:00+01:00,98.76224963280649,86.43
2025-12-22 11:15:00+01:00,92.89493932545946,82.42
2025-12-22 11:30:00+01:00,89.68360413322418,84.96
2025-12-22 11:45:00+01:00,89.40294007883432,86.19
2025-12-22 12:00:00+01:00,84.34780047805121,87.72
2025-12-22 12:15:00+01:00,80.52998070071031,84.13
2025-12-22 12:30:00+01:00,82.72995491505345,86.88
2025-12-22 12:45:00+01:00,86.5027519792797,86.63
2025-12-22 13:00:00+01:00,82.12317397868787,90.0
2025-12-22 13:15:00+01:00,84.18332977430082,88.32
2025-12-22 13:30:00+01:00,87.3966588608464,87.14
2025-12-22 13:45:00+01:00,90.72158560637399,89.0
2025-12-22 14:00:00+01:00,84.66759685219581,91.07
2025-12-22 14:15:00+01:00,89.6706089617563,91.82
2025-12-22 14:30:00+01:00,98.6758993412449,92.07
2025-12-22 14:45:00+01:00,104.77608741714147,93.53
2025-12-22 15:00:00+01:00,96.54154785925041,91.55
2025-12-22 15:15:00+01:00,103.18316479537896,102.91
2025-12-22 15:30:00+01:00,108.50419355715248,101.0
2025-12-22 15:45:00+01:00,113.42442038643817,102.69
2025-12-22 16:00:00+01:00,104.2924481314454,94.53
2025-12-22 16:15:00+01:00,112.59487336203814,101.39
2025-12-22 16:30:00+01:00,114.56685147445728,103.49
2025-12-22 16:45:00+01:00,120.45696080329968,105.31
2025-12-22 17:00:00+01:00,111.10491788021955,107.04
2025-12-22 17:15:00+01:00,117.34664321373225,108.96
2025-12-22 17:30:00+01:00,117.17726610700844,109.31
2025-12-22 17:45:00+01:00,112.80257736100543,106.26
2025-12-22 18:00:00+01:00,121.26856325305081,104.31
2025-12-22 18:15:00+01:00,110.82163859486204,102.1
2025-12-22 18:30:00+01:00,104.58451529482143,98.73
2025-12-22 18:45:00+01:00,98.72606010065775,98.46
2025-12-22 19:00:00+01:00,108.18671418778983,94.95
2025-12-22 19:15:00+01:00,99.54097543594276,95.04
2025-12-22 19:30:00+01:00,101.97749508766812,93.07
2025-12-22 19:45:00+01:00,96.45515374525291,92.1
2025-12-22 20:00:00+01:00,99.73022197215576,92.07
2025-12-22 20:15:00+01:00,94.5993688903871,91.21
2025-12-22 20:30:00+01:00,88.69808851798085,88.14
2025-12-22 20:45:00+01:00,83.77629452879597,86.49
2025-12-22 21:00:00+01:00,96.166564627173,91.64
2025-12-22 21:15:00+01:00,89.46112050254386,84.84
2025-12-22 21:30:00+01:00,83.38026071228188,83.16
2025-12-22 21:45:00+01:00,77.09762097880665,79.8
2025-12-22 22:00:00+01:00,94.27143928859437,91.68
2025-12-22 22:15:00+01:00,87.41132704675142,87.89
2025-12-22 22:30:00+01:00,84.60401012913596,82.98
2025-12-22 22:45:00+01:00,78.01316333730473,76.74
2025-12-22 23:00:00+01:00,84.25941405427103,89.0
2025-12-22 23:15:00+01:00,77.69037704328495,80.21
2025-12-22 23:30:00+01:00,72.61818564471744,74.14
2025-12-22 23:45:00+01:00,65.4661375762171,68.52
2025-12-23 00:00:00+01:00,77.82704287865619,80.33
2025-12-23 00:15:00+01:00,74.90223377247669,73.4
2025-12-23 00:30:00+01:00,71.5756447749325,71.0
2025-12-23 00:45:00+01:00,69.41822110664958,64.2
2025-12-23 01:00:00+01:00,74.06762650723302,66.6
2025-12-23 01:15:00+01:00,69.09424551971608,64.71
2025-12-23 01:30:00+01:00,67.1733143074046,64.88
2025-12-23 01:45:00+01:00,64.69900494321449,63.94
2025-12-23 02:00:00+01:00,67.88606335192463,64.1
2025-12-23 02:15:00+01:00,65.25153968795384,62.06
2025-12-23 02:30:00+01:00,63.90418590915691,60.99
2025-12-23 02:45:00+01:00,62.54781567615312,60.87
2025-12-23 03:00:00+01:00,63.84231720336076,59.53
2025-12-23 03:15:00+01:00,63.113759865873114,59.59
2025-12-23 03:30:00+01:00,61.77952064593916,59.58
2025-12-23 03:45:00+01:00,60.29766624661217,57.54
2025-12-23 04:00:00+01:00,61.56895150444973,58.37
2025-12-23 04:15:00+01:00,61.70351582307228,58.12
2025-12-23 04:30:00+01:00,62.61329260053921,58.13
2025-12-23 04:45:00+01:00,64.95047135890253,57.83
2025-12-23 05:00:00+01:00,63.24404968759166,58.21
2025-12-23 05:15:00+01:00,64.45550016859517,58.36
2025-12-23 05:30:00+01:00,68.90587917164791,59.35
2025-12-23 05:45:00+01:00,75.40630303069766,60.17
2025-12-23 06:00:00+01:00,59.03705448184388,63.59
2025-12-23 06:15:00+01:00,70.82165946693678,64.34
2025-12-23 06:30:00+01:00,74.9589456480325,70.75
2025-12-23 06:45:00+01:00,84.14239505755955,72.71
2025-12-23 07:00:00+01:00,82.93963190001104,72.08
2025-12-23 07:15:00+01:00,89.21142741804042,76.38
2025-12-23 07:30:00+01:00,97.70913439156269,79.99
2025-12-23 07:45:00+01:00,97.39340459256324,83.62
2025-12-23 08:00:00+01:00,109.2011220005143,79.2
2025-12-23 08:15:00+01:00,107.33854189578697,84.35
2025-12-23 08:30:00+01:00,100.75078288240451,84.23
2025-12-23 08:45:00+01:00,93.70837146643716,87.72
2025-12-23 09:00:00+01:00,92.2280161151253,85.38
2025-12-23 09:15:00+01:00,87.76369402794384,86.19
2025-12-23 09:30:00+01:00,94.74756436821886,86.78
2025-12-23 09:45:00+01:00,81.1359241302274,83.51
2025-12-23 10:00:00+01:00,89.50309692450853,84.82
2025-12-23 10:15:00+01:00,83.63234706666186,86.45
2025-12-23 10:30:00+01:00,85.20978269805916,84.08
2025-12-23 10:45:00+01:00,82.0334927595553,80.0
2025-12-23 11:00:00+01:00,84.35615760244269,86.11
2025-12-23 11:15:00+01:00,84.68770167949383,82.46
2025-12-23 11:30:00+01:00,83.70284452639247,80.6
2025-12-23 11:45:00+01:00,79.31988702711038,78.3
2025-12-23 12:00:00+01:00,76.51592455877125,83.33
2025-12-23 12:15:00+01:00,74.61815336547761,79.9
2025-12-23 12:30:00+01:00,75.96102482737972,80.12
2025-12-23 12:45:00+01:00,77.29434294080872,78.59
2025-12-23 13:00:00+01:00,75.22037731581736,80.86
2025-12-23 13:15:00+01:00,75.70983682523256,79.0
2025-12-23 13:30:00+01:00,76.49935477477356,78.25
2025-12-23 13:45:00+01:00,80.12324955936435,78.74
2025-12-23 14:00:00+01:00,74.86953631810078,76.59
2025-12-23 14:15:00+01:00,77.05730760166503,78.35
2025-12-23 14:30:00+01:00,85.053728489375,80.54
2025-12-23 14:45:00+01:00,88.14363582025365,81.38
2025-12-23 15:00:00+01:00,81.74614344263435,76.15
2025-12-23 15:15:00+01:00,88.91938878074355,80.6
2025-12-23 15:30:00+01:00,96.39101309108717,84.3
2025-12-23 15:45:00+01:00,94.76625326083091,86.26
2025-12-23 16:00:00+01:00,92.45486802361404,81.81
2025-12-23 16:15:00+01:00,98.72950007586175,79.75
2025-12-23 16:30:00+01:00,98.10134174257325,84.59
2025-12-23 16:45:00+01:00,91.03146669857352,88.6
2025-12-23 17:00:00+01:00,98.56948689128848,80.07
2025-12-23 17:15:00+01:00,101.34349308276397,80.59
2025-12-23 17:30:00+01:00,63.993355710363666,84.49
2025-12-23 17:45:00+01:00,71.10315888637285,84.72
2025-12-23 18:00:00+01:00,99.99314471448473,84.11
2025-12-23 18:15:00+01:00,88.31958300731553,82.32
2025-12-23 18:30:00+01:00,81.61915670769142,84.99
2025-12-23 18:45:00+01:00,46.724599621502904,84.36
2025-12-23 19:00:00+01:00,62.66694432954816,83.37
2025-12-23 19:15:00+01:00,50.53441018929021,82.66
2025-12-23 19:30:00+01:00,57.25708868734512,82.08
2025-12-23 19:45:00+01:00,59.315336557759835,81.75
2025-12-23 20:00:00+01:00,66.6770930264572,86.6
2025-12-23 20:15:00+01:00,65.45253245720818,83.1
2025-12-23 20:30:00+01:00,70.12867989636169,74.18
2025-12-23 20:45:00+01:00,67.07073013610432,68.14
2025-12-23 21:00:00+01:00,80.42285911569932,76.69
2025-12-23 21:15:00+01:00,74.55928014599316,73.84
2025-12-23 21:30:00+01:00,67.66079792098039,68.15
2025-12-23 21:45:00+01:00,61.06674072718686,61.04
2025-12-23 22:00:00+01:00,80.75844236731669,77.36
2025-12-23 22:15:00+01:00,70.92618263068206,70.83
2025-12-23 22:30:00+01:00,69.76205024722212,72.5
2025-12-23 22:45:00+01:00,64.92949823317049,66.65
2025-12-23 23:00:00+01:00,70.48953463265818,71.56
2025-12-23 23:15:00+01:00,64.2007165142748,63.89
2025-12-23 23:30:00+01:00,62.13589710516671,63.57
2025-12-23 23:45:00+01:00,59.51901964532239,57.35
2025-12-24 00:00:00+01:00,65.61722060214417,66.41
2025-12-24 00:15:00+01:00,62.67429759874386,66.21
2025-12-24 00:30:00+01:00,55.53432293314841,56.85
2025-12-24 00:45:00+01:00,51.63148606701162,51.52
2025-12-24 01:00:00+01:00,58.15492485601426,58.47
2025-12-24 01:15:00+01:00,53.647274024078015,55.7
2025-12-24 01:30:00+01:00,51.6177612577428,54.17
2025-12-24 01:45:00+01:00,47.98447996035174,55.11
2025-12-24 02:00:00+01:00,50.92165281019511,56.03
2025-12-24 02:15:00+01:00,49.177510622553115,56.92
2025-12-24 02:30:00+01:00,47.72165837335421,57.42
2025-12-24 02:45:00+01:00,45.96977720839252,56.83
2025-12-24 03:00:00+01:00,46.52841359090164,57.02
2025-12-24 03:15:00+01:00,44.848287753529654,56.15
2025-12-24 03:30:00+01:00,42.421627939864265,56.09
2025-12-24 03:45:00+01:00,38.86015980239834,54.1
2025-12-24 04:00:00+01:00,41.90643915179499,55.64
2025-12-24 04:15:00+01:00,41.34674159530632,56.16
2025-12-24 04:30:00+01:00,42.78355822689819,55.84
2025-12-24 04:45:00+01:00,43.33322253327775,55.75
2025-12-24 05:00:00+01:00,42.896925961410254,56.49
2025-12-24 05:15:00+01:00,42.928991734471396,53.1
2025-12-24 05:30:00+01:00,47.99322961566683,56.5
2025-12-24 05:45:00+01:00,51.05633664473213,57.31
2025-12-24 06:00:00+01:00,37.71763672559022,54.3
2025-12-24 06:15:00+01:00,37.000909027827184,54.39
2025-12-24 06:30:00+01:00,40.07243520015281,59.73
2025-12-24 06:45:00+01:00,29.024303190518708,60.44
2025-12-24 07:00:00+01:00,22.64068921550262,59.24
2025-12-24 07:15:00+01:00,6.95321500444544,66.76
2025-12-24 07:30:00+01:00,28.683489799828635,67.47
2025-12-24 07:45:00+01:00,25.350760390868203,76.31
2025-12-24 08:00:00+01:00,27.20302655408399,74.89
2025-12-24 08:15:00+01:00,51.09624857538054,75.01
2025-12-24 08:30:00+01:00,54.661141554079514,85.54
2025-12-24 08:45:00+01:00,56.47753584021596,88.56
2025-12-24 09:00:00+01:00,59.34892107445586,89.37
2025-12-24 09:15:00+01:00,72.08854089443078,84.95
2025-12-24 09:30:00+01:00,65.76809718078064,80.96
2025-12-24 09:45:00+01:00,60.6469195921807,74.6
2025-12-24 10:00:00+01:00,69.25031570251114,80.22
2025-12-24 10:15:00+01:00,59.669391847468546,75.9
2025-12-24 10:30:00+01:00,59.31560061694963,75.08
2025-12-24 10:45:00+01:00,55.638601021646814,72.89
2025-12-24 11:00:00+01:00,59.982778434296804,71.47
2025-12-24 11:15:00+01:00,56.18494454543089,69.71
2025-12-24 11:30:00+01:00,54.12398326929818,68.5
2025-12-24 11:45:00+01:00,51.918978146505175,67.47
2025-12-24 12:00:00+01:00,47.03624934741717,69.92
2025-12-24 12:15:00+01:00,43.71909671740684,68.75
2025-12-24 12:30:00+01:00,50.63837359118203,68.23
2025-12-24 12:45:00+01:00,51.634518466695226,67.15
2025-12-24 13:00:00+01:00,48.15616833354838,67.17
2025-12-24 13:15:00+01:00,50.42923562402807,67.26
2025-12-24 13:30:00+01:00,51.65482220862428,68.36
2025-12-24 13:45:00+01:00,53.82647813712391,69.16
2025-12-24 14:00:00+01:00,50.481423149328535,69.24
2025-12-24 14:15:00+01:00,50.23436268590896,70.68
2025-12-24 14:30:00+01:00,60.44049617763548,73.91
2025-12-24 14:45:00+01:00,62.45656544329433,81.2
2025-12-24 15:00:00+01:00,58.73326895626553,72.63
2025-12-24 15:15:00+01:00,66.6341372297415,87.51
2025-12-24 15:30:00+01:00,62.58856905361156,86.83
2025-12-24 15:45:00+01:00,56.38628217859257,85.24
2025-12-24 16:00:00+01:00,67.42225800637873,83.23
2025-12-24 16:15:00+01:00,73.16744905436127,88.82
2025-12-24 16:30:00+01:00,69.84015176655234,90.74
2025-12-24 16:45:00+01:00,62.60521071281392,88.81
2025-12-24 17:00:00+01:00,75.49564386376204,89.8
2025-12-24 17:15:00+01:00,72.5551077665562,89.0
2025-12-24 17:30:00+01:00,37.43675571941991,90.1
2025-12-24 17:45:00+01:00,37.36487394845881,87.63
2025-12-24 18:00:00+01:00,66.01224866466369,88.82
2025-12-24 18:15:00+01:00,57.117506297493435,76.36
2025-12-24 18:30:00+01:00,45.6893813607812,77.16
2025-12-24 18:45:00+01:00,30.945802235192318,73.29
2025-12-24 19:00:00+01:00,29.410155722739105,73.86
2025-12-24 19:15:00+01:00,43.49261193812157,72.29
2025-12-24 19:30:00+01:00,55.59444005683151,71.75
2025-12-24 19:45:00+01:00,56.95468719420792,69.19
2025-12-24 20:00:00+01:00,65.12995168024793,71.18
2025-12-24 20:15:00+01:00,67.85161827810975,69.49
2025-12-24 20:30:00+01:00,67.44462299453085,68.01
2025-12-24 20:45:00+01:00,58.92982486981328,63.95
2025-12-24 21:00:00+01:00,74.6277638705316,71.13
2025-12-24 21:15:00+01:00,69.99335370717309,67.49
2025-12-24 21:30:00+01:00,66.30944261561497,67.55
2025-12-24 21:45:00+01:00,67.74876043160613,65.78
2025-12-24 22:00:00+01:00,70.54191473393405,71.81
2025-12-24 22:15:00+01:00,65.99721552684235,69.31
2025-12-24 22:30:00+01:00,66.65506694202615,68.6
2025-12-24 22:45:00+01:00,64.97010648804161,66.31
2025-12-24 23:00:00+01:00,51.85807444877937,70.3
2025-12-24 23:15:00+01:00,55.61846125365162,70.85
2025-12-24 23:30:00+01:00,57.73679068943147,64.95
2025-12-24 23:45:00+01:00,56.04888730341018,54.55
2025-12-25 00:00:00+01:00,68.2201982251573,66.14
2025-12-25 00:15:00+01:00,63.67284356975389,61.29
2025-12-25 00:30:00+01:00,60.30741600328472,61.36
2025-12-25 00:45:00+01:00,55.87474082702025,64.09
2025-12-25 01:00:00+01:00,62.04889835347295,60.03
2025-12-25 01:15:00+01:00,59.988598018038175,59.0
2025-12-25 01:30:00+01:00,57.07800115133516,57.45
2025-12-25 01:45:00+01:00,52.13479630861033,57.29
2025-12-25 02:00:00+01:00,58.492378066531316,57.86
2025-12-25 02:15:00+01:00,56.59967769585839,56.63
2025-12-25 02:30:00+01:00,56.85767972705662,56.64
2025-12-25 02:45:00+01:00,56.52475853860226,56.3
2025-12-25 03:00:00+01:00,57.566316353822586,56.94
2025-12-25 03:15:00+01:00,56.49282124750786,55.87
2025-12-25 03:30:00+01:00,55.67564871709191,55.54
2025-12-25 03:45:00+01:00,55.78519680040469,55.03
2025-12-25 04:00:00+01:00,54.436240618863486,54.67
2025-12-25 04:15:00+01:00,55.140907741564035,54.33
2025-12-25 04:30:00+01:00,57.82350497966421,54.57
2025-12-25 04:45:00+01:00,59.23633481742631,54.55
2025-12-25 05:00:00+01:00,56.82642224375293,53.89
2025-12-25 05:15:00+01:00,60.779970702084924,53.99
2025-12-25 05:30:00+01:00,58.225616839687206,50.92
2025-12-25 05:45:00+01:00,62.47613619178493,51.62
2025-12-25 06:00:00+01:00,54.0221025241717,47.49
2025-12-25 06:15:00+01:00,50.42058557524141,51.02
2025-12-25 06:30:00+01:00,45.83267294054454,51.0
2025-12-25 06:45:00+01:00,38.27463558931362,47.15
2025-12-25 07:00:00+01:00,25.44092114317604,46.55
2025-12-25 07:15:00+01:00,23.307316743040616,50.99
2025-12-25 07:30:00+01:00,23.10072129641155,58.13
2025-12-25 07:45:00+01:00,36.186195379696855,60.44
2025-12-25 08:00:00+01:00,39.90835198706519,64.0
2025-12-25 08:15:00+01:00,34.694592740026295,64.43
2025-12-25 08:30:00+01:00,51.04996169857349,67.49
2025-12-25 08:45:00+01:00,48.330311435527,60.9
2025-12-25 09:00:00+01:00,53.154188789402134,67.6
2025-12-25 09:15:00+01:00,52.24979379744688,65.45
2025-12-25 09:30:00+01:00,58.53638823627919,64.08
2025-12-25 09:45:00+01:00,53.744760931316655,61.7
2025-12-25 10:00:00+01:00,72.89908604245343,58.07
2025-12-25 10:15:00+01:00,60.972383915643505,53.55
2025-12-25 10:30:00+01:00,59.06413099172855,49.46
2025-12-25 10:45:00+01:00,60.205567030702106,53.98
2025-12-25 11:00:00+01:00,63.09599474434317,50.0
2025-12-25 11:15:00+01:00,52.70720162231173,46.22
2025-12-25 11:30:00+01:00,46.21552147636298,48.71
2025-12-25 11:45:00+01:00,52.91959959589654,51.0
2025-12-25 12:00:00+01:00,45.268900812288614,54.85
2025-12-25 12:15:00+01:00,48.24987859914851,50.01
2025-12-25 12:30:00+01:00,53.474674148686034,45.04
2025-12-25 12:45:00+01:00,51.54583871410753,44.05
2025-12-25 13:00:00+01:00,45.70816073403881,42.15
2025-12-25 13:15:00+01:00,49.08635905283758,42.55
2025-12-25 13:30:00+01:00,51.233291750094,47.02
2025-12-25 13:45:00+01:00,51.06363469887413,59.74
2025-12-25 14:00:00+01:00,47.52411224135376,51.79
2025-12-25 14:15:00+01:00,56.247859093081395,66.39
2025-12-25 14:30:00+01:00,71.09749115246098,71.54
2025-12-25 14:45:00+01:00,75.86207178668346,84.47
2025-12-25 15:00:00+01:00,67.8704718859952,74.94
2025-12-25 15:15:00+01:00,77.78841413702432,83.89
2025-12-25 15:30:00+01:00,82.85909658302214,97.89
2025-12-25 15:45:00+01:00,87.66783303467902,100.94
2025-12-25 16:00:00+01:00,77.25158526987987,89.96
2025-12-25 16:15:00+01:00,81.24711174985033,85.11
2025-12-25 16:30:00+01:00,87.08762433773501,96.94
2025-12-25 16:45:00+01:00,80.73987513331603,96.93
2025-12-25 17:00:00+01:00,95.88752590343316,88.02
2025-12-25 17:15:00+01:00,100.59713938835006,94.11
2025-12-25 17:30:00+01:00,81.28554035285413,96.91
2025-12-25 17:45:00+01:00,97.39208104401612,96.98
2025-12-25 18:00:00+01:00,110.73848055008246,95.15
2025-12-25 18:15:00+01:00,107.83016261399334,94.92
2025-12-25 18:30:00+01:00,99.74994884174554,93.92
2025-12-25 18:45:00+01:00,106.37687816729787,92.23
2025-12-25 19:00:00+01:00,96.72630474111011,92.03
2025-12-25 19:15:00+01:00,103.12401532354878,91.79
2025-12-25 19:30:00+01:00,103.74707105935511,90.71
2025-12-25 19:45:00+01:00,103.58985823097802,92.33
2025-12-25 20:00:00+01:00,115.58249603637616,95.69
2025-12-25 20:15:00+01:00,108.30351711542438,96.37
2025-12-25 20:30:00+01:00,98.64037611604745,87.55
2025-12-25 20:45:00+01:00,93.44022888753044,84.52
2025-12-25 21:00:00+01:00,106.33050906161802,89.71
2025-12-25 21:15:00+01:00,100.2448065400986,96.15
2025-12-25 21:30:00+01:00,101.93209879440374,94.52
2025-12-25 21:45:00+01:00,96.07746554074397,90.42
2025-12-25 22:00:00+01:00,107.42196330211324,97.65
2025-12-25 22:15:00+01:00,102.67030479131283,96.98
2025-12-25 22:30:00+01:00,97.75093260234442,96.92
2025-12-25 22:45:00+01:00,91.17656455018476,93.06
2025-12-25 23:00:00+01:00,102.82149186450108,95.85
2025-12-25 23:15:00+01:00,96.89208665842929,91.49
2025-12-25 23:30:00+01:00,96.11812988741863,90.53
2025-12-25 23:45:00+01:00,87.50260581298821,88.01
2025-12-26 00:00:00+01:00,90.90293180206969,106.45
2025-12-26 00:15:00+01:00,90.0087207930617,99.96
2025-12-26 00:30:00+01:00,88.30933291876269,91.46
2025-12-26 00:45:00+01:00,87.74999994963062,90.53
2025-12-26 01:00:00+01:00,87.77057035983377,95.66
2025-12-26 01:15:00+01:00,87.48734972281333,91.35
2025-12-26 01:30:00+01:00,86.79383118915331,90.74
2025-12-26 01:45:00+01:00,86.78239470937194,86.46
2025-12-26 02:00:00+01:00,87.85364256858104,90.74
2025-12-26 02:15:00+01:00,85.79832746913624,86.28
2025-12-26 02:30:00+01:00,86.66320142090144,84.53
2025-12-26 02:45:00+01:00,87.00059472708898,81.72
2025-12-26 03:00:00+01:00,87.582661914731,85.0
2025-12-26 03:15:00+01:00,86.97187932891467,83.09
2025-12-26 03:30:00+01:00,87.89506371623666,82.12
2025-12-26 03:45:00+01:00,88.73606895042721,82.0
2025-12-26 04:00:00+01:00,88.11469875671702,80.26
2025-12-26 04:15:00+01:00,89.17791000867832,81.84
2025-12-26 04:30:00+01:00,90.54326665602997,83.15
2025-12-26 04:45:00+01:00,91.08065774922369,84.32
2025-12-26 05:00:00+01:00,91.96645608702212,81.04
2025-12-26 05:15:00+01:00,93.33976058350075,81.33
2025-12-26 05:30:00+01:00,93.07091117673251,83.44
2025-12-26 05:45:00+01:00,93.73812825409964,85.53
2025-12-26 06:00:00+01:00,91.24128031519942,80.38
2025-12-26 06:15:00+01:00,96.48329997978047,81.35
2025-12-26 06:30:00+01:00,104.19402397698128,87.89
2025-12-26 06:45:00+01:00,94.97954230888348,90.46
2025-12-26 07:00:00+01:00,99.46105207277256,86.82
2025-12-26 07:15:00+01:00,96.81695611254767,91.01
2025-12-26 07:30:00+01:00,96.70998907767348,94.04
2025-12-26 07:45:00+01:00,101.72894593977881,100.59
2025-12-26 08:00:00+01:00,98.2533729535575,94.74
2025-12-26 08:15:00+01:00,99.80939095921943,97.11
2025-12-26 08:30:00+01:00,106.03509291540934,101.95
2025-12-26 08:45:00+01:00,103.97915798728903,101.8
2025-12-26 09:00:00+01:00,100.80178545436321,103.68
2025-12-26 09:15:00+01:00,109.8920243893788,103.44
2025-12-26 09:30:00+01:00,99.5513176369137,94.57
2025-12-26 09:45:00+01:00,97.129140103502,85.23
2025-12-26 10:00:00+01:00,102.91012588983239,96.0
2025-12-26 10:15:00+01:00,99.99773709697453,91.22
2025-12-26 10:30:00+01:00,88.31798276314878,86.9
2025-12-26 10:45:00+01:00,88.92040888080496,82.88
2025-12-26 11:00:00+01:00,83.3557820740274,89.0
2025-12-26 11:15:00+01:00,79.43837320521227,85.28
2025-12-26 11:30:00+01:00,78.9489067944679,83.71
2025-12-26 11:45:00+01:00,76.67020415242648,81.98
2025-12-26 12:00:00+01:00,77.8828085098584,83.11
2025-12-26 12:15:00+01:00,77.23321333608557,82.0
2025-12-26 12:30:00+01:00,79.59798506163715,81.83
2025-12-26 12:45:00+01:00,77.19538443605246,82.31
2025-12-26 13:00:00+01:00,77.00375595615442,80.0
2025-12-26 13:15:00+01:00,76.03258480292467,80.68
2025-12-26 13:30:00+01:00,77.06119198171427,85.92
2025-12-26 13:45:00+01:00,77.97531214058422,85.79
2025-12-26 14:00:00+01:00,77.38007728203041,75.12
2025-12-26 14:15:00+01:00,78.65267985725723,85.68
2025-12-26 14:30:00+01:00,84.46409892113286,94.0
2025-12-26 14:45:00+01:00,87.3882028208811,116.0
2025-12-26 15:00:00+01:00,84.69754894506774,90.52
2025-12-26 15:15:00+01:00,90.25930826904934,107.97
2025-12-26 15:30:00+01:00,97.1404012813932,116.44
2025-12-26 15:45:00+01:00,104.13610467457413,121.64
2025-12-26 16:00:00+01:00,99.36196810763387,110.82
2025-12-26 16:15:00+01:00,100.98282862848001,117.29
2025-12-26 16:30:00+01:00,109.49794233413341,118.34
2025-12-26 16:45:00+01:00,109.0648969165333,120.64
2025-12-26 17:00:00+01:00,118.84495296833039,119.02
2025-12-26 17:15:00+01:00,124.07933719613484,121.34
2025-12-26 17:30:00+01:00,114.37968643888942,121.71
2025-12-26 17:45:00+01:00,134.1380788240578,119.81
2025-12-26 18:00:00+01:00,142.30546439582685,118.83
2025-12-26 18:15:00+01:00,139.33786976142864,117.48
2025-12-26 18:30:00+01:00,134.51495561618327,117.76
2025-12-26 18:45:00+01:00,140.47625595154662,113.82
2025-12-26 19:00:00+01:00,144.80498090769862,117.66
2025-12-26 19:15:00+01:00,146.2626071257371,116.29
2025-12-26 19:30:00+01:00,145.22025721652406,116.58
2025-12-26 19:45:00+01:00,141.04859905925852,114.52
2025-12-26 20:00:00+01:00,145.80618028755057,121.69
2025-12-26 20:15:00+01:00,134.53265106765232,116.97
2025-12-26 20:30:00+01:00,119.48509664937531,110.58
2025-12-26 20:45:00+01:00,110.01461275484563,105.66
2025-12-26 21:00:00+01:00,122.88115606922321,118.29
2025-12-26 21:15:00+01:00,115.84059225508878,115.42
2025-12-26 21:30:00+01:00,115.49469412433454,109.07
2025-12-26 21:45:00+01:00,111.51049770255405,103.22
2025-12-26 22:00:00+01:00,114.3336627788671,117.25
2025-12-26 22:15:00+01:00,110.96931291065766,114.03
2025-12-26 22:30:00+01:00,108.04729671787722,105.25
2025-12-26 22:45:00+01:00,102.56700463212016,96.49
2025-12-26 23:00:00+01:00,110.26882575218967,110.83
2025-12-26 23:15:00+01:00,103.56025157635462,103.96
2025-12-26 23:30:00+01:00,100.80792891265638,94.41
2025-12-26 23:45:00+01:00,98.70373637775148,88.27
2025-12-27 00:00:00+01:00,103.82522914014964,103.6
2025-12-27 00:15:00+01:00,102.25482522728018,99.39
2025-12-27 00:30:00+01:00,95.57945247718895,93.92
2025-12-27 00:45:00+01:00,93.4045703999562,89.85
2025-12-27 01:00:00+01:00,102.04511693295215,102.48
2025-12-27 01:15:00+01:00,97.301256867693,91.15
2025-12-27 01:30:00+01:00,94.34715011735331,88.66
2025-12-27 01:45:00+01:00,90.32850939809776,84.61
2025-12-27 02:00:00+01:00,97.84675076298694,88.61
2025-12-27 02:15:00+01:00,90.2499469327326,85.57
2025-12-27 02:30:00+01:00,90.31158235336547,83.67
2025-12-27 02:45:00+01:00,88.86521845722156,80.98
2025-12-27 03:00:00+01:00,93.27600087829516,85.11
2025-12-27 03:15:00+01:00,90.74433917623641,83.09
2025-12-27 03:30:00+01:00,91.1364668241388,82.33
2025-12-27 03:45:00+01:00,91.14704847115884,80.34
2025-12-27 04:00:00+01:00,91.3647139076609,84.18
2025-12-27 04:15:00+01:00,91.89528843894496,84.34
2025-12-27 04:30:00+01:00,94.09568112600412,83.86
2025-12-27 04:45:00+01:00,94.65535110127158,83.61
2025-12-27 05:00:00+01:00,92.0958645910865,79.45
2025-12-27 05:15:00+01:00,93.64670924386132,81.68
2025-12-27 05:30:00+01:00,95.13028305373024,83.01
2025-12-27 05:45:00+01:00,94.90717394309438,88.54
2025-12-27 06:00:00+01:00,84.46632666711238,77.61
2025-12-27 06:15:00+01:00,88.05663437580246,85.45
2025-12-27 06:30:00+01:00,93.37527336678771,90.82
2025-12-27 06:45:00+01:00,96.31857103401923,98.18
2025-12-27 07:00:00+01:00,98.49582831099997,93.3
2025-12-27 07:15:00+01:00,102.53957637775902,96.53
2025-12-27 07:30:00+01:00,105.05933603398668,103.13
2025-12-27 07:45:00+01:00,111.42917772044655,105.06
2025-12-27 08:00:00+01:00,112.97714803002212,104.95
2025-12-27 08:15:00+01:00,111.87790977333282,104.96
2025-12-27 08:30:00+01:00,112.63681536607355,104.27
2025-12-27 08:45:00+01:00,108.12640265096196,95.1
2025-12-27 09:00:00+01:00,112.3343039009228,108.96
2025-12-27 09:15:00+01:00,108.57491466344798,103.54
2025-12-27 09:30:00+01:00,104.57214275651488,87.84
2025-12-27 09:45:00+01:00,96.76341802655242,74.9
2025-12-27 10:00:00+01:00,98.86316597973709,102.1
2025-12-27 10:15:00+01:00,98.61236520419767,77.61
2025-12-27 10:30:00+01:00,91.82881408095547,71.15
2025-12-27 10:45:00+01:00,87.84908531053408,69.27
2025-12-27 11:00:00+01:00,88.74485380430893,77.86
2025-12-27 11:15:00+01:00,85.22740434597385,77.0
2025-12-27 11:30:00+01:00,82.65887854275327,75.34
2025-12-27 11:45:00+01:00,78.81532822248244,71.38
2025-12-27 12:00:00+01:00,80.04858456827739,77.51
2025-12-27 12:15:00+01:00,76.77128606825278,71.15
2025-12-27 12:30:00+01:00,76.10593065679961,74.43
2025-12-27 12:45:00+01:00,71.87604342290716,75.07
2025-12-27 13:00:00+01:00,75.18509145190207,70.9
2025-12-27 13:15:00+01:00,73.72840227032948,73.83
2025-12-27 13:30:00+01:00,72.34516200853308,77.61
2025-12-27 13:45:00+01:00,70.34668786903111,84.61
2025-12-27 14:00:00+01:00,72.61382596904186,69.16
2025-12-27 14:15:00+01:00,71.85536986282551,78.91
2025-12-27 14:30:00+01:00,77.18442648243773,82.32
2025-12-27 14:45:00+01:00,83.67119438413475,94.41
2025-12-27 15:00:00+01:00,76.84607583627572,76.03
2025-12-27 15:15:00+01:00,85.0127260764315,88.66
2025-12-27 15:30:00+01:00,87.32399642606751,100.3
2025-12-27 15:45:00+01:00,98.24433286228239,113.18
2025-12-27 16:00:00+01:00,90.00708463064925,92.25
2025-12-27 16:15:00+01:00,92.77657057039988,99.16
2025-12-27 16:30:00+01:00,102.80730888071805,107.64
2025-12-27 16:45:00+01:00,106.60886509052003,112.98
2025-12-27 17:00:00+01:00,107.34668993877831,95.79
2025-12-27 17:15:00+01:00,109.24470527710068,108.99
2025-12-27 17:30:00+01:00,118.45771770733047,110.13
2025-12-27 17:45:00+01:00,116.11189612601973,108.79
2025-12-27 18:00:00+01:00,123.49364384799784,109.4
2025-12-27 18:15:00+01:00,123.68102240406066,108.82
2025-12-27 18:30:00+01:00,119.046104315871,107.63
2025-12-27 18:45:00+01:00,114.271617229274,107.86
2025-12-27 19:00:00+01:00,124.72045310909843,109.33
2025-12-27 19:15:00+01:00,118.93284583520663,104.94
2025-12-27 19:30:00+01:00,119.66472686853723,100.83
2025-12-27 19:45:00+01:00,116.18114093185933,104.9
2025-12-27 20:00:00+01:00,111.29094644879333,115.05
2025-12-27 20:15:00+01:00,110.8189787274866,105.09
2025-12-27 20:30:00+01:00,103.6246183891781,99.0
2025-12-27 20:45:00+01:00,94.70157072040134,91.21
2025-12-27 21:00:00+01:00,100.95312852138503,102.67
2025-12-27 21:15:00+01:00,94.43395082907021,96.26
2025-12-27 21:30:00+01:00,93.71749662880144,91.51
2025-12-27 21:45:00+01:00,92.16066663324287,85.14
2025-12-27 22:00:00+01:00,94.25152305205644,105.23
2025-12-27 22:15:00+01:00,91.85309824195457,99.81
2025-12-27 22:30:00+01:00,85.30552953081833,90.29
2025-12-27 22:45:00+01:00,81.19525931049506,86.34
2025-12-27 23:00:00+01:00,86.18313506038415,102.86
2025-12-27 23:15:00+01:00,81.07176553944313,95.2
2025-12-27 23:30:00+01:00,76.39979325797435,88.07
2025-12-27 23:45:00+01:00,74.07974165621927,79.05
2025-12-28 00:00:00+01:00,93.69869066520084,91.17
2025-12-28 00:15:00+01:00,89.86030067813017,88.36
2025-12-28 00:30:00+01:00,87.35192023816727,83.0
2025-12-28 00:45:00+01:00,84.62133009406824,74.81
2025-12-28 01:00:00+01:00,89.8558630109699,91.22
2025-12-28 01:15:00+01:00,86.51700646771971,85.54
2025-12-28 01:30:00+01:00,85.95315447853433,81.73
2025-12-28 01:45:00+01:00,84.24875167278714,74.99
2025-12-28 02:00:00+01:00,87.3424839630976,85.64
2025-12-28 02:15:00+01:00,84.8076200202088,80.37
2025-12-28 02:30:00+01:00,85.1002110901368,76.76
2025-12-28 02:45:00+01:00,84.12855513672183,77.07
2025-12-28 03:00:00+01:00,85.19833943514497,77.0
2025-12-28 03:15:00+01:00,85.17083974642719,76.14
2025-12-28 03:30:00+01:00,86.1228119942479,80.13
2025-12-28 03:45:00+01:00,86.87528305804338,82.0
2025-12-28 04:00:00+01:00,84.91551238004797,78.14
2025-12-28 04:15:00+01:00,86.00755866953757,79.41
2025-12-28 04:30:00+01:00,89.00540563962542,82.56
2025-12-28 04:45:00+01:00,90.2521498620785,81.68
2025-12-28 05:00:00+01:00,85.71549038165871,79.94
2025-12-28 05:15:00+01:00,87.83732593725665,80.82
2025-12-28 05:30:00+01:00,90.47999740665682,84.61
2025-12-28 05:45:00+01:00,93.45150710946494,89.07
2025-12-28 06:00:00+01:00,82.02833331076565,79.21
2025-12-28 06:15:00+01:00,84.98187707799667,84.61
2025-12-28 06:30:00+01:00,88.24406154520278,88.28
2025-12-28 06:45:00+01:00,91.08811527203854,93.81
2025-12-28 07:00:00+01:00,87.87817351092305,81.78
2025-12-28 07:15:00+01:00,95.46235241295558,89.81
2025-12-28 07:30:00+01:00,97.62397216793218,95.11
2025-12-28 07:45:00+01:00,103.24076175879587,101.9
2025-12-28 08:00:00+01:00,106.34505063015914,93.06
2025-12-28 08:15:00+01:00,105.2147906023305,97.75
2025-12-28 08:30:00+01:00,101.74963427431045,99.76
2025-12-28 08:45:00+01:00,92.43733945924119,98.88
2025-12-28 09:00:00+01:00,99.06134706050061,103.62
2025-12-28 09:15:00+01:00,96.34145120355333,100.05
2025-12-28 09:30:00+01:00,92.90066568915732,98.0
2025-12-28 09:45:00+01:00,90.60487156143093,84.59
2025-12-28 10:00:00+01:00,86.94707591578023,99.99
2025-12-28 10:15:00+01:00,90.93445676098796,89.53
2025-12-28 10:30:00+01:00,90.59644052652315,83.33
2025-12-28 10:45:00+01:00,89.46330516753574,80.0
2025-12-28 11:00:00+01:00,91.31119135682074,95.35
2025-12-28 11:15:00+01:00,95.34726118727318,90.58
2025-12-28 11:30:00+01:00,96.56034442880218,86.54
2025-12-28 11:45:00+01:00,93.34545293027101,81.0
2025-12-28 12:00:00+01:00,94.01709198833623,82.71
2025-12-28 12:15:00+01:00,93.13436654635478,78.74
2025-12-28 12:30:00+01:00,92.32491140629743,79.55
2025-12-28 12:45:00+01:00,92.16664220404866,79.09
2025-12-28 13:00:00+01:00,93.82982038008413,76.6
2025-12-28 13:15:00+01:00,91.63980390197553,77.72
2025-12-28 13:30:00+01:00,92.64986260671688,80.97
2025-12-28 13:45:00+01:00,95.97298559169721,84.81
2025-12-28 14:00:00+01:00,93.4371994797661,80.01
2025-12-28 14:15:00+01:00,96.48218889569836,82.02
2025-12-28 14:30:00+01:00,101.95637648769451,87.3
2025-12-28 14:45:00+01:00,109.15086690906375,97.38
2025-12-28 15:00:00+01:00,103.37082107785517,87.45
2025-12-28 15:15:00+01:00,108.45628322749141,96.11
2025-12-28 15:30:00+01:00,110.03787348779903,111.24
2025-12-28 15:45:00+01:00,116.99610186478927,108.68
2025-12-28 16:00:00+01:00,104.70013797676748,102.54
2025-12-28 16:15:00+01:00,111.47745768589772,111.0
2025-12-28 16:30:00+01:00,116.48461501200549,114.39
2025-12-28 16:45:00+01:00,126.17243588842939,115.6
2025-12-28 17:00:00+01:00,115.81259502012398,112.16
2025-12-28 17:15:00+01:00,126.92399911505538,114.66
2025-12-28 17:30:00+01:00,132.99750180133768,114.07
2025-12-28 17:45:00+01:00,131.93955260346002,113.92
2025-12-28 18:00:00+01:00,135.92709714093274,120.51
2025-12-28 18:15:00+01:00,132.661542193018,115.97
2025-12-28 18:30:00+01:00,129.87370508359788,113.56
2025-12-28 18:45:00+01:00,128.5880361556363,107.78
2025-12-28 19:00:00+01:00,137.8220008685492,114.25
2025-12-28 19:15:00+01:00,129.84833764551803,109.73
2025-12-28 19:30:00+01:00,125.4341133041514,107.59
2025-12-28 19:45:00+01:00,118.81745876165473,105.76
2025-12-28 20:00:00+01:00,116.71612968578232,108.44
2025-12-28 20:15:00+01:00,111.94661212682395,107.0
2025-12-28 20:30:00+01:00,104.00593948205272,103.66
2025-12-28 20:45:00+01:00,97.71989839583185,100.94
2025-12-28 21:00:00+01:00,104.82918610688645,101.08
2025-12-28 21:15:00+01:00,97.64419109334683,100.01
2025-12-28 21:30:00+01:00,95.70352599381523,99.04
2025-12-28 21:45:00+01:00,86.46980916099223,95.98
2025-12-28 22:00:00+01:00,101.50475292597572,100.01
2025-12-28 22:15:00+01:00,97.02258226097234,98.7
2025-12-28 22:30:00+01:00,91.0141943576478,98.22
2025-12-28 22:45:00+01:00,88.04005292052518,96.2
2025-12-28 23:00:00+01:00,93.43862372896272,97.74
2025-12-28 23:15:00+01:00,85.91952255841935,93.01
2025-12-28 23:30:00+01:00,81.31906650579343,85.71
2025-12-28 23:45:00+01:00,74.63777503468658,77.3
2025-12-29 00:00:00+01:00,91.29363555749461,100.75
2025-12-29 00:15:00+01:00,87.89674018755203,94.69
2025-12-29 00:30:00+01:00,84.51595662679946,85.01
2025-12-29 00:45:00+01:00,80.32256430559312,79.07
2025-12-29 01:00:00+01:00,87.59654702579508,89.99
2025-12-29 01:15:00+01:00,83.24142947919515,79.35
2025-12-29 01:30:00+01:00,81.66936571088733,84.6
2025-12-29 01:45:00+01:00,78.70175840565355,85.99
2025-12-29 02:00:00+01:00,82.73067753419518,89.89
2025-12-29 02:15:00+01:00,78.97193333321707,85.28
2025-12-29 02:30:00+01:00,78.60948712393972,81.48
2025-12-29 02:45:00+01:00,76.98024679927087,80.08
2025-12-29 03:00:00+01:00,78.48164347750843,84.38
2025-12-29 03:15:00+01:00,77.93053121931216,82.0
2025-12-29 03:30:00+01:00,77.64319597763841,81.05
2025-12-29 03:45:00+01:00,76.96106544718695,81.33
2025-12-29 04:00:00+01:00,76.71680244990633,80.95
2025-12-29 04:15:00+01:00,76.99828612501014,80.65
2025-12-29 04:30:00+01:00,79.3716393951132,84.79
2025-12-29 04:45:00+01:00,81.73637906539807,88.1
2025-12-29 05:00:00+01:00,77.80178562358454,84.67
2025-12-29 05:15:00+01:00,79.65565094277575,89.0
2025-12-29 05:30:00+01:00,84.87290968051434,92.0
2025-12-29 05:45:00+01:00,90.71361641004411,97.5
2025-12-29 06:00:00+01:00,86.77141748244502,87.64
2025-12-29 06:15:00+01:00,93.81529332634034,95.17
2025-12-29 06:30:00+01:00,100.28639457886473,97.3
2025-12-29 06:45:00+01:00,107.72824666280043,105.22
2025-12-29 07:00:00+01:00,108.87264391891965,96.63
2025-12-29 07:15:00+01:00,117.65922308767439,105.85
2025-12-29 07:30:00+01:00,122.96325063508314,106.62
2025-12-29 07:45:00+01:00,129.08098399901198,109.77
2025-12-29 08:00:00+01:00,131.7405903652231,119.18
2025-12-29 08:15:00+01:00,130.4866255954252,113.83
2025-12-29 08:30:00+01:00,127.55318275701121,112.5
2025-12-29 08:45:00+01:00,118.30885072671006,110.0
2025-12-29 09:00:00+01:00,126.77572463714355,120.05
2025-12-29 09:15:00+01:00,119.18302275184573,112.26
2025-12-29 09:30:00+01:00,112.82348412300867,109.29
2025-12-29 09:45:00+01:00,105.96239580789711,102.44
2025-12-29 10:00:00+01:00,107.6954726755078,107.33
2025-12-29 10:15:00+01:00,102.79858245729106,103.95
2025-12-29 10:30:00+01:00,99.70858242077342,94.9
2025-12-29 10:45:00+01:00,94.0819554557899,84.4
2025-12-29 11:00:00+01:00,99.87944043052505,94.06
2025-12-29 11:15:00+01:00,101.47458551166072,88.09
2025-12-29 11:30:00+01:00,101.64700400377346,91.23
2025-12-29 11:45:00+01:00,96.97363633352263,88.0
2025-12-29 12:00:00+01:00,95.14368801023193,87.45
2025-12-29 12:15:00+01:00,92.50015773580294,86.55
2025-12-29 12:30:00+01:00,93.6684293602077,88.06
2025-12-29 12:45:00+01:00,94.05139857209367,88.57
2025-12-29 13:00:00+01:00,93.89561477905082,87.05
2025-12-29 13:15:00+01:00,94.22520358471114,88.08
2025-12-29 13:30:00+01:00,94.95672531096736,87.73
2025-12-29 13:45:00+01:00,98.87757586391398,91.23
2025-12-29 14:00:00+01:00,92.61771766130305,90.38
2025-12-29 14:15:00+01:00,97.87949581765271,94.27
2025-12-29 14:30:00+01:00,101.77625585316697,97.34
2025-12-29 14:45:00+01:00,111.45946815315416,102.42
2025-12-29 15:00:00+01:00,102.65440898131978,94.51
2025-12-29 15:15:00+01:00,108.69409323978783,104.31
2025-12-29 15:30:00+01:00,108.82537695080974,108.8
2025-12-29 15:45:00+01:00,111.06798277256593,106.41
2025-12-29 16:00:00+01:00,112.08758053300649,105.7
2025-12-29 16:15:00+01:00,114.20183564827501,109.46
2025-12-29 16:30:00+01:00,118.76827144066772,112.48
2025-12-29 16:45:00+01:00,124.07992105800574,106.98
2025-12-29 17:00:00+01:00,120.8069055700842,107.27
2025-12-29 17:15:00+01:00,126.55548423107633,106.52
2025-12-29 17:30:00+01:00,126.11846920869985,107.92
2025-12-29 17:45:00+01:00,120.06539489445191,106.32
2025-12-29 18:00:00+01:00,129.07662404733762,106.44
2025-12-29 18:15:00+01:00,125.90796374491836,106.01
2025-12-29 18:30:00+01:00,121.57727017098702,100.56
2025-12-29 18:45:00+01:00,114.64789164304487,100.22
2025-12-29 19:00:00+01:00,128.57906788220166,105.12
2025-12-29 19:15:00+01:00,117.47572153052464,96.34
2025-12-29 19:30:00+01:00,112.96333241615258,89.51
2025-12-29 19:45:00+01:00,106.76838062899986,89.62
2025-12-29 20:00:00+01:00,108.26716921084389,97.21
2025-12-29 20:15:00+01:00,99.89422178107998,91.72
2025-12-29 20:30:00+01:00,96.50199986940316,88.17
2025-12-29 20:45:00+01:00,88.25318467663982,84.39
2025-12-29 21:00:00+01:00,98.512282704123,84.61
2025-12-29 21:15:00+01:00,91.34377839831289,83.75
2025-12-29 21:30:00+01:00,86.86195978263879,84.6
2025-12-29 21:45:00+01:00,76.14660365528216,80.02
2025-12-29 22:00:00+01:00,93.97796191381984,90.03
2025-12-29 22:15:00+01:00,87.41972137898962,86.66
2025-12-29 22:30:00+01:00,84.15261722039045,88.64
2025-12-29 22:45:00+01:00,78.7953230439222,86.33
2025-12-29 23:00:00+01:00,85.98725174395759,90.29
2025-12-29 23:15:00+01:00,76.4666576941503,85.48
2025-12-29 23:30:00+01:00,74.2817410882055,83.62
2025-12-29 23:45:00+01:00,62.51094373119473,73.98
2025-12-30 00:00:00+01:00,85.53445704631459,87.0
2025-12-30 00:15:00+01:00,82.13230413764423,81.5
2025-12-30 00:30:00+01:00,79.04031706986572,73.24
2025-12-30 00:45:00+01:00,75.59643251364484,69.71
2025-12-30 01:00:00+01:00,80.78785328225504,76.66
2025-12-30 01:15:00+01:00,77.8603450343695,72.76
2025-12-30 01:30:00+01:00,76.82786857651786,71.95
2025-12-30 01:45:00+01:00,73.65191371521706,71.49
2025-12-30 02:00:00+01:00,77.13388374681702,73.89
2025-12-30 02:15:00+01:00,74.79242910407629,73.42
2025-12-30 02:30:00+01:00,73.92728236555693,70.41
2025-12-30 02:45:00+01:00,72.12699515168231,69.7
2025-12-30 03:00:00+01:00,73.70576364130415,70.63
2025-12-30 03:15:00+01:00,72.87767295967761,69.4
2025-12-30 03:30:00+01:00,72.05995859635702,69.19
2025-12-30 03:45:00+01:00,70.5759584634862,68.21
2025-12-30 04:00:00+01:00,71.07133853395707,68.29
2025-12-30 04:15:00+01:00,70.74341379599143,67.91
2025-12-30 04:30:00+01:00,73.02357255522124,69.15
2025-12-30 04:45:00+01:00,74.91973124338378,68.8
2025-12-30 05:00:00+01:00,74.94352472177532,69.1
2025-12-30 05:15:00+01:00,73.25986249386955,72.09
2025-12-30 05:30:00+01:00,78.01541832320063,69.91
2025-12-30 05:45:00+01:00,82.14772742885161,76.86
2025-12-30 06:00:00+01:00,81.87265193842096,68.85
2025-12-30 06:15:00+01:00,85.98872845069221,78.25
2025-12-30 06:30:00+01:00,89.34854927860569,85.79
2025-12-30 06:45:00+01:00,94.46769557217296,87.19
2025-12-30 07:00:00+01:00,91.89756870005976,79.59
2025-12-30 07:15:00+01:00,98.10311257941633,87.02
2025-12-30 07:30:00+01:00,102.192201827108,93.26
2025-12-30 07:45:00+01:00,106.81231254177115,92.01
2025-12-30 08:00:00+01:00,111.61743386546371,93.18
2025-12-30 08:15:00+01:00,108.79104520228418,99.0
2025-12-30 08:30:00+01:00,101.71665947046489,95.35
2025-12-30 08:45:00+01:00,99.43052074923035,91.98
2025-12-30 09:00:00+01:00,110.5791712449924,104.6
2025-12-30 09:15:00+01:00,101.44644441543804,99.87
2025-12-30 09:30:00+01:00,97.46995154424815,93.55
2025-12-30 09:45:00+01:00,90.5376611642773,79.55
2025-12-30 10:00:00+01:00,99.1899418703558,96.73
2025-12-30 10:15:00+01:00,92.23797155341404,86.34
2025-12-30 10:30:00+01:00,87.72698483237106,81.14
2025-12-30 10:45:00+01:00,83.95833240711953,79.07
2025-12-30 11:00:00+01:00,90.53907135791019,81.4
2025-12-30 11:15:00+01:00,88.05812728450123,80.23
2025-12-30 11:30:00+01:00,87.34112393577146,79.0
2025-12-30 11:45:00+01:00,84.97623189128721,76.89
2025-12-30 12:00:00+01:00,86.90163867106396,78.97
2025-12-30 12:15:00+01:00,83.58770712789685,76.99
2025-12-30 12:30:00+01:00,83.69283964574198,76.11
2025-12-30 12:45:00+01:00,85.0353924132016,72.55
2025-12-30 13:00:00+01:00,84.33659877641605,72.83
2025-12-30 13:15:00+01:00,83.80888887851387,74.76
2025-12-30 13:30:00+01:00,85.98317472471967,74.89
2025-12-30 13:45:00+01:00,88.22275993235719,84.55
2025-12-30 14:00:00+01:00,81.91006116624958,71.54
2025-12-30 14:15:00+01:00,89.42621394095416,86.4
2025-12-30 14:30:00+01:00,99.2091525078702,93.54
2025-12-30 14:45:00+01:00,104.50933768102905,104.39
2025-12-30 15:00:00+01:00,94.72176531371124,90.16
2025-12-30 15:15:00+01:00,105.0738895381082,96.62
2025-12-30 15:30:00+01:00,113.34927495796298,110.52
2025-12-30 15:45:00+01:00,122.57021196576046,112.0
2025-12-30 16:00:00+01:00,103.66020316119793,100.66
2025-12-30 16:15:00+01:00,109.33779657298817,107.72
2025-12-30 16:30:00+01:00,115.088900658809,108.09
2025-12-30 16:45:00+01:00,124.1544822313724,119.93
2025-12-30 17:00:00+01:00,118.35381841849778,108.96
2025-12-30 17:15:00+01:00,122.15236720034136,114.24
2025-12-30 17:30:00+01:00,120.4847185712459,109.72
2025-12-30 17:45:00+01:00,116.39325232120501,109.94
2025-12-30 18:00:00+01:00,120.93619818569663,115.28
2025-12-30 18:15:00+01:00,117.27528936240265,108.9
2025-12-30 18:30:00+01:00,112.99587556949352,106.05
2025-12-30 18:45:00+01:00,109.92921451289197,106.25
2025-12-30 19:00:00+01:00,120.83865441961198,106.9
2025-12-30 19:15:00+01:00,117.31361884034293,105.75
2025-12-30 19:30:00+01:00,117.08673412731764,105.03
2025-12-30 19:45:00+01:00,113.16466556027568,104.75
2025-12-30 20:00:00+01:00,113.19126133425125,104.97
2025-12-30 20:15:00+01:00,105.89398829730472,103.16
2025-12-30 20:30:00+01:00,100.94744564207777,100.92
2025-12-30 20:45:00+01:00,93.29609069666598,95.11
2025-12-30 21:00:00+01:00,101.44763135082461,101.83
2025-12-30 21:15:00+01:00,96.10311521901957,94.98
2025-12-30 21:30:00+01:00,92.00192825811703,90.06
2025-12-30 21:45:00+01:00,97.22651532436608,86.42
2025-12-30 22:00:00+01:00,97.15489639052954,101.49
2025-12-30 22:15:00+01:00,92.27936079156856,93.92
2025-12-30 22:30:00+01:00,94.37553973028432,89.48
2025-12-30 22:45:00+01:00,86.14827624404812,83.29
2025-12-30 23:00:00+01:00,89.6765746206817,94.86
2025-12-30 23:15:00+01:00,82.63685370267216,88.45
2025-12-30 23:30:00+01:00,78.29051934915317,82.19
2025-12-30 23:45:00+01:00,72.28593296548101,77.73
2025-12-31 00:00:00+01:00,87.25329525902497,77.73
2025-12-31 00:15:00+01:00,83.6356319448696,90.31
2025-12-31 00:30:00+01:00,79.77257073331165,86.19
2025-12-31 00:45:00+01:00,75.89378634448462,80.96
2025-12-31 01:00:00+01:00,81.80251867695502,90.11
2025-12-31 01:15:00+01:00,77.44590079926994,83.48
2025-12-31 01:30:00+01:00,74.76997477274423,82.67
2025-12-31 01:45:00+01:00,73.56708600252381,81.09
2025-12-31 02:00:00+01:00,76.510377600436,83.54
2025-12-31 02:15:00+01:00,72.7240701873664,81.06
2025-12-31 02:30:00+01:00,71.81611087992648,79.25
2025-12-31 02:45:00+01:00,71.03528266764964,77.0
2025-12-31 03:00:00+01:00,71.92440761080633,80.0
2025-12-31 03:15:00+01:00,70.79003916261723,76.19
2025-12-31 03:30:00+01:00,69.86171586306901,75.03
2025-12-31 03:45:00+01:00,68.51310067123426,75.1
2025-12-31 04:00:00+01:00,70.11253217471454,74.41
2025-12-31 04:15:00+01:00,69.77473358114187,75.01
2025-12-31 04:30:00+01:00,70.56675730162276,74.71
2025-12-31 04:45:00+01:00,71.60199437347732,75.6
2025-12-31 05:00:00+01:00,73.23959587702632,75.05
2025-12-31 05:15:00+01:00,73.39662583834385,75.62
2025-12-31 05:30:00+01:00,75.24807016442381,78.1
2025-12-31 05:45:00+01:00,75.44239459291153,80.74
2025-12-31 06:00:00+01:00,72.85860629340303,77.82
2025-12-31 06:15:00+01:00,75.96619285384385,82.36
2025-12-31 06:30:00+01:00,77.77817035515473,82.83
2025-12-31 06:45:00+01:00,82.51793699661532,84.46
2025-12-31 07:00:00+01:00,83.42880280174407,79.56
2025-12-31 07:15:00+01:00,82.53517398825183,82.15
2025-12-31 07:30:00+01:00,87.46617087343377,87.17
2025-12-31 07:45:00+01:00,90.83629883439473,92.25
2025-12-31 08:00:00+01:00,94.75445265277322,90.79
2025-12-31 08:15:00+01:00,93.38437084200643,98.39
2025-12-31 08:30:00+01:00,91.45487073295885,97.08
2025-12-31 08:45:00+01:00,86.80283173481351,96.91
2025-12-31 09:00:00+01:00,94.83977963665572,102.79
2025-12-31 09:15:00+01:00,89.341956511885,99.8
2025-12-31 09:30:00+01:00,85.70397720000129,94.0
2025-12-31 09:45:00+01:00,77.13228248853018,84.75
2025-12-31 10:00:00+01:00,86.9314457475216,97.25
2025-12-31 10:15:00+01:00,81.71144072259676,89.82
2025-12-31 10:30:00+01:00,79.08705179534293,87.24
2025-12-31 10:45:00+01:00,76.19385765263705,82.74
2025-12-31 11:00:00+01:00,78.0689128683756,87.93
2025-12-31 11:15:00+01:00,76.2956398160833,83.93
2025-12-31 11:30:00+01:00,79.95726162917924,82.06
2025-12-31 11:45:00+01:00,77.34374167405585,80.0
2025-12-31 12:00:00+01:00,75.23468645649827,83.3
2025-12-31 12:15:00+01:00,74.10370370551037,82.0
2025-12-31 12:30:00+01:00,75.58198669732255,82.0
2025-12-31 12:45:00+01:00,78.15442851026661,84.89
2025-12-31 13:00:00+01:00,79.15387304475865,83.1
2025-12-31 13:15:00+01:00,75.3692962163803,84.14
2025-12-31 13:30:00+01:00,78.77797061311851,85.0
2025-12-31 13:45:00+01:00,82.74378890678152,88.44
2025-12-31 14:00:00+01:00,77.0096223310127,82.62
2025-12-31 14:15:00+01:00,83.30299088624425,85.39
2025-12-31 14:30:00+01:00,88.68094135328391,85.2
2025-12-31 14:45:00+01:00,93.69748382234263,87.5
2025-12-31 15:00:00+01:00,85.54763610340572,84.99
2025-12-31 15:15:00+01:00,95.53782636408998,89.76
2025-12-31 15:30:00+01:00,102.60462495206724,91.7
2025-12-31 15:45:00+01:00,99.62772541194431,96.88
2025-12-31 16:00:00+01:00,97.30609258908876,90.6
2025-12-31 16:15:00+01:00,100.52867989810875,100.66
2025-12-31 16:30:00+01:00,101.38712485371778,103.69
2025-12-31 16:45:00+01:00,102.60831643052077,107.87
2025-12-31 17:00:00+01:00,106.628042292903,105.81
2025-12-31 17:15:00+01:00,102.80240971919869,106.33
2025-12-31 17:30:00+01:00,98.75237983962853,109.02
2025-12-31 17:45:00+01:00,95.80578559200808,119.24
2025-12-31 18:00:00+01:00,104.20048404591702,110.11
2025-12-31 18:15:00+01:00,94.96806692912118,112.85
2025-12-31 18:30:00+01:00,87.90073844303006,105.65
2025-12-31 18:45:00+01:00,77.9355364279624,101.5
2025-12-31 19:00:00+01:00,83.55477543198137,100.83
2025-12-31 19:15:00+01:00,78.33034702915361,94.67
2025-12-31 19:30:00+01:00,75.70386509342285,97.87
2025-12-31 19:45:00+01:00,70.26876994446883,90.59
2025-12-31 20:00:00+01:00,81.21784027421367,96.22
2025-12-31 20:15:00+01:00,78.73661614520014,88.39
2025-12-31 20:30:00+01:00,73.83747981349018,84.27
2025-12-31 20:45:00+01:00,67.7894697548362,78.33
2025-12-31 21:00:00+01:00,77.77346436504443,89.07
2025-12-31 21:15:00+01:00,73.85947065039662,83.71
2025-12-31 21:30:00+01:00,74.83541471988707,76.72
2025-12-31 21:45:00+01:00,69.15161572248974,69.69
2025-12-31 22:00:00+01:00,79.45211030722562,87.95
2025-12-31 22:15:00+01:00,74.31207403261297,81.37
2025-12-31 22:30:00+01:00,71.10399666649693,82.47
2025-12-31 22:45:00+01:00,66.81352176582158,73.77
2025-12-31 23:00:00+01:00,71.96997224061786,86.3
2025-12-31 23:15:00+01:00,65.38693510455568,76.48
2025-12-31 23:30:00+01:00,61.49027058525877,75.75
2025-12-31 23:45:00+01:00,49.68327670262151,67.26
2026-01-01 00:00:00+01:00,73.83836593318688,63.64
2026-01-01 00:15:00+01:00,71.22485119262123,61.48
2026-01-01 00:30:00+01:00,66.30536225863545,58.0
2026-01-01 00:45:00+01:00,60.72367118347054,49.99
2026-01-01 01:00:00+01:00,67.51779777049934,60.01
2026-01-01 01:15:00+01:00,63.354398954484935,48.9
2026-01-01 01:30:00+01:00,60.076992486646375,36.74
2026-01-01 01:45:00+01:00,57.96664831929529,23.93
2026-01-01 02:00:00+01:00,60.91932615810447,36.01
2026-01-01 02:15:00+01:00,58.49793275902876,19.92
2026-01-01 02:30:00+01:00,54.67202394208947,14.99
2026-01-01 02:45:00+01:00,51.57070765321424,7.36
2026-01-01 03:00:00+01:00,55.40450204637584,10.08
2026-01-01 03:15:00+01:00,50.47849894743364,6.69
2026-01-01 03:30:00+01:00,45.02224805956917,4.5
2026-01-01 03:45:00+01:00,38.84995908437254,3.87
2026-01-01 04:00:00+01:00,45.90547169823866,4.5
2026-01-01 04:15:00+01:00,43.7142321679068,4.29
2026-01-01 04:30:00+01:00,41.572715141384606,3.48
2026-01-01 04:45:00+01:00,34.889050350380984,0.1
2026-01-01 05:00:00+01:00,43.77511315411212,3.05
2026-01-01 05:15:00+01:00,39.05628251457835,0.1
2026-01-01 05:30:00+01:00,39.2501191225232,0.1
2026-01-01 05:45:00+01:00,19.468771295805098,0.07
2026-01-01 06:00:00+01:00,40.39490875647343,0.01
2026-01-01 06:15:00+01:00,19.251003412386694,0.1
2026-01-01 06:30:00+01:00,6.611105252618472,0.1
2026-01-01 06:45:00+01:00,-21.231975636909937,0.0
2026-01-01 07:00:00+01:00,-7.3354233041763734,0.09
2026-01-01 07:15:00+01:00,-38.24277433406205,0.01
2026-01-01 07:30:00+01:00,-43.7256594072344,0.0
2026-01-01 07:45:00+01:00,-29.898332928167818,0.0
2026-01-01 08:00:00+01:00,-7.148405544885492,0.04
2026-01-01 08:15:00+01:00,-19.09839733488728,0.1
2026-01-01 08:30:00+01:00,-36.26493045818104,0.09
2026-01-01 08:45:00+01:00,-0.11260655291778221,0.0
2026-01-01 09:00:00+01:00,11.08375251414148,0.0
2026-01-01 09:15:00+01:00,-15.78462268508062,0.0
2026-01-01 09:30:00+01:00,3.4324478341763296,0.0
2026-01-01 09:45:00+01:00,18.617220310180613,0.0
2026-01-01 10:00:00+01:00,11.248814434909335,0.0
2026-01-01 10:15:00+01:00,3.908066945547205,0.0
2026-01-01 10:30:00+01:00,12.688348912781677,0.0
2026-01-01 10:45:00+01:00,15.671215119750968,-0.01
2026-01-01 11:00:00+01:00,-8.288687325373076,0.0
2026-01-01 11:15:00+01:00,-0.38308190838461087,0.0
2026-01-01 11:30:00+01:00,-0.6015063425094525,0.0
2026-01-01 11:45:00+01:00,9.44971396931875,-0.01
2026-01-01 12:00:00+01:00,14.28242445800609,-0.01
2026-01-01 12:15:00+01:00,14.327152598630406,-0.01
2026-01-01 12:30:00+01:00,15.932435245676636,-0.01
2026-01-01 12:45:00+01:00,18.148275945412244,-0.01
2026-01-01 13:00:00+01:00,13.916035074950138,-0.01
2026-01-01 13:15:00+01:00,15.815029176849379,-0.01
2026-01-01 13:30:00+01:00,14.000803400317182,-0.01
2026-01-01 13:45:00+01:00,13.611855361016467,0.0
2026-01-01 14:00:00+01:00,18.069268470672235,-0.01
2026-01-01 14:15:00+01:00,19.7355648570786,0.0
2026-01-01 14:30:00+01:00,25.804584099037463,0.0
2026-01-01 14:45:00+01:00,20.525919726741122,0.08
2026-01-01 15:00:00+01:00,24.4634441741711,0.1
2026-01-01 15:15:00+01:00,32.55987007017317,0.1
2026-01-01 15:30:00+01:00,31.0493466637667,3.85
2026-01-01 15:45:00+01:00,17.267602522880495,9.99
2026-01-01 16:00:00+01:00,41.13589135414335,4.51
2026-01-01 16:15:00+01:00,34.38371242778659,10.0
2026-01-01 16:30:00+01:00,23.4682769407584,12.42
2026-01-01 16:45:00+01:00,-11.352209665069253,14.45
2026-01-01 17:00:00+01:00,30.450829694091524,20.08
2026-01-01 17:15:00+01:00,22.60169762824451,14.99
2026-01-01 17:30:00+01:00,-2.3543385837708968,32.08
2026-01-01 17:45:00+01:00,9.266371607197044,20.03
2026-01-01 18:00:00+01:00,-10.651023073996441,27.76
2026-01-01 18:15:00+01:00,-84.24270468745293,30.0
2026-01-01 18:30:00+01:00,-56.60630295482662,22.17
2026-01-01 18:45:00+01:00,-86.43074893859674,12.58
2026-01-01 19:00:00+01:00,-123.6580733723883,28.96
2026-01-01 19:15:00+01:00,-78.44974917406589,18.27
2026-01-01 19:30:00+01:00,-70.82532737677238,12.58
2026-01-01 19:45:00+01:00,-40.901998439456804,12.56
2026-01-01 20:00:00+01:00,-76.85529681026266,12.53
2026-01-01 20:15:00+01:00,-35.99401976914396,10.05
2026-01-01 20:30:00+01:00,-7.019193787211819,10.08
2026-01-01 20:45:00+01:00,-28.249681552759682,7.51
2026-01-01 21:00:00+01:00,-19.611467078981207,10.01
2026-01-01 21:15:00+01:00,-11.976157190921256,10.1
2026-01-01 21:30:00+01:00,-0.5724432403472264,9.86
2026-01-01 21:45:00+01:00,6.24321482982495,5.83
2026-01-01 22:00:00+01:00,9.147540449376962,15.28
2026-01-01 22:15:00+01:00,-22.877832880010388,9.61
2026-01-01 22:30:00+01:00,1.4284209735979942,4.5
2026-01-01 22:45:00+01:00,-17.629800795315916,0.1
2026-01-01 23:00:00+01:00,-15.50402849838946,1.14
2026-01-01 23:15:00+01:00,-22.019290692786925,0.0
2026-01-01 23:30:00+01:00,-4.606867468822003,0.0
2026-01-01 23:45:00+01:00,-42.45070867453275,0.0
2026-01-02 00:00:00+01:00,-1.952355091006467,13.75
2026-01-02 00:15:00+01:00,-1.6107393720731267,11.87
2026-01-02 00:30:00+01:00,-13.502362798510688,10.58
2026-01-02 00:45:00+01:00,-17.546024570814907,2.52
2026-01-02 01:00:00+01:00,-13.497975165988635,6.64
2026-01-02 01:15:00+01:00,-23.852885682014943,3.92
2026-01-02 01:30:00+01:00,-20.19467604573883,1.38
2026-01-02 01:45:00+01:00,-13.60820827367887,0.1
2026-01-02 02:00:00+01:00,-24.060170954596742,4.51
2026-01-02 02:15:00+01:00,-20.031597948353365,2.58
2026-01-02 02:30:00+01:00,-22.201656911521624,0.1
2026-01-02 02:45:00+01:00,-18.228980290123715,0.04
2026-01-02 03:00:00+01:00,-22.452132226753406,0.83
2026-01-02 03:15:00+01:00,-27.31450541676763,0.1
2026-01-02 03:30:00+01:00,-28.278973778016564,0.05
2026-01-02 03:45:00+01:00,-23.594276775224643,0.0
2026-01-02 04:00:00+01:00,-26.75370791284567,0.1
2026-01-02 04:15:00+01:00,-16.317149699642144,0.1
2026-01-02 04:30:00+01:00,-18.774187299179133,2.06
2026-01-02 04:45:00+01:00,-19.222661084410916,4.64
2026-01-02 05:00:00+01:00,-16.970551570781623,4.99
2026-01-02 05:15:00+01:00,-5.291768670203567,9.8
2026-01-02 05:30:00+01:00,8.687881581135954,11.41
2026-01-02 05:45:00+01:00,20.61641395318871,21.79
2026-01-02 06:00:00+01:00,3.9152038430873404,5.54
2026-01-02 06:15:00+01:00,21.71095355198591,17.16
2026-01-02 06:30:00+01:00,33.981917460796005,25.72
2026-01-02 06:45:00+01:00,45.17825484738264,38.76
2026-01-02 07:00:00+01:00,36.91639935247958,32.93
2026-01-02 07:15:00+01:00,35.498430349729915,44.26
2026-01-02 07:30:00+01:00,44.841181806016394,59.99
2026-01-02 07:45:00+01:00,46.5648823658687,66.68
2026-01-02 08:00:00+01:00,48.10029940624991,66.33
2026-01-02 08:15:00+01:00,48.6135964740613,68.58
2026-01-02 08:30:00+01:00,39.515708230881785,69.93
2026-01-02 08:45:00+01:00,41.639188526248255,70.63
2026-01-02 09:00:00+01:00,50.291398473787844,70.51
2026-01-02 09:15:00+01:00,38.945129620769634,70.5
2026-01-02 09:30:00+01:00,40.164599889959725,71.63
2026-01-02 09:45:00+01:00,38.355522733037155,72.15
2026-01-02 10:00:00+01:00,32.15785281517829,62.59
2026-01-02 10:15:00+01:00,60.535846400435304,58.53
2026-01-02 10:30:00+01:00,47.698087601251274,55.35
2026-01-02 10:45:00+01:00,41.842566008601004,55.08
2026-01-02 11:00:00+01:00,46.72581379135672,53.87
2026-01-02 11:15:00+01:00,48.41767399279952,57.71
2026-01-02 11:30:00+01:00,56.51069668708523,57.35
2026-01-02 11:45:00+01:00,61.708603318248194,54.78
2026-01-02 12:00:00+01:00,42.46426417383075,54.82
2026-01-02 12:15:00+01:00,46.90876510219309,57.5
2026-01-02 12:30:00+01:00,54.92859050478061,60.0
2026-01-02 12:45:00+01:00,56.67789484921115,59.69
2026-01-02 13:00:00+01:00,54.963349193211286,68.6
2026-01-02 13:15:00+01:00,57.559713482268,65.84
2026-01-02 13:30:00+01:00,59.23192642642354,64.71
2026-01-02 13:45:00+01:00,65.10343095245236,68.64
2026-01-02 14:00:00+01:00,57.49786010787318,65.51
2026-01-02 14:15:00+01:00,64.89166940730397,71.01
2026-01-02 14:30:00+01:00,69.80769714389038,70.01
2026-01-02 14:45:00+01:00,76.46663753395404,73.95
2026-01-02 15:00:00+01:00,62.47282783044648,69.63
2026-01-02 15:15:00+01:00,75.4668046699679,76.93
2026-01-02 15:30:00+01:00,84.26993406483834,81.04
2026-01-02 15:45:00+01:00,79.05677914223531,82.38
2026-01-02 16:00:00+01:00,71.62307970278526,74.28
2026-01-02 16:15:00+01:00,87.8482499624121,81.85
2026-01-02 16:30:00+01:00,85.12412520575137,85.79
2026-01-02 16:45:00+01:00,82.64277644955263,87.9
2026-01-02 17:00:00+01:00,94.99591927950706,83.84
2026-01-02 17:15:00+01:00,93.95084192779754,85.94
2026-01-02 17:30:00+01:00,88.56406772079711,85.98
2026-01-02 17:45:00+01:00,77.34628435610759,85.98
2026-01-02 18:00:00+01:00,89.19193846659164,87.98
2026-01-02 18:15:00+01:00,77.05699477333032,87.96
2026-01-02 18:30:00+01:00,69.38389743447058,89.44
2026-01-02 18:45:00+01:00,68.18956230884338,87.99
2026-01-02 19:00:00+01:00,84.36001372844652,89.95
2026-01-02 19:15:00+01:00,80.94069101870366,89.9
2026-01-02 19:30:00+01:00,82.34958770342912,88.01
2026-01-02 19:45:00+01:00,74.04044776945537,86.43
2026-01-02 20:00:00+01:00,74.25883428859939,94.95
2026-01-02 20:15:00+01:00,72.40176051325032,89.83
2026-01-02 20:30:00+01:00,71.75905048652369,86.65
2026-01-02 20:45:00+01:00,72.51439636116572,85.18
2026-01-02 21:00:00+01:00,71.61475855300901,84.84
2026-01-02 21:15:00+01:00,72.45464723292605,84.41
2026-01-02 21:30:00+01:00,64.26565068434492,84.13
2026-01-02 21:45:00+01:00,51.599187877629184,80.69
2026-01-02 22:00:00+01:00,76.50527328760137,87.25
2026-01-02 22:15:00+01:00,67.05136260556046,84.19
2026-01-02 22:30:00+01:00,67.98871272404182,86.52
2026-01-02 22:45:00+01:00,48.23401712603659,84.41
2026-01-02 23:00:00+01:00,68.26447632870791,83.65
2026-01-02 23:15:00+01:00,61.56516443996857,82.99
2026-01-02 23:30:00+01:00,58.60947853325056,81.72
2026-01-02 23:45:00+01:00,23.388013357076403,78.97
2026-01-03 00:00:00+01:00,77.72834089366573,84.34
2026-01-03 00:15:00+01:00,77.51075630920967,82.79
2026-01-03 00:30:00+01:00,74.90677476288272,78.69
2026-01-03 00:45:00+01:00,72.82037795987787,74.84
2026-01-03 01:00:00+01:00,73.36409318217923,80.9
2026-01-03 01:15:00+01:00,71.37402585043488,77.99
2026-01-03 01:30:00+01:00,72.23573732640071,77.54
2026-01-03 01:45:00+01:00,70.3457648253096,76.89
2026-01-03 02:00:00+01:00,70.60829585640214,77.96
2026-01-03 02:15:00+01:00,69.48262429954262,76.39
2026-01-03 02:30:00+01:00,68.56348734197195,75.24
2026-01-03 02:45:00+01:00,67.72887077982827,73.69
2026-01-03 03:00:00+01:00,68.81191434560915,76.49
2026-01-03 03:15:00+01:00,67.27413023461278,75.16
2026-01-03 03:30:00+01:00,66.52846447313517,74.01
2026-01-03 03:45:00+01:00,64.63591215573138,73.62
2026-01-03 04:00:00+01:00,68.15789109939263,73.18
2026-01-03 04:15:00+01:00,66.42291271582693,72.93
2026-01-03 04:30:00+01:00,65.94415902358821,73.06
2026-01-03 04:45:00+01:00,65.86904924119418,72.92
2026-01-03 05:00:00+01:00,70.80948257378836,73.95
2026-01-03 05:15:00+01:00,69.92269899674604,73.82
2026-01-03 05:30:00+01:00,68.98882527471862,75.3
2026-01-03 05:45:00+01:00,69.09893376820261,76.89
2026-01-03 06:00:00+01:00,67.45832930416381,72.55
2026-01-03 06:15:00+01:00,67.09354418310792,74.5
2026-01-03 06:30:00+01:00,67.12043663117484,77.03
2026-01-03 06:45:00+01:00,69.69086577521611,79.56
2026-01-03 07:00:00+01:00,66.98373870722469,78.56
2026-01-03 07:15:00+01:00,70.18732717371111,76.83
2026-01-03 07:30:00+01:00,79.26942806971799,79.59
2026-01-03 07:45:00+01:00,84.6781221385897,82.27
2026-01-03 08:00:00+01:00,76.54110583494705,87.85
2026-01-03 08:15:00+01:00,84.73889751867485,90.35
2026-01-03 08:30:00+01:00,88.85669245842695,91.91
2026-01-03 08:45:00+01:00,87.1944460720325,92.65
2026-01-03 09:00:00+01:00,79.86500057761164,95.35
2026-01-03 09:15:00+01:00,86.86149443310767,95.63
2026-01-03 09:30:00+01:00,85.05125916842991,94.34
2026-01-03 09:45:00+01:00,80.53065799842634,91.04
2026-01-03 10:00:00+01:00,83.92994478793995,98.94
2026-01-03 10:15:00+01:00,75.44029082102267,95.0
2026-01-03 10:30:00+01:00,71.00659611062608,91.45
2026-01-03 10:45:00+01:00,68.17176738106583,87.85
2026-01-03 11:00:00+01:00,64.96480933135854,91.95
2026-01-03 11:15:00+01:00,64.2891024858075,89.0
2026-01-03 11:30:00+01:00,62.05139721334284,87.85
2026-01-03 11:45:00+01:00,59.03317136095595,86.03
2026-01-03 12:00:00+01:00,59.71311700712654,87.85
2026-01-03 12:15:00+01:00,56.545781987028164,87.06
2026-01-03 12:30:00+01:00,58.20304372089495,87.16
2026-01-03 12:45:00+01:00,56.83013046351007,87.58
2026-01-03 13:00:00+01:00,63.67395038392939,85.85
2026-01-03 13:15:00+01:00,58.89761567510698,85.55
2026-01-03 13:30:00+01:00,61.15561045901762,86.03
2026-01-03 13:45:00+01:00,67.15694921767754,88.99
2026-01-03 14:00:00+01:00,55.21682143931609,85.11
2026-01-03 14:15:00+01:00,68.58107889404494,88.15
2026-01-03 14:30:00+01:00,72.22191703314357,90.7
2026-01-03 14:45:00+01:00,80.80639814654678,94.77
2026-01-03 15:00:00+01:00,65.31800969559039,90.0
2026-01-03 15:15:00+01:00,79.90054805474567,94.01
2026-01-03 15:30:00+01:00,90.06650833944722,96.68
2026-01-03 15:45:00+01:00,93.32847345117851,97.71
2026-01-03 16:00:00+01:00,80.39308673349942,94.78
2026-01-03 16:15:00+01:00,88.95899072226327,99.39
2026-01-03 16:30:00+01:00,95.23770864483522,100.98
2026-01-03 16:45:00+01:00,100.67376149813576,104.37
2026-01-03 17:00:00+01:00,105.0333570482804,105.95
2026-01-03 17:15:00+01:00,102.68564425678694,109.99
2026-01-03 17:30:00+01:00,100.33293426464792,111.01
2026-01-03 17:45:00+01:00,99.5921686242231,111.91
2026-01-03 18:00:00+01:00,110.6205628176537,112.8
2026-01-03 18:15:00+01:00,105.07233282983324,111.01
2026-01-03 18:30:00+01:00,109.05258959340239,110.0
2026-01-03 18:45:00+01:00,103.74887485622415,109.49
2026-01-03 19:00:00+01:00,113.68373518907907,111.01
2026-01-03 19:15:00+01:00,109.98487883994436,105.92
2026-01-03 19:30:00+01:00,107.28845661403503,102.53
2026-01-03 19:45:00+01:00,107.3842154592705,99.58
2026-01-03 20:00:00+01:00,103.04495075198557,99.28
2026-01-03 20:15:00+01:00,98.0285884069359,99.03
2026-01-03 20:30:00+01:00,92.86779421356363,97.84
2026-01-03 20:45:00+01:00,84.9538304878234,94.35
2026-01-03 21:00:00+01:00,89.470536341354,95.79
2026-01-03 21:15:00+01:00,85.87746903897623,92.02
2026-01-03 21:30:00+01:00,84.88594823469572,91.18
2026-01-03 21:45:00+01:00,78.27124287149319,85.48
2026-01-03 22:00:00+01:00,87.24776039616347,94.04
2026-01-03 22:15:00+01:00,82.52044500877226,90.99
2026-01-03 22:30:00+01:00,79.8811291792726,90.83
2026-01-03 22:45:00+01:00,75.699606740083,86.99
2026-01-03 23:00:00+01:00,80.49266536791666,91.44
2026-01-03 23:15:00+01:00,75.2604402052092,86.48
2026-01-03 23:30:00+01:00,69.53988461507026,84.8
2026-01-03 23:45:00+01:00,67.40758941002612,81.34
2026-01-04 00:00:00+01:00,85.51553274826763,94.01
2026-01-04 00:15:00+01:00,83.07776581482587,89.42
2026-01-04 00:30:00+01:00,79.57983183182398,87.78
2026-01-04 00:45:00+01:00,76.16546949704212,84.08
2026-01-04 01:00:00+01:00,81.55824261565745,87.72
2026-01-04 01:15:00+01:00,78.5860230074583,85.43
2026-01-04 01:30:00+01:00,77.41354853638191,84.24
2026-01-04 01:45:00+01:00,75.63282648861525,83.93
2026-01-04 02:00:00+01:00,77.82229294238859,87.13
2026-01-04 02:15:00+01:00,75.46244401042627,84.85
2026-01-04 02:30:00+01:00,74.15130926643802,84.18
2026-01-04 02:45:00+01:00,73.35913998078107,84.01
2026-01-04 03:00:00+01:00,75.12954423215886,84.6
2026-01-04 03:15:00+01:00,73.33863422720292,83.87
2026-01-04 03:30:00+01:00,72.28430244233829,83.43
2026-01-04 03:45:00+01:00,70.72468417604432,83.05
2026-01-04 04:00:00+01:00,72.7802477300036,82.6
2026-01-04 04:15:00+01:00,72.09247822585618,82.19
2026-01-04 04:30:00+01:00,72.21857132649832,82.41
2026-01-04 04:45:00+01:00,73.34526916939653,83.03
2026-01-04 05:00:00+01:00,76.21051039768925,82.51
2026-01-04 05:15:00+01:00,73.9850528247899,83.18
2026-01-04 05:30:00+01:00,74.89098941396661,84.01
2026-01-04 05:45:00+01:00,75.78369093682767,83.93
2026-01-04 06:00:00+01:00,61.20722121186257,82.71
2026-01-04 06:15:00+01:00,71.72233159824097,83.99
2026-01-04 06:30:00+01:00,72.52016522721509,83.69
2026-01-04 06:45:00+01:00,81.07742271111181,84.79
2026-01-04 07:00:00+01:00,72.35928653387049,84.46
2026-01-04 07:15:00+01:00,74.46538573661286,84.47
2026-01-04 07:30:00+01:00,84.05728790936281,86.9
2026-01-04 07:45:00+01:00,89.18701966046007,90.1
2026-01-04 08:00:00+01:00,82.5758718101641,86.51
2026-01-04 08:15:00+01:00,87.46814096329325,87.54
2026-01-04 08:30:00+01:00,90.37435698717444,88.85
2026-01-04 08:45:00+01:00,93.45370329462548,89.59
2026-01-04 09:00:00+01:00,92.75217680206806,94.02
2026-01-04 09:15:00+01:00,92.00444289179512,96.0
2026-01-04 09:30:00+01:00,89.6709042067008,95.99
2026-01-04 09:45:00+01:00,86.0285220139099,91.19
2026-01-04 10:00:00+01:00,90.72727468699496,103.94
2026-01-04 10:15:00+01:00,85.4070991803143,97.19
2026-01-04 10:30:00+01:00,81.62536679054065,90.92
2026-01-04 10:45:00+01:00,78.7046620593997,86.97
2026-01-04 11:00:00+01:00,77.17195659620583,93.85
2026-01-04 11:15:00+01:00,78.22067535718965,89.99
2026-01-04 11:30:00+01:00,78.92458726651898,89.96
2026-01-04 11:45:00+01:00,78.40019700464548,89.71
2026-01-04 12:00:00+01:00,76.95610596553884,91.3
2026-01-04 12:15:00+01:00,78.14962262599438,89.7
2026-01-04 12:30:00+01:00,79.17763433147478,89.94
2026-01-04 12:45:00+01:00,79.66020001144052,87.23
2026-01-04 13:00:00+01:00,78.56201142369426,86.2
2026-01-04 13:15:00+01:00,78.56621778012766,85.27
2026-01-04 13:30:00+01:00,78.94374321188731,86.19
2026-01-04 13:45:00+01:00,80.71714026654286,89.45
2026-01-04 14:00:00+01:00,77.24675254890073,83.5
2026-01-04 14:15:00+01:00,83.04448353335371,89.51
2026-01-04 14:30:00+01:00,86.52982986655611,95.8
2026-01-04 14:45:00+01:00,90.09364147773874,101.89
2026-01-04 15:00:00+01:00,86.94241757709798,83.71
2026-01-04 15:15:00+01:00,94.05121614117353,90.62
2026-01-04 15:30:00+01:00,100.34766700396956,95.88
2026-01-04 15:45:00+01:00,107.72325037663376,102.58
2026-01-04 16:00:00+01:00,88.19777460422544,87.61
2026-01-04 16:15:00+01:00,101.6874257600155,99.08
2026-01-04 16:30:00+01:00,111.55255084952373,103.39
2026-01-04 16:45:00+01:00,118.72930109046368,112.29
2026-01-04 17:00:00+01:00,115.41093568602095,113.99
2026-01-04 17:15:00+01:00,120.06918758307218,119.02
2026-01-04 17:30:00+01:00,123.1618980472657,117.5
2026-01-04 17:45:00+01:00,123.63599624972913,123.19
2026-01-04 18:00:00+01:00,124.38802406275904,121.0
2026-01-04 18:15:00+01:00,123.97084792406653,120.93
2026-01-04 18:30:00+01:00,126.42554268673501,119.49
2026-01-04 18:45:00+01:00,125.8372798475146,123.3
2026-01-04 19:00:00+01:00,130.91013713937585,123.5
2026-01-04 19:15:00+01:00,126.1659281263014,120.92
2026-01-04 19:30:00+01:00,123.92825987940508,119.38
2026-01-04 19:45:00+01:00,120.5754262811271,115.06
2026-01-04 20:00:00+01:00,118.44146701153288,121.3
2026-01-04 20:15:00+01:00,112.18138875449674,115.33
2026-01-04 20:30:00+01:00,106.72362511996077,110.0
2026-01-04 20:45:00+01:00,98.87143956395539,103.17
2026-01-04 21:00:00+01:00,104.57744282282859,106.87
2026-01-04 21:15:00+01:00,100.32798913996258,101.72
2026-01-04 21:30:00+01:00,97.5985446311349,97.57
2026-01-04 21:45:00+01:00,94.50357003857917,92.64
2026-01-04 22:00:00+01:00,102.2548575610202,98.04
2026-01-04 22:15:00+01:00,97.38809585280356,96.51
2026-01-04 22:30:00+01:00,94.49687471591449,97.83
2026-01-04 22:45:00+01:00,90.56431709704462,90.68
2026-01-04 23:00:00+01:00,96.00339804346679,97.61
2026-01-04 23:15:00+01:00,89.70293337222843,89.73
2026-01-04 23:30:00+01:00,85.93552165520144,86.33
2026-01-04 23:45:00+01:00,83.89898469819555,83.17
2026-01-05 00:00:00+01:00,91.62700635520905,107.81
2026-01-05 00:15:00+01:00,88.14718910306354,91.48
2026-01-05 00:30:00+01:00,84.64441612405672,87.94
2026-01-05 00:45:00+01:00,82.47283418057047,82.58
2026-01-05 01:00:00+01:00,87.22467899571367,92.96
2026-01-05 01:15:00+01:00,84.10563118146011,90.0
2026-01-05 01:30:00+01:00,82.46520745104397,86.74
2026-01-05 01:45:00+01:00,81.2515759355622,85.69
2026-01-05 02:00:00+01:00,83.64264397724594,87.21
2026-01-05 02:15:00+01:00,81.09972267183578,86.61
2026-01-05 02:30:00+01:00,80.57765001350081,86.93
2026-01-05 02:45:00+01:00,80.80525334919716,85.28
2026-01-05 03:00:00+01:00,81.72659264476381,86.36
2026-01-05 03:15:00+01:00,80.45839359107626,85.97
2026-01-05 03:30:00+01:00,80.71014576069335,85.74
2026-01-05 03:45:00+01:00,81.01112484766618,87.18
2026-01-05 04:00:00+01:00,80.26677064152383,86.25
2026-01-05 04:15:00+01:00,81.3725669111218,86.73
2026-01-05 04:30:00+01:00,82.6294012448153,87.01
2026-01-05 04:45:00+01:00,84.86959046896868,89.99
2026-01-05 05:00:00+01:00,82.77447250784633,87.46
2026-01-05 05:15:00+01:00,85.07505872763174,88.35
2026-01-05 05:30:00+01:00,89.41957105456424,89.11
2026-01-05 05:45:00+01:00,94.42189117553306,98.51
2026-01-05 06:00:00+01:00,81.37913877750985,87.38
2026-01-05 06:15:00+01:00,90.69189626169492,104.9
2026-01-05 06:30:00+01:00,93.61207563515761,118.71
2026-01-05 06:45:00+01:00,116.83126664161765,125.1
2026-01-05 07:00:00+01:00,108.71545240292251,114.46
2026-01-05 07:15:00+01:00,114.52262422264877,120.92
2026-01-05 07:30:00+01:00,127.3099498751134,132.96
2026-01-05 07:45:00+01:00,131.84722959020982,148.91
2026-01-05 08:00:00+01:00,133.92530352425834,145.35
2026-01-05 08:15:00+01:00,133.42409679276238,156.49
2026-01-05 08:30:00+01:00,128.99614680932808,148.97
2026-01-05 08:45:00+01:00,125.5551952757978,153.89
2026-01-05 09:00:00+01:00,129.7034502278855,162.99
2026-01-05 09:15:00+01:00,124.57111802701417,161.49
2026-01-05 09:30:00+01:00,119.24260908397312,147.22
2026-01-05 09:45:00+01:00,112.55887211992187,136.9
2026-01-05 10:00:00+01:00,123.68453449733283,162.46
2026-01-05 10:15:00+01:00,115.27071745194365,145.86
2026-01-05 10:30:00+01:00,107.01804534647646,139.99
2026-01-05 10:45:00+01:00,105.09814333626757,134.2
2026-01-05 11:00:00+01:00,111.45943972116369,139.9
2026-01-05 11:15:00+01:00,110.79032471737982,136.33
2026-01-05 11:30:00+01:00,111.64133775025343,135.99
2026-01-05 11:45:00+01:00,113.5466969609527,134.06
2026-01-05 12:00:00+01:00,115.16733307981379,134.4
2026-01-05 12:15:00+01:00,114.40535816671763,132.97
2026-01-05 12:30:00+01:00,116.45881801699826,133.84
2026-01-05 12:45:00+01:00,118.62548235001394,136.0
2026-01-05 13:00:00+01:00,117.81525433943216,131.59
2026-01-05 13:15:00+01:00,119.40381417826093,131.33
2026-01-05 13:30:00+01:00,118.75205545409814,135.52
2026-01-05 13:45:00+01:00,124.50334452304942,138.77
2026-01-05 14:00:00+01:00,118.35954254859482,128.2
2026-01-05 14:15:00+01:00,129.11700637224055,131.22
2026-01-05 14:30:00+01:00,132.85988131389894,139.9
2026-01-05 14:45:00+01:00,134.78819266267953,161.28
2026-01-05 15:00:00+01:00,134.4891190560528,133.09
2026-01-05 15:15:00+01:00,136.61279057890496,140.02
2026-01-05 15:30:00+01:00,143.90534375331157,166.43
2026-01-05 15:45:00+01:00,151.96059778424944,156.42
2026-01-05 16:00:00+01:00,129.27088280592451,164.87
2026-01-05 16:15:00+01:00,138.89473675915056,166.06
2026-01-05 16:30:00+01:00,152.89793826644438,193.19
2026-01-05 16:45:00+01:00,159.05414718194706,198.71
2026-01-05 17:00:00+01:00,151.37291636151778,198.13
2026-01-05 17:15:00+01:00,155.08829792221587,208.0
2026-01-05 17:30:00+01:00,154.74712697893543,244.39
2026-01-05 17:45:00+01:00,152.28801883959252,243.18
2026-01-05 18:00:00+01:00,151.1603529251105,219.44
2026-01-05 18:15:00+01:00,151.59791164181354,216.52
2026-01-05 18:30:00+01:00,155.51642337452427,217.38
2026-01-05 18:45:00+01:00,158.80582646807414,201.0
2026-01-05 19:00:00+01:00,168.69124341786159,222.12
2026-01-05 19:15:00+01:00,160.10600395829556,208.97
2026-01-05 19:30:00+01:00,151.32727125404364,162.0
2026-01-05 19:45:00+01:00,143.99565245261348,138.11
2026-01-05 20:00:00+01:00,136.53900544961434,171.3
2026-01-05 20:15:00+01:00,128.36031319729315,146.73
2026-01-05 20:30:00+01:00,120.66545516252289,138.09
2026-01-05 20:45:00+01:00,113.07135536584619,132.01
2026-01-05 21:00:00+01:00,121.7830721758778,137.82
2026-01-05 21:15:00+01:00,116.00030724091633,135.05
2026-01-05 21:30:00+01:00,112.46466378888304,125.76
2026-01-05 21:45:00+01:00,104.51357843162006,117.78
2026-01-05 22:00:00+01:00,114.28044904480538,128.71
2026-01-05 22:15:00+01:00,109.58266050418986,122.48
2026-01-05 22:30:00+01:00,105.43418004623564,124.17
2026-01-05 22:45:00+01:00,98.95002628016559,120.04
2026-01-05 23:00:00+01:00,108.15919089496042,119.51
2026-01-05 23:15:00+01:00,99.46827279084863,112.41
2026-01-05 23:30:00+01:00,94.56146266196518,107.26
2026-01-05 23:45:00+01:00,88.38962125782115,106.02
2026-01-06 00:00:00+01:00,111.90963560877543,114.77
2026-01-06 00:15:00+01:00,107.02334697119574,107.38
2026-01-06 00:30:00+01:00,103.22453714319408,100.9
2026-01-06 00:45:00+01:00,101.36595593681784,95.73
2026-01-06 01:00:00+01:00,107.02980154476009,110.0
2026-01-06 01:15:00+01:00,102.49866715778153,106.42
2026-01-06 01:30:00+01:00,99.81267196062427,102.27
2026-01-06 01:45:00+01:00,99.96647530602144,99.71
2026-01-06 02:00:00+01:00,102.7143775003995,104.37
2026-01-06 02:15:00+01:00,100.48576698147562,100.84
2026-01-06 02:30:00+01:00,98.97188743425123,100.86
2026-01-06 02:45:00+01:00,97.86288464857438,100.11
2026-01-06 03:00:00+01:00,101.60622153379941,101.03
2026-01-06 03:15:00+01:00,98.30117145102085,100.05
2026-01-06 03:30:00+01:00,96.7233786501778,100.01
2026-01-06 03:45:00+01:00,95.78368873256355,99.26
2026-01-06 04:00:00+01:00,97.11128036153471,99.11
2026-01-06 04:15:00+01:00,99.25768801832933,99.88
2026-01-06 04:30:00+01:00,97.96823915660566,104.01
2026-01-06 04:45:00+01:00,98.19234316924828,106.81
2026-01-06 05:00:00+01:00,95.48993160474163,100.39
2026-01-06 05:15:00+01:00,96.48858599775436,102.33
2026-01-06 05:30:00+01:00,100.8066811984094,110.78
2026-01-06 05:45:00+01:00,102.67423123922433,114.5
2026-01-06 06:00:00+01:00,95.860299284067,112.07
2026-01-06 06:15:00+01:00,98.86296852382661,117.75
2026-01-06 06:30:00+01:00,107.675383604377,121.42
2026-01-06 06:45:00+01:00,125.44328960946322,133.91
2026-01-06 07:00:00+01:00,122.79341174811177,121.67
2026-01-06 07:15:00+01:00,131.96326242274424,137.9
2026-01-06 07:30:00+01:00,141.3262335410963,147.43
2026-01-06 07:45:00+01:00,145.08694258632522,146.99
2026-01-06 08:00:00+01:00,150.91036278780473,153.51
2026-01-06 08:15:00+01:00,146.93416727640468,168.72
2026-01-06 08:30:00+01:00,139.2423389942459,170.95
2026-01-06 08:45:00+01:00,123.06760424115421,163.56
2026-01-06 09:00:00+01:00,142.17075046520148,189.91
2026-01-06 09:15:00+01:00,134.71360438514145,169.97
2026-01-06 09:30:00+01:00,128.5261616758308,166.34
2026-01-06 09:45:00+01:00,117.24766281975279,149.06
2026-01-06 10:00:00+01:00,132.55799917455704,176.85
2026-01-06 10:15:00+01:00,121.76468443544799,150.1
2026-01-06 10:30:00+01:00,122.42741544877104,150.02
2026-01-06 10:45:00+01:00,114.4210005211649,142.4
2026-01-06 11:00:00+01:00,118.64040149302132,161.63
2026-01-06 11:15:00+01:00,122.30563684825903,148.46
2026-01-06 11:30:00+01:00,122.46625259358183,142.97
2026-01-06 11:45:00+01:00,121.03789348159452,136.0
2026-01-06 12:00:00+01:00,125.74323058241097,140.92
2026-01-06 12:15:00+01:00,121.22174276709113,135.03
2026-01-06 12:30:00+01:00,120.8316995004126,131.86
2026-01-06 12:45:00+01:00,121.99533755565844,129.92
2026-01-06 13:00:00+01:00,123.28372149498418,133.66
2026-01-06 13:15:00+01:00,121.68140706875124,131.3
2026-01-06 13:30:00+01:00,117.52213076112272,127.72
2026-01-06 13:45:00+01:00,123.43305939746148,128.13
2026-01-06 14:00:00+01:00,117.42138923034724,127.07
2026-01-06 14:15:00+01:00,123.40414599408375,130.0
2026-01-06 14:30:00+01:00,128.1822127333943,130.01
2026-01-06 14:45:00+01:00,132.5697284177171,135.73
2026-01-06 15:00:00+01:00,125.48892158602338,127.73
2026-01-06 15:15:00+01:00,131.43665582459278,134.31
2026-01-06 15:30:00+01:00,139.98112480596404,137.37
2026-01-06 15:45:00+01:00,149.85968195746835,148.53
2026-01-06 16:00:00+01:00,127.02499647250109,128.83
2026-01-06 16:15:00+01:00,135.3838273357393,142.62
2026-01-06 16:30:00+01:00,147.77954009719636,147.96
2026-01-06 16:45:00+01:00,157.78400629367283,160.62
2026-01-06 17:00:00+01:00,140.30326311691766,142.17
2026-01-06 17:15:00+01:00,146.45179735112072,147.1
2026-01-06 17:30:00+01:00,147.05170949905403,162.0
2026-01-06 17:45:00+01:00,147.35119095437238,160.7
2026-01-06 18:00:00+01:00,146.17382543703604,159.94
2026-01-06 18:15:00+01:00,146.47198976545914,150.29
2026-01-06 18:30:00+01:00,148.49177678723277,146.85
2026-01-06 18:45:00+01:00,140.92633792052854,135.99
2026-01-06 19:00:00+01:00,154.22895732388713,154.98
2026-01-06 19:15:00+01:00,139.60854276057418,139.88
2026-01-06 19:30:00+01:00,123.75509303212273,133.88
2026-01-06 19:45:00+01:00,118.21029260981307,127.73
2026-01-06 20:00:00+01:00,120.70995828507994,133.99
2026-01-06 20:15:00+01:00,110.75580252520591,123.88
2026-01-06 20:30:00+01:00,105.7903243819262,117.76
2026-01-06 20:45:00+01:00,97.67425550626977,110.78
2026-01-06 21:00:00+01:00,106.58184462964168,120.86
2026-01-06 21:15:00+01:00,97.99023251410804,111.69
2026-01-06 21:30:00+01:00,93.5510610808693,102.58
2026-01-06 21:45:00+01:00,85.61387262990958,99.12
2026-01-06 22:00:00+01:00,101.2573733019325,108.14
2026-01-06 22:15:00+01:00,94.95405048328858,105.41
2026-01-06 22:30:00+01:00,91.95794027289422,100.5
2026-01-06 22:45:00+01:00,85.90589079007738,94.84
2026-01-06 23:00:00+01:00,93.12555708216483,102.93
2026-01-06 23:15:00+01:00,86.42021552558255,94.02
2026-01-06 23:30:00+01:00,83.04246730983172,90.11
2026-01-06 23:45:00+01:00,75.75793251630962,84.21
2026-01-07 00:00:00+01:00,96.31029828044024,101.28
2026-01-07 00:15:00+01:00,91.42192181198743,98.99
2026-01-07 00:30:00+01:00,86.18191373075275,89.62
2026-01-07 00:45:00+01:00,81.80206090866767,86.06
2026-01-07 01:00:00+01:00,90.6287706201342,92.96
2026-01-07 01:15:00+01:00,85.08123885926794,90.1
2026-01-07 01:30:00+01:00,81.86970711317389,86.35
2026-01-07 01:45:00+01:00,79.64658929747719,85.03
2026-01-07 02:00:00+01:00,84.22255566862741,86.77
2026-01-07 02:15:00+01:00,80.76734206125509,84.75
2026-01-07 02:30:00+01:00,78.95430326112445,85.51
2026-01-07 02:45:00+01:00,77.31184265361773,83.15
2026-01-07 03:00:00+01:00,79.64347110209232,83.6
2026-01-07 03:15:00+01:00,77.52575810434293,81.69
2026-01-07 03:30:00+01:00,75.80002831785539,81.01
2026-01-07 03:45:00+01:00,72.96211555793175,80.29
2026-01-07 04:00:00+01:00,75.20259325763374,80.79
2026-01-07 04:15:00+01:00,75.04649656013976,80.67
2026-01-07 04:30:00+01:00,76.01767616933061,80.36
2026-01-07 04:45:00+01:00,78.2520663161134,81.31
2026-01-07 05:00:00+01:00,77.55435020647866,84.09
2026-01-07 05:15:00+01:00,77.15936037683761,83.44
2026-01-07 05:30:00+01:00,81.91571614006504,84.69
2026-01-07 05:45:00+01:00,84.28739639240688,87.31
2026-01-07 06:00:00+01:00,84.73439912316763,87.45
2026-01-07 06:15:00+01:00,86.38551771378006,91.01
2026-01-07 06:30:00+01:00,90.67468939174614,95.59
2026-01-07 06:45:00+01:00,102.00312756440978,97.03
2026-01-07 07:00:00+01:00,98.90554907431265,100.1
2026-01-07 07:15:00+01:00,101.57126850146248,98.19
2026-01-07 07:30:00+01:00,112.31731147533014,100.09
2026-01-07 07:45:00+01:00,116.78577952114009,98.42
2026-01-07 08:00:00+01:00,127.33423037527574,106.77
2026-01-07 08:15:00+01:00,120.39697603264655,107.68
2026-01-07 08:30:00+01:00,110.20329430976761,113.68
2026-01-07 08:45:00+01:00,101.53505634129816,109.27
2026-01-07 09:00:00+01:00,120.34733791370924,115.44
2026-01-07 09:15:00+01:00,106.82870267694469,115.58
2026-01-07 09:30:00+01:00,101.47237479786865,114.9
2026-01-07 09:45:00+01:00,96.53117050513849,102.59
2026-01-07 10:00:00+01:00,106.17336255411217,116.56
2026-01-07 10:15:00+01:00,98.1818742851764,109.01
2026-01-07 10:30:00+01:00,95.20646589649911,105.84
2026-01-07 10:45:00+01:00,87.30818065104435,101.84
2026-01-07 11:00:00+01:00,95.20659791826861,102.11
2026-01-07 11:15:00+01:00,90.59340042393603,99.6
2026-01-07 11:30:00+01:00,89.5900354594919,98.3
2026-01-07 11:45:00+01:00,86.15216546360226,99.73
2026-01-07 12:00:00+01:00,88.28126003706555,98.86
2026-01-07 12:15:00+01:00,85.01408761499836,96.01
2026-01-07 12:30:00+01:00,87.03926998204159,96.35
2026-01-07 12:45:00+01:00,87.75755629859137,94.14
2026-01-07 13:00:00+01:00,86.67216310053415,97.91
2026-01-07 13:15:00+01:00,86.73628558314566,93.62
2026-01-07 13:30:00+01:00,87.28226221326607,89.78
2026-01-07 13:45:00+01:00,90.28753241094226,91.31
2026-01-07 14:00:00+01:00,86.13469253381179,91.19
2026-01-07 14:15:00+01:00,90.96871366484572,94.36
2026-01-07 14:30:00+01:00,97.57616485667765,94.09
2026-01-07 14:45:00+01:00,104.20857502709066,101.27
2026-01-07 15:00:00+01:00,94.31182997717718,95.86
2026-01-07 15:15:00+01:00,102.04886973456097,102.81
2026-01-07 15:30:00+01:00,109.81928072803748,105.76
2026-01-07 15:45:00+01:00,112.64618147411602,102.92
2026-01-07 16:00:00+01:00,100.72383999145784,101.86
2026-01-07 16:15:00+01:00,105.01908171353517,101.84
2026-01-07 16:30:00+01:00,114.56895370592841,107.6
2026-01-07 16:45:00+01:00,123.84347891616652,114.24
2026-01-07 17:00:00+01:00,104.72486149042642,118.18
2026-01-07 17:15:00+01:00,113.00647384639561,122.0
2026-01-07 17:30:00+01:00,115.82444657376038,129.0
2026-01-07 17:45:00+01:00,116.60047728417267,131.57
2026-01-07 18:00:00+01:00,111.99001311102447,123.01
2026-01-07 18:15:00+01:00,110.52866793632083,124.05
2026-01-07 18:30:00+01:00,105.71786423584082,123.85
2026-01-07 18:45:00+01:00,109.88515678167438,125.49
2026-01-07 19:00:00+01:00,109.17806995593592,115.51
2026-01-07 19:15:00+01:00,103.7627586296266,119.87
2026-01-07 19:30:00+01:00,105.1433976689199,116.55
2026-01-07 19:45:00+01:00,99.99820270192579,115.0
2026-01-07 20:00:00+01:00,103.08478985782884,107.77
2026-01-07 20:15:00+01:00,98.70381784372039,113.93
2026-01-07 20:30:00+01:00,94.17731164061242,108.25
2026-01-07 20:45:00+01:00,85.93174197022368,104.96
2026-01-07 21:00:00+01:00,97.13739349397433,105.26
2026-01-07 21:15:00+01:00,90.13711127111266,101.54
2026-01-07 21:30:00+01:00,85.31500743515637,96.01
2026-01-07 21:45:00+01:00,77.65952636094798,91.01
2026-01-07 22:00:00+01:00,93.27560872388874,90.73
2026-01-07 22:15:00+01:00,85.36942764992475,95.44
2026-01-07 22:30:00+01:00,83.57519653635178,96.56
2026-01-07 22:45:00+01:00,75.56307454963788,93.11
2026-01-07 23:00:00+01:00,83.71490341531081,95.11
2026-01-07 23:15:00+01:00,75.76625009094575,89.01
2026-01-07 23:30:00+01:00,71.45411717929764,86.83
2026-01-07 23:45:00+01:00,65.9274693857928,84.1
2026-01-08 00:00:00+01:00,89.9326342870878,86.88
2026-01-08 00:15:00+01:00,87.11528390969443,85.94
2026-01-08 00:30:00+01:00,84.21674811422608,82.7
2026-01-08 00:45:00+01:00,81.92514261759068,80.8
2026-01-08 01:00:00+01:00,85.61339588240757,85.0
2026-01-08 01:15:00+01:00,82.81735670847064,82.59
2026-01-08 01:30:00+01:00,82.31617361427044,83.18
2026-01-08 01:45:00+01:00,81.94623399140744,81.56
2026-01-08 02:00:00+01:00,82.87125592264363,84.7
2026-01-08 02:15:00+01:00,81.31068355492278,84.94
2026-01-08 02:30:00+01:00,81.20595191281512,83.59
2026-01-08 02:45:00+01:00,81.18313731292552,84.86
2026-01-08 03:00:00+01:00,81.62109579010317,82.64
2026-01-08 03:15:00+01:00,80.59627629459747,83.01
2026-01-08 03:30:00+01:00,80.0309555939376,81.76
2026-01-08 03:45:00+01:00,79.46814166232718,82.48
2026-01-08 04:00:00+01:00,79.45542633927246,81.04
2026-01-08 04:15:00+01:00,80.48531743269186,85.0
2026-01-08 04:30:00+01:00,81.4244879870466,87.39
2026-01-08 04:45:00+01:00,84.73313716960199,87.63
2026-01-08 05:00:00+01:00,82.18947181956588,85.26
2026-01-08 05:15:00+01:00,85.97894793384859,87.05
2026-01-08 05:30:00+01:00,89.31084864803647,88.6
2026-01-08 05:45:00+01:00,93.5283004946145,90.64
2026-01-08 06:00:00+01:00,93.22651105870766,86.36
2026-01-08 06:15:00+01:00,101.23770132041773,88.53
2026-01-08 06:30:00+01:00,100.49443354837504,103.79
2026-01-08 06:45:00+01:00,115.45279524491612,112.84
2026-01-08 07:00:00+01:00,117.04953586477811,103.27
2026-01-08 07:15:00+01:00,120.88793565043724,109.04
2026-01-08 07:30:00+01:00,124.93143509211953,132.52
2026-01-08 07:45:00+01:00,126.00386714313683,162.02
2026-01-08 08:00:00+01:00,133.6469934126732,167.87
2026-01-08 08:15:00+01:00,127.50168347009502,166.53
2026-01-08 08:30:00+01:00,122.90032765961396,168.53
2026-01-08 08:45:00+01:00,151.64237093857545,172.31
2026-01-08 09:00:00+01:00,122.70441693601293,181.0
2026-01-08 09:15:00+01:00,118.09048209787133,193.48
2026-01-08 09:30:00+01:00,118.54118355395455,211.96
2026-01-08 09:45:00+01:00,123.24721621830105,184.44
2026-01-08 10:00:00+01:00,115.28313927253451,204.01
2026-01-08 10:15:00+01:00,107.27299990823064,222.98
2026-01-08 10:30:00+01:00,110.26078015563047,202.4
2026-01-08 10:45:00+01:00,103.81554126035347,202.34
2026-01-08 11:00:00+01:00,102.82658706618666,222.59
2026-01-08 11:15:00+01:00,99.96758829120007,204.1
2026-01-08 11:30:00+01:00,104.25962626189563,212.95
2026-01-08 11:45:00+01:00,105.51812599990603,212.81
2026-01-08 12:00:00+01:00,99.77391539018615,215.16
2026-01-08 12:15:00+01:00,95.63465868206023,215.93
2026-01-08 12:30:00+01:00,99.9404802210557,217.17
2026-01-08 12:45:00+01:00,106.59057395223849,232.82
2026-01-08 13:00:00+01:00,101.35699257613008,217.09
2026-01-08 13:15:00+01:00,105.00847622973667,236.59
2026-01-08 13:30:00+01:00,109.34855511693686,243.96
2026-01-08 13:45:00+01:00,116.9116107035504,247.22
2026-01-08 14:00:00+01:00,103.07678328186721,229.02
2026-01-08 14:15:00+01:00,113.34546636587154,263.05
2026-01-08 14:30:00+01:00,121.40467688977631,291.21
2026-01-08 14:45:00+01:00,124.53961312720443,275.06
2026-01-08 15:00:00+01:00,124.08369697597524,251.17
2026-01-08 15:15:00+01:00,121.43368741832819,270.38
2026-01-08 15:30:00+01:00,128.49690867375654,265.0
2026-01-08 15:45:00+01:00,128.28728621806897,271.13
2026-01-08 16:00:00+01:00,132.1153609872011,224.46
2026-01-08 16:15:00+01:00,131.04734249087875,241.01
2026-01-08 16:30:00+01:00,124.33250956115228,272.44
2026-01-08 16:45:00+01:00,125.25712563559131,300.05
2026-01-08 17:00:00+01:00,133.64226255841888,254.57
2026-01-08 17:15:00+01:00,124.65695491491738,261.06
2026-01-08 17:30:00+01:00,120.35536900906908,224.84
2026-01-08 17:45:00+01:00,113.43268060550557,194.94
2026-01-08 18:00:00+01:00,123.42858825739341,270.09
2026-01-08 18:15:00+01:00,116.46100270704696,200.99
2026-01-08 18:30:00+01:00,103.96454814013586,181.0
2026-01-08 18:45:00+01:00,86.25275471529466,145.51
2026-01-08 19:00:00+01:00,110.0455456334718,176.16
2026-01-08 19:15:00+01:00,97.98068746467642,168.0
2026-01-08 19:30:00+01:00,90.55008558944886,116.85
2026-01-08 19:45:00+01:00,85.32974604728662,95.98
2026-01-08 20:00:00+01:00,97.06384536884194,129.8
2026-01-08 20:15:00+01:00,98.32337126922579,105.6
2026-01-08 20:30:00+01:00,91.61384147192692,88.29
2026-01-08 20:45:00+01:00,84.8253097885521,84.81
2026-01-08 21:00:00+01:00,92.14489125735815,104.36
2026-01-08 21:15:00+01:00,90.87143464153014,97.63
2026-01-08 21:30:00+01:00,87.18600425665888,90.77
2026-01-08 21:45:00+01:00,78.16766439579968,85.17
2026-01-08 22:00:00+01:00,88.35795193736966,103.93
2026-01-08 22:15:00+01:00,86.65476895782433,91.23
2026-01-08 22:30:00+01:00,81.05606502617862,88.72
2026-01-08 22:45:00+01:00,73.34282633293819,81.34
2026-01-08 23:00:00+01:00,81.33470087269488,94.51
2026-01-08 23:15:00+01:00,73.62917412097248,82.48
2026-01-08 23:30:00+01:00,71.25544977209053,70.6
2026-01-08 23:45:00+01:00,67.04922262412964,68.55
2026-01-09 00:00:00+01:00,81.83486476551698,95.56
2026-01-09 00:15:00+01:00,78.71172421252963,80.23
2026-01-09 00:30:00+01:00,74.00822357709107,70.1
2026-01-09 00:45:00+01:00,68.69378785271138,69.96
2026-01-09 01:00:00+01:00,76.85346357808567,75.48
2026-01-09 01:15:00+01:00,69.8655742765008,74.24
2026-01-09 01:30:00+01:00,66.21737030222947,69.98
2026-01-09 01:45:00+01:00,62.769073982256174,63.06
2026-01-09 02:00:00+01:00,68.7724956483462,64.21
2026-01-09 02:15:00+01:00,65.66013921270893,58.11
2026-01-09 02:30:00+01:00,62.440466671295255,54.79
2026-01-09 02:45:00+01:00,63.189625233213555,52.29
2026-01-09 03:00:00+01:00,63.49679421121779,55.75
2026-01-09 03:15:00+01:00,61.471813116149946,51.03
2026-01-09 03:30:00+01:00,61.37208911990177,50.09
2026-01-09 03:45:00+01:00,58.986684289800806,46.49
2026-01-09 04:00:00+01:00,60.401716412498956,45.81
2026-01-09 04:15:00+01:00,62.205678408861104,45.81
2026-01-09 04:30:00+01:00,61.932818111256736,48.22
2026-01-09 04:45:00+01:00,65.11900882108678,51.54
2026-01-09 05:00:00+01:00,61.89681060856289,49.91
2026-01-09 05:15:00+01:00,63.602227231438725,53.35
2026-01-09 05:30:00+01:00,69.45519440145341,59.38
2026-01-09 05:45:00+01:00,78.65322142262579,63.66
2026-01-09 06:00:00+01:00,59.87746676551589,65.02
2026-01-09 06:15:00+01:00,70.90132670755216,72.64
2026-01-09 06:30:00+01:00,84.41324987169656,74.43
2026-01-09 06:45:00+01:00,102.12931643390675,78.33
2026-01-09 07:00:00+01:00,86.10997677821648,77.25
2026-01-09 07:15:00+01:00,99.05599499704488,83.33
2026-01-09 07:30:00+01:00,107.70507495764241,87.63
2026-01-09 07:45:00+01:00,107.14148832170712,89.0
2026-01-09 08:00:00+01:00,118.36821278930645,87.17
2026-01-09 08:15:00+01:00,114.1956636209715,91.48
2026-01-09 08:30:00+01:00,111.44319328337544,92.18
2026-01-09 08:45:00+01:00,99.42577012403834,88.22
2026-01-09 09:00:00+01:00,121.49068109178049,91.28
2026-01-09 09:15:00+01:00,113.85944017748123,88.99
2026-01-09 09:30:00+01:00,111.10029139633525,86.57
2026-01-09 09:45:00+01:00,112.42793168096259,89.75
2026-01-09 10:00:00+01:00,121.38324904714895,93.49
2026-01-09 10:15:00+01:00,109.41043626970814,89.57
2026-01-09 10:30:00+01:00,105.94691237525151,98.93
2026-01-09 10:45:00+01:00,95.23720368003528,93.73
2026-01-09 11:00:00+01:00,103.86696848775522,88.94
2026-01-09 11:15:00+01:00,97.25068920534564,87.18
2026-01-09 11:30:00+01:00,97.24679012333945,85.06
2026-01-09 11:45:00+01:00,90.83000675367167,82.0
2026-01-09 12:00:00+01:00,96.30953404046703,83.83
2026-01-09 12:15:00+01:00,96.13741631451964,82.17
2026-01-09 12:30:00+01:00,99.85541350455739,83.96
2026-01-09 12:45:00+01:00,102.70946021587729,82.1
2026-01-09 13:00:00+01:00,95.06217834728679,84.92
2026-01-09 13:15:00+01:00,103.0170128574105,82.75
2026-01-09 13:30:00+01:00,102.10281019345521,82.12
2026-01-09 13:45:00+01:00,106.58826729962382,81.61
2026-01-09 14:00:00+01:00,100.12212087677251,81.94
2026-01-09 14:15:00+01:00,104.48745125356312,82.31
2026-01-09 14:30:00+01:00,112.21334712163592,82.3
2026-01-09 14:45:00+01:00,114.20303002143937,84.79
2026-01-09 15:00:00+01:00,109.81774353336175,82.15
2026-01-09 15:15:00+01:00,114.7043418509253,84.91
2026-01-09 15:30:00+01:00,116.6479222899017,84.59
2026-01-09 15:45:00+01:00,127.01349250791183,89.33
2026-01-09 16:00:00+01:00,111.72313269880951,82.39
2026-01-09 16:15:00+01:00,120.1696542684438,86.87
2026-01-09 16:30:00+01:00,126.39175054648032,91.04
2026-01-09 16:45:00+01:00,134.89374352871587,89.99
2026-01-09 17:00:00+01:00,133.76197634480047,92.78
2026-01-09 17:15:00+01:00,129.80965483519356,92.77
2026-01-09 17:30:00+01:00,129.6632407497067,91.07
2026-01-09 17:45:00+01:00,132.98337279206726,93.46
2026-01-09 18:00:00+01:00,113.60413695273665,89.98
2026-01-09 18:15:00+01:00,114.1757568435435,93.62
2026-01-09 18:30:00+01:00,119.72172672690135,93.87
2026-01-09 18:45:00+01:00,110.88391940317987,89.18
2026-01-09 19:00:00+01:00,117.90739500357923,89.94
2026-01-09 19:15:00+01:00,118.25084152439292,86.95
2026-01-09 19:30:00+01:00,112.64351019832417,85.66
2026-01-09 19:45:00+01:00,114.76668941989924,86.57
2026-01-09 20:00:00+01:00,116.95553549499338,83.55
2026-01-09 20:15:00+01:00,106.96992676311507,82.79
2026-01-09 20:30:00+01:00,102.13479238657408,82.15
2026-01-09 20:45:00+01:00,89.19326008641991,82.72
2026-01-09 21:00:00+01:00,107.33656625301562,84.21
2026-01-09 21:15:00+01:00,102.30758662729353,82.14
2026-01-09 21:30:00+01:00,92.29044117291303,79.48
2026-01-09 21:45:00+01:00,81.65334335849951,75.61
2026-01-09 22:00:00+01:00,101.66237454339155,84.33
2026-01-09 22:15:00+01:00,91.99607711190588,80.73
2026-01-09 22:30:00+01:00,93.5434893121492,80.06
2026-01-09 22:45:00+01:00,85.11374231363612,76.28
2026-01-09 23:00:00+01:00,94.3946863940405,77.71
2026-01-09 23:15:00+01:00,85.01656852261145,73.45
2026-01-09 23:30:00+01:00,81.76957224458926,74.09
2026-01-09 23:45:00+01:00,75.91067325941333,72.79
2026-01-10 00:00:00+01:00,77.34833977105338,78.94
2026-01-10 00:15:00+01:00,74.75804259954819,73.53
2026-01-10 00:30:00+01:00,73.10696771171217,70.08
2026-01-10 00:45:00+01:00,72.17001973012077,68.61
2026-01-10 01:00:00+01:00,72.84777869476926,71.44
2026-01-10 01:15:00+01:00,71.28620450475869,70.55
2026-01-10 01:30:00+01:00,73.62013648267549,69.4
2026-01-10 01:45:00+01:00,73.965836074535,67.71
2026-01-10 02:00:00+01:00,71.7802846979161,67.69
2026-01-10 02:15:00+01:00,73.84034681931296,66.11
2026-01-10 02:30:00+01:00,74.03564360486224,65.63
2026-01-10 02:45:00+01:00,73.52752320941441,65.52
2026-01-10 03:00:00+01:00,73.98834459198946,67.12
2026-01-10 03:15:00+01:00,73.7718150093378,66.38
2026-01-10 03:30:00+01:00,74.52632557274141,66.94
2026-01-10 03:45:00+01:00,74.74787118518464,65.7
2026-01-10 04:00:00+01:00,74.46998544880813,66.72
2026-01-10 04:15:00+01:00,76.20774045589489,66.41
2026-01-10 04:30:00+01:00,76.66193119622763,65.99
2026-01-10 04:45:00+01:00,79.44892471703311,66.93
2026-01-10 05:00:00+01:00,79.61374300922522,66.27
2026-01-10 05:15:00+01:00,78.68643600944912,67.29
2026-01-10 05:30:00+01:00,79.77782223553191,69.47
2026-01-10 05:45:00+01:00,85.3062991509224,70.81
2026-01-10 06:00:00+01:00,78.70833926520285,66.4
2026-01-10 06:15:00+01:00,85.18661909577476,68.6
2026-01-10 06:30:00+01:00,85.94632756117868,71.4
2026-01-10 06:45:00+01:00,92.58450201017732,73.44
2026-01-10 07:00:00+01:00,87.26534457194086,70.19
2026-01-10 07:15:00+01:00,87.61716640413994,75.61
2026-01-10 07:30:00+01:00,90.61773341271099,79.04
2026-01-10 07:45:00+01:00,94.6659688900331,81.82
2026-01-10 08:00:00+01:00,94.50245932028474,79.96
2026-01-10 08:15:00+01:00,95.37891137646474,81.42
2026-01-10 08:30:00+01:00,101.54354845771262,87.58
2026-01-10 08:45:00+01:00,127.09170777034686,91.15
2026-01-10 09:00:00+01:00,102.18041642282496,90.41
2026-01-10 09:15:00+01:00,100.16588134607626,93.37
2026-01-10 09:30:00+01:00,100.1360223701423,93.41
2026-01-10 09:45:00+01:00,102.40212533487693,92.26
2026-01-10 10:00:00+01:00,100.46851508943452,91.85
2026-01-10 10:15:00+01:00,103.60456237994764,94.72
2026-01-10 10:30:00+01:00,105.06848425131807,100.78
2026-01-10 10:45:00+01:00,105.37005292823359,103.03
2026-01-10 11:00:00+01:00,103.11716797107155,94.82
2026-01-10 11:15:00+01:00,108.77910652368338,101.79
2026-01-10 11:30:00+01:00,107.31288457964527,103.59
2026-01-10 11:45:00+01:00,113.22628525378997,106.03
2026-01-10 12:00:00+01:00,95.73220815134633,100.48
2026-01-10 12:15:00+01:00,93.45990070924002,103.43
2026-01-10 12:30:00+01:00,99.90856397700456,100.2
2026-01-10 12:45:00+01:00,104.76679533015744,102.17
2026-01-10 13:00:00+01:00,99.38347382091878,101.42
2026-01-10 13:15:00+01:00,100.92783783203609,103.07
2026-01-10 13:30:00+01:00,104.11646570850208,104.4
2026-01-10 13:45:00+01:00,113.6566836875991,110.41
2026-01-10 14:00:00+01:00,103.24547715950129,107.85
2026-01-10 14:15:00+01:00,107.72828353073677,107.65
2026-01-10 14:30:00+01:00,112.99650164159897,114.71
2026-01-10 14:45:00+01:00,121.65253679569499,115.56
2026-01-10 15:00:00+01:00,113.27962620610985,109.89
2026-01-10 15:15:00+01:00,113.09938127089623,115.21
2026-01-10 15:30:00+01:00,121.18026286032699,116.88
2026-01-10 15:45:00+01:00,125.34352314357584,128.89
2026-01-10 16:00:00+01:00,119.70879206427668,120.75
2026-01-10 16:15:00+01:00,118.41540675678485,124.95
2026-01-10 16:30:00+01:00,118.27700123024606,123.59
2026-01-10 16:45:00+01:00,127.01072775989599,142.74
2026-01-10 17:00:00+01:00,122.23995398570241,133.99
2026-01-10 17:15:00+01:00,124.67539608087453,139.07
2026-01-10 17:30:00+01:00,124.31878847799487,142.08
2026-01-10 17:45:00+01:00,125.20750842575009,142.97
2026-01-10 18:00:00+01:00,119.64152929812862,143.57
2026-01-10 18:15:00+01:00,110.46699151567671,137.99
2026-01-10 18:30:00+01:00,105.00752367570279,136.56
2026-01-10 18:45:00+01:00,111.10195288642348,129.52
2026-01-10 19:00:00+01:00,104.8759852745167,134.87
2026-01-10 19:15:00+01:00,105.39298594117864,129.52
2026-01-10 19:30:00+01:00,111.21828871228819,125.36
2026-01-10 19:45:00+01:00,101.83687435591459,123.47
2026-01-10 20:00:00+01:00,109.89087145811257,129.05
2026-01-10 20:15:00+01:00,107.88410339446534,120.72
2026-01-10 20:30:00+01:00,97.53383192656341,118.96
2026-01-10 20:45:00+01:00,97.20020568947909,113.23
2026-01-10 21:00:00+01:00,103.99098477977827,118.49
2026-01-10 21:15:00+01:00,102.10843187931394,114.44
2026-01-10 21:30:00+01:00,99.73388218511214,114.39
2026-01-10 21:45:00+01:00,93.42777876997859,105.52
2026-01-10 22:00:00+01:00,103.19186449977043,114.46
2026-01-10 22:15:00+01:00,101.62428835933095,113.81
2026-01-10 22:30:00+01:00,97.06369842841056,103.33
2026-01-10 22:45:00+01:00,91.72596103106449,99.12
2026-01-10 23:00:00+01:00,99.57061093864098,101.76
2026-01-10 23:15:00+01:00,92.39190377649561,97.5
2026-01-10 23:30:00+01:00,88.40132013769679,97.75
2026-01-10 23:45:00+01:00,81.94571138738957,95.78
2026-01-11 00:00:00+01:00,99.48261790329846,108.2
2026-01-11 00:15:00+01:00,96.71142721183459,97.72
2026-01-11 00:30:00+01:00,94.5949486292472,93.7
2026-01-11 00:45:00+01:00,94.27221582783419,87.99
2026-01-11 01:00:00+01:00,96.00356793202586,98.99
2026-01-11 01:15:00+01:00,93.83526803829824,92.55
2026-01-11 01:30:00+01:00,94.30223673205371,90.91
2026-01-11 01:45:00+01:00,94.40379210956445,88.54
2026-01-11 02:00:00+01:00,94.46228674766108,91.99
2026-01-11 02:15:00+01:00,94.32035213101805,89.09
2026-01-11 02:30:00+01:00,95.22607331040163,86.2
2026-01-11 02:45:00+01:00,94.67411047196904,84.86
2026-01-11 03:00:00+01:00,96.46496683590289,84.18
2026-01-11 03:15:00+01:00,94.95864596354319,84.52
2026-01-11 03:30:00+01:00,94.1796372260267,84.56
2026-01-11 03:45:00+01:00,95.11686749989738,86.18
2026-01-11 04:00:00+01:00,93.93159680744532,85.04
2026-01-11 04:15:00+01:00,95.22161222424964,83.03
2026-01-11 04:30:00+01:00,95.53033986090747,81.42
2026-01-11 04:45:00+01:00,96.83965980372177,81.23
2026-01-11 05:00:00+01:00,94.04851941255389,81.64
2026-01-11 05:15:00+01:00,94.69628374428534,81.64
2026-01-11 05:30:00+01:00,95.97154608670154,82.2
2026-01-11 05:45:00+01:00,98.12101471972291,83.56
2026-01-11 06:00:00+01:00,86.41468781278644,80.93
2026-01-11 06:15:00+01:00,96.57898551260011,81.64
2026-01-11 06:30:00+01:00,96.38865548715643,81.64
2026-01-11 06:45:00+01:00,107.80532492848937,82.2
2026-01-11 07:00:00+01:00,99.99647646312216,81.13
2026-01-11 07:15:00+01:00,109.49672927262334,82.46
2026-01-11 07:30:00+01:00,116.43828177920699,85.68
2026-01-11 07:45:00+01:00,123.21498067122303,87.77
2026-01-11 08:00:00+01:00,121.07874107162905,87.02
2026-01-11 08:15:00+01:00,125.71362999740907,89.97
2026-01-11 08:30:00+01:00,129.6280194237511,92.84
2026-01-11 08:45:00+01:00,117.87213835681075,98.41
2026-01-11 09:00:00+01:00,130.51811753642696,103.91
2026-01-11 09:15:00+01:00,129.3491484442132,103.39
2026-01-11 09:30:00+01:00,122.5047042511027,103.19
2026-01-11 09:45:00+01:00,112.94587111746918,101.92
2026-01-11 10:00:00+01:00,132.1320450237771,103.93
2026-01-11 10:15:00+01:00,127.71821472055325,101.68
2026-01-11 10:30:00+01:00,121.2550503379059,100.48
2026-01-11 10:45:00+01:00,121.01098055680521,96.64
2026-01-11 11:00:00+01:00,122.2723156975098,102.68
2026-01-11 11:15:00+01:00,118.07934310066189,100.64
2026-01-11 11:30:00+01:00,115.0811871415601,99.97
2026-01-11 11:45:00+01:00,113.90056845625254,96.38
2026-01-11 12:00:00+01:00,124.35772570602404,99.71
2026-01-11 12:15:00+01:00,121.74098964437466,97.97
2026-01-11 12:30:00+01:00,122.46210672916189,98.33
2026-01-11 12:45:00+01:00,124.64896651908374,92.34
2026-01-11 13:00:00+01:00,121.11904809994745,98.66
2026-01-11 13:15:00+01:00,117.61282836205126,93.73
2026-01-11 13:30:00+01:00,118.63896292958637,96.36
2026-01-11 13:45:00+01:00,123.19536226392572,97.32
2026-01-11 14:00:00+01:00,119.76167221247991,96.3
2026-01-11 14:15:00+01:00,121.03254928789974,98.31
2026-01-11 14:30:00+01:00,127.28912409248457,100.9
2026-01-11 14:45:00+01:00,130.43477512698152,100.0
2026-01-11 15:00:00+01:00,125.33832976374683,90.21
2026-01-11 15:15:00+01:00,129.3484672714368,99.0
2026-01-11 15:30:00+01:00,133.90226874936235,107.23
2026-01-11 15:45:00+01:00,143.56676773128152,108.66
2026-01-11 16:00:00+01:00,127.96803373872118,102.72
2026-01-11 16:15:00+01:00,133.92969951794032,110.56
2026-01-11 16:30:00+01:00,145.11945559095435,113.1
2026-01-11 16:45:00+01:00,152.14831556189102,120.64
2026-01-11 17:00:00+01:00,148.5350140278982,114.29
2026-01-11 17:15:00+01:00,144.45960253417041,117.86
2026-01-11 17:30:00+01:00,144.54469201222648,117.52
2026-01-11 17:45:00+01:00,144.47365442575733,115.33
2026-01-11 18:00:00+01:00,152.71020351953325,118.28
2026-01-11 18:15:00+01:00,144.61549086845665,115.19
2026-01-11 18:30:00+01:00,138.97461434949426,109.17
2026-01-11 18:45:00+01:00,129.73109115967517,106.35
2026-01-11 19:00:00+01:00,140.66607085992538,107.54
2026-01-11 19:15:00+01:00,127.55486772026717,107.43
2026-01-11 19:30:00+01:00,118.06125905989259,106.22
2026-01-11 19:45:00+01:00,114.08437374410474,103.64
2026-01-11 20:00:00+01:00,122.36054042247892,104.1
2026-01-11 20:15:00+01:00,114.71418153892543,97.82
2026-01-11 20:30:00+01:00,108.02315418276038,93.97
2026-01-11 20:45:00+01:00,100.92721713619592,88.27
2026-01-11 21:00:00+01:00,107.6747654842571,100.9
2026-01-11 21:15:00+01:00,102.75302656030023,94.54
2026-01-11 21:30:00+01:00,99.64598931105397,94.17
2026-01-11 21:45:00+01:00,93.18271080861058,90.41
2026-01-11 22:00:00+01:00,105.438788138422,97.1
2026-01-11 22:15:00+01:00,99.91359535968161,93.15
2026-01-11 22:30:00+01:00,95.79376823761763,92.54
2026-01-11 22:45:00+01:00,90.47542251431922,89.29
2026-01-11 23:00:00+01:00,98.84861194943204,90.38
2026-01-11 23:15:00+01:00,92.42540010533592,85.94
2026-01-11 23:30:00+01:00,88.59490757964168,83.66
2026-01-11 23:45:00+01:00,82.2543774143853,80.94
2026-01-12 00:00:00+01:00,89.11689662094354,80.72
2026-01-12 00:15:00+01:00,85.90535860786275,80.99
2026-01-12 00:30:00+01:00,81.43803388894605,82.37
2026-01-12 00:45:00+01:00,78.14868066982083,80.95
2026-01-12 01:00:00+01:00,83.82736954426517,82.46
2026-01-12 01:15:00+01:00,79.67973199193139,81.86
2026-01-12 01:30:00+01:00,78.05571265617316,80.94
2026-01-12 01:45:00+01:00,76.45408238029435,79.51
2026-01-12 02:00:00+01:00,78.57024875842076,80.14
2026-01-12 02:15:00+01:00,76.88631803908349,79.61
2026-01-12 02:30:00+01:00,74.6656620603458,79.33
2026-01-12 02:45:00+01:00,74.668458183383,77.09
2026-01-12 03:00:00+01:00,76.12005288301165,77.86
2026-01-12 03:15:00+01:00,73.87208245869073,77.25
2026-01-12 03:30:00+01:00,72.95140463554401,77.55
2026-01-12 03:45:00+01:00,71.75259141595394,76.58
2026-01-12 04:00:00+01:00,72.78582484931253,75.3
2026-01-12 04:15:00+01:00,73.24624312136896,76.23
2026-01-12 04:30:00+01:00,72.91776658004243,76.95
2026-01-12 04:45:00+01:00,75.97739351927238,77.86
2026-01-12 05:00:00+01:00,74.44601218040182,75.3
2026-01-12 05:15:00+01:00,74.86486338593383,75.71
2026-01-12 05:30:00+01:00,81.16710460225693,82.2
2026-01-12 05:45:00+01:00,88.09571024142724,87.44
2026-01-12 06:00:00+01:00,69.86208623478868,78.6
2026-01-12 06:15:00+01:00,82.33538845496169,90.17
2026-01-12 06:30:00+01:00,94.15545303670486,86.63
2026-01-12 06:45:00+01:00,112.63862026255542,92.29
2026-01-12 07:00:00+01:00,104.65675492120833,89.46
2026-01-12 07:15:00+01:00,114.54235724053692,95.8
2026-01-12 07:30:00+01:00,123.59193114571798,102.73
2026-01-12 07:45:00+01:00,128.7325084841771,103.5
2026-01-12 08:00:00+01:00,135.38908786930065,109.49
2026-01-12 08:15:00+01:00,131.38829142630607,117.08
2026-01-12 08:30:00+01:00,129.72653845036982,126.9
2026-01-12 08:45:00+01:00,127.45488707887257,109.0
2026-01-12 09:00:00+01:00,129.7552291684681,126.93
2026-01-12 09:15:00+01:00,138.8658639997443,137.58
2026-01-12 09:30:00+01:00,117.96679420949911,133.99
2026-01-12 09:45:00+01:00,119.40359947386845,120.89
2026-01-12 10:00:00+01:00,121.03732973469714,125.07
2026-01-12 10:15:00+01:00,117.87004670230029,115.27
2026-01-12 10:30:00+01:00,116.56344842639815,129.96
2026-01-12 10:45:00+01:00,106.18590501119667,127.29
2026-01-12 11:00:00+01:00,113.64202935615758,124.01
2026-01-12 11:15:00+01:00,110.64917432666117,136.0
2026-01-12 11:30:00+01:00,110.06376016755651,140.09
2026-01-12 11:45:00+01:00,106.99086367409953,119.37
2026-01-12 12:00:00+01:00,101.60402818093577,111.23
2026-01-12 12:15:00+01:00,102.98955149531238,134.28
2026-01-12 12:30:00+01:00,102.14886358746094,136.0
2026-01-12 12:45:00+01:00,102.60051994302945,138.34
2026-01-12 13:00:00+01:00,105.21833756211983,136.34
2026-01-12 13:15:00+01:00,95.17793997041954,138.71
2026-01-12 13:30:00+01:00,95.10398584354712,135.99
2026-01-12 13:45:00+01:00,95.81508245239266,120.0
2026-01-12 14:00:00+01:00,96.76276067352467,119.08
2026-01-12 14:15:00+01:00,97.74205072489164,127.98
2026-01-12 14:30:00+01:00,109.18271568464893,132.09
2026-01-12 14:45:00+01:00,112.03581327686958,134.33
2026-01-12 15:00:00+01:00,101.67854933494574,135.99
2026-01-12 15:15:00+01:00,107.0652845325507,135.98
2026-01-12 15:30:00+01:00,112.77640127819882,126.92
2026-01-12 15:45:00+01:00,121.15894695302242,127.96
2026-01-12 16:00:00+01:00,120.38996736955508,108.53
2026-01-12 16:15:00+01:00,116.15203052572464,129.9
2026-01-12 16:30:00+01:00,116.42829500946111,121.52
2026-01-12 16:45:00+01:00,126.52131356181714,118.37
2026-01-12 17:00:00+01:00,127.09487263095747,123.0
2026-01-12 17:15:00+01:00,118.72496541755943,120.56
2026-01-12 17:30:00+01:00,125.39131293198928,117.01
2026-01-12 17:45:00+01:00,133.53434719692987,117.83
2026-01-12 18:00:00+01:00,128.1638577880255,124.81
2026-01-12 18:15:00+01:00,119.98120088146396,117.0
2026-01-12 18:30:00+01:00,127.07117123187913,107.19
2026-01-12 18:45:00+01:00,134.64839162268763,117.0
2026-01-12 19:00:00+01:00,130.83315464465863,105.0
2026-01-12 19:15:00+01:00,125.94369284994418,104.15
2026-01-12 19:30:00+01:00,116.64015220232231,102.54
2026-01-12 19:45:00+01:00,108.55442373652293,97.66
2026-01-12 20:00:00+01:00,117.67178791078487,102.72
2026-01-12 20:15:00+01:00,113.01093607986205,94.64
2026-01-12 20:30:00+01:00,101.50136314080567,90.1
2026-01-12 20:45:00+01:00,94.30165826139189,86.46
2026-01-12 21:00:00+01:00,108.67254056658844,96.09
2026-01-12 21:15:00+01:00,100.74294476603687,91.02
2026-01-12 21:30:00+01:00,94.72832212998404,87.81
2026-01-12 21:45:00+01:00,86.12230257940024,92.26
2026-01-12 22:00:00+01:00,101.24920731706057,95.35
2026-01-12 22:15:00+01:00,95.75521870552862,92.44
2026-01-12 22:30:00+01:00,91.90587086808335,90.19
2026-01-12 22:45:00+01:00,84.22572320047601,90.68
2026-01-12 23:00:00+01:00,92.90441594601758,90.45
2026-01-12 23:15:00+01:00,84.95311741151616,86.99
2026-01-12 23:30:00+01:00,80.5870287889798,85.0
2026-01-12 23:45:00+01:00,75.1237255174331,81.75
2026-01-13 00:00:00+01:00,88.89607559336825,87.46
2026-01-13 00:15:00+01:00,85.7445238257892,85.0
2026-01-13 00:30:00+01:00,82.35262653484023,83.1
2026-01-13 00:45:00+01:00,79.9679434853302,81.66
2026-01-13 01:00:00+01:00,84.25221013192268,84.96
2026-01-13 01:15:00+01:00,81.40962793579615,83.07
2026-01-13 01:30:00+01:00,81.43343822988265,82.22
2026-01-13 01:45:00+01:00,80.02199914417434,80.51
2026-01-13 02:00:00+01:00,81.2884849795752,83.51
2026-01-13 02:15:00+01:00,80.31129850128225,82.26
2026-01-13 02:30:00+01:00,79.32174536562312,82.36
2026-01-13 02:45:00+01:00,78.90846605995087,82.61
2026-01-13 03:00:00+01:00,80.3455289423729,83.45
2026-01-13 03:15:00+01:00,78.7654060358524,83.88
2026-01-13 03:30:00+01:00,78.62245885801504,84.57
2026-01-13 03:45:00+01:00,78.3521675249077,84.56
2026-01-13 04:00:00+01:00,78.22436482687972,84.6
2026-01-13 04:15:00+01:00,79.12687540128339,85.23
2026-01-13 04:30:00+01:00,78.97957386229257,85.87
2026-01-13 04:45:00+01:00,82.43574774179984,91.29
2026-01-13 05:00:00+01:00,79.95137506905213,84.95
2026-01-13 05:15:00+01:00,82.04166535445026,86.46
2026-01-13 05:30:00+01:00,85.18125267398632,90.0
2026-01-13 05:45:00+01:00,92.51271614409367,93.49
2026-01-13 06:00:00+01:00,81.44809268377769,86.5
2026-01-13 06:15:00+01:00,91.18026272849234,96.01
2026-01-13 06:30:00+01:00,97.31938399499927,98.47
2026-01-13 06:45:00+01:00,110.22299954027014,109.23
2026-01-13 07:00:00+01:00,96.9513111311471,95.13
2026-01-13 07:15:00+01:00,107.62079984244019,120.69
2026-01-13 07:30:00+01:00,122.50976617117477,122.05
2026-01-13 07:45:00+01:00,131.04239697472542,126.25
2026-01-13 08:00:00+01:00,132.32447139113356,122.05
2026-01-13 08:15:00+01:00,135.40578783195292,128.2
2026-01-13 08:30:00+01:00,138.42125873013634,138.95
2026-01-13 08:45:00+01:00,145.47223600360394,130.02
2026-01-13 09:00:00+01:00,149.83709456901454,141.13
2026-01-13 09:15:00+01:00,154.98694176859996,134.0
2026-01-13 09:30:00+01:00,146.90454742697503,129.93
2026-01-13 09:45:00+01:00,147.3915177289934,125.01
2026-01-13 10:00:00+01:00,157.09302394838673,153.99
2026-01-13 10:15:00+01:00,158.94832524587164,147.13
2026-01-13 10:30:00+01:00,151.60134125735328,137.68
2026-01-13 10:45:00+01:00,140.45172831282338,129.99
2026-01-13 11:00:00+01:00,159.25954917369023,125.0
2026-01-13 11:15:00+01:00,172.06863164411445,126.23
2026-01-13 11:30:00+01:00,167.04771674471303,125.0
2026-01-13 11:45:00+01:00,164.20688632215473,119.18
2026-01-13 12:00:00+01:00,168.26337708344226,122.07
2026-01-13 12:15:00+01:00,169.52269835427842,117.59
2026-01-13 12:30:00+01:00,172.11381871430564,115.98
2026-01-13 12:45:00+01:00,174.00335100866698,115.06
2026-01-13 13:00:00+01:00,169.82000578669533,117.43
2026-01-13 13:15:00+01:00,170.3233348702729,114.77
2026-01-13 13:30:00+01:00,165.50762383037215,111.33
2026-01-13 13:45:00+01:00,174.51081097075547,108.38
2026-01-13 14:00:00+01:00,168.58457143392997,119.24
2026-01-13 14:15:00+01:00,164.32984034059444,120.02
2026-01-13 14:30:00+01:00,174.01676160539728,122.29
2026-01-13 14:45:00+01:00,163.30496308662327,127.31
2026-01-13 15:00:00+01:00,171.33426137559337,112.98
2026-01-13 15:15:00+01:00,167.3717824761057,125.0
2026-01-13 15:30:00+01:00,164.3615105281741,122.0
2026-01-13 15:45:00+01:00,160.78397563543217,122.08
2026-01-13 16:00:00+01:00,168.21854304071425,113.87
2026-01-13 16:15:00+01:00,162.2214392361274,122.05
2026-01-13 16:30:00+01:00,159.1265848451299,122.04
2026-01-13 16:45:00+01:00,161.4686929848175,130.64
2026-01-13 17:00:00+01:00,152.48770637876936,122.05
2026-01-13 17:15:00+01:00,147.81848985117634,123.22
2026-01-13 17:30:00+01:00,140.85688480853565,122.04
2026-01-13 17:45:00+01:00,141.33141202382023,122.01
2026-01-13 18:00:00+01:00,136.31137788501897,120.31
2026-01-13 18:15:00+01:00,133.27957312736692,115.53
2026-01-13 18:30:00+01:00,143.83499579063408,110.41
2026-01-13 18:45:00+01:00,135.90260944870366,107.16
2026-01-13 19:00:00+01:00,141.51760243070666,113.21
2026-01-13 19:15:00+01:00,133.00569213104717,102.16
2026-01-13 19:30:00+01:00,123.83236913656557,92.15
2026-01-13 19:45:00+01:00,116.59369166451513,87.42
2026-01-13 20:00:00+01:00,121.21458867225738,100.85
2026-01-13 20:15:00+01:00,109.84830674698223,89.03
2026-01-13 20:30:00+01:00,101.16048889067976,87.82
2026-01-13 20:45:00+01:00,98.5929551661899,86.1
2026-01-13 21:00:00+01:00,104.87026037371102,96.72
2026-01-13 21:15:00+01:00,99.31313328456334,96.89
2026-01-13 21:30:00+01:00,93.26442213195655,90.11
2026-01-13 21:45:00+01:00,86.17845924213923,85.11
2026-01-13 22:00:00+01:00,100.54103624109673,92.43
2026-01-13 22:15:00+01:00,94.56950738266345,89.5
2026-01-13 22:30:00+01:00,89.15822574888007,91.25
2026-01-13 22:45:00+01:00,83.78528159226055,86.82
2026-01-13 23:00:00+01:00,90.52632404280624,92.94
2026-01-13 23:15:00+01:00,83.5207755499836,83.83
2026-01-13 23:30:00+01:00,78.05695931051945,79.91
2026-01-13 23:45:00+01:00,73.68107038229903,74.01
2026-01-14 00:00:00+01:00,85.46144052785459,89.4
2026-01-14 00:15:00+01:00,81.20644565216524,87.32
2026-01-14 00:30:00+01:00,77.65422899574051,82.96
2026-01-14 00:45:00+01:00,74.62545373516627,82.57
2026-01-14 01:00:00+01:00,80.0770370359849,84.93
2026-01-14 01:15:00+01:00,76.55724345728052,83.92
2026-01-14 01:30:00+01:00,75.64750035986984,84.53
2026-01-14 01:45:00+01:00,73.48598648741128,83.8
2026-01-14 02:00:00+01:00,76.29022382652839,86.48
2026-01-14 02:15:00+01:00,74.48844447268964,85.85
2026-01-14 02:30:00+01:00,73.4763768408548,85.9
2026-01-14 02:45:00+01:00,72.52045123298694,85.28
2026-01-14 03:00:00+01:00,73.57335456762587,86.01
2026-01-14 03:15:00+01:00,72.11247435858172,86.29
2026-01-14 03:30:00+01:00,72.2686913978641,86.15
2026-01-14 03:45:00+01:00,71.86387588161513,86.2
2026-01-14 04:00:00+01:00,71.61113024699972,85.47
2026-01-14 04:15:00+01:00,72.11507647164372,86.5
2026-01-14 04:30:00+01:00,74.32583722252117,88.24
2026-01-14 04:45:00+01:00,76.79689004247396,90.37
2026-01-14 05:00:00+01:00,74.37058234652683,89.67
2026-01-14 05:15:00+01:00,76.024212843242,89.77
2026-01-14 05:30:00+01:00,81.53788380722797,89.62
2026-01-14 05:45:00+01:00,89.37990862682845,90.38
2026-01-14 06:00:00+01:00,76.99378552405862,87.64
2026-01-14 06:15:00+01:00,86.41261019570652,93.93
2026-01-14 06:30:00+01:00,92.32973679873083,97.23
2026-01-14 06:45:00+01:00,108.85854196730644,101.78
2026-01-14 07:00:00+01:00,93.3306005868457,95.59
2026-01-14 07:15:00+01:00,101.30949096063901,100.05
2026-01-14 07:30:00+01:00,109.471939437392,104.6
2026-01-14 07:45:00+01:00,118.17471916670969,120.32
2026-01-14 08:00:00+01:00,121.08989701758595,121.72
2026-01-14 08:15:00+01:00,121.09932666450433,130.94
2026-01-14 08:30:00+01:00,122.14748492669948,131.71
2026-01-14 08:45:00+01:00,105.17478793732484,131.46
2026-01-14 09:00:00+01:00,131.95161001914647,143.02
2026-01-14 09:15:00+01:00,122.45717339128477,137.45
2026-01-14 09:30:00+01:00,118.34542511992744,128.26
2026-01-14 09:45:00+01:00,118.0521716303007,119.4
2026-01-14 10:00:00+01:00,134.64718174939208,125.43
2026-01-14 10:15:00+01:00,126.75764012513096,117.41
2026-01-14 10:30:00+01:00,123.1609723405509,112.3
2026-01-14 10:45:00+01:00,117.52339241413236,110.67
2026-01-14 11:00:00+01:00,123.06336010122843,111.85
2026-01-14 11:15:00+01:00,125.0257782493708,109.05
2026-01-14 11:30:00+01:00,125.34228163610143,105.4
2026-01-14 11:45:00+01:00,121.77898460494455,103.83
2026-01-14 12:00:00+01:00,120.23126671848252,104.67
2026-01-14 12:15:00+01:00,123.23537983010443,102.86
2026-01-14 12:30:00+01:00,126.85025979079944,103.61
2026-01-14 12:45:00+01:00,130.0809396347551,102.76
2026-01-14 13:00:00+01:00,121.80741139339725,102.74
2026-01-14 13:15:00+01:00,123.14210287180603,101.9
2026-01-14 13:30:00+01:00,129.20806033669058,103.02
2026-01-14 13:45:00+01:00,140.33705063998423,106.74
2026-01-14 14:00:00+01:00,129.12980445872526,102.77
2026-01-14 14:15:00+01:00,139.00914157154057,110.01
2026-01-14 14:30:00+01:00,158.15547389960534,124.72
2026-01-14 14:45:00+01:00,151.77503258227154,135.37
2026-01-14 15:00:00+01:00,141.1733641247273,120.46
2026-01-14 15:15:00+01:00,149.37415099087337,131.0
2026-01-14 15:30:00+01:00,161.56949936606503,161.89
2026-01-14 15:45:00+01:00,163.96191662891596,165.17
2026-01-14 16:00:00+01:00,144.9183363748893,112.43
2026-01-14 16:15:00+01:00,155.578411901002,132.52
2026-01-14 16:30:00+01:00,164.19902802063706,158.21
2026-01-14 16:45:00+01:00,168.23953516544591,208.27
2026-01-14 17:00:00+01:00,160.26551520331824,164.99
2026-01-14 17:15:00+01:00,156.85508596013483,203.99
2026-01-14 17:30:00+01:00,158.04553757719037,224.16
2026-01-14 17:45:00+01:00,154.9612020056165,206.95
2026-01-14 18:00:00+01:00,143.05872993671377,190.89
2026-01-14 18:15:00+01:00,137.45039372339093,181.04
2026-01-14 18:30:00+01:00,138.60639123034025,175.45
2026-01-14 18:45:00+01:00,136.6869466282862,182.04
2026-01-14 19:00:00+01:00,139.04714501594836,189.65
2026-01-14 19:15:00+01:00,133.82841947352188,161.35
2026-01-14 19:30:00+01:00,130.79680095239107,147.38
2026-01-14 19:45:00+01:00,124.91648502846671,136.69
2026-01-14 20:00:00+01:00,132.14283115159455,152.32
2026-01-14 20:15:00+01:00,120.59600635349946,136.0
2026-01-14 20:30:00+01:00,114.4555706768561,129.16
2026-01-14 20:45:00+01:00,113.09919618863736,118.56
2026-01-14 21:00:00+01:00,119.5547970681671,139.99
2026-01-14 21:15:00+01:00,116.48984744766776,132.0
2026-01-14 21:30:00+01:00,109.64919139437703,112.38
2026-01-14 21:45:00+01:00,99.6613406741918,102.78
2026-01-14 22:00:00+01:00,114.51497066329435,125.7
2026-01-14 22:15:00+01:00,108.09897030448207,129.22
2026-01-14 22:30:00+01:00,105.81350609251389,102.53
2026-01-14 22:45:00+01:00,94.24025085229172,98.0
2026-01-14 23:00:00+01:00,103.41977632058806,106.33
2026-01-14 23:15:00+01:00,95.66857024178502,98.2
2026-01-14 23:30:00+01:00,90.50442240401726,94.07
2026-01-14 23:45:00+01:00,90.73757299983087,89.75
2026-01-15 00:00:00+01:00,100.97565461771583,110.34
2026-01-15 00:15:00+01:00,96.02812388203716,103.51
2026-01-15 00:30:00+01:00,90.95917866287222,95.77
2026-01-15 00:45:00+01:00,87.38780117560083,92.84
2026-01-15 01:00:00+01:00,95.03292410609964,98.48
2026-01-15 01:15:00+01:00,90.34278968712472,95.02
2026-01-15 01:30:00+01:00,86.89805023172426,92.65
2026-01-15 01:45:00+01:00,85.2676610715866,90.04
2026-01-15 02:00:00+01:00,89.13722479518701,94.23
2026-01-15 02:15:00+01:00,85.68909859068617,89.63
2026-01-15 02:30:00+01:00,84.55114610745099,87.0
2026-01-15 02:45:00+01:00,83.28028495991575,86.5
2026-01-15 03:00:00+01:00,85.10417723570082,86.56
2026-01-15 03:15:00+01:00,82.66081163977007,85.7
2026-01-15 03:30:00+01:00,81.14227859298742,84.5
2026-01-15 03:45:00+01:00,80.14234227497587,82.47
2026-01-15 04:00:00+01:00,80.44608646220783,82.52
2026-01-15 04:15:00+01:00,80.64568112749393,82.36
2026-01-15 04:30:00+01:00,82.27414860694445,82.77
2026-01-15 04:45:00+01:00,85.58699378387087,84.07
2026-01-15 05:00:00+01:00,82.68503335990378,84.0
2026-01-15 05:15:00+01:00,82.98974766738021,84.0
2026-01-15 05:30:00+01:00,88.88053121152069,86.51
2026-01-15 05:45:00+01:00,93.63885289213144,89.49
2026-01-15 06:00:00+01:00,87.98802532494082,93.61
2026-01-15 06:15:00+01:00,97.8430104617537,96.5
2026-01-15 06:30:00+01:00,110.26979471355618,97.97
2026-01-15 06:45:00+01:00,120.32496613294697,104.73
2026-01-15 07:00:00+01:00,105.83595903319083,100.71
2026-01-15 07:15:00+01:00,115.0913808162961,103.24
2026-01-15 07:30:00+01:00,123.95611633642133,105.79
2026-01-15 07:45:00+01:00,130.01486486657427,110.72
2026-01-15 08:00:00+01:00,139.30060466516034,105.0
2026-01-15 08:15:00+01:00,144.71547067251936,107.74
2026-01-15 08:30:00+01:00,149.06974394161313,105.0
2026-01-15 08:45:00+01:00,133.71304010490763,102.16
2026-01-15 09:00:00+01:00,141.1777042081213,106.77
2026-01-15 09:15:00+01:00,143.13139198852744,103.21
2026-01-15 09:30:00+01:00,118.82115326938946,99.68
2026-01-15 09:45:00+01:00,108.3707876843766,96.0
2026-01-15 10:00:00+01:00,124.72735318353364,107.29
2026-01-15 10:15:00+01:00,109.09019104012043,101.74
2026-01-15 10:30:00+01:00,105.38814395664123,97.51
2026-01-15 10:45:00+01:00,104.70321756505554,95.06
2026-01-15 11:00:00+01:00,110.51632736975279,101.67
2026-01-15 11:15:00+01:00,107.52903291066795,98.28
2026-01-15 11:30:00+01:00,107.22889808017148,96.51
2026-01-15 11:45:00+01:00,111.43704989873365,94.99
2026-01-15 12:00:00+01:00,115.00865610886314,96.51
2026-01-15 12:15:00+01:00,110.57967315123679,93.97
2026-01-15 12:30:00+01:00,114.2375920110731,94.15
2026-01-15 12:45:00+01:00,116.02268353111357,96.5
2026-01-15 13:00:00+01:00,118.61426017734863,98.44
2026-01-15 13:15:00+01:00,114.45342657426372,100.14
2026-01-15 13:30:00+01:00,118.29981310485232,101.68
2026-01-15 13:45:00+01:00,125.98031981342388,102.2
2026-01-15 14:00:00+01:00,114.67752000295339,101.4
2026-01-15 14:15:00+01:00,113.970120682324,105.0
2026-01-15 14:30:00+01:00,132.0314598814944,104.19
2026-01-15 14:45:00+01:00,137.53351724525498,111.99
2026-01-15 15:00:00+01:00,125.66297431771113,103.21
2026-01-15 15:15:00+01:00,138.26337224217164,120.08
2026-01-15 15:30:00+01:00,150.96117232676315,127.09
2026-01-15 15:45:00+01:00,145.0793765034856,142.0
2026-01-15 16:00:00+01:00,131.21621158165863,124.09
2026-01-15 16:15:00+01:00,139.70420855527763,134.66
2026-01-15 16:30:00+01:00,140.72987070585364,138.34
2026-01-15 16:45:00+01:00,143.41291790880538,144.4
2026-01-15 17:00:00+01:00,138.42831596487164,151.18
2026-01-15 17:15:00+01:00,134.58853098543545,154.92
2026-01-15 17:30:00+01:00,135.68232965956344,143.88
2026-01-15 17:45:00+01:00,136.99402295033224,132.0
2026-01-15 18:00:00+01:00,135.2145936159055,133.49
2026-01-15 18:15:00+01:00,128.49200496116612,116.49
2026-01-15 18:30:00+01:00,121.64860620874539,117.52
2026-01-15 18:45:00+01:00,107.39868878654141,111.48
2026-01-15 19:00:00+01:00,119.85708767620126,112.21
2026-01-15 19:15:00+01:00,107.75554896232295,104.08
2026-01-15 19:30:00+01:00,101.01150851944762,103.3
2026-01-15 19:45:00+01:00,87.3355743742669,102.38
2026-01-15 20:00:00+01:00,107.78479849498322,101.1
2026-01-15 20:15:00+01:00,96.17453334074985,100.15
2026-01-15 20:30:00+01:00,91.69608656311894,97.87
2026-01-15 20:45:00+01:00,85.07534676717421,93.52
2026-01-15 21:00:00+01:00,98.4705041006618,93.36
2026-01-15 21:15:00+01:00,92.71313725762,90.49
2026-01-15 21:30:00+01:00,86.36568302121107,90.08
2026-01-15 21:45:00+01:00,75.53584419892438,90.05
2026-01-15 22:00:00+01:00,94.37281617341684,94.12
2026-01-15 22:15:00+01:00,85.27089806814276,88.99
2026-01-15 22:30:00+01:00,82.22886493509482,87.74
2026-01-15 22:45:00+01:00,75.43728140662583,82.72
2026-01-15 23:00:00+01:00,84.6606106432352,90.0
2026-01-15 23:15:00+01:00,76.82726068210604,84.12
2026-01-15 23:30:00+01:00,71.76408007931319,81.9
2026-01-15 23:45:00+01:00,64.12410143157491,68.6
2026-01-16 00:00:00+01:00,83.71230794291964,89.62
2026-01-16 00:15:00+01:00,78.85667703588192,83.6
2026-01-16 00:30:00+01:00,76.09548040151346,76.33
2026-01-16 00:45:00+01:00,73.5848934284273,74.65
2026-01-16 01:00:00+01:00,78.918032645371,78.99
2026-01-16 01:15:00+01:00,76.17013884291072,75.16
2026-01-16 01:30:00+01:00,75.38523497080749,74.2
2026-01-16 01:45:00+01:00,73.34013292414798,71.65
2026-01-16 02:00:00+01:00,76.38356982632529,72.88
2026-01-16 02:15:00+01:00,74.56621539432238,72.14
2026-01-16 02:30:00+01:00,74.41711543152901,69.1
2026-01-16 02:45:00+01:00,73.15662000694962,68.17
2026-01-16 03:00:00+01:00,73.51886451701309,67.46
2026-01-16 03:15:00+01:00,72.25780474736177,66.76
2026-01-16 03:30:00+01:00,72.53389175316943,67.11
2026-01-16 03:45:00+01:00,71.79838051033296,67.59
2026-01-16 04:00:00+01:00,70.11045523525223,68.91
2026-01-16 04:15:00+01:00,71.74609606423935,69.07
2026-01-16 04:30:00+01:00,73.32771295641356,71.5
2026-01-16 04:45:00+01:00,75.30793433591604,76.04
2026-01-16 05:00:00+01:00,68.99793738116242,75.54
2026-01-16 05:15:00+01:00,73.39075202747658,79.25
2026-01-16 05:30:00+01:00,80.61105367610169,83.48
2026-01-16 05:45:00+01:00,86.1283740449135,89.93
2026-01-16 06:00:00+01:00,72.92617111223691,82.21
2026-01-16 06:15:00+01:00,86.17829318571302,88.04
2026-01-16 06:30:00+01:00,89.97753443523912,93.48
2026-01-16 06:45:00+01:00,102.40005330233598,99.16
2026-01-16 07:00:00+01:00,92.67198994475805,94.39
2026-01-16 07:15:00+01:00,101.54854326844185,99.09
2026-01-16 07:30:00+01:00,107.01859910558277,96.5
2026-01-16 07:45:00+01:00,111.4635089280704,104.42
2026-01-16 08:00:00+01:00,113.4557685080281,103.25
2026-01-16 08:15:00+01:00,113.59657149298297,115.78
2026-01-16 08:30:00+01:00,119.18083298395402,113.0
2026-01-16 08:45:00+01:00,123.98097695125739,105.2
2026-01-16 09:00:00+01:00,118.03366782905624,119.03
2026-01-16 09:15:00+01:00,127.23911352092202,113.07
2026-01-16 09:30:00+01:00,108.00903167199859,104.78
2026-01-16 09:45:00+01:00,107.11913632327496,98.83
2026-01-16 10:00:00+01:00,108.24831548824187,108.82
2026-01-16 10:15:00+01:00,106.49826020165301,103.8
2026-01-16 10:30:00+01:00,106.70273296425982,99.61
2026-01-16 10:45:00+01:00,105.13211792207218,99.88
2026-01-16 11:00:00+01:00,108.66201196671267,102.19
2026-01-16 11:15:00+01:00,106.11651843869588,98.99
2026-01-16 11:30:00+01:00,107.14239952062968,98.06
2026-01-16 11:45:00+01:00,107.70795444066634,99.91
2026-01-16 12:00:00+01:00,101.61771796420089,97.13
2026-01-16 12:15:00+01:00,102.73928971925189,98.42
2026-01-16 12:30:00+01:00,108.58227827203535,98.7
2026-01-16 12:45:00+01:00,114.3115986718107,102.54
2026-01-16 13:00:00+01:00,109.52780632378192,95.81
2026-01-16 13:15:00+01:00,110.73171908670678,98.35
2026-01-16 13:30:00+01:00,117.5050867127627,100.68
2026-01-16 13:45:00+01:00,128.818981058036,102.41
2026-01-16 14:00:00+01:00,113.36873728476668,101.54
2026-01-16 14:15:00+01:00,127.25839682113748,110.31
2026-01-16 14:30:00+01:00,145.57581973663557,114.93
2026-01-16 14:45:00+01:00,148.74396988689577,126.02
2026-01-16 15:00:00+01:00,133.7081679888249,116.08
2026-01-16 15:15:00+01:00,143.23111777146093,136.5
2026-01-16 15:30:00+01:00,156.27067567522343,146.98
2026-01-16 15:45:00+01:00,166.22411529182529,164.44
2026-01-16 16:00:00+01:00,130.76279500981155,129.99
2026-01-16 16:15:00+01:00,145.9814561875609,149.17
2026-01-16 16:30:00+01:00,156.23916990800103,161.59
2026-01-16 16:45:00+01:00,170.4612697758968,209.97
2026-01-16 17:00:00+01:00,169.1790066586154,160.46
2026-01-16 17:15:00+01:00,156.72842309560738,177.17
2026-01-16 17:30:00+01:00,157.22796697764736,180.9
2026-01-16 17:45:00+01:00,152.1762839584628,162.77
2026-01-16 18:00:00+01:00,152.92691332501508,168.02
2026-01-16 18:15:00+01:00,145.12088444767542,158.32
2026-01-16 18:30:00+01:00,148.78599688449881,163.1
2026-01-16 18:45:00+01:00,133.96135975420646,160.33
2026-01-16 19:00:00+01:00,146.34828265176932,165.06
2026-01-16 19:15:00+01:00,135.63753041709728,154.4
2026-01-16 19:30:00+01:00,136.02303369446193,149.94
2026-01-16 19:45:00+01:00,127.71589702575722,147.32
2026-01-16 20:00:00+01:00,129.03872348084622,142.6
2026-01-16 20:15:00+01:00,120.48742737246312,141.0
2026-01-16 20:30:00+01:00,111.09210994138296,135.35
2026-01-16 20:45:00+01:00,105.43698372860442,117.05
2026-01-16 21:00:00+01:00,115.01652719708635,124.97
2026-01-16 21:15:00+01:00,112.4813330829777,124.56
2026-01-16 21:30:00+01:00,103.44546427402943,115.62
2026-01-16 21:45:00+01:00,93.68743758065379,105.3
2026-01-16 22:00:00+01:00,106.77522844634834,125.76
2026-01-16 22:15:00+01:00,105.62051265941852,116.83
2026-01-16 22:30:00+01:00,98.61905070961556,117.0
2026-01-16 22:45:00+01:00,91.0198657637099,111.23
2026-01-16 23:00:00+01:00,100.63264697319195,119.66
2026-01-16 23:15:00+01:00,91.60262094936238,104.32
2026-01-16 23:30:00+01:00,87.0863956221784,98.09
2026-01-16 23:45:00+01:00,82.15811815094459,94.61
2026-01-17 00:00:00+01:00,104.53532634837464,117.99
2026-01-17 00:15:00+01:00,99.80208256102497,109.01
2026-01-17 00:30:00+01:00,95.43578116915035,98.0
2026-01-17 00:45:00+01:00,91.70236335621895,93.64
2026-01-17 01:00:00+01:00,99.15521793046969,107.96
2026-01-17 01:15:00+01:00,94.43320513843987,102.58
2026-01-17 01:30:00+01:00,92.08620224307559,98.62
2026-01-17 01:45:00+01:00,90.37018793770044,95.99
2026-01-17 02:00:00+01:00,94.09647480235444,102.23
2026-01-17 02:15:00+01:00,90.3178603616851,100.03
2026-01-17 02:30:00+01:00,88.99229172392808,96.46
2026-01-17 02:45:00+01:00,88.17886239686607,94.22
2026-01-17 03:00:00+01:00,89.72836988756568,95.34
2026-01-17 03:15:00+01:00,87.73624971666447,98.38
2026-01-17 03:30:00+01:00,86.52273271023927,95.24
2026-01-17 03:45:00+01:00,85.52846123957704,95.59
2026-01-17 04:00:00+01:00,86.11963617822578,95.3
2026-01-17 04:15:00+01:00,85.43505866456036,95.01
2026-01-17 04:30:00+01:00,87.17702207975704,95.07
2026-01-17 04:45:00+01:00,86.6785752800983,95.37
2026-01-17 05:00:00+01:00,87.77950136249072,95.3
2026-01-17 05:15:00+01:00,86.87438134875887,94.31
2026-01-17 05:30:00+01:00,88.0882371783455,95.94
2026-01-17 05:45:00+01:00,88.17946571114224,95.42
2026-01-17 06:00:00+01:00,89.24923691108796,97.87
2026-01-17 06:15:00+01:00,88.70210334726275,92.11
2026-01-17 06:30:00+01:00,90.55814899252314,96.47
2026-01-17 06:45:00+01:00,94.54380855772753,96.96
2026-01-17 07:00:00+01:00,94.13567591260745,94.18
2026-01-17 07:15:00+01:00,97.84609026966226,97.76
2026-01-17 07:30:00+01:00,99.14464193403987,99.88
2026-01-17 07:45:00+01:00,97.15345317687157,104.93
2026-01-17 08:00:00+01:00,105.2297593920413,95.98
2026-01-17 08:15:00+01:00,108.8223748360105,106.85
2026-01-17 08:30:00+01:00,102.4359550613204,109.94
2026-01-17 08:45:00+01:00,99.96293562320537,111.11
2026-01-17 09:00:00+01:00,108.1411201366921,118.56
2026-01-17 09:15:00+01:00,103.48212476040777,120.86
2026-01-17 09:30:00+01:00,101.41988039164514,116.45
2026-01-17 09:45:00+01:00,94.2921886668672,110.75
2026-01-17 10:00:00+01:00,102.30509701366724,123.43
2026-01-17 10:15:00+01:00,98.44538061016375,116.03
2026-01-17 10:30:00+01:00,96.82461175758502,111.71
2026-01-17 10:45:00+01:00,97.37396655385773,109.23
2026-01-17 11:00:00+01:00,95.18459696754574,112.84
2026-01-17 11:15:00+01:00,94.59846048826921,112.11
2026-01-17 11:30:00+01:00,93.25943857125921,111.6
2026-01-17 11:45:00+01:00,93.12934461762053,109.88
2026-01-17 12:00:00+01:00,94.54756626912653,112.91
2026-01-17 12:15:00+01:00,93.72146007637528,110.99
2026-01-17 12:30:00+01:00,95.5041121949033,112.92
2026-01-17 12:45:00+01:00,95.91163629422665,110.97
2026-01-17 13:00:00+01:00,95.02101857352744,109.9
2026-01-17 13:15:00+01:00,94.14760622905014,108.78
2026-01-17 13:30:00+01:00,95.37566160868168,107.9
2026-01-17 13:45:00+01:00,100.66068490284319,107.98
2026-01-17 14:00:00+01:00,93.35299711691411,107.81
2026-01-17 14:15:00+01:00,98.71468757840009,109.78
2026-01-17 14:30:00+01:00,104.85205246818725,113.77
2026-01-17 14:45:00+01:00,107.92205126151093,119.91
2026-01-17 15:00:00+01:00,104.8864394507838,115.01
2026-01-17 15:15:00+01:00,112.91221800311982,120.89
2026-01-17 15:30:00+01:00,116.64178786751515,126.62
2026-01-17 15:45:00+01:00,119.25531020746614,128.56
2026-01-17 16:00:00+01:00,110.51164207698554,127.1
2026-01-17 16:15:00+01:00,117.36057821319996,137.98
2026-01-17 16:30:00+01:00,121.4772694398799,138.86
2026-01-17 16:45:00+01:00,128.21684546560803,139.16
2026-01-17 17:00:00+01:00,121.06777676493415,137.3
2026-01-17 17:15:00+01:00,124.94625078170083,139.91
2026-01-17 17:30:00+01:00,125.30636353960065,140.94
2026-01-17 17:45:00+01:00,120.08597760946401,145.5
2026-01-17 18:00:00+01:00,129.6235679850424,140.49
2026-01-17 18:15:00+01:00,120.524454392576,140.49
2026-01-17 18:30:00+01:00,121.88868918125682,145.61
2026-01-17 18:45:00+01:00,112.81316699897276,144.8
2026-01-17 19:00:00+01:00,116.60962443108238,141.8
2026-01-17 19:15:00+01:00,115.68747861571924,141.05
2026-01-17 19:30:00+01:00,109.32499059981163,140.14
2026-01-17 19:45:00+01:00,102.554140720042,131.36
2026-01-17 20:00:00+01:00,110.84285671966121,136.66
2026-01-17 20:15:00+01:00,102.55225631057993,120.35
2026-01-17 20:30:00+01:00,95.50999819771087,118.19
2026-01-17 20:45:00+01:00,90.61574099025465,107.96
2026-01-17 21:00:00+01:00,100.71027879094913,116.81
2026-01-17 21:15:00+01:00,93.57541085471262,111.64
2026-01-17 21:30:00+01:00,92.13981510646168,103.76
2026-01-17 21:45:00+01:00,85.76496395331965,99.01
2026-01-17 22:00:00+01:00,99.45226397949094,108.97
2026-01-17 22:15:00+01:00,93.24836052452999,104.34
2026-01-17 22:30:00+01:00,90.28425865649737,109.96
2026-01-17 22:45:00+01:00,83.86261872675556,113.33
2026-01-17 23:00:00+01:00,92.54210450860678,115.99
2026-01-17 23:15:00+01:00,85.78885448028973,109.0
2026-01-17 23:30:00+01:00,82.2298475920016,104.13
2026-01-17 23:45:00+01:00,72.99275470764199,98.97
2026-01-18 00:00:00+01:00,107.18956565621517,115.24
2026-01-18 00:15:00+01:00,103.0548144935429,112.95
2026-01-18 00:30:00+01:00,97.68704250754166,108.67
2026-01-18 00:45:00+01:00,92.74678989206144,106.0
2026-01-18 01:00:00+01:00,101.68392645701964,112.99
2026-01-18 01:15:00+01:00,96.31486778815781,109.16
2026-01-18 01:30:00+01:00,94.39469305364682,107.09
2026-01-18 01:45:00+01:00,92.42276074345435,107.52
2026-01-18 02:00:00+01:00,96.12456638398743,111.23
2026-01-18 02:15:00+01:00,92.66712072529121,109.17
2026-01-18 02:30:00+01:00,91.38795620198664,104.94
2026-01-18 02:45:00+01:00,89.65481255705987,104.22
2026-01-18 03:00:00+01:00,91.60685792865712,103.83
2026-01-18 03:15:00+01:00,89.33153425126599,103.0
2026-01-18 03:30:00+01:00,86.58572271133308,101.73
2026-01-18 03:45:00+01:00,85.80052200163841,101.6
2026-01-18 04:00:00+01:00,87.16256227687101,102.99
2026-01-18 04:15:00+01:00,86.15594872462364,102.62
2026-01-18 04:30:00+01:00,86.17546471199141,101.73
2026-01-18 04:45:00+01:00,86.38167594924249,101.6
2026-01-18 05:00:00+01:00,87.52031619216108,101.43
2026-01-18 05:15:00+01:00,86.20287474683737,101.6
2026-01-18 05:30:00+01:00,87.56935673516381,102.3
2026-01-18 05:45:00+01:00,85.93704164636429,102.99
2026-01-18 06:00:00+01:00,89.39383637379491,100.2
2026-01-18 06:15:00+01:00,86.38509899559881,101.22
2026-01-18 06:30:00+01:00,86.00424110412933,101.22
2026-01-18 06:45:00+01:00,86.78619902097765,101.56
2026-01-18 07:00:00+01:00,88.87286701399962,100.28
2026-01-18 07:15:00+01:00,87.38323184825629,99.32
2026-01-18 07:30:00+01:00,86.88658889762795,100.5
2026-01-18 07:45:00+01:00,97.88206404087497,102.32
2026-01-18 08:00:00+01:00,90.17329636339582,104.12
2026-01-18 08:15:00+01:00,101.91476752922759,105.57
2026-01-18 08:30:00+01:00,99.56975794197419,107.37
2026-01-18 08:45:00+01:00,103.38902498597575,105.66
2026-01-18 09:00:00+01:00,107.05867285124637,114.96
2026-01-18 09:15:00+01:00,113.03835827506143,106.96
2026-01-18 09:30:00+01:00,106.92657254850434,105.18
2026-01-18 09:45:00+01:00,99.64481863803366,102.59
2026-01-18 10:00:00+01:00,109.37997098821224,105.31
2026-01-18 10:15:00+01:00,102.62873310464752,103.2
2026-01-18 10:30:00+01:00,97.57950752039271,101.03
2026-01-18 10:45:00+01:00,95.91370693834185,98.1
2026-01-18 11:00:00+01:00,96.67093939809384,98.35
2026-01-18 11:15:00+01:00,95.24834951587242,99.72
2026-01-18 11:30:00+01:00,96.58724882696846,98.1
2026-01-18 11:45:00+01:00,94.81676423125272,97.76
2026-01-18 12:00:00+01:00,95.56644570778926,98.0
2026-01-18 12:15:00+01:00,95.72394696289162,96.59
2026-01-18 12:30:00+01:00,97.16456465370872,96.53
2026-01-18 12:45:00+01:00,97.31767044023051,96.3
2026-01-18 13:00:00+01:00,94.69914376847385,96.13
2026-01-18 13:15:00+01:00,95.08632427233309,96.74
2026-01-18 13:30:00+01:00,94.54307873149726,97.2
2026-01-18 13:45:00+01:00,98.19331096321707,97.78
2026-01-18 14:00:00+01:00,98.90554528344558,98.0
2026-01-18 14:15:00+01:00,104.97190246895548,100.37
2026-01-18 14:30:00+01:00,104.96815983885533,102.17
2026-01-18 14:45:00+01:00,106.63078664810432,102.84
2026-01-18 15:00:00+01:00,104.70987516653577,101.46
2026-01-18 15:15:00+01:00,107.47746738804247,103.4
2026-01-18 15:30:00+01:00,110.3242644123311,105.43
2026-01-18 15:45:00+01:00,115.7949912843139,111.91
2026-01-18 16:00:00+01:00,107.01837842401959,106.1
2026-01-18 16:15:00+01:00,112.10280983400072,116.89
2026-01-18 16:30:00+01:00,115.586704701682,117.15
2026-01-18 16:45:00+01:00,123.5648575698434,119.36
2026-01-18 17:00:00+01:00,117.95249099774361,117.67
2026-01-18 17:15:00+01:00,123.43699781994414,127.19
2026-01-18 17:30:00+01:00,122.79438462957347,134.47
2026-01-18 17:45:00+01:00,122.115805921089,140.64
2026-01-18 18:00:00+01:00,122.17889190626585,139.09
2026-01-18 18:15:00+01:00,120.66971088323004,142.49
2026-01-18 18:30:00+01:00,122.71971854653717,146.2
2026-01-18 18:45:00+01:00,119.80716184521798,141.0
2026-01-18 19:00:00+01:00,125.87399712546484,144.22
2026-01-18 19:15:00+01:00,118.93916328628599,141.0
2026-01-18 19:30:00+01:00,112.46215260946315,136.37
2026-01-18 19:45:00+01:00,106.69633122087819,125.1
2026-01-18 20:00:00+01:00,109.30547539712502,125.16
2026-01-18 20:15:00+01:00,103.73900716892936,127.11
2026-01-18 20:30:00+01:00,97.48644605368541,125.43
2026-01-18 20:45:00+01:00,91.71654499199589,114.51
2026-01-18 21:00:00+01:00,97.21938431230456,120.9
2026-01-18 21:15:00+01:00,94.7681714957453,114.08
2026-01-18 21:30:00+01:00,90.04598189618588,106.01
2026-01-18 21:45:00+01:00,86.09399590510776,101.53
2026-01-18 22:00:00+01:00,94.46640040003716,121.3
2026-01-18 22:15:00+01:00,93.2001875709402,114.95
2026-01-18 22:30:00+01:00,89.89093773169236,113.03
2026-01-18 22:45:00+01:00,85.3944418107717,107.84
2026-01-18 23:00:00+01:00,89.81728956505113,110.0
2026-01-18 23:15:00+01:00,83.67115017000926,104.59
2026-01-18 23:30:00+01:00,80.4171200111778,100.33
2026-01-18 23:45:00+01:00,75.70449126350844,100.01
2026-01-19 00:00:00+01:00,103.25710794790149,104.8
2026-01-19 00:15:00+01:00,102.72356561576638,101.6
2026-01-19 00:30:00+01:00,95.43182003130383,99.92
2026-01-19 00:45:00+01:00,91.24575699429683,98.28
2026-01-19 01:00:00+01:00,99.68747072947113,100.2
2026-01-19 01:15:00+01:00,94.50901285839787,101.08
2026-01-19 01:30:00+01:00,92.96912315154107,100.89
2026-01-19 01:45:00+01:00,91.95749740580835,99.59
2026-01-19 02:00:00+01:00,94.30893153864463,102.12
2026-01-19 02:15:00+01:00,91.51423672427156,100.99
2026-01-19 02:30:00+01:00,89.64268573246687,100.21
2026-01-19 02:45:00+01:00,89.6878008728377,100.01
2026-01-19 03:00:00+01:00,90.5693168764401,100.48
2026-01-19 03:15:00+01:00,88.83975605834617,100.54
2026-01-19 03:30:00+01:00,86.5826129167841,100.21
2026-01-19 03:45:00+01:00,86.96392099798197,100.52
2026-01-19 04:00:00+01:00,86.27579150319303,99.45
2026-01-19 04:15:00+01:00,86.37331420594872,100.22
2026-01-19 04:30:00+01:00,86.90116324096373,100.52
2026-01-19 04:45:00+01:00,90.4335764733515,100.35
2026-01-19 05:00:00+01:00,87.56559112673844,97.7
2026-01-19 05:15:00+01:00,89.71964691207046,100.16
2026-01-19 05:30:00+01:00,95.99114356827143,101.05
2026-01-19 05:45:00+01:00,100.64711011980174,111.21
2026-01-19 06:00:00+01:00,94.80085132169116,108.04
2026-01-19 06:15:00+01:00,99.81787229245238,122.76
2026-01-19 06:30:00+01:00,97.88740684697765,130.57
2026-01-19 06:45:00+01:00,110.85239495961648,144.15
2026-01-19 07:00:00+01:00,110.96118295281576,142.29
2026-01-19 07:15:00+01:00,116.77997373850039,157.41
2026-01-19 07:30:00+01:00,128.24276666120446,171.84
2026-01-19 07:45:00+01:00,133.1575943521831,172.79
2026-01-19 08:00:00+01:00,123.34811197168091,177.34
2026-01-19 08:15:00+01:00,136.08486741107214,184.48
2026-01-19 08:30:00+01:00,135.03242993071404,177.11
2026-01-19 08:45:00+01:00,127.62495420352788,165.0
2026-01-19 09:00:00+01:00,132.53474510071652,190.2
2026-01-19 09:15:00+01:00,130.8645301799152,171.03
2026-01-19 09:30:00+01:00,126.52907821841714,151.85
2026-01-19 09:45:00+01:00,107.92341663403985,134.67
2026-01-19 10:00:00+01:00,126.54083122100424,156.81
2026-01-19 10:15:00+01:00,116.47710044376166,139.35
2026-01-19 10:30:00+01:00,110.22256440050782,128.13
2026-01-19 10:45:00+01:00,109.62435206200003,119.4
2026-01-19 11:00:00+01:00,106.5399459514635,126.08
2026-01-19 11:15:00+01:00,105.70070493770488,119.84
2026-01-19 11:30:00+01:00,107.88137051990155,119.07
2026-01-19 11:45:00+01:00,111.39112261830168,117.12
2026-01-19 12:00:00+01:00,103.39897528441364,118.08
2026-01-19 12:15:00+01:00,108.23378274168293,114.59
2026-01-19 12:30:00+01:00,109.17067957676511,117.46
2026-01-19 12:45:00+01:00,108.38128918081125,120.11
2026-01-19 13:00:00+01:00,103.61388083339646,119.0
2026-01-19 13:15:00+01:00,107.40676587104407,121.34
2026-01-19 13:30:00+01:00,109.23836501241014,125.91
2026-01-19 13:45:00+01:00,119.01603451020556,133.76
2026-01-19 14:00:00+01:00,110.8838837577653,120.68
2026-01-19 14:15:00+01:00,120.83619533799717,139.0
2026-01-19 14:30:00+01:00,131.42381952411927,147.67
2026-01-19 14:45:00+01:00,132.82287060921138,170.05
2026-01-19 15:00:00+01:00,134.0658910800803,135.0
2026-01-19 15:15:00+01:00,138.97452650010504,159.78
2026-01-19 15:30:00+01:00,139.81888640796373,176.26
2026-01-19 15:45:00+01:00,143.86812193643837,209.13
2026-01-19 16:00:00+01:00,136.02365661988304,168.3
2026-01-19 16:15:00+01:00,144.95616223262616,192.76
2026-01-19 16:30:00+01:00,147.85719929035335,206.93
2026-01-19 16:45:00+01:00,160.71519904233728,211.57
2026-01-19 17:00:00+01:00,157.83929278738805,192.34
2026-01-19 17:15:00+01:00,152.57269121913916,218.25
2026-01-19 17:30:00+01:00,155.2195317301759,216.31
2026-01-19 17:45:00+01:00,154.1026075294049,206.01
2026-01-19 18:00:00+01:00,146.88197714804895,209.99
2026-01-19 18:15:00+01:00,158.11883921983843,191.93
2026-01-19 18:30:00+01:00,163.20602253126947,198.83
2026-01-19 18:45:00+01:00,154.1083416369081,199.47
2026-01-19 19:00:00+01:00,163.66669871507597,192.93
2026-01-19 19:15:00+01:00,154.29142534126862,182.96
2026-01-19 19:30:00+01:00,147.39003566481776,177.63
2026-01-19 19:45:00+01:00,135.40336502852708,170.33
2026-01-19 20:00:00+01:00,139.92683784080887,166.52
2026-01-19 20:15:00+01:00,131.85540950071646,160.21
2026-01-19 20:30:00+01:00,117.18858264630484,158.35
2026-01-19 20:45:00+01:00,113.66667077993077,144.46
2026-01-19 21:00:00+01:00,119.65528560926255,141.01
2026-01-19 21:15:00+01:00,116.71468314212842,137.95
2026-01-19 21:30:00+01:00,108.22191303799565,134.72
2026-01-19 21:45:00+01:00,99.72109980520926,127.0
2026-01-19 22:00:00+01:00,108.65208597783379,131.46
2026-01-19 22:15:00+01:00,108.06508295349643,127.76
2026-01-19 22:30:00+01:00,99.63058454034814,126.47
2026-01-19 22:45:00+01:00,100.83656172452795,119.92
2026-01-19 23:00:00+01:00,100.9459056609489,122.64
2026-01-19 23:15:00+01:00,92.14682260653012,115.01
2026-01-19 23:30:00+01:00,87.98317164069552,107.94
2026-01-19 23:45:00+01:00,85.78199359153808,104.29
2026-01-20 00:00:00+01:00,115.21129163775122,114.06
2026-01-20 00:15:00+01:00,109.54626266969768,117.5
2026-01-20 00:30:00+01:00,104.40649978220442,115.14
2026-01-20 00:45:00+01:00,99.83448511657274,113.54
2026-01-20 01:00:00+01:00,109.03681020754026,115.04
2026-01-20 01:15:00+01:00,104.22791953683263,114.97
2026-01-20 01:30:00+01:00,102.94717480023276,114.9
2026-01-20 01:45:00+01:00,101.14141961438108,112.43
2026-01-20 02:00:00+01:00,103.69637698364275,110.04
2026-01-20 02:15:00+01:00,100.84563692574457,109.68
2026-01-20 02:30:00+01:00,99.93201710223862,110.76
2026-01-20 02:45:00+01:00,99.77962483640765,110.94
2026-01-20 03:00:00+01:00,100.33286369389296,108.91
2026-01-20 03:15:00+01:00,98.3055388394683,109.25
2026-01-20 03:30:00+01:00,95.98464720135108,109.9
2026-01-20 03:45:00+01:00,96.45677385728871,111.41
2026-01-20 04:00:00+01:00,96.27615751662098,108.91
2026-01-20 04:15:00+01:00,96.36982586852673,110.01
2026-01-20 04:30:00+01:00,97.11587528111572,115.52
2026-01-20 04:45:00+01:00,101.2360524906172,118.25
2026-01-20 05:00:00+01:00,97.98002296981772,122.43
2026-01-20 05:15:00+01:00,97.84370951432541,110.91
2026-01-20 05:30:00+01:00,105.01746145003625,128.61
2026-01-20 05:45:00+01:00,112.65134319202181,139.17
2026-01-20 06:00:00+01:00,107.53862806570206,126.45
2026-01-20 06:15:00+01:00,116.47646255220947,159.43
2026-01-20 06:30:00+01:00,128.86885281505852,191.71
2026-01-20 06:45:00+01:00,129.71365901223263,282.83
2026-01-20 07:00:00+01:00,122.66907136382537,176.09
2026-01-20 07:15:00+01:00,134.27375420760637,224.33
2026-01-20 07:30:00+01:00,149.11290387153858,268.09
2026-01-20 07:45:00+01:00,150.11203252251488,295.0
2026-01-20 08:00:00+01:00,149.8917704561635,327.01
2026-01-20 08:15:00+01:00,171.72217029377472,302.01
2026-01-20 08:30:00+01:00,163.17258044489427,236.3
2026-01-20 08:45:00+01:00,143.89937747454476,185.82
2026-01-20 09:00:00+01:00,168.2028028965622,246.84
2026-01-20 09:15:00+01:00,154.20954761856936,194.13
2026-01-20 09:30:00+01:00,129.76358204219832,168.0
2026-01-20 09:45:00+01:00,114.5875182546775,109.17
2026-01-20 10:00:00+01:00,135.52209006282476,168.57
2026-01-20 10:15:00+01:00,126.68998463254289,133.43
2026-01-20 10:30:00+01:00,119.04259548883911,121.3
2026-01-20 10:45:00+01:00,115.25730361280613,105.38
2026-01-20 11:00:00+01:00,116.7901934946571,119.0
2026-01-20 11:15:00+01:00,116.59320551561184,106.22
2026-01-20 11:30:00+01:00,118.03700130191184,104.36
2026-01-20 11:45:00+01:00,119.24294671945988,102.23
2026-01-20 12:00:00+01:00,114.76805228767307,104.35
2026-01-20 12:15:00+01:00,115.49010211617647,102.16
2026-01-20 12:30:00+01:00,117.47289155311968,103.02
2026-01-20 12:45:00+01:00,119.44434652350374,104.96
2026-01-20 13:00:00+01:00,114.67193826568868,104.59
2026-01-20 13:15:00+01:00,115.98648050747946,105.76
2026-01-20 13:30:00+01:00,126.42941069756975,105.33
2026-01-20 13:45:00+01:00,141.95043825022367,107.34
2026-01-20 14:00:00+01:00,121.66412025835766,106.18
2026-01-20 14:15:00+01:00,144.1957388339257,123.76
2026-01-20 14:30:00+01:00,152.28690064207942,149.45
2026-01-20 14:45:00+01:00,158.50668126056866,167.5
2026-01-20 15:00:00+01:00,150.32167422130888,136.08
2026-01-20 15:15:00+01:00,165.17071223343828,158.99
2026-01-20 15:30:00+01:00,167.49583054694443,204.43
2026-01-20 15:45:00+01:00,174.52797038521646,213.54
2026-01-20 16:00:00+01:00,155.71988729729176,202.99
2026-01-20 16:15:00+01:00,170.95498234577002,253.17
2026-01-20 16:30:00+01:00,171.07753672817233,291.93
2026-01-20 16:45:00+01:00,180.0817745117201,358.85
2026-01-20 17:00:00+01:00,191.6050987579535,242.97
2026-01-20 17:15:00+01:00,192.36699459092847,266.24
2026-01-20 17:30:00+01:00,164.459044047507,260.7
2026-01-20 17:45:00+01:00,183.5333963966607,228.61
2026-01-20 18:00:00+01:00,161.41411393470733,221.52
2026-01-20 18:15:00+01:00,192.52116687665287,194.52
2026-01-20 18:30:00+01:00,178.81647043979797,181.95
2026-01-20 18:45:00+01:00,165.30844614730532,177.71
2026-01-20 19:00:00+01:00,178.40839346161297,208.81
2026-01-20 19:15:00+01:00,168.41574646127643,186.84
2026-01-20 19:30:00+01:00,156.18724479837624,171.5
2026-01-20 19:45:00+01:00,145.1610724916142,160.52
2026-01-20 20:00:00+01:00,158.02860031781734,182.37
2026-01-20 20:15:00+01:00,138.0648628597138,158.99
2026-01-20 20:30:00+01:00,127.95672077469342,144.99
2026-01-20 20:45:00+01:00,118.62886783802541,134.05
2026-01-20 21:00:00+01:00,124.82955400158383,163.73
2026-01-20 21:15:00+01:00,120.79512072330951,152.44
2026-01-20 21:30:00+01:00,110.51912020557577,132.43
2026-01-20 21:45:00+01:00,99.48180267819382,110.96
2026-01-20 22:00:00+01:00,116.57233945690284,131.99
2026-01-20 22:15:00+01:00,110.38404181256759,121.64
2026-01-20 22:30:00+01:00,102.4318068117365,110.09
2026-01-20 22:45:00+01:00,97.482621271515,105.05
2026-01-20 23:00:00+01:00,104.77448050369016,116.14
2026-01-20 23:15:00+01:00,93.75401837213828,109.65
2026-01-20 23:30:00+01:00,89.49518021148539,107.42
2026-01-20 23:45:00+01:00,84.52834412418986,98.14
2026-01-21 00:00:00+01:00,117.97688788503764,99.93
2026-01-21 00:15:00+01:00,105.78679880592836,99.75
2026-01-21 00:30:00+01:00,102.1307829283462,102.13
2026-01-21 00:45:00+01:00,96.75140957854973,104.15
2026-01-21 01:00:00+01:00,105.37209262054506,104.56
2026-01-21 01:15:00+01:00,101.83021601471953,102.45
2026-01-21 01:30:00+01:00,98.77915059401505,101.02
2026-01-21 01:45:00+01:00,96.85849796638139,98.84
2026-01-21 02:00:00+01:00,101.0522573492303,98.66
2026-01-21 02:15:00+01:00,97.1172886815356,99.12
2026-01-21 02:30:00+01:00,96.721668672052,98.56
2026-01-21 02:45:00+01:00,95.314528715921,98.69
2026-01-21 03:00:00+01:00,96.7439640175433,104.42
2026-01-21 03:15:00+01:00,94.73941950804415,100.99
2026-01-21 03:30:00+01:00,92.17020972085966,100.01
2026-01-21 03:45:00+01:00,91.2091451319226,98.22
2026-01-21 04:00:00+01:00,92.40316148806964,100.48
2026-01-21 04:15:00+01:00,92.71621916917323,98.02
2026-01-21 04:30:00+01:00,93.86631020928642,98.02
2026-01-21 04:45:00+01:00,96.180525229786,98.86
2026-01-21 05:00:00+01:00,93.06317175435818,96.54
2026-01-21 05:15:00+01:00,92.12899262795742,97.56
2026-01-21 05:30:00+01:00,102.87823928912402,101.07
2026-01-21 05:45:00+01:00,109.27003403503713,99.6
2026-01-21 06:00:00+01:00,100.73585454286967,105.76
2026-01-21 06:15:00+01:00,111.55763716205082,107.2
2026-01-21 06:30:00+01:00,120.08896261106429,110.95
2026-01-21 06:45:00+01:00,130.74582066177487,107.58
2026-01-21 07:00:00+01:00,120.97030594564953,144.66
2026-01-21 07:15:00+01:00,135.49191452264267,149.94
2026-01-21 07:30:00+01:00,147.73561227923489,166.12
2026-01-21 07:45:00+01:00,135.72437718906477,179.28
2026-01-21 08:00:00+01:00,154.62703760173787,185.77
2026-01-21 08:15:00+01:00,159.05057461036264,199.49
2026-01-21 08:30:00+01:00,142.13358282871553,170.76
2026-01-21 08:45:00+01:00,129.98694217033,149.57
2026-01-21 09:00:00+01:00,150.08884362269472,161.78
2026-01-21 09:15:00+01:00,138.61629113444457,149.2
2026-01-21 09:30:00+01:00,121.31197328424955,137.69
2026-01-21 09:45:00+01:00,95.52434928164078,122.9
2026-01-21 10:00:00+01:00,110.667615140193,146.19
2026-01-21 10:15:00+01:00,104.9967706765219,120.44
2026-01-21 10:30:00+01:00,96.70526020123596,106.27
2026-01-21 10:45:00+01:00,99.11748965347674,100.3
2026-01-21 11:00:00+01:00,100.72451771260289,103.12
2026-01-21 11:15:00+01:00,96.91988808207952,101.54
2026-01-21 11:30:00+01:00,103.46389060908832,99.76
2026-01-21 11:45:00+01:00,102.7629266560752,99.55
2026-01-21 12:00:00+01:00,93.25203105833354,98.89
2026-01-21 12:15:00+01:00,90.08300465840125,98.9
2026-01-21 12:30:00+01:00,103.45007991133734,97.41
2026-01-21 12:45:00+01:00,105.07694296269958,101.32
2026-01-21 13:00:00+01:00,91.5520888907728,101.82
2026-01-21 13:15:00+01:00,101.56653492809231,102.37
2026-01-21 13:30:00+01:00,104.42039255999487,102.46
2026-01-21 13:45:00+01:00,109.70557161132858,107.25
2026-01-21 14:00:00+01:00,98.92083652652569,105.05
2026-01-21 14:15:00+01:00,108.47806599278309,105.37
2026-01-21 14:30:00+01:00,120.337282183674,106.93
2026-01-21 14:45:00+01:00,132.47874632058623,117.14
2026-01-21 15:00:00+01:00,113.08169615171559,106.87
2026-01-21 15:15:00+01:00,128.77389870981486,122.93
2026-01-21 15:30:00+01:00,140.82936811403215,131.74
2026-01-21 15:45:00+01:00,145.33434991257346,146.17
2026-01-21 16:00:00+01:00,127.66006321513585,145.01
2026-01-21 16:15:00+01:00,138.19217448841945,146.13
2026-01-21 16:30:00+01:00,146.2360695136136,141.0
2026-01-21 16:45:00+01:00,154.02546469050915,148.0
2026-01-21 17:00:00+01:00,142.5451513760218,135.99
2026-01-21 17:15:00+01:00,150.2174407282302,142.9
2026-01-21 17:30:00+01:00,146.8763757020092,141.61
2026-01-21 17:45:00+01:00,163.53052955581393,135.94
2026-01-21 18:00:00+01:00,142.69467742310533,144.97
2026-01-21 18:15:00+01:00,154.13456289025436,142.59
2026-01-21 18:30:00+01:00,157.82680368439958,139.06
2026-01-21 18:45:00+01:00,150.87008296619928,129.01
2026-01-21 19:00:00+01:00,155.759745747944,132.9
2026-01-21 19:15:00+01:00,136.00182544498858,141.33
2026-01-21 19:30:00+01:00,135.783461508824,129.01
2026-01-21 19:45:00+01:00,122.97385487578518,108.08
2026-01-21 20:00:00+01:00,140.05285986856185,114.05
2026-01-21 20:15:00+01:00,122.23173637119163,103.22
2026-01-21 20:30:00+01:00,111.17286621832342,104.17
2026-01-21 20:45:00+01:00,102.11057928680492,100.35
2026-01-21 21:00:00+01:00,114.28249364594842,108.81
2026-01-21 21:15:00+01:00,107.45569123701596,102.46
2026-01-21 21:30:00+01:00,97.30158477048406,101.96
2026-01-21 21:45:00+01:00,87.78960484475364,96.53
2026-01-21 22:00:00+01:00,102.01126214103078,113.0
2026-01-21 22:15:00+01:00,100.08589723591093,106.29
2026-01-21 22:30:00+01:00,94.35220528861257,100.85
2026-01-21 22:45:00+01:00,86.69489251029769,98.9
2026-01-21 23:00:00+01:00,95.88922958959799,106.5
2026-01-21 23:15:00+01:00,87.97260737135026,98.89
2026-01-21 23:30:00+01:00,81.42508120945055,96.5
2026-01-21 23:45:00+01:00,74.67202672973204,95.61
2026-01-22 00:00:00+01:00,101.20381671187012,92.39
2026-01-22 00:15:00+01:00,98.81654726843645,94.75
2026-01-22 00:30:00+01:00,92.68812219138472,94.05
2026-01-22 00:45:00+01:00,89.54769791499277,90.0
2026-01-22 01:00:00+01:00,96.94535405627609,93.12
2026-01-22 01:15:00+01:00,93.15046123750759,92.4
2026-01-22 01:30:00+01:00,92.56865082088643,92.39
2026-01-22 01:45:00+01:00,90.877598494366,92.2
2026-01-22 02:00:00+01:00,92.19112760942531,90.09
2026-01-22 02:15:00+01:00,92.06594216758506,91.39
2026-01-22 02:30:00+01:00,90.01283644636283,91.92
2026-01-22 02:45:00+01:00,90.97778550361298,92.4
2026-01-22 03:00:00+01:00,90.62729610543296,92.28
2026-01-22 03:15:00+01:00,90.20558957706206,91.3
2026-01-22 03:30:00+01:00,87.85335293231803,91.72
2026-01-22 03:45:00+01:00,87.34151211694542,91.98
2026-01-22 04:00:00+01:00,87.53605648520126,92.52
2026-01-22 04:15:00+01:00,90.27482312092307,92.28
2026-01-22 04:30:00+01:00,90.3603660333694,92.66
2026-01-22 04:45:00+01:00,93.44937575395292,93.94
2026-01-22 05:00:00+01:00,90.36759635029036,91.7
2026-01-22 05:15:00+01:00,92.0399658756485,90.77
2026-01-22 05:30:00+01:00,94.90877050794619,91.5
2026-01-22 05:45:00+01:00,98.18517332215785,98.78
2026-01-22 06:00:00+01:00,95.91884602409831,90.0
2026-01-22 06:15:00+01:00,100.3224624777607,93.16
2026-01-22 06:30:00+01:00,105.14859324402477,103.65
2026-01-22 06:45:00+01:00,114.40212034757815,115.9
2026-01-22 07:00:00+01:00,108.40306808190238,116.07
2026-01-22 07:15:00+01:00,118.53798280047931,122.25
2026-01-22 07:30:00+01:00,122.0125809995009,130.77
2026-01-22 07:45:00+01:00,131.00862805872362,132.99
2026-01-22 08:00:00+01:00,130.5500658653831,141.88
2026-01-22 08:15:00+01:00,134.45146059521238,148.0
2026-01-22 08:30:00+01:00,130.40148036269497,132.91
2026-01-22 08:45:00+01:00,111.9865709895827,125.7
2026-01-22 09:00:00+01:00,133.0241691145879,127.61
2026-01-22 09:15:00+01:00,114.55192989266763,116.54
2026-01-22 09:30:00+01:00,115.0396384687256,112.03
2026-01-22 09:45:00+01:00,110.71082024217498,101.49
2026-01-22 10:00:00+01:00,113.1375799000512,102.58
2026-01-22 10:15:00+01:00,109.64011073751286,93.51
2026-01-22 10:30:00+01:00,106.5599291507823,94.48
2026-01-22 10:45:00+01:00,105.77912619423608,90.46
2026-01-22 11:00:00+01:00,109.55407910832865,91.6
2026-01-22 11:15:00+01:00,105.53005035799637,88.92
2026-01-22 11:30:00+01:00,107.21946770224474,88.59
2026-01-22 11:45:00+01:00,102.2871347830867,87.19
2026-01-22 12:00:00+01:00,104.32032401348454,87.12
2026-01-22 12:15:00+01:00,102.98546867199538,83.32
2026-01-22 12:30:00+01:00,107.98753407372581,82.91
2026-01-22 12:45:00+01:00,107.14937687298716,82.08
2026-01-22 13:00:00+01:00,104.06594860507941,86.09
2026-01-22 13:15:00+01:00,107.47705358630341,88.05
2026-01-22 13:30:00+01:00,107.84376243168504,88.92
2026-01-22 13:45:00+01:00,112.08938024632313,89.2
2026-01-22 14:00:00+01:00,107.33648919101259,89.9
2026-01-22 14:15:00+01:00,113.2353421494492,95.76
2026-01-22 14:30:00+01:00,119.6785000428897,93.98
2026-01-22 14:45:00+01:00,129.0098008402697,100.0
2026-01-22 15:00:00+01:00,123.47137230147774,96.19
2026-01-22 15:15:00+01:00,129.3710060747748,104.05
2026-01-22 15:30:00+01:00,138.89187909403557,112.87
2026-01-22 15:45:00+01:00,141.76602215731768,118.01
2026-01-22 16:00:00+01:00,130.98340874621604,114.11
2026-01-22 16:15:00+01:00,140.98004466851324,128.92
2026-01-22 16:30:00+01:00,143.52232482519761,145.95
2026-01-22 16:45:00+01:00,154.03463595215987,134.61
2026-01-22 17:00:00+01:00,153.78259559159216,129.75
2026-01-22 17:15:00+01:00,155.8082361849627,136.45
2026-01-22 17:30:00+01:00,143.99261272279887,141.3
2026-01-22 17:45:00+01:00,143.49325166521606,137.96
2026-01-22 18:00:00+01:00,140.35043676130817,131.29
2026-01-22 18:15:00+01:00,135.68764866885118,129.97
2026-01-22 18:30:00+01:00,130.5583737273801,127.97
2026-01-22 18:45:00+01:00,130.42666748988694,129.44
2026-01-22 19:00:00+01:00,134.36668942187055,129.5
2026-01-22 19:15:00+01:00,124.74056665830352,120.79
2026-01-22 19:30:00+01:00,115.67572593235917,123.15
2026-01-22 19:45:00+01:00,109.05441314603617,112.83
2026-01-22 20:00:00+01:00,118.49505534438384,116.06
2026-01-22 20:15:00+01:00,110.17209320224677,108.43
2026-01-22 20:30:00+01:00,105.3903311415732,106.77
2026-01-22 20:45:00+01:00,100.33589493432433,106.14
2026-01-22 21:00:00+01:00,108.27736444757717,120.17
2026-01-22 21:15:00+01:00,98.86362583709692,107.16
2026-01-22 21:30:00+01:00,95.86050318853164,102.05
2026-01-22 21:45:00+01:00,88.73553274362634,98.4
2026-01-22 22:00:00+01:00,100.61976728210374,103.27
2026-01-22 22:15:00+01:00,94.71176407015182,102.41
2026-01-22 22:30:00+01:00,96.28267306778625,108.98
2026-01-22 22:45:00+01:00,88.13123384509181,98.63
2026-01-22 23:00:00+01:00,94.57655989992747,102.76
2026-01-22 23:15:00+01:00,86.86656237958431,96.97
2026-01-22 23:30:00+01:00,82.04959578803145,99.04
2026-01-22 23:45:00+01:00,76.9189275324184,90.46
2026-01-23 00:00:00+01:00,97.34069193659737,99.35
2026-01-23 00:15:00+01:00,95.45253216875291,97.69
2026-01-23 00:30:00+01:00,91.49502989476558,97.0
2026-01-23 00:45:00+01:00,87.7989395301499,97.51
2026-01-23 01:00:00+01:00,94.26193537957161,99.78
2026-01-23 01:15:00+01:00,90.84683077430952,96.62
2026-01-23 01:30:00+01:00,90.15396660618657,97.04
2026-01-23 01:45:00+01:00,87.44878977793005,95.54
2026-01-23 02:00:00+01:00,90.14830674557597,99.41
2026-01-23 02:15:00+01:00,88.09003020300523,94.92
2026-01-23 02:30:00+01:00,86.17185382330811,95.03
2026-01-23 02:45:00+01:00,84.99519124412136,94.43
2026-01-23 03:00:00+01:00,86.21404741069088,95.35
2026-01-23 03:15:00+01:00,84.9256039004508,95.3
2026-01-23 03:30:00+01:00,82.7743855901597,94.78
2026-01-23 03:45:00+01:00,82.76603830309729,94.58
2026-01-23 04:00:00+01:00,82.38614564238182,95.52
2026-01-23 04:15:00+01:00,82.18662098990035,95.1
2026-01-23 04:30:00+01:00,83.04606994148803,95.83
2026-01-23 04:45:00+01:00,87.78104009748225,96.04
2026-01-23 05:00:00+01:00,84.25513521122211,96.13
2026-01-23 05:15:00+01:00,82.94012040434808,97.21
2026-01-23 05:30:00+01:00,89.54569715865392,97.55
2026-01-23 05:45:00+01:00,94.43313933006137,97.1
2026-01-23 06:00:00+01:00,88.40740283079336,97.66
2026-01-23 06:15:00+01:00,94.9868409999944,104.27
2026-01-23 06:30:00+01:00,100.313943013263,114.29
2026-01-23 06:45:00+01:00,109.01396341158791,116.57
2026-01-23 07:00:00+01:00,108.01973393894082,116.58
2026-01-23 07:15:00+01:00,115.223997127795,136.98
2026-01-23 07:30:00+01:00,123.40260093931127,135.31
2026-01-23 07:45:00+01:00,129.1969712219654,143.13
2026-01-23 08:00:00+01:00,138.89227019185802,154.59
2026-01-23 08:15:00+01:00,134.18425801153853,160.4
2026-01-23 08:30:00+01:00,121.04755506141555,153.76
2026-01-23 08:45:00+01:00,115.30507886794325,143.0
2026-01-23 09:00:00+01:00,129.3432551288781,162.67
2026-01-23 09:15:00+01:00,118.827862983266,149.84
2026-01-23 09:30:00+01:00,112.82415330770345,140.49
2026-01-23 09:45:00+01:00,99.32026838298637,116.95
2026-01-23 10:00:00+01:00,121.737743213596,132.71
2026-01-23 10:15:00+01:00,103.99687841993791,116.55
2026-01-23 10:30:00+01:00,100.1709581942962,110.13
2026-01-23 10:45:00+01:00,101.07280247999282,102.12
2026-01-23 11:00:00+01:00,101.85798620160347,103.21
2026-01-23 11:15:00+01:00,100.00546474214444,100.02
2026-01-23 11:30:00+01:00,98.46465920089932,99.41
2026-01-23 11:45:00+01:00,96.1593664540008,97.87
2026-01-23 12:00:00+01:00,96.90859762829771,96.83
2026-01-23 12:15:00+01:00,96.44140331250225,95.78
2026-01-23 12:30:00+01:00,96.84556020423467,96.28
2026-01-23 12:45:00+01:00,94.00138805229057,95.96
2026-01-23 13:00:00+01:00,93.26026219595144,95.92
2026-01-23 13:15:00+01:00,95.97859921003494,95.65
2026-01-23 13:30:00+01:00,94.11969989076366,95.55
2026-01-23 13:45:00+01:00,101.36236140637241,95.92
2026-01-23 14:00:00+01:00,93.4932388820278,95.95
2026-01-23 14:15:00+01:00,98.31790367160865,96.53
2026-01-23 14:30:00+01:00,108.6510044062584,96.7
2026-01-23 14:45:00+01:00,118.61354105197982,99.14
2026-01-23 15:00:00+01:00,107.8182756410821,97.87
2026-01-23 15:15:00+01:00,119.12242587614446,101.96
2026-01-23 15:30:00+01:00,128.29427563837376,112.46
2026-01-23 15:45:00+01:00,130.30641920736576,122.78
2026-01-23 16:00:00+01:00,119.95175105510035,111.25
2026-01-23 16:15:00+01:00,128.02129119028442,122.94
2026-01-23 16:30:00+01:00,127.9850338015269,128.14
2026-01-23 16:45:00+01:00,143.47968223140137,133.86
2026-01-23 17:00:00+01:00,130.65257010047927,132.17
2026-01-23 17:15:00+01:00,135.52308302292536,138.22
2026-01-23 17:30:00+01:00,139.58293565990297,137.53
2026-01-23 17:45:00+01:00,139.17158433901437,136.42
2026-01-23 18:00:00+01:00,137.1785558247287,132.0
2026-01-23 18:15:00+01:00,131.53574088210186,127.17
2026-01-23 18:30:00+01:00,133.42934687118287,124.78
2026-01-23 18:45:00+01:00,133.123995343151,129.98
2026-01-23 19:00:00+01:00,132.36509617695395,125.38
2026-01-23 19:15:00+01:00,129.00220905432752,117.77
2026-01-23 19:30:00+01:00,122.48832398440052,114.16
2026-01-23 19:45:00+01:00,113.92652604127436,109.9
2026-01-23 20:00:00+01:00,122.94024915409778,113.04
2026-01-23 20:15:00+01:00,110.79802038927389,107.9
2026-01-23 20:30:00+01:00,106.51832238108662,105.26
2026-01-23 20:45:00+01:00,102.45071556183876,102.69
2026-01-23 21:00:00+01:00,109.57990067077229,108.73
2026-01-23 21:15:00+01:00,103.70896279987959,105.79
2026-01-23 21:30:00+01:00,99.57077191872074,102.25
2026-01-23 21:45:00+01:00,91.58980831181192,99.07
2026-01-23 22:00:00+01:00,104.77358480183322,105.79
2026-01-23 22:15:00+01:00,98.3039428083631,102.19
2026-01-23 22:30:00+01:00,97.3811729330331,106.89
2026-01-23 22:45:00+01:00,87.8600556728489,104.29
2026-01-23 23:00:00+01:00,95.21322699433341,99.13
2026-01-23 23:15:00+01:00,86.8567107256073,96.23
2026-01-23 23:30:00+01:00,81.47355567212448,97.32
2026-01-23 23:45:00+01:00,80.38865119558115,95.3
2026-01-24 00:00:00+01:00,98.55426355460936,104.19
2026-01-24 00:15:00+01:00,96.61481885009039,101.41
2026-01-24 00:30:00+01:00,92.34941635367633,98.9
2026-01-24 00:45:00+01:00,89.84128009904738,94.7
2026-01-24 01:00:00+01:00,95.21338558949739,103.08
2026-01-24 01:15:00+01:00,92.59603395430759,98.64
2026-01-24 01:30:00+01:00,92.46668335086703,97.5
2026-01-24 01:45:00+01:00,90.64515847495274,96.92
2026-01-24 02:00:00+01:00,94.37651058502736,97.64
2026-01-24 02:15:00+01:00,91.83451539880822,98.3
2026-01-24 02:30:00+01:00,90.59931699821708,98.87
2026-01-24 02:45:00+01:00,89.1164925475059,98.45
2026-01-24 03:00:00+01:00,91.01958248756598,97.36
2026-01-24 03:15:00+01:00,89.84371987679768,98.16
2026-01-24 03:30:00+01:00,87.77432648412467,97.79
2026-01-24 03:45:00+01:00,87.33470660053621,97.99
2026-01-24 04:00:00+01:00,88.8738863560139,98.34
2026-01-24 04:15:00+01:00,87.33519010397538,96.86
2026-01-24 04:30:00+01:00,87.01181007298399,97.49
2026-01-24 04:45:00+01:00,89.42702579719224,97.5
2026-01-24 05:00:00+01:00,87.23614880925363,97.86
2026-01-24 05:15:00+01:00,86.42278701486929,99.36
2026-01-24 05:30:00+01:00,88.8847901781104,98.51
2026-01-24 05:45:00+01:00,91.17657623512284,99.91
2026-01-24 06:00:00+01:00,88.26517595748646,97.5
2026-01-24 06:15:00+01:00,87.4613630350457,100.93
2026-01-24 06:30:00+01:00,90.89836049903695,101.09
2026-01-24 06:45:00+01:00,93.82883286518124,102.07
2026-01-24 07:00:00+01:00,88.65647330897262,102.67
2026-01-24 07:15:00+01:00,92.7944434465749,103.19
2026-01-24 07:30:00+01:00,97.51412722570677,104.42
2026-01-24 07:45:00+01:00,104.75152303941078,105.96
2026-01-24 08:00:00+01:00,99.20300577124982,109.24
2026-01-24 08:15:00+01:00,106.82058007897608,109.7
2026-01-24 08:30:00+01:00,105.57217239253451,112.15
2026-01-24 08:45:00+01:00,105.14116468203252,112.9
2026-01-24 09:00:00+01:00,110.80995519411296,124.9
2026-01-24 09:15:00+01:00,103.85193014933353,126.23
2026-01-24 09:30:00+01:00,100.283219562771,121.17
2026-01-24 09:45:00+01:00,93.24493236781639,120.07
2026-01-24 10:00:00+01:00,104.87214234247818,135.3
2026-01-24 10:15:00+01:00,97.83374633637617,120.06
2026-01-24 10:30:00+01:00,94.84586071489525,115.22
2026-01-24 10:45:00+01:00,93.83597002658375,106.38
2026-01-24 11:00:00+01:00,92.09290629744086,114.77
2026-01-24 11:15:00+01:00,92.10399784473067,110.46
2026-01-24 11:30:00+01:00,90.76591176203176,109.7
2026-01-24 11:45:00+01:00,84.55739915193506,106.26
2026-01-24 12:00:00+01:00,88.52700286369819,108.21
2026-01-24 12:15:00+01:00,87.47866357574443,106.75
2026-01-24 12:30:00+01:00,86.25873579343995,106.3
2026-01-24 12:45:00+01:00,84.59004257580185,103.61
2026-01-24 13:00:00+01:00,85.80782580624039,103.0
2026-01-24 13:15:00+01:00,86.14703469514127,101.6
2026-01-24 13:30:00+01:00,86.06987188983673,101.59
2026-01-24 13:45:00+01:00,90.225638632472,101.3
2026-01-24 14:00:00+01:00,84.94055554193454,102.3
2026-01-24 14:15:00+01:00,91.46698648003479,103.25
2026-01-24 14:30:00+01:00,96.93203543940905,105.54
2026-01-24 14:45:00+01:00,104.30059035302573,109.39
2026-01-24 15:00:00+01:00,94.70662906370846,104.22
2026-01-24 15:15:00+01:00,104.43292862223622,112.02
2026-01-24 15:30:00+01:00,111.09796006686058,125.55
2026-01-24 15:45:00+01:00,117.0607591845652,131.12
2026-01-24 16:00:00+01:00,104.38137690271026,118.39
2026-01-24 16:15:00+01:00,112.05591865944484,126.95
2026-01-24 16:30:00+01:00,120.30542488477111,141.47
2026-01-24 16:45:00+01:00,128.74239666784362,140.81
2026-01-24 17:00:00+01:00,116.99477155704564,141.21
2026-01-24 17:15:00+01:00,123.62111937139599,147.9
2026-01-24 17:30:00+01:00,128.7502392246006,148.95
2026-01-24 17:45:00+01:00,131.57192204669602,148.83
2026-01-24 18:00:00+01:00,126.36513575863741,146.17
2026-01-24 18:15:00+01:00,129.07846832124028,146.25
2026-01-24 18:30:00+01:00,132.29087023844397,140.59
2026-01-24 18:45:00+01:00,132.36851106672316,133.98
2026-01-24 19:00:00+01:00,127.71053881609959,139.18
2026-01-24 19:15:00+01:00,132.15498648370877,134.99
2026-01-24 19:30:00+01:00,132.05573567928343,130.13
2026-01-24 19:45:00+01:00,124.78266300958687,123.43
2026-01-24 20:00:00+01:00,125.04800260255998,129.56
2026-01-24 20:15:00+01:00,116.70294500040767,122.23
2026-01-24 20:30:00+01:00,109.22885462917922,113.34
2026-01-24 20:45:00+01:00,104.87574862866062,109.56
2026-01-24 21:00:00+01:00,113.0559383456074,112.76
2026-01-24 21:15:00+01:00,109.67602379622194,112.15
2026-01-24 21:30:00+01:00,104.64389718451622,109.92
2026-01-24 21:45:00+01:00,96.45868476472397,107.32
2026-01-24 22:00:00+01:00,107.47860359789023,111.79
2026-01-24 22:15:00+01:00,103.09474946234447,108.3
2026-01-24 22:30:00+01:00,101.56628179176991,112.12
2026-01-24 22:45:00+01:00,91.76841607215317,109.03
2026-01-24 23:00:00+01:00,98.77879210435444,107.98
2026-01-24 23:15:00+01:00,93.78457235126916,104.22
2026-01-24 23:30:00+01:00,88.66648965848309,103.47
2026-01-24 23:45:00+01:00,96.43774037162837,100.93
2026-01-25 00:00:00+01:00,105.57651641568324,101.5
2026-01-25 00:15:00+01:00,103.0053282439446,102.31
2026-01-25 00:30:00+01:00,97.95824767341271,101.59
2026-01-25 00:45:00+01:00,95.67633029051127,100.37
2026-01-25 01:00:00+01:00,102.86578082477105,102.21
2026-01-25 01:15:00+01:00,98.88712092656958,101.59
2026-01-25 01:30:00+01:00,97.16859174720818,102.07
2026-01-25 01:45:00+01:00,95.77347588741623,101.16
2026-01-25 02:00:00+01:00,101.38389281000588,102.03
2026-01-25 02:15:00+01:00,97.31482887776518,100.97
2026-01-25 02:30:00+01:00,96.12979955229706,100.94
2026-01-25 02:45:00+01:00,94.94821754153574,101.32
2026-01-25 03:00:00+01:00,95.660213548195,102.02
2026-01-25 03:15:00+01:00,94.83606276775689,101.6
2026-01-25 03:30:00+01:00,92.66110992170448,102.71
2026-01-25 03:45:00+01:00,91.71036213185674,100.75
2026-01-25 04:00:00+01:00,93.14742280395804,101.19
2026-01-25 04:15:00+01:00,91.82254566852524,100.69
2026-01-25 04:30:00+01:00,92.01536491983322,100.88
2026-01-25 04:45:00+01:00,93.41624807832427,100.69
2026-01-25 05:00:00+01:00,92.83843638216754,98.99
2026-01-25 05:15:00+01:00,93.09167019544466,101.59
2026-01-25 05:30:00+01:00,91.47373912111175,100.84
2026-01-25 05:45:00+01:00,91.2370873624138,100.63
2026-01-25 06:00:00+01:00,92.3730191899696,99.29
2026-01-25 06:15:00+01:00,89.42530507814364,100.09
2026-01-25 06:30:00+01:00,92.11831029478803,100.3
2026-01-25 06:45:00+01:00,89.9447222651639,100.18
2026-01-25 07:00:00+01:00,87.75884067856654,100.05
2026-01-25 07:15:00+01:00,91.95232391460482,101.01
2026-01-25 07:30:00+01:00,98.98626664784612,103.43
2026-01-25 07:45:00+01:00,104.4992590715136,103.75
2026-01-25 08:00:00+01:00,101.10298200293806,101.59
2026-01-25 08:15:00+01:00,107.51656597615435,103.19
2026-01-25 08:30:00+01:00,105.92666490384384,104.98
2026-01-25 08:45:00+01:00,108.85465120088685,105.27
2026-01-25 09:00:00+01:00,109.25346635349041,109.07
2026-01-25 09:15:00+01:00,109.64985410630018,108.93
2026-01-25 09:30:00+01:00,108.08330499750915,109.75
2026-01-25 09:45:00+01:00,98.15448797256963,107.8
2026-01-25 10:00:00+01:00,108.44320895760332,112.77
2026-01-25 10:15:00+01:00,102.10360683741155,114.77
2026-01-25 10:30:00+01:00,98.68734566072173,112.3
2026-01-25 10:45:00+01:00,91.383907197959,112.93
2026-01-25 11:00:00+01:00,98.21590804778178,117.41
2026-01-25 11:15:00+01:00,96.07259609482696,116.57
2026-01-25 11:30:00+01:00,94.94616580398124,116.59
2026-01-25 11:45:00+01:00,93.13976909789749,113.5
2026-01-25 12:00:00+01:00,94.44825704856999,123.74
2026-01-25 12:15:00+01:00,94.11922235250432,119.86
2026-01-25 12:30:00+01:00,93.13899264984461,120.09
2026-01-25 12:45:00+01:00,92.42415187067594,116.43
2026-01-25 13:00:00+01:00,90.74882619665605,119.87
2026-01-25 13:15:00+01:00,89.16717027084525,116.8
2026-01-25 13:30:00+01:00,90.69001674365755,114.65
2026-01-25 13:45:00+01:00,90.35620669220545,113.11
2026-01-25 14:00:00+01:00,93.60031549478848,112.9
2026-01-25 14:15:00+01:00,93.67017555977733,112.9
2026-01-25 14:30:00+01:00,95.29757398306515,114.42
2026-01-25 14:45:00+01:00,95.02349343454979,117.04
2026-01-25 15:00:00+01:00,92.76152986979294,107.6
2026-01-25 15:15:00+01:00,97.55007065517694,109.3
2026-01-25 15:30:00+01:00,107.08778454122651,113.27
2026-01-25 15:45:00+01:00,110.89016663553068,116.84
2026-01-25 16:00:00+01:00,104.00354971641568,107.79
2026-01-25 16:15:00+01:00,109.83674508676057,111.73
2026-01-25 16:30:00+01:00,115.95597386035901,120.38
2026-01-25 16:45:00+01:00,122.51528421450429,127.7
2026-01-25 17:00:00+01:00,110.5463537330056,123.99
2026-01-25 17:15:00+01:00,126.2216538137364,132.91
2026-01-25 17:30:00+01:00,129.6475126435718,133.37
2026-01-25 17:45:00+01:00,143.9387623035684,134.58
2026-01-25 18:00:00+01:00,126.37157053754795,138.83
2026-01-25 18:15:00+01:00,130.78313861718217,139.33
2026-01-25 18:30:00+01:00,137.06275003649193,137.97
2026-01-25 18:45:00+01:00,140.74553085395448,133.37
2026-01-25 19:00:00+01:00,133.01021677069744,136.74
2026-01-25 19:15:00+01:00,137.09942121262367,133.13
2026-01-25 19:30:00+01:00,133.33169719621054,130.77
2026-01-25 19:45:00+01:00,124.7580437421997,129.66
2026-01-25 20:00:00+01:00,127.29831841432298,132.65
2026-01-25 20:15:00+01:00,113.70517971971195,129.26
2026-01-25 20:30:00+01:00,109.14450615631765,120.89
2026-01-25 20:45:00+01:00,104.14760224104472,113.27
2026-01-25 21:00:00+01:00,110.21472028348508,120.37
2026-01-25 21:15:00+01:00,106.24339746247315,116.53
2026-01-25 21:30:00+01:00,99.80833465967619,111.85
2026-01-25 21:45:00+01:00,96.15726121599182,107.34
2026-01-25 22:00:00+01:00,109.43882320573115,119.05
2026-01-25 22:15:00+01:00,101.97333134557275,112.79
2026-01-25 22:30:00+01:00,101.56816647186092,109.47
2026-01-25 22:45:00+01:00,95.07631051207538,106.46
2026-01-25 23:00:00+01:00,99.89451862977504,108.3
2026-01-25 23:15:00+01:00,95.72728488238667,104.76
2026-01-25 23:30:00+01:00,91.14849643222786,102.74
2026-01-25 23:45:00+01:00,95.8766627554931,102.16
2026-01-26 00:00:00+01:00,107.31221040587066,109.76
2026-01-26 00:15:00+01:00,106.0435068415388,105.42
2026-01-26 00:30:00+01:00,101.6761095446235,101.11
2026-01-26 00:45:00+01:00,101.88366823955035,99.41
2026-01-26 01:00:00+01:00,106.20719694141813,102.49
2026-01-26 01:15:00+01:00,103.97471569242775,101.24
2026-01-26 01:30:00+01:00,105.78737865812792,100.85
2026-01-26 01:45:00+01:00,104.07679697749919,99.87
2026-01-26 02:00:00+01:00,107.19742631700548,100.8
2026-01-26 02:15:00+01:00,105.745580353813,99.4
2026-01-26 02:30:00+01:00,106.64106540088447,96.92
2026-01-26 02:45:00+01:00,107.56847530040397,97.79
2026-01-26 03:00:00+01:00,104.85839021705894,95.44
2026-01-26 03:15:00+01:00,106.39892168304345,96.38
2026-01-26 03:30:00+01:00,107.87097718124801,95.55
2026-01-26 03:45:00+01:00,110.65934286023494,96.04
2026-01-26 04:00:00+01:00,107.55147730686875,94.69
2026-01-26 04:15:00+01:00,109.72491684165729,94.85
2026-01-26 04:30:00+01:00,107.8465224740746,95.29
2026-01-26 04:45:00+01:00,115.456478663426,95.3
2026-01-26 05:00:00+01:00,108.14705809354646,93.64
2026-01-26 05:15:00+01:00,113.59007177265667,94.2
2026-01-26 05:30:00+01:00,118.77265125413405,99.48
2026-01-26 05:45:00+01:00,131.20145019061044,101.45
2026-01-26 06:00:00+01:00,111.06319350399808,103.55
2026-01-26 06:15:00+01:00,127.87230706113681,110.03
2026-01-26 06:30:00+01:00,143.1622413565904,113.57
2026-01-26 06:45:00+01:00,160.3621147961661,129.96
2026-01-26 07:00:00+01:00,140.85512491345835,131.83
2026-01-26 07:15:00+01:00,173.22310424919925,145.83
2026-01-26 07:30:00+01:00,193.7532867447273,159.19
2026-01-26 07:45:00+01:00,211.96957309738247,175.94
2026-01-26 08:00:00+01:00,216.36350113484326,163.86
2026-01-26 08:15:00+01:00,210.0461992261728,177.32
2026-01-26 08:30:00+01:00,208.51320950856228,184.51
2026-01-26 08:45:00+01:00,203.89837712967704,174.84
2026-01-26 09:00:00+01:00,279.46735680576467,191.5
2026-01-26 09:15:00+01:00,217.91805994942564,184.5
2026-01-26 09:30:00+01:00,180.1371006625784,172.9
2026-01-26 09:45:00+01:00,223.14014549545263,162.97
2026-01-26 10:00:00+01:00,256.918772791724,186.82
2026-01-26 10:15:00+01:00,221.09211147644788,184.64
2026-01-26 10:30:00+01:00,220.21767732210515,177.18
2026-01-26 10:45:00+01:00,195.3113216222053,163.41
2026-01-26 11:00:00+01:00,219.6222625170549,177.78
2026-01-26 11:15:00+01:00,213.6928145151636,171.99
2026-01-26 11:30:00+01:00,208.15497090918853,167.9
2026-01-26 11:45:00+01:00,197.5756293302652,163.7
2026-01-26 12:00:00+01:00,199.2735795767275,168.65
2026-01-26 12:15:00+01:00,215.0200416061209,158.57
2026-01-26 12:30:00+01:00,190.3435482784888,151.0
2026-01-26 12:45:00+01:00,188.58362871092825,145.9
2026-01-26 13:00:00+01:00,220.83759634371555,158.13
2026-01-26 13:15:00+01:00,207.00635976136434,150.89
2026-01-26 13:30:00+01:00,199.1981767405515,147.57
2026-01-26 13:45:00+01:00,184.91213195510883,140.99
2026-01-26 14:00:00+01:00,188.68308432660675,141.83
2026-01-26 14:15:00+01:00,186.70719858306106,149.99
2026-01-26 14:30:00+01:00,186.28445689290407,147.6
2026-01-26 14:45:00+01:00,192.5184417450742,151.7
2026-01-26 15:00:00+01:00,187.65706154941654,152.67
2026-01-26 15:15:00+01:00,182.9280056397652,151.94
2026-01-26 15:30:00+01:00,194.4432921700537,163.7
2026-01-26 15:45:00+01:00,204.83858961322244,171.57
2026-01-26 16:00:00+01:00,186.67964455348533,151.97
2026-01-26 16:15:00+01:00,198.81195864537978,153.0
2026-01-26 16:30:00+01:00,221.1168108071359,170.0
2026-01-26 16:45:00+01:00,259.3820720951791,190.35
2026-01-26 17:00:00+01:00,195.95650915369373,152.12
2026-01-26 17:15:00+01:00,245.29455226944623,170.5
2026-01-26 17:30:00+01:00,288.77406915149726,192.14
2026-01-26 17:45:00+01:00,326.1806328116099,200.03
2026-01-26 18:00:00+01:00,253.46105969563206,187.36
2026-01-26 18:15:00+01:00,260.70844816350575,175.96
2026-01-26 18:30:00+01:00,256.6029376734224,178.59
2026-01-26 18:45:00+01:00,271.99445784696763,170.18
2026-01-26 19:00:00+01:00,285.72372814449557,182.77
2026-01-26 19:15:00+01:00,253.20673759271386,179.57
2026-01-26 19:30:00+01:00,257.907233038335,164.59
2026-01-26 19:45:00+01:00,221.31223714457116,152.96
2026-01-26 20:00:00+01:00,234.8715308079435,167.85
2026-01-26 20:15:00+01:00,207.3938733416189,153.27
2026-01-26 20:30:00+01:00,195.35947129713514,151.02
2026-01-26 20:45:00+01:00,174.92746554861935,144.52
2026-01-26 21:00:00+01:00,196.9065812987978,149.95
2026-01-26 21:15:00+01:00,188.7291455480121,141.05
2026-01-26 21:30:00+01:00,170.24387863827633,140.99
2026-01-26 21:45:00+01:00,153.92184671010722,116.46
2026-01-26 22:00:00+01:00,165.9257463747815,138.28
2026-01-26 22:15:00+01:00,159.12189220157393,124.03
2026-01-26 22:30:00+01:00,163.89199772839046,113.75
2026-01-26 22:45:00+01:00,152.46596282787527,109.94
2026-01-26 23:00:00+01:00,146.79785099993302,118.32
2026-01-26 23:15:00+01:00,149.3621351953152,115.87
2026-01-26 23:30:00+01:00,139.30352546822098,107.72
2026-01-26 23:45:00+01:00,159.37929009122053,104.83
2026-01-27 00:00:00+01:00,117.06652309572848,123.39
2026-01-27 00:15:00+01:00,111.8490897473271,119.09
2026-01-27 00:30:00+01:00,105.90809445130526,117.52
2026-01-27 00:45:00+01:00,101.70656409958916,115.07
2026-01-27 01:00:00+01:00,112.62621468014115,116.8
2026-01-27 01:15:00+01:00,106.5907296571827,114.88
2026-01-27 01:30:00+01:00,105.59589777762618,113.13
2026-01-27 01:45:00+01:00,102.40100651331386,110.0
2026-01-27 02:00:00+01:00,105.89218952551441,113.07
2026-01-27 02:15:00+01:00,102.10048821889616,112.25
2026-01-27 02:30:00+01:00,101.28785575931904,111.96
2026-01-27 02:45:00+01:00,100.41443144298282,111.35
2026-01-27 03:00:00+01:00,101.87386674791789,113.09
2026-01-27 03:15:00+01:00,101.39632659265284,110.98
2026-01-27 03:30:00+01:00,100.3553000806337,110.95
2026-01-27 03:45:00+01:00,99.15140791332657,110.93
2026-01-27 04:00:00+01:00,102.26086164219944,110.5
2026-01-27 04:15:00+01:00,101.8298644166625,110.59
2026-01-27 04:30:00+01:00,100.83947086865372,110.04
2026-01-27 04:45:00+01:00,106.58561876455866,111.05
2026-01-27 05:00:00+01:00,102.64928778655471,107.0
2026-01-27 05:15:00+01:00,102.50154398837225,109.98
2026-01-27 05:30:00+01:00,107.93007631381799,112.8
2026-01-27 05:45:00+01:00,115.09949157286546,116.82
2026-01-27 06:00:00+01:00,102.99043982326792,113.92
2026-01-27 06:15:00+01:00,119.72749234248809,122.68
2026-01-27 06:30:00+01:00,133.9338089685033,140.17
2026-01-27 06:45:00+01:00,158.84022072690473,157.67
2026-01-27 07:00:00+01:00,137.02733024756094,133.03
2026-01-27 07:15:00+01:00,160.88666443401868,152.98
2026-01-27 07:30:00+01:00,189.05490455341874,167.0
2026-01-27 07:45:00+01:00,185.71764657320304,186.49
2026-01-27 08:00:00+01:00,217.9182835840611,186.4
2026-01-27 08:15:00+01:00,207.45883354499253,185.95
2026-01-27 08:30:00+01:00,191.95201798946593,170.7
2026-01-27 08:45:00+01:00,175.21189800349921,163.49
2026-01-27 09:00:00+01:00,271.9996408483296,188.69
2026-01-27 09:15:00+01:00,174.9196200844032,173.11
2026-01-27 09:30:00+01:00,167.58113602586738,169.99
2026-01-27 09:45:00+01:00,154.56129284670135,152.99
2026-01-27 10:00:00+01:00,217.3842524629323,169.94
2026-01-27 10:15:00+01:00,166.078899840279,152.64
2026-01-27 10:30:00+01:00,156.50938400114308,138.16
2026-01-27 10:45:00+01:00,139.8874753797161,133.09
2026-01-27 11:00:00+01:00,155.87273207240995,141.89
2026-01-27 11:15:00+01:00,149.6229158798871,135.24
2026-01-27 11:30:00+01:00,143.78857753028367,133.01
2026-01-27 11:45:00+01:00,138.9717442614384,123.02
2026-01-27 12:00:00+01:00,145.6094591121468,131.25
2026-01-27 12:15:00+01:00,137.76202455807731,127.0
2026-01-27 12:30:00+01:00,138.25886727115176,119.79
2026-01-27 12:45:00+01:00,135.4584355614009,114.08
2026-01-27 13:00:00+01:00,139.99658591507645,114.95
2026-01-27 13:15:00+01:00,136.8746604082621,112.28
2026-01-27 13:30:00+01:00,133.5926874435649,110.03
2026-01-27 13:45:00+01:00,131.38871819045426,112.69
2026-01-27 14:00:00+01:00,133.80038506092234,124.87
2026-01-27 14:15:00+01:00,134.1570350944581,129.44
2026-01-27 14:30:00+01:00,137.3348751354739,133.77
2026-01-27 14:45:00+01:00,138.7971850520582,136.25
2026-01-27 15:00:00+01:00,132.37653543403422,131.72
2026-01-27 15:15:00+01:00,139.46748747178174,126.43
2026-01-27 15:30:00+01:00,141.55754988052036,124.64
2026-01-27 15:45:00+01:00,150.2876504120705,127.0
2026-01-27 16:00:00+01:00,141.93718947203075,136.98
2026-01-27 16:15:00+01:00,148.32329172880185,127.01
2026-01-27 16:30:00+01:00,156.2370490147098,129.03
2026-01-27 16:45:00+01:00,159.97755646974252,138.9
2026-01-27 17:00:00+01:00,148.0501582909937,137.49
2026-01-27 17:15:00+01:00,160.7498177430083,158.07
2026-01-27 17:30:00+01:00,161.16118065828852,170.01
2026-01-27 17:45:00+01:00,192.43518093094042,144.91
2026-01-27 18:00:00+01:00,178.05286850620567,133.6
2026-01-27 18:15:00+01:00,173.8089246253933,135.77
2026-01-27 18:30:00+01:00,158.5398129478167,143.64
2026-01-27 18:45:00+01:00,157.90464887960746,151.55
2026-01-27 19:00:00+01:00,165.35027043308287,149.81
2026-01-27 19:15:00+01:00,145.89265321708137,138.37
2026-01-27 19:30:00+01:00,140.18394418210067,136.34
2026-01-27 19:45:00+01:00,132.45786218327999,131.01
2026-01-27 20:00:00+01:00,139.27163520320374,134.38
2026-01-27 20:15:00+01:00,124.30898705358734,123.24
2026-01-27 20:30:00+01:00,119.05533841674563,115.88
2026-01-27 20:45:00+01:00,111.78692934293956,112.85
2026-01-27 21:00:00+01:00,126.19191004538185,117.99
2026-01-27 21:15:00+01:00,114.3036402487057,119.36
2026-01-27 21:30:00+01:00,100.12514090645949,123.01
2026-01-27 21:45:00+01:00,98.44416810107901,117.11
2026-01-27 22:00:00+01:00,114.0503274403412,122.79
2026-01-27 22:15:00+01:00,106.39968064368178,120.0
2026-01-27 22:30:00+01:00,100.03028411385299,122.29
2026-01-27 22:45:00+01:00,90.28045705292702,117.72
2026-01-27 23:00:00+01:00,102.62746763748979,119.11
2026-01-27 23:15:00+01:00,91.84836710622763,111.58
2026-01-27 23:30:00+01:00,89.42993271910181,110.03
2026-01-27 23:45:00+01:00,80.46673528413535,106.68
2026-01-28 00:00:00+01:00,109.83033283835098,111.06
2026-01-28 00:15:00+01:00,108.68403447147463,109.12
2026-01-28 00:30:00+01:00,103.36080185530184,101.32
2026-01-28 00:45:00+01:00,100.54918050519255,100.4
2026-01-28 01:00:00+01:00,107.67510487983324,109.29
2026-01-28 01:15:00+01:00,104.28012404160793,105.51
2026-01-28 01:30:00+01:00,102.64089256989124,102.66
2026-01-28 01:45:00+01:00,100.95846910564686,100.4
2026-01-28 02:00:00+01:00,103.9824015983259,106.72
2026-01-28 02:15:00+01:00,101.43088922744738,105.6
2026-01-28 02:30:00+01:00,100.09117919600443,102.91
2026-01-28 02:45:00+01:00,98.5742143232651,102.63
2026-01-28 03:00:00+01:00,99.59926705894323,102.34
2026-01-28 03:15:00+01:00,98.38794403548755,101.25
2026-01-28 03:30:00+01:00,96.6215246567375,102.38
2026-01-28 03:45:00+01:00,95.61676628513506,102.99
2026-01-28 04:00:00+01:00,96.79453676805959,103.23
2026-01-28 04:15:00+01:00,95.91892632715195,103.46
2026-01-28 04:30:00+01:00,97.61664776254261,104.91
2026-01-28 04:45:00+01:00,100.3292522593133,107.25
2026-01-28 05:00:00+01:00,98.93305923824002,104.59
2026-01-28 05:15:00+01:00,97.31232094957267,106.18
2026-01-28 05:30:00+01:00,101.9901974578325,109.92
2026-01-28 05:45:00+01:00,105.34942430801354,105.71
2026-01-28 06:00:00+01:00,104.15101133444327,105.44
2026-01-28 06:15:00+01:00,107.96426051400317,109.29
2026-01-28 06:30:00+01:00,112.2903011060215,117.32
2026-01-28 06:45:00+01:00,123.88894866471378,122.74
2026-01-28 07:00:00+01:00,119.43777306259702,132.01
2026-01-28 07:15:00+01:00,128.29894334365778,142.03
2026-01-28 07:30:00+01:00,137.331994216653,144.4
2026-01-28 07:45:00+01:00,145.0996400256691,155.95
2026-01-28 08:00:00+01:00,152.80789687138957,158.21
2026-01-28 08:15:00+01:00,152.8079232678,168.21
2026-01-28 08:30:00+01:00,149.18225712339563,174.19
2026-01-28 08:45:00+01:00,144.97558227217434,183.4
2026-01-28 09:00:00+01:00,181.372399647203,182.38
2026-01-28 09:15:00+01:00,156.270166280299,179.82
2026-01-28 09:30:00+01:00,144.07344504205474,167.78
2026-01-28 09:45:00+01:00,135.89487803387854,164.6
2026-01-28 10:00:00+01:00,157.2799223511534,188.34
2026-01-28 10:15:00+01:00,137.3653142210619,174.74
2026-01-28 10:30:00+01:00,128.92002607100363,169.37
2026-01-28 10:45:00+01:00,122.56553770150978,156.85
2026-01-28 11:00:00+01:00,123.994363095199,170.97
2026-01-28 11:15:00+01:00,123.71584117509111,164.35
2026-01-28 11:30:00+01:00,124.36107485670156,165.6
2026-01-28 11:45:00+01:00,119.26542172353768,164.04
2026-01-28 12:00:00+01:00,123.04240240719216,162.75
2026-01-28 12:15:00+01:00,120.39046212883335,158.34
2026-01-28 12:30:00+01:00,114.87248066894495,154.27
2026-01-28 12:45:00+01:00,113.03788681368351,152.99
2026-01-28 13:00:00+01:00,118.6652429019615,152.99
2026-01-28 13:15:00+01:00,112.42269838414383,155.44
2026-01-28 13:30:00+01:00,112.41327776151796,145.1
2026-01-28 13:45:00+01:00,112.85855206754951,138.12
2026-01-28 14:00:00+01:00,114.08320814650159,145.6
2026-01-28 14:15:00+01:00,117.14046025430382,142.02
2026-01-28 14:30:00+01:00,122.41334084362681,143.52
2026-01-28 14:45:00+01:00,125.1872464560456,149.0
2026-01-28 15:00:00+01:00,120.34944125377615,143.24
2026-01-28 15:15:00+01:00,128.54481720717956,136.33
2026-01-28 15:30:00+01:00,136.24281576436243,139.61
2026-01-28 15:45:00+01:00,141.34675712632483,145.37
2026-01-28 16:00:00+01:00,131.38098112136956,140.46
2026-01-28 16:15:00+01:00,139.7431892023302,143.15
2026-01-28 16:30:00+01:00,145.364547361302,148.1
2026-01-28 16:45:00+01:00,157.90644560659274,156.8
2026-01-28 17:00:00+01:00,145.60287245483346,150.01
2026-01-28 17:15:00+01:00,150.80787996361605,168.4
2026-01-28 17:30:00+01:00,151.20203592499576,168.49
2026-01-28 17:45:00+01:00,148.16474143499354,169.99
2026-01-28 18:00:00+01:00,153.9924341664394,173.56
2026-01-28 18:15:00+01:00,144.5206818049358,171.5
2026-01-28 18:30:00+01:00,138.9401732675725,168.4
2026-01-28 18:45:00+01:00,139.71176738481554,168.24
2026-01-28 19:00:00+01:00,148.23798632857915,169.73
2026-01-28 19:15:00+01:00,134.93185394064196,166.8
2026-01-28 19:30:00+01:00,126.22201327167897,161.2
2026-01-28 19:45:00+01:00,121.39357534243705,147.17
2026-01-28 20:00:00+01:00,128.47467530359765,145.15
2026-01-28 20:15:00+01:00,116.95751404799867,137.14
2026-01-28 20:30:00+01:00,111.45925133301866,133.9
2026-01-28 20:45:00+01:00,106.98814824105409,120.87
2026-01-28 21:00:00+01:00,134.91581031732701,132.0
2026-01-28 21:15:00+01:00,110.15411884036878,121.05
2026-01-28 21:30:00+01:00,103.62384062016298,113.08
2026-01-28 21:45:00+01:00,96.02341973275298,109.91
2026-01-28 22:00:00+01:00,110.92802474519739,123.43
2026-01-28 22:15:00+01:00,104.93743288167566,115.41
2026-01-28 22:30:00+01:00,105.48825665221217,117.84
2026-01-28 22:45:00+01:00,96.7672350504321,111.32
2026-01-28 23:00:00+01:00,102.56286278530814,119.23
2026-01-28 23:15:00+01:00,94.98517310767092,110.54
2026-01-28 23:30:00+01:00,88.6614302624968,110.05
2026-01-28 23:45:00+01:00,85.9830260209763,104.01
2026-01-29 00:00:00+01:00,109.1927117902492,107.89
2026-01-29 00:15:00+01:00,106.9855261811564,104.58
2026-01-29 00:30:00+01:00,102.93649254311592,103.82
2026-01-29 00:45:00+01:00,103.32395703814555,101.91
2026-01-29 01:00:00+01:00,106.49619803303719,105.8
2026-01-29 01:15:00+01:00,104.46256509041372,104.03
2026-01-29 01:30:00+01:00,104.64211835717217,103.74
2026-01-29 01:45:00+01:00,103.5129200732437,102.43
2026-01-29 02:00:00+01:00,103.39474644522247,103.01
2026-01-29 02:15:00+01:00,102.26954392390138,102.6
2026-01-29 02:30:00+01:00,102.14264582258096,101.68
2026-01-29 02:45:00+01:00,101.7666695821993,100.23
2026-01-29 03:00:00+01:00,99.95851828289341,100.03
2026-01-29 03:15:00+01:00,99.91544435911646,100.0
2026-01-29 03:30:00+01:00,98.46769004044552,99.98
2026-01-29 03:45:00+01:00,97.98493742133611,100.08
2026-01-29 04:00:00+01:00,98.25522370339135,99.48
2026-01-29 04:15:00+01:00,98.20853850149389,100.29
2026-01-29 04:30:00+01:00,99.3241078395057,100.53
2026-01-29 04:45:00+01:00,102.36028168004908,103.43
2026-01-29 05:00:00+01:00,98.98612943321577,101.36
2026-01-29 05:15:00+01:00,99.10915836976378,102.82
2026-01-29 05:30:00+01:00,102.75059767653387,107.52
2026-01-29 05:45:00+01:00,106.73212208484519,106.85
2026-01-29 06:00:00+01:00,106.70156249637348,103.85
2026-01-29 06:15:00+01:00,113.7408623529722,108.74
2026-01-29 06:30:00+01:00,115.35553923841404,118.35
2026-01-29 06:45:00+01:00,130.0123208946685,133.54
2026-01-29 07:00:00+01:00,126.26243758816207,126.9
2026-01-29 07:15:00+01:00,138.7752592375814,145.84
2026-01-29 07:30:00+01:00,150.51838252153664,161.36
2026-01-29 07:45:00+01:00,160.18653629970618,164.28
2026-01-29 08:00:00+01:00,171.24886931594102,163.58
2026-01-29 08:15:00+01:00,167.0048997073504,165.62
2026-01-29 08:30:00+01:00,165.19048904724954,167.25
2026-01-29 08:45:00+01:00,150.69392089977936,166.28
2026-01-29 09:00:00+01:00,170.810531289778,173.07
2026-01-29 09:15:00+01:00,163.19937354555867,166.21
2026-01-29 09:30:00+01:00,152.25664263216072,168.33
2026-01-29 09:45:00+01:00,156.99739766761456,164.53
2026-01-29 10:00:00+01:00,169.8416081485531,168.34
2026-01-29 10:15:00+01:00,167.25113564019472,163.72
2026-01-29 10:30:00+01:00,156.65118503720055,158.04
2026-01-29 10:45:00+01:00,149.78900352494796,152.6
2026-01-29 11:00:00+01:00,156.83371899853256,159.49
2026-01-29 11:15:00+01:00,153.5347906308481,154.32
2026-01-29 11:30:00+01:00,152.29453575965158,151.17
2026-01-29 11:45:00+01:00,147.82156008975653,146.19
2026-01-29 12:00:00+01:00,149.09587541575348,147.59
2026-01-29 12:15:00+01:00,148.74487322108234,143.91
2026-01-29 12:30:00+01:00,149.02615015990676,141.57
2026-01-29 12:45:00+01:00,130.37486804606039,139.07
2026-01-29 13:00:00+01:00,151.02252793028066,148.88
2026-01-29 13:15:00+01:00,130.59576662394983,141.24
2026-01-29 13:30:00+01:00,129.82759749769292,140.29
2026-01-29 13:45:00+01:00,125.0995293753366,140.85
2026-01-29 14:00:00+01:00,131.25481056532004,140.77
2026-01-29 14:15:00+01:00,132.98820712939522,141.38
2026-01-29 14:30:00+01:00,134.02634054562478,143.86
2026-01-29 14:45:00+01:00,136.67844291046669,145.96
2026-01-29 15:00:00+01:00,131.714190876344,143.31
2026-01-29 15:15:00+01:00,138.47987130596633,145.35
2026-01-29 15:30:00+01:00,147.81246847899183,148.25
2026-01-29 15:45:00+01:00,154.9656935522714,153.54
2026-01-29 16:00:00+01:00,140.37911812890994,145.47
2026-01-29 16:15:00+01:00,150.51235088318626,151.21
2026-01-29 16:30:00+01:00,158.15903819533855,153.07
2026-01-29 16:45:00+01:00,170.04412892303645,162.66
2026-01-29 17:00:00+01:00,155.0164636148668,155.66
2026-01-29 17:15:00+01:00,160.69112808642672,159.21
2026-01-29 17:30:00+01:00,167.7376497679593,161.82
2026-01-29 17:45:00+01:00,161.47339039975571,161.22
2026-01-29 18:00:00+01:00,162.51887703771004,158.94
2026-01-29 18:15:00+01:00,157.13673261868442,157.74
2026-01-29 18:30:00+01:00,151.65397499291385,155.81
2026-01-29 18:45:00+01:00,151.21675848402808,156.47
2026-01-29 19:00:00+01:00,159.66931686488718,152.24
2026-01-29 19:15:00+01:00,148.2832969948184,154.7
2026-01-29 19:30:00+01:00,140.30784396845917,152.99
2026-01-29 19:45:00+01:00,126.32146776125978,140.22
2026-01-29 20:00:00+01:00,137.8501318682795,144.57
2026-01-29 20:15:00+01:00,122.65248683446477,129.66
2026-01-29 20:30:00+01:00,115.38400297837937,120.03
2026-01-29 20:45:00+01:00,110.46767001974828,111.97
2026-01-29 21:00:00+01:00,123.92519205168672,121.98
2026-01-29 21:15:00+01:00,112.79783399281514,115.19
2026-01-29 21:30:00+01:00,105.71808412900927,109.65
2026-01-29 21:45:00+01:00,97.67890881628385,107.46
2026-01-29 22:00:00+01:00,114.89384502664619,113.21
2026-01-29 22:15:00+01:00,105.5989934400838,109.51
2026-01-29 22:30:00+01:00,103.3093780888608,109.06
2026-01-29 22:45:00+01:00,95.67485337635019,105.48
2026-01-29 23:00:00+01:00,104.02543510665515,110.93
2026-01-29 23:15:00+01:00,95.19904486896341,101.4
2026-01-29 23:30:00+01:00,90.65129435091077,103.12
2026-01-29 23:45:00+01:00,88.87972863705379,96.46
2026-01-30 00:00:00+01:00,103.69395105921426,125.08
2026-01-30 00:15:00+01:00,101.0222904583045,114.0
2026-01-30 00:30:00+01:00,96.53257985312385,104.21
2026-01-30 00:45:00+01:00,94.48606383867077,100.97
2026-01-30 01:00:00+01:00,100.01007779997019,106.22
2026-01-30 01:15:00+01:00,96.80413284821984,104.65
2026-01-30 01:30:00+01:00,95.81991093331027,102.47
2026-01-30 01:45:00+01:00,94.51841604729795,99.91
2026-01-30 02:00:00+01:00,96.34433687585046,104.26
2026-01-30 02:15:00+01:00,94.30577238792023,101.87
2026-01-30 02:30:00+01:00,93.2868054420229,99.12
2026-01-30 02:45:00+01:00,92.0799183369294,98.16
2026-01-30 03:00:00+01:00,92.9621007080905,99.22
2026-01-30 03:15:00+01:00,91.93393987002263,96.9
2026-01-30 03:30:00+01:00,90.26522581413178,96.71
2026-01-30 03:45:00+01:00,88.9881417102318,96.72
2026-01-30 04:00:00+01:00,90.49145379547605,97.32
2026-01-30 04:15:00+01:00,90.23271811088517,95.66
2026-01-30 04:30:00+01:00,90.26907114247348,96.82
2026-01-30 04:45:00+01:00,91.72302285198873,99.4
2026-01-30 05:00:00+01:00,90.76743304821986,94.3
2026-01-30 05:15:00+01:00,89.612573728955,93.4
2026-01-30 05:30:00+01:00,93.56435532956681,93.74
2026-01-30 05:45:00+01:00,95.39749638009563,103.67
2026-01-30 06:00:00+01:00,95.0657267692405,99.41
2026-01-30 06:15:00+01:00,102.54220853922195,108.44
2026-01-30 06:30:00+01:00,104.53253448669635,116.71
2026-01-30 06:45:00+01:00,116.30147283992622,119.94
2026-01-30 07:00:00+01:00,116.08333847526957,118.64
2026-01-30 07:15:00+01:00,124.38719765709031,132.46
2026-01-30 07:30:00+01:00,133.90164511324457,134.32
2026-01-30 07:45:00+01:00,140.36260789352517,141.69
2026-01-30 08:00:00+01:00,149.7425441853663,141.86
2026-01-30 08:15:00+01:00,149.66044951567903,150.01
2026-01-30 08:30:00+01:00,142.29017528355502,145.36
2026-01-30 08:45:00+01:00,131.15609793684294,137.79
2026-01-30 09:00:00+01:00,152.24983627329857,152.99
2026-01-30 09:15:00+01:00,142.97958465614815,149.05
2026-01-30 09:30:00+01:00,130.23568957582162,145.48
2026-01-30 09:45:00+01:00,123.51898443613347,140.62
2026-01-30 10:00:00+01:00,141.93233179558013,145.01
2026-01-30 10:15:00+01:00,128.56723181860042,136.36
2026-01-30 10:30:00+01:00,127.63272607233128,127.0
2026-01-30 10:45:00+01:00,115.45971785050257,122.15
2026-01-30 11:00:00+01:00,124.02804684554714,134.07
2026-01-30 11:15:00+01:00,116.62327602928853,125.28
2026-01-30 11:30:00+01:00,115.48914591270021,126.13
2026-01-30 11:45:00+01:00,111.11885809602498,118.92
2026-01-30 12:00:00+01:00,112.35805201717841,127.01
2026-01-30 12:15:00+01:00,114.53334589579678,117.8
2026-01-30 12:30:00+01:00,113.67268102583618,115.32
2026-01-30 12:45:00+01:00,114.03754172669412,112.69
2026-01-30 13:00:00+01:00,112.04071299715535,114.11
2026-01-30 13:15:00+01:00,111.4828329723107,111.01
2026-01-30 13:30:00+01:00,109.61922395689916,108.24
2026-01-30 13:45:00+01:00,109.19400900713694,108.2
2026-01-30 14:00:00+01:00,111.59198885970133,109.94
2026-01-30 14:15:00+01:00,113.65774325348394,109.38
2026-01-30 14:30:00+01:00,116.79064058340929,111.07
2026-01-30 14:45:00+01:00,121.51935732236036,110.88
2026-01-30 15:00:00+01:00,114.27455734190657,108.03
2026-01-30 15:15:00+01:00,121.78901704339702,109.3
2026-01-30 15:30:00+01:00,129.8643671168042,111.23
2026-01-30 15:45:00+01:00,135.12119075543526,116.22
2026-01-30 16:00:00+01:00,123.43474742900139,110.35
2026-01-30 16:15:00+01:00,131.19891758907,113.16
2026-01-30 16:30:00+01:00,136.8495265426168,117.21
2026-01-30 16:45:00+01:00,144.68874599677562,119.03
2026-01-30 17:00:00+01:00,135.4854371980266,118.64
2026-01-30 17:15:00+01:00,140.2132686018334,124.0
2026-01-30 17:30:00+01:00,142.73556335916828,129.6
2026-01-30 17:45:00+01:00,147.49099505322914,127.0
2026-01-30 18:00:00+01:00,140.4531957749196,129.43
2026-01-30 18:15:00+01:00,137.32845167329864,122.56
2026-01-30 18:30:00+01:00,133.6347286745594,123.56
2026-01-30 18:45:00+01:00,133.84673425921997,116.0
2026-01-30 19:00:00+01:00,136.66977840755683,117.3
2026-01-30 19:15:00+01:00,127.6176839442331,112.05
2026-01-30 19:30:00+01:00,121.75768585400769,112.5
2026-01-30 19:45:00+01:00,112.6506462104911,110.5
2026-01-30 20:00:00+01:00,120.90618498557149,113.76
2026-01-30 20:15:00+01:00,108.94346259143097,108.66
2026-01-30 20:30:00+01:00,103.88584203535586,106.27
2026-01-30 20:45:00+01:00,97.58247625188959,105.7
2026-01-30 21:00:00+01:00,110.50454341128665,107.77
2026-01-30 21:15:00+01:00,101.18876653470663,104.99
2026-01-30 21:30:00+01:00,94.4927531496633,98.56
2026-01-30 21:45:00+01:00,89.58012927733091,95.41
2026-01-30 22:00:00+01:00,104.62518222543105,105.32
2026-01-30 22:15:00+01:00,102.45928145858338,101.15
2026-01-30 22:30:00+01:00,95.86037216110314,100.68
2026-01-30 22:45:00+01:00,89.53646611825495,97.21
2026-01-30 23:00:00+01:00,98.45792491645875,95.78
2026-01-30 23:15:00+01:00,89.45082073221153,92.77
2026-01-30 23:30:00+01:00,84.68459335059856,92.67
2026-01-30 23:45:00+01:00,81.19538743540541,89.56
2026-01-31 00:00:00+01:00,95.18067357255444,108.65
2026-01-31 00:15:00+01:00,92.54686186577143,96.71
2026-01-31 00:30:00+01:00,88.96413361316827,92.11
2026-01-31 00:45:00+01:00,86.34367820764984,90.34
2026-01-31 01:00:00+01:00,91.106118532019,99.41
2026-01-31 01:15:00+01:00,88.33974045403991,95.75
2026-01-31 01:30:00+01:00,88.0886074396802,98.84
2026-01-31 01:45:00+01:00,86.61747673693776,95.51
2026-01-31 02:00:00+01:00,88.59449372473725,92.72
2026-01-31 02:15:00+01:00,87.59569410240896,89.96
2026-01-31 02:30:00+01:00,85.84017834619183,98.78
2026-01-31 02:45:00+01:00,84.81138829554996,96.57
2026-01-31 03:00:00+01:00,86.15348855123318,93.95
2026-01-31 03:15:00+01:00,84.99180944582784,94.15
2026-01-31 03:30:00+01:00,83.86884723904257,93.84
2026-01-31 03:45:00+01:00,82.66449027154685,94.38
2026-01-31 04:00:00+01:00,83.07837589146264,92.88
2026-01-31 04:15:00+01:00,83.66943236869425,93.35
2026-01-31 04:30:00+01:00,83.47065488458585,93.43
2026-01-31 04:45:00+01:00,84.36583147305909,93.64
2026-01-31 05:00:00+01:00,83.37137483036162,93.62
2026-01-31 05:15:00+01:00,82.9303804711644,93.99
2026-01-31 05:30:00+01:00,85.11847215168342,94.03
2026-01-31 05:45:00+01:00,86.6855160409629,94.59
2026-01-31 06:00:00+01:00,84.7310210854538,92.15
2026-01-31 06:15:00+01:00,83.60278741458693,92.8
2026-01-31 06:30:00+01:00,84.07339470752235,94.62
2026-01-31 06:45:00+01:00,83.42089167999879,94.23
2026-01-31 07:00:00+01:00,83.39004520558694,93.44
2026-01-31 07:15:00+01:00,84.27795604481906,94.64
2026-01-31 07:30:00+01:00,89.18692334638553,91.61
2026-01-31 07:45:00+01:00,93.99359373404096,91.92
2026-01-31 08:00:00+01:00,91.2035035706086,100.96
2026-01-31 08:15:00+01:00,96.81728998878953,103.67
2026-01-31 08:30:00+01:00,100.44994098536999,105.25
2026-01-31 08:45:00+01:00,102.40938066636632,105.94
2026-01-31 09:00:00+01:00,107.14773915224504,106.97
2026-01-31 09:15:00+01:00,106.21933111755665,107.86
2026-01-31 09:30:00+01:00,103.81071823090022,111.35
2026-01-31 09:45:00+01:00,94.88748669002283,110.07
2026-01-31 10:00:00+01:00,106.53241012976382,119.86
2026-01-31 10:15:00+01:00,102.7229896075714,114.87
2026-01-31 10:30:00+01:00,100.5702900975303,113.84
2026-01-31 10:45:00+01:00,97.80712811710828,108.29
2026-01-31 11:00:00+01:00,98.28703464301653,118.79
2026-01-31 11:15:00+01:00,96.99006943877109,112.62
2026-01-31 11:30:00+01:00,95.52520462535206,113.18
2026-01-31 11:45:00+01:00,93.51676347900846,109.29
2026-01-31 12:00:00+01:00,94.51797426003536,115.42
2026-01-31 12:15:00+01:00,94.04776013379657,109.42
2026-01-31 12:30:00+01:00,94.08997317626903,110.94
2026-01-31 12:45:00+01:00,92.42350847458673,109.33
2026-01-31 13:00:00+01:00,92.32185425111084,109.49
2026-01-31 13:15:00+01:00,90.64366566796929,107.55
2026-01-31 13:30:00+01:00,91.36980847585184,106.65
2026-01-31 13:45:00+01:00,92.96032149623993,105.87
2026-01-31 14:00:00+01:00,91.73993875795021,109.06
2026-01-31 14:15:00+01:00,94.70804018976982,108.51
2026-01-31 14:30:00+01:00,98.6337432708238,111.76
2026-01-31 14:45:00+01:00,103.47803563873212,111.89
2026-01-31 15:00:00+01:00,99.03461668914022,107.59
2026-01-31 15:15:00+01:00,103.266829812927,112.09
2026-01-31 15:30:00+01:00,112.9984213246496,114.45
2026-01-31 15:45:00+01:00,114.59717308815814,118.54
2026-01-31 16:00:00+01:00,103.6027378438268,105.07
2026-01-31 16:15:00+01:00,110.86875546865515,119.27
2026-01-31 16:30:00+01:00,118.39412236515912,123.72
2026-01-31 16:45:00+01:00,122.65514402606051,129.37
2026-01-31 17:00:00+01:00,115.67597711799324,129.5
2026-01-31 17:15:00+01:00,123.50247532661717,130.38
2026-01-31 17:30:00+01:00,125.14722236459303,137.53
2026-01-31 17:45:00+01:00,126.91697445470825,141.01
2026-01-31 18:00:00+01:00,127.27206424809,139.72
2026-01-31 18:15:00+01:00,126.61781704500413,140.08
2026-01-31 18:30:00+01:00,119.88029896127196,138.66
2026-01-31 18:45:00+01:00,119.61185182635886,133.69
2026-01-31 19:00:00+01:00,120.23198433014305,142.09
2026-01-31 19:15:00+01:00,121.43463103293621,134.72
2026-01-31 19:30:00+01:00,122.84214404393704,130.94
2026-01-31 19:45:00+01:00,118.19106237254934,128.05
2026-01-31 20:00:00+01:00,116.88711739852438,134.12
2026-01-31 20:15:00+01:00,109.64924023371432,129.05
2026-01-31 20:30:00+01:00,107.96111749775383,125.07
2026-01-31 20:45:00+01:00,103.1833917703308,114.34
2026-01-31 21:00:00+01:00,107.23950278759357,121.58
2026-01-31 21:15:00+01:00,102.45830141496594,115.79
2026-01-31 21:30:00+01:00,98.36392142567472,112.82
2026-01-31 21:45:00+01:00,95.75119390374265,106.64
2026-01-31 22:00:00+01:00,106.76034890234584,120.41
2026-01-31 22:15:00+01:00,103.11025660965987,113.65
2026-01-31 22:30:00+01:00,98.72271179235372,115.7
2026-01-31 22:45:00+01:00,95.68705553335339,106.82
2026-01-31 23:00:00+01:00,98.430265588174,109.8
2026-01-31 23:15:00+01:00,92.29922551022949,108.99
2026-01-31 23:30:00+01:00,93.27923139547663,104.28
2026-01-31 23:45:00+01:00,91.46384725405348,100.53
2026-02-01 00:00:00+01:00,110.5384239213277,100.0
2026-02-01 00:15:00+01:00,103.00411081697125,95.14
2026-02-01 00:30:00+01:00,100.94716503371306,95.01
2026-02-01 00:45:00+01:00,96.70736619480712,94.21
2026-02-01 01:00:00+01:00,104.27226270023614,94.63
2026-02-01 01:15:00+01:00,100.01318884638137,94.32
2026-02-01 01:30:00+01:00,98.58935309193848,94.15
2026-02-01 01:45:00+01:00,96.55271467592878,92.93
2026-02-01 02:00:00+01:00,99.32855889122322,98.36
2026-02-01 02:15:00+01:00,97.14694766432038,98.69
2026-02-01 02:30:00+01:00,95.20763905310608,99.09
2026-02-01 02:45:00+01:00,94.04122149091297,97.47
2026-02-01 03:00:00+01:00,95.67659580507619,93.39
2026-02-01 03:15:00+01:00,94.20058918939928,96.77
2026-02-01 03:30:00+01:00,91.77350387003888,95.33
2026-02-01 03:45:00+01:00,90.92632841662159,98.74
2026-02-01 04:00:00+01:00,92.02607241421465,98.85
2026-02-01 04:15:00+01:00,90.83528326974451,98.69
2026-02-01 04:30:00+01:00,89.42720901952381,98.0
2026-02-01 04:45:00+01:00,90.86491784011987,97.71
2026-02-01 05:00:00+01:00,91.80176969946015,97.71
2026-02-01 05:15:00+01:00,89.02329123293163,95.41
2026-02-01 05:30:00+01:00,89.71965208894571,99.89
2026-02-01 05:45:00+01:00,89.10981949212784,99.88
2026-02-01 06:00:00+01:00,90.81912078720309,94.47
2026-02-01 06:15:00+01:00,88.97926900712352,96.68
2026-02-01 06:30:00+01:00,86.5985050305995,95.46
2026-02-01 06:45:00+01:00,84.37640805862712,97.45
2026-02-01 07:00:00+01:00,87.774148014043,96.84
2026-02-01 07:15:00+01:00,89.03434458518765,96.56
2026-02-01 07:30:00+01:00,94.46740556091801,101.34
2026-02-01 07:45:00+01:00,99.51338068468898,103.26
2026-02-01 08:00:00+01:00,95.26421590752211,102.95
2026-02-01 08:15:00+01:00,100.50255490297386,104.77
2026-02-01 08:30:00+01:00,103.57865323526532,107.23
2026-02-01 08:45:00+01:00,108.40662987529832,106.07
2026-02-01 09:00:00+01:00,104.61240659426873,110.16
2026-02-01 09:15:00+01:00,111.49169481679525,109.3
2026-02-01 09:30:00+01:00,108.48887504857642,108.57
2026-02-01 09:45:00+01:00,103.74521199054361,108.91
2026-02-01 10:00:00+01:00,113.2343477216806,114.07
2026-02-01 10:15:00+01:00,108.40077194253746,109.72
2026-02-01 10:30:00+01:00,104.80345949720835,108.95
2026-02-01 10:45:00+01:00,100.12394839497989,106.64
2026-02-01 11:00:00+01:00,103.21358483711514,108.66
2026-02-01 11:15:00+01:00,100.53685438981522,108.12
2026-02-01 11:30:00+01:00,99.19963376337931,108.1
2026-02-01 11:45:00+01:00,96.63248553810789,107.75
2026-02-01 12:00:00+01:00,101.04166570060069,110.16
2026-02-01 12:15:00+01:00,98.55079317870073,106.27
2026-02-01 12:30:00+01:00,97.1741146793935,107.56
2026-02-01 12:45:00+01:00,95.2887335542113,104.51
2026-02-01 13:00:00+01:00,98.05547818535727,102.81
2026-02-01 13:15:00+01:00,94.40718924237373,99.93
2026-02-01 13:30:00+01:00,94.43374488095978,99.41
2026-02-01 13:45:00+01:00,94.5687580978877,99.4
2026-02-01 14:00:00+01:00,96.28590007443664,100.05
2026-02-01 14:15:00+01:00,97.93246759942953,101.03
2026-02-01 14:30:00+01:00,98.22592231658054,103.42
2026-02-01 14:45:00+01:00,101.0855559916894,104.44
2026-02-01 15:00:00+01:00,98.0408497992208,103.26
2026-02-01 15:15:00+01:00,100.85037442920795,107.36
2026-02-01 15:30:00+01:00,106.85514684612386,111.5
2026-02-01 15:45:00+01:00,100.5960281493989,113.71
2026-02-01 16:00:00+01:00,104.82260088413135,106.35
2026-02-01 16:15:00+01:00,108.40617412487141,112.32
2026-02-01 16:30:00+01:00,111.5735548386187,115.0
2026-02-01 16:45:00+01:00,113.41434238256993,125.0
2026-02-01 17:00:00+01:00,108.47765097078343,123.73
2026-02-01 17:15:00+01:00,115.47762198994018,126.23
2026-02-01 17:30:00+01:00,119.02181899820222,132.01
2026-02-01 17:45:00+01:00,119.22657414496337,135.98
2026-02-01 18:00:00+01:00,120.54565281219335,133.24
2026-02-01 18:15:00+01:00,117.98903694491118,133.81
2026-02-01 18:30:00+01:00,114.403935604388,141.96
2026-02-01 18:45:00+01:00,111.49229800193874,138.36
2026-02-01 19:00:00+01:00,114.14038912409828,141.0
2026-02-01 19:15:00+01:00,112.39989446458102,136.22
2026-02-01 19:30:00+01:00,108.70694004287519,137.51
2026-02-01 19:45:00+01:00,105.5062354195105,134.83
2026-02-01 20:00:00+01:00,107.29502282055132,131.0
2026-02-01 20:15:00+01:00,99.88409719500055,132.0
2026-02-01 20:30:00+01:00,94.76524464414943,123.74
2026-02-01 20:45:00+01:00,91.37073210571653,115.63
2026-02-01 21:00:00+01:00,96.8348658894035,122.15
2026-02-01 21:15:00+01:00,91.96264487874699,118.56
2026-02-01 21:30:00+01:00,88.0584334271795,111.96
2026-02-01 21:45:00+01:00,84.69865621904646,102.76
2026-02-01 22:00:00+01:00,97.97507751672973,117.52
2026-02-01 22:15:00+01:00,89.75685477544614,113.49
2026-02-01 22:30:00+01:00,89.24701479185826,115.49
2026-02-01 22:45:00+01:00,86.06383799385922,109.04
2026-02-01 23:00:00+01:00,90.93082697593887,113.88
2026-02-01 23:15:00+01:00,83.97739629763716,106.17
2026-02-01 23:30:00+01:00,81.65871462759894,106.44
2026-02-01 23:45:00+01:00,80.47806171112558,99.72
2026-02-02 00:00:00+01:00,103.03699322595544,100.41
2026-02-02 00:15:00+01:00,102.12625669934776,101.91
2026-02-02 00:30:00+01:00,102.76550549304427,100.04
2026-02-02 00:45:00+01:00,95.62327473857995,96.01
2026-02-02 01:00:00+01:00,101.52373695385182,99.41
2026-02-02 01:15:00+01:00,98.38977669839029,95.0
2026-02-02 01:30:00+01:00,98.37612463102641,99.62
2026-02-02 01:45:00+01:00,95.63287756819454,97.94
2026-02-02 02:00:00+01:00,98.57727725420874,96.59
2026-02-02 02:15:00+01:00,96.21626328568017,95.2
2026-02-02 02:30:00+01:00,94.14287970756362,94.28
2026-02-02 02:45:00+01:00,92.72972226353896,94.3
2026-02-02 03:00:00+01:00,94.00955931710926,93.01
2026-02-02 03:15:00+01:00,92.8199631078149,90.52
2026-02-02 03:30:00+01:00,90.51057390073795,90.41
2026-02-02 03:45:00+01:00,90.62403097064242,90.06
2026-02-02 04:00:00+01:00,91.10986171138676,91.0
2026-02-02 04:15:00+01:00,89.90472138346657,91.63
2026-02-02 04:30:00+01:00,89.33748626150326,92.05
2026-02-02 04:45:00+01:00,90.89254568370512,92.25
2026-02-02 05:00:00+01:00,90.4923820030557,94.65
2026-02-02 05:15:00+01:00,90.10019131684325,90.57
2026-02-02 05:30:00+01:00,96.13571860530794,95.85
2026-02-02 05:45:00+01:00,99.32353369042681,97.82
2026-02-02 06:00:00+01:00,93.35772564049799,89.78
2026-02-02 06:15:00+01:00,100.63784820735387,103.31
2026-02-02 06:30:00+01:00,107.13518794413176,112.82
2026-02-02 06:45:00+01:00,113.94542481855487,120.39
2026-02-02 07:00:00+01:00,109.94869010017888,112.97
2026-02-02 07:15:00+01:00,117.81575422634934,117.19
2026-02-02 07:30:00+01:00,126.08960527728104,131.19
2026-02-02 07:45:00+01:00,132.24474703650782,130.19
2026-02-02 08:00:00+01:00,141.1721117043377,132.06
2026-02-02 08:15:00+01:00,141.26656052567992,139.01
2026-02-02 08:30:00+01:00,137.45845127356804,139.83
2026-02-02 08:45:00+01:00,129.519636281072,136.57
2026-02-02 09:00:00+01:00,153.69872978035085,154.13
2026-02-02 09:15:00+01:00,141.62957405630732,142.7
2026-02-02 09:30:00+01:00,134.6384270678144,136.03
2026-02-02 09:45:00+01:00,116.9275736816509,127.76
2026-02-02 10:00:00+01:00,137.10808821852785,132.26
2026-02-02 10:15:00+01:00,125.82553054123562,128.66
2026-02-02 10:30:00+01:00,115.7748327137968,123.15
2026-02-02 10:45:00+01:00,105.2603972419146,114.09
2026-02-02 11:00:00+01:00,116.20359328678309,124.83
2026-02-02 11:15:00+01:00,106.735994606607,116.25
2026-02-02 11:30:00+01:00,104.27882503604383,110.01
2026-02-02 11:45:00+01:00,99.58241867883018,107.58
2026-02-02 12:00:00+01:00,102.59645261042735,112.69
2026-02-02 12:15:00+01:00,98.88308196844504,107.5
2026-02-02 12:30:00+01:00,96.95226731307163,109.15
2026-02-02 12:45:00+01:00,98.6438056398035,107.51
2026-02-02 13:00:00+01:00,97.14967528745817,105.2
2026-02-02 13:15:00+01:00,95.58062437862597,104.1
2026-02-02 13:30:00+01:00,98.79695833687691,103.44
2026-02-02 13:45:00+01:00,97.37414636373325,103.26
2026-02-02 14:00:00+01:00,97.76851751598217,101.49
2026-02-02 14:15:00+01:00,102.49590218616761,101.98
2026-02-02 14:30:00+01:00,106.01485961196579,103.45
2026-02-02 14:45:00+01:00,106.44682771253686,104.69
2026-02-02 15:00:00+01:00,106.75936388261334,101.43
2026-02-02 15:15:00+01:00,108.60460209415426,103.45
2026-02-02 15:30:00+01:00,114.83571594552528,104.75
2026-02-02 15:45:00+01:00,115.95895603011337,110.68
2026-02-02 16:00:00+01:00,107.91457101276384,101.8
2026-02-02 16:15:00+01:00,116.80013801260937,107.3
2026-02-02 16:30:00+01:00,121.86702456935058,112.37
2026-02-02 16:45:00+01:00,123.09440176380187,117.64
2026-02-02 17:00:00+01:00,115.43786283951552,108.94
2026-02-02 17:15:00+01:00,123.71664333016123,117.57
2026-02-02 17:30:00+01:00,131.39668311614437,125.54
2026-02-02 17:45:00+01:00,132.32413106050086,120.74
2026-02-02 18:00:00+01:00,128.29581147024555,123.41
2026-02-02 18:15:00+01:00,128.50680183923828,117.7
2026-02-02 18:30:00+01:00,129.4798334605611,118.83
2026-02-02 18:45:00+01:00,130.35442961367357,115.93
2026-02-02 19:00:00+01:00,132.19301335345642,105.95
2026-02-02 19:15:00+01:00,127.63221659291682,105.35
2026-02-02 19:30:00+01:00,119.83379862880325,106.08
2026-02-02 19:45:00+01:00,109.88974072807711,102.62
2026-02-02 20:00:00+01:00,118.5527992637116,105.23
2026-02-02 20:15:00+01:00,108.042737442455,103.45
2026-02-02 20:30:00+01:00,99.7906544682778,100.93
2026-02-02 20:45:00+01:00,94.60074646989638,99.41
2026-02-02 21:00:00+01:00,100.3714934335971,107.12
2026-02-02 21:15:00+01:00,96.04988459802921,103.98
2026-02-02 21:30:00+01:00,90.94694928660073,100.0
2026-02-02 21:45:00+01:00,86.78844729670524,96.96
2026-02-02 22:00:00+01:00,98.55075865004703,103.9
2026-02-02 22:15:00+01:00,92.43608414748347,101.22
2026-02-02 22:30:00+01:00,91.19660882226387,100.86
2026-02-02 22:45:00+01:00,87.61175075208169,98.93
2026-02-02 23:00:00+01:00,92.32166948349216,98.56
2026-02-02 23:15:00+01:00,85.58373101199541,90.96
2026-02-02 23:30:00+01:00,82.86688920909637,90.41
2026-02-02 23:45:00+01:00,79.91087708631868,85.61
2026-02-03 00:00:00+01:00,92.55413577137891,97.41
2026-02-03 00:15:00+01:00,89.46212999320464,92.88
2026-02-03 00:30:00+01:00,86.42031570010866,89.07
2026-02-03 00:45:00+01:00,82.2986370371421,87.51
2026-02-03 01:00:00+01:00,87.66048643367657,91.84
2026-02-03 01:15:00+01:00,84.6314938536746,89.62
2026-02-03 01:30:00+01:00,84.85895705293186,88.49
2026-02-03 01:45:00+01:00,82.34961225207236,87.51
2026-02-03 02:00:00+01:00,85.33486142647133,89.08
2026-02-03 02:15:00+01:00,83.71344784292646,85.01
2026-02-03 02:30:00+01:00,81.71232061077266,82.55
2026-02-03 02:45:00+01:00,80.76720002829434,79.39
2026-02-03 03:00:00+01:00,81.53247651564763,82.8
2026-02-03 03:15:00+01:00,80.68686224848742,80.16
2026-02-03 03:30:00+01:00,80.07785855723318,79.37
2026-02-03 03:45:00+01:00,79.9487320492676,77.42
2026-02-03 04:00:00+01:00,79.1881304914511,76.67
2026-02-03 04:15:00+01:00,78.6963815873664,76.02
2026-02-03 04:30:00+01:00,79.38918832507932,76.41
2026-02-03 04:45:00+01:00,81.57092778845771,78.26
2026-02-03 05:00:00+01:00,79.14940480950102,78.29
2026-02-03 05:15:00+01:00,84.17338548268579,78.08
2026-02-03 05:30:00+01:00,88.48779800245696,82.27
2026-02-03 05:45:00+01:00,93.64524094192555,90.0
2026-02-03 06:00:00+01:00,84.15062994638274,84.03
2026-02-03 06:15:00+01:00,87.78207565926705,87.11
2026-02-03 06:30:00+01:00,93.31295973501388,92.58
2026-02-03 06:45:00+01:00,97.0015722348441,100.92
2026-02-03 07:00:00+01:00,89.3347386048352,92.5
2026-02-03 07:15:00+01:00,94.77922958684351,97.01
2026-02-03 07:30:00+01:00,102.13688536474557,99.26
2026-02-03 07:45:00+01:00,106.79647122192532,102.0
2026-02-03 08:00:00+01:00,111.64897932660861,104.03
2026-02-03 08:15:00+01:00,111.71398751975498,107.01
2026-02-03 08:30:00+01:00,112.86085894106593,109.15
2026-02-03 08:45:00+01:00,111.85919449683577,104.9
2026-02-03 09:00:00+01:00,128.28627243709002,118.45
2026-02-03 09:15:00+01:00,121.11591227902184,110.16
2026-02-03 09:30:00+01:00,117.26806560275406,106.32
2026-02-03 09:45:00+01:00,106.5696926059102,97.97
2026-02-03 10:00:00+01:00,121.04454224104101,105.92
2026-02-03 10:15:00+01:00,112.18688745548002,100.01
2026-02-03 10:30:00+01:00,105.10402378061215,98.6
2026-02-03 10:45:00+01:00,98.56800239526508,95.23
2026-02-03 11:00:00+01:00,103.22203939413376,97.07
2026-02-03 11:15:00+01:00,96.74139563906832,93.1
2026-02-03 11:30:00+01:00,96.0514556525625,89.4
2026-02-03 11:45:00+01:00,92.89151623657689,83.75
2026-02-03 12:00:00+01:00,93.03885341821785,89.77
2026-02-03 12:15:00+01:00,91.87075809080211,85.35
2026-02-03 12:30:00+01:00,92.73815535079875,87.29
2026-02-03 12:45:00+01:00,93.63652274141961,89.38
2026-02-03 13:00:00+01:00,89.49817564037035,89.81
2026-02-03 13:15:00+01:00,91.0151387900491,89.39
2026-02-03 13:30:00+01:00,93.78367290070618,90.02
2026-02-03 13:45:00+01:00,94.93536196038606,90.4
2026-02-03 14:00:00+01:00,91.83282618594991,86.52
2026-02-03 14:15:00+01:00,98.17878283765096,92.02
2026-02-03 14:30:00+01:00,104.95648958279537,95.69
2026-02-03 14:45:00+01:00,110.2383004709182,98.38
2026-02-03 15:00:00+01:00,102.8157719329293,93.09
2026-02-03 15:15:00+01:00,112.08450252287783,99.89
2026-02-03 15:30:00+01:00,121.51284260956967,102.27
2026-02-03 15:45:00+01:00,126.57786610733876,106.39
2026-02-03 16:00:00+01:00,108.97534934868793,98.5
2026-02-03 16:15:00+01:00,122.40707206314718,103.4
2026-02-03 16:30:00+01:00,127.817766604709,107.05
2026-02-03 16:45:00+01:00,137.8066965124679,117.51
2026-02-03 17:00:00+01:00,128.8562127496848,112.95
2026-02-03 17:15:00+01:00,134.02946550828685,124.96
2026-02-03 17:30:00+01:00,141.93682797647998,132.58
2026-02-03 17:45:00+01:00,140.20995637939012,132.6
2026-02-03 18:00:00+01:00,136.99105628345447,125.52
2026-02-03 18:15:00+01:00,136.55617666065677,125.55
2026-02-03 18:30:00+01:00,131.6524222284168,126.89
2026-02-03 18:45:00+01:00,138.7048208267077,127.43
2026-02-03 19:00:00+01:00,138.0154123976776,124.38
2026-02-03 19:15:00+01:00,135.92849305383976,124.35
2026-02-03 19:30:00+01:00,133.20302589463626,123.96
2026-02-03 19:45:00+01:00,124.05954869396605,120.22
2026-02-03 20:00:00+01:00,129.6552400507891,118.72
2026-02-03 20:15:00+01:00,115.85349280084868,115.9
2026-02-03 20:30:00+01:00,110.43583013539866,110.84
2026-02-03 20:45:00+01:00,107.45469557550898,106.14
2026-02-03 21:00:00+01:00,112.64310707681638,108.04
2026-02-03 21:15:00+01:00,109.46556431877346,104.82
2026-02-03 21:30:00+01:00,102.42876051351111,101.87
2026-02-03 21:45:00+01:00,95.51367866969052,98.44
2026-02-03 22:00:00+01:00,107.63218267278658,105.86
2026-02-03 22:15:00+01:00,103.65516258860116,101.46
2026-02-03 22:30:00+01:00,101.95308566645289,100.21
2026-02-03 22:45:00+01:00,97.205366446589,96.05
2026-02-03 23:00:00+01:00,99.47821945712037,98.12
2026-02-03 23:15:00+01:00,94.51325684164476,97.33
2026-02-03 23:30:00+01:00,93.40056250575051,94.88
2026-02-03 23:45:00+01:00,89.59300956013412,88.92
2026-02-04 00:00:00+01:00,94.93992217221947,96.79
2026-02-04 00:15:00+01:00,91.83236914087762,93.22
2026-02-04 00:30:00+01:00,90.12446044214796,94.59
2026-02-04 00:45:00+01:00,86.56196406419136,95.41
2026-02-04 01:00:00+01:00,91.05836461494485,93.65
2026-02-04 01:15:00+01:00,87.95590246718872,92.79
2026-02-04 01:30:00+01:00,90.03762261991209,92.75
2026-02-04 01:45:00+01:00,87.14103602822871,91.96
2026-02-04 02:00:00+01:00,89.0776416441425,92.71
2026-02-04 02:15:00+01:00,87.6533364136533,91.83
2026-02-04 02:30:00+01:00,86.62621496730907,92.85
2026-02-04 02:45:00+01:00,85.24768343830831,94.46
2026-02-04 03:00:00+01:00,86.22805381438192,94.63
2026-02-04 03:15:00+01:00,86.29932926255388,93.53
2026-02-04 03:30:00+01:00,84.82597568083112,95.5
2026-02-04 03:45:00+01:00,85.57983540913762,94.83
2026-02-04 04:00:00+01:00,84.84276677665784,92.53
2026-02-04 04:15:00+01:00,84.97070805803756,92.54
2026-02-04 04:30:00+01:00,85.11832253024228,94.56
2026-02-04 04:45:00+01:00,87.12284778571001,96.2
2026-02-04 05:00:00+01:00,86.58348054558752,92.95
2026-02-04 05:15:00+01:00,87.72831936528598,95.01
2026-02-04 05:30:00+01:00,93.0556173092674,96.98
2026-02-04 05:45:00+01:00,95.77696898883282,101.4
2026-02-04 06:00:00+01:00,86.96099561161094,98.61
2026-02-04 06:15:00+01:00,94.49218199932056,102.56
2026-02-04 06:30:00+01:00,102.95156969292434,108.01
2026-02-04 06:45:00+01:00,108.81445995750035,111.96
2026-02-04 07:00:00+01:00,104.85140734392664,115.02
2026-02-04 07:15:00+01:00,112.41592428796739,120.22
2026-02-04 07:30:00+01:00,120.31874372996249,126.29
2026-02-04 07:45:00+01:00,125.29754633412635,130.21
2026-02-04 08:00:00+01:00,130.86012516620158,133.59
2026-02-04 08:15:00+01:00,131.01828627643965,137.49
2026-02-04 08:30:00+01:00,127.89789828537445,131.01
2026-02-04 08:45:00+01:00,119.95988656551674,124.33
2026-02-04 09:00:00+01:00,140.6107219549525,135.94
2026-02-04 09:15:00+01:00,132.06977771746344,123.76
2026-02-04 09:30:00+01:00,120.62416956214267,118.63
2026-02-04 09:45:00+01:00,108.10609003637995,112.36
2026-02-04 10:00:00+01:00,125.53919168087232,119.73
2026-02-04 10:15:00+01:00,113.74202427621131,113.9
2026-02-04 10:30:00+01:00,107.1282904742047,105.54
2026-02-04 10:45:00+01:00,101.58871247626128,100.83
2026-02-04 11:00:00+01:00,104.69823831735918,102.53
2026-02-04 11:15:00+01:00,101.62697578886811,100.29
2026-02-04 11:30:00+01:00,99.88598798958776,96.54
2026-02-04 11:45:00+01:00,97.01037691758707,95.47
2026-02-04 12:00:00+01:00,98.82746980864121,94.67
2026-02-04 12:15:00+01:00,95.95260357118315,92.14
2026-02-04 12:30:00+01:00,96.24495634058431,90.46
2026-02-04 12:45:00+01:00,97.75495133195881,90.39
2026-02-04 13:00:00+01:00,96.5027857379119,91.4
2026-02-04 13:15:00+01:00,94.27252023962255,90.27
2026-02-04 13:30:00+01:00,98.29349427527649,90.4
2026-02-04 13:45:00+01:00,100.5893416502076,93.46
2026-02-04 14:00:00+01:00,95.15250953634346,92.75
2026-02-04 14:15:00+01:00,103.2670168924595,93.56
2026-02-04 14:30:00+01:00,107.79645253336759,95.41
2026-02-04 14:45:00+01:00,110.77639801915925,102.59
2026-02-04 15:00:00+01:00,105.3772447718646,95.24
2026-02-04 15:15:00+01:00,110.61336827747216,100.56
2026-02-04 15:30:00+01:00,117.19735510310916,106.66
2026-02-04 15:45:00+01:00,124.18537732682297,109.04
2026-02-04 16:00:00+01:00,110.67876435913725,105.65
2026-02-04 16:15:00+01:00,121.73094267429025,109.41
2026-02-04 16:30:00+01:00,121.9982319722708,116.85
2026-02-04 16:45:00+01:00,125.68144434757151,124.83
2026-02-04 17:00:00+01:00,122.38125956925288,117.9
2026-02-04 17:15:00+01:00,125.1495073906794,124.13
2026-02-04 17:30:00+01:00,133.35467118131606,128.43
2026-02-04 17:45:00+01:00,122.32596485580802,128.01
2026-02-04 18:00:00+01:00,130.1652531170856,119.38
2026-02-04 18:15:00+01:00,125.44472960924205,117.03
2026-02-04 18:30:00+01:00,119.72913774539533,116.69
2026-02-04 18:45:00+01:00,129.67531061311047,115.06
2026-02-04 19:00:00+01:00,122.04863593306588,116.57
2026-02-04 19:15:00+01:00,123.50484813496321,105.28
2026-02-04 19:30:00+01:00,125.72267954475645,99.98
2026-02-04 19:45:00+01:00,118.34984844499581,96.25
2026-02-04 20:00:00+01:00,123.09552933676382,103.89
2026-02-04 20:15:00+01:00,111.08405630915725,96.23
2026-02-04 20:30:00+01:00,105.0393955500833,93.58
2026-02-04 20:45:00+01:00,103.64125008289912,91.45
2026-02-04 21:00:00+01:00,111.50779503698786,99.22
2026-02-04 21:15:00+01:00,106.61092518940524,95.29
2026-02-04 21:30:00+01:00,101.75694922815336,92.96
2026-02-04 21:45:00+01:00,95.47786351947272,91.54
2026-02-04 22:00:00+01:00,107.27453291974147,98.24
2026-02-04 22:15:00+01:00,100.11459336023877,95.4
2026-02-04 22:30:00+01:00,100.46685908935055,93.71
2026-02-04 22:45:00+01:00,95.27555471450813,87.94
2026-02-04 23:00:00+01:00,100.28123350096301,92.4
2026-02-04 23:15:00+01:00,93.4959423005785,87.98
2026-02-04 23:30:00+01:00,91.14569602408356,85.09
2026-02-04 23:45:00+01:00,86.58464367110254,79.76
2026-02-05 00:00:00+01:00,90.19979364173032,90.11
2026-02-05 00:15:00+01:00,86.37494551336059,90.55
2026-02-05 00:30:00+01:00,85.38130354658534,90.25
2026-02-05 00:45:00+01:00,79.42134627009406,90.3
2026-02-05 01:00:00+01:00,85.05733204488992,89.79
2026-02-05 01:15:00+01:00,82.1048213619676,88.89
2026-02-05 01:30:00+01:00,82.07061100498771,88.61
2026-02-05 01:45:00+01:00,78.7470096119902,86.46
2026-02-05 02:00:00+01:00,83.6897058160071,87.06
2026-02-05 02:15:00+01:00,82.08397133754859,87.12
2026-02-05 02:30:00+01:00,80.47309914709145,88.17
2026-02-05 02:45:00+01:00,79.0495056397902,87.38
2026-02-05 03:00:00+01:00,80.36865545570046,86.59
2026-02-05 03:15:00+01:00,79.56089191861984,88.2
2026-02-05 03:30:00+01:00,78.97652456972834,88.18
2026-02-05 03:45:00+01:00,78.71211924718868,88.21
2026-02-05 04:00:00+01:00,78.25456886162543,87.44
2026-02-05 04:15:00+01:00,79.72027733267011,88.99
2026-02-05 04:30:00+01:00,81.19210119539224,90.17
2026-02-05 04:45:00+01:00,84.18851068724021,91.66
2026-02-05 05:00:00+01:00,78.90654648512466,88.3
2026-02-05 05:15:00+01:00,83.25866184423336,90.56
2026-02-05 05:30:00+01:00,86.90146874117741,92.26
2026-02-05 05:45:00+01:00,95.49380572286174,94.92
2026-02-05 06:00:00+01:00,83.77380661187539,93.33
2026-02-05 06:15:00+01:00,92.66701116366715,104.99
2026-02-05 06:30:00+01:00,102.69774672640807,105.0
2026-02-05 06:45:00+01:00,107.82544963230711,108.06
2026-02-05 07:00:00+01:00,98.57036617935847,103.15
2026-02-05 07:15:00+01:00,110.94857065948945,110.05
2026-02-05 07:30:00+01:00,116.0606051660595,118.63
2026-02-05 07:45:00+01:00,122.05438981218163,121.45
2026-02-05 08:00:00+01:00,123.69195299348067,122.62
2026-02-05 08:15:00+01:00,125.03024299859207,125.34
2026-02-05 08:30:00+01:00,124.10998148977056,127.65
2026-02-05 08:45:00+01:00,124.21559282538746,125.85
2026-02-05 09:00:00+01:00,130.73977810938592,127.66
2026-02-05 09:15:00+01:00,124.4248978948359,122.98
2026-02-05 09:30:00+01:00,122.83288640000643,119.63
2026-02-05 09:45:00+01:00,115.754907634294,115.81
2026-02-05 10:00:00+01:00,119.42195089962667,127.01
2026-02-05 10:15:00+01:00,113.89875816547033,121.37
2026-02-05 10:30:00+01:00,112.38831467122316,115.5
2026-02-05 10:45:00+01:00,108.6116055931183,108.89
2026-02-05 11:00:00+01:00,111.54248035954451,128.26
2026-02-05 11:15:00+01:00,110.19946814333261,121.58
2026-02-05 11:30:00+01:00,109.53537552212038,120.13
2026-02-05 11:45:00+01:00,107.81210100127761,114.3
2026-02-05 12:00:00+01:00,108.69551790497141,110.44
2026-02-05 12:15:00+01:00,104.38550839374487,108.08
2026-02-05 12:30:00+01:00,105.03738226566401,107.56
2026-02-05 12:45:00+01:00,103.93272307688245,106.93
2026-02-05 13:00:00+01:00,104.42766939170254,108.38
2026-02-05 13:15:00+01:00,103.39153441066648,110.0
2026-02-05 13:30:00+01:00,102.7268627312462,110.21
2026-02-05 13:45:00+01:00,111.04572780463106,110.44
2026-02-05 14:00:00+01:00,103.94400964129619,105.28
2026-02-05 14:15:00+01:00,109.2438580192747,108.71
2026-02-05 14:30:00+01:00,112.22569535487403,110.51
2026-02-05 14:45:00+01:00,116.4444049717924,115.91
2026-02-05 15:00:00+01:00,117.41477238310952,107.75
2026-02-05 15:15:00+01:00,124.03549921875471,111.99
2026-02-05 15:30:00+01:00,126.13612024187175,119.87
2026-02-05 15:45:00+01:00,131.79226451801992,128.31
2026-02-05 16:00:00+01:00,122.2707311719146,118.01
2026-02-05 16:15:00+01:00,128.0175646006514,124.01
2026-02-05 16:30:00+01:00,134.23116015180383,130.57
2026-02-05 16:45:00+01:00,140.88701356622758,131.41
2026-02-05 17:00:00+01:00,134.67502486009482,127.82
2026-02-05 17:15:00+01:00,149.5976678779058,134.93
2026-02-05 17:30:00+01:00,156.11801533214802,147.94
2026-02-05 17:45:00+01:00,141.54455979406225,151.31
2026-02-05 18:00:00+01:00,143.66644964174517,139.82
2026-02-05 18:15:00+01:00,141.04408799606927,135.23
2026-02-05 18:30:00+01:00,136.19015044363536,137.98
2026-02-05 18:45:00+01:00,149.44746502317213,133.55
2026-02-05 19:00:00+01:00,145.3341368781707,138.04
2026-02-05 19:15:00+01:00,142.96911091744417,133.45
2026-02-05 19:30:00+01:00,141.28789915596207,131.66
2026-02-05 19:45:00+01:00,134.03361811397372,128.48
2026-02-05 20:00:00+01:00,135.980234770673,131.0
2026-02-05 20:15:00+01:00,124.55021261436124,124.39
2026-02-05 20:30:00+01:00,119.49334789859674,118.14
2026-02-05 20:45:00+01:00,119.29545704463956,109.71
2026-02-05 21:00:00+01:00,124.38355008758224,113.44
2026-02-05 21:15:00+01:00,120.2477535765137,109.22
2026-02-05 21:30:00+01:00,114.14258232988051,106.98
2026-02-05 21:45:00+01:00,104.86399504989404,101.49
2026-02-05 22:00:00+01:00,117.60567941472776,110.95
2026-02-05 22:15:00+01:00,111.75131313515246,106.57
2026-02-05 22:30:00+01:00,112.27090486366941,104.26
2026-02-05 22:45:00+01:00,105.37307748017125,101.74
2026-02-05 23:00:00+01:00,107.07082788293141,107.33
2026-02-05 23:15:00+01:00,103.78962380852501,103.9
2026-02-05 23:30:00+01:00,101.58322309176918,97.52
2026-02-05 23:45:00+01:00,95.95396094340781,91.4
2026-02-06 00:00:00+01:00,102.1892500875454,100.52
2026-02-06 00:15:00+01:00,98.72665414236049,98.45
2026-02-06 00:30:00+01:00,97.79042472489536,98.16
2026-02-06 00:45:00+01:00,94.57294760992576,100.11
2026-02-06 01:00:00+01:00,99.40696822483872,101.13
2026-02-06 01:15:00+01:00,96.42315498094518,99.4
2026-02-06 01:30:00+01:00,98.15096393294526,98.31
2026-02-06 01:45:00+01:00,98.27053980970301,97.67
2026-02-06 02:00:00+01:00,97.34849279465494,98.8
2026-02-06 02:15:00+01:00,97.0176797548896,97.88
2026-02-06 02:30:00+01:00,98.78173562572192,97.27
2026-02-06 02:45:00+01:00,97.33101081524991,98.4
2026-02-06 03:00:00+01:00,95.59817824874436,96.86
2026-02-06 03:15:00+01:00,95.72204364713582,98.74
2026-02-06 03:30:00+01:00,98.5088115098031,98.4
2026-02-06 03:45:00+01:00,98.97666388445504,98.91
2026-02-06 04:00:00+01:00,97.40855832712948,97.26
2026-02-06 04:15:00+01:00,98.84885687901416,98.78
2026-02-06 04:30:00+01:00,100.81627987575291,98.98
2026-02-06 04:45:00+01:00,102.30616875349271,99.95
2026-02-06 05:00:00+01:00,99.45567294716685,99.36
2026-02-06 05:15:00+01:00,103.7318109336168,100.5
2026-02-06 05:30:00+01:00,109.49657755918251,101.32
2026-02-06 05:45:00+01:00,114.21778370274515,108.15
2026-02-06 06:00:00+01:00,105.16636981881047,99.09
2026-02-06 06:15:00+01:00,111.76220997489898,109.67
2026-02-06 06:30:00+01:00,119.65582945517652,116.35
2026-02-06 06:45:00+01:00,135.1394405014362,136.58
2026-02-06 07:00:00+01:00,122.47396277326575,126.87
2026-02-06 07:15:00+01:00,148.102280093915,136.82
2026-02-06 07:30:00+01:00,150.34588465563309,147.99
2026-02-06 07:45:00+01:00,158.51785786941034,146.17
2026-02-06 08:00:00+01:00,165.55070710445017,138.67
2026-02-06 08:15:00+01:00,164.07598135832433,145.7
2026-02-06 08:30:00+01:00,159.7885216761871,146.6
2026-02-06 08:45:00+01:00,158.5634137281112,147.99
2026-02-06 09:00:00+01:00,189.46181662940353,148.13
2026-02-06 09:15:00+01:00,178.62584071246707,147.99
2026-02-06 09:30:00+01:00,162.81655091341472,141.71
2026-02-06 09:45:00+01:00,164.38701117078222,138.98
2026-02-06 10:00:00+01:00,170.49361069457996,148.06
2026-02-06 10:15:00+01:00,161.6304018284822,143.59
2026-02-06 10:30:00+01:00,157.2743167977709,140.04
2026-02-06 10:45:00+01:00,157.4889020919598,136.68
2026-02-06 11:00:00+01:00,162.1047983396279,143.66
2026-02-06 11:15:00+01:00,163.0135855441698,141.19
2026-02-06 11:30:00+01:00,162.08160892767367,137.77
2026-02-06 11:45:00+01:00,157.015007409683,133.02
2026-02-06 12:00:00+01:00,158.53339836540613,138.8
2026-02-06 12:15:00+01:00,156.2695676333289,135.34
2026-02-06 12:30:00+01:00,154.70599225435438,136.68
2026-02-06 12:45:00+01:00,150.84419378787976,134.02
2026-02-06 13:00:00+01:00,155.99011136488323,137.76
2026-02-06 13:15:00+01:00,152.29928491077195,135.66
2026-02-06 13:30:00+01:00,151.1590878873709,136.96
2026-02-06 13:45:00+01:00,151.26052816229333,133.19
2026-02-06 14:00:00+01:00,151.33200912977125,128.35
2026-02-06 14:15:00+01:00,161.55383804953544,134.05
2026-02-06 14:30:00+01:00,161.95204733522306,137.9
2026-02-06 14:45:00+01:00,163.09239943700902,142.37
2026-02-06 15:00:00+01:00,160.408415642106,132.03
2026-02-06 15:15:00+01:00,166.055165276862,136.86
2026-02-06 15:30:00+01:00,171.99259100568725,142.29
2026-02-06 15:45:00+01:00,178.94743088274464,146.71
2026-02-06 16:00:00+01:00,160.7382435998918,131.82
2026-02-06 16:15:00+01:00,181.90239108229594,133.74
2026-02-06 16:30:00+01:00,182.58089625743668,135.28
2026-02-06 16:45:00+01:00,194.07036704350872,135.01
2026-02-06 17:00:00+01:00,191.90812722736962,128.16
2026-02-06 17:15:00+01:00,210.0064408157641,136.04
2026-02-06 17:30:00+01:00,213.19743907947145,141.27
2026-02-06 17:45:00+01:00,174.0700822250655,143.28
2026-02-06 18:00:00+01:00,196.33911167134963,140.19
2026-02-06 18:15:00+01:00,186.49095908201951,137.62
2026-02-06 18:30:00+01:00,156.93509000266448,125.95
2026-02-06 18:45:00+01:00,190.7634283810699,125.0
2026-02-06 19:00:00+01:00,182.46998493524958,137.26
2026-02-06 19:15:00+01:00,180.99488519363462,124.73
2026-02-06 19:30:00+01:00,177.47530240244035,125.56
2026-02-06 19:45:00+01:00,167.5362426144399,114.96
2026-02-06 20:00:00+01:00,172.67876750944214,119.51
2026-02-06 20:15:00+01:00,151.07632940874555,110.53
2026-02-06 20:30:00+01:00,150.5377781825999,107.55
2026-02-06 20:45:00+01:00,145.68468454366774,106.34
2026-02-06 21:00:00+01:00,155.33346057631428,114.35
2026-02-06 21:15:00+01:00,149.15042697594717,109.83
2026-02-06 21:30:00+01:00,137.8160176283261,107.01
2026-02-06 21:45:00+01:00,124.34285047027882,104.21
2026-02-06 22:00:00+01:00,147.67984120128585,109.8
2026-02-06 22:15:00+01:00,139.67522425641562,106.06
2026-02-06 22:30:00+01:00,134.6020109978544,105.06
2026-02-06 22:45:00+01:00,127.3818124635179,104.13
2026-02-06 23:00:00+01:00,135.02831613203114,107.05
2026-02-06 23:15:00+01:00,127.71792811549636,103.65
2026-02-06 23:30:00+01:00,120.07652617910017,101.41
2026-02-06 23:45:00+01:00,114.87774033561004,96.84
2026-02-07 00:00:00+01:00,109.09550561671108,104.57
2026-02-07 00:15:00+01:00,103.89256417778901,101.03
2026-02-07 00:30:00+01:00,101.01187058528463,100.53
2026-02-07 00:45:00+01:00,100.35238704007169,99.84
2026-02-07 01:00:00+01:00,105.04033697188093,100.25
2026-02-07 01:15:00+01:00,101.93735330562525,98.78
2026-02-07 01:30:00+01:00,104.0332800064877,100.7
2026-02-07 01:45:00+01:00,101.93724030561961,100.27
2026-02-07 02:00:00+01:00,103.05224925667481,100.17
2026-02-07 02:15:00+01:00,101.26316562967969,99.41
2026-02-07 02:30:00+01:00,102.42054071434151,96.89
2026-02-07 02:45:00+01:00,102.53038172789415,95.7
2026-02-07 03:00:00+01:00,101.1834389529298,98.28
2026-02-07 03:15:00+01:00,101.10074709319916,96.5
2026-02-07 03:30:00+01:00,101.98122373263371,97.31
2026-02-07 03:45:00+01:00,102.16710374844523,95.45
2026-02-07 04:00:00+01:00,102.20471214384978,95.86
2026-02-07 04:15:00+01:00,102.34599280364517,96.58
2026-02-07 04:30:00+01:00,101.78250461215325,96.8
2026-02-07 04:45:00+01:00,102.18693078322347,96.34
2026-02-07 05:00:00+01:00,101.74673069213955,94.57
2026-02-07 05:15:00+01:00,101.06939752625769,96.34
2026-02-07 05:30:00+01:00,100.70437144516407,96.74
2026-02-07 05:45:00+01:00,103.62011245600681,99.25
2026-02-07 06:00:00+01:00,98.03494245255511,90.06
2026-02-07 06:15:00+01:00,99.74229407116353,95.97
2026-02-07 06:30:00+01:00,104.58537866969738,98.97
2026-02-07 06:45:00+01:00,110.58775049259064,103.38
2026-02-07 07:00:00+01:00,106.89912132766754,100.28
2026-02-07 07:15:00+01:00,111.55126204279982,102.39
2026-02-07 07:30:00+01:00,118.1271811221635,107.13
2026-02-07 07:45:00+01:00,124.92643009191472,112.39
2026-02-07 08:00:00+01:00,119.89137033708512,108.15
2026-02-07 08:15:00+01:00,126.21355735241006,113.61
2026-02-07 08:30:00+01:00,126.09522333776633,116.99
2026-02-07 08:45:00+01:00,124.73080881040312,117.57
2026-02-07 09:00:00+01:00,134.24116582265478,125.0
2026-02-07 09:15:00+01:00,130.213841939114,119.51
2026-02-07 09:30:00+01:00,128.10348116839705,117.06
2026-02-07 09:45:00+01:00,123.2239420368844,110.33
2026-02-07 10:00:00+01:00,136.0183775856951,117.03
2026-02-07 10:15:00+01:00,129.9784549920622,109.37
2026-02-07 10:30:00+01:00,126.43802758073377,107.78
2026-02-07 10:45:00+01:00,124.29730862333653,106.07
2026-02-07 11:00:00+01:00,128.8651992421983,106.89
2026-02-07 11:15:00+01:00,130.58093166710037,105.84
2026-02-07 11:30:00+01:00,128.68824559241062,103.76
2026-02-07 11:45:00+01:00,120.5891126330127,101.64
2026-02-07 12:00:00+01:00,127.02044408817225,103.69
2026-02-07 12:15:00+01:00,124.54922406959213,101.15
2026-02-07 12:30:00+01:00,125.01941217506314,98.1
2026-02-07 12:45:00+01:00,120.34461571712518,97.53
2026-02-07 13:00:00+01:00,119.69716474466392,97.92
2026-02-07 13:15:00+01:00,118.21817460893396,97.32
2026-02-07 13:30:00+01:00,117.65335377077778,96.89
2026-02-07 13:45:00+01:00,117.94836059933822,97.42
2026-02-07 14:00:00+01:00,119.29758492338881,96.46
2026-02-07 14:15:00+01:00,121.13242502488754,97.68
2026-02-07 14:30:00+01:00,125.12068976199316,101.43
2026-02-07 14:45:00+01:00,130.23650751986054,104.14
2026-02-07 15:00:00+01:00,121.64529635111715,101.41
2026-02-07 15:15:00+01:00,128.47525224227732,103.59
2026-02-07 15:30:00+01:00,135.1361870259788,108.77
2026-02-07 15:45:00+01:00,142.10095216992764,111.56
2026-02-07 16:00:00+01:00,135.84971047113143,108.08
2026-02-07 16:15:00+01:00,131.61527238932828,116.82
2026-02-07 16:30:00+01:00,144.13526179081285,124.21
2026-02-07 16:45:00+01:00,155.053004165868,132.05
2026-02-07 17:00:00+01:00,140.4592160342378,127.43
2026-02-07 17:15:00+01:00,145.31338158642913,131.08
2026-02-07 17:30:00+01:00,146.02123439893424,137.11
2026-02-07 17:45:00+01:00,147.43630861378327,140.53
2026-02-07 18:00:00+01:00,143.02159440747158,137.98
2026-02-07 18:15:00+01:00,138.21580747631535,136.38
2026-02-07 18:30:00+01:00,138.28339049490194,134.22
2026-02-07 18:45:00+01:00,134.93003548700628,132.75
2026-02-07 19:00:00+01:00,137.97733152564396,131.43
2026-02-07 19:15:00+01:00,132.82872536366267,132.13
2026-02-07 19:30:00+01:00,127.34008605287104,126.72
2026-02-07 19:45:00+01:00,124.3186932403102,119.71
2026-02-07 20:00:00+01:00,127.12458063533056,125.25
2026-02-07 20:15:00+01:00,123.12529176713261,115.47
2026-02-07 20:30:00+01:00,117.85554856189273,108.07
2026-02-07 20:45:00+01:00,110.46913733600203,104.79
2026-02-07 21:00:00+01:00,116.67631694603523,109.19
2026-02-07 21:15:00+01:00,113.5541434342723,105.36
2026-02-07 21:30:00+01:00,108.73406457149038,102.94
2026-02-07 21:45:00+01:00,105.47554281465149,100.07
2026-02-07 22:00:00+01:00,114.94381179677411,107.6
2026-02-07 22:15:00+01:00,111.81101234787627,105.41
2026-02-07 22:30:00+01:00,108.91403357434237,103.25
2026-02-07 22:45:00+01:00,105.69296164028823,100.03
2026-02-07 23:00:00+01:00,108.86128724370937,105.96
2026-02-07 23:15:00+01:00,104.08141868849614,101.17
2026-02-07 23:30:00+01:00,99.72866990209766,96.11
2026-02-07 23:45:00+01:00,95.30359815183307,91.8
2026-02-08 00:00:00+01:00,102.99459936379534,110.04
2026-02-08 00:15:00+01:00,99.37153498726225,101.13
2026-02-08 00:30:00+01:00,95.98383197300541,99.99
2026-02-08 00:45:00+01:00,93.48696325248534,96.98
2026-02-08 01:00:00+01:00,101.03236911366645,101.51
2026-02-08 01:15:00+01:00,95.67143811056388,101.37
2026-02-08 01:30:00+01:00,95.22669875049816,97.1
2026-02-08 01:45:00+01:00,93.30764599143878,96.2
2026-02-08 02:00:00+01:00,95.49499589051592,99.9
2026-02-08 02:15:00+01:00,94.04899099574183,97.49
2026-02-08 02:30:00+01:00,93.09563766792121,96.63
2026-02-08 02:45:00+01:00,91.95594513779825,96.25
2026-02-08 03:00:00+01:00,92.36369219025022,97.43
2026-02-08 03:15:00+01:00,92.20587445560966,96.7
2026-02-08 03:30:00+01:00,92.0363424344556,95.64
2026-02-08 03:45:00+01:00,93.11574636568851,95.93
2026-02-08 04:00:00+01:00,92.67078594821697,94.9
2026-02-08 04:15:00+01:00,92.58027500810972,94.5
2026-02-08 04:30:00+01:00,93.70996784772319,95.05
2026-02-08 04:45:00+01:00,93.88725290934485,94.99
2026-02-08 05:00:00+01:00,94.46982789093958,95.59
2026-02-08 05:15:00+01:00,92.66567318252908,95.41
2026-02-08 05:30:00+01:00,92.61456063516036,95.49
2026-02-08 05:45:00+01:00,94.00231690014002,96.51
2026-02-08 06:00:00+01:00,91.88455532310351,90.28
2026-02-08 06:15:00+01:00,93.26887788343895,92.8
2026-02-08 06:30:00+01:00,94.81479220203079,96.45
2026-02-08 06:45:00+01:00,96.56671869336108,100.47
2026-02-08 07:00:00+01:00,94.70429670277282,91.09
2026-02-08 07:15:00+01:00,95.95155548280046,94.71
2026-02-08 07:30:00+01:00,99.90196662789752,96.3
2026-02-08 07:45:00+01:00,105.9071486047826,101.12
2026-02-08 08:00:00+01:00,103.03578743953675,96.05
2026-02-08 08:15:00+01:00,107.48425696032031,101.24
2026-02-08 08:30:00+01:00,107.17040608903666,101.57
2026-02-08 08:45:00+01:00,110.940526003955,102.53
2026-02-08 09:00:00+01:00,113.38760620377008,101.92
2026-02-08 09:15:00+01:00,111.35407051529683,102.84
2026-02-08 09:30:00+01:00,110.17315775914669,102.36
2026-02-08 09:45:00+01:00,104.61868498397044,100.83
2026-02-08 10:00:00+01:00,113.53803354164711,104.37
2026-02-08 10:15:00+01:00,107.53982801696414,103.81
2026-02-08 10:30:00+01:00,103.85015828576918,101.62
2026-02-08 10:45:00+01:00,101.87587154743014,100.78
2026-02-08 11:00:00+01:00,106.15673331276273,102.14
2026-02-08 11:15:00+01:00,105.55530924265224,100.85
2026-02-08 11:30:00+01:00,105.26028630404424,98.64
2026-02-08 11:45:00+01:00,102.16470786914113,96.77
2026-02-08 12:00:00+01:00,106.72226054449733,97.86
2026-02-08 12:15:00+01:00,102.10505604034115,96.77
2026-02-08 12:30:00+01:00,101.50640195393004,96.97
2026-02-08 12:45:00+01:00,100.13593789593703,94.69
2026-02-08 13:00:00+01:00,100.68222443681931,95.1
2026-02-08 13:15:00+01:00,98.72203128492546,94.01
2026-02-08 13:30:00+01:00,98.41071886389574,96.26
2026-02-08 13:45:00+01:00,99.39519497954456,96.43
2026-02-08 14:00:00+01:00,100.8774037957288,94.09
2026-02-08 14:15:00+01:00,99.37703222762285,96.62
2026-02-08 14:30:00+01:00,102.03692359406772,97.71
2026-02-08 14:45:00+01:00,106.23021368312101,100.46
2026-02-08 15:00:00+01:00,99.36539015675505,98.03
2026-02-08 15:15:00+01:00,107.08950287060054,100.52
2026-02-08 15:30:00+01:00,110.93326549646562,104.32
2026-02-08 15:45:00+01:00,114.90298036530852,110.42
2026-02-08 16:00:00+01:00,110.06413065155817,100.84
2026-02-08 16:15:00+01:00,110.84409779119231,107.64
2026-02-08 16:30:00+01:00,118.91029019877749,115.03
2026-02-08 16:45:00+01:00,126.39739439315866,123.63
2026-02-08 17:00:00+01:00,117.74435372789267,119.54
2026-02-08 17:15:00+01:00,128.58595257115633,125.98
2026-02-08 17:30:00+01:00,132.78057411649024,131.0
2026-02-08 17:45:00+01:00,133.83511698357495,134.01
2026-02-08 18:00:00+01:00,131.88847660617813,129.79
2026-02-08 18:15:00+01:00,130.95241948135669,132.89
2026-02-08 18:30:00+01:00,129.4680255003897,132.55
2026-02-08 18:45:00+01:00,127.87701675084027,129.84
2026-02-08 19:00:00+01:00,129.316974239362,132.96
2026-02-08 19:15:00+01:00,123.28832951188227,129.56
2026-02-08 19:30:00+01:00,120.37940551818556,125.09
2026-02-08 19:45:00+01:00,115.71332243043648,120.02
2026-02-08 20:00:00+01:00,118.44897688745954,122.86
2026-02-08 20:15:00+01:00,113.5470269417936,114.26
2026-02-08 20:30:00+01:00,108.84491947829768,109.93
2026-02-08 20:45:00+01:00,103.93117055886981,106.08
2026-02-08 21:00:00+01:00,111.61078780143389,110.84
2026-02-08 21:15:00+01:00,105.25243242631868,109.25
2026-02-08 21:30:00+01:00,100.68605796098825,106.93
2026-02-08 21:45:00+01:00,95.87293884856382,103.49
2026-02-08 22:00:00+01:00,109.71244773516825,108.08
2026-02-08 22:15:00+01:00,102.75702619050386,106.56
2026-02-08 22:30:00+01:00,99.55894454473815,104.14
2026-02-08 22:45:00+01:00,95.33590997655357,101.78
2026-02-08 23:00:00+01:00,101.00241056713153,103.42
2026-02-08 23:15:00+01:00,93.84637471789664,101.71
2026-02-08 23:30:00+01:00,92.20354160623509,100.28
2026-02-08 23:45:00+01:00,86.52057282413466,94.52
2026-02-09 00:00:00+01:00,102.19628998079202,99.98
2026-02-09 00:15:00+01:00,99.53595339598253,97.44
2026-02-09 00:30:00+01:00,99.4018023215156,95.51
2026-02-09 00:45:00+01:00,96.8310204362019,94.05
2026-02-09 01:00:00+01:00,100.28696937660544,97.68
2026-02-09 01:15:00+01:00,97.69691831532218,95.58
2026-02-09 01:30:00+01:00,98.90735519274679,94.9
2026-02-09 01:45:00+01:00,98.05872329384525,93.65
2026-02-09 02:00:00+01:00,99.99756161375228,95.32
2026-02-09 02:15:00+01:00,98.82248174671864,95.17
2026-02-09 02:30:00+01:00,98.6049627284801,96.54
2026-02-09 02:45:00+01:00,97.31360128373282,95.78
2026-02-09 03:00:00+01:00,94.96108354396772,95.71
2026-02-09 03:15:00+01:00,95.46063050992997,94.67
2026-02-09 03:30:00+01:00,97.9537188311821,95.34
2026-02-09 03:45:00+01:00,97.74212600660358,96.15
2026-02-09 04:00:00+01:00,95.98983401933882,93.42
2026-02-09 04:15:00+01:00,96.97671882600557,95.12
2026-02-09 04:30:00+01:00,99.88220322017352,96.81
2026-02-09 04:45:00+01:00,101.10197057471883,100.91
2026-02-09 05:00:00+01:00,99.44782406394441,95.7
2026-02-09 05:15:00+01:00,100.70505764440365,100.99
2026-02-09 05:30:00+01:00,109.03182031492261,105.65
2026-02-09 05:45:00+01:00,109.74752058629326,116.6
2026-02-09 06:00:00+01:00,101.57405413694316,105.0
2026-02-09 06:15:00+01:00,110.38089062371958,121.37
2026-02-09 06:30:00+01:00,114.06017216104244,136.18
2026-02-09 06:45:00+01:00,125.36282980084331,166.39
2026-02-09 07:00:00+01:00,118.40651714609085,137.14
2026-02-09 07:15:00+01:00,128.72349478523117,159.03
2026-02-09 07:30:00+01:00,137.63151453180868,168.26
2026-02-09 07:45:00+01:00,148.32114328988564,169.95
2026-02-09 08:00:00+01:00,148.5426255764544,170.29
2026-02-09 08:15:00+01:00,151.43723296666315,188.94
2026-02-09 08:30:00+01:00,145.8912274037131,185.46
2026-02-09 08:45:00+01:00,141.22175643932215,186.15
2026-02-09 09:00:00+01:00,156.34961561421332,183.9
2026-02-09 09:15:00+01:00,149.38634282182787,174.8
2026-02-09 09:30:00+01:00,140.8078283340579,160.07
2026-02-09 09:45:00+01:00,129.31025644584727,158.06
2026-02-09 10:00:00+01:00,147.24034560862773,166.23
2026-02-09 10:15:00+01:00,136.45838586609113,164.12
2026-02-09 10:30:00+01:00,125.37120741225085,153.99
2026-02-09 10:45:00+01:00,118.37723848985794,144.82
2026-02-09 11:00:00+01:00,129.5725459699943,151.01
2026-02-09 11:15:00+01:00,123.25811461624032,146.46
2026-02-09 11:30:00+01:00,121.52454725262352,142.9
2026-02-09 11:45:00+01:00,117.93614152169103,137.15
2026-02-09 12:00:00+01:00,121.762765961008,143.19
2026-02-09 12:15:00+01:00,116.25758372915087,138.08
2026-02-09 12:30:00+01:00,116.6551109605418,135.18
2026-02-09 12:45:00+01:00,115.47694520852697,131.84
2026-02-09 13:00:00+01:00,116.71577153107796,136.23
2026-02-09 13:15:00+01:00,116.84831389622323,137.59
2026-02-09 13:30:00+01:00,116.96781584195672,134.26
2026-02-09 13:45:00+01:00,119.63112990005772,132.02
2026-02-09 14:00:00+01:00,117.56951907829469,123.66
2026-02-09 14:15:00+01:00,126.03308189718575,133.63
2026-02-09 14:30:00+01:00,128.91826971899022,142.14
2026-02-09 14:45:00+01:00,131.78427314583763,151.2
2026-02-09 15:00:00+01:00,121.55462255297563,128.85
2026-02-09 15:15:00+01:00,131.8611639518685,138.68
2026-02-09 15:30:00+01:00,138.57771585419533,157.78
2026-02-09 15:45:00+01:00,148.8488987510794,171.0
2026-02-09 16:00:00+01:00,131.0178083639913,141.73
2026-02-09 16:15:00+01:00,140.81610395916215,160.39
2026-02-09 16:30:00+01:00,150.35453125682525,183.82
2026-02-09 16:45:00+01:00,160.54432834636452,189.99
2026-02-09 17:00:00+01:00,145.89661443330513,186.86
2026-02-09 17:15:00+01:00,155.9509685969706,233.57
2026-02-09 17:30:00+01:00,163.12088030816884,244.77
2026-02-09 17:45:00+01:00,157.35605771381728,243.65
2026-02-09 18:00:00+01:00,159.6330246794307,196.61
2026-02-09 18:15:00+01:00,153.7188694180611,186.03
2026-02-09 18:30:00+01:00,144.9198225620944,171.0
2026-02-09 18:45:00+01:00,152.29488498682127,175.26
2026-02-09 19:00:00+01:00,147.73883039635504,187.92
2026-02-09 19:15:00+01:00,149.79852367882742,170.54
2026-02-09 19:30:00+01:00,140.8299392236568,160.74
2026-02-09 19:45:00+01:00,132.0630355681351,144.04
2026-02-09 20:00:00+01:00,135.79582547020502,162.88
2026-02-09 20:15:00+01:00,128.63850742938618,148.31
2026-02-09 20:30:00+01:00,121.37218746424391,139.51
2026-02-09 20:45:00+01:00,115.83470871824295,125.81
2026-02-09 21:00:00+01:00,125.34567792347576,146.31
2026-02-09 21:15:00+01:00,117.25509644370547,142.66
2026-02-09 21:30:00+01:00,110.50454788262407,131.05
2026-02-09 21:45:00+01:00,103.58217058342684,118.38
2026-02-09 22:00:00+01:00,115.00876386350618,130.45
2026-02-09 22:15:00+01:00,110.66019319940699,124.32
2026-02-09 22:30:00+01:00,109.06580299725664,123.09
2026-02-09 22:45:00+01:00,103.77361396072342,113.72
2026-02-09 23:00:00+01:00,109.45935699423056,117.03
2026-02-09 23:15:00+01:00,102.05451245345304,109.09
2026-02-09 23:30:00+01:00,97.86977561517915,107.19
2026-02-09 23:45:00+01:00,91.29509250498431,102.38
2026-02-10 00:00:00+01:00,113.25919023374522,106.37
2026-02-10 00:15:00+01:00,107.98196765387412,104.65
2026-02-10 00:30:00+01:00,108.96336994047292,103.98
2026-02-10 00:45:00+01:00,106.62343663782207,103.57
2026-02-10 01:00:00+01:00,108.37480952166096,105.03
2026-02-10 01:15:00+01:00,105.83295105693381,104.03
2026-02-10 01:30:00+01:00,106.32025351043026,103.04
2026-02-10 01:45:00+01:00,102.4879856318318,102.88
2026-02-10 02:00:00+01:00,104.28165343926044,103.21
2026-02-10 02:15:00+01:00,102.27447931250413,102.54
2026-02-10 02:30:00+01:00,105.6796862481166,102.51
2026-02-10 02:45:00+01:00,101.67916757574659,102.73
2026-02-10 03:00:00+01:00,101.19960303322961,102.83
2026-02-10 03:15:00+01:00,100.2315417020897,102.58
2026-02-10 03:30:00+01:00,101.76379408601234,102.23
2026-02-10 03:45:00+01:00,100.84931755220695,102.1
2026-02-10 04:00:00+01:00,100.60033683264541,102.02
2026-02-10 04:15:00+01:00,101.67555852110634,100.7
2026-02-10 04:30:00+01:00,103.87053310275465,102.95
2026-02-10 04:45:00+01:00,103.10810921556183,104.07
2026-02-10 05:00:00+01:00,101.77933968334276,103.59
2026-02-10 05:15:00+01:00,104.27362383179978,103.2
2026-02-10 05:30:00+01:00,114.55954813294369,104.81
2026-02-10 05:45:00+01:00,112.39438929154724,110.11
2026-02-10 06:00:00+01:00,105.96911433960547,102.5
2026-02-10 06:15:00+01:00,113.89038299943053,112.26
2026-02-10 06:30:00+01:00,120.6436039880474,124.49
2026-02-10 06:45:00+01:00,129.7463695528226,140.42
2026-02-10 07:00:00+01:00,124.34624847368137,122.95
2026-02-10 07:15:00+01:00,137.60710956935424,130.57
2026-02-10 07:30:00+01:00,144.64827205972102,141.2
2026-02-10 07:45:00+01:00,151.90022642415897,144.84
2026-02-10 08:00:00+01:00,158.85717668019302,146.49
2026-02-10 08:15:00+01:00,162.26808345588756,150.1
2026-02-10 08:30:00+01:00,160.4018147808758,141.92
2026-02-10 08:45:00+01:00,152.44308345520534,136.8
2026-02-10 09:00:00+01:00,174.72216187396862,141.6
2026-02-10 09:15:00+01:00,161.46978621676436,135.57
2026-02-10 09:30:00+01:00,153.2400412142601,129.51
2026-02-10 09:45:00+01:00,132.98449545980935,121.65
2026-02-10 10:00:00+01:00,157.50164727304897,141.67
2026-02-10 10:15:00+01:00,149.0894236166675,131.0
2026-02-10 10:30:00+01:00,137.61285622210156,126.16
2026-02-10 10:45:00+01:00,127.31468012903844,117.52
2026-02-10 11:00:00+01:00,137.00680712700893,129.96
2026-02-10 11:15:00+01:00,130.7623995011324,124.03
2026-02-10 11:30:00+01:00,127.04915777887368,115.04
2026-02-10 11:45:00+01:00,123.74939922340357,108.74
2026-02-10 12:00:00+01:00,125.9412903198132,112.55
2026-02-10 12:15:00+01:00,121.82303373039309,107.28
2026-02-10 12:30:00+01:00,121.09293613489109,109.13
2026-02-10 12:45:00+01:00,121.14552811096564,107.93
2026-02-10 13:00:00+01:00,120.60328463730853,110.26
2026-02-10 13:15:00+01:00,121.92129004053373,107.42
2026-02-10 13:30:00+01:00,120.48637000373465,109.36
2026-02-10 13:45:00+01:00,122.60186101015707,110.84
2026-02-10 14:00:00+01:00,116.4789331073143,108.79
2026-02-10 14:15:00+01:00,124.71282223948123,112.4
2026-02-10 14:30:00+01:00,134.31160762337913,119.12
2026-02-10 14:45:00+01:00,137.58661951241535,124.58
2026-02-10 15:00:00+01:00,126.77879426015194,118.74
2026-02-10 15:15:00+01:00,137.75582161163462,122.28
2026-02-10 15:30:00+01:00,143.18319103759111,134.65
2026-02-10 15:45:00+01:00,147.73595065214303,136.79
2026-02-10 16:00:00+01:00,143.28109195247134,120.09
2026-02-10 16:15:00+01:00,149.53201114001888,127.42
2026-02-10 16:30:00+01:00,154.44262191235228,126.16
2026-02-10 16:45:00+01:00,160.58596992362268,136.98
2026-02-10 17:00:00+01:00,159.29619285111394,130.45
2026-02-10 17:15:00+01:00,165.79951029238234,131.01
2026-02-10 17:30:00+01:00,160.87007302320313,138.89
2026-02-10 17:45:00+01:00,154.82370939721065,140.62
2026-02-10 18:00:00+01:00,162.19253615813577,141.29
2026-02-10 18:15:00+01:00,154.96000266420464,135.94
2026-02-10 18:30:00+01:00,156.62413420462747,129.53
2026-02-10 18:45:00+01:00,157.3546428057852,120.09
2026-02-10 19:00:00+01:00,159.95437164947307,130.44
2026-02-10 19:15:00+01:00,151.05869236474248,124.28
2026-02-10 19:30:00+01:00,144.1455169101014,118.48
2026-02-10 19:45:00+01:00,135.6942423032996,108.11
2026-02-10 20:00:00+01:00,140.61732334517788,122.78
2026-02-10 20:15:00+01:00,128.7763907013145,112.57
2026-02-10 20:30:00+01:00,123.33988057952,105.28
2026-02-10 20:45:00+01:00,117.3957378502641,104.38
2026-02-10 21:00:00+01:00,124.51370814816285,110.52
2026-02-10 21:15:00+01:00,119.7465468469816,107.38
2026-02-10 21:30:00+01:00,111.21137410688429,106.56
2026-02-10 21:45:00+01:00,103.12059738012674,104.17
2026-02-10 22:00:00+01:00,118.53957292968224,109.33
2026-02-10 22:15:00+01:00,111.53781916453907,107.91
2026-02-10 22:30:00+01:00,110.80697569020725,106.32
2026-02-10 22:45:00+01:00,103.27206154834779,103.2
2026-02-10 23:00:00+01:00,109.41507912654814,106.03
2026-02-10 23:15:00+01:00,103.04369315141659,103.42
2026-02-10 23:30:00+01:00,99.66245802787778,99.4
2026-02-10 23:45:00+01:00,92.19275816405292,93.26
2026-02-11 00:00:00+01:00,104.45425654009433,96.96
2026-02-11 00:15:00+01:00,100.88519735164587,97.18
2026-02-11 00:30:00+01:00,97.425815506008,97.03
2026-02-11 00:45:00+01:00,96.09189918326778,95.96
2026-02-11 01:00:00+01:00,101.56255492708732,97.12
2026-02-11 01:15:00+01:00,99.56170194675299,96.99
2026-02-11 01:30:00+01:00,99.70636048254475,96.7
2026-02-11 01:45:00+01:00,98.38860919564189,95.71
2026-02-11 02:00:00+01:00,99.46137744532214,96.84
2026-02-11 02:15:00+01:00,98.64751047279258,95.37
2026-02-11 02:30:00+01:00,99.95048657005599,95.1
2026-02-11 02:45:00+01:00,100.2004076569325,95.11
2026-02-11 03:00:00+01:00,97.99411753349526,94.87
2026-02-11 03:15:00+01:00,98.66943896219865,94.87
2026-02-11 03:30:00+01:00,100.69157993567092,94.87
2026-02-11 03:45:00+01:00,102.60947786231795,94.11
2026-02-11 04:00:00+01:00,99.4565660542803,94.87
2026-02-11 04:15:00+01:00,100.72392122571901,94.77
2026-02-11 04:30:00+01:00,105.17082526422152,94.87
2026-02-11 04:45:00+01:00,106.94568022482298,94.87
2026-02-11 05:00:00+01:00,103.7744911267059,94.83
2026-02-11 05:15:00+01:00,107.91682838072444,96.05
2026-02-11 05:30:00+01:00,108.87857424311781,100.65
2026-02-11 05:45:00+01:00,114.75659029789219,105.04
2026-02-11 06:00:00+01:00,109.53575923193283,98.4
2026-02-11 06:15:00+01:00,114.75364290336363,106.74
2026-02-11 06:30:00+01:00,122.25722977460022,112.91
2026-02-11 06:45:00+01:00,135.62307189151437,123.86
2026-02-11 07:00:00+01:00,124.4917157649477,113.26
2026-02-11 07:15:00+01:00,137.19190595550822,130.5
2026-02-11 07:30:00+01:00,145.68744900556905,136.21
2026-02-11 07:45:00+01:00,157.4957695508677,136.03
2026-02-11 08:00:00+01:00,155.3753531534449,134.48
2026-02-11 08:15:00+01:00,158.65276714170312,136.9
2026-02-11 08:30:00+01:00,169.60835627965997,141.0
2026-02-11 08:45:00+01:00,152.8562472132656,135.89
2026-02-11 09:00:00+01:00,169.85292286291838,134.36
2026-02-11 09:15:00+01:00,157.91356126713927,132.83
2026-02-11 09:30:00+01:00,153.4328128781304,131.64
2026-02-11 09:45:00+01:00,149.8730820991109,126.92
2026-02-11 10:00:00+01:00,160.78205652735267,131.0
2026-02-11 10:15:00+01:00,154.5993036206076,128.93
2026-02-11 10:30:00+01:00,144.9036838642526,125.52
2026-02-11 10:45:00+01:00,145.78818517265455,124.55
2026-02-11 11:00:00+01:00,151.2468178992139,131.42
2026-02-11 11:15:00+01:00,154.45592262514984,130.61
2026-02-11 11:30:00+01:00,160.6557494457919,123.17
2026-02-11 11:45:00+01:00,157.62327759033,118.56
2026-02-11 12:00:00+01:00,148.42904928518303,119.87
2026-02-11 12:15:00+01:00,151.2531288531151,116.05
2026-02-11 12:30:00+01:00,154.5188937019907,113.82
2026-02-11 12:45:00+01:00,158.7124948307881,113.71
2026-02-11 13:00:00+01:00,148.52201834055307,119.17
2026-02-11 13:15:00+01:00,149.24416072897995,118.05
2026-02-11 13:30:00+01:00,154.61492524240003,116.01
2026-02-11 13:45:00+01:00,155.8637707594578,113.57
2026-02-11 14:00:00+01:00,153.56544587467204,114.28
2026-02-11 14:15:00+01:00,160.08884134014176,116.5
2026-02-11 14:30:00+01:00,158.3089173977654,117.14
2026-02-11 14:45:00+01:00,176.5995715114193,118.88
2026-02-11 15:00:00+01:00,149.2580727099911,116.37
2026-02-11 15:15:00+01:00,165.25502876668563,116.34
2026-02-11 15:30:00+01:00,180.23307679326834,119.0
2026-02-11 15:45:00+01:00,183.2808302755055,121.03
2026-02-11 16:00:00+01:00,171.86819296047065,117.25
2026-02-11 16:15:00+01:00,183.25160868621157,118.26
2026-02-11 16:30:00+01:00,193.52290911329501,121.99
2026-02-11 16:45:00+01:00,207.354200329759,131.76
2026-02-11 17:00:00+01:00,193.58635152772177,119.71
2026-02-11 17:15:00+01:00,196.0309498622056,129.83
2026-02-11 17:30:00+01:00,188.63404036493176,130.14
2026-02-11 17:45:00+01:00,182.90236846629813,131.92
2026-02-11 18:00:00+01:00,190.13293516980653,131.01
2026-02-11 18:15:00+01:00,177.44156245004615,128.06
2026-02-11 18:30:00+01:00,168.98414246621752,123.4
2026-02-11 18:45:00+01:00,170.26273137213153,119.39
2026-02-11 19:00:00+01:00,179.66613326409467,122.96
2026-02-11 19:15:00+01:00,169.66372138641674,111.77
2026-02-11 19:30:00+01:00,157.73931915153233,107.41
2026-02-11 19:45:00+01:00,144.02769154431618,105.94
2026-02-11 20:00:00+01:00,153.70421718170064,109.17
2026-02-11 20:15:00+01:00,140.11666300973098,106.36
2026-02-11 20:30:00+01:00,134.31857611067767,103.59
2026-02-11 20:45:00+01:00,127.05795924184194,100.59
2026-02-11 21:00:00+01:00,139.43336200479106,107.41
2026-02-11 21:15:00+01:00,132.04777382092217,106.93
2026-02-11 21:30:00+01:00,126.97615822438945,104.67
2026-02-11 21:45:00+01:00,115.86595821421564,98.51
2026-02-11 22:00:00+01:00,127.9735971523048,106.11
2026-02-11 22:15:00+01:00,125.6833416617637,103.51
2026-02-11 22:30:00+01:00,122.29902550542892,99.99
2026-02-11 22:45:00+01:00,113.19908336830086,98.38
2026-02-11 23:00:00+01:00,122.15885030303738,102.31
2026-02-11 23:15:00+01:00,114.82413353916533,96.33
2026-02-11 23:30:00+01:00,109.67080118665264,93.89
2026-02-11 23:45:00+01:00,103.16231100418601,88.7
2026-02-12 00:00:00+01:00,100.93768600367676,90.02
2026-02-12 00:15:00+01:00,97.0594963259923,87.4
2026-02-12 00:30:00+01:00,92.58583096565765,89.11
2026-02-12 00:45:00+01:00,94.29098797457262,86.24
2026-02-12 01:00:00+01:00,96.83145525526696,88.07
2026-02-12 01:15:00+01:00,94.84006148790138,86.55
2026-02-12 01:30:00+01:00,96.02367396267324,87.6
2026-02-12 01:45:00+01:00,94.97649138967797,88.1
2026-02-12 02:00:00+01:00,95.20297261603686,86.94
2026-02-12 02:15:00+01:00,94.48448328185721,87.45
2026-02-12 02:30:00+01:00,95.11909074827486,85.77
2026-02-12 02:45:00+01:00,97.35983283268554,84.65
2026-02-12 03:00:00+01:00,94.30944841312042,85.03
2026-02-12 03:15:00+01:00,94.70583311657369,83.76
2026-02-12 03:30:00+01:00,94.92980101516768,84.93
2026-02-12 03:45:00+01:00,96.9901220798348,85.85
2026-02-12 04:00:00+01:00,93.13268894987182,85.07
2026-02-12 04:15:00+01:00,95.62359975778122,85.7
2026-02-12 04:30:00+01:00,98.2480547835923,86.09
2026-02-12 04:45:00+01:00,101.3845746290545,87.19
2026-02-12 05:00:00+01:00,94.39157441552413,86.65
2026-02-12 05:15:00+01:00,96.90277676176578,87.2
2026-02-12 05:30:00+01:00,101.77393004642865,90.49
2026-02-12 05:45:00+01:00,111.67688391262598,93.38
2026-02-12 06:00:00+01:00,100.83767797368806,90.7
2026-02-12 06:15:00+01:00,107.99323691515336,97.29
2026-02-12 06:30:00+01:00,116.74112321103908,103.96
2026-02-12 06:45:00+01:00,130.28193169871906,107.5
2026-02-12 07:00:00+01:00,115.63997493930748,103.1
2026-02-12 07:15:00+01:00,128.04934993875483,115.0
2026-02-12 07:30:00+01:00,136.13168862943326,121.04
2026-02-12 07:45:00+01:00,147.02639830884627,124.89
2026-02-12 08:00:00+01:00,140.00319699004854,122.67
2026-02-12 08:15:00+01:00,147.70731679190558,123.92
2026-02-12 08:30:00+01:00,126.61464104581265,123.68
2026-02-12 08:45:00+01:00,130.08466592560768,122.02
2026-02-12 09:00:00+01:00,133.4663367114611,129.67
2026-02-12 09:15:00+01:00,134.54645983461427,123.03
2026-02-12 09:30:00+01:00,137.0515037299836,117.45
2026-02-12 09:45:00+01:00,134.8608962466962,114.67
2026-02-12 10:00:00+01:00,138.58042584754813,124.64
2026-02-12 10:15:00+01:00,148.49581580283257,116.27
2026-02-12 10:30:00+01:00,155.74960299631894,115.13
2026-02-12 10:45:00+01:00,159.36220287665583,114.04
2026-02-12 11:00:00+01:00,166.23789141316774,114.92
2026-02-12 11:15:00+01:00,162.3882186394123,113.16
2026-02-12 11:30:00+01:00,169.4459397720188,110.1
2026-02-12 11:45:00+01:00,159.68855165864971,106.43
2026-02-12 12:00:00+01:00,159.51500690004025,107.59
2026-02-12 12:15:00+01:00,151.22129128470274,104.95
2026-02-12 12:30:00+01:00,156.8800392058136,105.44
2026-02-12 12:45:00+01:00,175.17770415211533,104.08
2026-02-12 13:00:00+01:00,166.8675021913291,105.48
2026-02-12 13:15:00+01:00,173.15402443459388,104.44
2026-02-12 13:30:00+01:00,183.24968445143946,102.87
2026-02-12 13:45:00+01:00,184.38716285446327,101.43
2026-02-12 14:00:00+01:00,164.4083403147568,104.37
2026-02-12 14:15:00+01:00,181.25703169801153,104.7
2026-02-12 14:30:00+01:00,191.15301769728825,105.48
2026-02-12 14:45:00+01:00,194.5750180982036,106.3
2026-02-12 15:00:00+01:00,167.1194279434219,103.56
2026-02-12 15:15:00+01:00,181.44104008888542,103.26
2026-02-12 15:30:00+01:00,196.40503959054627,109.47
2026-02-12 15:45:00+01:00,198.95638604999723,115.63
2026-02-12 16:00:00+01:00,186.21958276733028,103.91
2026-02-12 16:15:00+01:00,188.02323091914906,107.15
2026-02-12 16:30:00+01:00,204.88619364939058,113.61
2026-02-12 16:45:00+01:00,220.3111622379542,118.47
2026-02-12 17:00:00+01:00,200.74036879831363,109.02
2026-02-12 17:15:00+01:00,200.8760879133033,121.71
2026-02-12 17:30:00+01:00,199.59606035554685,129.8
2026-02-12 17:45:00+01:00,188.36619159155964,131.67
2026-02-12 18:00:00+01:00,194.30654676574426,130.01
2026-02-12 18:15:00+01:00,177.77990102645114,128.13
2026-02-12 18:30:00+01:00,165.78022692396712,123.15
2026-02-12 18:45:00+01:00,163.54660472683653,121.36
2026-02-12 19:00:00+01:00,170.69615976370957,132.11
2026-02-12 19:15:00+01:00,161.94396331583252,124.16
2026-02-12 19:30:00+01:00,155.4358412457853,117.01
2026-02-12 19:45:00+01:00,144.07895710243503,110.21
2026-02-12 20:00:00+01:00,152.99653637719805,126.27
2026-02-12 20:15:00+01:00,140.5740533119181,107.29
2026-02-12 20:30:00+01:00,135.9590665023477,103.15
2026-02-12 20:45:00+01:00,129.02285148771475,99.7
2026-02-12 21:00:00+01:00,139.39566267184574,106.6
2026-02-12 21:15:00+01:00,132.51592601583803,103.12
2026-02-12 21:30:00+01:00,127.15224529294969,98.19
2026-02-12 21:45:00+01:00,118.39060830433704,90.86
2026-02-12 22:00:00+01:00,129.28427548608167,104.59
2026-02-12 22:15:00+01:00,124.51580125648837,96.66
2026-02-12 22:30:00+01:00,119.54692351342692,94.13
2026-02-12 22:45:00+01:00,113.66648388684975,93.32
2026-02-12 23:00:00+01:00,119.07851916335163,98.42
2026-02-12 23:15:00+01:00,113.31088719911484,90.93
2026-02-12 23:30:00+01:00,108.37805743620217,85.92
2026-02-12 23:45:00+01:00,102.36821680068587,82.06
2026-02-13 00:00:00+01:00,94.42096516165307,85.72
2026-02-13 00:15:00+01:00,91.30915790283218,85.02
2026-02-13 00:30:00+01:00,86.76574525468301,83.16
2026-02-13 00:45:00+01:00,84.75033346996872,81.53
2026-02-13 01:00:00+01:00,90.6336638460678,83.9
2026-02-13 01:15:00+01:00,87.4782558782224,83.89
2026-02-13 01:30:00+01:00,87.66058810225455,83.36
2026-02-13 01:45:00+01:00,86.44669940011669,83.49
2026-02-13 02:00:00+01:00,88.73059514697619,81.72
2026-02-13 02:15:00+01:00,87.03252863831631,82.05
2026-02-13 02:30:00+01:00,87.18229805394026,82.43
2026-02-13 02:45:00+01:00,87.37198341182454,82.67
2026-02-13 03:00:00+01:00,86.71599562595866,81.18
2026-02-13 03:15:00+01:00,88.83960670731916,81.87
2026-02-13 03:30:00+01:00,89.10843403569909,82.31
2026-02-13 03:45:00+01:00,90.21758608066123,82.06
2026-02-13 04:00:00+01:00,88.17017314743622,81.57
2026-02-13 04:15:00+01:00,90.82912900371757,82.66
2026-02-13 04:30:00+01:00,95.00805581919309,83.89
2026-02-13 04:45:00+01:00,96.09014370698291,85.28
2026-02-13 05:00:00+01:00,93.29589717811669,84.06
2026-02-13 05:15:00+01:00,97.81591777769924,83.66
2026-02-13 05:30:00+01:00,102.99199561423809,87.75
2026-02-13 05:45:00+01:00,113.3000294173751,93.28
2026-02-13 06:00:00+01:00,95.7075076855254,84.42
2026-02-13 06:15:00+01:00,111.91007410702494,93.56
2026-02-13 06:30:00+01:00,123.63998837569878,103.67
2026-02-13 06:45:00+01:00,140.9850154721717,113.26
2026-02-13 07:00:00+01:00,125.21498763776734,105.21
2026-02-13 07:15:00+01:00,143.00214379711485,119.26
2026-02-13 07:30:00+01:00,151.35499844299468,121.64
2026-02-13 07:45:00+01:00,162.04069419808377,124.8
2026-02-13 08:00:00+01:00,157.11246699769222,122.21
2026-02-13 08:15:00+01:00,165.24866854914077,125.86
2026-02-13 08:30:00+01:00,160.50478358898425,124.58
2026-02-13 08:45:00+01:00,150.57129016132058,122.75
2026-02-13 09:00:00+01:00,166.98547376193454,128.75
2026-02-13 09:15:00+01:00,151.48249972108567,123.8
2026-02-13 09:30:00+01:00,133.92683872445775,115.43
2026-02-13 09:45:00+01:00,128.89097720842852,108.62
2026-02-13 10:00:00+01:00,160.11885357748855,112.71
2026-02-13 10:15:00+01:00,145.19665671032126,107.88
2026-02-13 10:30:00+01:00,137.9756275059444,104.38
2026-02-13 10:45:00+01:00,130.39069380948953,100.6
2026-02-13 11:00:00+01:00,138.9944296162122,104.18
2026-02-13 11:15:00+01:00,133.9917509763225,101.7
2026-02-13 11:30:00+01:00,122.80773436307159,99.54
2026-02-13 11:45:00+01:00,118.41885983442172,98.7
2026-02-13 12:00:00+01:00,132.9480384455071,98.62
2026-02-13 12:15:00+01:00,118.55565863468853,97.41
2026-02-13 12:30:00+01:00,113.64513054265811,97.03
2026-02-13 12:45:00+01:00,115.63643944052939,96.14
2026-02-13 13:00:00+01:00,124.94437257090587,96.49
2026-02-13 13:15:00+01:00,118.3978206629469,96.94
2026-02-13 13:30:00+01:00,128.18823726409093,98.61
2026-02-13 13:45:00+01:00,138.01878057907513,97.94
2026-02-13 14:00:00+01:00,121.65686075120784,98.93
2026-02-13 14:15:00+01:00,132.65530632573763,99.74
2026-02-13 14:30:00+01:00,147.05955421792396,103.6
2026-02-13 14:45:00+01:00,150.8780252290423,106.09
2026-02-13 15:00:00+01:00,130.01369465750705,105.73
2026-02-13 15:15:00+01:00,145.89649861065163,111.95
2026-02-13 15:30:00+01:00,153.80466738713363,122.63
2026-02-13 15:45:00+01:00,159.2035164562251,132.08
2026-02-13 16:00:00+01:00,149.22906162231268,117.97
2026-02-13 16:15:00+01:00,152.82785847035632,122.34
2026-02-13 16:30:00+01:00,157.1208891133891,126.63
2026-02-13 16:45:00+01:00,164.85335382448042,136.68
2026-02-13 17:00:00+01:00,154.78996955466025,122.62
2026-02-13 17:15:00+01:00,157.17634101052693,131.77
2026-02-13 17:30:00+01:00,155.34611087308508,135.7
2026-02-13 17:45:00+01:00,150.68313812976152,137.85
2026-02-13 18:00:00+01:00,151.88700138081856,140.35
2026-02-13 18:15:00+01:00,142.2372868707484,135.88
2026-02-13 18:30:00+01:00,139.62226806210973,134.76
2026-02-13 18:45:00+01:00,136.18802773710462,133.1
2026-02-13 19:00:00+01:00,141.0843251080395,144.63
2026-02-13 19:15:00+01:00,131.55269562069398,134.85
2026-02-13 19:30:00+01:00,125.01764987452864,127.69
2026-02-13 19:45:00+01:00,115.72575201792806,120.4
2026-02-13 20:00:00+01:00,125.25124415699939,137.0
2026-02-13 20:15:00+01:00,116.50616510854432,130.66
2026-02-13 20:30:00+01:00,111.74445046356996,122.0
2026-02-13 20:45:00+01:00,105.06547988512061,114.34
2026-02-13 21:00:00+01:00,116.12464201671736,127.41
2026-02-13 21:15:00+01:00,107.81386373548558,121.8
2026-02-13 21:30:00+01:00,102.97709043768643,114.7
2026-02-13 21:45:00+01:00,99.07896347713725,106.41
2026-02-13 22:00:00+01:00,110.57899550166987,119.88
2026-02-13 22:15:00+01:00,103.86967343187932,110.36
2026-02-13 22:30:00+01:00,100.48113129640038,106.71
2026-02-13 22:45:00+01:00,96.64567702539902,102.84
2026-02-13 23:00:00+01:00,103.09087714933334,106.35
2026-02-13 23:15:00+01:00,93.85082894433823,102.19
2026-02-13 23:30:00+01:00,89.87936339991562,100.72
2026-02-13 23:45:00+01:00,83.6958879360839,94.17
2026-02-14 00:00:00+01:00,103.77299701245798,103.97
2026-02-14 00:15:00+01:00,99.18015455905321,98.7
2026-02-14 00:30:00+01:00,97.90024856338539,94.02
2026-02-14 00:45:00+01:00,95.43358157729959,91.28
2026-02-14 01:00:00+01:00,101.1145624724282,94.83
2026-02-14 01:15:00+01:00,96.42356342139699,93.76
2026-02-14 01:30:00+01:00,96.34623124256895,90.55
2026-02-14 01:45:00+01:00,95.18003576740652,88.18
2026-02-14 02:00:00+01:00,97.5087573238892,91.9
2026-02-14 02:15:00+01:00,95.16748509586691,88.96
2026-02-14 02:30:00+01:00,94.89753156093539,87.21
2026-02-14 02:45:00+01:00,93.51526412567095,88.29
2026-02-14 03:00:00+01:00,93.79769607712315,91.69
2026-02-14 03:15:00+01:00,93.0216851852274,88.76
2026-02-14 03:30:00+01:00,93.04331425772254,87.45
2026-02-14 03:45:00+01:00,92.48283239057297,86.79
2026-02-14 04:00:00+01:00,92.74483305434194,87.63
2026-02-14 04:15:00+01:00,91.74599092148685,88.07
2026-02-14 04:30:00+01:00,92.52711256385255,87.55
2026-02-14 04:45:00+01:00,91.5026891139431,86.78
2026-02-14 05:00:00+01:00,92.56581042344496,88.35
2026-02-14 05:15:00+01:00,92.39969678973858,86.62
2026-02-14 05:30:00+01:00,93.06790477315698,89.24
2026-02-14 05:45:00+01:00,92.58338877723243,90.79
2026-02-14 06:00:00+01:00,92.42264395541581,88.94
2026-02-14 06:15:00+01:00,93.37884261464814,89.5
2026-02-14 06:30:00+01:00,97.39199339542493,89.63
2026-02-14 06:45:00+01:00,99.8837707394876,92.8
2026-02-14 07:00:00+01:00,95.0657559652967,90.94
2026-02-14 07:15:00+01:00,93.79838130142826,90.52
2026-02-14 07:30:00+01:00,98.57878858053418,94.15
2026-02-14 07:45:00+01:00,101.39175053163449,96.86
2026-02-14 08:00:00+01:00,101.78308394854024,97.1
2026-02-14 08:15:00+01:00,105.54383897124147,102.41
2026-02-14 08:30:00+01:00,104.07591927586435,103.9
2026-02-14 08:45:00+01:00,100.97662873708222,103.92
2026-02-14 09:00:00+01:00,109.64508542278463,110.11
2026-02-14 09:15:00+01:00,103.80953673715133,109.13
2026-02-14 09:30:00+01:00,102.79911957218299,106.96
2026-02-14 09:45:00+01:00,100.64481198587292,103.76
2026-02-14 10:00:00+01:00,105.80111652037495,109.93
2026-02-14 10:15:00+01:00,99.80365168101136,104.89
2026-02-14 10:30:00+01:00,95.82060694558092,102.64
2026-02-14 10:45:00+01:00,93.88255785694135,98.42
2026-02-14 11:00:00+01:00,98.45571631194542,101.49
2026-02-14 11:15:00+01:00,94.59908560099065,98.81
2026-02-14 11:30:00+01:00,92.05110829796811,96.87
2026-02-14 11:45:00+01:00,89.9508580361302,95.48
2026-02-14 12:00:00+01:00,93.18656841363627,96.84
2026-02-14 12:15:00+01:00,91.87734449488562,96.54
2026-02-14 12:30:00+01:00,90.45079965156575,94.62
2026-02-14 12:45:00+01:00,90.42397082208474,92.64
2026-02-14 13:00:00+01:00,89.7980114738093,95.24
2026-02-14 13:15:00+01:00,88.77549822027056,94.78
2026-02-14 13:30:00+01:00,90.19759909280009,92.47
2026-02-14 13:45:00+01:00,91.64908341167373,93.4
2026-02-14 14:00:00+01:00,88.04606419764622,91.93
2026-02-14 14:15:00+01:00,91.10454958436793,95.21
2026-02-14 14:30:00+01:00,96.20128427105718,97.87
2026-02-14 14:45:00+01:00,103.19961102950815,103.44
2026-02-14 15:00:00+01:00,89.62038876894346,98.77
2026-02-14 15:15:00+01:00,101.22537781183726,101.92
2026-02-14 15:30:00+01:00,109.1570062807833,106.49
2026-02-14 15:45:00+01:00,118.21417206705728,112.63
2026-02-14 16:00:00+01:00,104.61185928500029,104.96
2026-02-14 16:15:00+01:00,113.85734920558723,114.63
2026-02-14 16:30:00+01:00,121.03835710712751,122.34
2026-02-14 16:45:00+01:00,131.92699245605172,125.62
2026-02-14 17:00:00+01:00,123.3502106399813,113.79
2026-02-14 17:15:00+01:00,135.4999737367539,125.2
2026-02-14 17:30:00+01:00,141.27958918582758,131.94
2026-02-14 17:45:00+01:00,146.52120947726604,133.47
2026-02-14 18:00:00+01:00,138.27577933516625,131.01
2026-02-14 18:15:00+01:00,141.58795393840643,132.22
2026-02-14 18:30:00+01:00,136.46882127648888,133.92
2026-02-14 18:45:00+01:00,141.28029244386875,130.56
2026-02-14 19:00:00+01:00,131.21780894489902,135.0
2026-02-14 19:15:00+01:00,134.81532793199267,129.4
2026-02-14 19:30:00+01:00,140.59238049919657,127.0
2026-02-14 19:45:00+01:00,136.28800374193008,123.48
2026-02-14 20:00:00+01:00,136.1396796241641,129.99
2026-02-14 20:15:00+01:00,126.07266877009391,126.73
2026-02-14 20:30:00+01:00,122.2233641457405,118.33
2026-02-14 20:45:00+01:00,118.2898824077862,117.72
2026-02-14 21:00:00+01:00,124.68479680877883,126.28
2026-02-14 21:15:00+01:00,123.16950249432651,120.97
2026-02-14 21:30:00+01:00,120.98863126728575,114.01
2026-02-14 21:45:00+01:00,111.78881496712661,106.66
2026-02-14 22:00:00+01:00,123.95423502323615,120.88
2026-02-14 22:15:00+01:00,121.63883004184929,113.23
2026-02-14 22:30:00+01:00,115.25623366078986,106.94
2026-02-14 22:45:00+01:00,110.93094084268287,103.76
2026-02-14 23:00:00+01:00,119.65883444918862,103.75
2026-02-14 23:15:00+01:00,116.6485819674015,103.42
2026-02-14 23:30:00+01:00,108.52027548543475,100.9
2026-02-14 23:45:00+01:00,104.50434466986417,96.33
2026-02-15 00:00:00+01:00,107.07259317778116,107.51
2026-02-15 00:15:00+01:00,101.43247464092693,101.67
2026-02-15 00:30:00+01:00,100.23669960718948,99.67
2026-02-15 00:45:00+01:00,97.40089926952281,98.26
2026-02-15 01:00:00+01:00,104.58066228566179,103.9
2026-02-15 01:15:00+01:00,101.26904414065537,100.44
2026-02-15 01:30:00+01:00,99.96706061748804,99.06
2026-02-15 01:45:00+01:00,98.60202641883578,96.39
2026-02-15 02:00:00+01:00,102.66449738271783,100.54
2026-02-15 02:15:00+01:00,99.62017157962505,100.75
2026-02-15 02:30:00+01:00,100.19119148457412,100.9
2026-02-15 02:45:00+01:00,98.57897110243036,100.83
2026-02-15 03:00:00+01:00,99.8808160040065,100.29
2026-02-15 03:15:00+01:00,100.09123043348578,99.15
2026-02-15 03:30:00+01:00,99.5701215100124,97.35
2026-02-15 03:45:00+01:00,100.08601640066333,95.31
2026-02-15 04:00:00+01:00,102.11471735320676,98.25
2026-02-15 04:15:00+01:00,101.44737403587075,97.5
2026-02-15 04:30:00+01:00,100.93233876916509,95.59
2026-02-15 04:45:00+01:00,102.32317041823656,94.74
2026-02-15 05:00:00+01:00,101.96443234546548,96.67
2026-02-15 05:15:00+01:00,103.82643391070737,93.89
2026-02-15 05:30:00+01:00,103.27960092751533,93.19
2026-02-15 05:45:00+01:00,101.7589348443455,93.67
2026-02-15 06:00:00+01:00,94.81509807075885,92.85
2026-02-15 06:15:00+01:00,98.62177733645419,94.19
2026-02-15 06:30:00+01:00,106.03690859086045,94.73
2026-02-15 06:45:00+01:00,110.86604421615853,94.9
2026-02-15 07:00:00+01:00,106.70211533280752,96.58
2026-02-15 07:15:00+01:00,111.18848750302178,94.97
2026-02-15 07:30:00+01:00,113.56764803274655,96.25
2026-02-15 07:45:00+01:00,119.59453261523294,96.66
2026-02-15 08:00:00+01:00,120.40501858108232,100.67
2026-02-15 08:15:00+01:00,120.74457439058578,97.54
2026-02-15 08:30:00+01:00,121.70119715156684,95.67
2026-02-15 08:45:00+01:00,126.33150105985996,93.32
2026-02-15 09:00:00+01:00,135.647848295209,99.15
2026-02-15 09:15:00+01:00,130.08208192977324,94.3
2026-02-15 09:30:00+01:00,122.93389591407163,92.51
2026-02-15 09:45:00+01:00,104.18128864848846,86.3
2026-02-15 10:00:00+01:00,118.7232123088952,91.49
2026-02-15 10:15:00+01:00,109.3947881426119,86.74
2026-02-15 10:30:00+01:00,100.56301722800359,82.92
2026-02-15 10:45:00+01:00,93.45752733934593,70.92
2026-02-15 11:00:00+01:00,105.60227443454326,79.73
2026-02-15 11:15:00+01:00,99.90786403239439,76.39
2026-02-15 11:30:00+01:00,96.46185364384021,74.42
2026-02-15 11:45:00+01:00,92.20118466342211,68.35
2026-02-15 12:00:00+01:00,97.27181738500637,69.92
2026-02-15 12:15:00+01:00,90.77773184234825,71.3
2026-02-15 12:30:00+01:00,88.16883060891999,66.69
2026-02-15 12:45:00+01:00,85.89749315408466,61.57
2026-02-15 13:00:00+01:00,85.69663539542078,66.88
2026-02-15 13:15:00+01:00,85.14537106777765,64.72
2026-02-15 13:30:00+01:00,88.6625978396543,64.04
2026-02-15 13:45:00+01:00,90.5543182985946,61.99
2026-02-15 14:00:00+01:00,89.1400796634666,63.71
2026-02-15 14:15:00+01:00,92.60520104434318,60.3
2026-02-15 14:30:00+01:00,105.25741740946626,65.83
2026-02-15 14:45:00+01:00,103.06771608282772,67.85
2026-02-15 15:00:00+01:00,88.95907231382236,62.05
2026-02-15 15:15:00+01:00,104.62580503476961,66.37
2026-02-15 15:30:00+01:00,104.5069911564243,74.29
2026-02-15 15:45:00+01:00,96.51965353167718,85.1
2026-02-15 16:00:00+01:00,109.59939092677136,71.2
2026-02-15 16:15:00+01:00,108.12340375174811,82.67
2026-02-15 16:30:00+01:00,104.27960160247945,88.68
2026-02-15 16:45:00+01:00,105.13825879481486,94.27
2026-02-15 17:00:00+01:00,108.20215129866784,92.5
2026-02-15 17:15:00+01:00,106.68476642433095,96.99
2026-02-15 17:30:00+01:00,111.14754694949245,98.5
2026-02-15 17:45:00+01:00,113.78917546256511,97.55
2026-02-15 18:00:00+01:00,114.53845367514558,99.73
2026-02-15 18:15:00+01:00,115.29102371975084,99.98
2026-02-15 18:30:00+01:00,112.93374191938045,98.82
2026-02-15 18:45:00+01:00,112.61140788089315,94.28
2026-02-15 19:00:00+01:00,109.67830661396462,92.7
2026-02-15 19:15:00+01:00,108.16179712839121,87.91
2026-02-15 19:30:00+01:00,104.88430353976663,81.9
2026-02-15 19:45:00+01:00,98.98465558311865,71.94
2026-02-15 20:00:00+01:00,104.59299670963995,82.82
2026-02-15 20:15:00+01:00,99.2657516340383,76.7
2026-02-15 20:30:00+01:00,97.29636395367721,69.49
2026-02-15 20:45:00+01:00,92.29913838731697,55.0
2026-02-15 21:00:00+01:00,97.26264197982492,74.93
2026-02-15 21:15:00+01:00,92.58886789627434,70.25
2026-02-15 21:30:00+01:00,95.2257664676746,65.94
2026-02-15 21:45:00+01:00,88.00016154804732,57.93
2026-02-15 22:00:00+01:00,97.60300821912851,73.0
2026-02-15 22:15:00+01:00,93.57019124071516,66.94
2026-02-15 22:30:00+01:00,93.2777944337328,65.18
2026-02-15 22:45:00+01:00,88.62932647825097,57.34
2026-02-15 23:00:00+01:00,95.21328186954369,71.5
2026-02-15 23:15:00+01:00,87.2786820942386,65.1
2026-02-15 23:30:00+01:00,83.91066635758813,58.49
2026-02-15 23:45:00+01:00,76.99417582883837,37.07
2026-02-16 00:00:00+01:00,61.92481320610976,75.64
2026-02-16 00:15:00+01:00,57.25210071485869,74.09
2026-02-16 00:30:00+01:00,55.36141884741603,65.08
2026-02-16 00:45:00+01:00,54.269643235199375,60.91
2026-02-16 01:00:00+01:00,58.10394282562128,69.29
2026-02-16 01:15:00+01:00,56.46601486015136,64.77
2026-02-16 01:30:00+01:00,54.64189524619138,64.55
2026-02-16 01:45:00+01:00,51.35480200238283,62.89
2026-02-16 02:00:00+01:00,55.29186288488252,64.63
2026-02-16 02:15:00+01:00,53.77382924821556,63.81
2026-02-16 02:30:00+01:00,54.878501123889286,64.63
2026-02-16 02:45:00+01:00,53.9868543832625,64.57
2026-02-16 03:00:00+01:00,52.8416791727943,63.2
2026-02-16 03:15:00+01:00,52.71212237338938,63.71
2026-02-16 03:30:00+01:00,54.8351485578207,65.64
2026-02-16 03:45:00+01:00,58.345765530040396,65.1
2026-02-16 04:00:00+01:00,55.104450459149305,63.01
2026-02-16 04:15:00+01:00,57.98193238107542,63.37
2026-02-16 04:30:00+01:00,61.734103400796315,66.76
2026-02-16 04:45:00+01:00,66.02598502748319,71.07
2026-02-16 05:00:00+01:00,57.41090179662229,60.1
2026-02-16 05:15:00+01:00,67.98456411094652,66.37
2026-02-16 05:30:00+01:00,75.35016801928919,75.91
2026-02-16 05:45:00+01:00,84.77085288231295,77.56
2026-02-16 06:00:00+01:00,68.02363165967016,60.47
2026-02-16 06:15:00+01:00,82.07427121662899,73.23
2026-02-16 06:30:00+01:00,92.15961945986163,83.91
2026-02-16 06:45:00+01:00,102.10317388075288,99.7
2026-02-16 07:00:00+01:00,89.57772518770216,82.37
2026-02-16 07:15:00+01:00,102.63549214199737,94.32
2026-02-16 07:30:00+01:00,105.37594791683465,99.24
2026-02-16 07:45:00+01:00,110.0101815055472,100.36
2026-02-16 08:00:00+01:00,109.02873540917327,97.01
2026-02-16 08:15:00+01:00,111.21351543732762,103.01
2026-02-16 08:30:00+01:00,110.37953912705014,103.1
2026-02-16 08:45:00+01:00,107.89175397062856,101.01
2026-02-16 09:00:00+01:00,111.68938216498036,106.53
2026-02-16 09:15:00+01:00,107.60190321594892,104.14
2026-02-16 09:30:00+01:00,95.61615960782166,104.0
2026-02-16 09:45:00+01:00,85.47209616955067,103.03
2026-02-16 10:00:00+01:00,105.38413672736115,111.82
2026-02-16 10:15:00+01:00,90.08488471631637,102.01
2026-02-16 10:30:00+01:00,87.60966792946724,97.7
2026-02-16 10:45:00+01:00,85.78454434353449,94.63
2026-02-16 11:00:00+01:00,93.37842913857307,97.58
2026-02-16 11:15:00+01:00,89.75040902189076,94.52
2026-02-16 11:30:00+01:00,88.37124540910108,93.94
2026-02-16 11:45:00+01:00,88.19700610008002,93.4
2026-02-16 12:00:00+01:00,82.60768670070765,91.89
2026-02-16 12:15:00+01:00,84.20064684249232,91.9
2026-02-16 12:30:00+01:00,85.71204879056057,92.27
2026-02-16 12:45:00+01:00,87.90412654586704,91.95
2026-02-16 13:00:00+01:00,84.7019506504362,93.57
2026-02-16 13:15:00+01:00,87.96659155599038,93.46
2026-02-16 13:30:00+01:00,92.52603054991488,93.75
2026-02-16 13:45:00+01:00,111.39045530940625,96.83
2026-02-16 14:00:00+01:00,85.30475848648922,90.99
2026-02-16 14:15:00+01:00,88.83012601445829,93.68
2026-02-16 14:30:00+01:00,119.8453416811949,99.42
2026-02-16 14:45:00+01:00,129.70636157081873,99.96
2026-02-16 15:00:00+01:00,93.9034631418517,95.91
2026-02-16 15:15:00+01:00,124.56585222264101,98.6
2026-02-16 15:30:00+01:00,136.9996890973332,107.87
2026-02-16 15:45:00+01:00,143.37587204248752,113.92
2026-02-16 16:00:00+01:00,122.73814114599891,106.11
2026-02-16 16:15:00+01:00,132.71272131976949,114.65
2026-02-16 16:30:00+01:00,141.6644147124282,118.03
2026-02-16 16:45:00+01:00,154.74841879991737,122.42
2026-02-16 17:00:00+01:00,140.14491227219324,120.2
2026-02-16 17:15:00+01:00,152.6293854617462,129.39
2026-02-16 17:30:00+01:00,158.0598747715197,131.77
2026-02-16 17:45:00+01:00,160.87526271951484,140.06
2026-02-16 18:00:00+01:00,153.46725547660427,132.03
2026-02-16 18:15:00+01:00,147.4208226828932,129.22
2026-02-16 18:30:00+01:00,148.43188984929282,128.8
2026-02-16 18:45:00+01:00,150.38126910714502,126.42
2026-02-16 19:00:00+01:00,153.6121393766396,133.14
2026-02-16 19:15:00+01:00,146.81299610389652,126.59
2026-02-16 19:30:00+01:00,147.4543699735565,126.61
2026-02-16 19:45:00+01:00,144.33653339518574,119.08
2026-02-16 20:00:00+01:00,143.18847095979396,121.79
2026-02-16 20:15:00+01:00,137.42231481031928,119.5
2026-02-16 20:30:00+01:00,134.07333303164472,113.81
2026-02-16 20:45:00+01:00,133.65244352822634,107.43
2026-02-16 21:00:00+01:00,136.46857459222406,112.26
2026-02-16 21:15:00+01:00,130.08693935959548,107.94
2026-02-16 21:30:00+01:00,137.76096401002917,99.73
2026-02-16 21:45:00+01:00,118.90834391908376,95.66
2026-02-16 22:00:00+01:00,129.810283566909,106.0
2026-02-16 22:15:00+01:00,123.71742142469154,104.98
2026-02-16 22:30:00+01:00,114.86285892063655,101.23
2026-02-16 22:45:00+01:00,113.45791771027748,95.47
2026-02-16 23:00:00+01:00,112.87339830015928,101.58
2026-02-16 23:15:00+01:00,111.7822894836764,94.64
2026-02-16 23:30:00+01:00,112.90308568457485,89.32
2026-02-16 23:45:00+01:00,101.74140254462488,85.48
2026-02-17 00:00:00+01:00,96.12103073913735,89.45
2026-02-17 00:15:00+01:00,92.68044154822923,88.09
2026-02-17 00:30:00+01:00,89.22671446989445,85.73
2026-02-17 00:45:00+01:00,86.52045356343372,84.81
2026-02-17 01:00:00+01:00,91.77760212684197,86.56
2026-02-17 01:15:00+01:00,88.21856699585317,84.78
2026-02-17 01:30:00+01:00,87.8206230138572,84.81
2026-02-17 01:45:00+01:00,86.87054408370936,84.27
2026-02-17 02:00:00+01:00,89.1536250719856,84.45
2026-02-17 02:15:00+01:00,87.54854870753795,84.39
2026-02-17 02:30:00+01:00,86.97194481439968,85.27
2026-02-17 02:45:00+01:00,87.58006264499713,85.01
2026-02-17 03:00:00+01:00,87.352911367505,86.33
2026-02-17 03:15:00+01:00,87.37041702245986,85.85
2026-02-17 03:30:00+01:00,87.16108727746143,85.92
2026-02-17 03:45:00+01:00,88.67442207710178,84.5
2026-02-17 04:00:00+01:00,86.89931339841857,82.47
2026-02-17 04:15:00+01:00,88.4799216154538,86.05
2026-02-17 04:30:00+01:00,89.32490620364509,83.78
2026-02-17 04:45:00+01:00,91.61571961792805,86.97
2026-02-17 05:00:00+01:00,89.61850085640746,83.21
2026-02-17 05:15:00+01:00,94.30169166377608,85.72
2026-02-17 05:30:00+01:00,96.3161388275717,87.98
2026-02-17 05:45:00+01:00,105.18816010088032,98.46
2026-02-17 06:00:00+01:00,94.40627564808554,87.85
2026-02-17 06:15:00+01:00,105.05225590608565,102.99
2026-02-17 06:30:00+01:00,115.79769742168723,105.55
2026-02-17 06:45:00+01:00,130.3606046648205,114.5
2026-02-17 07:00:00+01:00,121.39794110091486,105.66
2026-02-17 07:15:00+01:00,137.20468341511403,110.15
2026-02-17 07:30:00+01:00,147.64547722138786,116.46
2026-02-17 07:45:00+01:00,153.68655185053942,125.04
2026-02-17 08:00:00+01:00,159.2610977209307,118.04
2026-02-17 08:15:00+01:00,158.58222353256838,116.29
2026-02-17 08:30:00+01:00,154.65966856771783,113.54
2026-02-17 08:45:00+01:00,144.1637623728236,111.55
2026-02-17 09:00:00+01:00,158.47981890312968,125.25
2026-02-17 09:15:00+01:00,145.16776721178678,111.8
2026-02-17 09:30:00+01:00,135.76135369836166,105.88
2026-02-17 09:45:00+01:00,111.07064854927987,100.42
2026-02-17 10:00:00+01:00,142.8229473156799,106.26
2026-02-17 10:15:00+01:00,111.08986150835962,103.13
2026-02-17 10:30:00+01:00,113.22343989343075,100.73
2026-02-17 10:45:00+01:00,101.75625185279782,99.48
2026-02-17 11:00:00+01:00,110.08155127311528,100.41
2026-02-17 11:15:00+01:00,104.2086953370725,97.08
2026-02-17 11:30:00+01:00,100.29189629214669,89.44
2026-02-17 11:45:00+01:00,94.19832451951656,85.29
2026-02-17 12:00:00+01:00,102.34650276307583,88.32
2026-02-17 12:15:00+01:00,97.3810019172856,84.42
2026-02-17 12:30:00+01:00,90.88262574367702,83.71
2026-02-17 12:45:00+01:00,92.8432530920069,79.31
2026-02-17 13:00:00+01:00,92.17912008997006,86.98
2026-02-17 13:15:00+01:00,91.90313576345022,83.1
2026-02-17 13:30:00+01:00,100.6848748654096,79.0
2026-02-17 13:45:00+01:00,118.5358761023965,80.09
2026-02-17 14:00:00+01:00,96.6929705920205,82.21
2026-02-17 14:15:00+01:00,101.39817442460028,82.03
2026-02-17 14:30:00+01:00,126.63620531289621,82.29
2026-02-17 14:45:00+01:00,136.98100382933026,83.14
2026-02-17 15:00:00+01:00,101.92578858351335,82.11
2026-02-17 15:15:00+01:00,130.85776149339807,82.74
2026-02-17 15:30:00+01:00,144.52536019337782,86.68
2026-02-17 15:45:00+01:00,154.3500903203407,93.98
2026-02-17 16:00:00+01:00,134.31040022908329,90.35
2026-02-17 16:15:00+01:00,147.0046300914936,91.03
2026-02-17 16:30:00+01:00,159.4690501255696,92.03
2026-02-17 16:45:00+01:00,176.63583056146436,102.92
2026-02-17 17:00:00+01:00,157.88027681543508,103.0
2026-02-17 17:15:00+01:00,172.29493873755703,107.8
2026-02-17 17:30:00+01:00,177.63293368130905,111.84
2026-02-17 17:45:00+01:00,170.38659899475707,120.58
2026-02-17 18:00:00+01:00,169.63763582179752,120.37
2026-02-17 18:15:00+01:00,161.75435448306118,121.5
2026-02-17 18:30:00+01:00,155.15747296659708,131.89
2026-02-17 18:45:00+01:00,152.7882161069832,134.14
2026-02-17 19:00:00+01:00,160.30926134519797,133.39
2026-02-17 19:15:00+01:00,148.6717306280031,129.76
2026-02-17 19:30:00+01:00,142.28048650539793,123.75
2026-02-17 19:45:00+01:00,136.1042767505769,119.5
2026-02-17 20:00:00+01:00,145.13760859974784,119.41
2026-02-17 20:15:00+01:00,131.56678803188703,112.24
2026-02-17 20:30:00+01:00,124.56079160716939,108.43
2026-02-17 20:45:00+01:00,118.04780174448474,104.83
2026-02-17 21:00:00+01:00,131.0812412244931,110.94
2026-02-17 21:15:00+01:00,123.36509974414932,105.19
2026-02-17 21:30:00+01:00,116.46515309272114,97.18
2026-02-17 21:45:00+01:00,107.80178560698445,86.5
2026-02-17 22:00:00+01:00,122.87986980695351,98.04
2026-02-17 22:15:00+01:00,114.65728411106161,95.52
2026-02-17 22:30:00+01:00,110.52148204011743,89.88
2026-02-17 22:45:00+01:00,105.58550597022221,89.46
2026-02-17 23:00:00+01:00,114.29390520484,93.89
2026-02-17 23:15:00+01:00,105.28253063738153,90.57
2026-02-17 23:30:00+01:00,99.95155952645015,88.26
2026-02-17 23:45:00+01:00,91.5691738059556,85.72
2026-02-18 00:00:00+01:00,92.37775931205802,96.14
2026-02-18 00:15:00+01:00,90.74062840307646,96.66
2026-02-18 00:30:00+01:00,87.02035446753573,95.12
2026-02-18 00:45:00+01:00,85.49877553509752,94.6
2026-02-18 01:00:00+01:00,89.5733219609888,94.66
2026-02-18 01:15:00+01:00,87.43101912547677,93.08
2026-02-18 01:30:00+01:00,88.64500910490499,93.46
2026-02-18 01:45:00+01:00,89.02883241176922,93.05
2026-02-18 02:00:00+01:00,88.57454523976358,92.84
2026-02-18 02:15:00+01:00,88.22193355988307,93.64
2026-02-18 02:30:00+01:00,89.61706562332996,93.85
2026-02-18 02:45:00+01:00,89.93507994158479,92.84
2026-02-18 03:00:00+01:00,88.41314900676842,93.73
2026-02-18 03:15:00+01:00,90.16654561679407,92.44
2026-02-18 03:30:00+01:00,90.04607054590475,91.47
2026-02-18 03:45:00+01:00,93.11456836641294,93.06
2026-02-18 04:00:00+01:00,89.40342748840713,90.4
2026-02-18 04:15:00+01:00,91.9558094341901,93.07
2026-02-18 04:30:00+01:00,91.41290702829582,94.37
2026-02-18 04:45:00+01:00,94.25589627758697,95.83
2026-02-18 05:00:00+01:00,88.7544643754994,96.72
2026-02-18 05:15:00+01:00,94.4462256409117,96.92
2026-02-18 05:30:00+01:00,103.55396290745165,100.99
2026-02-18 05:45:00+01:00,105.48919619383376,110.16
2026-02-18 06:00:00+01:00,95.90496331014685,98.15
2026-02-18 06:15:00+01:00,107.1976343394303,111.62
2026-02-18 06:30:00+01:00,116.15156733698575,129.49
2026-02-18 06:45:00+01:00,156.21450023636737,150.79
2026-02-18 07:00:00+01:00,120.17627084394368,148.45
2026-02-18 07:15:00+01:00,138.57951384516824,165.93
2026-02-18 07:30:00+01:00,146.637408235498,187.44
2026-02-18 07:45:00+01:00,155.5397591856055,200.93
2026-02-18 08:00:00+01:00,151.99458685204257,206.43
2026-02-18 08:15:00+01:00,157.74440775731784,202.47
2026-02-18 08:30:00+01:00,150.0066369963126,182.48
2026-02-18 08:45:00+01:00,143.5082618799537,152.99
2026-02-18 09:00:00+01:00,152.45419276108586,156.12
2026-02-18 09:15:00+01:00,138.47602797268252,147.6
2026-02-18 09:30:00+01:00,127.80347027864225,125.49
2026-02-18 09:45:00+01:00,118.2675067792704,113.36
2026-02-18 10:00:00+01:00,131.02035274213665,133.54
2026-02-18 10:15:00+01:00,120.43146476856889,118.27
2026-02-18 10:30:00+01:00,115.05189505982267,109.96
2026-02-18 10:45:00+01:00,108.23519000982407,101.75
2026-02-18 11:00:00+01:00,117.05805654306931,112.8
2026-02-18 11:15:00+01:00,112.32074037079289,106.17
2026-02-18 11:30:00+01:00,111.611047328765,104.34
2026-02-18 11:45:00+01:00,110.16919038690851,101.58
2026-02-18 12:00:00+01:00,109.50784018165656,105.21
2026-02-18 12:15:00+01:00,106.3436770783935,100.81
2026-02-18 12:30:00+01:00,105.42908304388311,99.29
2026-02-18 12:45:00+01:00,106.51771808821462,100.02
2026-02-18 13:00:00+01:00,104.08693077906268,102.36
2026-02-18 13:15:00+01:00,107.72565421372039,100.82
2026-02-18 13:30:00+01:00,108.81883441297771,99.84
2026-02-18 13:45:00+01:00,116.6288569369836,98.99
2026-02-18 14:00:00+01:00,107.31831272934905,97.88
2026-02-18 14:15:00+01:00,115.84167604049523,100.06
2026-02-18 14:30:00+01:00,145.40526284818148,106.16
2026-02-18 14:45:00+01:00,150.32262586109022,110.47
2026-02-18 15:00:00+01:00,119.35869657401648,106.16
2026-02-18 15:15:00+01:00,146.17658424837515,109.5
2026-02-18 15:30:00+01:00,158.8158120723481,114.99
2026-02-18 15:45:00+01:00,155.09210379354175,125.71
2026-02-18 16:00:00+01:00,157.96738012625184,111.0
2026-02-18 16:15:00+01:00,156.93621613168264,120.43
2026-02-18 16:30:00+01:00,156.8028927745434,128.14
2026-02-18 16:45:00+01:00,166.48910242321787,128.76
2026-02-18 17:00:00+01:00,157.56381916381508,137.99
2026-02-18 17:15:00+01:00,156.0230996166424,137.3
2026-02-18 17:30:00+01:00,157.48965250486563,142.38
2026-02-18 17:45:00+01:00,149.8841219259793,143.95
2026-02-18 18:00:00+01:00,154.607618207194,153.49
2026-02-18 18:15:00+01:00,143.96393276153108,144.94
2026-02-18 18:30:00+01:00,137.75858406684208,139.09
2026-02-18 18:45:00+01:00,133.7435751380374,132.87
2026-02-18 19:00:00+01:00,140.12645032537907,129.54
2026-02-18 19:15:00+01:00,129.92124261109606,120.5
2026-02-18 19:30:00+01:00,124.49566709021077,119.46
2026-02-18 19:45:00+01:00,117.22135681970875,109.87
2026-02-18 20:00:00+01:00,123.83192250544019,117.63
2026-02-18 20:15:00+01:00,115.11782905463896,103.29
2026-02-18 20:30:00+01:00,112.20601108737252,97.78
2026-02-18 20:45:00+01:00,107.05168851316114,91.98
2026-02-18 21:00:00+01:00,117.23113173833073,106.14
2026-02-18 21:15:00+01:00,110.05531253458408,101.21
2026-02-18 21:30:00+01:00,105.78406865218554,88.95
2026-02-18 21:45:00+01:00,99.09451778930192,88.26
2026-02-18 22:00:00+01:00,109.68703474463383,101.94
2026-02-18 22:15:00+01:00,105.893264261619,96.01
2026-02-18 22:30:00+01:00,101.8360655627628,90.79
2026-02-18 22:45:00+01:00,96.54406324212412,91.65
2026-02-18 23:00:00+01:00,103.344237690375,97.42
2026-02-18 23:15:00+01:00,96.9094676106794,92.41
2026-02-18 23:30:00+01:00,90.33739320039588,86.92
2026-02-18 23:45:00+01:00,84.19785732521247,81.11
2026-02-19 00:00:00+01:00,91.2738862572012,87.84
2026-02-19 00:15:00+01:00,89.53697837486757,83.29
2026-02-19 00:30:00+01:00,85.90356238015681,83.29
2026-02-19 00:45:00+01:00,82.43842309778233,80.68
2026-02-19 01:00:00+01:00,88.61332208026941,86.75
2026-02-19 01:15:00+01:00,85.20597233677175,83.83
2026-02-19 01:30:00+01:00,83.75227371725387,80.8
2026-02-19 01:45:00+01:00,81.52166620641084,76.02
2026-02-19 02:00:00+01:00,84.92363364781382,84.89
2026-02-19 02:15:00+01:00,82.2119895319618,82.0
2026-02-19 02:30:00+01:00,81.60772874831163,81.0
2026-02-19 02:45:00+01:00,81.12151557250809,79.83
2026-02-19 03:00:00+01:00,81.5121208587958,83.58
2026-02-19 03:15:00+01:00,81.52720834193411,80.76
2026-02-19 03:30:00+01:00,81.35985670649119,80.67
2026-02-19 03:45:00+01:00,80.45935023235957,80.79
2026-02-19 04:00:00+01:00,79.91701597001607,74.09
2026-02-19 04:15:00+01:00,81.49598875783984,76.14
2026-02-19 04:30:00+01:00,82.39131601740407,78.71
2026-02-19 04:45:00+01:00,84.55199788930037,81.68
2026-02-19 05:00:00+01:00,81.99509539409655,79.61
2026-02-19 05:15:00+01:00,84.21452515498065,82.26
2026-02-19 05:30:00+01:00,86.43005961112483,86.39
2026-02-19 05:45:00+01:00,92.11756310650475,88.34
2026-02-19 06:00:00+01:00,85.25091213213699,79.98
2026-02-19 06:15:00+01:00,94.85863877055931,83.37
2026-02-19 06:30:00+01:00,101.30540616934721,87.18
2026-02-19 06:45:00+01:00,111.1236804865592,97.92
2026-02-19 07:00:00+01:00,106.18230609463315,82.01
2026-02-19 07:15:00+01:00,115.53426585909288,89.34
2026-02-19 07:30:00+01:00,122.82849384034657,93.55
2026-02-19 07:45:00+01:00,126.65395328720588,92.05
2026-02-19 08:00:00+01:00,132.1757654767447,94.37
2026-02-19 08:15:00+01:00,131.35984503888642,97.84
2026-02-19 08:30:00+01:00,128.21060015002982,98.26
2026-02-19 08:45:00+01:00,115.59913689856432,97.31
2026-02-19 09:00:00+01:00,129.02460905972893,105.63
2026-02-19 09:15:00+01:00,125.70844344904114,104.25
2026-02-19 09:30:00+01:00,110.97510570099551,103.58
2026-02-19 09:45:00+01:00,99.30035726911211,100.98
2026-02-19 10:00:00+01:00,111.39179553053226,106.81
2026-02-19 10:15:00+01:00,101.304757586665,101.26
2026-02-19 10:30:00+01:00,95.31440618431606,98.3
2026-02-19 10:45:00+01:00,88.75960247134131,97.61
2026-02-19 11:00:00+01:00,93.89762789597384,97.22
2026-02-19 11:15:00+01:00,88.14535807945919,96.84
2026-02-19 11:30:00+01:00,83.48818812743966,95.3
2026-02-19 11:45:00+01:00,80.58074948569052,91.07
2026-02-19 12:00:00+01:00,86.60064916498332,94.52
2026-02-19 12:15:00+01:00,80.57113299618882,90.17
2026-02-19 12:30:00+01:00,79.8141937878971,89.5
2026-02-19 12:45:00+01:00,79.42290160662539,89.81
2026-02-19 13:00:00+01:00,78.79770547566059,90.86
2026-02-19 13:15:00+01:00,78.1789240360094,90.16
2026-02-19 13:30:00+01:00,80.1004708926194,89.76
2026-02-19 13:45:00+01:00,85.31588958899546,89.62
2026-02-19 14:00:00+01:00,79.38811703034143,89.19
2026-02-19 14:15:00+01:00,82.69263353671735,89.7
2026-02-19 14:30:00+01:00,88.57306701096262,89.96
2026-02-19 14:45:00+01:00,115.6132358496255,91.79
2026-02-19 15:00:00+01:00,88.26737867542431,85.28
2026-02-19 15:15:00+01:00,114.40777612304743,88.35
2026-02-19 15:30:00+01:00,122.08861410256573,96.49
2026-02-19 15:45:00+01:00,131.33401642003156,100.23
2026-02-19 16:00:00+01:00,113.69079724536932,88.0
2026-02-19 16:15:00+01:00,122.56538452640484,96.53
2026-02-19 16:30:00+01:00,131.06206079071038,99.33
2026-02-19 16:45:00+01:00,140.69667626680524,101.71
2026-02-19 17:00:00+01:00,131.88347889985388,98.21
2026-02-19 17:15:00+01:00,141.73350754798534,103.36
2026-02-19 17:30:00+01:00,145.92756499904647,108.93
2026-02-19 17:45:00+01:00,143.42486739696983,112.27
2026-02-19 18:00:00+01:00,139.1751345752905,103.92
2026-02-19 18:15:00+01:00,135.0235486561884,106.95
2026-02-19 18:30:00+01:00,132.84202522853457,120.04
2026-02-19 18:45:00+01:00,130.24886622547584,123.16
2026-02-19 19:00:00+01:00,135.05551569057556,123.65
2026-02-19 19:15:00+01:00,127.33420079644682,117.36
2026-02-19 19:30:00+01:00,123.94718408322005,104.44
2026-02-19 19:45:00+01:00,118.09165233666937,100.09
2026-02-19 20:00:00+01:00,122.53441429238528,110.58
2026-02-19 20:15:00+01:00,114.74798570535788,100.0
2026-02-19 20:30:00+01:00,110.86845457519057,97.75
2026-02-19 20:45:00+01:00,104.89699806845375,93.61
2026-02-19 21:00:00+01:00,113.7036362073483,103.92
2026-02-19 21:15:00+01:00,108.53992407826351,97.52
2026-02-19 21:30:00+01:00,101.71367367731484,97.09
2026-02-19 21:45:00+01:00,94.79773728101677,93.93
2026-02-19 22:00:00+01:00,106.7933487749657,98.96
2026-02-19 22:15:00+01:00,101.04742526777964,96.86
2026-02-19 22:30:00+01:00,99.23074466805194,89.05
2026-02-19 22:45:00+01:00,93.15434582290584,83.53
2026-02-19 23:00:00+01:00,98.70797797688346,90.72
2026-02-19 23:15:00+01:00,93.87350213718807,85.34
2026-02-19 23:30:00+01:00,89.59532749707566,83.2
2026-02-19 23:45:00+01:00,83.84264619856394,81.48
2026-02-20 00:00:00+01:00,89.98993631797366,87.53
2026-02-20 00:15:00+01:00,86.6172786714614,85.16
2026-02-20 00:30:00+01:00,82.7036257672439,86.27
2026-02-20 00:45:00+01:00,79.97045444921176,85.28
2026-02-20 01:00:00+01:00,85.24474391462596,86.83
2026-02-20 01:15:00+01:00,82.93438222788181,86.57
2026-02-20 01:30:00+01:00,81.3935586430596,85.62
2026-02-20 01:45:00+01:00,80.3325943654356,84.69
2026-02-20 02:00:00+01:00,82.0030260293261,86.25
2026-02-20 02:15:00+01:00,80.83342712345703,85.28
2026-02-20 02:30:00+01:00,80.64905223383215,84.57
2026-02-20 02:45:00+01:00,81.23320621611663,85.65
2026-02-20 03:00:00+01:00,80.90718140761156,84.74
2026-02-20 03:15:00+01:00,80.93776700773417,84.74
2026-02-20 03:30:00+01:00,80.85003278884491,84.86
2026-02-20 03:45:00+01:00,80.75580721461729,85.18
2026-02-20 04:00:00+01:00,78.58846909832782,82.4
2026-02-20 04:15:00+01:00,81.82932869178356,83.41
2026-02-20 04:30:00+01:00,83.15396406270203,85.08
2026-02-20 04:45:00+01:00,84.20254132428934,86.78
2026-02-20 05:00:00+01:00,81.34530985617154,85.53
2026-02-20 05:15:00+01:00,84.16327503464082,85.32
2026-02-20 05:30:00+01:00,86.24218012939802,89.61
2026-02-20 05:45:00+01:00,92.4348556316541,100.62
2026-02-20 06:00:00+01:00,83.96225210018521,85.22
2026-02-20 06:15:00+01:00,95.07012237551268,105.27
2026-02-20 06:30:00+01:00,103.00385760880485,111.97
2026-02-20 06:45:00+01:00,113.87897717013158,116.87
2026-02-20 07:00:00+01:00,107.7034015084307,109.21
2026-02-20 07:15:00+01:00,117.85176709293476,112.4
2026-02-20 07:30:00+01:00,123.39915041661641,118.81
2026-02-20 07:45:00+01:00,127.97987707272532,114.71
2026-02-20 08:00:00+01:00,132.56327970413184,121.17
2026-02-20 08:15:00+01:00,131.57972237483165,121.93
2026-02-20 08:30:00+01:00,126.4881827276814,114.72
2026-02-20 08:45:00+01:00,111.6042906386674,106.75
2026-02-20 09:00:00+01:00,127.1446258973878,122.42
2026-02-20 09:15:00+01:00,123.38650285547047,115.72
2026-02-20 09:30:00+01:00,106.83575191534197,104.29
2026-02-20 09:45:00+01:00,98.90857980744624,94.3
2026-02-20 10:00:00+01:00,113.8324373707294,103.41
2026-02-20 10:15:00+01:00,101.58545764663377,94.34
2026-02-20 10:30:00+01:00,99.02173223959672,85.05
2026-02-20 10:45:00+01:00,89.32832086720767,81.6
2026-02-20 11:00:00+01:00,95.1094209253113,90.08
2026-02-20 11:15:00+01:00,90.43570008411776,85.9
2026-02-20 11:30:00+01:00,87.5797521049921,82.71
2026-02-20 11:45:00+01:00,82.76902151129914,76.04
2026-02-20 12:00:00+01:00,88.13210578564725,84.93
2026-02-20 12:15:00+01:00,83.28425057894742,82.41
2026-02-20 12:30:00+01:00,82.07871736164141,79.02
2026-02-20 12:45:00+01:00,83.3612824144075,77.69
2026-02-20 13:00:00+01:00,84.34330557202232,80.22
2026-02-20 13:15:00+01:00,81.54375287155261,81.02
2026-02-20 13:30:00+01:00,86.947408930692,80.52
2026-02-20 13:45:00+01:00,88.50868093622397,76.64
2026-02-20 14:00:00+01:00,84.32230382509485,75.62
2026-02-20 14:15:00+01:00,87.80312719980158,80.13
2026-02-20 14:30:00+01:00,111.07188210866059,81.04
2026-02-20 14:45:00+01:00,111.03532818477919,83.04
2026-02-20 15:00:00+01:00,89.53436383667211,73.55
2026-02-20 15:15:00+01:00,112.54098126369814,83.59
2026-02-20 15:30:00+01:00,117.77750575088591,85.41
2026-02-20 15:45:00+01:00,119.30181864209987,91.31
2026-02-20 16:00:00+01:00,112.52062576945258,82.52
2026-02-20 16:15:00+01:00,116.43320589184167,93.41
2026-02-20 16:30:00+01:00,117.52627678703698,94.73
2026-02-20 16:45:00+01:00,123.08823622616116,96.77
2026-02-20 17:00:00+01:00,119.3266023168526,97.39
2026-02-20 17:15:00+01:00,117.86941142607617,99.46
2026-02-20 17:30:00+01:00,119.91325997454743,104.94
2026-02-20 17:45:00+01:00,117.5169808151363,103.96
2026-02-20 18:00:00+01:00,122.02060981076944,98.57
2026-02-20 18:15:00+01:00,113.59972504430748,98.16
2026-02-20 18:30:00+01:00,111.7380725430174,90.34
2026-02-20 18:45:00+01:00,106.12033719054486,88.06
2026-02-20 19:00:00+01:00,110.71137243279475,91.46
2026-02-20 19:15:00+01:00,102.94635756727095,89.63
2026-02-20 19:30:00+01:00,95.82347758677946,82.26
2026-02-20 19:45:00+01:00,85.87499257967208,68.6
2026-02-20 20:00:00+01:00,99.41852503688042,96.0
2026-02-20 20:15:00+01:00,90.55076038856105,83.48
2026-02-20 20:30:00+01:00,86.30822713000417,73.02
2026-02-20 20:45:00+01:00,82.27047979142884,62.36
2026-02-20 21:00:00+01:00,94.3924531807375,87.84
2026-02-20 21:15:00+01:00,87.21223804552093,75.43
2026-02-20 21:30:00+01:00,81.65942939489427,61.88
2026-02-20 21:45:00+01:00,76.94007422768084,46.84
2026-02-20 22:00:00+01:00,88.26664555412961,81.64
2026-02-20 22:15:00+01:00,82.15264564079575,69.55
2026-02-20 22:30:00+01:00,84.45692806502991,61.26
2026-02-20 22:45:00+01:00,76.50030228714476,46.11
2026-02-20 23:00:00+01:00,82.72136240538646,59.79
2026-02-20 23:15:00+01:00,74.74330990623368,48.65
2026-02-20 23:30:00+01:00,69.19765743990165,45.6
2026-02-20 23:45:00+01:00,60.93897741278401,33.18
2026-02-21 00:00:00+01:00,62.136499313511806,56.53
2026-02-21 00:15:00+01:00,52.78026286182482,52.63
2026-02-21 00:30:00+01:00,45.952954017032276,51.49
2026-02-21 00:45:00+01:00,39.97008500243813,49.11
2026-02-21 01:00:00+01:00,49.402653324435065,52.88
2026-02-21 01:15:00+01:00,43.536444467697116,47.1
2026-02-21 01:30:00+01:00,38.74250150001131,48.18
2026-02-21 01:45:00+01:00,35.97436943047695,38.42
2026-02-21 02:00:00+01:00,39.831757636213105,50.23
2026-02-21 02:15:00+01:00,37.09063486075367,47.09
2026-02-21 02:30:00+01:00,38.56821732432681,41.52
2026-02-21 02:45:00+01:00,32.99278834481699,34.99
2026-02-21 03:00:00+01:00,39.90415991079316,46.37
2026-02-21 03:15:00+01:00,35.55942291889566,41.05
2026-02-21 03:30:00+01:00,35.559646976014,37.58
2026-02-21 03:45:00+01:00,32.480814175411005,41.63
2026-02-21 04:00:00+01:00,34.78911400612642,40.08
2026-02-21 04:15:00+01:00,34.39715666352825,38.79
2026-02-21 04:30:00+01:00,38.324008921396995,40.03
2026-02-21 04:45:00+01:00,36.41690007180828,37.0
2026-02-21 05:00:00+01:00,35.24592933332535,36.8
2026-02-21 05:15:00+01:00,44.750541975211455,35.72
2026-02-21 05:30:00+01:00,46.590427025759105,40.16
2026-02-21 05:45:00+01:00,53.99607661960658,45.23
2026-02-21 06:00:00+01:00,38.02307143347836,24.94
2026-02-21 06:15:00+01:00,55.46620160797534,29.95
2026-02-21 06:30:00+01:00,58.53231006399762,38.01
2026-02-21 06:45:00+01:00,59.72679808481898,50.54
2026-02-21 07:00:00+01:00,60.11387157244963,42.37
2026-02-21 07:15:00+01:00,67.4968253050022,38.35
2026-02-21 07:30:00+01:00,70.62380157224493,50.66
2026-02-21 07:45:00+01:00,70.82381540748575,56.58
2026-02-21 08:00:00+01:00,76.89825456531203,51.96
2026-02-21 08:15:00+01:00,74.17980715582858,52.93
2026-02-21 08:30:00+01:00,69.49659701575985,59.08
2026-02-21 08:45:00+01:00,56.27066979155543,60.23
2026-02-21 09:00:00+01:00,66.02663379134711,60.02
2026-02-21 09:15:00+01:00,61.103854714859146,55.31
2026-02-21 09:30:00+01:00,57.47835264654662,59.95
2026-02-21 09:45:00+01:00,56.06935927760109,56.86
2026-02-21 10:00:00+01:00,64.26533337585897,64.52
2026-02-21 10:15:00+01:00,50.55263611953031,61.99
2026-02-21 10:30:00+01:00,54.12587792031643,57.18
2026-02-21 10:45:00+01:00,56.46853918702948,54.41
2026-02-21 11:00:00+01:00,52.529043904195355,61.81
2026-02-21 11:15:00+01:00,55.725394629553335,57.78
2026-02-21 11:30:00+01:00,52.69487492202164,53.96
2026-02-21 11:45:00+01:00,43.864074295801935,47.99
2026-02-21 12:00:00+01:00,47.38215830562919,61.8
2026-02-21 12:15:00+01:00,46.11370820751894,51.36
2026-02-21 12:30:00+01:00,48.138954513387965,46.47
2026-02-21 12:45:00+01:00,45.55394355140062,42.48
2026-02-21 13:00:00+01:00,40.36533335139606,47.75
2026-02-21 13:15:00+01:00,45.42509386780355,44.92
2026-02-21 13:30:00+01:00,36.71421380433994,44.79
2026-02-21 13:45:00+01:00,43.429935238807396,43.19
2026-02-21 14:00:00+01:00,32.018932271093156,43.05
2026-02-21 14:15:00+01:00,32.97712091224888,50.7
2026-02-21 14:30:00+01:00,75.56680620591196,59.1
2026-02-21 14:45:00+01:00,82.05147660600882,71.17
2026-02-21 15:00:00+01:00,48.24286840734258,49.33
2026-02-21 15:15:00+01:00,80.59818681680692,60.23
2026-02-21 15:30:00+01:00,52.68230617528218,78.08
2026-02-21 15:45:00+01:00,73.99811287972273,87.9
2026-02-21 16:00:00+01:00,81.06380262264315,67.51
2026-02-21 16:15:00+01:00,84.41900777541309,82.75
2026-02-21 16:30:00+01:00,89.58106545020578,88.57
2026-02-21 16:45:00+01:00,96.80653860811661,88.93
2026-02-21 17:00:00+01:00,91.85340097142252,88.26
2026-02-21 17:15:00+01:00,96.32391089894068,96.89
2026-02-21 17:30:00+01:00,99.25311474161882,102.69
2026-02-21 17:45:00+01:00,103.35421895823654,106.7
2026-02-21 18:00:00+01:00,104.5667320843899,106.8
2026-02-21 18:15:00+01:00,104.14374532326845,109.48
2026-02-21 18:30:00+01:00,104.21740901751215,109.72
2026-02-21 18:45:00+01:00,100.8184694254195,107.25
2026-02-21 19:00:00+01:00,102.91917833044579,107.01
2026-02-21 19:15:00+01:00,98.40258649878021,101.8
2026-02-21 19:30:00+01:00,96.88057564262647,98.73
2026-02-21 19:45:00+01:00,93.72409745055398,97.15
2026-02-21 20:00:00+01:00,97.73416829745732,96.49
2026-02-21 20:15:00+01:00,92.1114541111613,87.27
2026-02-21 20:30:00+01:00,89.23167055680071,87.31
2026-02-21 20:45:00+01:00,88.8003963061801,85.32
2026-02-21 21:00:00+01:00,95.17143937621049,86.18
2026-02-21 21:15:00+01:00,92.3210651733273,84.84
2026-02-21 21:30:00+01:00,87.14492996488285,82.23
2026-02-21 21:45:00+01:00,81.90566651505979,78.0
2026-02-21 22:00:00+01:00,94.78803100122224,86.0
2026-02-21 22:15:00+01:00,91.19538068029297,80.64
2026-02-21 22:30:00+01:00,87.52659043667332,72.45
2026-02-21 22:45:00+01:00,82.4727452071379,67.28
2026-02-21 23:00:00+01:00,85.83981532173668,79.7
2026-02-21 23:15:00+01:00,84.26506312745653,73.26
2026-02-21 23:30:00+01:00,82.12154500940623,66.7
2026-02-21 23:45:00+01:00,75.63130058871754,47.18
2026-02-22 00:00:00+01:00,71.91610496941297,68.03
2026-02-22 00:15:00+01:00,62.99498369900965,59.34
2026-02-22 00:30:00+01:00,63.98395489577539,53.62
2026-02-22 00:45:00+01:00,58.45392768958748,45.71
2026-02-22 01:00:00+01:00,66.17881637709122,60.23
2026-02-22 01:15:00+01:00,59.726266134142854,55.96
2026-02-22 01:30:00+01:00,56.52583142974798,50.29
2026-02-22 01:45:00+01:00,54.150824487061456,43.56
2026-02-22 02:00:00+01:00,60.271372822059696,50.01
2026-02-22 02:15:00+01:00,57.41854043303054,45.44
2026-02-22 02:30:00+01:00,57.80942341019825,41.68
2026-02-22 02:45:00+01:00,55.35205839230864,39.1
2026-02-22 03:00:00+01:00,56.814628060118906,38.79
2026-02-22 03:15:00+01:00,54.33729159865891,38.07
2026-02-22 03:30:00+01:00,54.75259662725838,45.16
2026-02-22 03:45:00+01:00,55.63277636007044,41.81
2026-02-22 04:00:00+01:00,54.73135731815731,36.91
2026-02-22 04:15:00+01:00,54.7226312987813,35.54
2026-02-22 04:30:00+01:00,54.99197449629409,41.82
2026-02-22 04:45:00+01:00,58.400374391513644,41.8
2026-02-22 05:00:00+01:00,60.71592362980069,39.08
2026-02-22 05:15:00+01:00,65.76791396301799,40.08
2026-02-22 05:30:00+01:00,60.324032069243,37.94
2026-02-22 05:45:00+01:00,65.43455670942977,36.05
2026-02-22 06:00:00+01:00,62.26486275274236,32.3
2026-02-22 06:15:00+01:00,70.77031562660642,34.0
2026-02-22 06:30:00+01:00,68.425477148446,35.26
2026-02-22 06:45:00+01:00,71.06886124947937,37.94
2026-02-22 07:00:00+01:00,69.06364760146039,37.11
2026-02-22 07:15:00+01:00,72.3591780114607,42.65
2026-02-22 07:30:00+01:00,75.52676574307324,41.32
2026-02-22 07:45:00+01:00,76.79482127439576,44.93
2026-02-22 08:00:00+01:00,80.51624710369512,42.06
2026-02-22 08:15:00+01:00,79.14341047604123,44.33
2026-02-22 08:30:00+01:00,71.39295192429795,47.97
2026-02-22 08:45:00+01:00,70.54969916799061,55.06
2026-02-22 09:00:00+01:00,72.55131863252582,53.6
2026-02-22 09:15:00+01:00,71.10599002365589,56.09
2026-02-22 09:30:00+01:00,80.12379139551824,56.09
2026-02-22 09:45:00+01:00,78.87333214212256,56.07
2026-02-22 10:00:00+01:00,64.91155574892099,59.08
2026-02-22 10:15:00+01:00,76.75400933429307,57.35
2026-02-22 10:30:00+01:00,75.49832792676811,54.71
2026-02-22 10:45:00+01:00,78.42075129462566,49.27
2026-02-22 11:00:00+01:00,73.36426390281767,54.71
2026-02-22 11:15:00+01:00,77.84070730859726,55.84
2026-02-22 11:30:00+01:00,76.42264607967266,54.59
2026-02-22 11:45:00+01:00,75.29679975886526,50.71
2026-02-22 12:00:00+01:00,76.74049073725348,51.79
2026-02-22 12:15:00+01:00,72.98585944320396,57.35
2026-02-22 12:30:00+01:00,73.84420823408892,50.37
2026-02-22 12:45:00+01:00,70.99269500918237,42.83
2026-02-22 13:00:00+01:00,79.92673078674422,56.33
2026-02-22 13:15:00+01:00,74.90467262502968,46.09
2026-02-22 13:30:00+01:00,66.52012728711865,40.97
2026-02-22 13:45:00+01:00,72.04788633578814,36.93
2026-02-22 14:00:00+01:00,71.32863392698948,44.13
2026-02-22 14:15:00+01:00,67.8624505137154,42.29
2026-02-22 14:30:00+01:00,60.69907463467791,42.02
2026-02-22 14:45:00+01:00,76.53808103443592,44.79
2026-02-22 15:00:00+01:00,71.6391801995616,45.51
2026-02-22 15:15:00+01:00,50.011491658747644,43.32
2026-02-22 15:30:00+01:00,62.95210601730299,45.51
2026-02-22 15:45:00+01:00,86.09080813825778,57.43
2026-02-22 16:00:00+01:00,78.46774927480449,52.77
2026-02-22 16:15:00+01:00,79.53207079624842,51.12
2026-02-22 16:30:00+01:00,84.03098554927945,57.46
2026-02-22 16:45:00+01:00,89.89516641351386,66.36
2026-02-22 17:00:00+01:00,90.17137684063584,66.42
2026-02-22 17:15:00+01:00,88.50918217765235,72.27
2026-02-22 17:30:00+01:00,85.38684886609033,75.88
2026-02-22 17:45:00+01:00,87.41235692922004,89.23
2026-02-22 18:00:00+01:00,92.64458858458943,74.81
2026-02-22 18:15:00+01:00,91.07562208203501,81.23
2026-02-22 18:30:00+01:00,92.66540861859086,82.0
2026-02-22 18:45:00+01:00,88.11915513930359,79.73
2026-02-22 19:00:00+01:00,92.59458427985629,73.0
2026-02-22 19:15:00+01:00,85.12062343413591,75.28
2026-02-22 19:30:00+01:00,83.2346660932748,80.2
2026-02-22 19:45:00+01:00,79.15193233668695,72.0
2026-02-22 20:00:00+01:00,85.99747051603413,71.98
2026-02-22 20:15:00+01:00,78.8605545286534,68.91
2026-02-22 20:30:00+01:00,76.82577166416814,68.24
2026-02-22 20:45:00+01:00,77.75525247551823,64.94
2026-02-22 21:00:00+01:00,78.82975298448741,69.11
2026-02-22 21:15:00+01:00,78.18810773566634,68.12
2026-02-22 21:30:00+01:00,70.81122745438847,68.97
2026-02-22 21:45:00+01:00,63.87564962691383,64.56
2026-02-22 22:00:00+01:00,81.50659669729467,79.94
2026-02-22 22:15:00+01:00,58.53662596377031,76.39
2026-02-22 22:30:00+01:00,75.86336656989754,69.22
2026-02-22 22:45:00+01:00,66.24874669139442,56.09
2026-02-22 23:00:00+01:00,75.03411145177358,71.17
2026-02-22 23:15:00+01:00,67.21230729788354,56.16
2026-02-22 23:30:00+01:00,67.31653126255594,49.36
2026-02-22 23:45:00+01:00,57.39030572667866,31.1
2026-02-23 00:00:00+01:00,53.9201195543322,50.7
2026-02-23 00:15:00+01:00,48.171727133246435,45.71
2026-02-23 00:30:00+01:00,48.45723623042792,37.92
2026-02-23 00:45:00+01:00,40.16414596878041,47.07
2026-02-23 01:00:00+01:00,46.65481457683285,46.0
2026-02-23 01:15:00+01:00,40.91504370526016,43.14
2026-02-23 01:30:00+01:00,37.24094097776582,42.73
2026-02-23 01:45:00+01:00,28.75058557080336,50.18
2026-02-23 02:00:00+01:00,40.45274219819255,45.92
2026-02-23 02:15:00+01:00,30.3295402604804,43.52
2026-02-23 02:30:00+01:00,29.594535095673308,45.56
2026-02-23 02:45:00+01:00,24.977949073208386,40.9
2026-02-23 03:00:00+01:00,28.110875947555982,45.23
2026-02-23 03:15:00+01:00,25.499509070411364,45.1
2026-02-23 03:30:00+01:00,24.737688643094515,44.29
2026-02-23 03:45:00+01:00,29.18323088073999,45.04
2026-02-23 04:00:00+01:00,23.927014002597957,40.75
2026-02-23 04:15:00+01:00,26.410698138249025,44.14
2026-02-23 04:30:00+01:00,29.531314463001564,46.7
2026-02-23 04:45:00+01:00,38.10944221044678,48.99
2026-02-23 05:00:00+01:00,29.83780715875598,47.75
2026-02-23 05:15:00+01:00,44.288747991530215,42.73
2026-02-23 05:30:00+01:00,52.72900139787035,55.11
2026-02-23 05:45:00+01:00,64.18451595747372,78.69
2026-02-23 06:00:00+01:00,46.92275917238741,55.27
2026-02-23 06:15:00+01:00,67.18486262389496,74.45
2026-02-23 06:30:00+01:00,74.60759051848387,88.12
2026-02-23 06:45:00+01:00,84.96744540628505,93.21
2026-02-23 07:00:00+01:00,78.34302295329921,91.8
2026-02-23 07:15:00+01:00,87.63089844012964,94.78
2026-02-23 07:30:00+01:00,93.55026070905782,98.57
2026-02-23 07:45:00+01:00,94.3292602360855,98.68
2026-02-23 08:00:00+01:00,101.25352268606777,102.64
2026-02-23 08:15:00+01:00,98.97221501092554,100.49
2026-02-23 08:30:00+01:00,96.82080332895947,99.02
2026-02-23 08:45:00+01:00,82.96276215374989,94.02
2026-02-23 09:00:00+01:00,101.14240851019474,97.26
2026-02-23 09:15:00+01:00,90.1542036398532,94.73
2026-02-23 09:30:00+01:00,87.06173669653022,89.81
2026-02-23 09:45:00+01:00,71.22022888885137,68.07
2026-02-23 10:00:00+01:00,83.9256510635352,92.85
2026-02-23 10:15:00+01:00,71.60713263977252,88.14
2026-02-23 10:30:00+01:00,72.56535019201876,58.16
2026-02-23 10:45:00+01:00,65.78120631374867,28.91
2026-02-23 11:00:00+01:00,73.0349034053061,60.36
2026-02-23 11:15:00+01:00,67.38075383541934,64.46
2026-02-23 11:30:00+01:00,64.62771607193746,47.89
2026-02-23 11:45:00+01:00,65.28195100165627,22.69
2026-02-23 12:00:00+01:00,59.62982077283639,22.95
2026-02-23 12:15:00+01:00,59.6932367868854,5.0
2026-02-23 12:30:00+01:00,63.28534831808337,2.5
2026-02-23 12:45:00+01:00,61.27125780903607,1.07
2026-02-23 13:00:00+01:00,63.22459529610668,2.25
2026-02-23 13:15:00+01:00,66.122193159506,1.16
2026-02-23 13:30:00+01:00,60.75300544402256,1.36
2026-02-23 13:45:00+01:00,61.00714753770256,6.84
2026-02-23 14:00:00+01:00,63.59672229939913,10.1
2026-02-23 14:15:00+01:00,53.36620735692295,33.32
2026-02-23 14:30:00+01:00,33.93428041683262,47.16
2026-02-23 14:45:00+01:00,89.93599965913945,48.99
2026-02-23 15:00:00+01:00,56.80408172691867,20.09
2026-02-23 15:15:00+01:00,38.75158507109842,39.0
2026-02-23 15:30:00+01:00,39.00057747685115,78.44
2026-02-23 15:45:00+01:00,97.52794871941293,96.5
2026-02-23 16:00:00+01:00,87.28365299794547,41.64
2026-02-23 16:15:00+01:00,78.19118325371394,80.42
2026-02-23 16:30:00+01:00,102.91954144069426,93.56
2026-02-23 16:45:00+01:00,80.57457963294564,102.41
2026-02-23 17:00:00+01:00,99.31585309991499,83.61
2026-02-23 17:15:00+01:00,105.36060163345041,96.58
2026-02-23 17:30:00+01:00,103.11563415587003,99.57
2026-02-23 17:45:00+01:00,106.73523352057086,104.6
2026-02-23 18:00:00+01:00,105.83440858916323,103.96
2026-02-23 18:15:00+01:00,100.18283443365692,105.46
2026-02-23 18:30:00+01:00,101.85998415485678,105.99
2026-02-23 18:45:00+01:00,99.32920814802486,113.67
2026-02-23 19:00:00+01:00,104.13081700686361,109.04
2026-02-23 19:15:00+01:00,96.43921180931657,110.49
2026-02-23 19:30:00+01:00,94.95984315179427,110.91
2026-02-23 19:45:00+01:00,87.89119351028171,113.15
2026-02-23 20:00:00+01:00,95.40545690147228,102.74
2026-02-23 20:15:00+01:00,88.76642560131229,102.8
2026-02-23 20:30:00+01:00,86.49908086934639,93.74
2026-02-23 20:45:00+01:00,84.19703821386258,92.82
2026-02-23 21:00:00+01:00,90.32272801860717,101.27
2026-02-23 21:15:00+01:00,86.21647211988841,99.93
2026-02-23 21:30:00+01:00,78.04869234339047,95.36
2026-02-23 21:45:00+01:00,70.411866463911,92.38
2026-02-23 22:00:00+01:00,84.27025413419824,100.65
2026-02-23 22:15:00+01:00,73.0649700654777,96.97
2026-02-23 22:30:00+01:00,75.9925996402097,95.37
2026-02-23 22:45:00+01:00,67.31383019473941,90.43
2026-02-23 23:00:00+01:00,75.68906241803074,91.26
2026-02-23 23:15:00+01:00,69.43666478367025,87.89
2026-02-23 23:30:00+01:00,65.98094221976925,87.3
2026-02-23 23:45:00+01:00,55.97440357937924,82.7
2026-02-24 00:00:00+01:00,88.20331403763777,83.99
2026-02-24 00:15:00+01:00,85.56224051232033,84.22
2026-02-24 00:30:00+01:00,84.89580817155132,83.68
2026-02-24 00:45:00+01:00,83.11535357139412,77.54
2026-02-24 01:00:00+01:00,85.51571481810917,83.47
2026-02-24 01:15:00+01:00,83.85825935429266,83.82
2026-02-24 01:30:00+01:00,85.52791722541303,84.2
2026-02-24 01:45:00+01:00,83.62267635173757,84.36
2026-02-24 02:00:00+01:00,84.38853436813618,85.16
2026-02-24 02:15:00+01:00,84.68355985966477,85.66
2026-02-24 02:30:00+01:00,83.75359087151234,85.82
2026-02-24 02:45:00+01:00,84.52514483194784,87.26
2026-02-24 03:00:00+01:00,83.50418605825452,84.15
2026-02-24 03:15:00+01:00,85.35848156278279,85.69
2026-02-24 03:30:00+01:00,86.46674469378455,86.58
2026-02-24 03:45:00+01:00,86.7602900824983,89.38
2026-02-24 04:00:00+01:00,81.88652071415939,87.23
2026-02-24 04:15:00+01:00,84.37621314668264,87.64
2026-02-24 04:30:00+01:00,85.13368107986112,88.01
2026-02-24 04:45:00+01:00,87.59390733314417,89.94
2026-02-24 05:00:00+01:00,84.01638833120478,87.66
2026-02-24 05:15:00+01:00,86.35879998190408,88.73
2026-02-24 05:30:00+01:00,91.27558929175628,96.95
2026-02-24 05:45:00+01:00,98.31665607156378,103.34
2026-02-24 06:00:00+01:00,87.87686359601103,94.0
2026-02-24 06:15:00+01:00,96.30731774007398,106.15
2026-02-24 06:30:00+01:00,103.99314432617922,118.74
2026-02-24 06:45:00+01:00,115.5411640397969,125.6
2026-02-24 07:00:00+01:00,107.43963669225452,118.67
2026-02-24 07:15:00+01:00,119.34863174107481,129.59
2026-02-24 07:30:00+01:00,126.10854137357674,138.39
2026-02-24 07:45:00+01:00,130.9973381374639,145.74
2026-02-24 08:00:00+01:00,134.22070385530864,140.56
2026-02-24 08:15:00+01:00,135.71222145353968,147.1
2026-02-24 08:30:00+01:00,135.18799258688384,151.38
2026-02-24 08:45:00+01:00,122.30021778126888,150.86
2026-02-24 09:00:00+01:00,140.49624884280564,147.02
2026-02-24 09:15:00+01:00,129.53540988490843,145.18
2026-02-24 09:30:00+01:00,132.83099995914674,139.39
2026-02-24 09:45:00+01:00,121.72248171698918,131.29
2026-02-24 10:00:00+01:00,122.81005860146556,149.6
2026-02-24 10:15:00+01:00,130.0543389670139,130.37
2026-02-24 10:30:00+01:00,129.20254638209312,121.62
2026-02-24 10:45:00+01:00,125.71394318047848,113.48
2026-02-24 11:00:00+01:00,134.54850571050116,120.98
2026-02-24 11:15:00+01:00,131.26579098407964,111.61
2026-02-24 11:30:00+01:00,130.90242578462926,109.84
2026-02-24 11:45:00+01:00,127.46480873373181,103.15
2026-02-24 12:00:00+01:00,122.9655108588492,104.44
2026-02-24 12:15:00+01:00,121.54711205715745,99.95
2026-02-24 12:30:00+01:00,124.22015267523054,98.57
2026-02-24 12:45:00+01:00,126.0999071722639,97.8
2026-02-24 13:00:00+01:00,123.5234498323439,101.02
2026-02-24 13:15:00+01:00,125.78466700541699,99.98
2026-02-24 13:30:00+01:00,129.28704079655907,98.45
2026-02-24 13:45:00+01:00,138.63416115786362,97.75
2026-02-24 14:00:00+01:00,119.0816964800127,90.33
2026-02-24 14:15:00+01:00,133.27288329199698,95.06
2026-02-24 14:30:00+01:00,137.6904721910433,96.28
2026-02-24 14:45:00+01:00,135.426210836828,98.35
2026-02-24 15:00:00+01:00,133.3382129713745,97.87
2026-02-24 15:15:00+01:00,137.87858567569486,100.19
2026-02-24 15:30:00+01:00,139.50047406004865,107.99
2026-02-24 15:45:00+01:00,159.0803843716141,122.24
2026-02-24 16:00:00+01:00,133.63383932855987,111.0
2026-02-24 16:15:00+01:00,145.52607391382097,115.74
2026-02-24 16:30:00+01:00,159.91880015918275,131.49
2026-02-24 16:45:00+01:00,177.1310728359528,145.0
2026-02-24 17:00:00+01:00,158.56746025120495,132.44
2026-02-24 17:15:00+01:00,170.47711931749126,157.95
2026-02-24 17:30:00+01:00,170.17587358421537,195.47
2026-02-24 17:45:00+01:00,166.7047025167607,243.02
2026-02-24 18:00:00+01:00,166.80406090882863,198.97
2026-02-24 18:15:00+01:00,156.49843602362552,193.97
2026-02-24 18:30:00+01:00,154.72282236740176,181.84
2026-02-24 18:45:00+01:00,166.44000253939396,161.41
2026-02-24 19:00:00+01:00,161.5706300461954,179.73
2026-02-24 19:15:00+01:00,146.786074208168,144.44
2026-02-24 19:30:00+01:00,140.0384547152029,137.86
2026-02-24 19:45:00+01:00,139.59034214728365,115.64
2026-02-24 20:00:00+01:00,144.21938156547893,130.83
2026-02-24 20:15:00+01:00,129.00516295527245,125.01
2026-02-24 20:30:00+01:00,122.9212891003657,115.11
2026-02-24 20:45:00+01:00,117.10982683368667,104.88
2026-02-24 21:00:00+01:00,128.29637756413186,117.82
2026-02-24 21:15:00+01:00,121.51827239985762,111.2
2026-02-24 21:30:00+01:00,120.87290852390302,106.48
2026-02-24 21:45:00+01:00,115.32201709612148,99.4
2026-02-24 22:00:00+01:00,127.79765657814531,107.43
2026-02-24 22:15:00+01:00,130.00069532543102,103.25
2026-02-24 22:30:00+01:00,115.15348123444076,100.11
2026-02-24 22:45:00+01:00,106.49454425253653,96.03
2026-02-24 23:00:00+01:00,120.84283504127832,98.11
2026-02-24 23:15:00+01:00,110.81359284861466,96.61
2026-02-24 23:30:00+01:00,103.53584021831794,92.43
2026-02-24 23:45:00+01:00,97.55529743615604,88.46
2026-02-25 00:00:00+01:00,98.86410694247552,99.04
2026-02-25 00:15:00+01:00,94.88458124216871,92.68
2026-02-25 00:30:00+01:00,92.97989698758397,89.93
2026-02-25 00:45:00+01:00,89.74868523616495,86.92
2026-02-25 01:00:00+01:00,94.48240381118325,91.48
2026-02-25 01:15:00+01:00,92.2987938628559,89.45
2026-02-25 01:30:00+01:00,93.86772457226405,85.32
2026-02-25 01:45:00+01:00,90.64958742798483,83.36
2026-02-25 02:00:00+01:00,92.48673872374289,87.69
2026-02-25 02:15:00+01:00,91.2239929360439,85.81
2026-02-25 02:30:00+01:00,90.60376208625757,83.54
2026-02-25 02:45:00+01:00,90.43965804000847,82.29
2026-02-25 03:00:00+01:00,90.91918833279522,88.53
2026-02-25 03:15:00+01:00,91.0639197596499,88.06
2026-02-25 03:30:00+01:00,91.90576666536798,88.19
2026-02-25 03:45:00+01:00,90.85512521258562,87.6
2026-02-25 04:00:00+01:00,88.90729743398585,88.31
2026-02-25 04:15:00+01:00,91.14882408640327,87.31
2026-02-25 04:30:00+01:00,91.72315712396217,89.24
2026-02-25 04:45:00+01:00,92.77688705341725,89.58
2026-02-25 05:00:00+01:00,89.75385042947805,87.14
2026-02-25 05:15:00+01:00,91.74942981830525,89.72
2026-02-25 05:30:00+01:00,97.28948359239503,96.15
2026-02-25 05:45:00+01:00,102.57324914151694,99.68
2026-02-25 06:00:00+01:00,93.9197443144541,95.7
2026-02-25 06:15:00+01:00,107.30839488902498,108.48
2026-02-25 06:30:00+01:00,116.44097077947374,120.15
2026-02-25 06:45:00+01:00,133.64352033988268,130.94
2026-02-25 07:00:00+01:00,128.76154168247257,124.64
2026-02-25 07:15:00+01:00,134.86027571145837,133.31
2026-02-25 07:30:00+01:00,142.95080301989157,136.42
2026-02-25 07:45:00+01:00,149.24992667835548,128.56
2026-02-25 08:00:00+01:00,155.07149708385703,137.57
2026-02-25 08:15:00+01:00,155.9166696288887,123.9
2026-02-25 08:30:00+01:00,148.51139843708026,115.85
2026-02-25 08:45:00+01:00,131.26165723524713,102.09
2026-02-25 09:00:00+01:00,148.92832588749383,123.76
2026-02-25 09:15:00+01:00,136.54093842048223,110.7
2026-02-25 09:30:00+01:00,115.23901954334488,100.28
2026-02-25 09:45:00+01:00,103.11466509092975,93.96
2026-02-25 10:00:00+01:00,128.50785662260563,102.16
2026-02-25 10:15:00+01:00,110.70128444367859,95.18
2026-02-25 10:30:00+01:00,95.92630613403436,85.25
2026-02-25 10:45:00+01:00,85.24221375902975,80.73
2026-02-25 11:00:00+01:00,101.60526028388102,87.43
2026-02-25 11:15:00+01:00,90.67400455245756,84.29
2026-02-25 11:30:00+01:00,81.85224887833168,82.67
2026-02-25 11:45:00+01:00,76.16124769235812,65.0
2026-02-25 12:00:00+01:00,82.48394804519292,84.4
2026-02-25 12:15:00+01:00,76.18693726835804,70.91
2026-02-25 12:30:00+01:00,71.8710444105647,57.88
2026-02-25 12:45:00+01:00,67.6079456150508,50.02
2026-02-25 13:00:00+01:00,68.65042632285605,66.07
2026-02-25 13:15:00+01:00,71.72172969361823,60.2
2026-02-25 13:30:00+01:00,74.6130625760349,58.81
2026-02-25 13:45:00+01:00,72.71651906685459,55.71
2026-02-25 14:00:00+01:00,64.7189855851373,45.03
2026-02-25 14:15:00+01:00,62.35163027377651,65.92
2026-02-25 14:30:00+01:00,118.29669754657507,75.47
2026-02-25 14:45:00+01:00,122.488159819886,84.97
2026-02-25 15:00:00+01:00,54.78445260972079,68.65
2026-02-25 15:15:00+01:00,54.87678401198348,73.43
2026-02-25 15:30:00+01:00,131.0403329443514,86.08
2026-02-25 15:45:00+01:00,142.3143933908665,95.77
2026-02-25 16:00:00+01:00,124.6933665359994,77.13
2026-02-25 16:15:00+01:00,134.95799312542508,95.04
2026-02-25 16:30:00+01:00,141.475627998257,103.98
2026-02-25 16:45:00+01:00,149.3024851041434,129.33
2026-02-25 17:00:00+01:00,140.45831511643865,100.37
2026-02-25 17:15:00+01:00,142.88606745996753,108.21
2026-02-25 17:30:00+01:00,143.50396777628174,120.19
2026-02-25 17:45:00+01:00,141.0229643504655,145.8
2026-02-25 18:00:00+01:00,140.84497086443707,134.34
2026-02-25 18:15:00+01:00,135.17178739219227,123.16
2026-02-25 18:30:00+01:00,133.68564382157686,114.91
2026-02-25 18:45:00+01:00,104.83109218336574,114.67
2026-02-25 19:00:00+01:00,133.3129498024323,112.9
2026-02-25 19:15:00+01:00,125.99862264055334,108.83
2026-02-25 19:30:00+01:00,121.1335317817203,104.23
2026-02-25 19:45:00+01:00,111.09682275163458,102.65
2026-02-25 20:00:00+01:00,120.17880070833144,104.99
2026-02-25 20:15:00+01:00,110.75634081839124,96.24
2026-02-25 20:30:00+01:00,105.79380291023077,91.07
2026-02-25 20:45:00+01:00,101.7633114852896,84.72
2026-02-25 21:00:00+01:00,110.77993987731672,94.9
2026-02-25 21:15:00+01:00,104.94585955527636,90.21
2026-02-25 21:30:00+01:00,96.76549330080626,85.01
2026-02-25 21:45:00+01:00,90.37043028880855,79.0
2026-02-25 22:00:00+01:00,105.41123632706584,98.99
2026-02-25 22:15:00+01:00,89.01286980070311,87.1
2026-02-25 22:30:00+01:00,89.85370410934682,82.3
2026-02-25 22:45:00+01:00,83.87249056584598,78.92
2026-02-25 23:00:00+01:00,97.9670471516791,87.83
2026-02-25 23:15:00+01:00,89.25935995798874,82.39
2026-02-25 23:30:00+01:00,83.32695016355929,78.99
2026-02-25 23:45:00+01:00,77.40014737418828,67.27
2026-02-26 00:00:00+01:00,82.31775518370138,82.39
2026-02-26 00:15:00+01:00,79.28045863550147,77.17
2026-02-26 00:30:00+01:00,77.46103013936587,75.14
2026-02-26 00:45:00+01:00,73.79016951125479,70.99
2026-02-26 01:00:00+01:00,78.7649528571101,80.0
2026-02-26 01:15:00+01:00,75.87865822450517,72.22
2026-02-26 01:30:00+01:00,76.30334907163964,70.64
2026-02-26 01:45:00+01:00,72.38848325605119,66.7
2026-02-26 02:00:00+01:00,76.68428257953532,69.24
2026-02-26 02:15:00+01:00,75.21572725173101,68.24
2026-02-26 02:30:00+01:00,73.62563881502632,68.25
2026-02-26 02:45:00+01:00,71.47908025057733,69.24
2026-02-26 03:00:00+01:00,71.72617729965053,69.46
2026-02-26 03:15:00+01:00,72.44966225995653,69.3
2026-02-26 03:30:00+01:00,73.13692627374098,70.5
2026-02-26 03:45:00+01:00,72.66153113952086,62.47
2026-02-26 04:00:00+01:00,72.15852420744598,64.47
2026-02-26 04:15:00+01:00,72.13141042153985,65.86
2026-02-26 04:30:00+01:00,73.74634492604855,68.25
2026-02-26 04:45:00+01:00,75.71161508994543,70.93
2026-02-26 05:00:00+01:00,72.92346930795594,64.38
2026-02-26 05:15:00+01:00,73.50487302234137,69.19
2026-02-26 05:30:00+01:00,77.4215151858431,76.84
2026-02-26 05:45:00+01:00,82.80608007110138,93.01
2026-02-26 06:00:00+01:00,74.24692179590814,74.06
2026-02-26 06:15:00+01:00,85.35982686275518,101.77
2026-02-26 06:30:00+01:00,90.5022709786148,112.4
2026-02-26 06:45:00+01:00,100.2962746509489,115.04
2026-02-26 07:00:00+01:00,96.746743108324,112.0
2026-02-26 07:15:00+01:00,101.53206071827125,113.77
2026-02-26 07:30:00+01:00,107.49374066660658,112.2
2026-02-26 07:45:00+01:00,111.50613479028227,102.43
2026-02-26 08:00:00+01:00,113.06583282498796,108.19
2026-02-26 08:15:00+01:00,114.06634646510402,101.64
2026-02-26 08:30:00+01:00,110.93134407385861,95.34
2026-02-26 08:45:00+01:00,106.07713627889483,84.62
2026-02-26 09:00:00+01:00,114.1901994215612,95.51
2026-02-26 09:15:00+01:00,108.12864163903728,87.54
2026-02-26 09:30:00+01:00,104.50794717281053,71.39
2026-02-26 09:45:00+01:00,38.185823892869735,67.26
2026-02-26 10:00:00+01:00,107.36698639798122,73.47
2026-02-26 10:15:00+01:00,99.36800511319879,68.74
2026-02-26 10:30:00+01:00,38.51888462103684,66.75
2026-02-26 10:45:00+01:00,40.37387480059844,62.44
2026-02-26 11:00:00+01:00,50.563051770268714,74.62
2026-02-26 11:15:00+01:00,27.036151895127304,63.48
2026-02-26 11:30:00+01:00,9.449420216442775,50.2
2026-02-26 11:45:00+01:00,16.50862509712057,25.08
2026-02-26 12:00:00+01:00,11.29403404829118,44.09
2026-02-26 12:15:00+01:00,2.6508971654357083,19.78
2026-02-26 12:30:00+01:00,2.18484137835884,8.85
2026-02-26 12:45:00+01:00,27.04086632254557,7.43
2026-02-26 13:00:00+01:00,-0.2682481557147156,11.31
2026-02-26 13:15:00+01:00,20.728956027228563,10.06
2026-02-26 13:30:00+01:00,26.509203369280044,13.09
2026-02-26 13:45:00+01:00,96.40985131733282,21.75
2026-02-26 14:00:00+01:00,28.01740489749683,13.52
2026-02-26 14:15:00+01:00,-5.828054243135213,40.06
2026-02-26 14:30:00+01:00,101.97795805121909,56.31
2026-02-26 14:45:00+01:00,93.71490965088992,68.66
2026-02-26 15:00:00+01:00,100.04204971157792,54.12
2026-02-26 15:15:00+01:00,-27.690145998028854,65.54
2026-02-26 15:30:00+01:00,114.33641452734119,73.4
2026-02-26 15:45:00+01:00,120.77214773167425,92.17
2026-02-26 16:00:00+01:00,106.73429778640973,64.68
2026-02-26 16:15:00+01:00,115.83673142189272,89.92
2026-02-26 16:30:00+01:00,120.72312869503618,109.1
2026-02-26 16:45:00+01:00,127.18830415201293,115.23
2026-02-26 17:00:00+01:00,121.06409811319159,100.79
2026-02-26 17:15:00+01:00,125.82113162522332,107.72
2026-02-26 17:30:00+01:00,127.6456142257324,114.24
2026-02-26 17:45:00+01:00,125.76032515704087,121.8
2026-02-26 18:00:00+01:00,125.21069711367286,111.53
2026-02-26 18:15:00+01:00,118.94953281761595,112.56
2026-02-26 18:30:00+01:00,117.39624297204372,114.32
2026-02-26 18:45:00+01:00,107.1826432497908,113.97
2026-02-26 19:00:00+01:00,117.8313573548111,118.5
2026-02-26 19:15:00+01:00,111.91761047326227,111.61
2026-02-26 19:30:00+01:00,106.93955970707164,104.42
2026-02-26 19:45:00+01:00,98.78042355536282,97.41
2026-02-26 20:00:00+01:00,107.22630398341026,104.99
2026-02-26 20:15:00+01:00,99.87489838001657,93.99
2026-02-26 20:30:00+01:00,96.0224157633214,90.29
2026-02-26 20:45:00+01:00,90.97256605967421,84.52
2026-02-26 21:00:00+01:00,100.6725963250768,97.23
2026-02-26 21:15:00+01:00,94.96190805887213,86.25
2026-02-26 21:30:00+01:00,88.56604831756702,81.24
2026-02-26 21:45:00+01:00,83.25829137802008,71.59
2026-02-26 22:00:00+01:00,98.0481109510703,93.23
2026-02-26 22:15:00+01:00,86.3500856375683,82.29
2026-02-26 22:30:00+01:00,84.68042640646055,76.26
2026-02-26 22:45:00+01:00,81.48518947877052,70.05
2026-02-26 23:00:00+01:00,89.31131158252785,81.97
2026-02-26 23:15:00+01:00,79.07349711637006,73.09
2026-02-26 23:30:00+01:00,77.66604714414541,67.93
2026-02-26 23:45:00+01:00,71.16455147476381,63.31
2026-02-27 00:00:00+01:00,74.78204496932227,56.57
2026-02-27 00:15:00+01:00,71.17460318617438,56.55
2026-02-27 00:30:00+01:00,68.30726362260347,52.18
2026-02-27 00:45:00+01:00,64.0482732435905,55.29
2026-02-27 01:00:00+01:00,70.17969737774567,59.39
2026-02-27 01:15:00+01:00,68.33231817784497,58.09
2026-02-27 01:30:00+01:00,67.47926019010531,53.63
2026-02-27 01:45:00+01:00,65.31368259040337,52.92
2026-02-27 02:00:00+01:00,67.52471947996068,57.73
2026-02-27 02:15:00+01:00,68.1465547728444,56.56
2026-02-27 02:30:00+01:00,67.73458009341482,57.17
2026-02-27 02:45:00+01:00,65.54799780803701,57.75
2026-02-27 03:00:00+01:00,66.20458072802074,60.34
2026-02-27 03:15:00+01:00,66.08623599150322,57.38
2026-02-27 03:30:00+01:00,67.16594110567908,59.04
2026-02-27 03:45:00+01:00,67.79498521213071,63.24
2026-02-27 04:00:00+01:00,64.28393808624159,54.99
2026-02-27 04:15:00+01:00,66.46570423851313,60.04
2026-02-27 04:30:00+01:00,67.68200813492562,63.92
2026-02-27 04:45:00+01:00,67.24244933809472,68.23
2026-02-27 05:00:00+01:00,66.06200260533417,59.8
2026-02-27 05:15:00+01:00,68.20642025584311,61.29
2026-02-27 05:30:00+01:00,72.24125702139276,70.0
2026-02-27 05:45:00+01:00,79.11700229584847,72.88
2026-02-27 06:00:00+01:00,71.62885583324038,61.0
2026-02-27 06:15:00+01:00,79.57460409922275,77.0
2026-02-27 06:30:00+01:00,86.99885641496343,83.02
2026-02-27 06:45:00+01:00,96.68990368079405,85.24
2026-02-27 07:00:00+01:00,90.92874647431341,87.55
2026-02-27 07:15:00+01:00,96.80353353235431,92.22
2026-02-27 07:30:00+01:00,103.3922912215376,87.8
2026-02-27 07:45:00+01:00,107.34157624121256,86.53
2026-02-27 08:00:00+01:00,110.28745905993688,92.08
2026-02-27 08:15:00+01:00,108.51261422667307,84.78
2026-02-27 08:30:00+01:00,103.09578250177958,78.52
2026-02-27 08:45:00+01:00,95.65615564651318,61.94
2026-02-27 09:00:00+01:00,106.21885228181574,84.62
2026-02-27 09:15:00+01:00,98.1160232137172,69.0
2026-02-27 09:30:00+01:00,60.02719451479008,59.05
2026-02-27 09:45:00+01:00,19.498175021331136,44.99
2026-02-27 10:00:00+01:00,98.83685014382192,61.0
2026-02-27 10:15:00+01:00,61.49895004880492,40.08
2026-02-27 10:30:00+01:00,14.053308949136436,19.17
2026-02-27 10:45:00+01:00,-4.501760686489376,5.94
2026-02-27 11:00:00+01:00,4.933045586208635,3.89
2026-02-27 11:15:00+01:00,-49.187388666065004,0.0
2026-02-27 11:30:00+01:00,-52.747755484411414,0.0
2026-02-27 11:45:00+01:00,-50.80048785374241,-0.01
2026-02-27 12:00:00+01:00,-23.821895506823026,0.0
2026-02-27 12:15:00+01:00,-44.246131078763625,-0.01
2026-02-27 12:30:00+01:00,-92.86457425332847,-0.01
2026-02-27 12:45:00+01:00,-62.37752949439931,-0.03
2026-02-27 13:00:00+01:00,-76.31421342336034,-0.01
2026-02-27 13:15:00+01:00,-44.92178476538429,-0.01
2026-02-27 13:30:00+01:00,-14.26899826341625,-0.01
2026-02-27 13:45:00+01:00,90.24783868037747,-0.01
2026-02-27 14:00:00+01:00,-26.8289694879048,-0.01
2026-02-27 14:15:00+01:00,4.105107282226612,0.0
2026-02-27 14:30:00+01:00,96.43295032644437,1.05
2026-02-27 14:45:00+01:00,107.18993501344634,29.91
2026-02-27 15:00:00+01:00,16.910037061138596,17.34
2026-02-27 15:15:00+01:00,103.13324246737079,53.95
2026-02-27 15:30:00+01:00,81.33172056616596,77.53
2026-02-27 15:45:00+01:00,128.4890748530956,90.2
2026-02-27 16:00:00+01:00,103.34513201126448,68.59
2026-02-27 16:15:00+01:00,116.31669776591926,86.94
2026-02-27 16:30:00+01:00,109.49167596730447,100.76
2026-02-27 16:45:00+01:00,134.50399477069556,111.71
2026-02-27 17:00:00+01:00,123.82376421607562,97.48
2026-02-27 17:15:00+01:00,129.70589448041093,109.68
2026-02-27 17:30:00+01:00,129.04787357364347,121.89
2026-02-27 17:45:00+01:00,128.83764478030497,131.73
2026-02-27 18:00:00+01:00,128.15347779066212,122.05
2026-02-27 18:15:00+01:00,122.13238029091562,120.0
2026-02-27 18:30:00+01:00,119.98483527350413,116.68
2026-02-27 18:45:00+01:00,111.46852876122874,113.67
2026-02-27 19:00:00+01:00,120.44039296816376,117.16
2026-02-27 19:15:00+01:00,113.71602143261003,111.29
2026-02-27 19:30:00+01:00,110.79800043364533,105.0
2026-02-27 19:45:00+01:00,105.68848436004549,103.56
2026-02-27 20:00:00+01:00,111.89031315871875,103.48
2026-02-27 20:15:00+01:00,104.36145845310675,101.77
2026-02-27 20:30:00+01:00,100.34251843339182,99.43
2026-02-27 20:45:00+01:00,95.62355903821513,95.44
2026-02-27 21:00:00+01:00,105.3210131088407,97.48
2026-02-27 21:15:00+01:00,99.9822221721113,93.01
2026-02-27 21:30:00+01:00,94.01092114020265,90.22
2026-02-27 21:45:00+01:00,85.44137260081277,83.14
2026-02-27 22:00:00+01:00,102.7397451695955,93.89
2026-02-27 22:15:00+01:00,87.44299708774587,91.43
2026-02-27 22:30:00+01:00,85.04812627728776,83.51
2026-02-27 22:45:00+01:00,80.78183880815692,81.21
2026-02-27 23:00:00+01:00,93.7586860495954,83.36
2026-02-27 23:15:00+01:00,84.66093051308155,82.21
2026-02-27 23:30:00+01:00,83.98714186546256,78.72
2026-02-27 23:45:00+01:00,75.93892935261472,75.72
2026-02-28 00:00:00+01:00,84.93392503426293,82.58
2026-02-28 00:15:00+01:00,81.84165050213296,80.7
2026-02-28 00:30:00+01:00,77.70046694072211,79.45
2026-02-28 00:45:00+01:00,74.1647592059638,77.35
2026-02-28 01:00:00+01:00,80.5887103109788,78.71
2026-02-28 01:15:00+01:00,77.95926755097605,78.0
2026-02-28 01:30:00+01:00,76.67909268773627,75.51
2026-02-28 01:45:00+01:00,74.64232694356791,73.0
2026-02-28 02:00:00+01:00,77.93505075645744,78.51
2026-02-28 02:15:00+01:00,75.64538715583272,75.08
2026-02-28 02:30:00+01:00,73.59213383836448,73.17
2026-02-28 02:45:00+01:00,73.18443120988877,72.15
2026-02-28 03:00:00+01:00,74.99634776877903,74.4
2026-02-28 03:15:00+01:00,73.84105921534707,73.01
2026-02-28 03:30:00+01:00,73.4829599763254,72.19
2026-02-28 03:45:00+01:00,71.75760683314077,67.5
2026-02-28 04:00:00+01:00,70.60604485564156,72.27
2026-02-28 04:15:00+01:00,71.42501255447836,72.32
2026-02-28 04:30:00+01:00,71.5996747873215,71.45
2026-02-28 04:45:00+01:00,72.41453229437884,71.53
2026-02-28 05:00:00+01:00,70.9732008555022,71.86
2026-02-28 05:15:00+01:00,71.3853690118935,70.65
2026-02-28 05:30:00+01:00,73.70707500074263,72.32
2026-02-28 05:45:00+01:00,75.4775816914191,74.17
2026-02-28 06:00:00+01:00,72.95565501748766,69.52
2026-02-28 06:15:00+01:00,73.79275463575661,72.25
2026-02-28 06:30:00+01:00,75.92208969885205,74.31
2026-02-28 06:45:00+01:00,77.36583116867723,75.61
2026-02-28 07:00:00+01:00,82.9153210082822,82.7
2026-02-28 07:15:00+01:00,82.16205862136623,83.01
2026-02-28 07:30:00+01:00,86.1287520826546,75.75
2026-02-28 07:45:00+01:00,87.66703077557295,63.7
2026-02-28 08:00:00+01:00,92.41471966074877,82.97
2026-02-28 08:15:00+01:00,87.93260288044098,67.78
2026-02-28 08:30:00+01:00,80.37957993341803,48.41
2026-02-28 08:45:00+01:00,78.44187670679102,29.3
2026-02-28 09:00:00+01:00,84.56568491249806,47.41
2026-02-28 09:15:00+01:00,80.14623497115834,20.73
2026-02-28 09:30:00+01:00,79.89844773701532,3.04
2026-02-28 09:45:00+01:00,30.77982230543357,0.01
2026-02-28 10:00:00+01:00,79.98423806576729,0.0
2026-02-28 10:15:00+01:00,75.50712415629617,0.0
2026-02-28 10:30:00+01:00,4.074519599790861,0.0
2026-02-28 10:45:00+01:00,-23.690624211772956,-0.04
2026-02-28 11:00:00+01:00,-7.00840818700884,0.0
2026-02-28 11:15:00+01:00,-27.252797733258944,-0.01
2026-02-28 11:30:00+01:00,-44.925925241528546,-0.02
2026-02-28 11:45:00+01:00,-71.0824480630826,-0.08
2026-02-28 12:00:00+01:00,-14.849272334243409,-0.02
2026-02-28 12:15:00+01:00,-46.51311402743431,-0.06
2026-02-28 12:30:00+01:00,-84.0343486305724,-0.28
2026-02-28 12:45:00+01:00,-124.26441942245421,-0.65
2026-02-28 13:00:00+01:00,-88.03061787114692,-0.27
2026-02-28 13:15:00+01:00,-74.55232269433502,-0.48
2026-02-28 13:30:00+01:00,-52.386071317138075,-0.09
2026-02-28 13:45:00+01:00,-43.658128866623045,-0.05
2026-02-28 14:00:00+01:00,-129.5080941740657,-0.03
2026-02-28 14:15:00+01:00,-8.11334899143894,-0.01
2026-02-28 14:30:00+01:00,-6.698301378377849,0.0
2026-02-28 14:45:00+01:00,80.1647948368346,0.01
2026-02-28 15:00:00+01:00,-9.535781568210226,0.0
2026-02-28 15:15:00+01:00,-7.463610130293532,0.07
2026-02-28 15:30:00+01:00,37.296538916747906,10.05
2026-02-28 15:45:00+01:00,95.04028573745214,49.33
2026-02-28 16:00:00+01:00,85.20157413501641,33.96
2026-02-28 16:15:00+01:00,81.73842607736292,58.41
2026-02-28 16:30:00+01:00,91.29056214234157,80.33
2026-02-28 16:45:00+01:00,101.86613500139444,89.89
2026-02-28 17:00:00+01:00,98.87917114971526,75.05
2026-02-28 17:15:00+01:00,99.8654191979951,83.1
2026-02-28 17:30:00+01:00,80.78880512063024,96.59
2026-02-28 17:45:00+01:00,101.92211846048453,105.0
2026-02-28 18:00:00+01:00,103.33134178272496,97.21
2026-02-28 18:15:00+01:00,100.93120376871394,96.32
2026-02-28 18:30:00+01:00,85.92653796262212,96.36
2026-02-28 18:45:00+01:00,87.40151965602001,90.88
2026-02-28 19:00:00+01:00,98.31783957466386,92.25
2026-02-28 19:15:00+01:00,91.0814731663977,87.71
2026-02-28 19:30:00+01:00,88.68795872935411,85.12
2026-02-28 19:45:00+01:00,79.70221644482451,75.59
2026-02-28 20:00:00+01:00,93.5520897649338,83.37
2026-02-28 20:15:00+01:00,86.16197993646884,74.27
2026-02-28 20:30:00+01:00,80.86019911267243,61.44
2026-02-28 20:45:00+01:00,76.03452808293177,57.39
2026-02-28 21:00:00+01:00,85.82630826449419,67.91
2026-02-28 21:15:00+01:00,82.25372151382015,68.93
2026-02-28 21:30:00+01:00,70.45601316465931,67.31
2026-02-28 21:45:00+01:00,62.2495284767922,54.52
2026-02-28 22:00:00+01:00,89.06896872817694,72.78
2026-02-28 22:15:00+01:00,68.56234237544928,66.17
2026-02-28 22:30:00+01:00,64.96275834238222,64.23
2026-02-28 22:45:00+01:00,59.315704848485,55.47
2026-02-28 23:00:00+01:00,71.16970878928964,72.72
2026-02-28 23:15:00+01:00,67.88374355673865,59.07
2026-02-28 23:30:00+01:00,61.34686127231733,59.32
2026-02-28 23:45:00+01:00,51.07524687442887,51.58
