,y_pred,y_true
2025-10-01 00:00:00+02:00,91.99229881687975,102.6
2025-10-01 00:15:00+02:00,90.13281406026448,92.24
2025-10-01 00:30:00+02:00,90.13281406026448,86.03
2025-10-01 00:45:00+02:00,90.13281406026448,85.39
2025-10-01 01:00:00+02:00,88.17849194118922,89.99
2025-10-01 01:15:00+02:00,88.17849194118922,86.03
2025-10-01 01:30:00+02:00,88.17849194118922,85.03
2025-10-01 01:45:00+02:00,88.17849194118922,84.09
2025-10-01 02:00:00+02:00,85.89942696265007,85.41
2025-10-01 02:15:00+02:00,85.89942696265007,85.0
2025-10-01 02:30:00+02:00,85.89942696265007,84.54
2025-10-01 02:45:00+02:00,85.89942696265007,84.54
2025-10-01 03:00:00+02:00,85.69885898345265,87.39
2025-10-01 03:15:00+02:00,85.69885898345265,87.36
2025-10-01 03:30:00+02:00,85.69885898345265,88.56
2025-10-01 03:45:00+02:00,85.69885898345265,89.99
2025-10-01 04:00:00+02:00,88.87317869564224,86.31
2025-10-01 04:15:00+02:00,88.87317869564224,89.06
2025-10-01 04:30:00+02:00,88.87317869564224,86.42
2025-10-01 04:45:00+02:00,88.87317869564224,88.83
2025-10-01 05:00:00+02:00,99.68349984245296,84.26
2025-10-01 05:15:00+02:00,99.68349984245296,90.76
2025-10-01 05:30:00+02:00,99.68349984245296,97.55
2025-10-01 05:45:00+02:00,99.68349984245296,108.74
2025-10-01 06:00:00+02:00,133.95013726636412,97.03
2025-10-01 06:15:00+02:00,133.95013726636412,117.49
2025-10-01 06:30:00+02:00,133.95013726636412,133.23
2025-10-01 06:45:00+02:00,133.95013726636412,152.09
2025-10-01 07:00:00+02:00,205.0627936381416,160.95
2025-10-01 07:15:00+02:00,205.0627936381416,181.48
2025-10-01 07:30:00+02:00,205.0627936381416,180.23
2025-10-01 07:45:00+02:00,205.0627936381416,170.54
2025-10-01 08:00:00+02:00,157.87953705843475,200.25
2025-10-01 08:15:00+02:00,157.87953705843475,143.35
2025-10-01 08:30:00+02:00,157.87953705843475,117.5
2025-10-01 08:45:00+02:00,157.87953705843475,95.25
2025-10-01 09:00:00+02:00,105.05790428647076,139.48
2025-10-01 09:15:00+02:00,105.05790428647076,105.01
2025-10-01 09:30:00+02:00,105.05790428647076,93.66
2025-10-01 09:45:00+02:00,105.05790428647076,82.85
2025-10-01 10:00:00+02:00,83.71356685306688,103.22
2025-10-01 10:15:00+02:00,83.71356685306688,93.06
2025-10-01 10:30:00+02:00,83.71356685306688,81.21
2025-10-01 10:45:00+02:00,83.71356685306688,66.65
2025-10-01 11:00:00+02:00,48.836659269295545,83.5
2025-10-01 11:15:00+02:00,48.836659269295545,72.08
2025-10-01 11:30:00+02:00,48.836659269295545,65.32
2025-10-01 11:45:00+02:00,48.836659269295545,61.37
2025-10-01 12:00:00+02:00,35.22556387717194,68.21
2025-10-01 12:15:00+02:00,35.22556387717194,65.22
2025-10-01 12:30:00+02:00,35.22556387717194,65.45
2025-10-01 12:45:00+02:00,35.22556387717194,65.22
2025-10-01 13:00:00+02:00,44.295323949798984,65.6
2025-10-01 13:15:00+02:00,44.295323949798984,67.72
2025-10-01 13:30:00+02:00,44.295323949798984,69.44
2025-10-01 13:45:00+02:00,44.295323949798984,70.84
2025-10-01 14:00:00+02:00,51.22499157589745,64.49
2025-10-01 14:15:00+02:00,51.22499157589745,70.25
2025-10-01 14:30:00+02:00,51.22499157589745,74.63
2025-10-01 14:45:00+02:00,51.22499157589745,81.14
2025-10-01 15:00:00+02:00,38.65883565825287,65.3
2025-10-01 15:15:00+02:00,38.65883565825287,74.63
2025-10-01 15:30:00+02:00,38.65883565825287,88.02
2025-10-01 15:45:00+02:00,38.65883565825287,98.94
2025-10-01 16:00:00+02:00,77.0219709682967,62.15
2025-10-01 16:15:00+02:00,77.0219709682967,89.53
2025-10-01 16:30:00+02:00,77.0219709682967,103.08
2025-10-01 16:45:00+02:00,77.0219709682967,116.72
2025-10-01 17:00:00+02:00,117.05084015889946,85.49
2025-10-01 17:15:00+02:00,117.05084015889946,115.87
2025-10-01 17:30:00+02:00,117.05084015889946,144.98
2025-10-01 17:45:00+02:00,117.05084015889946,195.26
2025-10-01 18:00:00+02:00,174.77699119809267,146.95
2025-10-01 18:15:00+02:00,174.77699119809267,200.0
2025-10-01 18:30:00+02:00,174.77699119809267,285.0
2025-10-01 18:45:00+02:00,174.77699119809267,381.0
2025-10-01 19:00:00+02:00,275.3957964450531,408.5
2025-10-01 19:15:00+02:00,275.3957964450531,376.39
2025-10-01 19:30:00+02:00,275.3957964450531,321.94
2025-10-01 19:45:00+02:00,275.3957964450531,253.14
2025-10-01 20:00:00+02:00,183.35615001189137,218.02
2025-10-01 20:15:00+02:00,183.35615001189137,155.25
2025-10-01 20:30:00+02:00,183.35615001189137,126.82
2025-10-01 20:45:00+02:00,183.35615001189137,108.0
2025-10-01 21:00:00+02:00,125.87063779062346,130.68
2025-10-01 21:15:00+02:00,125.87063779062346,121.4
2025-10-01 21:30:00+02:00,125.87063779062346,102.98
2025-10-01 21:45:00+02:00,125.87063779062346,97.08
2025-10-01 22:00:00+02:00,104.38860752958132,108.84
2025-10-01 22:15:00+02:00,104.38860752958132,101.51
2025-10-01 22:30:00+02:00,104.38860752958132,95.36
2025-10-01 22:45:00+02:00,104.38860752958132,88.33
2025-10-01 23:00:00+02:00,92.47748582097223,94.57
2025-10-01 23:15:00+02:00,92.47748582097223,91.55
2025-10-01 23:30:00+02:00,92.47748582097223,91.11
2025-10-01 23:45:00+02:00,92.47748582097223,85.36
2025-10-02 00:00:00+02:00,94.94288650019728,99.58
2025-10-02 00:15:00+02:00,93.46232463637644,91.1
2025-10-02 00:30:00+02:00,93.46232463637644,86.09
2025-10-02 00:45:00+02:00,93.46232463637644,86.45
2025-10-02 01:00:00+02:00,89.36369860505536,94.45
2025-10-02 01:15:00+02:00,89.36369860505536,90.42
2025-10-02 01:30:00+02:00,89.36369860505536,84.59
2025-10-02 01:45:00+02:00,89.36369860505536,82.54
2025-10-02 02:00:00+02:00,87.04476958948236,86.46
2025-10-02 02:15:00+02:00,87.04476958948236,84.8
2025-10-02 02:30:00+02:00,87.04476958948236,86.21
2025-10-02 02:45:00+02:00,87.04476958948236,88.63
2025-10-02 03:00:00+02:00,87.07382832285195,89.67
2025-10-02 03:15:00+02:00,87.07382832285195,88.64
2025-10-02 03:30:00+02:00,87.07382832285195,88.64
2025-10-02 03:45:00+02:00,87.07382832285195,87.29
2025-10-02 04:00:00+02:00,88.93268867019687,88.08
2025-10-02 04:15:00+02:00,88.93268867019687,90.58
2025-10-02 04:30:00+02:00,88.93268867019687,92.13
2025-10-02 04:45:00+02:00,88.93268867019687,92.44
2025-10-02 05:00:00+02:00,99.63477521146054,85.42
2025-10-02 05:15:00+02:00,99.63477521146054,89.83
2025-10-02 05:30:00+02:00,99.63477521146054,96.57
2025-10-02 05:45:00+02:00,99.63477521146054,112.07
2025-10-02 06:00:00+02:00,124.01430444076932,94.15
2025-10-02 06:15:00+02:00,124.01430444076932,117.78
2025-10-02 06:30:00+02:00,124.01430444076932,134.03
2025-10-02 06:45:00+02:00,124.01430444076932,168.92
2025-10-02 07:00:00+02:00,151.8313122774819,173.9
2025-10-02 07:15:00+02:00,151.8313122774819,198.6
2025-10-02 07:30:00+02:00,151.8313122774819,187.76
2025-10-02 07:45:00+02:00,151.8313122774819,164.09
2025-10-02 08:00:00+02:00,125.8382166535388,188.89
2025-10-02 08:15:00+02:00,125.8382166535388,151.89
2025-10-02 08:30:00+02:00,125.8382166535388,115.3
2025-10-02 08:45:00+02:00,125.8382166535388,90.63
2025-10-02 09:00:00+02:00,102.4514604177643,123.28
2025-10-02 09:15:00+02:00,102.4514604177643,112.8
2025-10-02 09:30:00+02:00,102.4514604177643,92.01
2025-10-02 09:45:00+02:00,102.4514604177643,73.93
2025-10-02 10:00:00+02:00,53.13147138800663,101.95
2025-10-02 10:15:00+02:00,53.13147138800663,99.97
2025-10-02 10:30:00+02:00,53.13147138800663,86.08
2025-10-02 10:45:00+02:00,53.13147138800663,77.92
2025-10-02 11:00:00+02:00,29.675776422988218,91.75
2025-10-02 11:15:00+02:00,29.675776422988218,83.31
2025-10-02 11:30:00+02:00,29.675776422988218,72.08
2025-10-02 11:45:00+02:00,29.675776422988218,66.0
2025-10-02 12:00:00+02:00,18.022243819385565,70.25
2025-10-02 12:15:00+02:00,18.022243819385565,64.35
2025-10-02 12:30:00+02:00,18.022243819385565,64.44
2025-10-02 12:45:00+02:00,18.022243819385565,64.04
2025-10-02 13:00:00+02:00,19.518785930821267,57.95
2025-10-02 13:15:00+02:00,19.518785930821267,60.4
2025-10-02 13:30:00+02:00,19.518785930821267,61.27
2025-10-02 13:45:00+02:00,19.518785930821267,62.38
2025-10-02 14:00:00+02:00,23.62855245288468,61.7
2025-10-02 14:15:00+02:00,23.62855245288468,66.34
2025-10-02 14:30:00+02:00,23.62855245288468,74.63
2025-10-02 14:45:00+02:00,23.62855245288468,82.49
2025-10-02 15:00:00+02:00,25.909636302480596,62.12
2025-10-02 15:15:00+02:00,25.909636302480596,74.85
2025-10-02 15:30:00+02:00,25.909636302480596,86.81
2025-10-02 15:45:00+02:00,25.909636302480596,98.87
2025-10-02 16:00:00+02:00,38.39350697600066,71.94
2025-10-02 16:15:00+02:00,38.39350697600066,83.5
2025-10-02 16:30:00+02:00,38.39350697600066,98.44
2025-10-02 16:45:00+02:00,38.39350697600066,111.9
2025-10-02 17:00:00+02:00,103.69399046670358,72.46
2025-10-02 17:15:00+02:00,103.69399046670358,89.52
2025-10-02 17:30:00+02:00,103.69399046670358,117.3
2025-10-02 17:45:00+02:00,103.69399046670358,174.0
2025-10-02 18:00:00+02:00,153.07510194312965,118.32
2025-10-02 18:15:00+02:00,153.07510194312965,142.55
2025-10-02 18:30:00+02:00,153.07510194312965,178.63
2025-10-02 18:45:00+02:00,153.07510194312965,232.2
2025-10-02 19:00:00+02:00,210.7495736897096,219.39
2025-10-02 19:15:00+02:00,210.7495736897096,202.03
2025-10-02 19:30:00+02:00,210.7495736897096,162.92
2025-10-02 19:45:00+02:00,210.7495736897096,123.01
2025-10-02 20:00:00+02:00,150.40884289558556,136.09
2025-10-02 20:15:00+02:00,150.40884289558556,110.35
2025-10-02 20:30:00+02:00,150.40884289558556,98.43
2025-10-02 20:45:00+02:00,150.40884289558556,94.81
2025-10-02 21:00:00+02:00,118.49296356404427,98.47
2025-10-02 21:15:00+02:00,118.49296356404427,93.22
2025-10-02 21:30:00+02:00,118.49296356404427,84.09
2025-10-02 21:45:00+02:00,118.49296356404427,87.64
2025-10-02 22:00:00+02:00,100.56259928802945,105.25
2025-10-02 22:15:00+02:00,100.56259928802945,102.96
2025-10-02 22:30:00+02:00,100.56259928802945,95.43
2025-10-02 22:45:00+02:00,100.56259928802945,82.99
2025-10-02 23:00:00+02:00,88.73690057595203,105.11
2025-10-02 23:15:00+02:00,88.73690057595203,93.39
2025-10-02 23:30:00+02:00,88.73690057595203,74.94
2025-10-02 23:45:00+02:00,88.73690057595203,54.93
2025-10-03 00:00:00+02:00,99.67877793091492,97.06
2025-10-03 00:15:00+02:00,99.32984140899622,89.29
2025-10-03 00:30:00+02:00,98.6189912893324,82.88
2025-10-03 00:45:00+02:00,98.56469083633046,74.5
2025-10-03 01:00:00+02:00,91.70099099624797,87.06
2025-10-03 01:15:00+02:00,91.70728179147028,81.97
2025-10-03 01:30:00+02:00,91.72363102373482,74.88
2025-10-03 01:45:00+02:00,91.73747103392247,64.65
2025-10-03 02:00:00+02:00,89.1852236700414,82.76
2025-10-03 02:15:00+02:00,89.12074212106288,67.27
2025-10-03 02:30:00+02:00,89.13255488830279,69.18
2025-10-03 02:45:00+02:00,89.13255488830279,67.79
2025-10-03 03:00:00+02:00,87.13930512302342,62.05
2025-10-03 03:15:00+02:00,87.13821869479182,77.79
2025-10-03 03:30:00+02:00,87.1822520582408,79.88
2025-10-03 03:45:00+02:00,87.26589526651289,75.91
2025-10-03 04:00:00+02:00,85.2014985780535,71.57
2025-10-03 04:15:00+02:00,85.1575262566121,72.33
2025-10-03 04:30:00+02:00,85.19977855322337,79.85
2025-10-03 04:45:00+02:00,85.153224547262,81.4
2025-10-03 05:00:00+02:00,87.38647502646036,68.79
2025-10-03 05:15:00+02:00,87.54335802218074,73.87
2025-10-03 05:30:00+02:00,88.63665669361704,82.29
2025-10-03 05:45:00+02:00,88.64960080362644,86.97
2025-10-03 06:00:00+02:00,90.54037406096676,88.68
2025-10-03 06:15:00+02:00,88.48985710293168,91.07
2025-10-03 06:30:00+02:00,87.27964880984669,105.53
2025-10-03 06:45:00+02:00,85.92280703181552,89.84
2025-10-03 07:00:00+02:00,81.8220282520694,96.31
2025-10-03 07:15:00+02:00,80.62431601131563,104.01
2025-10-03 07:30:00+02:00,80.68276099401403,96.87
2025-10-03 07:45:00+02:00,81.15649758816342,104.48
2025-10-03 08:00:00+02:00,82.30935195962911,123.03
2025-10-03 08:15:00+02:00,76.36582984538262,114.24
2025-10-03 08:30:00+02:00,77.5858803926653,102.97
2025-10-03 08:45:00+02:00,87.00009582792754,74.48
2025-10-03 09:00:00+02:00,67.49317784742215,108.53
2025-10-03 09:15:00+02:00,65.11922143845595,95.45
2025-10-03 09:30:00+02:00,67.18328911732688,77.56
2025-10-03 09:45:00+02:00,69.3702913544112,54.07
2025-10-03 10:00:00+02:00,4.373598633975888,90.0
2025-10-03 10:15:00+02:00,1.0339513226142287,64.15
2025-10-03 10:30:00+02:00,6.520032512434099,45.12
2025-10-03 10:45:00+02:00,10.709548605175977,40.72
2025-10-03 11:00:00+02:00,-37.66312543596209,46.91
2025-10-03 11:15:00+02:00,-43.077469028615155,42.89
2025-10-03 11:30:00+02:00,-38.65397427334473,40.51
2025-10-03 11:45:00+02:00,-39.53517645180115,31.7
2025-10-03 12:00:00+02:00,-39.34035680999354,32.47
2025-10-03 12:15:00+02:00,-41.13638975429219,27.25
2025-10-03 12:30:00+02:00,-41.06743369420565,24.62
2025-10-03 12:45:00+02:00,-41.13638975429219,21.07
2025-10-03 13:00:00+02:00,-55.86872720518561,18.31
2025-10-03 13:15:00+02:00,-53.808287028029255,14.24
2025-10-03 13:30:00+02:00,-53.941236207927375,14.68
2025-10-03 13:45:00+02:00,-54.05110567154248,18.78
2025-10-03 14:00:00+02:00,-28.47545257677387,10.53
2025-10-03 14:15:00+02:00,-27.749155472588853,23.71
2025-10-03 14:30:00+02:00,-27.41012359971695,30.63
2025-10-03 14:45:00+02:00,-29.24667054513484,39.94
2025-10-03 15:00:00+02:00,-33.70645298729259,32.77
2025-10-03 15:15:00+02:00,-35.85992509923676,40.0
2025-10-03 15:30:00+02:00,-39.58356339387612,58.96
2025-10-03 15:45:00+02:00,-38.914651652011685,67.8
2025-10-03 16:00:00+02:00,16.52850698496227,39.55
2025-10-03 16:15:00+02:00,10.31937737482592,48.74
2025-10-03 16:30:00+02:00,-1.9636768377916096,74.28
2025-10-03 16:45:00+02:00,4.800360564161139,91.0
2025-10-03 17:00:00+02:00,77.19963610385399,49.89
2025-10-03 17:15:00+02:00,76.76795730877143,78.49
2025-10-03 17:30:00+02:00,68.09151070966165,102.6
2025-10-03 17:45:00+02:00,61.5256361057982,128.62
2025-10-03 18:00:00+02:00,100.75755412548114,113.32
2025-10-03 18:15:00+02:00,102.51415328653228,118.26
2025-10-03 18:30:00+02:00,105.05157250880904,128.5
2025-10-03 18:45:00+02:00,106.58672990551251,122.96
2025-10-03 19:00:00+02:00,109.35736282777331,124.22
2025-10-03 19:15:00+02:00,109.59701592599436,114.99
2025-10-03 19:30:00+02:00,110.15143984276156,99.91
2025-10-03 19:45:00+02:00,110.56059526089732,96.92
2025-10-03 20:00:00+02:00,75.75625757569703,106.78
2025-10-03 20:15:00+02:00,78.83401300219484,81.91
2025-10-03 20:30:00+02:00,81.97387128420198,56.68
2025-10-03 20:45:00+02:00,79.58804977765897,54.79
2025-10-03 21:00:00+02:00,65.67077500515127,72.48
2025-10-03 21:15:00+02:00,67.5440242123736,47.23
2025-10-03 21:30:00+02:00,74.1388075299665,37.59
2025-10-03 21:45:00+02:00,75.18864041034279,16.47
2025-10-03 22:00:00+02:00,63.53628514882049,37.77
2025-10-03 22:15:00+02:00,70.3064454617643,21.34
2025-10-03 22:30:00+02:00,74.46586759996653,21.84
2025-10-03 22:45:00+02:00,76.31051444475396,20.66
2025-10-03 23:00:00+02:00,52.390215977054545,24.58
2025-10-03 23:15:00+02:00,56.759892616750705,9.77
2025-10-03 23:30:00+02:00,57.202590538614174,7.49
2025-10-03 23:45:00+02:00,59.6709642972428,2.59
2025-10-04 00:00:00+02:00,13.402605413685832,2.93
2025-10-04 00:15:00+02:00,6.250178833569009,0.1
2025-10-04 00:30:00+02:00,-2.2044103879537715,-0.05
2025-10-04 00:45:00+02:00,-1.0399108619040192,-0.08
2025-10-04 01:00:00+02:00,-1.9887793328155396,0.0
2025-10-04 01:15:00+02:00,1.4351858424347483,-0.01
2025-10-04 01:30:00+02:00,-13.09184843925928,-0.01
2025-10-04 01:45:00+02:00,-17.977952497846786,-0.02
2025-10-04 02:00:00+02:00,-2.1319360053606005,-0.01
2025-10-04 02:15:00+02:00,-0.629936204242,-0.01
2025-10-04 02:30:00+02:00,3.63946828394387,-0.04
2025-10-04 02:45:00+02:00,5.339022034376441,-0.11
2025-10-04 03:00:00+02:00,-0.5574215568558998,-0.07
2025-10-04 03:15:00+02:00,1.2090619523965105,-0.09
2025-10-04 03:30:00+02:00,-2.4891470509845277,-0.1
2025-10-04 03:45:00+02:00,-0.9560734927688516,-0.13
2025-10-04 04:00:00+02:00,-8.891600254786638,-0.93
2025-10-04 04:15:00+02:00,-17.26626876426873,-0.97
2025-10-04 04:30:00+02:00,-11.55657342435859,-1.03
2025-10-04 04:45:00+02:00,-17.33686116660597,-1.58
2025-10-04 05:00:00+02:00,-106.75215816808507,-1.52
2025-10-04 05:15:00+02:00,-125.41329696748656,-2.02
2025-10-04 05:30:00+02:00,-110.48180443996507,-2.02
2025-10-04 05:45:00+02:00,-67.53160022831669,-2.06
2025-10-04 06:00:00+02:00,-30.2951337524366,-2.15
2025-10-04 06:15:00+02:00,-61.270433356647175,-2.02
2025-10-04 06:30:00+02:00,-47.27377088272962,-1.48
2025-10-04 06:45:00+02:00,-45.38857179341878,-2.01
2025-10-04 07:00:00+02:00,67.73824893469789,-0.25
2025-10-04 07:15:00+02:00,-27.448791845811712,-0.81
2025-10-04 07:30:00+02:00,-26.282202748618005,-1.0
2025-10-04 07:45:00+02:00,55.14768493378834,-1.04
2025-10-04 08:00:00+02:00,53.69308122454188,-0.7
2025-10-04 08:15:00+02:00,53.73950534832221,-0.09
2025-10-04 08:30:00+02:00,50.1260811481907,-0.08
2025-10-04 08:45:00+02:00,0.4979223773550245,-0.33
2025-10-04 09:00:00+02:00,5.324881782850412,-0.1
2025-10-04 09:15:00+02:00,-10.836368727804128,-0.43
2025-10-04 09:30:00+02:00,-49.71994827203943,-0.05
2025-10-04 09:45:00+02:00,-52.10596726012625,-0.07
2025-10-04 10:00:00+02:00,-20.607755852497235,-0.01
2025-10-04 10:15:00+02:00,0.8976100899375439,-0.1
2025-10-04 10:30:00+02:00,-10.080033123003602,-0.14
2025-10-04 10:45:00+02:00,0.4576180555223459,-0.11
2025-10-04 11:00:00+02:00,-12.303333960466816,-0.01
2025-10-04 11:15:00+02:00,-6.7833950509570755,-0.26
2025-10-04 11:30:00+02:00,-4.544519296157745,-0.08
2025-10-04 11:45:00+02:00,-6.444264957241934,-0.04
2025-10-04 12:00:00+02:00,1.084496581808427,-0.19
2025-10-04 12:15:00+02:00,1.7084027113083504,-0.06
2025-10-04 12:30:00+02:00,1.6205878200390045,-0.03
2025-10-04 12:45:00+02:00,1.666467326329938,-0.04
2025-10-04 13:00:00+02:00,-10.940867631033251,-0.24
2025-10-04 13:15:00+02:00,-11.113769844026734,-0.23
2025-10-04 13:30:00+02:00,-11.520381647765426,-0.4
2025-10-04 13:45:00+02:00,-13.048569134889268,-0.89
2025-10-04 14:00:00+02:00,-4.235744088406252,-0.13
2025-10-04 14:15:00+02:00,-5.2771734427599615,-1.02
2025-10-04 14:30:00+02:00,-5.221107241164173,-2.02
2025-10-04 14:45:00+02:00,-5.359565275805593,-5.01
2025-10-04 15:00:00+02:00,5.455602477923424,-1.82
2025-10-04 15:15:00+02:00,3.4988991293878726,-5.02
2025-10-04 15:30:00+02:00,-9.80982107137691,-2.51
2025-10-04 15:45:00+02:00,-12.27075908700776,-1.07
2025-10-04 16:00:00+02:00,18.495397283742943,-0.25
2025-10-04 16:15:00+02:00,-26.76117364558357,-0.01
2025-10-04 16:30:00+02:00,-75.11677758129086,-0.04
2025-10-04 16:45:00+02:00,-90.28152024403605,-0.08
2025-10-04 17:00:00+02:00,46.09128469969177,-1.08
2025-10-04 17:15:00+02:00,22.308473987289982,-0.01
2025-10-04 17:30:00+02:00,-9.712979319672357,0.0
2025-10-04 17:45:00+02:00,12.213688569130513,0.72
2025-10-04 18:00:00+02:00,66.46477507735383,-0.03
2025-10-04 18:15:00+02:00,63.60857789872387,0.0
2025-10-04 18:30:00+02:00,70.28506673237064,2.2
2025-10-04 18:45:00+02:00,73.2335451224296,2.25
2025-10-04 19:00:00+02:00,8.313599000660872,2.44
2025-10-04 19:15:00+02:00,10.050563293515468,2.74
2025-10-04 19:30:00+02:00,16.718002753577323,4.02
2025-10-04 19:45:00+02:00,7.418423433458742,3.72
2025-10-04 20:00:00+02:00,-130.7492765636503,1.3
2025-10-04 20:15:00+02:00,-209.3671877178698,0.0
2025-10-04 20:30:00+02:00,-436.1445712836352,0.0
2025-10-04 20:45:00+02:00,-450.3762907641567,-0.01
2025-10-04 21:00:00+02:00,-100.06318464989464,0.1
2025-10-04 21:15:00+02:00,-108.25979519345088,0.0
2025-10-04 21:30:00+02:00,-75.71401908611263,-0.01
2025-10-04 21:45:00+02:00,-85.58422290113963,-0.47
2025-10-04 22:00:00+02:00,-11.447930402736802,-0.06
2025-10-04 22:15:00+02:00,-5.404921013377347,-0.08
2025-10-04 22:30:00+02:00,-10.888836673585644,-0.01
2025-10-04 22:45:00+02:00,-23.70217977380491,-0.06
2025-10-04 23:00:00+02:00,21.88826094334526,-0.01
2025-10-04 23:15:00+02:00,16.844009565148255,-0.03
2025-10-04 23:30:00+02:00,11.52105123229353,-0.08
2025-10-04 23:45:00+02:00,16.367953034034443,-1.25
2025-10-05 00:00:00+02:00,-22.747653545129637,-0.07
2025-10-05 00:15:00+02:00,-15.25604568793466,-0.26
2025-10-05 00:30:00+02:00,-2.487208981336096,-1.45
2025-10-05 00:45:00+02:00,-4.961235247529828,-1.21
2025-10-05 01:00:00+02:00,-54.53919937265209,-1.09
2025-10-05 01:15:00+02:00,-48.8700276472465,-2.01
2025-10-05 01:30:00+02:00,-27.210854488827835,-1.48
2025-10-05 01:45:00+02:00,-32.53301765314514,-1.03
2025-10-05 02:00:00+02:00,-52.09580331395627,-4.2
2025-10-05 02:15:00+02:00,-41.15008203720016,-4.19
2025-10-05 02:30:00+02:00,-35.07566597304118,-4.18
2025-10-05 02:45:00+02:00,-21.53533416536615,-4.19
2025-10-05 03:00:00+02:00,-24.853077595847253,-4.2
2025-10-05 03:15:00+02:00,-24.940153282092297,-4.11
2025-10-05 03:30:00+02:00,-24.29931940059042,-4.11
2025-10-05 03:45:00+02:00,-22.775718340704316,-5.09
2025-10-05 04:00:00+02:00,-7.44058290035241,-4.82
2025-10-05 04:15:00+02:00,-5.416692907215349,-5.03
2025-10-05 04:30:00+02:00,-4.983948102376601,-5.05
2025-10-05 04:45:00+02:00,-5.420403954567391,-5.02
2025-10-05 05:00:00+02:00,-29.56543833168898,-4.99
2025-10-05 05:15:00+02:00,-37.49536220879918,-4.82
2025-10-05 05:30:00+02:00,-42.49912188023025,-4.01
2025-10-05 05:45:00+02:00,-56.47315538109616,-4.01
2025-10-05 06:00:00+02:00,55.78019417387112,-4.11
2025-10-05 06:15:00+02:00,-48.38053137219882,-4.05
2025-10-05 06:30:00+02:00,-68.98861632864316,-3.8
2025-10-05 06:45:00+02:00,-77.41229982413648,-3.08
2025-10-05 07:00:00+02:00,-156.1801130038474,-2.02
2025-10-05 07:15:00+02:00,-155.31781255811438,-1.78
2025-10-05 07:30:00+02:00,-170.31727175522224,-1.42
2025-10-05 07:45:00+02:00,-145.5343412922066,-0.8
2025-10-05 08:00:00+02:00,49.09060839322126,-0.1
2025-10-05 08:15:00+02:00,62.37592500861535,-0.09
2025-10-05 08:30:00+02:00,49.01337733457193,-0.05
2025-10-05 08:45:00+02:00,12.157682417382972,-0.11
2025-10-05 09:00:00+02:00,23.47796385270196,-0.01
2025-10-05 09:15:00+02:00,25.238531684125803,-0.08
2025-10-05 09:30:00+02:00,-5.857874235131817,-2.01
2025-10-05 09:45:00+02:00,-23.096193037735205,-3.47
2025-10-05 10:00:00+02:00,42.29922826771292,-1.48
2025-10-05 10:15:00+02:00,33.899194747870794,-2.9
2025-10-05 10:30:00+02:00,25.68694393844921,-4.06
2025-10-05 10:45:00+02:00,31.39830339914996,-4.88
2025-10-05 11:00:00+02:00,18.87747533074355,-2.02
2025-10-05 11:15:00+02:00,21.223832492495475,-2.02
2025-10-05 11:30:00+02:00,22.033791169843752,-2.01
2025-10-05 11:45:00+02:00,19.30255788476279,-2.02
2025-10-05 12:00:00+02:00,-19.102053676661455,-4.04
2025-10-05 12:15:00+02:00,-19.845927505951536,-3.04
2025-10-05 12:30:00+02:00,-19.663324374776657,-3.01
2025-10-05 12:45:00+02:00,-19.805055238726908,-3.57
2025-10-05 13:00:00+02:00,-19.29925883232796,-3.38
2025-10-05 13:15:00+02:00,-21.167455083978815,-3.54
2025-10-05 13:30:00+02:00,-21.355397295733724,-3.17
2025-10-05 13:45:00+02:00,-20.50633187535312,-3.46
2025-10-05 14:00:00+02:00,-33.72751840294923,-3.1
2025-10-05 14:15:00+02:00,-33.50500627776028,-3.02
2025-10-05 14:30:00+02:00,-31.494072165484752,-3.02
2025-10-05 14:45:00+02:00,-31.794406431016142,-2.63
2025-10-05 15:00:00+02:00,-14.80537002726841,-2.4
2025-10-05 15:15:00+02:00,-15.442903858096152,-2.13
2025-10-05 15:30:00+02:00,-10.704289397187914,-2.02
2025-10-05 15:45:00+02:00,-26.454118939002868,-3.02
2025-10-05 16:00:00+02:00,0.346686355267721,-1.59
2025-10-05 16:15:00+02:00,-11.866781735885738,-1.02
2025-10-05 16:30:00+02:00,-25.698893537755296,-0.1
2025-10-05 16:45:00+02:00,-31.134487375621745,-0.04
2025-10-05 17:00:00+02:00,-7.235997791885481,-3.16
2025-10-05 17:15:00+02:00,-15.91715925034164,-0.06
2025-10-05 17:30:00+02:00,-22.66140482802828,0.1
2025-10-05 17:45:00+02:00,-34.173729026495096,6.53
2025-10-05 18:00:00+02:00,3.532471865504476,5.37
2025-10-05 18:15:00+02:00,-13.983399060105796,11.0
2025-10-05 18:30:00+02:00,-33.026598948319446,19.91
2025-10-05 18:45:00+02:00,-77.10582099479282,28.05
2025-10-05 19:00:00+02:00,-231.1178286428755,21.25
2025-10-05 19:15:00+02:00,-229.51159613699244,26.69
2025-10-05 19:30:00+02:00,-246.1509436526744,42.84
2025-10-05 19:45:00+02:00,-242.98576666836263,49.41
2025-10-05 20:00:00+02:00,-36.4346864411491,34.0
2025-10-05 20:15:00+02:00,-14.415951898067776,24.58
2025-10-05 20:30:00+02:00,3.6049950192863776,13.66
2025-10-05 20:45:00+02:00,16.87631914056142,7.08
2025-10-05 21:00:00+02:00,18.28319349184436,7.84
2025-10-05 21:15:00+02:00,20.033643230453748,5.15
2025-10-05 21:30:00+02:00,33.3584234962254,4.75
2025-10-05 21:45:00+02:00,37.367291227607055,4.17
2025-10-05 22:00:00+02:00,45.74362668617137,5.75
2025-10-05 22:15:00+02:00,49.92425947638962,4.86
2025-10-05 22:30:00+02:00,53.948880274590294,5.96
2025-10-05 22:45:00+02:00,64.39850882810077,4.24
2025-10-05 23:00:00+02:00,56.05115786201354,4.88
2025-10-05 23:15:00+02:00,58.237072498718305,4.1
2025-10-05 23:30:00+02:00,68.94338532058705,3.96
2025-10-05 23:45:00+02:00,76.6129162793139,3.36
2025-10-06 00:00:00+02:00,-14.44253956160938,30.98
2025-10-06 00:15:00+02:00,-20.88194982190973,24.53
2025-10-06 00:30:00+02:00,-6.706387535195432,15.77
2025-10-06 00:45:00+02:00,-9.20301135064942,12.1
2025-10-06 01:00:00+02:00,-8.410498211382006,13.85
2025-10-06 01:15:00+02:00,-5.011807662628328,10.57
2025-10-06 01:30:00+02:00,-2.928383556119414,9.11
2025-10-06 01:45:00+02:00,-5.786701677679886,6.66
2025-10-06 02:00:00+02:00,17.373902473023534,7.0
2025-10-06 02:15:00+02:00,14.304620322648532,8.7
2025-10-06 02:30:00+02:00,17.98095512876688,10.58
2025-10-06 02:45:00+02:00,13.80382997561145,10.13
2025-10-06 03:00:00+02:00,28.21313249877351,10.53
2025-10-06 03:15:00+02:00,31.055762103854526,10.52
2025-10-06 03:30:00+02:00,31.04189357473613,11.03
2025-10-06 03:45:00+02:00,31.382263025898027,10.85
2025-10-06 04:00:00+02:00,43.08016322435174,11.02
2025-10-06 04:15:00+02:00,42.84732324493486,18.12
2025-10-06 04:30:00+02:00,42.89951832729941,17.86
2025-10-06 04:45:00+02:00,43.035855606939975,20.2
2025-10-06 05:00:00+02:00,63.3718098326292,7.81
2025-10-06 05:15:00+02:00,63.119292252940056,9.9
2025-10-06 05:30:00+02:00,62.50829022554667,22.8
2025-10-06 05:45:00+02:00,63.17470561033852,49.9
2025-10-06 06:00:00+02:00,96.7316617065948,18.39
2025-10-06 06:15:00+02:00,97.60469508382822,76.6
2025-10-06 06:30:00+02:00,94.99137271882744,78.19
2025-10-06 06:45:00+02:00,95.52514061573136,101.16
2025-10-06 07:00:00+02:00,120.50326552530277,89.97
2025-10-06 07:15:00+02:00,116.03948116829388,105.32
2025-10-06 07:30:00+02:00,120.27557889856472,108.93
2025-10-06 07:45:00+02:00,116.58225283580752,115.99
2025-10-06 08:00:00+02:00,132.3331235449899,126.58
2025-10-06 08:15:00+02:00,105.53256180188646,127.91
2025-10-06 08:30:00+02:00,107.79318276660098,120.8
2025-10-06 08:45:00+02:00,107.7947806940838,111.78
2025-10-06 09:00:00+02:00,106.40816761247004,135.73
2025-10-06 09:15:00+02:00,107.57579314873662,121.42
2025-10-06 09:30:00+02:00,107.15608480549352,119.6
2025-10-06 09:45:00+02:00,97.05947304479857,107.72
2025-10-06 10:00:00+02:00,96.57628912256033,114.69
2025-10-06 10:15:00+02:00,96.38997839188691,104.8
2025-10-06 10:30:00+02:00,98.32810350090108,95.23
2025-10-06 10:45:00+02:00,100.51032601117302,87.39
2025-10-06 11:00:00+02:00,91.2540887361878,98.55
2025-10-06 11:15:00+02:00,84.4643217875385,92.75
2025-10-06 11:30:00+02:00,84.99950728188183,84.89
2025-10-06 11:45:00+02:00,87.73993909207411,81.02
2025-10-06 12:00:00+02:00,23.260740342768297,82.57
2025-10-06 12:15:00+02:00,23.358232433703524,86.67
2025-10-06 12:30:00+02:00,24.36470349177566,86.12
2025-10-06 12:45:00+02:00,25.464294084091417,93.94
2025-10-06 13:00:00+02:00,22.52482205250167,84.06
2025-10-06 13:15:00+02:00,23.40378853241923,88.05
2025-10-06 13:30:00+02:00,23.300516177806124,83.88
2025-10-06 13:45:00+02:00,22.731546091048703,82.4
2025-10-06 14:00:00+02:00,32.898986800529784,82.78
2025-10-06 14:15:00+02:00,31.19738787268398,89.59
2025-10-06 14:30:00+02:00,30.268048719261103,100.96
2025-10-06 14:45:00+02:00,28.10144918596699,95.98
2025-10-06 15:00:00+02:00,76.11045765414711,89.47
2025-10-06 15:15:00+02:00,70.09633452304702,92.03
2025-10-06 15:30:00+02:00,69.02846090956251,95.69
2025-10-06 15:45:00+02:00,67.70543268291723,101.0
2025-10-06 16:00:00+02:00,114.47982632592304,86.45
2025-10-06 16:15:00+02:00,87.19371277186009,97.87
2025-10-06 16:30:00+02:00,88.0102126597174,110.69
2025-10-06 16:45:00+02:00,84.33215016475462,124.08
2025-10-06 17:00:00+02:00,107.7122828081421,93.91
2025-10-06 17:15:00+02:00,104.817675456675,112.95
2025-10-06 17:30:00+02:00,102.60291718040604,121.84
2025-10-06 17:45:00+02:00,98.12064179303758,152.46
2025-10-06 18:00:00+02:00,138.14491768268323,109.36
2025-10-06 18:15:00+02:00,135.54703214425757,118.41
2025-10-06 18:30:00+02:00,132.3960482521494,147.8
2025-10-06 18:45:00+02:00,128.93005160812083,190.78
2025-10-06 19:00:00+02:00,185.6270707756269,168.9
2025-10-06 19:15:00+02:00,186.97194341514367,175.37
2025-10-06 19:30:00+02:00,195.658365630286,169.0
2025-10-06 19:45:00+02:00,198.3020643669393,159.99
2025-10-06 20:00:00+02:00,159.46556392019565,156.93
2025-10-06 20:15:00+02:00,165.16120061663554,131.1
2025-10-06 20:30:00+02:00,166.8837401147898,125.87
2025-10-06 20:45:00+02:00,167.11758068487455,120.81
2025-10-06 21:00:00+02:00,107.73838675060676,128.0
2025-10-06 21:15:00+02:00,109.18439052375732,123.93
2025-10-06 21:30:00+02:00,109.44334442937598,115.65
2025-10-06 21:45:00+02:00,109.8353089413291,113.23
2025-10-06 22:00:00+02:00,94.7557374091822,135.26
2025-10-06 22:15:00+02:00,97.03962552318087,114.58
2025-10-06 22:30:00+02:00,98.39114813345788,115.2
2025-10-06 22:45:00+02:00,98.97843066158104,109.62
2025-10-06 23:00:00+02:00,82.5383245574504,112.33
2025-10-06 23:15:00+02:00,83.62678808124565,105.04
2025-10-06 23:30:00+02:00,86.43798740604335,103.67
2025-10-06 23:45:00+02:00,87.83367616794057,100.96
2025-10-07 00:00:00+02:00,98.1312321467994,105.51
2025-10-07 00:15:00+02:00,95.86413228204697,102.6
2025-10-07 00:30:00+02:00,95.93081197253991,99.05
2025-10-07 00:45:00+02:00,95.30881553714012,93.89
2025-10-07 01:00:00+02:00,92.04784874930388,100.0
2025-10-07 01:15:00+02:00,91.56767571251382,94.82
2025-10-07 01:30:00+02:00,90.32251407150282,92.68
2025-10-07 01:45:00+02:00,89.36509129833414,88.45
2025-10-07 02:00:00+02:00,88.88154220477874,91.23
2025-10-07 02:15:00+02:00,87.72832811328814,89.36
2025-10-07 02:30:00+02:00,87.99270527394691,89.45
2025-10-07 02:45:00+02:00,88.39058487394317,89.23
2025-10-07 03:00:00+02:00,88.37156162177477,88.66
2025-10-07 03:15:00+02:00,88.46393118901686,88.59
2025-10-07 03:30:00+02:00,88.53285231577622,89.47
2025-10-07 03:45:00+02:00,88.56456550464358,91.48
2025-10-07 04:00:00+02:00,88.7022823177521,86.92
2025-10-07 04:15:00+02:00,88.92715771001201,88.8
2025-10-07 04:30:00+02:00,89.15205863191929,95.03
2025-10-07 04:45:00+02:00,89.2356906919261,101.15
2025-10-07 05:00:00+02:00,98.4187884411824,86.94
2025-10-07 05:15:00+02:00,99.8655103888108,93.11
2025-10-07 05:30:00+02:00,97.66281971212146,99.05
2025-10-07 05:45:00+02:00,104.38028286375612,107.86
2025-10-07 06:00:00+02:00,120.47595405808975,106.77
2025-10-07 06:15:00+02:00,120.53150053961204,125.07
2025-10-07 06:30:00+02:00,126.75971638629916,141.18
2025-10-07 06:45:00+02:00,127.35558659416218,166.52
2025-10-07 07:00:00+02:00,147.798210894615,148.03
2025-10-07 07:15:00+02:00,350.90923813075375,207.93
2025-10-07 07:30:00+02:00,285.2834850974209,270.09
2025-10-07 07:45:00+02:00,272.28548719607306,288.17
2025-10-07 08:00:00+02:00,503.09164077469,307.91
2025-10-07 08:15:00+02:00,373.2072606008992,300.04
2025-10-07 08:30:00+02:00,200.23097535200415,288.15
2025-10-07 08:45:00+02:00,159.39244202684728,254.58
2025-10-07 09:00:00+02:00,294.86672931602084,293.61
2025-10-07 09:15:00+02:00,267.7965091968914,249.64
2025-10-07 09:30:00+02:00,225.89507611694685,167.9
2025-10-07 09:45:00+02:00,195.26630393161048,137.58
2025-10-07 10:00:00+02:00,378.4784870658116,197.38
2025-10-07 10:15:00+02:00,313.364578326028,164.08
2025-10-07 10:30:00+02:00,244.88177986040313,138.01
2025-10-07 10:45:00+02:00,308.47301408534355,119.17
2025-10-07 11:00:00+02:00,147.8437804369613,153.65
2025-10-07 11:15:00+02:00,150.064659263428,135.82
2025-10-07 11:30:00+02:00,151.66380334189049,118.81
2025-10-07 11:45:00+02:00,152.66931441255912,111.35
2025-10-07 12:00:00+02:00,192.92414252231475,123.01
2025-10-07 12:15:00+02:00,211.27340913084944,109.38
2025-10-07 12:30:00+02:00,156.2562419545306,105.91
2025-10-07 12:45:00+02:00,144.88249096620228,105.46
2025-10-07 13:00:00+02:00,165.01035347338097,112.23
2025-10-07 13:15:00+02:00,173.2744157336395,105.73
2025-10-07 13:30:00+02:00,167.98600757204323,104.76
2025-10-07 13:45:00+02:00,190.38770754798443,102.01
2025-10-07 14:00:00+02:00,211.39531419455489,103.08
2025-10-07 14:15:00+02:00,203.41950702860152,104.76
2025-10-07 14:30:00+02:00,219.09211922660387,105.91
2025-10-07 14:45:00+02:00,144.7529737684985,107.66
2025-10-07 15:00:00+02:00,154.19750522827064,101.2
2025-10-07 15:15:00+02:00,148.2710668262427,105.68
2025-10-07 15:30:00+02:00,184.18393977830107,116.17
2025-10-07 15:45:00+02:00,177.4261430255979,129.59
2025-10-07 16:00:00+02:00,285.37874570891427,103.91
2025-10-07 16:15:00+02:00,130.17116654400053,110.59
2025-10-07 16:30:00+02:00,145.48231940282756,127.15
2025-10-07 16:45:00+02:00,133.62572067998636,146.77
2025-10-07 17:00:00+02:00,152.88081913846787,115.04
2025-10-07 17:15:00+02:00,150.08470208882713,128.99
2025-10-07 17:30:00+02:00,171.1198812481221,155.82
2025-10-07 17:45:00+02:00,209.5077179750091,207.51
2025-10-07 18:00:00+02:00,193.10501703858176,147.29
2025-10-07 18:15:00+02:00,194.08964054990707,154.33
2025-10-07 18:30:00+02:00,213.53516816429115,220.61
2025-10-07 18:45:00+02:00,208.18449669314305,287.44
2025-10-07 19:00:00+02:00,235.7347666764773,253.39
2025-10-07 19:15:00+02:00,232.6282827625024,221.51
2025-10-07 19:30:00+02:00,218.0395131067777,197.41
2025-10-07 19:45:00+02:00,239.75447806775364,180.81
2025-10-07 20:00:00+02:00,165.68382298724632,178.46
2025-10-07 20:15:00+02:00,160.65651278264448,158.89
2025-10-07 20:30:00+02:00,156.50181076698848,131.01
2025-10-07 20:45:00+02:00,158.37097973616216,117.0
2025-10-07 21:00:00+02:00,117.96819797972378,147.22
2025-10-07 21:15:00+02:00,117.52054394866956,129.01
2025-10-07 21:30:00+02:00,114.46860422068237,112.79
2025-10-07 21:45:00+02:00,114.27628182870438,103.95
2025-10-07 22:00:00+02:00,102.64157523865067,116.35
2025-10-07 22:15:00+02:00,101.58352678521392,111.87
2025-10-07 22:30:00+02:00,100.40420490408349,106.1
2025-10-07 22:45:00+02:00,99.16093205828852,95.37
2025-10-07 23:00:00+02:00,89.77740589963366,107.82
2025-10-07 23:15:00+02:00,88.40726217258874,98.43
2025-10-07 23:30:00+02:00,87.72017422488427,93.57
2025-10-07 23:45:00+02:00,87.85537535686393,90.11
2025-10-08 00:00:00+02:00,100.81907029654212,101.74
2025-10-08 00:15:00+02:00,93.3967200902795,91.4
2025-10-08 00:30:00+02:00,90.27367122852236,91.47
2025-10-08 00:45:00+02:00,88.2363354096335,89.2
2025-10-08 01:00:00+02:00,91.59340335102642,91.85
2025-10-08 01:15:00+02:00,89.57999534141281,89.07
2025-10-08 01:30:00+02:00,86.71827643233371,87.33
2025-10-08 01:45:00+02:00,84.58958882041419,85.5
2025-10-08 02:00:00+02:00,87.91224692295616,89.21
2025-10-08 02:15:00+02:00,84.33762478580974,88.14
2025-10-08 02:30:00+02:00,84.77409301851276,86.99
2025-10-08 02:45:00+02:00,84.85935306626956,85.9
2025-10-08 03:00:00+02:00,82.99873097034714,86.97
2025-10-08 03:15:00+02:00,85.30600140792869,86.91
2025-10-08 03:30:00+02:00,85.96171953681277,86.98
2025-10-08 03:45:00+02:00,85.08141166302458,87.04
2025-10-08 04:00:00+02:00,83.61011264843891,85.66
2025-10-08 04:15:00+02:00,84.2326003637239,87.74
2025-10-08 04:30:00+02:00,85.7749823625282,91.18
2025-10-08 04:45:00+02:00,86.35799774438081,94.11
2025-10-08 05:00:00+02:00,91.54350252527964,86.98
2025-10-08 05:15:00+02:00,92.3070579756262,93.28
2025-10-08 05:30:00+02:00,94.8695426927807,99.91
2025-10-08 05:45:00+02:00,96.13643962043815,109.41
2025-10-08 06:00:00+02:00,118.38316051483086,92.99
2025-10-08 06:15:00+02:00,123.9089781512482,113.91
2025-10-08 06:30:00+02:00,134.3003554107107,122.99
2025-10-08 06:45:00+02:00,133.08873847231425,138.54
2025-10-08 07:00:00+02:00,180.66482996200477,130.47
2025-10-08 07:15:00+02:00,198.5779598309798,151.59
2025-10-08 07:30:00+02:00,191.75854765585055,168.9
2025-10-08 07:45:00+02:00,199.66256953757647,171.36
2025-10-08 08:00:00+02:00,269.78070688840387,203.62
2025-10-08 08:15:00+02:00,193.2901072528565,175.34
2025-10-08 08:30:00+02:00,150.81802021490066,151.24
2025-10-08 08:45:00+02:00,126.34918040110038,135.38
2025-10-08 09:00:00+02:00,257.60164110884097,174.2
2025-10-08 09:15:00+02:00,180.06281250720048,140.92
2025-10-08 09:30:00+02:00,165.34825855387913,119.67
2025-10-08 09:45:00+02:00,128.48470036285025,105.91
2025-10-08 10:00:00+02:00,139.22447661688176,142.74
2025-10-08 10:15:00+02:00,110.55160399710952,121.74
2025-10-08 10:30:00+02:00,99.56017144515808,107.37
2025-10-08 10:45:00+02:00,98.67649936119324,101.93
2025-10-08 11:00:00+02:00,88.48857952031685,123.01
2025-10-08 11:15:00+02:00,86.43502596090681,104.46
2025-10-08 11:30:00+02:00,85.70036614069679,97.58
2025-10-08 11:45:00+02:00,86.34640843467817,88.25
2025-10-08 12:00:00+02:00,72.57102159145775,94.88
2025-10-08 12:15:00+02:00,74.41827020249376,91.03
2025-10-08 12:30:00+02:00,73.19077147521149,88.78
2025-10-08 12:45:00+02:00,75.22584187227059,88.6
2025-10-08 13:00:00+02:00,78.29309862550173,90.79
2025-10-08 13:15:00+02:00,78.12747081348998,90.1
2025-10-08 13:30:00+02:00,78.55251105515002,89.17
2025-10-08 13:45:00+02:00,79.21472831648991,87.28
2025-10-08 14:00:00+02:00,86.96685206238354,85.44
2025-10-08 14:15:00+02:00,86.24893200733673,87.72
2025-10-08 14:30:00+02:00,90.7593640994614,90.0
2025-10-08 14:45:00+02:00,91.95656472917284,98.61
2025-10-08 15:00:00+02:00,107.48324933721156,89.1
2025-10-08 15:15:00+02:00,107.06968130453733,93.72
2025-10-08 15:30:00+02:00,108.25780879340977,101.34
2025-10-08 15:45:00+02:00,111.21064048621368,113.55
2025-10-08 16:00:00+02:00,112.39908700009217,93.15
2025-10-08 16:15:00+02:00,112.86881453365342,102.2
2025-10-08 16:30:00+02:00,112.44323264987696,127.44
2025-10-08 16:45:00+02:00,116.83722195995782,147.07
2025-10-08 17:00:00+02:00,143.7461256427669,102.83
2025-10-08 17:15:00+02:00,148.22694502903664,123.24
2025-10-08 17:30:00+02:00,145.14410893935965,155.33
2025-10-08 17:45:00+02:00,179.91520586906069,216.52
2025-10-08 18:00:00+02:00,185.9766417029608,135.54
2025-10-08 18:15:00+02:00,180.84313569509175,147.6
2025-10-08 18:30:00+02:00,203.30779126826792,204.53
2025-10-08 18:45:00+02:00,219.72764435051425,247.56
2025-10-08 19:00:00+02:00,322.6099399659164,235.93
2025-10-08 19:15:00+02:00,312.7822264804915,204.62
2025-10-08 19:30:00+02:00,298.7687052681925,180.46
2025-10-08 19:45:00+02:00,261.96912868079494,175.0
2025-10-08 20:00:00+02:00,167.94395016247014,170.48
2025-10-08 20:15:00+02:00,151.65541723023003,149.96
2025-10-08 20:30:00+02:00,147.78008044686965,128.09
2025-10-08 20:45:00+02:00,136.59922095419827,118.25
2025-10-08 21:00:00+02:00,121.2559015099916,128.88
2025-10-08 21:15:00+02:00,118.98372192554888,117.94
2025-10-08 21:30:00+02:00,113.21470702494204,109.29
2025-10-08 21:45:00+02:00,112.00654800244736,102.85
2025-10-08 22:00:00+02:00,106.48435381335018,114.61
2025-10-08 22:15:00+02:00,104.97369062056995,113.93
2025-10-08 22:30:00+02:00,102.2986175225703,106.49
2025-10-08 22:45:00+02:00,98.44854840902786,97.93
2025-10-08 23:00:00+02:00,92.55574212123678,106.06
2025-10-08 23:15:00+02:00,91.4342520207534,99.79
2025-10-08 23:30:00+02:00,88.55386169247927,95.48
2025-10-08 23:45:00+02:00,86.60090058154113,90.0
2025-10-09 00:00:00+02:00,99.86866032705436,109.22
2025-10-09 00:15:00+02:00,95.64256144349535,100.01
2025-10-09 00:30:00+02:00,91.6478822367957,90.88
2025-10-09 00:45:00+02:00,89.20919048138585,88.75
2025-10-09 01:00:00+02:00,94.7856223963583,91.7
2025-10-09 01:15:00+02:00,91.86575694948102,93.33
2025-10-09 01:30:00+02:00,88.12457330727301,92.32
2025-10-09 01:45:00+02:00,85.19418760278326,92.98
2025-10-09 02:00:00+02:00,90.06189856960417,96.05
2025-10-09 02:15:00+02:00,85.22549026793017,92.32
2025-10-09 02:30:00+02:00,86.08773730376952,92.28
2025-10-09 02:45:00+02:00,86.45226678852927,92.4
2025-10-09 03:00:00+02:00,83.3949732148929,93.36
2025-10-09 03:15:00+02:00,86.77780569184097,89.9
2025-10-09 03:30:00+02:00,87.44463162329981,89.97
2025-10-09 03:45:00+02:00,86.04841098626044,90.04
2025-10-09 04:00:00+02:00,84.93735855419648,86.94
2025-10-09 04:15:00+02:00,86.01988697846978,89.03
2025-10-09 04:30:00+02:00,89.1897124290186,92.49
2025-10-09 04:45:00+02:00,90.34248453458774,102.34
2025-10-09 05:00:00+02:00,92.11290385723083,87.41
2025-10-09 05:15:00+02:00,92.7659456041708,91.81
2025-10-09 05:30:00+02:00,95.75103121609122,104.3
2025-10-09 05:45:00+02:00,98.45080650236775,121.09
2025-10-09 06:00:00+02:00,115.28588742132304,102.35
2025-10-09 06:15:00+02:00,122.3191837856888,121.42
2025-10-09 06:30:00+02:00,131.58504346628146,132.35
2025-10-09 06:45:00+02:00,125.46543713992966,146.2
2025-10-09 07:00:00+02:00,153.48603795402403,125.35
2025-10-09 07:15:00+02:00,168.6009777674822,146.35
2025-10-09 07:30:00+02:00,164.58959250806274,156.11
2025-10-09 07:45:00+02:00,166.118695553119,152.19
2025-10-09 08:00:00+02:00,192.22837075014337,172.25
2025-10-09 08:15:00+02:00,139.38682838448577,152.98
2025-10-09 08:30:00+02:00,139.25818749622704,143.8
2025-10-09 08:45:00+02:00,118.19587653962655,130.57
2025-10-09 09:00:00+02:00,191.45937992782967,166.46
2025-10-09 09:15:00+02:00,167.59718914751684,134.41
2025-10-09 09:30:00+02:00,130.5558798784861,122.99
2025-10-09 09:45:00+02:00,105.66303358955676,106.09
2025-10-09 10:00:00+02:00,124.93880680490528,131.55
2025-10-09 10:15:00+02:00,112.833875462849,113.86
2025-10-09 10:30:00+02:00,102.69534875906592,102.3
2025-10-09 10:45:00+02:00,92.68579225721864,91.04
2025-10-09 11:00:00+02:00,106.64605155311116,106.52
2025-10-09 11:15:00+02:00,100.1644214073916,102.13
2025-10-09 11:30:00+02:00,94.13412015264302,91.64
2025-10-09 11:45:00+02:00,91.15683646645002,87.56
2025-10-09 12:00:00+02:00,83.62822836030051,100.33
2025-10-09 12:15:00+02:00,78.50119398098906,92.2
2025-10-09 12:30:00+02:00,77.5187321052792,87.93
2025-10-09 12:45:00+02:00,76.21906498456127,83.63
2025-10-09 13:00:00+02:00,64.25681359277617,89.01
2025-10-09 13:15:00+02:00,63.99110858104137,88.22
2025-10-09 13:30:00+02:00,64.59891476186085,84.65
2025-10-09 13:45:00+02:00,64.93314178399642,71.53
2025-10-09 14:00:00+02:00,60.31833040910519,77.77
2025-10-09 14:15:00+02:00,62.62909314285822,83.77
2025-10-09 14:30:00+02:00,65.83745471905239,84.15
2025-10-09 14:45:00+02:00,68.05936130391646,87.11
2025-10-09 15:00:00+02:00,63.46862520896409,79.61
2025-10-09 15:15:00+02:00,63.9412202817816,84.13
2025-10-09 15:30:00+02:00,73.85929235998414,89.22
2025-10-09 15:45:00+02:00,77.92659991429204,102.35
2025-10-09 16:00:00+02:00,81.39578175898889,87.51
2025-10-09 16:15:00+02:00,87.23099898814948,88.37
2025-10-09 16:30:00+02:00,95.93718162087654,92.11
2025-10-09 16:45:00+02:00,103.1802233687336,100.31
2025-10-09 17:00:00+02:00,94.8842274448984,87.53
2025-10-09 17:15:00+02:00,104.8598586978558,110.57
2025-10-09 17:30:00+02:00,114.44992071838536,112.0
2025-10-09 17:45:00+02:00,132.96638866995062,129.94
2025-10-09 18:00:00+02:00,133.7201098536073,115.48
2025-10-09 18:15:00+02:00,145.47532127916162,124.26
2025-10-09 18:30:00+02:00,164.84586642507384,126.56
2025-10-09 18:45:00+02:00,172.08068855943662,125.33
2025-10-09 19:00:00+02:00,193.14132524888691,125.71
2025-10-09 19:15:00+02:00,186.66817901005544,126.43
2025-10-09 19:30:00+02:00,171.65390526088115,122.58
2025-10-09 19:45:00+02:00,150.8429785780688,117.73
2025-10-09 20:00:00+02:00,131.13983806360372,119.72
2025-10-09 20:15:00+02:00,131.08420823246547,114.76
2025-10-09 20:30:00+02:00,129.48292439435633,110.14
2025-10-09 20:45:00+02:00,126.84087171517932,104.83
2025-10-09 21:00:00+02:00,107.02183654222792,107.15
2025-10-09 21:15:00+02:00,104.34655037488392,101.69
2025-10-09 21:30:00+02:00,102.91452042878304,96.39
2025-10-09 21:45:00+02:00,99.85483146745636,87.14
2025-10-09 22:00:00+02:00,100.23674447297806,113.22
2025-10-09 22:15:00+02:00,98.36817491206034,95.43
2025-10-09 22:30:00+02:00,95.0049717020602,90.93
2025-10-09 22:45:00+02:00,90.2343794479202,87.75
2025-10-09 23:00:00+02:00,89.00196337253782,98.98
2025-10-09 23:15:00+02:00,86.59556686559633,90.55
2025-10-09 23:30:00+02:00,82.76435804508827,87.65
2025-10-09 23:45:00+02:00,78.84520492790737,77.62
2025-10-10 00:00:00+02:00,92.15710883339952,95.72
2025-10-10 00:15:00+02:00,83.68707133221673,89.14
2025-10-10 00:30:00+02:00,81.89341943331144,86.45
2025-10-10 00:45:00+02:00,79.52403709448758,80.73
2025-10-10 01:00:00+02:00,86.04816249573545,90.84
2025-10-10 01:15:00+02:00,83.88093098980326,84.36
2025-10-10 01:30:00+02:00,79.88909583268365,83.5
2025-10-10 01:45:00+02:00,76.67297320008451,81.17
2025-10-10 02:00:00+02:00,82.88704725611491,83.19
2025-10-10 02:15:00+02:00,80.35527280109659,79.99
2025-10-10 02:30:00+02:00,81.12063383317775,78.91
2025-10-10 02:45:00+02:00,81.1317970339785,78.26
2025-10-10 03:00:00+02:00,77.54346780005643,79.77
2025-10-10 03:15:00+02:00,79.07775422533727,78.7
2025-10-10 03:30:00+02:00,79.3211540797059,77.4
2025-10-10 03:45:00+02:00,79.00493081874652,77.27
2025-10-10 04:00:00+02:00,78.3587301428878,78.77
2025-10-10 04:15:00+02:00,79.30817511094908,80.06
2025-10-10 04:30:00+02:00,80.90276825331458,76.81
2025-10-10 04:45:00+02:00,83.33190095887795,81.2
2025-10-10 05:00:00+02:00,83.30858135788677,76.82
2025-10-10 05:15:00+02:00,85.30392290825529,81.28
2025-10-10 05:30:00+02:00,89.2938814327414,84.79
2025-10-10 05:45:00+02:00,92.6202837684688,101.4
2025-10-10 06:00:00+02:00,102.9697028351016,83.53
2025-10-10 06:15:00+02:00,112.1104622621588,105.2
2025-10-10 06:30:00+02:00,119.1099202294798,99.33
2025-10-10 06:45:00+02:00,116.38448439897732,122.49
2025-10-10 07:00:00+02:00,141.4999798492183,102.12
2025-10-10 07:15:00+02:00,147.10090425177927,113.67
2025-10-10 07:30:00+02:00,134.5827531482317,125.29
2025-10-10 07:45:00+02:00,134.20941378121356,136.22
2025-10-10 08:00:00+02:00,161.75315719339144,151.65
2025-10-10 08:15:00+02:00,146.72108926392178,133.39
2025-10-10 08:30:00+02:00,148.41311726835073,109.4
2025-10-10 08:45:00+02:00,131.84812509261025,96.01
2025-10-10 09:00:00+02:00,149.73253466800395,143.83
2025-10-10 09:15:00+02:00,134.45334176968225,112.07
2025-10-10 09:30:00+02:00,127.8849542061436,96.73
2025-10-10 09:45:00+02:00,118.07156968696133,78.43
2025-10-10 10:00:00+02:00,130.12418681192287,123.0
2025-10-10 10:15:00+02:00,124.85331742389002,93.17
2025-10-10 10:30:00+02:00,120.85096143444662,84.55
2025-10-10 10:45:00+02:00,114.2592908820108,71.31
2025-10-10 11:00:00+02:00,88.98721370337225,96.26
2025-10-10 11:15:00+02:00,85.40755262193963,79.29
2025-10-10 11:30:00+02:00,86.26985853420717,79.04
2025-10-10 11:45:00+02:00,76.90181551860366,73.88
2025-10-10 12:00:00+02:00,63.1719079617821,87.88
2025-10-10 12:15:00+02:00,61.209597732714094,79.84
2025-10-10 12:30:00+02:00,60.597046970572194,74.67
2025-10-10 12:45:00+02:00,59.61326216711111,67.74
2025-10-10 13:00:00+02:00,48.29468165658086,76.07
2025-10-10 13:15:00+02:00,46.87536130328825,78.85
2025-10-10 13:30:00+02:00,47.06559249474918,77.26
2025-10-10 13:45:00+02:00,48.04170726224667,70.58
2025-10-10 14:00:00+02:00,46.86735535077115,59.95
2025-10-10 14:15:00+02:00,49.132917157232384,77.39
2025-10-10 14:30:00+02:00,53.05593523226432,80.07
2025-10-10 14:45:00+02:00,59.51583286066015,91.62
2025-10-10 15:00:00+02:00,65.84044546005704,76.48
2025-10-10 15:15:00+02:00,68.12497852212584,85.09
2025-10-10 15:30:00+02:00,73.62897078254628,91.56
2025-10-10 15:45:00+02:00,75.58432718099944,102.45
2025-10-10 16:00:00+02:00,81.99504312427715,77.06
2025-10-10 16:15:00+02:00,86.93086166784575,91.53
2025-10-10 16:30:00+02:00,100.70400142225996,99.84
2025-10-10 16:45:00+02:00,105.40027770000968,123.0
2025-10-10 17:00:00+02:00,96.30880400403944,97.74
2025-10-10 17:15:00+02:00,112.96012121537748,111.9
2025-10-10 17:30:00+02:00,123.17454164118408,123.39
2025-10-10 17:45:00+02:00,141.76669269947703,139.77
2025-10-10 18:00:00+02:00,148.44352506384303,107.18
2025-10-10 18:15:00+02:00,154.2916006774717,117.5
2025-10-10 18:30:00+02:00,157.90031141588375,121.42
2025-10-10 18:45:00+02:00,156.25601641009354,136.32
2025-10-10 19:00:00+02:00,188.7880043348761,124.81
2025-10-10 19:15:00+02:00,179.28385298506365,123.84
2025-10-10 19:30:00+02:00,171.76444934416455,123.87
2025-10-10 19:45:00+02:00,167.0488067247317,120.64
2025-10-10 20:00:00+02:00,140.75428453786506,131.89
2025-10-10 20:15:00+02:00,137.078169226537,119.32
2025-10-10 20:30:00+02:00,139.71611867230354,110.0
2025-10-10 20:45:00+02:00,137.42733550698878,100.35
2025-10-10 21:00:00+02:00,113.70075885519444,115.53
2025-10-10 21:15:00+02:00,113.44776362703551,110.95
2025-10-10 21:30:00+02:00,111.5255636861786,101.04
2025-10-10 21:45:00+02:00,111.27151361106633,88.14
2025-10-10 22:00:00+02:00,106.72859263013125,104.53
2025-10-10 22:15:00+02:00,105.84590481946594,102.46
2025-10-10 22:30:00+02:00,102.76652656249288,97.94
2025-10-10 22:45:00+02:00,99.38554181336691,86.02
2025-10-10 23:00:00+02:00,97.16705787148364,94.58
2025-10-10 23:15:00+02:00,96.09258424879702,92.97
2025-10-10 23:30:00+02:00,93.52781560855536,96.62
2025-10-10 23:45:00+02:00,90.99044387384228,89.23
2025-10-11 00:00:00+02:00,91.15376398228184,102.78
2025-10-11 00:15:00+02:00,88.44323433477071,97.66
2025-10-11 00:30:00+02:00,87.29641982519163,88.08
2025-10-11 00:45:00+02:00,86.46200571368713,83.35
2025-10-11 01:00:00+02:00,87.0032590512512,91.25
2025-10-11 01:15:00+02:00,86.17510082971053,89.52
2025-10-11 01:30:00+02:00,84.86109520643414,87.4
2025-10-11 01:45:00+02:00,83.88976120823288,87.17
2025-10-11 02:00:00+02:00,85.13692784937679,87.53
2025-10-11 02:15:00+02:00,83.87117255406352,88.63
2025-10-11 02:30:00+02:00,83.88390786993,87.21
2025-10-11 02:45:00+02:00,83.79669355446147,86.18
2025-10-11 03:00:00+02:00,81.72902776711364,86.26
2025-10-11 03:15:00+02:00,82.01696165632805,84.5
2025-10-11 03:30:00+02:00,82.07597886337719,83.63
2025-10-11 03:45:00+02:00,82.41110940160789,82.31
2025-10-11 04:00:00+02:00,82.21630293679048,82.86
2025-10-11 04:15:00+02:00,83.07468493330288,82.63
2025-10-11 04:30:00+02:00,83.97998214334193,80.79
2025-10-11 04:45:00+02:00,85.46941804203804,81.83
2025-10-11 05:00:00+02:00,86.45829847379244,82.21
2025-10-11 05:15:00+02:00,87.24466222674482,84.55
2025-10-11 05:30:00+02:00,89.39955274242206,85.13
2025-10-11 05:45:00+02:00,92.07897038244082,87.13
2025-10-11 06:00:00+02:00,91.45500901613669,87.87
2025-10-11 06:15:00+02:00,94.40152616057742,88.97
2025-10-11 06:30:00+02:00,99.90740096351186,91.2
2025-10-11 06:45:00+02:00,110.83014394064024,93.02
2025-10-11 07:00:00+02:00,105.76529415662938,96.71
2025-10-11 07:15:00+02:00,109.99782449700147,95.06
2025-10-11 07:30:00+02:00,111.28489362389578,97.62
2025-10-11 07:45:00+02:00,129.021059391267,97.62
2025-10-11 08:00:00+02:00,141.04836804456446,103.96
2025-10-11 08:15:00+02:00,129.3906576724483,103.22
2025-10-11 08:30:00+02:00,115.59837378541044,101.37
2025-10-11 08:45:00+02:00,105.9022729228226,93.05
2025-10-11 09:00:00+02:00,108.40285271047772,108.11
2025-10-11 09:15:00+02:00,110.04412757228496,100.02
2025-10-11 09:30:00+02:00,101.21938564101526,89.11
2025-10-11 09:45:00+02:00,87.84441208040771,74.6
2025-10-11 10:00:00+02:00,90.425621053245,97.36
2025-10-11 10:15:00+02:00,94.36297173394132,85.84
2025-10-11 10:30:00+02:00,90.06009683822026,73.26
2025-10-11 10:45:00+02:00,86.1231923746648,73.27
2025-10-11 11:00:00+02:00,51.415508174190535,87.29
2025-10-11 11:15:00+02:00,52.5533929873732,76.86
2025-10-11 11:30:00+02:00,48.60940180589382,71.39
2025-10-11 11:45:00+02:00,47.68012143400705,60.54
2025-10-11 12:00:00+02:00,34.3253724084412,63.44
2025-10-11 12:15:00+02:00,33.9496164892856,60.1
2025-10-11 12:30:00+02:00,32.9099617060152,51.21
2025-10-11 12:45:00+02:00,32.04978026237153,46.92
2025-10-11 13:00:00+02:00,18.44177171049185,51.67
2025-10-11 13:15:00+02:00,18.218592180284737,47.13
2025-10-11 13:30:00+02:00,18.335107715300303,43.17
2025-10-11 13:45:00+02:00,18.236121041605177,45.12
2025-10-11 14:00:00+02:00,17.6086262227197,41.76
2025-10-11 14:15:00+02:00,19.231099206734022,48.54
2025-10-11 14:30:00+02:00,19.834387440384553,52.74
2025-10-11 14:45:00+02:00,21.17356686090881,61.08
2025-10-11 15:00:00+02:00,51.99239397390938,54.55
2025-10-11 15:15:00+02:00,53.63267235690667,75.1
2025-10-11 15:30:00+02:00,58.981117915916464,89.6
2025-10-11 15:45:00+02:00,61.591938960985715,88.52
2025-10-11 16:00:00+02:00,55.60877150956566,62.84
2025-10-11 16:15:00+02:00,56.458014084414,76.17
2025-10-11 16:30:00+02:00,62.25534225116546,89.61
2025-10-11 16:45:00+02:00,68.38631809943477,105.98
2025-10-11 17:00:00+02:00,93.11924987665178,83.89
2025-10-11 17:15:00+02:00,102.0884116759168,99.22
2025-10-11 17:30:00+02:00,108.17941209770508,126.09
2025-10-11 17:45:00+02:00,117.8819976780396,146.82
2025-10-11 18:00:00+02:00,132.3671157539905,110.81
2025-10-11 18:15:00+02:00,132.69547481980322,122.14
2025-10-11 18:30:00+02:00,129.52139146355202,129.9
2025-10-11 18:45:00+02:00,122.91809999856729,142.9
2025-10-11 19:00:00+02:00,140.266483612662,130.59
2025-10-11 19:15:00+02:00,138.58787619209562,139.21
2025-10-11 19:30:00+02:00,136.2323292310959,130.31
2025-10-11 19:45:00+02:00,131.71630903012965,120.58
2025-10-11 20:00:00+02:00,112.57600059710394,145.64
2025-10-11 20:15:00+02:00,112.09288644968008,128.34
2025-10-11 20:30:00+02:00,124.69841988864454,108.5
2025-10-11 20:45:00+02:00,123.87233621485132,100.06
2025-10-11 21:00:00+02:00,108.623637704542,125.8
2025-10-11 21:15:00+02:00,107.06975017286828,114.05
2025-10-11 21:30:00+02:00,108.192898979274,113.69
2025-10-11 21:45:00+02:00,107.86020357125936,96.64
2025-10-11 22:00:00+02:00,99.40258766398335,122.5
2025-10-11 22:15:00+02:00,99.6538668793989,110.4
2025-10-11 22:30:00+02:00,98.9348051202532,101.57
2025-10-11 22:45:00+02:00,98.89372748497672,93.16
2025-10-11 23:00:00+02:00,96.95660197576008,104.7
2025-10-11 23:15:00+02:00,95.895886862162,95.41
2025-10-11 23:30:00+02:00,94.65142940749588,93.18
2025-10-11 23:45:00+02:00,93.15348045146884,87.1
2025-10-12 00:00:00+02:00,101.71935490181428,108.73
2025-10-12 00:15:00+02:00,93.62122119334876,105.82
2025-10-12 00:30:00+02:00,91.62979805307285,87.8
2025-10-12 00:45:00+02:00,89.45698474631926,82.36
2025-10-12 01:00:00+02:00,91.51272109908862,101.1
2025-10-12 01:15:00+02:00,87.62683896871692,96.85
2025-10-12 01:30:00+02:00,86.78924723964627,86.2
2025-10-12 01:45:00+02:00,84.93793752707973,84.52
2025-10-12 02:00:00+02:00,86.87285068801668,97.66
2025-10-12 02:15:00+02:00,84.7618680682435,87.85
2025-10-12 02:30:00+02:00,84.60859495779381,84.71
2025-10-12 02:45:00+02:00,84.37531327063822,85.22
2025-10-12 03:00:00+02:00,83.23922063385407,90.23
2025-10-12 03:15:00+02:00,82.98908431393501,85.83
2025-10-12 03:30:00+02:00,82.90074814518296,84.8
2025-10-12 03:45:00+02:00,82.63007739294689,79.66
2025-10-12 04:00:00+02:00,82.60298500699297,79.4
2025-10-12 04:15:00+02:00,83.73015641706284,82.2
2025-10-12 04:30:00+02:00,83.96187205813933,92.22
2025-10-12 04:45:00+02:00,87.45856377686562,91.83
2025-10-12 05:00:00+02:00,85.02764798878145,83.25
2025-10-12 05:15:00+02:00,86.7003256720052,79.83
2025-10-12 05:30:00+02:00,89.11580066050277,92.66
2025-10-12 05:45:00+02:00,96.09631919398814,90.89
2025-10-12 06:00:00+02:00,85.29977209332199,85.56
2025-10-12 06:15:00+02:00,88.42002746887371,87.95
2025-10-12 06:30:00+02:00,92.4156301981133,90.49
2025-10-12 06:45:00+02:00,108.03216957789826,89.2
2025-10-12 07:00:00+02:00,96.34781254898968,97.64
2025-10-12 07:15:00+02:00,104.22197932305843,86.04
2025-10-12 07:30:00+02:00,127.84443221018026,86.65
2025-10-12 07:45:00+02:00,130.1872153891454,86.36
2025-10-12 08:00:00+02:00,129.9335856765902,102.86
2025-10-12 08:15:00+02:00,132.84893674874118,88.47
2025-10-12 08:30:00+02:00,112.32930123938932,86.44
2025-10-12 08:45:00+02:00,101.85483909478054,76.87
2025-10-12 09:00:00+02:00,105.5150126021884,99.35
2025-10-12 09:15:00+02:00,105.14914622412708,85.81
2025-10-12 09:30:00+02:00,91.85095503035753,71.58
2025-10-12 09:45:00+02:00,76.99818172530131,75.51
2025-10-12 10:00:00+02:00,100.12236650382036,86.74
2025-10-12 10:15:00+02:00,99.55314995167824,77.11
2025-10-12 10:30:00+02:00,83.92439797125407,70.73
2025-10-12 10:45:00+02:00,75.3776613570273,70.24
2025-10-12 11:00:00+02:00,62.00295423612407,75.45
2025-10-12 11:15:00+02:00,56.46057660610228,71.19
2025-10-12 11:30:00+02:00,53.63771331922314,71.27
2025-10-12 11:45:00+02:00,52.22413624718468,69.69
2025-10-12 12:00:00+02:00,46.29179622470808,68.94
2025-10-12 12:15:00+02:00,43.35899133611727,67.61
2025-10-12 12:30:00+02:00,41.34917032617859,66.6
2025-10-12 12:45:00+02:00,39.00949218354011,64.4
2025-10-12 13:00:00+02:00,34.74003969412793,55.84
2025-10-12 13:15:00+02:00,34.2717533008804,53.3
2025-10-12 13:30:00+02:00,34.37368361703139,50.65
2025-10-12 13:45:00+02:00,35.20425644981541,48.85
2025-10-12 14:00:00+02:00,28.191693066096754,53.6
2025-10-12 14:15:00+02:00,36.08736465447981,57.06
2025-10-12 14:30:00+02:00,39.073057868528785,65.74
2025-10-12 14:45:00+02:00,43.5937301721423,73.5
2025-10-12 15:00:00+02:00,56.254570712419046,70.21
2025-10-12 15:15:00+02:00,58.48055220447285,72.52
2025-10-12 15:30:00+02:00,68.77526503583401,84.93
2025-10-12 15:45:00+02:00,76.37396551956158,92.28
2025-10-12 16:00:00+02:00,65.40248230045317,72.76
2025-10-12 16:15:00+02:00,70.69495933571709,83.74
2025-10-12 16:30:00+02:00,71.70164999074895,92.94
2025-10-12 16:45:00+02:00,79.11577066612372,102.57
2025-10-12 17:00:00+02:00,90.39839184215133,86.89
2025-10-12 17:15:00+02:00,103.16777661246525,102.71
2025-10-12 17:30:00+02:00,108.68823207576578,113.23
2025-10-12 17:45:00+02:00,124.27155211098037,119.37
2025-10-12 18:00:00+02:00,130.5592678809142,96.75
2025-10-12 18:15:00+02:00,134.8720287295981,105.97
2025-10-12 18:30:00+02:00,134.95912229791062,112.01
2025-10-12 18:45:00+02:00,137.5601323293684,120.87
2025-10-12 19:00:00+02:00,143.74747128597087,114.63
2025-10-12 19:15:00+02:00,142.6105481840617,115.39
2025-10-12 19:30:00+02:00,140.67456119457273,120.92
2025-10-12 19:45:00+02:00,139.28623754423373,115.62
2025-10-12 20:00:00+02:00,123.80589146525112,119.39
2025-10-12 20:15:00+02:00,115.35295888479187,118.91
2025-10-12 20:30:00+02:00,118.36107323393242,112.64
2025-10-12 20:45:00+02:00,125.33058036234004,111.17
2025-10-12 21:00:00+02:00,114.8972671663643,117.97
2025-10-12 21:15:00+02:00,110.3091136224739,114.92
2025-10-12 21:30:00+02:00,108.78515859946566,106.63
2025-10-12 21:45:00+02:00,106.39087706786265,102.27
2025-10-12 22:00:00+02:00,99.84784515362296,118.92
2025-10-12 22:15:00+02:00,100.32118341483344,111.38
2025-10-12 22:30:00+02:00,99.95261160544858,103.65
2025-10-12 22:45:00+02:00,98.80381381690287,97.21
2025-10-12 23:00:00+02:00,95.2348612112402,102.84
2025-10-12 23:15:00+02:00,94.52562660537076,93.59
2025-10-12 23:30:00+02:00,93.8691476307714,91.83
2025-10-12 23:45:00+02:00,91.32426222652806,85.52
2025-10-13 00:00:00+02:00,99.5268450203084,104.05
2025-10-13 00:15:00+02:00,93.3268133143451,93.08
2025-10-13 00:30:00+02:00,89.01162515833241,90.19
2025-10-13 00:45:00+02:00,85.80007887829743,86.49
2025-10-13 01:00:00+02:00,92.23568143615948,91.31
2025-10-13 01:15:00+02:00,88.36338029744056,87.58
2025-10-13 01:30:00+02:00,86.86791011109219,91.61
2025-10-13 01:45:00+02:00,85.45360805380012,90.54
2025-10-13 02:00:00+02:00,87.37189522248941,93.67
2025-10-13 02:15:00+02:00,86.06566978021408,91.92
2025-10-13 02:30:00+02:00,86.06071019513817,89.27
2025-10-13 02:45:00+02:00,85.9803156547204,88.47
2025-10-13 03:00:00+02:00,86.58852630678437,89.67
2025-10-13 03:15:00+02:00,87.52913694605326,89.0
2025-10-13 03:30:00+02:00,87.67071851765563,87.72
2025-10-13 03:45:00+02:00,87.09199382825052,90.1
2025-10-13 04:00:00+02:00,88.27219395229207,93.0
2025-10-13 04:15:00+02:00,89.56389093449809,88.57
2025-10-13 04:30:00+02:00,90.45382878740205,93.4
2025-10-13 04:45:00+02:00,93.3866438501405,98.84
2025-10-13 05:00:00+02:00,91.51852782399143,89.06
2025-10-13 05:15:00+02:00,94.67378750985424,93.71
2025-10-13 05:30:00+02:00,99.06408048000348,96.79
2025-10-13 05:45:00+02:00,108.58874761631536,112.82
2025-10-13 06:00:00+02:00,115.92382893581828,84.71
2025-10-13 06:15:00+02:00,126.35251189147364,114.21
2025-10-13 06:30:00+02:00,129.60554095187723,142.96
2025-10-13 06:45:00+02:00,143.63804371053783,183.76
2025-10-13 07:00:00+02:00,146.0208966346613,144.36
2025-10-13 07:15:00+02:00,159.05323526492623,213.9
2025-10-13 07:30:00+02:00,154.14791961618027,252.53
2025-10-13 07:45:00+02:00,163.69014736959542,263.76
2025-10-13 08:00:00+02:00,133.88050508747227,256.61
2025-10-13 08:15:00+02:00,144.09352603145354,228.95
2025-10-13 08:30:00+02:00,136.50450333982292,175.68
2025-10-13 08:45:00+02:00,135.59015716626425,136.99
2025-10-13 09:00:00+02:00,152.28048633981615,202.36
2025-10-13 09:15:00+02:00,141.11803062222964,153.44
2025-10-13 09:30:00+02:00,118.29988538020042,135.96
2025-10-13 09:45:00+02:00,111.13718890051324,108.98
2025-10-13 10:00:00+02:00,142.25004515087193,141.47
2025-10-13 10:15:00+02:00,133.6019960366715,132.41
2025-10-13 10:30:00+02:00,123.9246749377026,118.19
2025-10-13 10:45:00+02:00,126.8376071911056,108.32
2025-10-13 11:00:00+02:00,123.58775519856154,127.09
2025-10-13 11:15:00+02:00,111.669393439062,111.15
2025-10-13 11:30:00+02:00,105.01103160138452,103.47
2025-10-13 11:45:00+02:00,101.97057108339384,98.29
2025-10-13 12:00:00+02:00,89.39067053327356,103.56
2025-10-13 12:15:00+02:00,84.2460540874022,95.83
2025-10-13 12:30:00+02:00,83.81844912316953,92.44
2025-10-13 12:45:00+02:00,82.86403293826885,88.57
2025-10-13 13:00:00+02:00,80.22151647624032,95.05
2025-10-13 13:15:00+02:00,80.21719389070186,92.2
2025-10-13 13:30:00+02:00,78.6885997629472,87.57
2025-10-13 13:45:00+02:00,79.00547311678267,84.61
2025-10-13 14:00:00+02:00,77.26677965863703,82.75
2025-10-13 14:15:00+02:00,82.79809538295797,87.75
2025-10-13 14:30:00+02:00,82.59214784815086,95.87
2025-10-13 14:45:00+02:00,90.41130835419152,102.02
2025-10-13 15:00:00+02:00,106.23255908026412,88.3
2025-10-13 15:15:00+02:00,113.69012135476817,95.13
2025-10-13 15:30:00+02:00,127.85329134934992,104.88
2025-10-13 15:45:00+02:00,130.37773601741148,119.06
2025-10-13 16:00:00+02:00,105.73467410885452,92.2
2025-10-13 16:15:00+02:00,97.67895535596696,107.46
2025-10-13 16:30:00+02:00,112.87477424313892,123.29
2025-10-13 16:45:00+02:00,130.9729438855589,148.66
2025-10-13 17:00:00+02:00,111.5132934769406,106.78
2025-10-13 17:15:00+02:00,118.4997493629236,130.89
2025-10-13 17:30:00+02:00,123.8503832549354,198.43
2025-10-13 17:45:00+02:00,145.29365620435925,286.3
2025-10-13 18:00:00+02:00,154.61524482161013,195.22
2025-10-13 18:15:00+02:00,160.88482335286497,260.78
2025-10-13 18:30:00+02:00,178.46531399400578,361.99
2025-10-13 18:45:00+02:00,181.07338643263745,404.97
2025-10-13 19:00:00+02:00,292.54568898316467,396.92
2025-10-13 19:15:00+02:00,293.3977288874034,344.43
2025-10-13 19:30:00+02:00,283.07706498178584,270.65
2025-10-13 19:45:00+02:00,270.68261107738897,214.3
2025-10-13 20:00:00+02:00,175.9368525475877,273.43
2025-10-13 20:15:00+02:00,160.42863706310513,201.95
2025-10-13 20:30:00+02:00,149.5875350994083,143.39
2025-10-13 20:45:00+02:00,141.71333492043038,129.04
2025-10-13 21:00:00+02:00,133.461780188134,176.2
2025-10-13 21:15:00+02:00,125.49691633142204,139.36
2025-10-13 21:30:00+02:00,122.86315621604284,118.96
2025-10-13 21:45:00+02:00,117.55649467100366,114.18
2025-10-13 22:00:00+02:00,114.75994262454012,134.99
2025-10-13 22:15:00+02:00,110.4439650575348,128.17
2025-10-13 22:30:00+02:00,106.02533655819444,117.3
2025-10-13 22:45:00+02:00,104.53459262668868,107.49
2025-10-13 23:00:00+02:00,102.93503908982788,123.09
2025-10-13 23:15:00+02:00,99.88871117307674,109.69
2025-10-13 23:30:00+02:00,101.3522176608694,107.42
2025-10-13 23:45:00+02:00,98.53664809440032,104.9
2025-10-14 00:00:00+02:00,123.17856403057569,114.93
2025-10-14 00:15:00+02:00,111.57024965964796,116.53
2025-10-14 00:30:00+02:00,102.06797383435254,105.51
2025-10-14 00:45:00+02:00,99.4054391165153,99.76
2025-10-14 01:00:00+02:00,104.35284782117746,107.3
2025-10-14 01:15:00+02:00,101.13716959027836,104.71
2025-10-14 01:30:00+02:00,98.06594135823244,102.65
2025-10-14 01:45:00+02:00,97.24998357573818,97.4
2025-10-14 02:00:00+02:00,100.61305903790344,104.85
2025-10-14 02:15:00+02:00,95.89114267201629,100.36
2025-10-14 02:30:00+02:00,95.27213282889682,98.04
2025-10-14 02:45:00+02:00,95.02296966276069,94.83
2025-10-14 03:00:00+02:00,94.14518273278368,100.87
2025-10-14 03:15:00+02:00,93.94503463936957,99.09
2025-10-14 03:30:00+02:00,94.08168117005629,97.43
2025-10-14 03:45:00+02:00,93.43607096750084,98.08
2025-10-14 04:00:00+02:00,91.49737541928894,97.88
2025-10-14 04:15:00+02:00,92.85313421436985,99.2
2025-10-14 04:30:00+02:00,96.01124721438126,98.71
2025-10-14 04:45:00+02:00,99.3514232350371,104.4
2025-10-14 05:00:00+02:00,100.3385449864862,97.27
2025-10-14 05:15:00+02:00,102.51495107760978,102.82
2025-10-14 05:30:00+02:00,105.349110682289,101.99
2025-10-14 05:45:00+02:00,112.6966065738742,103.71
2025-10-14 06:00:00+02:00,118.197568459338,92.59
2025-10-14 06:15:00+02:00,126.51399445571388,121.87
2025-10-14 06:30:00+02:00,133.27763748907606,143.01
2025-10-14 06:45:00+02:00,141.2384146016424,135.7
2025-10-14 07:00:00+02:00,168.45043784096606,130.94
2025-10-14 07:15:00+02:00,176.95667590682154,143.01
2025-10-14 07:30:00+02:00,178.86790082213503,179.03
2025-10-14 07:45:00+02:00,176.23467903810223,187.8
2025-10-14 08:00:00+02:00,208.54755400097872,231.08
2025-10-14 08:15:00+02:00,211.74064572207448,224.0
2025-10-14 08:30:00+02:00,197.18549693998003,167.21
2025-10-14 08:45:00+02:00,182.24163441895269,140.99
2025-10-14 09:00:00+02:00,167.0326618179713,215.71
2025-10-14 09:15:00+02:00,151.06358944753828,153.83
2025-10-14 09:30:00+02:00,122.10663442813342,134.11
2025-10-14 09:45:00+02:00,113.85620606996623,122.13
2025-10-14 10:00:00+02:00,140.7341660509693,180.81
2025-10-14 10:15:00+02:00,119.40913195632282,132.93
2025-10-14 10:30:00+02:00,112.06292566214849,116.51
2025-10-14 10:45:00+02:00,109.3213567524474,108.65
2025-10-14 11:00:00+02:00,130.53745187402356,135.03
2025-10-14 11:15:00+02:00,111.97279255262048,120.93
2025-10-14 11:30:00+02:00,109.03968323863806,116.02
2025-10-14 11:45:00+02:00,110.83953444967588,107.4
2025-10-14 12:00:00+02:00,129.2784887068919,112.9
2025-10-14 12:15:00+02:00,120.15388746478833,111.69
2025-10-14 12:30:00+02:00,119.26347319749912,107.38
2025-10-14 12:45:00+02:00,117.9661558131159,98.62
2025-10-14 13:00:00+02:00,141.6765093868975,104.84
2025-10-14 13:15:00+02:00,143.9568774656244,102.49
2025-10-14 13:30:00+02:00,141.86007190004568,103.49
2025-10-14 13:45:00+02:00,131.0678110144213,101.17
2025-10-14 14:00:00+02:00,118.44374905818576,86.18
2025-10-14 14:15:00+02:00,126.57130855348404,100.81
2025-10-14 14:30:00+02:00,123.66557240394484,108.64
2025-10-14 14:45:00+02:00,115.28834932345768,125.43
2025-10-14 15:00:00+02:00,116.33215223465744,101.87
2025-10-14 15:15:00+02:00,109.41408936872652,112.9
2025-10-14 15:30:00+02:00,133.6722560446888,118.14
2025-10-14 15:45:00+02:00,147.30616084103534,156.19
2025-10-14 16:00:00+02:00,96.58899816698802,91.04
2025-10-14 16:15:00+02:00,98.6292354817812,116.09
2025-10-14 16:30:00+02:00,133.0401184729756,154.95
2025-10-14 16:45:00+02:00,152.85745573786758,224.32
2025-10-14 17:00:00+02:00,97.7080253795627,113.94
2025-10-14 17:15:00+02:00,119.75201169976556,145.1
2025-10-14 17:30:00+02:00,144.0270100560613,238.96
2025-10-14 17:45:00+02:00,189.64984799334115,378.78
2025-10-14 18:00:00+02:00,155.40915259661978,274.81
2025-10-14 18:15:00+02:00,169.52064368454478,361.84
2025-10-14 18:30:00+02:00,206.67533720351895,474.8
2025-10-14 18:45:00+02:00,246.14626293891632,508.38
2025-10-14 19:00:00+02:00,376.7697315025979,493.94
2025-10-14 19:15:00+02:00,340.5979553011707,448.63
2025-10-14 19:30:00+02:00,297.2208813595412,379.98
2025-10-14 19:45:00+02:00,261.9452379375669,306.27
2025-10-14 20:00:00+02:00,176.99343422764542,332.2
2025-10-14 20:15:00+02:00,167.07980054750675,242.83
2025-10-14 20:30:00+02:00,143.13852107428164,181.7
2025-10-14 20:45:00+02:00,138.80721298533186,145.19
2025-10-14 21:00:00+02:00,133.07487768639234,214.2
2025-10-14 21:15:00+02:00,128.6697294563071,165.07
2025-10-14 21:30:00+02:00,120.15721480455902,146.91
2025-10-14 21:45:00+02:00,114.75094889065706,125.98
2025-10-14 22:00:00+02:00,120.24962660751224,146.9
2025-10-14 22:15:00+02:00,114.58783548294068,132.57
2025-10-14 22:30:00+02:00,111.59967259257998,123.09
2025-10-14 22:45:00+02:00,104.94581439881485,116.87
2025-10-14 23:00:00+02:00,103.30026291835895,123.95
2025-10-14 23:15:00+02:00,102.29066747118854,118.01
2025-10-14 23:30:00+02:00,99.8601986839968,110.63
2025-10-14 23:45:00+02:00,94.08617708551871,108.85
2025-10-15 00:00:00+02:00,126.73796984930414,120.26
2025-10-15 00:15:00+02:00,117.28502946887323,116.09
2025-10-15 00:30:00+02:00,107.71469918456948,113.53
2025-10-15 00:45:00+02:00,107.6563919678863,111.97
2025-10-15 01:00:00+02:00,114.82142645323168,117.16
2025-10-15 01:15:00+02:00,110.8296973336668,112.45
2025-10-15 01:30:00+02:00,105.29458279790232,110.16
2025-10-15 01:45:00+02:00,103.98570196642036,107.69
2025-10-15 02:00:00+02:00,110.71623921520342,110.15
2025-10-15 02:15:00+02:00,103.50508339786828,108.38
2025-10-15 02:30:00+02:00,102.61688914439053,106.29
2025-10-15 02:45:00+02:00,102.61494660865924,105.9
2025-10-15 03:00:00+02:00,104.5137008711294,105.98
2025-10-15 03:15:00+02:00,104.84208221376456,104.94
2025-10-15 03:30:00+02:00,104.84015560464437,101.43
2025-10-15 03:45:00+02:00,103.71967662448898,102.12
2025-10-15 04:00:00+02:00,101.8925449841492,102.06
2025-10-15 04:15:00+02:00,102.81808542378609,104.76
2025-10-15 04:30:00+02:00,107.49756672552375,107.21
2025-10-15 04:45:00+02:00,112.08932435190329,111.89
2025-10-15 05:00:00+02:00,106.0422925444983,108.85
2025-10-15 05:15:00+02:00,108.45811186284207,112.74
2025-10-15 05:30:00+02:00,113.77921482321447,116.6
2025-10-15 05:45:00+02:00,128.03319078360286,119.4
2025-10-15 06:00:00+02:00,115.4786363515497,117.12
2025-10-15 06:15:00+02:00,138.44638035215766,131.33
2025-10-15 06:30:00+02:00,150.61536347129444,164.35
2025-10-15 06:45:00+02:00,168.86463573125073,195.04
2025-10-15 07:00:00+02:00,176.6185508193135,211.75
2025-10-15 07:15:00+02:00,201.5397493432413,270.1
2025-10-15 07:30:00+02:00,215.75436152406377,319.58
2025-10-15 07:45:00+02:00,209.68446394476905,313.53
2025-10-15 08:00:00+02:00,312.11897443206755,354.61
2025-10-15 08:15:00+02:00,213.82050758544287,304.77
2025-10-15 08:30:00+02:00,166.1117099832047,247.13
2025-10-15 08:45:00+02:00,141.86181893903284,198.28
2025-10-15 09:00:00+02:00,175.0884501495466,252.11
2025-10-15 09:15:00+02:00,138.7502522594549,197.67
2025-10-15 09:30:00+02:00,120.5106626516048,143.43
2025-10-15 09:45:00+02:00,101.06986160254496,131.0
2025-10-15 10:00:00+02:00,139.26217828019423,184.44
2025-10-15 10:15:00+02:00,119.11149023796725,141.01
2025-10-15 10:30:00+02:00,97.27395192004188,131.88
2025-10-15 10:45:00+02:00,89.3363889631039,112.1
2025-10-15 11:00:00+02:00,121.08204839318095,145.77
2025-10-15 11:15:00+02:00,109.49945446661783,130.42
2025-10-15 11:30:00+02:00,99.2380645667235,117.22
2025-10-15 11:45:00+02:00,88.6714781109766,111.01
2025-10-15 12:00:00+02:00,118.65861553489398,127.91
2025-10-15 12:15:00+02:00,109.13773635425542,124.04
2025-10-15 12:30:00+02:00,107.92127683800496,115.92
2025-10-15 12:45:00+02:00,103.887382335,109.83
2025-10-15 13:00:00+02:00,116.45004807487574,118.01
2025-10-15 13:15:00+02:00,111.27733559608984,115.82
2025-10-15 13:30:00+02:00,108.5537627178005,111.0
2025-10-15 13:45:00+02:00,105.1839161510595,106.68
2025-10-15 14:00:00+02:00,100.64149847251277,107.51
2025-10-15 14:15:00+02:00,101.14902249914115,109.68
2025-10-15 14:30:00+02:00,100.45097763993128,116.98
2025-10-15 14:45:00+02:00,110.231962507606,127.4
2025-10-15 15:00:00+02:00,85.07469058623028,103.7
2025-10-15 15:15:00+02:00,90.6528090434207,107.64
2025-10-15 15:30:00+02:00,109.2778562014012,124.93
2025-10-15 15:45:00+02:00,110.42134469855264,154.3
2025-10-15 16:00:00+02:00,88.12993370863991,101.51
2025-10-15 16:15:00+02:00,96.56726760538317,118.71
2025-10-15 16:30:00+02:00,107.60197315453404,147.98
2025-10-15 16:45:00+02:00,116.11641726814877,174.57
2025-10-15 17:00:00+02:00,95.96661967914874,105.02
2025-10-15 17:15:00+02:00,117.45141884062512,130.3
2025-10-15 17:30:00+02:00,134.12102801844645,183.17
2025-10-15 17:45:00+02:00,177.15156805575944,261.51
2025-10-15 18:00:00+02:00,143.44942659811528,156.76
2025-10-15 18:15:00+02:00,157.9308339903347,189.62
2025-10-15 18:30:00+02:00,189.27490351370992,246.84
2025-10-15 18:45:00+02:00,209.09501646491125,294.29
2025-10-15 19:00:00+02:00,228.8923724449836,293.57
2025-10-15 19:15:00+02:00,222.28650758919747,242.91
2025-10-15 19:30:00+02:00,201.8696544651964,182.93
2025-10-15 19:45:00+02:00,169.09711144681103,160.59
2025-10-15 20:00:00+02:00,159.4099787796786,213.51
2025-10-15 20:15:00+02:00,138.42104781073004,158.01
2025-10-15 20:30:00+02:00,125.76298999095086,124.95
2025-10-15 20:45:00+02:00,114.41871904096054,114.91
2025-10-15 21:00:00+02:00,121.01360623962124,153.28
2025-10-15 21:15:00+02:00,115.83822042364898,131.41
2025-10-15 21:30:00+02:00,105.82906767183388,118.17
2025-10-15 21:45:00+02:00,98.79976168154744,94.51
2025-10-15 22:00:00+02:00,108.99760055245966,114.72
2025-10-15 22:15:00+02:00,103.90343809132452,101.31
2025-10-15 22:30:00+02:00,99.72766057841928,95.35
2025-10-15 22:45:00+02:00,90.35217558235593,81.46
2025-10-15 23:00:00+02:00,99.10671466295894,95.39
2025-10-15 23:15:00+02:00,94.67976794224757,87.17
2025-10-15 23:30:00+02:00,91.95136426521884,87.1
2025-10-15 23:45:00+02:00,79.93545886669692,83.02
2025-10-16 00:00:00+02:00,95.72112260232912,90.22
2025-10-16 00:15:00+02:00,89.74725803382452,91.63
2025-10-16 00:30:00+02:00,82.74639071595445,88.93
2025-10-16 00:45:00+02:00,80.66891361385949,81.88
2025-10-16 01:00:00+02:00,89.58003572411559,90.67
2025-10-16 01:15:00+02:00,86.91792141936925,87.14
2025-10-16 01:30:00+02:00,84.20760683330768,85.09
2025-10-16 01:45:00+02:00,82.89939833801148,80.33
2025-10-16 02:00:00+02:00,85.79918267691507,90.41
2025-10-16 02:15:00+02:00,82.8272967620078,88.7
2025-10-16 02:30:00+02:00,82.45463087685728,87.91
2025-10-16 02:45:00+02:00,82.38471168339308,84.98
2025-10-16 03:00:00+02:00,81.79108175347805,90.01
2025-10-16 03:15:00+02:00,81.65350884428388,88.69
2025-10-16 03:30:00+02:00,81.05127158024335,88.69
2025-10-16 03:45:00+02:00,80.3289844139669,79.23
2025-10-16 04:00:00+02:00,81.34300342186013,86.13
2025-10-16 04:15:00+02:00,82.2234471079709,88.05
2025-10-16 04:30:00+02:00,84.06151852910335,88.49
2025-10-16 04:45:00+02:00,86.3314836444518,90.67
2025-10-16 05:00:00+02:00,86.3155129277505,80.24
2025-10-16 05:15:00+02:00,88.78123390501663,81.25
2025-10-16 05:30:00+02:00,92.2821707975986,85.1
2025-10-16 05:45:00+02:00,98.56539033959366,93.59
2025-10-16 06:00:00+02:00,101.4283188689907,79.19
2025-10-16 06:15:00+02:00,114.76623458500713,89.99
2025-10-16 06:30:00+02:00,120.5800074267172,98.27
2025-10-16 06:45:00+02:00,129.13721310904734,117.32
2025-10-16 07:00:00+02:00,139.74582208538465,101.88
2025-10-16 07:15:00+02:00,153.44755989791474,116.05
2025-10-16 07:30:00+02:00,161.40618155868546,121.06
2025-10-16 07:45:00+02:00,160.49650483639272,125.5
2025-10-16 08:00:00+02:00,174.9809994825803,148.39
2025-10-16 08:15:00+02:00,153.7852400098739,146.12
2025-10-16 08:30:00+02:00,127.92517708787676,132.74
2025-10-16 08:45:00+02:00,122.1942211301642,103.82
2025-10-16 09:00:00+02:00,126.44664000087472,147.5
2025-10-16 09:15:00+02:00,108.14830173146277,132.71
2025-10-16 09:30:00+02:00,101.97860236723126,106.38
2025-10-16 09:45:00+02:00,94.6308965633637,93.13
2025-10-16 10:00:00+02:00,106.1321234253826,118.0
2025-10-16 10:15:00+02:00,94.02893908840416,93.73
2025-10-16 10:30:00+02:00,84.34603521236309,81.21
2025-10-16 10:45:00+02:00,77.78221886309505,76.01
2025-10-16 11:00:00+02:00,99.92413681155114,102.38
2025-10-16 11:15:00+02:00,92.93495945731,86.71
2025-10-16 11:30:00+02:00,89.37821854440637,85.48
2025-10-16 11:45:00+02:00,85.12901484230565,78.66
2025-10-16 12:00:00+02:00,105.48970203122347,89.01
2025-10-16 12:15:00+02:00,90.94916717740048,82.76
2025-10-16 12:30:00+02:00,85.90072657856663,83.44
2025-10-16 12:45:00+02:00,83.03068835613983,78.4
2025-10-16 13:00:00+02:00,87.46888786878765,84.28
2025-10-16 13:15:00+02:00,86.9886499855253,82.54
2025-10-16 13:30:00+02:00,85.09534691304843,80.68
2025-10-16 13:45:00+02:00,80.55073582006898,78.4
2025-10-16 14:00:00+02:00,78.50647870102863,76.96
2025-10-16 14:15:00+02:00,87.9220837521695,79.25
2025-10-16 14:30:00+02:00,89.56105399444324,81.56
2025-10-16 14:45:00+02:00,97.53494017806732,94.15
2025-10-16 15:00:00+02:00,79.65075454700604,72.1
2025-10-16 15:15:00+02:00,88.12317925815017,82.42
2025-10-16 15:30:00+02:00,93.17096834810764,85.09
2025-10-16 15:45:00+02:00,103.7238061893594,92.5
2025-10-16 16:00:00+02:00,75.9769770915305,68.12
2025-10-16 16:15:00+02:00,84.6739447417328,79.48
2025-10-16 16:30:00+02:00,82.62682631007475,92.41
2025-10-16 16:45:00+02:00,90.5990558122036,116.1
2025-10-16 17:00:00+02:00,90.4638592065595,78.4
2025-10-16 17:15:00+02:00,105.54759720911636,116.06
2025-10-16 17:30:00+02:00,127.3737713359386,132.51
2025-10-16 17:45:00+02:00,151.07455068062484,156.69
2025-10-16 18:00:00+02:00,139.2502609510697,109.6
2025-10-16 18:15:00+02:00,152.60070163887255,128.7
2025-10-16 18:30:00+02:00,167.19682427333908,135.91
2025-10-16 18:45:00+02:00,171.8935547992386,145.79
2025-10-16 19:00:00+02:00,198.07411171538217,137.23
2025-10-16 19:15:00+02:00,192.19194660230093,144.29
2025-10-16 19:30:00+02:00,176.75764362577456,144.65
2025-10-16 19:45:00+02:00,161.25539584954706,136.19
2025-10-16 20:00:00+02:00,149.75483633927462,145.04
2025-10-16 20:15:00+02:00,133.3100465733166,123.38
2025-10-16 20:30:00+02:00,122.56342444546809,128.0
2025-10-16 20:45:00+02:00,114.77199102823208,105.96
2025-10-16 21:00:00+02:00,115.74102927734803,124.53
2025-10-16 21:15:00+02:00,110.9827769068061,106.18
2025-10-16 21:30:00+02:00,104.18198266057972,90.47
2025-10-16 21:45:00+02:00,97.05219574342436,87.75
2025-10-16 22:00:00+02:00,106.68298922977984,96.5
2025-10-16 22:15:00+02:00,104.37962189828832,100.23
2025-10-16 22:30:00+02:00,96.8938622290429,105.99
2025-10-16 22:45:00+02:00,91.2406009102251,96.7
2025-10-16 23:00:00+02:00,96.3714416334298,100.87
2025-10-16 23:15:00+02:00,92.14472458729902,95.47
2025-10-16 23:30:00+02:00,89.01502092719947,93.2
2025-10-16 23:45:00+02:00,85.27086220304794,83.91
2025-10-17 00:00:00+02:00,96.97428532226424,91.4
2025-10-17 00:15:00+02:00,92.7601478395531,88.11
2025-10-17 00:30:00+02:00,88.15639028417746,87.24
2025-10-17 00:45:00+02:00,83.75533182856444,85.84
2025-10-17 01:00:00+02:00,90.64912119493152,87.07
2025-10-17 01:15:00+02:00,88.38919930529731,87.52
2025-10-17 01:30:00+02:00,86.28034678321328,88.38
2025-10-17 01:45:00+02:00,84.14493713754646,90.28
2025-10-17 02:00:00+02:00,87.4945606131376,91.4
2025-10-17 02:15:00+02:00,84.61797696450395,88.2
2025-10-17 02:30:00+02:00,84.17263985466609,88.4
2025-10-17 02:45:00+02:00,83.90943322938118,88.23
2025-10-17 03:00:00+02:00,83.52294871844039,89.71
2025-10-17 03:15:00+02:00,83.5516086454666,87.83
2025-10-17 03:30:00+02:00,83.42314176961305,88.76
2025-10-17 03:45:00+02:00,82.45377303034994,87.53
2025-10-17 04:00:00+02:00,82.23245408540481,87.27
2025-10-17 04:15:00+02:00,83.0241938567425,87.46
2025-10-17 04:30:00+02:00,85.28663903672583,91.4
2025-10-17 04:45:00+02:00,87.19758243956849,96.22
2025-10-17 05:00:00+02:00,85.9472792352581,89.99
2025-10-17 05:15:00+02:00,88.94928848042841,90.13
2025-10-17 05:30:00+02:00,94.38873836298824,98.27
2025-10-17 05:45:00+02:00,98.74099497376255,99.65
2025-10-17 06:00:00+02:00,101.53020400823137,85.77
2025-10-17 06:15:00+02:00,114.45238861080608,95.93
2025-10-17 06:30:00+02:00,120.4209756492404,119.3
2025-10-17 06:45:00+02:00,127.26540241536776,130.64
2025-10-17 07:00:00+02:00,139.71184725475635,119.57
2025-10-17 07:15:00+02:00,149.10587262573642,117.78
2025-10-17 07:30:00+02:00,154.65613481815188,133.01
2025-10-17 07:45:00+02:00,156.24217487866062,147.58
2025-10-17 08:00:00+02:00,166.5863356577079,158.82
2025-10-17 08:15:00+02:00,150.3477758664788,159.99
2025-10-17 08:30:00+02:00,138.99902091260796,140.81
2025-10-17 08:45:00+02:00,124.77658479052154,119.72
2025-10-17 09:00:00+02:00,164.96061659307688,161.02
2025-10-17 09:15:00+02:00,133.52027235069562,133.0
2025-10-17 09:30:00+02:00,114.05684964171732,120.0
2025-10-17 09:45:00+02:00,101.49395197119856,102.06
2025-10-17 10:00:00+02:00,125.98482157706944,129.09
2025-10-17 10:15:00+02:00,107.5545872801672,123.62
2025-10-17 10:30:00+02:00,97.63230084267164,112.61
2025-10-17 10:45:00+02:00,88.40276645825445,103.4
2025-10-17 11:00:00+02:00,118.35126900347416,115.0
2025-10-17 11:15:00+02:00,105.92838624072584,103.56
2025-10-17 11:30:00+02:00,100.49309355272564,91.85
2025-10-17 11:45:00+02:00,94.75141360989856,85.74
2025-10-17 12:00:00+02:00,97.69433071921009,93.83
2025-10-17 12:15:00+02:00,93.45439246357292,87.92
2025-10-17 12:30:00+02:00,92.12872202747424,86.74
2025-10-17 12:45:00+02:00,86.82588344486689,84.07
2025-10-17 13:00:00+02:00,82.52622087289764,88.4
2025-10-17 13:15:00+02:00,83.41238734927734,87.41
2025-10-17 13:30:00+02:00,83.0310745234743,87.4
2025-10-17 13:45:00+02:00,77.40036545806228,83.66
2025-10-17 14:00:00+02:00,71.49480565863789,82.73
2025-10-17 14:15:00+02:00,78.92096877252482,87.09
2025-10-17 14:30:00+02:00,79.56173845892798,89.68
2025-10-17 14:45:00+02:00,88.04006372100466,91.72
2025-10-17 15:00:00+02:00,77.30943558627129,83.9
2025-10-17 15:15:00+02:00,84.31033833721082,87.4
2025-10-17 15:30:00+02:00,92.67905558248314,91.1
2025-10-17 15:45:00+02:00,108.65455525889573,92.17
2025-10-17 16:00:00+02:00,83.69316295032439,84.05
2025-10-17 16:15:00+02:00,93.40873310649192,87.32
2025-10-17 16:30:00+02:00,104.1854171518828,93.76
2025-10-17 16:45:00+02:00,126.24093859982662,114.87
2025-10-17 17:00:00+02:00,96.4355967088905,88.25
2025-10-17 17:15:00+02:00,112.04858498743108,108.23
2025-10-17 17:30:00+02:00,126.7733875228597,122.14
2025-10-17 17:45:00+02:00,155.77690480808067,150.05
2025-10-17 18:00:00+02:00,142.64881937124252,126.4
2025-10-17 18:15:00+02:00,148.71053455186018,129.32
2025-10-17 18:30:00+02:00,154.83081165674915,125.33
2025-10-17 18:45:00+02:00,162.40546977986546,136.19
2025-10-17 19:00:00+02:00,186.13990504792963,127.86
2025-10-17 19:15:00+02:00,185.25300525270393,129.54
2025-10-17 19:30:00+02:00,178.63079019122932,136.45
2025-10-17 19:45:00+02:00,163.94942787298848,128.91
2025-10-17 20:00:00+02:00,162.30781612550047,131.43
2025-10-17 20:15:00+02:00,148.16329520565958,111.15
2025-10-17 20:30:00+02:00,134.4905211048465,119.44
2025-10-17 20:45:00+02:00,123.3334445476038,105.93
2025-10-17 21:00:00+02:00,126.11796535447178,114.7
2025-10-17 21:15:00+02:00,119.59425523941869,101.44
2025-10-17 21:30:00+02:00,114.48039448760274,101.45
2025-10-17 21:45:00+02:00,107.96975351341014,98.63
2025-10-17 22:00:00+02:00,111.64397055391372,108.12
2025-10-17 22:15:00+02:00,106.734511460029,102.81
2025-10-17 22:30:00+02:00,105.429341403615,101.98
2025-10-17 22:45:00+02:00,99.66774545965728,95.82
2025-10-17 23:00:00+02:00,102.59942799954688,105.45
2025-10-17 23:15:00+02:00,96.91770601063656,95.3
2025-10-17 23:30:00+02:00,95.98609430279002,87.85
2025-10-17 23:45:00+02:00,90.74904277408318,81.39
2025-10-18 00:00:00+02:00,103.25436744765418,93.61
2025-10-18 00:15:00+02:00,95.33420970744962,103.62
2025-10-18 00:30:00+02:00,89.44143903038119,93.4
2025-10-18 00:45:00+02:00,85.48421338842668,87.83
2025-10-18 01:00:00+02:00,93.90653898454826,96.35
2025-10-18 01:15:00+02:00,89.31294546985312,89.71
2025-10-18 01:30:00+02:00,87.14382387292686,86.82
2025-10-18 01:45:00+02:00,84.54816360631962,86.56
2025-10-18 02:00:00+02:00,92.36122800153537,97.2
2025-10-18 02:15:00+02:00,87.08081418732971,89.8
2025-10-18 02:30:00+02:00,86.63606092600092,86.87
2025-10-18 02:45:00+02:00,86.27044040282892,85.38
2025-10-18 03:00:00+02:00,88.41620941010441,86.51
2025-10-18 03:15:00+02:00,90.712896946708,86.83
2025-10-18 03:30:00+02:00,91.07218067971075,89.62
2025-10-18 03:45:00+02:00,90.38050438014442,90.38
2025-10-18 04:00:00+02:00,89.83100871380161,85.41
2025-10-18 04:15:00+02:00,90.39246437986496,86.07
2025-10-18 04:30:00+02:00,95.7689822181819,89.29
2025-10-18 04:45:00+02:00,100.64702692215336,92.63
2025-10-18 05:00:00+02:00,88.00325590564061,82.36
2025-10-18 05:15:00+02:00,89.90748154297758,85.06
2025-10-18 05:30:00+02:00,96.69015810235273,93.41
2025-10-18 05:45:00+02:00,105.45898098118862,92.43
2025-10-18 06:00:00+02:00,93.5322757827386,80.22
2025-10-18 06:15:00+02:00,104.12300502075456,85.4
2025-10-18 06:30:00+02:00,110.92979141604208,95.7
2025-10-18 06:45:00+02:00,124.69731642459982,106.5
2025-10-18 07:00:00+02:00,115.16236006989476,93.19
2025-10-18 07:15:00+02:00,122.2303251139776,108.74
2025-10-18 07:30:00+02:00,127.85491285626544,115.87
2025-10-18 07:45:00+02:00,129.05603294884523,120.09
2025-10-18 08:00:00+02:00,133.99914931592892,121.19
2025-10-18 08:15:00+02:00,122.78426807584422,117.52
2025-10-18 08:30:00+02:00,113.4630832282867,116.5
2025-10-18 08:45:00+02:00,90.88147176808516,102.97
2025-10-18 09:00:00+02:00,121.96174556909835,124.99
2025-10-18 09:15:00+02:00,107.14881064173274,115.67
2025-10-18 09:30:00+02:00,94.66172209777416,92.87
2025-10-18 09:45:00+02:00,78.82565889215576,75.44
2025-10-18 10:00:00+02:00,109.6452032937046,114.91
2025-10-18 10:15:00+02:00,82.22854755090916,91.69
2025-10-18 10:30:00+02:00,71.7479900415995,82.88
2025-10-18 10:45:00+02:00,78.47896366741324,76.39
2025-10-18 11:00:00+02:00,111.23049434891334,87.99
2025-10-18 11:15:00+02:00,89.40824960777809,82.61
2025-10-18 11:30:00+02:00,83.90543054223383,79.79
2025-10-18 11:45:00+02:00,81.36728163117716,72.76
2025-10-18 12:00:00+02:00,65.57970606519862,78.44
2025-10-18 12:15:00+02:00,62.262731270965745,75.85
2025-10-18 12:30:00+02:00,54.443372910718594,73.78
2025-10-18 12:45:00+02:00,54.04453987732587,67.69
2025-10-18 13:00:00+02:00,50.06772560595623,68.67
2025-10-18 13:15:00+02:00,50.11356484014847,65.6
2025-10-18 13:30:00+02:00,49.0351230182576,67.53
2025-10-18 13:45:00+02:00,48.124044865667585,68.33
2025-10-18 14:00:00+02:00,54.42743740324014,64.41
2025-10-18 14:15:00+02:00,61.531769632898495,70.4
2025-10-18 14:30:00+02:00,58.780998375660445,75.14
2025-10-18 14:45:00+02:00,69.52327355654114,79.24
2025-10-18 15:00:00+02:00,81.86961423004242,71.22
2025-10-18 15:15:00+02:00,97.38158459129896,78.41
2025-10-18 15:30:00+02:00,99.84509496033446,86.27
2025-10-18 15:45:00+02:00,116.23669508139815,98.1
2025-10-18 16:00:00+02:00,72.72439444397621,66.9
2025-10-18 16:15:00+02:00,83.96947716068358,84.65
2025-10-18 16:30:00+02:00,110.95673715661614,106.15
2025-10-18 16:45:00+02:00,155.52351790964616,128.5
2025-10-18 17:00:00+02:00,94.22763906053976,87.28
2025-10-18 17:15:00+02:00,110.17795589713656,110.94
2025-10-18 17:30:00+02:00,139.99204893999706,122.23
2025-10-18 17:45:00+02:00,161.60638695795626,162.11
2025-10-18 18:00:00+02:00,132.58404069143023,126.18
2025-10-18 18:15:00+02:00,138.3097620321595,132.02
2025-10-18 18:30:00+02:00,152.05893349229322,138.52
2025-10-18 18:45:00+02:00,175.80029632611536,136.22
2025-10-18 19:00:00+02:00,196.59916245152823,138.39
2025-10-18 19:15:00+02:00,197.29868377100215,127.22
2025-10-18 19:30:00+02:00,187.94316330467325,118.06
2025-10-18 19:45:00+02:00,173.0779655569449,115.62
2025-10-18 20:00:00+02:00,152.90069283359767,133.0
2025-10-18 20:15:00+02:00,144.45051267082,115.38
2025-10-18 20:30:00+02:00,123.51653096920236,105.98
2025-10-18 20:45:00+02:00,108.34232673624834,97.62
2025-10-18 21:00:00+02:00,118.57409199534194,99.16
2025-10-18 21:15:00+02:00,115.66307973319223,97.02
2025-10-18 21:30:00+02:00,112.11164071712084,89.14
2025-10-18 21:45:00+02:00,98.62714523832224,84.89
2025-10-18 22:00:00+02:00,102.52938022936988,104.16
2025-10-18 22:15:00+02:00,101.47537409055468,95.86
2025-10-18 22:30:00+02:00,102.18091041087202,96.88
2025-10-18 22:45:00+02:00,95.74146268026703,85.41
2025-10-18 23:00:00+02:00,90.88186923272694,105.87
2025-10-18 23:15:00+02:00,89.49770105753855,96.35
2025-10-18 23:30:00+02:00,88.73563839748324,89.31
2025-10-18 23:45:00+02:00,85.18845524235374,85.89
2025-10-19 00:00:00+02:00,98.00974270716736,103.22
2025-10-19 00:15:00+02:00,95.41160177913152,92.0
2025-10-19 00:30:00+02:00,92.14288515196554,87.58
2025-10-19 00:45:00+02:00,87.51160344262586,86.57
2025-10-19 01:00:00+02:00,91.7908369623697,95.65
2025-10-19 01:15:00+02:00,88.30756260990651,89.43
2025-10-19 01:30:00+02:00,85.52577931619754,84.92
2025-10-19 01:45:00+02:00,83.2457648208225,80.34
2025-10-19 02:00:00+02:00,88.00415885747576,86.43
2025-10-19 02:15:00+02:00,81.97388121773807,81.5
2025-10-19 02:30:00+02:00,82.48878906288802,81.72
2025-10-19 02:45:00+02:00,81.77089379128215,79.52
2025-10-19 03:00:00+02:00,79.88294986705378,83.07
2025-10-19 03:15:00+02:00,82.49414883373679,80.58
2025-10-19 03:30:00+02:00,82.8032034527806,81.52
2025-10-19 03:45:00+02:00,81.44511915646956,83.39
2025-10-19 04:00:00+02:00,79.00256940133316,83.59
2025-10-19 04:15:00+02:00,80.14451542235473,82.35
2025-10-19 04:30:00+02:00,84.11478549639818,84.09
2025-10-19 04:45:00+02:00,87.10776684102437,82.82
2025-10-19 05:00:00+02:00,80.57894127187406,82.37
2025-10-19 05:15:00+02:00,81.58377482644842,81.29
2025-10-19 05:30:00+02:00,85.56585215963409,85.62
2025-10-19 05:45:00+02:00,87.12206009218431,84.71
2025-10-19 06:00:00+02:00,81.3175841331538,82.5
2025-10-19 06:15:00+02:00,91.18861853397114,82.34
2025-10-19 06:30:00+02:00,93.83342520773726,85.14
2025-10-19 06:45:00+02:00,88.2272422389232,91.02
2025-10-19 07:00:00+02:00,93.53242001248051,85.55
2025-10-19 07:15:00+02:00,92.80707649252685,87.77
2025-10-19 07:30:00+02:00,90.30212593750566,83.49
2025-10-19 07:45:00+02:00,90.81301918277312,84.21
2025-10-19 08:00:00+02:00,109.71361313328784,98.73
2025-10-19 08:15:00+02:00,105.21680492345313,95.56
2025-10-19 08:30:00+02:00,91.10267163318387,81.87
2025-10-19 08:45:00+02:00,81.09397516555373,72.47
2025-10-19 09:00:00+02:00,109.33281891730512,96.86
2025-10-19 09:15:00+02:00,92.65766850693105,82.82
2025-10-19 09:30:00+02:00,72.67523814572981,74.43
2025-10-19 09:45:00+02:00,63.80232859007465,59.62
2025-10-19 10:00:00+02:00,93.04798587280442,81.51
2025-10-19 10:15:00+02:00,77.98622997694295,69.96
2025-10-19 10:30:00+02:00,68.02016140463985,67.72
2025-10-19 10:45:00+02:00,65.12941678107654,59.36
2025-10-19 11:00:00+02:00,77.24164844706668,74.05
2025-10-19 11:15:00+02:00,65.68269324270337,66.2
2025-10-19 11:30:00+02:00,61.113254876468815,60.03
2025-10-19 11:45:00+02:00,58.780385691845,40.92
2025-10-19 12:00:00+02:00,47.74760766202847,54.36
2025-10-19 12:15:00+02:00,42.17413492419096,40.05
2025-10-19 12:30:00+02:00,37.65175572236589,28.0
2025-10-19 12:45:00+02:00,33.108879103368714,15.86
2025-10-19 13:00:00+02:00,30.634585807338645,24.08
2025-10-19 13:15:00+02:00,29.560373762414027,21.25
2025-10-19 13:30:00+02:00,29.349398113225476,19.78
2025-10-19 13:45:00+02:00,29.029112466040665,16.07
2025-10-19 14:00:00+02:00,25.286469406974025,11.68
2025-10-19 14:15:00+02:00,29.532538424469983,22.67
2025-10-19 14:30:00+02:00,26.79323281491576,44.71
2025-10-19 14:45:00+02:00,34.328500401121715,65.81
2025-10-19 15:00:00+02:00,42.67076937031332,40.06
2025-10-19 15:15:00+02:00,40.952718012448145,68.89
2025-10-19 15:30:00+02:00,47.45182264955573,73.1
2025-10-19 15:45:00+02:00,56.18401031154124,85.04
2025-10-19 16:00:00+02:00,39.099231839201906,59.06
2025-10-19 16:15:00+02:00,45.537239479817046,79.39
2025-10-19 16:30:00+02:00,64.32627893154978,100.59
2025-10-19 16:45:00+02:00,76.23404019016579,120.68
2025-10-19 17:00:00+02:00,60.35801786069393,86.07
2025-10-19 17:15:00+02:00,77.30824521384903,100.01
2025-10-19 17:30:00+02:00,93.67251872759977,113.61
2025-10-19 17:45:00+02:00,109.38682496744966,124.6
2025-10-19 18:00:00+02:00,106.57492150579786,121.05
2025-10-19 18:15:00+02:00,108.10397906157328,118.14
2025-10-19 18:30:00+02:00,112.36070808059944,99.57
2025-10-19 18:45:00+02:00,122.0397376878903,91.99
2025-10-19 19:00:00+02:00,103.20029036910508,102.07
2025-10-19 19:15:00+02:00,95.91867080741608,87.49
2025-10-19 19:30:00+02:00,98.08958347986108,83.0
2025-10-19 19:45:00+02:00,96.2168911274768,69.92
2025-10-19 20:00:00+02:00,105.25142283285392,87.08
2025-10-19 20:15:00+02:00,95.14999350469564,72.06
2025-10-19 20:30:00+02:00,86.95734076523433,73.99
2025-10-19 20:45:00+02:00,62.84848362376477,68.88
2025-10-19 21:00:00+02:00,98.37020717892828,86.81
2025-10-19 21:15:00+02:00,92.53873944220386,71.66
2025-10-19 21:30:00+02:00,94.1924449604599,69.48
2025-10-19 21:45:00+02:00,81.69726536411025,64.65
2025-10-19 22:00:00+02:00,88.28190997455171,95.0
2025-10-19 22:15:00+02:00,86.3196440461508,77.96
2025-10-19 22:30:00+02:00,87.28053111710318,68.75
2025-10-19 22:45:00+02:00,84.00928335415759,57.26
2025-10-19 23:00:00+02:00,78.25135234536585,71.43
2025-10-19 23:15:00+02:00,73.85424630168843,58.78
2025-10-19 23:30:00+02:00,73.75799574766872,59.53
2025-10-19 23:45:00+02:00,70.33391740247475,53.68
2025-10-20 00:00:00+02:00,70.14626441639332,82.95
2025-10-20 00:15:00+02:00,66.6733073015719,69.03
2025-10-20 00:30:00+02:00,62.21963280636834,70.04
2025-10-20 00:45:00+02:00,57.51208400725078,58.13
2025-10-20 01:00:00+02:00,67.07171258131817,70.3
2025-10-20 01:15:00+02:00,64.07766957870972,66.48
2025-10-20 01:30:00+02:00,62.72892024537592,60.52
2025-10-20 01:45:00+02:00,58.44806068820087,58.6
2025-10-20 02:00:00+02:00,62.21778365261223,66.31
2025-10-20 02:15:00+02:00,60.85409447561841,60.07
2025-10-20 02:30:00+02:00,60.57902578568829,59.89
2025-10-20 02:45:00+02:00,59.70167843522147,57.65
2025-10-20 03:00:00+02:00,57.33165198165801,61.87
2025-10-20 03:15:00+02:00,59.93568507263747,59.37
2025-10-20 03:30:00+02:00,59.910575276122195,58.65
2025-10-20 03:45:00+02:00,57.480212188328714,60.12
2025-10-20 04:00:00+02:00,58.28171140643518,55.86
2025-10-20 04:15:00+02:00,59.26749381144742,58.61
2025-10-20 04:30:00+02:00,61.48357173529274,59.02
2025-10-20 04:45:00+02:00,62.314197774618776,68.92
2025-10-20 05:00:00+02:00,61.80632904847746,57.19
2025-10-20 05:15:00+02:00,64.94936303808079,75.29
2025-10-20 05:30:00+02:00,66.21134327495581,80.53
2025-10-20 05:45:00+02:00,72.04243506422995,86.23
2025-10-20 06:00:00+02:00,81.03161296163516,55.14
2025-10-20 06:15:00+02:00,94.15819451962471,86.43
2025-10-20 06:30:00+02:00,98.06686260357112,88.68
2025-10-20 06:45:00+02:00,103.08436414171284,74.76
2025-10-20 07:00:00+02:00,108.13281505381454,79.96
2025-10-20 07:15:00+02:00,115.80904085421577,85.34
2025-10-20 07:30:00+02:00,121.82808197899492,94.69
2025-10-20 07:45:00+02:00,123.02971921014291,107.48
2025-10-20 08:00:00+02:00,127.10719723772846,150.53
2025-10-20 08:15:00+02:00,128.49970398577932,138.82
2025-10-20 08:30:00+02:00,113.28663551688072,115.82
2025-10-20 08:45:00+02:00,97.29585877550348,95.22
2025-10-20 09:00:00+02:00,119.93073940950384,117.97
2025-10-20 09:15:00+02:00,106.68873468338326,101.76
2025-10-20 09:30:00+02:00,88.90966373002493,78.04
2025-10-20 09:45:00+02:00,76.52353587765604,70.97
2025-10-20 10:00:00+02:00,104.8611492837083,86.4
2025-10-20 10:15:00+02:00,93.68955263390932,77.35
2025-10-20 10:30:00+02:00,88.9436357476757,66.47
2025-10-20 10:45:00+02:00,85.02288827660645,62.38
2025-10-20 11:00:00+02:00,91.34105405145635,77.19
2025-10-20 11:15:00+02:00,87.47356438201169,70.31
2025-10-20 11:30:00+02:00,80.87983514828389,69.92
2025-10-20 11:45:00+02:00,76.43562773362953,62.32
2025-10-20 12:00:00+02:00,82.39999499871784,62.63
2025-10-20 12:15:00+02:00,76.15386116898543,60.09
2025-10-20 12:30:00+02:00,74.17415825660002,57.95
2025-10-20 12:45:00+02:00,70.51575927606733,60.48
2025-10-20 13:00:00+02:00,70.84838246990304,60.18
2025-10-20 13:15:00+02:00,71.21820478153575,61.91
2025-10-20 13:30:00+02:00,71.67844342424469,68.66
2025-10-20 13:45:00+02:00,64.5553463221552,70.34
2025-10-20 14:00:00+02:00,69.80900223589174,65.71
2025-10-20 14:15:00+02:00,77.59062273379998,72.04
2025-10-20 14:30:00+02:00,79.9404070721049,75.68
2025-10-20 14:45:00+02:00,83.78940372794366,90.91
2025-10-20 15:00:00+02:00,79.28391113650457,74.77
2025-10-20 15:15:00+02:00,80.59396983212474,85.39
2025-10-20 15:30:00+02:00,85.87544163224499,106.98
2025-10-20 15:45:00+02:00,96.87028021376072,121.42
2025-10-20 16:00:00+02:00,77.08708553496824,86.63
2025-10-20 16:15:00+02:00,90.78050982044144,105.01
2025-10-20 16:30:00+02:00,97.61982591814753,130.11
2025-10-20 16:45:00+02:00,108.6012129821452,156.29
2025-10-20 17:00:00+02:00,97.07400160653184,108.95
2025-10-20 17:15:00+02:00,106.31080359539337,130.19
2025-10-20 17:30:00+02:00,119.98967386322776,138.29
2025-10-20 17:45:00+02:00,135.9923602588861,147.06
2025-10-20 18:00:00+02:00,126.69553604852968,130.04
2025-10-20 18:15:00+02:00,133.6644464752552,130.48
2025-10-20 18:30:00+02:00,148.80614257433206,128.39
2025-10-20 18:45:00+02:00,153.5395212470673,111.45
2025-10-20 19:00:00+02:00,163.93990383224278,127.0
2025-10-20 19:15:00+02:00,161.92317091623983,105.96
2025-10-20 19:30:00+02:00,154.13034685081146,94.84
2025-10-20 19:45:00+02:00,142.95859264871586,84.2
2025-10-20 20:00:00+02:00,137.60180371620453,105.09
2025-10-20 20:15:00+02:00,121.4375834602605,80.51
2025-10-20 20:30:00+02:00,122.76262999008624,72.23
2025-10-20 20:45:00+02:00,106.54922080512158,71.33
2025-10-20 21:00:00+02:00,106.17127378676447,86.28
2025-10-20 21:15:00+02:00,99.40951910359466,95.07
2025-10-20 21:30:00+02:00,96.97869111642504,69.32
2025-10-20 21:45:00+02:00,95.85259225204578,54.34
2025-10-20 22:00:00+02:00,89.20414752545608,86.37
2025-10-20 22:15:00+02:00,85.97356301161462,72.68
2025-10-20 22:30:00+02:00,86.51921157244854,62.62
2025-10-20 22:45:00+02:00,80.68369639714048,51.84
2025-10-20 23:00:00+02:00,77.1953371552635,53.35
2025-10-20 23:15:00+02:00,74.62950571442673,56.81
2025-10-20 23:30:00+02:00,72.2295711158875,54.2
2025-10-20 23:45:00+02:00,72.6409805844852,39.64
2025-10-21 00:00:00+02:00,65.88653705437585,80.9
2025-10-21 00:15:00+02:00,61.9924525789692,65.7
2025-10-21 00:30:00+02:00,59.34590652830754,53.65
2025-10-21 00:45:00+02:00,51.83633689707688,45.67
2025-10-21 01:00:00+02:00,57.48799825511156,55.53
2025-10-21 01:15:00+02:00,56.127671310531795,49.85
2025-10-21 01:30:00+02:00,53.45050794813716,42.57
2025-10-21 01:45:00+02:00,44.76396350421149,27.38
2025-10-21 02:00:00+02:00,50.35848843496305,46.5
2025-10-21 02:15:00+02:00,50.261936717272974,34.76
2025-10-21 02:30:00+02:00,50.9998067072937,31.05
2025-10-21 02:45:00+02:00,48.71363176558348,19.98
2025-10-21 03:00:00+02:00,45.19601811225746,32.18
2025-10-21 03:15:00+02:00,46.92174335252143,22.4
2025-10-21 03:30:00+02:00,47.35785859822977,17.5
2025-10-21 03:45:00+02:00,46.10316849466084,17.03
2025-10-21 04:00:00+02:00,44.53980671095677,20.27
2025-10-21 04:15:00+02:00,45.659254074814825,20.96
2025-10-21 04:30:00+02:00,49.70613353632339,30.62
2025-10-21 04:45:00+02:00,51.55373941504068,31.8
2025-10-21 05:00:00+02:00,48.17091288465167,26.05
2025-10-21 05:15:00+02:00,50.17442984862687,46.22
2025-10-21 05:30:00+02:00,58.23171659962306,52.87
2025-10-21 05:45:00+02:00,64.52284724876452,64.7
2025-10-21 06:00:00+02:00,65.67310972248966,39.86
2025-10-21 06:15:00+02:00,87.27012955720589,77.51
2025-10-21 06:30:00+02:00,93.81302191317636,91.01
2025-10-21 06:45:00+02:00,99.97026749502,92.0
2025-10-21 07:00:00+02:00,100.51122732105593,70.28
2025-10-21 07:15:00+02:00,106.62508384684678,95.0
2025-10-21 07:30:00+02:00,112.72216788931507,100.04
2025-10-21 07:45:00+02:00,114.62859425666316,87.17
2025-10-21 08:00:00+02:00,125.27944918217938,89.07
2025-10-21 08:15:00+02:00,123.2469990209125,91.4
2025-10-21 08:30:00+02:00,106.6997465640655,94.85
2025-10-21 08:45:00+02:00,98.04254360160516,91.01
2025-10-21 09:00:00+02:00,123.31352086398157,101.03
2025-10-21 09:15:00+02:00,106.56950423660388,86.22
2025-10-21 09:30:00+02:00,85.97076703694154,82.21
2025-10-21 09:45:00+02:00,75.0186121246209,69.41
2025-10-21 10:00:00+02:00,95.6981836979583,92.0
2025-10-21 10:15:00+02:00,78.62459463613614,84.06
2025-10-21 10:30:00+02:00,70.13476273286975,66.35
2025-10-21 10:45:00+02:00,69.74108107134877,54.67
2025-10-21 11:00:00+02:00,64.50547385663037,85.0
2025-10-21 11:15:00+02:00,62.66414462401903,72.91
2025-10-21 11:30:00+02:00,59.82443008353898,58.4
2025-10-21 11:45:00+02:00,54.26426038235163,44.14
2025-10-21 12:00:00+02:00,65.32645789244712,57.65
2025-10-21 12:15:00+02:00,59.17471262794407,52.32
2025-10-21 12:30:00+02:00,59.32526173808185,49.83
2025-10-21 12:45:00+02:00,53.50498021772456,30.02
2025-10-21 13:00:00+02:00,61.21065937361679,44.22
2025-10-21 13:15:00+02:00,58.45888549272454,36.31
2025-10-21 13:30:00+02:00,60.18408439364234,25.21
2025-10-21 13:45:00+02:00,57.11747881017765,20.59
2025-10-21 14:00:00+02:00,65.44812004416738,16.49
2025-10-21 14:15:00+02:00,74.60942427312779,28.18
2025-10-21 14:30:00+02:00,76.51274134599637,35.48
2025-10-21 14:45:00+02:00,74.40479114377327,52.09
2025-10-21 15:00:00+02:00,79.7372640296573,23.39
2025-10-21 15:15:00+02:00,82.21097114488282,47.69
2025-10-21 15:30:00+02:00,86.99680481510077,78.83
2025-10-21 15:45:00+02:00,94.64679911832792,91.01
2025-10-21 16:00:00+02:00,63.005564255428695,35.44
2025-10-21 16:15:00+02:00,76.55574746389496,53.42
2025-10-21 16:30:00+02:00,93.59172449875462,85.69
2025-10-21 16:45:00+02:00,102.59105136532465,98.26
2025-10-21 17:00:00+02:00,78.63940791070497,51.97
2025-10-21 17:15:00+02:00,89.78746886974339,90.22
2025-10-21 17:30:00+02:00,106.0257553358375,120.26
2025-10-21 17:45:00+02:00,123.72550085024332,137.55
2025-10-21 18:00:00+02:00,106.49578263681651,87.11
2025-10-21 18:15:00+02:00,112.24154490470106,112.75
2025-10-21 18:30:00+02:00,127.15492908150146,144.12
2025-10-21 18:45:00+02:00,136.16922219650834,143.22
2025-10-21 19:00:00+02:00,149.90167942268272,122.3
2025-10-21 19:15:00+02:00,150.16688629671393,128.35
2025-10-21 19:30:00+02:00,145.49640356677978,111.32
2025-10-21 19:45:00+02:00,137.4981705613375,99.57
2025-10-21 20:00:00+02:00,136.78594822626397,114.37
2025-10-21 20:15:00+02:00,127.92189710728827,101.75
2025-10-21 20:30:00+02:00,117.42484880387312,95.0
2025-10-21 20:45:00+02:00,105.54440186721976,87.57
2025-10-21 21:00:00+02:00,105.34350349918796,88.73
2025-10-21 21:15:00+02:00,101.59234776415887,79.44
2025-10-21 21:30:00+02:00,95.17860956312072,85.79
2025-10-21 21:45:00+02:00,92.39256640649104,70.26
2025-10-21 22:00:00+02:00,93.91842836196086,92.79
2025-10-21 22:15:00+02:00,87.57276142783668,82.38
2025-10-21 22:30:00+02:00,86.9269935204896,79.59
2025-10-21 22:45:00+02:00,81.60399335176965,71.96
2025-10-21 23:00:00+02:00,80.20940861003317,83.78
2025-10-21 23:15:00+02:00,76.51770779979053,76.9
2025-10-21 23:30:00+02:00,76.89452635478267,73.95
2025-10-21 23:45:00+02:00,76.9437872968903,62.69
2025-10-22 00:00:00+02:00,79.00583138785763,92.09
2025-10-22 00:15:00+02:00,75.17275769471169,91.64
2025-10-22 00:30:00+02:00,71.32465789238114,84.94
2025-10-22 00:45:00+02:00,66.28336677532751,82.68
2025-10-22 01:00:00+02:00,74.05575447509705,88.87
2025-10-22 01:15:00+02:00,70.86661863857019,88.38
2025-10-22 01:30:00+02:00,66.19522910437817,88.1
2025-10-22 01:45:00+02:00,61.13928136638161,84.62
2025-10-22 02:00:00+02:00,70.32717696000917,83.63
2025-10-22 02:15:00+02:00,66.32204838370322,83.62
2025-10-22 02:30:00+02:00,65.86189006108395,86.63
2025-10-22 02:45:00+02:00,65.48435874912305,87.74
2025-10-22 03:00:00+02:00,66.59832039133373,89.28
2025-10-22 03:15:00+02:00,66.89958187764661,90.26
2025-10-22 03:30:00+02:00,67.42122925514398,90.56
2025-10-22 03:45:00+02:00,66.7083120144133,87.29
2025-10-22 04:00:00+02:00,67.22687933386705,85.31
2025-10-22 04:15:00+02:00,67.78075447833255,87.73
2025-10-22 04:30:00+02:00,70.0699753821434,92.15
2025-10-22 04:45:00+02:00,72.98420395757158,92.82
2025-10-22 05:00:00+02:00,69.69600010310754,81.24
2025-10-22 05:15:00+02:00,73.66540560157318,86.8
2025-10-22 05:30:00+02:00,80.71296164652047,95.34
2025-10-22 05:45:00+02:00,86.07805640242753,97.32
2025-10-22 06:00:00+02:00,75.17031406989742,91.65
2025-10-22 06:15:00+02:00,95.6663823595944,96.25
2025-10-22 06:30:00+02:00,105.90837131601096,96.62
2025-10-22 06:45:00+02:00,114.1223509742146,113.05
2025-10-22 07:00:00+02:00,111.84155595431106,97.01
2025-10-22 07:15:00+02:00,127.7983498559849,100.07
2025-10-22 07:30:00+02:00,133.1914457734546,98.56
2025-10-22 07:45:00+02:00,137.72722662818683,105.09
2025-10-22 08:00:00+02:00,161.30945406415182,94.19
2025-10-22 08:15:00+02:00,153.88431593389765,123.0
2025-10-22 08:30:00+02:00,124.63489236645998,128.13
2025-10-22 08:45:00+02:00,109.05033799308345,109.71
2025-10-22 09:00:00+02:00,150.7018677101151,148.0
2025-10-22 09:15:00+02:00,120.42981883172892,138.53
2025-10-22 09:30:00+02:00,98.0406143881793,115.64
2025-10-22 09:45:00+02:00,86.00712893191317,100.7
2025-10-22 10:00:00+02:00,107.78742186500284,130.54
2025-10-22 10:15:00+02:00,93.27940450776704,105.99
2025-10-22 10:30:00+02:00,88.69365098188085,96.57
2025-10-22 10:45:00+02:00,81.28837003851687,89.81
2025-10-22 11:00:00+02:00,84.27719432631021,98.4
2025-10-22 11:15:00+02:00,72.42346339828084,94.88
2025-10-22 11:30:00+02:00,71.74694196079851,89.62
2025-10-22 11:45:00+02:00,63.10353249128138,81.96
2025-10-22 12:00:00+02:00,63.49974100989368,94.43
2025-10-22 12:15:00+02:00,59.18473408363819,83.83
2025-10-22 12:30:00+02:00,64.16311499401186,84.54
2025-10-22 12:45:00+02:00,72.96413847386839,85.6
2025-10-22 13:00:00+02:00,73.51111720457318,92.73
2025-10-22 13:15:00+02:00,73.58935159270291,87.8
2025-10-22 13:30:00+02:00,82.45446498927049,83.76
2025-10-22 13:45:00+02:00,68.4583347721632,79.71
2025-10-22 14:00:00+02:00,68.87893864679923,80.78
2025-10-22 14:15:00+02:00,62.41599822444478,92.17
2025-10-22 14:30:00+02:00,91.7732664979531,95.87
2025-10-22 14:45:00+02:00,100.6478509821772,105.02
2025-10-22 15:00:00+02:00,71.64800107743095,83.4
2025-10-22 15:15:00+02:00,88.96424496418912,98.77
2025-10-22 15:30:00+02:00,102.39540663415536,123.0
2025-10-22 15:45:00+02:00,118.41769689630276,137.45
2025-10-22 16:00:00+02:00,85.86100235427219,80.16
2025-10-22 16:15:00+02:00,96.14324167146634,108.09
2025-10-22 16:30:00+02:00,114.51386335252312,144.23
2025-10-22 16:45:00+02:00,140.94532134104242,207.52
2025-10-22 17:00:00+02:00,94.86778712840662,132.71
2025-10-22 17:15:00+02:00,118.15708767489154,161.82
2025-10-22 17:30:00+02:00,140.1044389042042,220.03
2025-10-22 17:45:00+02:00,195.5295715330115,277.65
2025-10-22 18:00:00+02:00,135.82842460852245,221.88
2025-10-22 18:15:00+02:00,146.35799959122727,270.09
2025-10-22 18:30:00+02:00,206.45074441608335,340.7
2025-10-22 18:45:00+02:00,238.72493335235004,353.26
2025-10-22 19:00:00+02:00,242.50267181672484,330.32
2025-10-22 19:15:00+02:00,232.24511876679804,305.02
2025-10-22 19:30:00+02:00,210.15737557642043,258.34
2025-10-22 19:45:00+02:00,184.35797636236393,225.36
2025-10-22 20:00:00+02:00,178.81479144044482,259.2
2025-10-22 20:15:00+02:00,152.13719942781265,194.85
2025-10-22 20:30:00+02:00,132.23335582001397,150.57
2025-10-22 20:45:00+02:00,121.46450511897848,136.62
2025-10-22 21:00:00+02:00,124.8202697142108,175.97
2025-10-22 21:15:00+02:00,121.44543671011596,139.36
2025-10-22 21:30:00+02:00,111.6918024168654,117.86
2025-10-22 21:45:00+02:00,104.00461573696818,102.6
2025-10-22 22:00:00+02:00,111.43690831090532,141.33
2025-10-22 22:15:00+02:00,106.12462842354245,127.01
2025-10-22 22:30:00+02:00,104.3962096418636,113.63
2025-10-22 22:45:00+02:00,96.15162606569096,106.29
2025-10-22 23:00:00+02:00,105.77543078307832,114.5
2025-10-22 23:15:00+02:00,96.88566571572632,111.36
2025-10-22 23:30:00+02:00,94.31134409754708,107.41
2025-10-22 23:45:00+02:00,89.19503619998137,99.1
2025-10-23 00:00:00+02:00,110.34678910773872,110.17
2025-10-23 00:15:00+02:00,106.07031527917805,105.55
2025-10-23 00:30:00+02:00,102.30102765223548,97.2
2025-10-23 00:45:00+02:00,97.76413647454252,92.58
2025-10-23 01:00:00+02:00,98.26792725925732,106.1
2025-10-23 01:15:00+02:00,97.40997827671956,103.85
2025-10-23 01:30:00+02:00,97.3338551018155,94.45
2025-10-23 01:45:00+02:00,95.88872230460066,90.58
2025-10-23 02:00:00+02:00,93.48345379708648,107.08
2025-10-23 02:15:00+02:00,92.56144233283749,98.4
2025-10-23 02:30:00+02:00,90.76246647651546,89.07
2025-10-23 02:45:00+02:00,89.27509288925798,85.72
2025-10-23 03:00:00+02:00,86.65823315036916,93.18
2025-10-23 03:15:00+02:00,85.83172827780011,87.13
2025-10-23 03:30:00+02:00,85.1738542600699,74.38
2025-10-23 03:45:00+02:00,83.88834079715373,65.0
2025-10-23 04:00:00+02:00,82.12757403208617,75.27
2025-10-23 04:15:00+02:00,82.74059044822904,70.77
2025-10-23 04:30:00+02:00,83.96950974624767,69.81
2025-10-23 04:45:00+02:00,84.2234409807977,68.14
2025-10-23 05:00:00+02:00,85.60670682529496,67.31
2025-10-23 05:15:00+02:00,84.88235773985608,67.31
2025-10-23 05:30:00+02:00,85.48821497659112,67.55
2025-10-23 05:45:00+02:00,79.46078236483173,67.91
2025-10-23 06:00:00+02:00,86.2361985607782,64.54
2025-10-23 06:15:00+02:00,101.63439262842628,74.02
2025-10-23 06:30:00+02:00,101.76787868346808,72.08
2025-10-23 06:45:00+02:00,92.7820196640478,78.36
2025-10-23 07:00:00+02:00,121.38154059676074,78.97
2025-10-23 07:15:00+02:00,112.83653538026812,84.38
2025-10-23 07:30:00+02:00,121.91893138081622,86.89
2025-10-23 07:45:00+02:00,117.70193192876896,78.89
2025-10-23 08:00:00+02:00,148.4511830732499,100.1
2025-10-23 08:15:00+02:00,134.04502206792148,100.01
2025-10-23 08:30:00+02:00,121.152772095318,85.01
2025-10-23 08:45:00+02:00,120.37040993027678,74.88
2025-10-23 09:00:00+02:00,157.88794564256878,91.98
2025-10-23 09:15:00+02:00,114.9944329433982,87.53
2025-10-23 09:30:00+02:00,99.94697148282896,82.98
2025-10-23 09:45:00+02:00,108.69856929166032,69.58
2025-10-23 10:00:00+02:00,99.48574675720776,95.34
2025-10-23 10:15:00+02:00,99.26572037995508,84.9
2025-10-23 10:30:00+02:00,95.52898920734847,72.65
2025-10-23 10:45:00+02:00,95.31706272460777,65.92
2025-10-23 11:00:00+02:00,100.29334810732392,73.08
2025-10-23 11:15:00+02:00,94.21932654689957,70.28
2025-10-23 11:30:00+02:00,77.6730206592067,68.38
2025-10-23 11:45:00+02:00,91.4989888462683,66.66
2025-10-23 12:00:00+02:00,99.662770987233,68.05
2025-10-23 12:15:00+02:00,91.82237178688304,66.12
2025-10-23 12:30:00+02:00,88.39194727279033,65.68
2025-10-23 12:45:00+02:00,87.65986916636083,64.54
2025-10-23 13:00:00+02:00,99.75606274489743,65.93
2025-10-23 13:15:00+02:00,100.71056209822927,63.99
2025-10-23 13:30:00+02:00,99.72796874875696,63.56
2025-10-23 13:45:00+02:00,87.15758489160231,62.94
2025-10-23 14:00:00+02:00,86.0021956329889,58.78
2025-10-23 14:15:00+02:00,88.35497934016283,63.02
2025-10-23 14:30:00+02:00,93.05082367286762,65.04
2025-10-23 14:45:00+02:00,100.6793568978044,67.3
2025-10-23 15:00:00+02:00,77.50523464687869,64.56
2025-10-23 15:15:00+02:00,76.64315065822848,68.73
2025-10-23 15:30:00+02:00,83.99866763299846,80.7
2025-10-23 15:45:00+02:00,94.0942056233094,88.43
2025-10-23 16:00:00+02:00,69.15266528153333,70.79
2025-10-23 16:15:00+02:00,72.00566633237122,76.45
2025-10-23 16:30:00+02:00,85.18879063730868,95.0
2025-10-23 16:45:00+02:00,107.80689430389252,99.75
2025-10-23 17:00:00+02:00,81.36865781353525,79.15
2025-10-23 17:15:00+02:00,95.4686382847842,98.92
2025-10-23 17:30:00+02:00,130.72116533380483,105.94
2025-10-23 17:45:00+02:00,134.1675643270844,108.46
2025-10-23 18:00:00+02:00,102.04072602111404,106.94
2025-10-23 18:15:00+02:00,111.8723488874396,114.54
2025-10-23 18:30:00+02:00,133.17944019889117,126.89
2025-10-23 18:45:00+02:00,135.2208200170935,111.35
2025-10-23 19:00:00+02:00,133.92078992238535,129.17
2025-10-23 19:15:00+02:00,129.05585944144326,109.06
2025-10-23 19:30:00+02:00,121.7128960868364,100.95
2025-10-23 19:45:00+02:00,107.94215521162836,92.47
2025-10-23 20:00:00+02:00,103.462836608885,97.0
2025-10-23 20:15:00+02:00,88.00839972795295,89.49
2025-10-23 20:30:00+02:00,50.17371012314115,86.85
2025-10-23 20:45:00+02:00,37.53017140832601,77.51
2025-10-23 21:00:00+02:00,86.31521104401476,92.31
2025-10-23 21:15:00+02:00,84.67921559622272,85.56
2025-10-23 21:30:00+02:00,81.55891003266663,79.64
2025-10-23 21:45:00+02:00,55.156990552226546,73.74
2025-10-23 22:00:00+02:00,68.29490586533555,97.98
2025-10-23 22:15:00+02:00,49.26891276097235,76.69
2025-10-23 22:30:00+02:00,39.08088176024842,73.36
2025-10-23 22:45:00+02:00,16.0869869054101,62.59
2025-10-23 23:00:00+02:00,17.68011397141308,68.34
2025-10-23 23:15:00+02:00,33.0644938729101,61.36
2025-10-23 23:30:00+02:00,34.1813560521893,58.83
2025-10-23 23:45:00+02:00,28.152473197371144,51.78
2025-10-24 00:00:00+02:00,66.5081269993842,15.96
2025-10-24 00:15:00+02:00,55.41769527847864,19.4
2025-10-24 00:30:00+02:00,58.45631574009961,12.93
2025-10-24 00:45:00+02:00,50.82800273341852,9.05
2025-10-24 01:00:00+02:00,31.566190504660113,13.98
2025-10-24 01:15:00+02:00,49.44360309890246,10.02
2025-10-24 01:30:00+02:00,48.65215374402882,8.99
2025-10-24 01:45:00+02:00,42.251682062839784,6.35
2025-10-24 02:00:00+02:00,43.720811438517856,10.03
2025-10-24 02:15:00+02:00,35.123789798488524,6.88
2025-10-24 02:30:00+02:00,31.41626130456468,5.06
2025-10-24 02:45:00+02:00,28.271926990148224,4.13
2025-10-24 03:00:00+02:00,28.90580082272573,3.8
2025-10-24 03:15:00+02:00,23.511023835940705,0.1
2025-10-24 03:30:00+02:00,17.072054478817392,0.1
2025-10-24 03:45:00+02:00,16.232209779492422,0.1
2025-10-24 04:00:00+02:00,10.083483739309711,2.52
2025-10-24 04:15:00+02:00,7.600020237553224,1.34
2025-10-24 04:30:00+02:00,9.7296782710943,2.33
2025-10-24 04:45:00+02:00,20.973238229654932,2.57
2025-10-24 05:00:00+02:00,22.315913062462833,4.13
2025-10-24 05:15:00+02:00,18.317308647270902,4.66
2025-10-24 05:30:00+02:00,19.13915843012839,7.35
2025-10-24 05:45:00+02:00,33.72530000441338,13.96
2025-10-24 06:00:00+02:00,54.05391251512125,7.31
2025-10-24 06:15:00+02:00,69.90773857501279,17.08
2025-10-24 06:30:00+02:00,74.44160654378767,28.18
2025-10-24 06:45:00+02:00,62.48522967816132,40.54
2025-10-24 07:00:00+02:00,59.46860106739685,50.6
2025-10-24 07:15:00+02:00,77.04113122973936,58.61
2025-10-24 07:30:00+02:00,78.68796637058526,72.7
2025-10-24 07:45:00+02:00,79.63774349421463,78.03
2025-10-24 08:00:00+02:00,84.77929629803828,85.7
2025-10-24 08:15:00+02:00,84.98677026599778,88.96
2025-10-24 08:30:00+02:00,94.57130207579984,85.87
2025-10-24 08:45:00+02:00,93.0049046836272,78.95
2025-10-24 09:00:00+02:00,84.08182848531328,88.37
2025-10-24 09:15:00+02:00,77.30590971210654,81.15
2025-10-24 09:30:00+02:00,61.086093811095694,71.86
2025-10-24 09:45:00+02:00,70.62779958457853,64.81
2025-10-24 10:00:00+02:00,50.947800506896826,75.8
2025-10-24 10:15:00+02:00,54.002391708197635,63.27
2025-10-24 10:30:00+02:00,25.88961189748793,52.97
2025-10-24 10:45:00+02:00,35.15264527565411,41.17
2025-10-24 11:00:00+02:00,61.72231874360739,56.08
2025-10-24 11:15:00+02:00,58.60864001147375,44.28
2025-10-24 11:30:00+02:00,50.493607450567616,26.58
2025-10-24 11:45:00+02:00,22.607022832812575,5.06
2025-10-24 12:00:00+02:00,56.5740395117592,5.02
2025-10-24 12:15:00+02:00,41.05636503863782,0.0
2025-10-24 12:30:00+02:00,23.130130500830163,0.0
2025-10-24 12:45:00+02:00,6.984469926255876,-0.01
2025-10-24 13:00:00+02:00,20.187755622182426,0.0
2025-10-24 13:15:00+02:00,17.942376918214077,-0.01
2025-10-24 13:30:00+02:00,8.25309174081108,-0.01
2025-10-24 13:45:00+02:00,0.4849946787688779,-0.02
2025-10-24 14:00:00+02:00,-9.226268467229282,-0.02
2025-10-24 14:15:00+02:00,12.122511635657249,-0.01
2025-10-24 14:30:00+02:00,31.865110414752937,-0.01
2025-10-24 14:45:00+02:00,34.48694338269106,0.0
2025-10-24 15:00:00+02:00,-13.710571447485703,-0.01
2025-10-24 15:15:00+02:00,4.641122032059982,0.0
2025-10-24 15:30:00+02:00,29.623752453006823,2.24
2025-10-24 15:45:00+02:00,42.18301952779543,5.01
2025-10-24 16:00:00+02:00,-33.05272565048453,5.03
2025-10-24 16:15:00+02:00,-21.283943332785853,26.67
2025-10-24 16:30:00+02:00,-2.6921223895189854,50.22
2025-10-24 16:45:00+02:00,25.114328460915782,67.36
2025-10-24 17:00:00+02:00,-31.324775818966884,49.82
2025-10-24 17:15:00+02:00,18.165295387323894,62.25
2025-10-24 17:30:00+02:00,34.52955076547225,70.18
2025-10-24 17:45:00+02:00,64.94262111171655,82.79
2025-10-24 18:00:00+02:00,-1.38643535727401,68.51
2025-10-24 18:15:00+02:00,4.359686833279866,70.88
2025-10-24 18:30:00+02:00,-38.46244870334422,78.44
2025-10-24 18:45:00+02:00,-21.855902040129536,80.61
2025-10-24 19:00:00+02:00,-142.8989652919231,85.15
2025-10-24 19:15:00+02:00,-136.28211643103927,72.73
2025-10-24 19:30:00+02:00,-248.39444428307755,70.56
2025-10-24 19:45:00+02:00,-301.8756519555519,70.01
2025-10-24 20:00:00+02:00,-4.113249071683612,70.01
2025-10-24 20:15:00+02:00,7.132642185676588,62.38
2025-10-24 20:30:00+02:00,-65.19775909507176,49.01
2025-10-24 20:45:00+02:00,-49.04405690627931,46.8
2025-10-24 21:00:00+02:00,34.492176580203235,60.52
2025-10-24 21:15:00+02:00,15.099811611366633,51.5
2025-10-24 21:30:00+02:00,-29.734798402272716,36.69
2025-10-24 21:45:00+02:00,-40.6013261951537,17.32
2025-10-24 22:00:00+02:00,30.702431847450825,36.41
2025-10-24 22:15:00+02:00,4.415260331373517,28.45
2025-10-24 22:30:00+02:00,4.995252639971611,30.82
2025-10-24 22:45:00+02:00,-30.406175395843988,20.01
2025-10-24 23:00:00+02:00,1.5991011502525794,23.19
2025-10-24 23:15:00+02:00,-14.977598925654846,7.52
2025-10-24 23:30:00+02:00,-14.556346220776303,5.27
2025-10-24 23:45:00+02:00,-44.194078693208525,3.89
2025-10-30 00:00:00+01:00,94.64726575174544,90.0
2025-10-30 00:15:00+01:00,84.52786869765366,77.0
2025-10-30 00:30:00+01:00,80.19839490148756,72.12
2025-10-30 00:45:00+01:00,77.53756145979631,61.86
2025-10-30 01:00:00+01:00,81.18843251287743,78.78
2025-10-30 01:15:00+01:00,80.08771113472595,68.01
2025-10-30 01:30:00+01:00,76.78485351396903,68.38
2025-10-30 01:45:00+01:00,72.49686089974153,65.25
2025-10-30 02:00:00+01:00,76.4349741323982,67.45
2025-10-30 02:15:00+01:00,71.66447613628222,64.23
2025-10-30 02:30:00+01:00,71.69915358243574,66.79
2025-10-30 02:45:00+01:00,70.22931765034312,63.63
2025-10-30 03:00:00+01:00,70.38488870950441,67.07
2025-10-30 03:15:00+01:00,69.56610130324333,64.47
2025-10-30 03:30:00+01:00,65.32899805240964,59.36
2025-10-30 03:45:00+01:00,60.9034137948081,50.77
2025-10-30 04:00:00+01:00,66.12613541936827,63.06
2025-10-30 04:15:00+01:00,66.90661075597883,55.8
2025-10-30 04:30:00+01:00,68.77105091534224,54.65
2025-10-30 04:45:00+01:00,69.45394217490036,55.1
2025-10-30 05:00:00+01:00,76.08336563947685,53.17
2025-10-30 05:15:00+01:00,77.74735199801687,59.1
2025-10-30 05:30:00+01:00,81.84328777341607,61.65
2025-10-30 05:45:00+01:00,88.28410319661015,66.13
2025-10-30 06:00:00+01:00,95.93108507069816,60.6
2025-10-30 06:15:00+01:00,104.26303311550656,67.56
2025-10-30 06:30:00+01:00,108.38445541511524,72.35
2025-10-30 06:45:00+01:00,114.2804385158318,76.2
2025-10-30 07:00:00+01:00,126.79810128613111,70.39
2025-10-30 07:15:00+01:00,132.47648773807225,81.57
2025-10-30 07:30:00+01:00,136.27622587155705,85.2
2025-10-30 07:45:00+01:00,136.9002219943281,82.59
2025-10-30 08:00:00+01:00,101.8436547985419,98.84
2025-10-30 08:15:00+01:00,136.17267705886667,86.35
2025-10-30 08:30:00+01:00,133.62402865060614,88.33
2025-10-30 08:45:00+01:00,130.53071587645908,67.67
2025-10-30 09:00:00+01:00,138.69562811571328,87.82
2025-10-30 09:15:00+01:00,120.80139691663452,74.6
2025-10-30 09:30:00+01:00,114.40578684625852,58.72
2025-10-30 09:45:00+01:00,83.06386877424363,45.75
2025-10-30 10:00:00+01:00,123.12774197731984,77.57
2025-10-30 10:15:00+01:00,107.71612291065884,58.85
2025-10-30 10:30:00+01:00,83.46593542031843,30.15
2025-10-30 10:45:00+01:00,89.2701658662947,5.04
2025-10-30 11:00:00+01:00,78.86358347804149,13.6
2025-10-30 11:15:00+01:00,66.51305508901072,13.39
2025-10-30 11:30:00+01:00,48.45603851856477,1.34
2025-10-30 11:45:00+01:00,42.44853461723042,0.0
2025-10-30 12:00:00+01:00,49.541853772185966,0.0
2025-10-30 12:15:00+01:00,46.01984984703974,0.0
2025-10-30 12:30:00+01:00,39.00305348443591,-0.01
2025-10-30 12:45:00+01:00,16.517384934593395,0.0
2025-10-30 13:00:00+01:00,30.901779126070924,-0.04
2025-10-30 13:15:00+01:00,32.49587928424606,-0.03
2025-10-30 13:30:00+01:00,24.62549463659086,-0.01
2025-10-30 13:45:00+01:00,17.53489753027511,0.09
2025-10-30 14:00:00+01:00,23.11759400894591,0.1
2025-10-30 14:15:00+01:00,21.70448016828415,16.07
2025-10-30 14:30:00+01:00,42.63204599097841,47.13
2025-10-30 14:45:00+01:00,58.58957730459852,61.87
2025-10-30 15:00:00+01:00,19.41175951839221,20.18
2025-10-30 15:15:00+01:00,47.89426474700621,52.45
2025-10-30 15:30:00+01:00,83.21216078269411,88.59
2025-10-30 15:45:00+01:00,84.21255040478833,117.98
2025-10-30 16:00:00+01:00,61.95055158583105,43.76
2025-10-30 16:15:00+01:00,78.95550822089892,72.47
2025-10-30 16:30:00+01:00,95.5049473143765,97.76
2025-10-30 16:45:00+01:00,121.9152182749574,127.19
2025-10-30 17:00:00+01:00,95.45608662872613,105.58
2025-10-30 17:15:00+01:00,123.20703651789825,112.78
2025-10-30 17:30:00+01:00,125.38847229904336,121.01
2025-10-30 17:45:00+01:00,125.30324645648096,132.35
2025-10-30 18:00:00+01:00,120.57368659309677,116.29
2025-10-30 18:15:00+01:00,131.96822598450984,116.86
2025-10-30 18:30:00+01:00,133.35346409706057,118.74
2025-10-30 18:45:00+01:00,141.82756958031212,118.9
2025-10-30 19:00:00+01:00,142.97084990714814,121.27
2025-10-30 19:15:00+01:00,148.70475667392634,118.5
2025-10-30 19:30:00+01:00,142.57662432323178,118.47
2025-10-30 19:45:00+01:00,138.31814191111465,112.45
2025-10-30 20:00:00+01:00,147.1540072695703,118.31
2025-10-30 20:15:00+01:00,139.01746222872,106.71
2025-10-30 20:30:00+01:00,125.54663577289467,105.19
2025-10-30 20:45:00+01:00,117.23129043882214,90.94
2025-10-30 21:00:00+01:00,122.33625123185384,108.04
2025-10-30 21:15:00+01:00,116.65641266270352,103.71
2025-10-30 21:30:00+01:00,112.4463185289062,97.97
2025-10-30 21:45:00+01:00,100.23471343215635,82.42
2025-10-30 22:00:00+01:00,112.08363052055444,106.91
2025-10-30 22:15:00+01:00,105.03812889618,100.16
2025-10-30 22:30:00+01:00,103.0785783132474,100.54
2025-10-30 22:45:00+01:00,98.70575722339834,86.15
2025-10-30 23:00:00+01:00,96.36054284671206,105.03
2025-10-30 23:15:00+01:00,94.38705106240324,91.48
2025-10-30 23:30:00+01:00,93.14800162967028,79.75
2025-10-30 23:45:00+01:00,88.42442980377882,63.07
2025-10-31 00:00:00+01:00,96.11270464678913,102.81
2025-10-31 00:15:00+01:00,90.36786854773172,89.76
2025-10-31 00:30:00+01:00,85.69766081179644,81.66
2025-10-31 00:45:00+01:00,79.40378430409564,76.73
2025-10-31 01:00:00+01:00,88.36188264224663,87.49
2025-10-31 01:15:00+01:00,82.53848424059903,82.05
2025-10-31 01:30:00+01:00,77.65899215173634,74.0
2025-10-31 01:45:00+01:00,75.99448193509974,69.09
2025-10-31 02:00:00+01:00,83.44662495589883,80.93
2025-10-31 02:15:00+01:00,74.35341258262844,73.07
2025-10-31 02:30:00+01:00,75.37076525990317,73.0
2025-10-31 02:45:00+01:00,74.35038740348857,71.96
2025-10-31 03:00:00+01:00,74.48134908408863,71.05
2025-10-31 03:15:00+01:00,76.88730151721761,72.7
2025-10-31 03:30:00+01:00,78.23191942522254,78.15
2025-10-31 03:45:00+01:00,78.2110409004037,80.8
2025-10-31 04:00:00+01:00,75.9444107816559,72.26
2025-10-31 04:15:00+01:00,76.15591197176013,74.82
2025-10-31 04:30:00+01:00,80.96943961037702,87.36
2025-10-31 04:45:00+01:00,83.89680982865633,84.61
2025-10-31 05:00:00+01:00,73.68202102673658,83.15
2025-10-31 05:15:00+01:00,80.41855476288514,85.12
2025-10-31 05:30:00+01:00,90.7022752364504,98.06
2025-10-31 05:45:00+01:00,100.60387393174388,100.97
2025-10-31 06:00:00+01:00,101.44401184224138,101.23
2025-10-31 06:15:00+01:00,115.00752428270826,120.92
2025-10-31 06:30:00+01:00,121.99472959762976,129.3
2025-10-31 06:45:00+01:00,134.7428164107099,130.09
2025-10-31 07:00:00+01:00,144.68259366336608,124.3
2025-10-31 07:15:00+01:00,142.53362778208208,129.62
2025-10-31 07:30:00+01:00,152.21373768200252,117.5
2025-10-31 07:45:00+01:00,155.56983037444215,106.87
2025-10-31 08:00:00+01:00,152.41463164811807,135.99
2025-10-31 08:15:00+01:00,153.89070569697878,117.05
2025-10-31 08:30:00+01:00,146.23069098248547,98.37
2025-10-31 08:45:00+01:00,132.19093295238278,83.65
2025-10-31 09:00:00+01:00,134.33371990233283,108.21
2025-10-31 09:15:00+01:00,123.78352510539698,86.27
2025-10-31 09:30:00+01:00,114.66816070648952,71.42
2025-10-31 09:45:00+01:00,97.7599550223226,66.15
2025-10-31 10:00:00+01:00,99.57205447783268,79.45
2025-10-31 10:15:00+01:00,87.64016387253706,76.26
2025-10-31 10:30:00+01:00,82.46157714283403,75.02
2025-10-31 10:45:00+01:00,79.87965845905147,71.95
2025-10-31 11:00:00+01:00,61.51843702873614,75.08
2025-10-31 11:15:00+01:00,61.83800815064607,73.87
2025-10-31 11:30:00+01:00,53.75001106615888,73.0
2025-10-31 11:45:00+01:00,54.245847011636066,74.4
2025-10-31 12:00:00+01:00,51.25643050031341,71.47
2025-10-31 12:15:00+01:00,37.057113169324765,71.89
2025-10-31 12:30:00+01:00,22.90088535009479,78.92
2025-10-31 12:45:00+01:00,14.6401738375434,81.68
2025-10-31 13:00:00+01:00,42.06054541458962,75.2
2025-10-31 13:15:00+01:00,35.55711154746455,79.99
2025-10-31 13:30:00+01:00,34.2419802107722,85.35
2025-10-31 13:45:00+01:00,33.66484526168402,96.29
2025-10-31 14:00:00+01:00,25.462289409990635,79.49
2025-10-31 14:15:00+01:00,37.204542194264,99.75
2025-10-31 14:30:00+01:00,49.73278309107612,115.58
2025-10-31 14:45:00+01:00,67.59407177313294,131.98
2025-10-31 15:00:00+01:00,58.41049460323982,107.25
2025-10-31 15:15:00+01:00,66.34159086777152,123.17
2025-10-31 15:30:00+01:00,94.6092735733618,138.94
2025-10-31 15:45:00+01:00,100.60040677179362,138.95
2025-10-31 16:00:00+01:00,81.55605048375926,133.9
2025-10-31 16:15:00+01:00,90.57503623594911,132.72
2025-10-31 16:30:00+01:00,105.23963024816958,133.9
2025-10-31 16:45:00+01:00,130.2556800478064,127.67
2025-10-31 17:00:00+01:00,105.02329179857551,134.49
2025-10-31 17:15:00+01:00,117.82419365779322,126.51
2025-10-31 17:30:00+01:00,144.91603533891487,122.64
2025-10-31 17:45:00+01:00,182.7986534653891,105.06
2025-10-31 18:00:00+01:00,141.73615613581373,127.01
2025-10-31 18:15:00+01:00,145.36371796198046,116.51
2025-10-31 18:30:00+01:00,156.50212841897144,100.98
2025-10-31 18:45:00+01:00,158.657767923218,84.62
2025-10-31 19:00:00+01:00,164.0906495685207,97.25
2025-10-31 19:15:00+01:00,162.78027799662945,84.65
2025-10-31 19:30:00+01:00,160.40638938025216,93.63
2025-10-31 19:45:00+01:00,141.7488534603235,84.49
2025-10-31 20:00:00+01:00,140.89702227798566,99.41
2025-10-31 20:15:00+01:00,136.00548549176628,91.24
2025-10-31 20:30:00+01:00,120.73440039447316,80.88
2025-10-31 20:45:00+01:00,115.91000362053404,72.66
2025-10-31 21:00:00+01:00,112.05685319194308,97.81
2025-10-31 21:15:00+01:00,108.63479114284937,90.15
2025-10-31 21:30:00+01:00,104.46795869810576,85.87
2025-10-31 21:45:00+01:00,98.10162316642028,76.03
2025-10-31 22:00:00+01:00,106.8561265034326,94.91
2025-10-31 22:15:00+01:00,98.24114545142491,84.16
2025-10-31 22:30:00+01:00,94.88228686106692,79.78
2025-10-31 22:45:00+01:00,90.98288582038666,68.53
2025-10-31 23:00:00+01:00,92.14324383730452,97.16
2025-10-31 23:15:00+01:00,88.70019101345093,75.23
2025-10-31 23:30:00+01:00,85.45665365268962,55.65
2025-10-31 23:45:00+01:00,80.15402824706462,42.37
2025-11-01 00:00:00+01:00,83.73761852478077,63.5
2025-11-01 00:15:00+01:00,74.5194636492446,53.67
2025-11-01 00:30:00+01:00,71.13584972117224,52.37
2025-11-01 00:45:00+01:00,58.93054015977601,49.29
2025-11-01 01:00:00+01:00,73.70967794562237,52.32
2025-11-01 01:15:00+01:00,67.3787099270593,44.57
2025-11-01 01:30:00+01:00,59.12357009678566,32.23
2025-11-01 01:45:00+01:00,54.58024883414002,23.34
2025-11-01 02:00:00+01:00,68.13202356010973,29.31
2025-11-01 02:15:00+01:00,55.23043588538742,24.13
2025-11-01 02:30:00+01:00,56.79101129142185,33.96
2025-11-01 02:45:00+01:00,54.29423161173331,25.69
2025-11-01 03:00:00+01:00,55.157924580290434,50.25
2025-11-01 03:15:00+01:00,60.58357701238096,31.33
2025-11-01 03:30:00+01:00,63.128277496306026,20.09
2025-11-01 03:45:00+01:00,61.81282831584462,18.16
2025-11-01 04:00:00+01:00,60.32378650200132,21.17
2025-11-01 04:15:00+01:00,59.8012603926382,22.48
2025-11-01 04:30:00+01:00,66.12008516613211,20.44
2025-11-01 04:45:00+01:00,67.36292347928308,15.52
2025-11-01 05:00:00+01:00,57.95096006138313,15.61
2025-11-01 05:15:00+01:00,61.060000325546426,24.04
2025-11-01 05:30:00+01:00,67.296459220825,11.41
2025-11-01 05:45:00+01:00,73.2327083030153,10.25
2025-11-01 06:00:00+01:00,70.93834381056317,14.96
2025-11-01 06:15:00+01:00,69.39471757769567,11.44
2025-11-01 06:30:00+01:00,70.99408060664285,11.17
2025-11-01 06:45:00+01:00,65.53673885432286,8.94
2025-11-01 07:00:00+01:00,47.13093657333635,21.14
2025-11-01 07:15:00+01:00,45.32149240751794,16.17
2025-11-01 07:30:00+01:00,44.32647289614448,13.01
2025-11-01 07:45:00+01:00,49.29898690327085,20.1
2025-11-01 08:00:00+01:00,32.39168585158944,45.58
2025-11-01 08:15:00+01:00,41.75998134550376,37.76
2025-11-01 08:30:00+01:00,41.64345406234902,22.06
2025-11-01 08:45:00+01:00,40.38101946611796,14.4
2025-11-01 09:00:00+01:00,71.20080098193759,45.74
2025-11-01 09:15:00+01:00,50.955281023661875,30.08
2025-11-01 09:30:00+01:00,48.55901600616182,19.44
2025-11-01 09:45:00+01:00,31.11658150999522,12.92
2025-11-01 10:00:00+01:00,52.928002038167385,23.72
2025-11-01 10:15:00+01:00,45.17369796147051,18.08
2025-11-01 10:30:00+01:00,29.85772319001232,16.4
2025-11-01 10:45:00+01:00,32.95211417540558,15.0
2025-11-01 11:00:00+01:00,25.584110449317656,15.0
2025-11-01 11:15:00+01:00,17.651089625991325,15.06
2025-11-01 11:30:00+01:00,11.4542770834558,15.0
2025-11-01 11:45:00+01:00,14.867378071214574,17.97
2025-11-01 12:00:00+01:00,-0.7564553316958182,14.85
2025-11-01 12:15:00+01:00,13.93000885606461,18.0
2025-11-01 12:30:00+01:00,13.185700279107849,24.78
2025-11-01 12:45:00+01:00,-17.359259939851853,26.43
2025-11-01 13:00:00+01:00,10.085509944581672,20.25
2025-11-01 13:15:00+01:00,-0.0999263209905976,25.51
2025-11-01 13:30:00+01:00,1.5357676624650978,39.36
2025-11-01 13:45:00+01:00,5.013692544239461,41.84
2025-11-01 14:00:00+01:00,-2.8909529092048416,43.47
2025-11-01 14:15:00+01:00,7.409000230669584,56.26
2025-11-01 14:30:00+01:00,14.030228510091128,57.32
2025-11-01 14:45:00+01:00,31.077425887133053,58.96
2025-11-01 15:00:00+01:00,23.625862355426097,47.19
2025-11-01 15:15:00+01:00,45.58744180072158,57.23
2025-11-01 15:30:00+01:00,64.66406294695028,63.51
2025-11-01 15:45:00+01:00,72.05893888084302,68.36
2025-11-01 16:00:00+01:00,22.509958549334073,59.8
2025-11-01 16:15:00+01:00,44.37748419043285,74.87
2025-11-01 16:30:00+01:00,63.30209842626976,84.76
2025-11-01 16:45:00+01:00,85.25001306792551,86.91
2025-11-01 17:00:00+01:00,74.06801987126067,86.94
2025-11-01 17:15:00+01:00,91.52733334908008,89.24
2025-11-01 17:30:00+01:00,101.55876610752767,89.72
2025-11-01 17:45:00+01:00,118.64477494689416,89.26
2025-11-01 18:00:00+01:00,104.646055678819,87.21
2025-11-01 18:15:00+01:00,103.90438971985776,91.0
2025-11-01 18:30:00+01:00,92.85692289712031,91.92
2025-11-01 18:45:00+01:00,86.32079683811187,86.09
2025-11-01 19:00:00+01:00,80.45291867435316,85.29
2025-11-01 19:15:00+01:00,72.49137797913036,88.22
2025-11-01 19:30:00+01:00,68.66474164024486,86.06
2025-11-01 19:45:00+01:00,80.09293115233291,86.03
2025-11-01 20:00:00+01:00,96.71801379870276,90.11
2025-11-01 20:15:00+01:00,95.35115077075127,91.0
2025-11-01 20:30:00+01:00,66.40922665951251,86.93
2025-11-01 20:45:00+01:00,64.40590014084374,76.75
2025-11-01 21:00:00+01:00,86.60367384465951,86.94
2025-11-01 21:15:00+01:00,87.58041015834536,85.1
2025-11-01 21:30:00+01:00,88.91042260930885,81.19
2025-11-01 21:45:00+01:00,72.75001826509096,79.9
2025-11-01 22:00:00+01:00,85.32244375273177,87.04
2025-11-01 22:15:00+01:00,82.99722753903546,89.5
2025-11-01 22:30:00+01:00,82.1299241474797,82.49
2025-11-01 22:45:00+01:00,79.59005027982955,72.69
2025-11-01 23:00:00+01:00,71.81952928002781,85.73
2025-11-01 23:15:00+01:00,74.09147952704593,81.82
2025-11-01 23:30:00+01:00,73.52983086934678,72.29
2025-11-01 23:45:00+01:00,71.74710913702918,70.19
2025-11-02 00:00:00+01:00,79.89650755981148,58.1
2025-11-02 00:15:00+01:00,77.3860422641969,67.03
2025-11-02 00:30:00+01:00,74.27873221494256,65.7
2025-11-02 00:45:00+01:00,68.97013089932787,66.31
2025-11-02 01:00:00+01:00,76.43994241655523,62.34
2025-11-02 01:15:00+01:00,70.72797356308456,61.91
2025-11-02 01:30:00+01:00,65.53924496920327,57.42
2025-11-02 01:45:00+01:00,63.1334456627568,59.64
2025-11-02 02:00:00+01:00,69.9552698385526,60.82
2025-11-02 02:15:00+01:00,63.24679203231533,61.64
2025-11-02 02:30:00+01:00,64.13991280292647,60.11
2025-11-02 02:45:00+01:00,64.21138963400105,61.34
2025-11-02 03:00:00+01:00,64.51521686817416,61.98
2025-11-02 03:15:00+01:00,66.87353628401728,62.59
2025-11-02 03:30:00+01:00,69.98530785500648,64.15
2025-11-02 03:45:00+01:00,69.31900348778724,62.21
2025-11-02 04:00:00+01:00,67.64239963260586,62.64
2025-11-02 04:15:00+01:00,67.62364365056403,64.62
2025-11-02 04:30:00+01:00,72.47151096058491,66.55
2025-11-02 04:45:00+01:00,70.98868582249932,74.26
2025-11-02 05:00:00+01:00,72.58829198827904,66.09
2025-11-02 05:15:00+01:00,73.4456412590783,73.98
2025-11-02 05:30:00+01:00,76.40860332342923,64.93
2025-11-02 05:45:00+01:00,79.23083680067809,70.24
2025-11-02 06:00:00+01:00,77.31129309406012,61.28
2025-11-02 06:15:00+01:00,84.05712960770326,69.49
2025-11-02 06:30:00+01:00,84.63744117734333,73.3
2025-11-02 06:45:00+01:00,83.89123936477688,77.32
2025-11-02 07:00:00+01:00,72.73306610669499,77.17
2025-11-02 07:15:00+01:00,67.62133056165324,74.59
2025-11-02 07:30:00+01:00,48.504809127889985,74.93
2025-11-02 07:45:00+01:00,37.7887838648701,75.43
2025-11-02 08:00:00+01:00,77.31626177650404,81.48
2025-11-02 08:15:00+01:00,56.56633212260451,80.07
2025-11-02 08:30:00+01:00,55.817379323551954,73.77
2025-11-02 08:45:00+01:00,44.39187056016337,73.16
2025-11-02 09:00:00+01:00,70.94200405208659,91.61
2025-11-02 09:15:00+01:00,54.73028223168843,77.57
2025-11-02 09:30:00+01:00,51.632731561275165,75.62
2025-11-02 09:45:00+01:00,57.18239496424638,69.03
2025-11-02 10:00:00+01:00,59.62531262960004,81.6
2025-11-02 10:15:00+01:00,70.75311649624015,76.07
2025-11-02 10:30:00+01:00,53.87217674061523,72.26
2025-11-02 10:45:00+01:00,51.65295379321057,70.03
2025-11-02 11:00:00+01:00,55.55788036373666,75.39
2025-11-02 11:15:00+01:00,56.07037317909395,75.6
2025-11-02 11:30:00+01:00,53.63293328672136,75.07
2025-11-02 11:45:00+01:00,43.85657701252582,73.86
2025-11-02 12:00:00+01:00,55.2490785609227,73.94
2025-11-02 12:15:00+01:00,52.9403077362469,73.49
2025-11-02 12:30:00+01:00,47.67515238800434,73.3
2025-11-02 12:45:00+01:00,39.44936394378492,80.12
2025-11-02 13:00:00+01:00,47.06452982600317,76.4
2025-11-02 13:15:00+01:00,41.44014069696125,79.64
2025-11-02 13:30:00+01:00,39.23919624885403,85.57
2025-11-02 13:45:00+01:00,43.11040487866304,91.04
2025-11-02 14:00:00+01:00,34.839116996367764,82.83
2025-11-02 14:15:00+01:00,48.13424642249871,88.8
2025-11-02 14:30:00+01:00,55.152571082246595,96.4
2025-11-02 14:45:00+01:00,68.37121287575098,102.17
2025-11-02 15:00:00+01:00,50.01709968379906,95.98
2025-11-02 15:15:00+01:00,62.960181863664616,106.51
2025-11-02 15:30:00+01:00,84.15255774493745,112.42
2025-11-02 15:45:00+01:00,93.64271768781136,127.7
2025-11-02 16:00:00+01:00,62.63787928867569,101.92
2025-11-02 16:15:00+01:00,74.8074185734604,110.99
2025-11-02 16:30:00+01:00,94.99448508126568,119.03
2025-11-02 16:45:00+01:00,107.76040572809482,134.07
2025-11-02 17:00:00+01:00,92.27686532098942,118.0
2025-11-02 17:15:00+01:00,102.88240082842098,131.39
2025-11-02 17:30:00+01:00,124.79336784823296,138.83
2025-11-02 17:45:00+01:00,125.3695064289968,140.07
2025-11-02 18:00:00+01:00,128.9251923796169,137.52
2025-11-02 18:15:00+01:00,134.53792638979715,135.71
2025-11-02 18:30:00+01:00,138.50609835102497,130.5
2025-11-02 18:45:00+01:00,136.72503974624706,117.9
2025-11-02 19:00:00+01:00,141.98563906240494,127.2
2025-11-02 19:15:00+01:00,142.01609270784746,125.14
2025-11-02 19:30:00+01:00,136.86608816358014,108.0
2025-11-02 19:45:00+01:00,125.4605704898997,94.09
2025-11-02 20:00:00+01:00,123.25086562701576,110.97
2025-11-02 20:15:00+01:00,113.48789047904197,104.42
2025-11-02 20:30:00+01:00,100.93656391139564,92.1
2025-11-02 20:45:00+01:00,95.48144376297284,86.91
2025-11-02 21:00:00+01:00,104.27386828594028,100.06
2025-11-02 21:15:00+01:00,103.22311228611603,94.08
2025-11-02 21:30:00+01:00,96.91268889208249,95.1
2025-11-02 21:45:00+01:00,92.10382779294736,92.08
2025-11-02 22:00:00+01:00,106.73748443362648,97.54
2025-11-02 22:15:00+01:00,94.5848957001746,95.91
2025-11-02 22:30:00+01:00,92.11028699585104,95.9
2025-11-02 22:45:00+01:00,86.50382453619704,83.36
2025-11-02 23:00:00+01:00,93.78807844936046,99.08
2025-11-02 23:15:00+01:00,83.68883251893196,85.47
2025-11-02 23:30:00+01:00,80.37262954648503,83.02
2025-11-02 23:45:00+01:00,76.97627594322282,72.6
2025-11-03 00:00:00+01:00,85.99890727144249,85.52
2025-11-03 00:15:00+01:00,80.3965263810604,82.41
2025-11-03 00:30:00+01:00,78.81275902630563,86.91
2025-11-03 00:45:00+01:00,74.73399846676762,74.92
2025-11-03 01:00:00+01:00,76.64818918355522,85.73
2025-11-03 01:15:00+01:00,72.64659639933355,83.86
2025-11-03 01:30:00+01:00,74.53494934363789,78.12
2025-11-03 01:45:00+01:00,71.98486246869855,72.71
2025-11-03 02:00:00+01:00,72.31607827418574,85.12
2025-11-03 02:15:00+01:00,69.23718422402793,74.74
2025-11-03 02:30:00+01:00,70.37365045549174,72.91
2025-11-03 02:45:00+01:00,68.46733878012405,67.22
2025-11-03 03:00:00+01:00,69.7026167225362,74.43
2025-11-03 03:15:00+01:00,68.1091347868545,72.06
2025-11-03 03:30:00+01:00,65.56010566282674,72.91
2025-11-03 03:45:00+01:00,63.435117265910336,73.16
2025-11-03 04:00:00+01:00,69.76841049016502,72.91
2025-11-03 04:15:00+01:00,66.73526566872488,73.58
2025-11-03 04:30:00+01:00,68.44994560185626,77.18
2025-11-03 04:45:00+01:00,67.44140715863236,76.22
2025-11-03 05:00:00+01:00,70.50251793849738,72.75
2025-11-03 05:15:00+01:00,73.97782120666146,74.93
2025-11-03 05:30:00+01:00,78.11387603104302,80.33
2025-11-03 05:45:00+01:00,80.94423680494852,71.99
2025-11-03 06:00:00+01:00,84.70812924109784,72.42
2025-11-03 06:15:00+01:00,100.18968896330811,89.31
2025-11-03 06:30:00+01:00,103.87166383408524,112.68
2025-11-03 06:45:00+01:00,109.50204879680014,106.91
2025-11-03 07:00:00+01:00,95.8619057529069,113.67
2025-11-03 07:15:00+01:00,109.09184265041284,120.45
2025-11-03 07:30:00+01:00,115.51636280591585,119.79
2025-11-03 07:45:00+01:00,122.20050767819492,115.11
2025-11-03 08:00:00+01:00,129.26447324560522,139.25
2025-11-03 08:15:00+01:00,121.30308240319192,110.0
2025-11-03 08:30:00+01:00,120.08553474191464,90.08
2025-11-03 08:45:00+01:00,112.93392131277707,80.67
2025-11-03 09:00:00+01:00,119.01582476244546,103.89
2025-11-03 09:15:00+01:00,103.08522499661184,92.57
2025-11-03 09:30:00+01:00,95.91560134785836,79.73
2025-11-03 09:45:00+01:00,93.04173812570365,66.86
2025-11-03 10:00:00+01:00,99.08054591158646,95.04
2025-11-03 10:15:00+01:00,86.29757986191156,73.67
2025-11-03 10:30:00+01:00,75.80936630998013,68.59
2025-11-03 10:45:00+01:00,72.40708649737776,64.48
2025-11-03 11:00:00+01:00,69.0387525771837,73.35
2025-11-03 11:15:00+01:00,66.47241968002491,74.49
2025-11-03 11:30:00+01:00,49.24007276432522,67.03
2025-11-03 11:45:00+01:00,46.294129484394944,71.83
2025-11-03 12:00:00+01:00,49.03467484455197,69.95
2025-11-03 12:15:00+01:00,48.76404920737858,66.39
2025-11-03 12:30:00+01:00,50.13016162060955,67.17
2025-11-03 12:45:00+01:00,48.28798147468832,68.45
2025-11-03 13:00:00+01:00,39.421751583341894,66.23
2025-11-03 13:15:00+01:00,41.88179529420965,73.16
2025-11-03 13:30:00+01:00,30.38127644513545,74.84
2025-11-03 13:45:00+01:00,31.835438794296447,73.47
2025-11-03 14:00:00+01:00,40.70637000425991,64.13
2025-11-03 14:15:00+01:00,56.77279805833578,66.63
2025-11-03 14:30:00+01:00,62.51187345185352,74.77
2025-11-03 14:45:00+01:00,70.23146836746362,94.37
2025-11-03 15:00:00+01:00,58.04772126899068,68.07
2025-11-03 15:15:00+01:00,70.04016858111744,85.11
2025-11-03 15:30:00+01:00,87.76437677490536,84.38
2025-11-03 15:45:00+01:00,103.61950468097972,92.86
2025-11-03 16:00:00+01:00,72.27008603018366,85.06
2025-11-03 16:15:00+01:00,84.5113094355647,92.1
2025-11-03 16:30:00+01:00,95.95383372481336,90.09
2025-11-03 16:45:00+01:00,112.88026884916977,103.69
2025-11-03 17:00:00+01:00,93.19470510369555,96.21
2025-11-03 17:15:00+01:00,99.88313056892947,94.53
2025-11-03 17:30:00+01:00,95.00060074260917,87.4
2025-11-03 17:45:00+01:00,114.02195435140828,91.94
2025-11-03 18:00:00+01:00,113.22977715875972,92.37
2025-11-03 18:15:00+01:00,119.74376523291276,88.6
2025-11-03 18:30:00+01:00,113.204140776149,91.25
2025-11-03 18:45:00+01:00,104.10821657075172,90.0
2025-11-03 19:00:00+01:00,95.77939818275892,90.71
2025-11-03 19:15:00+01:00,88.01064454198004,86.8
2025-11-03 19:30:00+01:00,86.67689656593528,82.08
2025-11-03 19:45:00+01:00,76.97290232722216,66.71
2025-11-03 20:00:00+01:00,99.02157788007082,90.04
2025-11-03 20:15:00+01:00,84.92881207341534,70.52
2025-11-03 20:30:00+01:00,73.10820292784908,68.34
2025-11-03 20:45:00+01:00,55.864405129719735,57.63
2025-11-03 21:00:00+01:00,83.72419279010543,63.76
2025-11-03 21:15:00+01:00,78.30967444819173,56.73
2025-11-03 21:30:00+01:00,72.5323786549072,65.24
2025-11-03 21:45:00+01:00,65.63817155130448,54.3
2025-11-03 22:00:00+01:00,78.92263957853311,66.41
2025-11-03 22:15:00+01:00,72.03954673290318,54.42
2025-11-03 22:30:00+01:00,70.85410104459912,47.99
2025-11-03 22:45:00+01:00,67.41137306289956,42.03
2025-11-03 23:00:00+01:00,70.57912189301605,50.65
2025-11-03 23:15:00+01:00,60.90171798695866,26.03
2025-11-03 23:30:00+01:00,59.89731709227527,28.98
2025-11-03 23:45:00+01:00,55.45036952471808,9.2
2025-11-04 00:00:00+01:00,51.379912259707645,35.1
2025-11-04 00:15:00+01:00,41.63496294007891,15.07
2025-11-04 00:30:00+01:00,41.471684089916664,9.95
2025-11-04 00:45:00+01:00,40.03024666242364,6.0
2025-11-04 01:00:00+01:00,42.95566929173826,9.0
2025-11-04 01:15:00+01:00,37.56911278703747,6.72
2025-11-04 01:30:00+01:00,38.26809354176196,7.42
2025-11-04 01:45:00+01:00,31.046084384633097,5.89
2025-11-04 02:00:00+01:00,33.80806634569642,5.14
2025-11-04 02:15:00+01:00,36.069714513334986,4.35
2025-11-04 02:30:00+01:00,39.43166677684211,5.05
2025-11-04 02:45:00+01:00,35.43744280581824,5.16
2025-11-04 03:00:00+01:00,41.17081684341908,5.11
2025-11-04 03:15:00+01:00,37.84218849393343,5.16
2025-11-04 03:30:00+01:00,40.546109712050495,5.76
2025-11-04 03:45:00+01:00,43.42812557923404,9.22
2025-11-04 04:00:00+01:00,42.99996015579858,5.19
2025-11-04 04:15:00+01:00,46.89252986301292,5.17
2025-11-04 04:30:00+01:00,46.72434621012033,39.5
2025-11-04 04:45:00+01:00,49.075550584241384,34.93
2025-11-04 05:00:00+01:00,47.04900035513008,18.77
2025-11-04 05:15:00+01:00,59.89207455725408,56.16
2025-11-04 05:30:00+01:00,64.69673670779466,69.89
2025-11-04 05:45:00+01:00,70.57985056722073,88.91
2025-11-04 06:00:00+01:00,71.87523307127518,33.92
2025-11-04 06:15:00+01:00,89.39164875317732,79.62
2025-11-04 06:30:00+01:00,95.98844005600354,99.44
2025-11-04 06:45:00+01:00,92.13692423255613,111.17
2025-11-04 07:00:00+01:00,101.80320414603814,106.88
2025-11-04 07:15:00+01:00,105.74796044157608,124.53
2025-11-04 07:30:00+01:00,101.03774659779644,118.01
2025-11-04 07:45:00+01:00,104.434352005407,107.81
2025-11-04 08:00:00+01:00,119.73299596648876,130.78
2025-11-04 08:15:00+01:00,111.98567324938944,121.44
2025-11-04 08:30:00+01:00,96.7684125157688,102.96
2025-11-04 08:45:00+01:00,84.30339395214907,84.82
2025-11-04 09:00:00+01:00,116.78016028859057,98.0
2025-11-04 09:15:00+01:00,96.01154057512407,96.04
2025-11-04 09:30:00+01:00,79.59766209751375,72.95
2025-11-04 09:45:00+01:00,67.25492785143916,56.4
2025-11-04 10:00:00+01:00,92.55352294074508,73.02
2025-11-04 10:15:00+01:00,82.1268226190097,60.64
2025-11-04 10:30:00+01:00,69.26145043046111,57.45
2025-11-04 10:45:00+01:00,65.36075009439168,51.48
2025-11-04 11:00:00+01:00,73.04368859609332,57.79
2025-11-04 11:15:00+01:00,64.06160021226404,54.47
2025-11-04 11:30:00+01:00,64.07002118826163,50.23
2025-11-04 11:45:00+01:00,62.940840380797574,48.99
2025-11-04 12:00:00+01:00,64.6344725841966,47.13
2025-11-04 12:15:00+01:00,60.10522632826027,47.95
2025-11-04 12:30:00+01:00,59.80316890138902,50.1
2025-11-04 12:45:00+01:00,61.25839260992509,55.43
2025-11-04 13:00:00+01:00,58.95292352405071,44.99
2025-11-04 13:15:00+01:00,59.49090585094575,62.8
2025-11-04 13:30:00+01:00,62.672101362298704,75.52
2025-11-04 13:45:00+01:00,66.61200440824484,84.44
2025-11-04 14:00:00+01:00,59.68003505008294,52.89
2025-11-04 14:15:00+01:00,71.41671914078634,70.41
2025-11-04 14:30:00+01:00,80.6009781026252,86.89
2025-11-04 14:45:00+01:00,87.08103071691146,114.01
2025-11-04 15:00:00+01:00,75.47413700100718,84.19
2025-11-04 15:15:00+01:00,86.70012342822372,100.25
2025-11-04 15:30:00+01:00,103.632463584709,114.35
2025-11-04 15:45:00+01:00,119.06170173236016,166.27
2025-11-04 16:00:00+01:00,85.35326296287516,92.23
2025-11-04 16:15:00+01:00,98.71821315109592,114.0
2025-11-04 16:30:00+01:00,116.04462128128355,131.29
2025-11-04 16:45:00+01:00,145.09194752023274,172.38
2025-11-04 17:00:00+01:00,106.42320726956214,132.0
2025-11-04 17:15:00+01:00,121.50847174300397,129.25
2025-11-04 17:30:00+01:00,133.1412837338666,131.85
2025-11-04 17:45:00+01:00,151.40570042698857,123.3
2025-11-04 18:00:00+01:00,140.09643166800748,153.06
2025-11-04 18:15:00+01:00,148.023897616295,127.01
2025-11-04 18:30:00+01:00,148.29694084660508,118.0
2025-11-04 18:45:00+01:00,138.98415523698483,92.98
2025-11-04 19:00:00+01:00,145.21261177901007,132.3
2025-11-04 19:15:00+01:00,144.06234629324433,114.0
2025-11-04 19:30:00+01:00,134.97262141194346,95.0
2025-11-04 19:45:00+01:00,124.86050475924544,85.49
2025-11-04 20:00:00+01:00,130.9275485750487,106.01
2025-11-04 20:15:00+01:00,110.83319242028112,98.41
2025-11-04 20:30:00+01:00,105.40066136741872,87.68
2025-11-04 20:45:00+01:00,94.84171744637584,94.91
2025-11-04 21:00:00+01:00,102.05641372053744,105.76
2025-11-04 21:15:00+01:00,101.95155787125076,91.27
2025-11-04 21:30:00+01:00,93.21773914388152,88.9
2025-11-04 21:45:00+01:00,86.2100430293945,79.53
2025-11-04 22:00:00+01:00,98.56326362999576,91.06
2025-11-04 22:15:00+01:00,94.48556902076078,88.73
2025-11-04 22:30:00+01:00,91.49518612782678,86.82
2025-11-04 22:45:00+01:00,84.32440326851885,78.34
2025-11-04 23:00:00+01:00,96.17929830138634,80.65
2025-11-04 23:15:00+01:00,84.47370133209525,75.07
2025-11-04 23:30:00+01:00,80.64825110157976,79.53
2025-11-04 23:45:00+01:00,76.050296835739,69.24
2025-11-05 00:00:00+01:00,79.29888518237412,80.4
2025-11-05 00:15:00+01:00,76.80102879679535,73.61
2025-11-05 00:30:00+01:00,79.23156311059465,78.24
2025-11-05 00:45:00+01:00,75.18537161740932,77.07
2025-11-05 01:00:00+01:00,71.93838992029089,76.25
2025-11-05 01:15:00+01:00,71.52015113834368,75.14
2025-11-05 01:30:00+01:00,74.59061609994511,75.98
2025-11-05 01:45:00+01:00,72.1622486107867,75.92
2025-11-05 02:00:00+01:00,71.52336664714761,70.46
2025-11-05 02:15:00+01:00,72.30474581270896,73.3
2025-11-05 02:30:00+01:00,71.73733600251597,75.42
2025-11-05 02:45:00+01:00,70.77523841441736,78.24
2025-11-05 03:00:00+01:00,73.1620571191082,73.31
2025-11-05 03:15:00+01:00,69.9193277695602,72.44
2025-11-05 03:30:00+01:00,70.22688424058093,78.0
2025-11-05 03:45:00+01:00,72.10083874069306,74.98
2025-11-05 04:00:00+01:00,71.72155772510659,73.3
2025-11-05 04:15:00+01:00,72.45689647536862,73.48
2025-11-05 04:30:00+01:00,72.51578726432246,82.79
2025-11-05 04:45:00+01:00,74.88728031869478,85.97
2025-11-05 05:00:00+01:00,74.94660030949342,71.43
2025-11-05 05:15:00+01:00,80.80470125556776,81.88
2025-11-05 05:30:00+01:00,84.84903060549561,90.84
2025-11-05 05:45:00+01:00,88.78565224427362,95.85
2025-11-05 06:00:00+01:00,88.15242240821262,82.31
2025-11-05 06:15:00+01:00,107.29533909359158,84.62
2025-11-05 06:30:00+01:00,115.78485252282177,90.38
2025-11-05 06:45:00+01:00,126.64960094600178,108.14
2025-11-05 07:00:00+01:00,123.04376714836728,108.8
2025-11-05 07:15:00+01:00,133.8238045135484,127.01
2025-11-05 07:30:00+01:00,140.93146695830842,122.25
2025-11-05 07:45:00+01:00,139.37921557915067,105.54
2025-11-05 08:00:00+01:00,147.49223458485386,140.29
2025-11-05 08:15:00+01:00,134.4236696787734,117.27
2025-11-05 08:30:00+01:00,127.5999771195838,103.44
2025-11-05 08:45:00+01:00,112.36525028916742,67.46
2025-11-05 09:00:00+01:00,126.17251837479044,89.48
2025-11-05 09:15:00+01:00,108.63968426378736,76.34
2025-11-05 09:30:00+01:00,95.90091713386737,67.65
2025-11-05 09:45:00+01:00,93.40816531117248,64.69
2025-11-05 10:00:00+01:00,97.7741552533631,70.15
2025-11-05 10:15:00+01:00,97.29730934937324,60.04
2025-11-05 10:30:00+01:00,84.44543552262539,61.69
2025-11-05 10:45:00+01:00,79.26763505928393,59.65
2025-11-05 11:00:00+01:00,93.25642765084255,61.31
2025-11-05 11:15:00+01:00,85.41881363674365,59.99
2025-11-05 11:30:00+01:00,78.80865131684726,61.03
2025-11-05 11:45:00+01:00,79.5454629346604,65.7
2025-11-05 12:00:00+01:00,84.99661327062492,50.89
2025-11-05 12:15:00+01:00,83.74915362562331,61.08
2025-11-05 12:30:00+01:00,88.54037229597017,65.41
2025-11-05 12:45:00+01:00,84.00263153048499,70.9
2025-11-05 13:00:00+01:00,87.76300761967438,60.79
2025-11-05 13:15:00+01:00,89.12862117375434,71.09
2025-11-05 13:30:00+01:00,93.561516496382,83.15
2025-11-05 13:45:00+01:00,93.85710125883676,94.3
2025-11-05 14:00:00+01:00,83.73311076695268,73.28
2025-11-05 14:15:00+01:00,97.53871034815349,91.24
2025-11-05 14:30:00+01:00,107.8950976707196,102.7
2025-11-05 14:45:00+01:00,122.65673811296352,117.55
2025-11-05 15:00:00+01:00,91.31423934666128,81.02
2025-11-05 15:15:00+01:00,112.49291784297463,110.64
2025-11-05 15:30:00+01:00,137.25555643592054,125.9
2025-11-05 15:45:00+01:00,166.14088206530278,144.02
2025-11-05 16:00:00+01:00,100.51320748781212,123.07
2025-11-05 16:15:00+01:00,116.17290808043828,130.88
2025-11-05 16:30:00+01:00,135.3866784838125,144.55
2025-11-05 16:45:00+01:00,127.32166345125717,167.03
2025-11-05 17:00:00+01:00,123.45143355052248,148.13
2025-11-05 17:15:00+01:00,123.78962528146585,153.09
2025-11-05 17:30:00+01:00,151.05306311584113,151.44
2025-11-05 17:45:00+01:00,145.53647033977097,137.01
2025-11-05 18:00:00+01:00,161.07840483634024,148.22
2025-11-05 18:15:00+01:00,150.82981705369554,134.77
2025-11-05 18:30:00+01:00,161.37754931121097,119.21
2025-11-05 18:45:00+01:00,155.90416726558533,108.12
2025-11-05 19:00:00+01:00,164.53011544132437,128.48
2025-11-05 19:15:00+01:00,164.11252276816833,116.72
2025-11-05 19:30:00+01:00,146.5374269527458,109.73
2025-11-05 19:45:00+01:00,132.54341174159669,104.09
2025-11-05 20:00:00+01:00,144.91895816668128,110.93
2025-11-05 20:15:00+01:00,115.47932227060772,103.37
2025-11-05 20:30:00+01:00,114.6916025849388,103.02
2025-11-05 20:45:00+01:00,110.09730816974071,101.84
2025-11-05 21:00:00+01:00,112.80433674315078,108.39
2025-11-05 21:15:00+01:00,111.66707499671996,102.83
2025-11-05 21:30:00+01:00,106.9415254343132,99.02
2025-11-05 21:45:00+01:00,100.92107925532562,85.43
2025-11-05 22:00:00+01:00,111.8527204965327,102.48
2025-11-05 22:15:00+01:00,103.50934278516414,89.89
2025-11-05 22:30:00+01:00,100.09037214077657,85.49
2025-11-05 22:45:00+01:00,88.65972012234381,77.53
2025-11-05 23:00:00+01:00,105.50816968864444,91.32
2025-11-05 23:15:00+01:00,92.59774554682768,91.86
2025-11-05 23:30:00+01:00,89.45254551888638,89.37
2025-11-05 23:45:00+01:00,84.16936721184814,78.25
2025-11-06 00:00:00+01:00,96.38241863280898,96.78
2025-11-06 00:15:00+01:00,89.8318560643656,93.11
2025-11-06 00:30:00+01:00,88.41251365677411,93.43
2025-11-06 00:45:00+01:00,84.17237641188626,90.17
2025-11-06 01:00:00+01:00,87.49129072032285,93.38
2025-11-06 01:15:00+01:00,84.62986011142516,91.08
2025-11-06 01:30:00+01:00,84.6402078589596,90.26
2025-11-06 01:45:00+01:00,82.92811298336915,88.6
2025-11-06 02:00:00+01:00,85.43012345509203,93.02
2025-11-06 02:15:00+01:00,83.95427020560344,90.54
2025-11-06 02:30:00+01:00,83.53330906470177,91.75
2025-11-06 02:45:00+01:00,82.97471937730351,90.28
2025-11-06 03:00:00+01:00,85.68272018368212,91.67
2025-11-06 03:15:00+01:00,82.93516187752644,91.09
2025-11-06 03:30:00+01:00,84.41405280336375,89.12
2025-11-06 03:45:00+01:00,87.50333059091177,90.14
2025-11-06 04:00:00+01:00,84.37701898850534,91.61
2025-11-06 04:15:00+01:00,85.91171992370047,91.08
2025-11-06 04:30:00+01:00,90.2125702277248,91.53
2025-11-06 04:45:00+01:00,91.7772699974778,93.38
2025-11-06 05:00:00+01:00,82.77759313989422,86.11
2025-11-06 05:15:00+01:00,91.71635064529906,88.76
2025-11-06 05:30:00+01:00,101.90950440710084,94.6
2025-11-06 05:45:00+01:00,111.51181972083478,99.21
2025-11-06 06:00:00+01:00,92.97391231914696,93.88
2025-11-06 06:15:00+01:00,120.08844165940918,113.52
2025-11-06 06:30:00+01:00,137.5487657389819,121.99
2025-11-06 06:45:00+01:00,159.20378115870656,144.01
2025-11-06 07:00:00+01:00,138.91213403667444,127.72
2025-11-06 07:15:00+01:00,173.40141915754356,136.0
2025-11-06 07:30:00+01:00,184.21447570340135,136.0
2025-11-06 07:45:00+01:00,171.7132083849194,121.21
2025-11-06 08:00:00+01:00,197.780619491804,144.97
2025-11-06 08:15:00+01:00,138.02150987563292,129.01
2025-11-06 08:30:00+01:00,163.18367016946206,111.68
2025-11-06 08:45:00+01:00,135.4874995534845,93.06
2025-11-06 09:00:00+01:00,125.10940874005328,110.73
2025-11-06 09:15:00+01:00,131.21955448577398,100.6
2025-11-06 09:30:00+01:00,118.07413606456656,86.29
2025-11-06 09:45:00+01:00,105.36653382220508,75.23
2025-11-06 10:00:00+01:00,95.1312773024446,94.8
2025-11-06 10:15:00+01:00,99.47599317684768,87.55
2025-11-06 10:30:00+01:00,102.67349780417756,80.34
2025-11-06 10:45:00+01:00,98.39895132759384,77.94
2025-11-06 11:00:00+01:00,84.06358759450401,86.9
2025-11-06 11:15:00+01:00,76.32749924924076,84.97
2025-11-06 11:30:00+01:00,72.90708962529143,82.93
2025-11-06 11:45:00+01:00,72.20895047901519,80.0
2025-11-06 12:00:00+01:00,80.74307405911469,81.13
2025-11-06 12:15:00+01:00,78.5750851640278,78.76
2025-11-06 12:30:00+01:00,78.38619061545315,86.64
2025-11-06 12:45:00+01:00,80.34206369926919,89.44
2025-11-06 13:00:00+01:00,72.40072608982008,80.8
2025-11-06 13:15:00+01:00,81.54747367178673,86.58
2025-11-06 13:30:00+01:00,80.78386624145287,87.6
2025-11-06 13:45:00+01:00,92.827607161748,93.74
2025-11-06 14:00:00+01:00,79.50511987139672,78.51
2025-11-06 14:15:00+01:00,91.89967787844397,94.53
2025-11-06 14:30:00+01:00,103.82987982895484,102.9
2025-11-06 14:45:00+01:00,126.41139501428812,122.0
2025-11-06 15:00:00+01:00,93.2916346848068,101.31
2025-11-06 15:15:00+01:00,111.3473427871224,109.16
2025-11-06 15:30:00+01:00,135.08867630041743,135.32
2025-11-06 15:45:00+01:00,156.0200222461918,167.17
2025-11-06 16:00:00+01:00,116.22137546464408,123.1
2025-11-06 16:15:00+01:00,124.94194186813029,137.01
2025-11-06 16:30:00+01:00,162.39037553414934,156.79
2025-11-06 16:45:00+01:00,171.4021051734369,173.08
2025-11-06 17:00:00+01:00,197.607976446032,165.46
2025-11-06 17:15:00+01:00,177.0530583230938,162.87
2025-11-06 17:30:00+01:00,155.81847623809904,150.19
2025-11-06 17:45:00+01:00,134.7840460455513,138.5
2025-11-06 18:00:00+01:00,163.40452529215725,149.09
2025-11-06 18:15:00+01:00,155.9136970035348,139.04
2025-11-06 18:30:00+01:00,159.47200414138752,134.82
2025-11-06 18:45:00+01:00,165.2683981863846,126.84
2025-11-06 19:00:00+01:00,162.69569958666227,138.15
2025-11-06 19:15:00+01:00,158.9586108200294,129.36
2025-11-06 19:30:00+01:00,148.66644033792932,119.71
2025-11-06 19:45:00+01:00,140.8442687194139,118.63
2025-11-06 20:00:00+01:00,146.2471247112395,123.02
2025-11-06 20:15:00+01:00,112.02488146638606,119.85
2025-11-06 20:30:00+01:00,117.73747113733876,112.48
2025-11-06 20:45:00+01:00,113.09749830080904,104.53
2025-11-06 21:00:00+01:00,122.58352128987056,109.64
2025-11-06 21:15:00+01:00,117.01084664854116,103.66
2025-11-06 21:30:00+01:00,112.43545887783846,101.51
2025-11-06 21:45:00+01:00,98.2462595263312,89.11
2025-11-06 22:00:00+01:00,105.53596783009476,100.1
2025-11-06 22:15:00+01:00,99.05068540512072,93.67
2025-11-06 22:30:00+01:00,106.14640138133446,101.05
2025-11-06 22:45:00+01:00,99.21911369926198,95.12
2025-11-06 23:00:00+01:00,107.7083877488284,99.89
2025-11-06 23:15:00+01:00,99.46226222537948,95.0
2025-11-06 23:30:00+01:00,97.22689996146345,87.84
2025-11-06 23:45:00+01:00,80.64719875802965,79.48
2025-11-07 00:00:00+01:00,99.24296447714622,90.9
2025-11-07 00:15:00+01:00,93.07537299599396,88.27
2025-11-07 00:30:00+01:00,90.19036445037068,92.99
2025-11-07 00:45:00+01:00,85.49404241180999,88.55
2025-11-07 01:00:00+01:00,94.26322652319055,90.53
2025-11-07 01:15:00+01:00,90.61792182257946,88.44
2025-11-07 01:30:00+01:00,88.22650133646661,88.45
2025-11-07 01:45:00+01:00,85.9550385310306,87.87
2025-11-07 02:00:00+01:00,91.03915493852192,90.59
2025-11-07 02:15:00+01:00,87.87135326187656,88.98
2025-11-07 02:30:00+01:00,87.16781354081533,89.89
2025-11-07 02:45:00+01:00,86.77417437424404,88.94
2025-11-07 03:00:00+01:00,88.73903419084488,89.9
2025-11-07 03:15:00+01:00,87.1512776272211,89.54
2025-11-07 03:30:00+01:00,88.69185654597536,89.08
2025-11-07 03:45:00+01:00,90.0071099891769,89.93
2025-11-07 04:00:00+01:00,85.52285734319499,87.07
2025-11-07 04:15:00+01:00,88.22807877421867,89.4
2025-11-07 04:30:00+01:00,95.91164064685644,92.39
2025-11-07 04:45:00+01:00,100.77906969915028,92.78
2025-11-07 05:00:00+01:00,87.34883671619384,85.06
2025-11-07 05:15:00+01:00,96.13065722261013,90.29
2025-11-07 05:30:00+01:00,106.71121378100166,97.89
2025-11-07 05:45:00+01:00,121.96668438603363,103.6
2025-11-07 06:00:00+01:00,102.16289477900406,89.47
2025-11-07 06:15:00+01:00,126.74390813280012,102.11
2025-11-07 06:30:00+01:00,149.32560863838725,113.11
2025-11-07 06:45:00+01:00,172.47879148280293,144.37
2025-11-07 07:00:00+01:00,159.62415056664054,120.36
2025-11-07 07:15:00+01:00,200.72140409465953,137.63
2025-11-07 07:30:00+01:00,205.5552141121973,136.49
2025-11-07 07:45:00+01:00,200.35548979710228,141.05
2025-11-07 08:00:00+01:00,239.88457441586849,157.49
2025-11-07 08:15:00+01:00,170.69947756772387,142.86
2025-11-07 08:30:00+01:00,175.01391858695797,117.62
2025-11-07 08:45:00+01:00,136.86787109318846,94.22
2025-11-07 09:00:00+01:00,136.5530086162527,126.3
2025-11-07 09:15:00+01:00,148.9483508791387,117.13
2025-11-07 09:30:00+01:00,122.56760125541044,99.71
2025-11-07 09:45:00+01:00,118.43685788452926,89.28
2025-11-07 10:00:00+01:00,117.92009301890754,102.85
2025-11-07 10:15:00+01:00,96.71559348057042,94.96
2025-11-07 10:30:00+01:00,118.095475300668,89.23
2025-11-07 10:45:00+01:00,113.0446963041031,86.48
2025-11-07 11:00:00+01:00,81.2839849774984,92.54
2025-11-07 11:15:00+01:00,83.9059618378348,89.69
2025-11-07 11:30:00+01:00,101.08704238690146,89.83
2025-11-07 11:45:00+01:00,101.47565082956332,87.89
2025-11-07 12:00:00+01:00,86.6221005852978,88.29
2025-11-07 12:15:00+01:00,85.03942200661602,88.22
2025-11-07 12:30:00+01:00,89.89289321052115,88.8
2025-11-07 12:45:00+01:00,93.02492146876446,89.9
2025-11-07 13:00:00+01:00,91.23627148578169,88.23
2025-11-07 13:15:00+01:00,93.5643762048161,90.56
2025-11-07 13:30:00+01:00,97.80509183369963,93.54
2025-11-07 13:45:00+01:00,102.71730818703227,95.88
2025-11-07 14:00:00+01:00,94.81627004962888,80.82
2025-11-07 14:15:00+01:00,104.33318392864362,98.87
2025-11-07 14:30:00+01:00,123.15099420069411,106.81
2025-11-07 14:45:00+01:00,145.59131254229277,125.9
2025-11-07 15:00:00+01:00,113.46274885817138,91.87
2025-11-07 15:15:00+01:00,129.79297779030298,112.21
2025-11-07 15:30:00+01:00,149.8740588724985,133.5
2025-11-07 15:45:00+01:00,178.765866187092,180.91
2025-11-07 16:00:00+01:00,118.91698419180082,129.33
2025-11-07 16:15:00+01:00,161.23931544568313,144.57
2025-11-07 16:30:00+01:00,177.25687202445928,166.96
2025-11-07 16:45:00+01:00,229.6335689549688,219.63
2025-11-07 17:00:00+01:00,143.7716670111413,172.06
2025-11-07 17:15:00+01:00,165.58051320159444,184.76
2025-11-07 17:30:00+01:00,193.2850181887567,180.71
2025-11-07 17:45:00+01:00,189.52012236157208,176.62
2025-11-07 18:00:00+01:00,199.4448352865655,154.59
2025-11-07 18:15:00+01:00,197.39623593495236,141.42
2025-11-07 18:30:00+01:00,214.74674399266456,142.95
2025-11-07 18:45:00+01:00,216.92547192330892,143.77
2025-11-07 19:00:00+01:00,218.15337160780047,144.45
2025-11-07 19:15:00+01:00,201.66158019076204,136.28
2025-11-07 19:30:00+01:00,186.67846725155192,123.29
2025-11-07 19:45:00+01:00,168.92339206054254,121.91
2025-11-07 20:00:00+01:00,170.4854662961385,133.46
2025-11-07 20:15:00+01:00,138.07193272436993,120.71
2025-11-07 20:30:00+01:00,135.3239166559971,115.42
2025-11-07 20:45:00+01:00,125.8223706819506,108.12
2025-11-07 21:00:00+01:00,142.1128749455205,117.27
2025-11-07 21:15:00+01:00,123.01605718848433,109.6
2025-11-07 21:30:00+01:00,123.17135679760098,103.77
2025-11-07 21:45:00+01:00,109.02920404653564,95.97
2025-11-07 22:00:00+01:00,128.44735468987705,107.31
2025-11-07 22:15:00+01:00,119.82463529585532,104.51
2025-11-07 22:30:00+01:00,117.62927953355022,94.99
2025-11-07 22:45:00+01:00,103.85753335107523,86.29
2025-11-07 23:00:00+01:00,126.47391867970644,100.73
2025-11-07 23:15:00+01:00,109.5518746996748,94.99
2025-11-07 23:30:00+01:00,103.68854949331704,88.89
2025-11-07 23:45:00+01:00,95.8215722803603,83.6
2025-11-08 00:00:00+01:00,97.8944549952173,102.32
2025-11-08 00:15:00+01:00,96.19629970895642,101.1
2025-11-08 00:30:00+01:00,92.78849727197922,90.13
2025-11-08 00:45:00+01:00,89.09708989237402,92.57
2025-11-08 01:00:00+01:00,95.15617038423072,100.41
2025-11-08 01:15:00+01:00,90.73674147763634,96.56
2025-11-08 01:30:00+01:00,88.1211661050515,94.99
2025-11-08 01:45:00+01:00,86.11013920931808,93.34
2025-11-08 02:00:00+01:00,91.86378727509444,95.97
2025-11-08 02:15:00+01:00,89.0481487063709,93.29
2025-11-08 02:30:00+01:00,88.9851855857211,93.88
2025-11-08 02:45:00+01:00,88.58218676273177,92.85
2025-11-08 03:00:00+01:00,91.01942822045866,94.76
2025-11-08 03:15:00+01:00,90.1912067080678,94.22
2025-11-08 03:30:00+01:00,92.32375783694329,93.86
2025-11-08 03:45:00+01:00,93.16906052527185,93.05
2025-11-08 04:00:00+01:00,88.9716942578821,93.81
2025-11-08 04:15:00+01:00,91.51809372135104,95.56
2025-11-08 04:30:00+01:00,97.99192980144846,95.82
2025-11-08 04:45:00+01:00,102.02961838017526,94.96
2025-11-08 05:00:00+01:00,88.9463305728711,93.82
2025-11-08 05:15:00+01:00,94.63841606836525,93.65
2025-11-08 05:30:00+01:00,99.92419190293316,94.51
2025-11-08 05:45:00+01:00,108.837297896553,94.8
2025-11-08 06:00:00+01:00,95.90491494216016,87.61
2025-11-08 06:15:00+01:00,108.48313967763512,90.7
2025-11-08 06:30:00+01:00,119.26169298968644,99.57
2025-11-08 06:45:00+01:00,131.67773856440553,103.23
2025-11-08 07:00:00+01:00,124.62474161728412,99.97
2025-11-08 07:15:00+01:00,143.53194714855377,102.67
2025-11-08 07:30:00+01:00,155.66646320247008,106.93
2025-11-08 07:45:00+01:00,140.3539984007423,105.8
2025-11-08 08:00:00+01:00,159.3603268064189,111.07
2025-11-08 08:15:00+01:00,137.62059614631352,108.31
2025-11-08 08:30:00+01:00,127.29820351873312,102.82
2025-11-08 08:45:00+01:00,110.87677253770408,99.8
2025-11-08 09:00:00+01:00,116.96582106879178,111.37
2025-11-08 09:15:00+01:00,110.09060210268512,103.77
2025-11-08 09:30:00+01:00,96.98382706070196,102.14
2025-11-08 09:45:00+01:00,86.38109850759302,97.2
2025-11-08 10:00:00+01:00,103.7877240889523,110.81
2025-11-08 10:15:00+01:00,96.50571056143453,102.83
2025-11-08 10:30:00+01:00,90.33833516355216,99.75
2025-11-08 10:45:00+01:00,86.24373670313459,95.32
2025-11-08 11:00:00+01:00,93.0927603826894,100.05
2025-11-08 11:15:00+01:00,103.59553483036444,97.89
2025-11-08 11:30:00+01:00,95.06884137735216,94.85
2025-11-08 11:45:00+01:00,94.87202017693792,95.0
2025-11-08 12:00:00+01:00,87.05691203624897,99.94
2025-11-08 12:15:00+01:00,88.62692665271835,95.84
2025-11-08 12:30:00+01:00,87.7114172736728,92.59
2025-11-08 12:45:00+01:00,88.48956209444516,92.27
2025-11-08 13:00:00+01:00,86.83119346375521,93.15
2025-11-08 13:15:00+01:00,84.96186217900723,93.59
2025-11-08 13:30:00+01:00,82.37082331635119,96.92
2025-11-08 13:45:00+01:00,88.59361046770829,99.99
2025-11-08 14:00:00+01:00,85.37442680003511,86.33
2025-11-08 14:15:00+01:00,94.37515563045564,97.21
2025-11-08 14:30:00+01:00,102.7270906879182,104.41
2025-11-08 14:45:00+01:00,117.48173193290464,118.22
2025-11-08 15:00:00+01:00,102.70184678120586,95.68
2025-11-08 15:15:00+01:00,120.48422656179852,109.93
2025-11-08 15:30:00+01:00,137.08316158050803,127.0
2025-11-08 15:45:00+01:00,155.99238280091407,137.86
2025-11-08 16:00:00+01:00,92.63376493053148,112.51
2025-11-08 16:15:00+01:00,124.5284512029854,118.6
2025-11-08 16:30:00+01:00,163.543009176463,124.42
2025-11-08 16:45:00+01:00,193.48391121452028,143.01
2025-11-08 17:00:00+01:00,121.60743807695624,123.9
2025-11-08 17:15:00+01:00,144.07653857233876,136.88
2025-11-08 17:30:00+01:00,161.6704272952256,138.04
2025-11-08 17:45:00+01:00,182.14427901872952,140.84
2025-11-08 18:00:00+01:00,166.15257366539726,137.72
2025-11-08 18:15:00+01:00,168.96307755674465,135.99
2025-11-08 18:30:00+01:00,175.82604857140944,136.78
2025-11-08 18:45:00+01:00,192.45893440920764,135.64
2025-11-08 19:00:00+01:00,181.65950580793904,136.15
2025-11-08 19:15:00+01:00,171.18179290084623,133.43
2025-11-08 19:30:00+01:00,148.92345418657015,131.0
2025-11-08 19:45:00+01:00,137.6511644641728,127.34
2025-11-08 20:00:00+01:00,145.51033436020555,132.7
2025-11-08 20:15:00+01:00,130.33536944252594,126.07
2025-11-08 20:30:00+01:00,114.2271971129842,121.83
2025-11-08 20:45:00+01:00,106.01501250041056,111.27
2025-11-08 21:00:00+01:00,126.52165138653456,122.6
2025-11-08 21:15:00+01:00,111.5587185177857,120.04
2025-11-08 21:30:00+01:00,116.2701385289198,108.39
2025-11-08 21:45:00+01:00,99.5560865699779,102.19
2025-11-08 22:00:00+01:00,120.17785554295976,112.3
2025-11-08 22:15:00+01:00,111.53762724815137,107.43
2025-11-08 22:30:00+01:00,110.58795107162167,104.69
2025-11-08 22:45:00+01:00,103.69228646672622,100.62
2025-11-08 23:00:00+01:00,111.8212259906298,104.41
2025-11-08 23:15:00+01:00,102.95847329678207,99.93
2025-11-08 23:30:00+01:00,97.3147665628541,95.0
2025-11-08 23:45:00+01:00,88.67274258894092,88.28
2025-11-09 00:00:00+01:00,99.4648665444154,99.33
2025-11-09 00:15:00+01:00,96.1916584631866,92.43
2025-11-09 00:30:00+01:00,96.49615288077794,97.99
2025-11-09 00:45:00+01:00,92.63091360415758,95.63
2025-11-09 01:00:00+01:00,99.461629013903,100.39
2025-11-09 01:15:00+01:00,94.51651947866247,95.0
2025-11-09 01:30:00+01:00,93.80783623043696,92.42
2025-11-09 01:45:00+01:00,90.24637132621416,90.41
2025-11-09 02:00:00+01:00,99.34346034922451,95.08
2025-11-09 02:15:00+01:00,95.45345990779956,93.77
2025-11-09 02:30:00+01:00,94.4437552352058,92.07
2025-11-09 02:45:00+01:00,93.06262836425746,90.41
2025-11-09 03:00:00+01:00,95.8927930332038,91.52
2025-11-09 03:15:00+01:00,95.6930086248964,90.4
2025-11-09 03:30:00+01:00,97.62644990453234,89.99
2025-11-09 03:45:00+01:00,97.18276157247988,92.62
2025-11-09 04:00:00+01:00,94.41566645195704,90.49
2025-11-09 04:15:00+01:00,95.45536175535076,91.42
2025-11-09 04:30:00+01:00,100.8224709256539,90.98
2025-11-09 04:45:00+01:00,104.7017074548014,93.7
2025-11-09 05:00:00+01:00,89.81950614409168,91.83
2025-11-09 05:15:00+01:00,92.7808112863982,91.3
2025-11-09 05:30:00+01:00,97.54987344924598,93.2
2025-11-09 05:45:00+01:00,100.67447899491734,90.41
2025-11-09 06:00:00+01:00,91.83525782267458,90.18
2025-11-09 06:15:00+01:00,98.11101088114512,89.14
2025-11-09 06:30:00+01:00,110.00359866751354,90.4
2025-11-09 06:45:00+01:00,119.17951392333704,90.03
2025-11-09 07:00:00+01:00,107.5401982399096,89.97
2025-11-09 07:15:00+01:00,126.60784002947618,84.97
2025-11-09 07:30:00+01:00,118.78007268330612,88.56
2025-11-09 07:45:00+01:00,115.45941949980934,90.96
2025-11-09 08:00:00+01:00,121.85574273600496,93.75
2025-11-09 08:15:00+01:00,108.1290327470072,100.09
2025-11-09 08:30:00+01:00,103.40212943691223,98.75
2025-11-09 08:45:00+01:00,97.9568601698006,96.5
2025-11-09 09:00:00+01:00,115.37601516729472,101.01
2025-11-09 09:15:00+01:00,104.87682158037698,98.91
2025-11-09 09:30:00+01:00,95.7788662462437,96.23
2025-11-09 09:45:00+01:00,78.42867994177612,94.32
2025-11-09 10:00:00+01:00,106.68750055521836,99.49
2025-11-09 10:15:00+01:00,93.17860102686396,96.05
2025-11-09 10:30:00+01:00,88.23591320181717,97.19
2025-11-09 10:45:00+01:00,74.75103314546553,95.4
2025-11-09 11:00:00+01:00,98.17274570486109,99.69
2025-11-09 11:15:00+01:00,92.04551194381136,98.45
2025-11-09 11:30:00+01:00,85.82462544741671,96.33
2025-11-09 11:45:00+01:00,83.85532933467064,94.75
2025-11-09 12:00:00+01:00,83.0306113214343,98.79
2025-11-09 12:15:00+01:00,76.89392907692734,97.63
2025-11-09 12:30:00+01:00,73.31417527539378,96.69
2025-11-09 12:45:00+01:00,73.80991217620709,98.24
2025-11-09 13:00:00+01:00,73.62593365799734,99.38
2025-11-09 13:15:00+01:00,72.68408705491406,98.78
2025-11-09 13:30:00+01:00,77.11672484854323,93.88
2025-11-09 13:45:00+01:00,80.07016029069932,93.57
2025-11-09 14:00:00+01:00,73.4661318386834,93.93
2025-11-09 14:15:00+01:00,82.14431737207275,93.71
2025-11-09 14:30:00+01:00,89.74321357145098,98.58
2025-11-09 14:45:00+01:00,100.21712151218844,103.04
2025-11-09 15:00:00+01:00,72.84899018124008,89.97
2025-11-09 15:15:00+01:00,94.4445311002973,97.24
2025-11-09 15:30:00+01:00,114.0724601856416,99.87
2025-11-09 15:45:00+01:00,134.99270287562865,104.1
2025-11-09 16:00:00+01:00,74.87522193903142,102.66
2025-11-09 16:15:00+01:00,100.64303008273264,109.6
2025-11-09 16:30:00+01:00,152.62995296442062,112.63
2025-11-09 16:45:00+01:00,186.1130913453346,114.5
2025-11-09 17:00:00+01:00,101.89993379601177,112.92
2025-11-09 17:15:00+01:00,124.00988687154408,124.24
2025-11-09 17:30:00+01:00,153.0946802113917,130.73
2025-11-09 17:45:00+01:00,173.66565038886392,132.51
2025-11-09 18:00:00+01:00,141.3194371649351,125.56
2025-11-09 18:15:00+01:00,154.23675797855284,127.51
2025-11-09 18:30:00+01:00,162.9729340301234,126.71
2025-11-09 18:45:00+01:00,173.67650128284964,124.62
2025-11-09 19:00:00+01:00,168.94500423757418,122.09
2025-11-09 19:15:00+01:00,151.33907690169306,121.36
2025-11-09 19:30:00+01:00,134.5974738131649,114.5
2025-11-09 19:45:00+01:00,133.16727151088645,113.87
2025-11-09 20:00:00+01:00,141.12561738223658,115.16
2025-11-09 20:15:00+01:00,122.20566182985836,116.18
2025-11-09 20:30:00+01:00,112.80632801404258,102.88
2025-11-09 20:45:00+01:00,100.7553428259771,89.78
2025-11-09 21:00:00+01:00,119.25635073210913,102.84
2025-11-09 21:15:00+01:00,104.26405066497568,89.97
2025-11-09 21:30:00+01:00,106.20629537101247,93.05
2025-11-09 21:45:00+01:00,95.23223510150048,88.29
2025-11-09 22:00:00+01:00,110.33289783517962,102.83
2025-11-09 22:15:00+01:00,104.80484440602376,93.83
2025-11-09 22:30:00+01:00,101.49212417483858,89.5
2025-11-09 22:45:00+01:00,91.6525587592467,83.1
2025-11-09 23:00:00+01:00,100.39257507898084,95.11
2025-11-09 23:15:00+01:00,95.41594483825509,89.53
2025-11-09 23:30:00+01:00,89.29369082695096,89.49
2025-11-09 23:45:00+01:00,83.38862583715795,85.59
2025-11-10 00:00:00+01:00,93.70791752831146,92.38
2025-11-10 00:15:00+01:00,89.25249543069211,89.98
2025-11-10 00:30:00+01:00,88.01263346461609,87.4
2025-11-10 00:45:00+01:00,84.45505655293348,86.16
2025-11-10 01:00:00+01:00,88.74759983139238,88.71
2025-11-10 01:15:00+01:00,85.64626446349372,88.46
2025-11-10 01:30:00+01:00,86.39800828906463,86.43
2025-11-10 01:45:00+01:00,85.05022611518865,86.94
2025-11-10 02:00:00+01:00,86.67224043746069,90.65
2025-11-10 02:15:00+01:00,85.71883524176368,89.6
2025-11-10 02:30:00+01:00,85.23235218148875,88.25
2025-11-10 02:45:00+01:00,85.16352742419672,87.11
2025-11-10 03:00:00+01:00,85.87044917187804,88.17
2025-11-10 03:15:00+01:00,84.40325878616594,87.27
2025-11-10 03:30:00+01:00,86.15744303419548,87.63
2025-11-10 03:45:00+01:00,89.2344338022681,87.02
2025-11-10 04:00:00+01:00,86.00933427166547,85.32
2025-11-10 04:15:00+01:00,87.46996573614656,85.05
2025-11-10 04:30:00+01:00,91.77640041339792,87.02
2025-11-10 04:45:00+01:00,95.73942529641552,91.32
2025-11-10 05:00:00+01:00,88.26540982442324,86.07
2025-11-10 05:15:00+01:00,96.30540378218691,86.54
2025-11-10 05:30:00+01:00,102.2829067478714,94.57
2025-11-10 05:45:00+01:00,111.93912103884767,102.07
2025-11-10 06:00:00+01:00,99.16882980318935,88.27
2025-11-10 06:15:00+01:00,122.53880561732686,103.37
2025-11-10 06:30:00+01:00,139.9164983216076,122.25
2025-11-10 06:45:00+01:00,161.53144595192697,139.92
2025-11-10 07:00:00+01:00,141.6016446415736,125.13
2025-11-10 07:15:00+01:00,171.2293355027941,140.93
2025-11-10 07:30:00+01:00,162.51713724908464,149.45
2025-11-10 07:45:00+01:00,153.2308784935314,156.47
2025-11-10 08:00:00+01:00,200.9937111357304,176.4
2025-11-10 08:15:00+01:00,169.4267150984977,159.14
2025-11-10 08:30:00+01:00,151.79456383072653,156.15
2025-11-10 08:45:00+01:00,121.46295919184448,139.81
2025-11-10 09:00:00+01:00,161.66929084547354,175.95
2025-11-10 09:15:00+01:00,136.37170338413,146.07
2025-11-10 09:30:00+01:00,111.1739127116291,132.6
2025-11-10 09:45:00+01:00,104.5991165551268,122.57
2025-11-10 10:00:00+01:00,119.7749578896326,145.7
2025-11-10 10:15:00+01:00,99.29510849554056,127.54
2025-11-10 10:30:00+01:00,92.61984111597069,123.34
2025-11-10 10:45:00+01:00,90.13507504749587,108.51
2025-11-10 11:00:00+01:00,151.199651561171,122.57
2025-11-10 11:15:00+01:00,144.4432749719784,117.76
2025-11-10 11:30:00+01:00,126.54244253379083,111.81
2025-11-10 11:45:00+01:00,121.96086256739852,108.84
2025-11-10 12:00:00+01:00,112.55423496406698,109.43
2025-11-10 12:15:00+01:00,96.52471855667775,107.39
2025-11-10 12:30:00+01:00,97.7163027758437,102.83
2025-11-10 12:45:00+01:00,100.90795132967996,104.04
2025-11-10 13:00:00+01:00,102.97484554927254,107.91
2025-11-10 13:15:00+01:00,109.5364729606037,107.08
2025-11-10 13:30:00+01:00,115.0203202762888,105.47
2025-11-10 13:45:00+01:00,117.41684446187452,113.18
2025-11-10 14:00:00+01:00,100.71930757481373,102.38
2025-11-10 14:15:00+01:00,115.9126333644059,104.13
2025-11-10 14:30:00+01:00,119.0709166721982,118.62
2025-11-10 14:45:00+01:00,150.4138728384425,137.13
2025-11-10 15:00:00+01:00,107.4578167839021,102.85
2025-11-10 15:15:00+01:00,126.94499371723036,110.52
2025-11-10 15:30:00+01:00,131.04208589633532,128.94
2025-11-10 15:45:00+01:00,159.6129676633289,162.7
2025-11-10 16:00:00+01:00,108.2743156671843,125.11
2025-11-10 16:15:00+01:00,128.49328350798388,129.52
2025-11-10 16:30:00+01:00,150.57217262379444,131.96
2025-11-10 16:45:00+01:00,181.62382513556628,146.83
2025-11-10 17:00:00+01:00,134.00657934111652,146.44
2025-11-10 17:15:00+01:00,146.10989726788858,146.3
2025-11-10 17:30:00+01:00,139.73101301982086,136.77
2025-11-10 17:45:00+01:00,151.79667800065488,128.1
2025-11-10 18:00:00+01:00,158.27859873444424,154.37
2025-11-10 18:15:00+01:00,143.5708277150322,130.56
2025-11-10 18:30:00+01:00,146.8450759606456,103.39
2025-11-10 18:45:00+01:00,141.48833512269135,94.58
2025-11-10 19:00:00+01:00,137.2994861990952,133.08
2025-11-10 19:15:00+01:00,138.14655939622105,102.11
2025-11-10 19:30:00+01:00,126.86957303417252,90.58
2025-11-10 19:45:00+01:00,121.16164992365437,88.88
2025-11-10 20:00:00+01:00,125.03504858284028,89.7
2025-11-10 20:15:00+01:00,109.11749139680948,96.4
2025-11-10 20:30:00+01:00,108.64481589134478,88.44
2025-11-10 20:45:00+01:00,98.61643997888994,85.9
2025-11-10 21:00:00+01:00,106.36564727297876,94.0
2025-11-10 21:15:00+01:00,96.49831230404138,87.63
2025-11-10 21:30:00+01:00,94.6810677351208,88.63
2025-11-10 21:45:00+01:00,83.65387183359594,85.69
2025-11-10 22:00:00+01:00,96.0473775543775,92.18
2025-11-10 22:15:00+01:00,90.99851408386344,89.59
2025-11-10 22:30:00+01:00,88.42236036497086,85.9
2025-11-10 22:45:00+01:00,80.2301951357761,85.9
2025-11-10 23:00:00+01:00,90.86379719097629,92.91
2025-11-10 23:15:00+01:00,81.82734320227961,85.62
2025-11-10 23:30:00+01:00,77.4690572246873,81.24
2025-11-10 23:45:00+01:00,70.87510821054931,75.71
2025-11-11 00:00:00+01:00,82.64733129578262,89.65
2025-11-11 00:15:00+01:00,76.20429975366442,86.47
2025-11-11 00:30:00+01:00,81.41104098887634,78.38
2025-11-11 00:45:00+01:00,72.69411790418695,78.26
2025-11-11 01:00:00+01:00,79.18479502699577,88.86
2025-11-11 01:15:00+01:00,76.29927722945112,80.93
2025-11-11 01:30:00+01:00,75.76806395702029,76.54
2025-11-11 01:45:00+01:00,72.23213619872303,73.6
2025-11-11 02:00:00+01:00,76.27391058311716,77.65
2025-11-11 02:15:00+01:00,72.08957861042366,76.9
2025-11-11 02:30:00+01:00,72.60801383453204,74.5
2025-11-11 02:45:00+01:00,69.97950390678233,74.16
2025-11-11 03:00:00+01:00,72.31190202042242,73.04
2025-11-11 03:15:00+01:00,70.36174472163256,75.86
2025-11-11 03:30:00+01:00,70.64332211836785,76.4
2025-11-11 03:45:00+01:00,72.86946183130874,74.18
2025-11-11 04:00:00+01:00,72.15558283896512,73.51
2025-11-11 04:15:00+01:00,72.29348694094422,75.37
2025-11-11 04:30:00+01:00,76.30750160505804,75.94
2025-11-11 04:45:00+01:00,77.8071536043385,77.16
2025-11-11 05:00:00+01:00,74.38154929568617,70.72
2025-11-11 05:15:00+01:00,79.87317972346679,76.63
2025-11-11 05:30:00+01:00,83.83817699253844,76.92
2025-11-11 05:45:00+01:00,90.44596198768484,84.02
2025-11-11 06:00:00+01:00,77.6739675219915,74.61
2025-11-11 06:15:00+01:00,98.71052125090408,77.76
2025-11-11 06:30:00+01:00,100.02446296302664,88.88
2025-11-11 06:45:00+01:00,111.82288838130738,105.9
2025-11-11 07:00:00+01:00,115.86970499471894,97.03
2025-11-11 07:15:00+01:00,132.2173877919628,103.94
2025-11-11 07:30:00+01:00,133.5960759245097,109.38
2025-11-11 07:45:00+01:00,120.14658283580236,110.49
2025-11-11 08:00:00+01:00,157.30421020687555,119.64
2025-11-11 08:15:00+01:00,132.16311851214343,115.42
2025-11-11 08:30:00+01:00,112.88432983303515,113.56
2025-11-11 08:45:00+01:00,95.96282773724766,106.57
2025-11-11 09:00:00+01:00,113.23047317685682,115.76
2025-11-11 09:15:00+01:00,98.73250924322764,98.64
2025-11-11 09:30:00+01:00,85.20011893473072,103.62
2025-11-11 09:45:00+01:00,77.52787750921185,94.44
2025-11-11 10:00:00+01:00,98.1846595570998,106.39
2025-11-11 10:15:00+01:00,82.1043933824856,90.83
2025-11-11 10:30:00+01:00,76.36112108062942,85.99
2025-11-11 10:45:00+01:00,68.98044868088802,82.68
2025-11-11 11:00:00+01:00,90.00554133498356,93.08
2025-11-11 11:15:00+01:00,72.9719220539843,88.87
2025-11-11 11:30:00+01:00,59.70416229627007,85.91
2025-11-11 11:45:00+01:00,53.83904706124696,83.83
2025-11-11 12:00:00+01:00,60.73841414841821,85.41
2025-11-11 12:15:00+01:00,56.70282999565599,83.58
2025-11-11 12:30:00+01:00,63.16124400139506,85.29
2025-11-11 12:45:00+01:00,64.41118177739425,92.36
2025-11-11 13:00:00+01:00,64.30210795661795,84.06
2025-11-11 13:15:00+01:00,68.8668425665389,86.7
2025-11-11 13:30:00+01:00,74.86396821730868,90.43
2025-11-11 13:45:00+01:00,78.98835741460304,98.53
2025-11-11 14:00:00+01:00,63.75157840880444,87.43
2025-11-11 14:15:00+01:00,71.57970066185624,94.24
2025-11-11 14:30:00+01:00,92.1120501740564,104.77
2025-11-11 14:45:00+01:00,107.94645793286033,118.5
2025-11-11 15:00:00+01:00,59.255143434686794,97.75
2025-11-11 15:15:00+01:00,92.7106363356628,117.05
2025-11-11 15:30:00+01:00,114.13999209915843,136.58
2025-11-11 15:45:00+01:00,133.97305207924805,145.72
2025-11-11 16:00:00+01:00,91.55779980244998,128.59
2025-11-11 16:15:00+01:00,103.71579483323248,141.12
2025-11-11 16:30:00+01:00,139.28161960334285,148.68
2025-11-11 16:45:00+01:00,179.04879701299197,153.9
2025-11-11 17:00:00+01:00,109.8920784720054,147.63
2025-11-11 17:15:00+01:00,124.76784832398089,149.49
2025-11-11 17:30:00+01:00,139.01959523075277,143.6
2025-11-11 17:45:00+01:00,144.01397331921348,132.31
2025-11-11 18:00:00+01:00,143.29295003532758,137.35
2025-11-11 18:15:00+01:00,136.86774797727372,122.31
2025-11-11 18:30:00+01:00,133.60302139607157,107.44
2025-11-11 18:45:00+01:00,128.56152863293926,92.89
2025-11-11 19:00:00+01:00,139.08897979518375,112.69
2025-11-11 19:15:00+01:00,129.7757882293941,96.44
2025-11-11 19:30:00+01:00,114.15005889287704,105.18
2025-11-11 19:45:00+01:00,110.85470176140782,105.82
2025-11-11 20:00:00+01:00,122.78811419943172,106.87
2025-11-11 20:15:00+01:00,112.03443391944276,103.73
2025-11-11 20:30:00+01:00,100.98612677094874,96.9
2025-11-11 20:45:00+01:00,97.24733223360288,85.2
2025-11-11 21:00:00+01:00,106.51110710484554,106.94
2025-11-11 21:15:00+01:00,95.25469795303552,96.91
2025-11-11 21:30:00+01:00,98.64395491286072,94.43
2025-11-11 21:45:00+01:00,76.72230044156949,87.25
2025-11-11 22:00:00+01:00,93.62048155587752,116.38
2025-11-11 22:15:00+01:00,90.31420499938902,94.56
2025-11-11 22:30:00+01:00,92.60221790682264,85.91
2025-11-11 22:45:00+01:00,80.22232395443136,71.39
2025-11-11 23:00:00+01:00,87.28951318588356,89.78
2025-11-11 23:15:00+01:00,83.99721448602074,79.84
2025-11-11 23:30:00+01:00,80.86023369442051,74.29
2025-11-11 23:45:00+01:00,70.3383143624438,58.09
2025-11-12 00:00:00+01:00,83.29576762589849,88.54
2025-11-12 00:15:00+01:00,79.0960540021311,76.66
2025-11-12 00:30:00+01:00,76.78149835275367,68.23
2025-11-12 00:45:00+01:00,69.8873086486819,66.48
2025-11-12 01:00:00+01:00,79.33299598204766,76.38
2025-11-12 01:15:00+01:00,72.68730889660971,69.06
2025-11-12 01:30:00+01:00,70.87224203272005,62.55
2025-11-12 01:45:00+01:00,68.88185830941178,65.27
2025-11-12 02:00:00+01:00,72.3279527976361,65.4
2025-11-12 02:15:00+01:00,71.73813845756682,64.06
2025-11-12 02:30:00+01:00,69.827186222075,67.0
2025-11-12 02:45:00+01:00,69.42250923562096,61.18
2025-11-12 03:00:00+01:00,72.47074362969715,65.51
2025-11-12 03:15:00+01:00,69.3036513434028,62.12
2025-11-12 03:30:00+01:00,69.80714732406761,60.97
2025-11-12 03:45:00+01:00,67.81386065632465,61.0
2025-11-12 04:00:00+01:00,67.1319623777239,60.89
2025-11-12 04:15:00+01:00,67.49432047987703,63.22
2025-11-12 04:30:00+01:00,73.8361387833616,63.78
2025-11-12 04:45:00+01:00,75.68590405212427,61.31
2025-11-12 05:00:00+01:00,69.8625272377512,63.99
2025-11-12 05:15:00+01:00,76.32196984308767,66.28
2025-11-12 05:30:00+01:00,83.85754959632172,74.12
2025-11-12 05:45:00+01:00,89.53050277844807,72.81
2025-11-12 06:00:00+01:00,82.13677949245277,59.39
2025-11-12 06:15:00+01:00,88.53780037083268,77.21
2025-11-12 06:30:00+01:00,85.4467802806661,76.4
2025-11-12 06:45:00+01:00,111.23028445530858,94.99
2025-11-12 07:00:00+01:00,123.53474595996452,105.94
2025-11-12 07:15:00+01:00,136.57318620481948,107.55
2025-11-12 07:30:00+01:00,114.43957949883703,110.46
2025-11-12 07:45:00+01:00,100.78536809273533,105.09
2025-11-12 08:00:00+01:00,125.11015169320088,134.39
2025-11-12 08:15:00+01:00,119.53484712808776,109.73
2025-11-12 08:30:00+01:00,108.06226712704596,103.55
2025-11-12 08:45:00+01:00,96.31801457296622,55.22
2025-11-12 09:00:00+01:00,98.42133358968184,107.02
2025-11-12 09:15:00+01:00,97.73033768176415,83.19
2025-11-12 09:30:00+01:00,89.51905569810711,71.36
2025-11-12 09:45:00+01:00,85.12351419120903,50.88
2025-11-12 10:00:00+01:00,84.75223466102565,88.59
2025-11-12 10:15:00+01:00,82.75220098234503,72.2
2025-11-12 10:30:00+01:00,79.03716851935185,70.99
2025-11-12 10:45:00+01:00,77.61296556126291,54.33
2025-11-12 11:00:00+01:00,74.73643246102853,72.22
2025-11-12 11:15:00+01:00,71.50556550970578,58.88
2025-11-12 11:30:00+01:00,70.38867132043346,55.06
2025-11-12 11:45:00+01:00,72.7985231147737,53.86
2025-11-12 12:00:00+01:00,53.55532507335662,52.5
2025-11-12 12:15:00+01:00,60.012480902677005,54.12
2025-11-12 12:30:00+01:00,64.16807257710943,58.91
2025-11-12 12:45:00+01:00,72.79417638774918,71.01
2025-11-12 13:00:00+01:00,64.98674814580632,53.0
2025-11-12 13:15:00+01:00,69.16490148357313,64.83
2025-11-12 13:30:00+01:00,80.50152285167812,83.87
2025-11-12 13:45:00+01:00,83.47568039112673,93.37
2025-11-12 14:00:00+01:00,74.79777900874977,61.48
2025-11-12 14:15:00+01:00,84.10850798328018,57.24
2025-11-12 14:30:00+01:00,92.30936704723597,80.0
2025-11-12 14:45:00+01:00,105.7949017594386,122.98
2025-11-12 15:00:00+01:00,85.32946459342442,65.85
2025-11-12 15:15:00+01:00,99.54270343830096,92.64
2025-11-12 15:30:00+01:00,116.55388957953386,127.0
2025-11-12 15:45:00+01:00,139.8219321737509,134.39
2025-11-12 16:00:00+01:00,142.68622809460558,100.0
2025-11-12 16:15:00+01:00,156.7071427824048,114.0
2025-11-12 16:30:00+01:00,143.84432675148025,116.0
2025-11-12 16:45:00+01:00,163.3973512727224,124.5
2025-11-12 17:00:00+01:00,145.0372679538771,117.21
2025-11-12 17:15:00+01:00,146.01176460324675,115.99
2025-11-12 17:30:00+01:00,130.13483273103097,119.0
2025-11-12 17:45:00+01:00,112.65087380785116,109.38
2025-11-12 18:00:00+01:00,143.23203870317727,115.99
2025-11-12 18:15:00+01:00,122.61325286131016,109.9
2025-11-12 18:30:00+01:00,99.02378874188229,99.05
2025-11-12 18:45:00+01:00,68.10125652504942,94.53
2025-11-12 19:00:00+01:00,86.44186020983814,99.35
2025-11-12 19:15:00+01:00,74.38200140583979,87.42
2025-11-12 19:30:00+01:00,69.1345921887786,87.21
2025-11-12 19:45:00+01:00,84.90525943431071,81.73
2025-11-12 20:00:00+01:00,75.48781145923617,85.5
2025-11-12 20:15:00+01:00,81.27370089528986,84.81
2025-11-12 20:30:00+01:00,81.06151060357772,86.03
2025-11-12 20:45:00+01:00,84.87148332788111,67.44
2025-11-12 21:00:00+01:00,96.32210233949618,106.53
2025-11-12 21:15:00+01:00,87.38010724393422,86.02
2025-11-12 21:30:00+01:00,84.60732152644202,63.0
2025-11-12 21:45:00+01:00,73.58792365331081,52.07
2025-11-12 22:00:00+01:00,90.80104354699682,102.13
2025-11-12 22:15:00+01:00,80.29083791873417,79.43
2025-11-12 22:30:00+01:00,77.17538488031413,64.63
2025-11-12 22:45:00+01:00,72.11880581183934,55.99
2025-11-12 23:00:00+01:00,80.71682284052622,73.57
2025-11-12 23:15:00+01:00,77.2148180078714,64.53
2025-11-12 23:30:00+01:00,75.07903753144359,51.41
2025-11-12 23:45:00+01:00,66.49382038577602,38.23
2025-11-13 00:00:00+01:00,74.83759120744445,44.57
2025-11-13 00:15:00+01:00,65.58216946227387,36.24
2025-11-13 00:30:00+01:00,64.66053223409824,30.88
2025-11-13 00:45:00+01:00,57.169867555045826,19.98
2025-11-13 01:00:00+01:00,66.46832127158284,25.37
2025-11-13 01:15:00+01:00,60.39637004888111,19.03
2025-11-13 01:30:00+01:00,57.273606152060545,17.26
2025-11-13 01:45:00+01:00,53.34253311834375,14.23
2025-11-13 02:00:00+01:00,58.46298188758868,14.2
2025-11-13 02:15:00+01:00,56.57328631251875,13.36
2025-11-13 02:30:00+01:00,57.08960158272435,9.25
2025-11-13 02:45:00+01:00,55.83931807068156,7.94
2025-11-13 03:00:00+01:00,58.05256437187656,8.57
2025-11-13 03:15:00+01:00,57.844355861479315,8.09
2025-11-13 03:30:00+01:00,59.71680210714819,7.91
2025-11-13 03:45:00+01:00,56.250132962055496,6.55
2025-11-13 04:00:00+01:00,54.85755501690757,5.64
2025-11-13 04:15:00+01:00,56.11473634342891,5.63
2025-11-13 04:30:00+01:00,63.898235685627824,5.63
2025-11-13 04:45:00+01:00,64.84922758674608,7.1
2025-11-13 05:00:00+01:00,58.5923357441246,9.18
2025-11-13 05:15:00+01:00,68.20373409718385,15.63
2025-11-13 05:30:00+01:00,77.01109237940823,32.1
2025-11-13 05:45:00+01:00,86.03661221549159,46.98
2025-11-13 06:00:00+01:00,36.473656281492445,33.77
2025-11-13 06:15:00+01:00,78.45123830933957,54.99
2025-11-13 06:30:00+01:00,72.58776771371711,57.17
2025-11-13 06:45:00+01:00,106.02844032242594,57.61
2025-11-13 07:00:00+01:00,103.03598014098354,56.18
2025-11-13 07:15:00+01:00,116.29514388445624,85.02
2025-11-13 07:30:00+01:00,98.6768033965488,86.11
2025-11-13 07:45:00+01:00,90.02931250471501,80.07
2025-11-13 08:00:00+01:00,113.84589531559466,85.29
2025-11-13 08:15:00+01:00,106.90722716305063,67.91
2025-11-13 08:30:00+01:00,98.74087025438246,51.65
2025-11-13 08:45:00+01:00,81.93195007478639,59.48
2025-11-13 09:00:00+01:00,104.82048051757891,58.79
2025-11-13 09:15:00+01:00,96.5573285736147,56.76
2025-11-13 09:30:00+01:00,86.08000558906157,50.6
2025-11-13 09:45:00+01:00,78.0464381274445,48.29
2025-11-13 10:00:00+01:00,87.33590798949226,58.51
2025-11-13 10:15:00+01:00,83.18577135413925,50.4
2025-11-13 10:30:00+01:00,73.61526778785644,47.59
2025-11-13 10:45:00+01:00,74.34007843782649,44.79
2025-11-13 11:00:00+01:00,86.50941083031641,47.25
2025-11-13 11:15:00+01:00,70.45317289672307,36.95
2025-11-13 11:30:00+01:00,68.42730578072035,40.07
2025-11-13 11:45:00+01:00,69.4401322566643,47.57
2025-11-13 12:00:00+01:00,60.44635907562866,42.05
2025-11-13 12:15:00+01:00,65.4087855485988,46.86
2025-11-13 12:30:00+01:00,75.90676225868224,51.23
2025-11-13 12:45:00+01:00,82.74552159674747,52.22
2025-11-13 13:00:00+01:00,74.84854325539776,50.41
2025-11-13 13:15:00+01:00,82.99144658345404,52.21
2025-11-13 13:30:00+01:00,88.6832121598994,68.01
2025-11-13 13:45:00+01:00,91.98992935556066,71.66
2025-11-13 14:00:00+01:00,79.13163561874944,48.49
2025-11-13 14:15:00+01:00,100.16358554405134,64.37
2025-11-13 14:30:00+01:00,107.73374854680256,80.27
2025-11-13 14:45:00+01:00,127.58681601393047,116.21
2025-11-13 15:00:00+01:00,88.82101700120914,66.94
2025-11-13 15:15:00+01:00,109.92531633468178,85.44
2025-11-13 15:30:00+01:00,124.2820006667174,118.21
2025-11-13 15:45:00+01:00,152.62122652998298,136.07
2025-11-13 16:00:00+01:00,108.54172882627752,75.35
2025-11-13 16:15:00+01:00,137.68012175163125,118.17
2025-11-13 16:30:00+01:00,156.48709389249245,129.6
2025-11-13 16:45:00+01:00,204.98718688443552,122.93
2025-11-13 17:00:00+01:00,140.49688307267175,114.95
2025-11-13 17:15:00+01:00,164.7821511222353,128.49
2025-11-13 17:30:00+01:00,191.71791662107495,134.41
2025-11-13 17:45:00+01:00,191.6144452439016,142.55
2025-11-13 18:00:00+01:00,165.72672846341015,125.67
2025-11-13 18:15:00+01:00,133.72357461632703,128.47
2025-11-13 18:30:00+01:00,148.11315423771296,134.35
2025-11-13 18:45:00+01:00,153.26351643916516,138.72
2025-11-13 19:00:00+01:00,143.17529977714926,132.32
2025-11-13 19:15:00+01:00,136.39504979822584,130.57
2025-11-13 19:30:00+01:00,133.00533751163363,130.15
2025-11-13 19:45:00+01:00,133.1451001366982,126.51
2025-11-13 20:00:00+01:00,132.31573761953058,122.99
2025-11-13 20:15:00+01:00,122.81040450287996,107.94
2025-11-13 20:30:00+01:00,120.86613601050875,102.16
2025-11-13 20:45:00+01:00,111.40371100535444,114.29
2025-11-13 21:00:00+01:00,127.96938971509812,131.32
2025-11-13 21:15:00+01:00,117.75664702082544,123.82
2025-11-13 21:30:00+01:00,107.66726969069204,111.33
2025-11-13 21:45:00+01:00,101.27265810707983,99.96
2025-11-13 22:00:00+01:00,121.47117403066312,127.32
2025-11-13 22:15:00+01:00,117.40644059300084,114.18
2025-11-13 22:30:00+01:00,110.07296776588664,103.83
2025-11-13 22:45:00+01:00,108.92875910527071,97.01
2025-11-13 23:00:00+01:00,124.0382051180863,117.09
2025-11-13 23:15:00+01:00,113.08575094960038,109.52
2025-11-13 23:30:00+01:00,100.47557274757156,100.01
2025-11-13 23:45:00+01:00,93.6593404574828,84.47
2025-11-14 00:00:00+01:00,108.39391909276183,97.96
2025-11-14 00:15:00+01:00,102.79363971126637,94.94
2025-11-14 00:30:00+01:00,99.9634075410061,101.3
2025-11-14 00:45:00+01:00,94.99187500312108,99.57
2025-11-14 01:00:00+01:00,101.03776793462806,96.96
2025-11-14 01:15:00+01:00,98.67399658100224,91.72
2025-11-14 01:30:00+01:00,96.02250592941388,98.89
2025-11-14 01:45:00+01:00,94.49965260494186,95.64
2025-11-14 02:00:00+01:00,98.91108817583049,98.65
2025-11-14 02:15:00+01:00,95.6204191387248,97.3
2025-11-14 02:30:00+01:00,95.65400528847351,97.09
2025-11-14 02:45:00+01:00,94.35028903264626,86.69
2025-11-14 03:00:00+01:00,95.01943746508688,90.79
2025-11-14 03:15:00+01:00,94.8505689631162,89.83
2025-11-14 03:30:00+01:00,95.23984791357812,90.62
2025-11-14 03:45:00+01:00,95.50396612746536,94.88
2025-11-14 04:00:00+01:00,93.18261585145676,88.83
2025-11-14 04:15:00+01:00,94.3653672390952,90.07
2025-11-14 04:30:00+01:00,99.65599051160102,93.05
2025-11-14 04:45:00+01:00,104.86198285275292,96.57
2025-11-14 05:00:00+01:00,91.65858049798788,95.69
2025-11-14 05:15:00+01:00,96.56403636195364,92.08
2025-11-14 05:30:00+01:00,102.23617939152253,86.08
2025-11-14 05:45:00+01:00,108.42622418276748,92.56
2025-11-14 06:00:00+01:00,107.59920601109796,97.64
2025-11-14 06:15:00+01:00,125.65077854732712,113.1
2025-11-14 06:30:00+01:00,143.10291572108713,112.87
2025-11-14 06:45:00+01:00,146.55436894595852,127.5
2025-11-14 07:00:00+01:00,171.6675989683128,131.0
2025-11-14 07:15:00+01:00,169.7267536658735,140.0
2025-11-14 07:30:00+01:00,204.75916624584855,139.99
2025-11-14 07:45:00+01:00,184.5073057386823,142.4
2025-11-14 08:00:00+01:00,210.06842375889616,153.68
2025-11-14 08:15:00+01:00,186.3571699326678,140.31
2025-11-14 08:30:00+01:00,147.84634199760944,132.54
2025-11-14 08:45:00+01:00,115.16487317528754,119.01
2025-11-14 09:00:00+01:00,136.1751306224437,134.74
2025-11-14 09:15:00+01:00,127.15209617223324,121.93
2025-11-14 09:30:00+01:00,106.99241890687026,119.9
2025-11-14 09:45:00+01:00,85.70424423181768,107.04
2025-11-14 10:00:00+01:00,118.93040620194512,122.8
2025-11-14 10:15:00+01:00,114.5076919915706,115.64
2025-11-14 10:30:00+01:00,109.57600410817568,106.17
2025-11-14 10:45:00+01:00,97.17562434801644,103.5
2025-11-14 11:00:00+01:00,102.96668205886527,110.37
2025-11-14 11:15:00+01:00,92.78714417907904,106.29
2025-11-14 11:30:00+01:00,86.9923873428318,105.23
2025-11-14 11:45:00+01:00,92.37653841144046,102.25
2025-11-14 12:00:00+01:00,105.87586700969835,102.1
2025-11-14 12:15:00+01:00,101.23961444480932,100.0
2025-11-14 12:30:00+01:00,101.69071795161472,99.55
2025-11-14 12:45:00+01:00,108.22968388689264,103.25
2025-11-14 13:00:00+01:00,106.88003521955808,102.19
2025-11-14 13:15:00+01:00,106.72747131913955,101.52
2025-11-14 13:30:00+01:00,112.81122905252946,105.28
2025-11-14 13:45:00+01:00,126.64035814178315,112.7
2025-11-14 14:00:00+01:00,87.1453467402593,103.69
2025-11-14 14:15:00+01:00,115.48485355578208,110.7
2025-11-14 14:30:00+01:00,124.3445322101358,101.27
2025-11-14 14:45:00+01:00,138.55857391506112,112.59
2025-11-14 15:00:00+01:00,118.08391251646154,112.71
2025-11-14 15:15:00+01:00,126.44011219671428,107.77
2025-11-14 15:30:00+01:00,148.38147578449335,117.26
2025-11-14 15:45:00+01:00,158.0349212655197,123.83
2025-11-14 16:00:00+01:00,137.01559377695196,117.04
2025-11-14 16:15:00+01:00,145.3111367113132,124.91
2025-11-14 16:30:00+01:00,145.75174184496623,106.9
2025-11-14 16:45:00+01:00,160.6642670081059,115.01
2025-11-14 17:00:00+01:00,132.71094552003643,135.55
2025-11-14 17:15:00+01:00,131.96777199077349,134.26
2025-11-14 17:30:00+01:00,141.84261710634837,130.94
2025-11-14 17:45:00+01:00,146.19126700002656,125.53
2025-11-14 18:00:00+01:00,138.42215167836818,121.17
2025-11-14 18:15:00+01:00,141.4010422632887,106.01
2025-11-14 18:30:00+01:00,133.9324104683534,117.06
2025-11-14 18:45:00+01:00,134.94277643900654,135.0
2025-11-14 19:00:00+01:00,145.29274489613752,124.96
2025-11-14 19:15:00+01:00,131.48279779227076,102.29
2025-11-14 19:30:00+01:00,121.1255178242868,100.0
2025-11-14 19:45:00+01:00,128.09476548342812,98.71
2025-11-14 20:00:00+01:00,105.59452555608902,101.25
2025-11-14 20:15:00+01:00,96.84244551324784,94.69
2025-11-14 20:30:00+01:00,103.35891775731304,98.42
2025-11-14 20:45:00+01:00,90.77123256630998,101.3
2025-11-14 21:00:00+01:00,102.92381315183366,102.7
2025-11-14 21:15:00+01:00,83.13288643451266,89.06
2025-11-14 21:30:00+01:00,79.49535947640749,92.94
2025-11-14 21:45:00+01:00,67.13510403902308,87.95
2025-11-14 22:00:00+01:00,88.63125428758754,103.2
2025-11-14 22:15:00+01:00,64.34969775059322,101.22
2025-11-14 22:30:00+01:00,71.67537286960356,99.72
2025-11-14 22:45:00+01:00,71.80835543379467,83.92
2025-11-14 23:00:00+01:00,90.34458405157424,98.68
2025-11-14 23:15:00+01:00,81.30819419819171,85.12
2025-11-14 23:30:00+01:00,70.86338912620246,72.97
2025-11-14 23:45:00+01:00,55.395660434629505,57.83
2025-11-15 00:00:00+01:00,87.00310128284538,85.67
2025-11-15 00:15:00+01:00,80.15808853355352,78.99
2025-11-15 00:30:00+01:00,73.5863332872552,78.58
2025-11-15 00:45:00+01:00,67.03014799002949,66.27
2025-11-15 01:00:00+01:00,78.42445241369202,83.9
2025-11-15 01:15:00+01:00,72.11704558974205,81.59
2025-11-15 01:30:00+01:00,66.68702384914573,75.97
2025-11-15 01:45:00+01:00,63.80363741076936,70.34
2025-11-15 02:00:00+01:00,70.87414251228633,81.24
2025-11-15 02:15:00+01:00,63.68564446799277,75.07
2025-11-15 02:30:00+01:00,62.907269747683536,73.9
2025-11-15 02:45:00+01:00,61.231058074681854,68.66
2025-11-15 03:00:00+01:00,63.94871056588144,76.0
2025-11-15 03:15:00+01:00,63.525894614120745,69.39
2025-11-15 03:30:00+01:00,59.35844667528908,74.16
2025-11-15 03:45:00+01:00,57.68296217109413,72.57
2025-11-15 04:00:00+01:00,60.51542126337156,77.16
2025-11-15 04:15:00+01:00,58.06508003934613,73.94
2025-11-15 04:30:00+01:00,62.4637093911956,68.64
2025-11-15 04:45:00+01:00,56.75068520637838,69.06
2025-11-15 05:00:00+01:00,55.65720548925047,66.21
2025-11-15 05:15:00+01:00,61.03007678076981,66.91
2025-11-15 05:30:00+01:00,67.44125998693275,69.23
2025-11-15 05:45:00+01:00,72.37069694123983,80.11
2025-11-15 06:00:00+01:00,28.663883201810343,55.15
2025-11-15 06:15:00+01:00,47.518138655916154,66.7
2025-11-15 06:30:00+01:00,63.7928405446314,70.26
2025-11-15 06:45:00+01:00,45.04314143728517,80.52
2025-11-15 07:00:00+01:00,76.91399162225723,77.02
2025-11-15 07:15:00+01:00,79.6482230336349,77.91
2025-11-15 07:30:00+01:00,99.0551536008264,77.87
2025-11-15 07:45:00+01:00,84.21525164216926,75.42
2025-11-15 08:00:00+01:00,111.29564760415842,74.37
2025-11-15 08:15:00+01:00,92.6331626781458,75.05
2025-11-15 08:30:00+01:00,80.37367356019925,86.93
2025-11-15 08:45:00+01:00,63.524790650819895,83.91
2025-11-15 09:00:00+01:00,94.53256187321942,85.34
2025-11-15 09:15:00+01:00,87.73919175562165,80.35
2025-11-15 09:30:00+01:00,68.14926543209657,89.91
2025-11-15 09:45:00+01:00,49.453657900381266,85.34
2025-11-15 10:00:00+01:00,81.6183169189111,86.85
2025-11-15 10:15:00+01:00,67.41419335458784,85.94
2025-11-15 10:30:00+01:00,57.307408809445505,83.26
2025-11-15 10:45:00+01:00,54.93284766435694,86.4
2025-11-15 11:00:00+01:00,39.98456441264834,86.32
2025-11-15 11:15:00+01:00,22.47170542712488,85.68
2025-11-15 11:30:00+01:00,35.99314921024117,86.13
2025-11-15 11:45:00+01:00,30.481139771822583,83.56
2025-11-15 12:00:00+01:00,40.21801036035774,80.74
2025-11-15 12:15:00+01:00,35.47824100087775,81.24
2025-11-15 12:30:00+01:00,38.61846222716547,87.28
2025-11-15 12:45:00+01:00,44.18612424251538,87.51
2025-11-15 13:00:00+01:00,37.37136949109077,85.99
2025-11-15 13:15:00+01:00,41.08200273182913,93.42
2025-11-15 13:30:00+01:00,55.822367859220776,89.31
2025-11-15 13:45:00+01:00,61.360605275761145,93.95
2025-11-15 14:00:00+01:00,44.32434912632005,89.91
2025-11-15 14:15:00+01:00,51.70335813324634,89.92
2025-11-15 14:30:00+01:00,60.4535573824749,89.91
2025-11-15 14:45:00+01:00,77.69978817584571,108.87
2025-11-15 15:00:00+01:00,71.44199044751959,95.82
2025-11-15 15:15:00+01:00,76.95169487939869,106.91
2025-11-15 15:30:00+01:00,89.2819167409696,91.28
2025-11-15 15:45:00+01:00,102.38852227271848,110.76
2025-11-15 16:00:00+01:00,73.68060853136294,106.37
2025-11-15 16:15:00+01:00,92.8346964144626,101.5
2025-11-15 16:30:00+01:00,109.59805018375144,110.3
2025-11-15 16:45:00+01:00,127.53943258275773,121.0
2025-11-15 17:00:00+01:00,106.92703304255812,114.26
2025-11-15 17:15:00+01:00,113.38755576788122,125.02
2025-11-15 17:30:00+01:00,127.5140815371032,125.01
2025-11-15 17:45:00+01:00,139.72942881583714,122.91
2025-11-15 18:00:00+01:00,127.1091297514975,125.04
2025-11-15 18:15:00+01:00,125.15143901562956,126.39
2025-11-15 18:30:00+01:00,129.07511097049203,120.84
2025-11-15 18:45:00+01:00,135.1057315198816,113.82
2025-11-15 19:00:00+01:00,152.1871049236421,117.9
2025-11-15 19:15:00+01:00,130.9570867526539,110.6
2025-11-15 19:30:00+01:00,125.63693182456656,117.56
2025-11-15 19:45:00+01:00,133.84708186135794,110.2
2025-11-15 20:00:00+01:00,111.09917993491592,110.98
2025-11-15 20:15:00+01:00,119.666345272964,118.68
2025-11-15 20:30:00+01:00,104.6989179491534,108.16
2025-11-15 20:45:00+01:00,97.01233354841294,98.68
2025-11-15 21:00:00+01:00,109.77280225914951,105.62
2025-11-15 21:15:00+01:00,97.31509489484358,103.29
2025-11-15 21:30:00+01:00,91.63318905964442,102.64
2025-11-15 21:45:00+01:00,82.34281259526067,99.99
2025-11-15 22:00:00+01:00,95.91460793082476,108.66
2025-11-15 22:15:00+01:00,94.47869228134844,103.21
2025-11-15 22:30:00+01:00,90.8325564089703,100.03
2025-11-15 22:45:00+01:00,79.80747547101417,94.97
2025-11-15 23:00:00+01:00,92.02842819867864,105.39
2025-11-15 23:15:00+01:00,89.26948892665267,100.0
2025-11-15 23:30:00+01:00,85.39963882839032,98.79
2025-11-15 23:45:00+01:00,77.15987697236301,87.29
2025-11-16 00:00:00+01:00,100.30958806829037,96.71
2025-11-16 00:15:00+01:00,92.20869001989142,93.15
2025-11-16 00:30:00+01:00,94.14486602564398,92.08
2025-11-16 00:45:00+01:00,90.85919752608736,93.05
2025-11-16 01:00:00+01:00,97.2743535270288,97.78
2025-11-16 01:15:00+01:00,94.44226905960824,91.71
2025-11-16 01:30:00+01:00,93.4871015776266,96.65
2025-11-16 01:45:00+01:00,92.23315535805378,93.86
2025-11-16 02:00:00+01:00,95.22915038040249,93.27
2025-11-16 02:15:00+01:00,93.75530124186392,88.56
2025-11-16 02:30:00+01:00,91.3789729592668,95.81
2025-11-16 02:45:00+01:00,90.25752555569932,95.76
2025-11-16 03:00:00+01:00,93.33489737810808,96.81
2025-11-16 03:15:00+01:00,90.20181939081326,94.75
2025-11-16 03:30:00+01:00,90.36923591951144,87.09
2025-11-16 03:45:00+01:00,91.19852342362888,87.15
2025-11-16 04:00:00+01:00,90.48862989858203,90.81
2025-11-16 04:15:00+01:00,89.87221242288385,88.21
2025-11-16 04:30:00+01:00,91.8002781604436,87.1
2025-11-16 04:45:00+01:00,95.49192821410666,86.74
2025-11-16 05:00:00+01:00,87.2900025670453,97.99
2025-11-16 05:15:00+01:00,88.84076469426843,90.41
2025-11-16 05:30:00+01:00,91.50689959150348,89.05
2025-11-16 05:45:00+01:00,95.39386620955688,87.07
2025-11-16 06:00:00+01:00,81.92667380112687,81.65
2025-11-16 06:15:00+01:00,84.82349262885403,86.92
2025-11-16 06:30:00+01:00,85.76602729577269,87.03
2025-11-16 06:45:00+01:00,97.06249280661848,87.09
2025-11-16 07:00:00+01:00,100.781237007121,87.08
2025-11-16 07:15:00+01:00,102.45411943642571,98.16
2025-11-16 07:30:00+01:00,112.33190548777569,88.34
2025-11-16 07:45:00+01:00,102.91523694840036,96.37
2025-11-16 08:00:00+01:00,110.19589150278696,99.1
2025-11-16 08:15:00+01:00,111.7382357142798,99.1
2025-11-16 08:30:00+01:00,102.6947699052938,99.83
2025-11-16 08:45:00+01:00,98.29401597557,95.93
2025-11-16 09:00:00+01:00,107.18909355021216,102.31
2025-11-16 09:15:00+01:00,99.20158600181182,101.76
2025-11-16 09:30:00+01:00,95.22103630470232,100.73
2025-11-16 09:45:00+01:00,79.99816218170314,99.94
2025-11-16 10:00:00+01:00,100.6437016519278,100.3
2025-11-16 10:15:00+01:00,91.45295328016282,99.55
2025-11-16 10:30:00+01:00,88.61013208940598,97.84
2025-11-16 10:45:00+01:00,74.56084964822122,99.42
2025-11-16 11:00:00+01:00,80.48723667937023,102.12
2025-11-16 11:15:00+01:00,72.56195164409156,103.86
2025-11-16 11:30:00+01:00,69.67404963756623,103.62
2025-11-16 11:45:00+01:00,73.26634751171748,100.67
2025-11-16 12:00:00+01:00,78.82229683455989,105.58
2025-11-16 12:15:00+01:00,65.84567531403786,101.2
2025-11-16 12:30:00+01:00,69.00954208607482,101.82
2025-11-16 12:45:00+01:00,64.30378161805037,101.27
2025-11-16 13:00:00+01:00,69.6049135825135,103.21
2025-11-16 13:15:00+01:00,61.23871412880749,106.63
2025-11-16 13:30:00+01:00,64.80949342924782,102.18
2025-11-16 13:45:00+01:00,64.38524354893865,103.97
2025-11-16 14:00:00+01:00,60.16346199089229,100.78
2025-11-16 14:15:00+01:00,65.44057870139389,109.6
2025-11-16 14:30:00+01:00,75.60707108750043,112.81
2025-11-16 14:45:00+01:00,91.90577670227005,113.87
2025-11-16 15:00:00+01:00,71.59926305443886,107.38
2025-11-16 15:15:00+01:00,85.5758351588385,113.55
2025-11-16 15:30:00+01:00,102.06417713644744,118.89
2025-11-16 15:45:00+01:00,113.64259046606767,127.06
2025-11-16 16:00:00+01:00,80.46764104658854,116.32
2025-11-16 16:15:00+01:00,100.27732244077018,121.55
2025-11-16 16:30:00+01:00,111.47169965408555,124.93
2025-11-16 16:45:00+01:00,128.50270004890825,135.18
2025-11-16 17:00:00+01:00,104.10390424649609,123.83
2025-11-16 17:15:00+01:00,116.51461048216396,128.9
2025-11-16 17:30:00+01:00,129.6648093832213,132.94
2025-11-16 17:45:00+01:00,137.539138839127,131.82
2025-11-16 18:00:00+01:00,125.48396647661124,129.5
2025-11-16 18:15:00+01:00,130.85412832149277,125.13
2025-11-16 18:30:00+01:00,123.49915530725414,124.71
2025-11-16 18:45:00+01:00,115.42987373986368,121.5
2025-11-16 19:00:00+01:00,97.88719551800406,120.2
2025-11-16 19:15:00+01:00,113.03650552006108,116.98
2025-11-16 19:30:00+01:00,107.7110818019881,116.05
2025-11-16 19:45:00+01:00,107.2887337658168,108.09
2025-11-16 20:00:00+01:00,106.01476013033049,111.96
2025-11-16 20:15:00+01:00,100.99202947339047,103.27
2025-11-16 20:30:00+01:00,101.97707927929942,100.0
2025-11-16 20:45:00+01:00,93.4504431626946,95.64
2025-11-16 21:00:00+01:00,101.61180449590572,94.38
2025-11-16 21:15:00+01:00,89.12999953977588,91.04
2025-11-16 21:30:00+01:00,92.90982009224838,93.03
2025-11-16 21:45:00+01:00,81.5298995536736,87.19
2025-11-16 22:00:00+01:00,101.90267420860988,99.99
2025-11-16 22:15:00+01:00,90.39377225885605,96.31
2025-11-16 22:30:00+01:00,85.73183915595436,90.74
2025-11-16 22:45:00+01:00,79.83904241050426,90.5
2025-11-16 23:00:00+01:00,93.0848146320203,100.02
2025-11-16 23:15:00+01:00,86.11263821076412,86.78
2025-11-16 23:30:00+01:00,84.63261900831735,84.78
2025-11-16 23:45:00+01:00,75.09350302625829,74.53
2025-11-17 00:00:00+01:00,85.5727528951953,90.05
2025-11-17 00:15:00+01:00,82.57831134877257,88.84
2025-11-17 00:30:00+01:00,81.54693729792959,90.04
2025-11-17 00:45:00+01:00,77.8556593441404,84.23
2025-11-17 01:00:00+01:00,82.73557483313367,86.36
2025-11-17 01:15:00+01:00,79.96149093765726,82.26
2025-11-17 01:30:00+01:00,77.748418572978,79.7
2025-11-17 01:45:00+01:00,75.7300067198942,73.91
2025-11-17 02:00:00+01:00,79.37842766985258,78.13
2025-11-17 02:15:00+01:00,77.09135118322524,74.67
2025-11-17 02:30:00+01:00,74.98583107826866,72.7
2025-11-17 02:45:00+01:00,74.32946232226206,70.85
2025-11-17 03:00:00+01:00,75.00532863129037,72.35
2025-11-17 03:15:00+01:00,74.78776447666075,70.61
2025-11-17 03:30:00+01:00,73.58317003559762,71.24
2025-11-17 03:45:00+01:00,72.81044467933822,71.09
2025-11-17 04:00:00+01:00,72.7140810525269,71.39
2025-11-17 04:15:00+01:00,72.09284093274545,71.5
2025-11-17 04:30:00+01:00,74.91971767867028,74.01
2025-11-17 04:45:00+01:00,75.77056724107554,79.48
2025-11-17 05:00:00+01:00,73.29712874803751,71.71
2025-11-17 05:15:00+01:00,76.54795577713858,82.86
2025-11-17 05:30:00+01:00,80.27956512485099,87.78
2025-11-17 05:45:00+01:00,67.90252715097414,92.05
2025-11-17 06:00:00+01:00,72.23232029762067,85.87
2025-11-17 06:15:00+01:00,83.83998978342044,94.13
2025-11-17 06:30:00+01:00,89.73412192822384,86.31
2025-11-17 06:45:00+01:00,100.55955481144288,92.05
2025-11-17 07:00:00+01:00,101.92250462479304,110.05
2025-11-17 07:15:00+01:00,112.94174436237108,115.3
2025-11-17 07:30:00+01:00,106.48949902043876,114.98
2025-11-17 07:45:00+01:00,110.28372635025931,119.14
2025-11-17 08:00:00+01:00,140.77305487813555,123.04
2025-11-17 08:15:00+01:00,116.97888337090214,130.09
2025-11-17 08:30:00+01:00,114.54312568496889,129.16
2025-11-17 08:45:00+01:00,96.92085990972588,125.68
2025-11-17 09:00:00+01:00,120.16481538470347,122.44
2025-11-17 09:15:00+01:00,107.2829662199364,128.78
2025-11-17 09:30:00+01:00,107.58762144042034,126.31
2025-11-17 09:45:00+01:00,100.44696462156318,109.22
2025-11-17 10:00:00+01:00,101.83290228649004,124.89
2025-11-17 10:15:00+01:00,88.99207433283249,110.1
2025-11-17 10:30:00+01:00,90.34163007218208,96.55
2025-11-17 10:45:00+01:00,83.408267094623,89.32
2025-11-17 11:00:00+01:00,81.89040574823294,91.35
2025-11-17 11:15:00+01:00,72.83241440295184,84.19
2025-11-17 11:30:00+01:00,70.11880424321724,83.81
2025-11-17 11:45:00+01:00,70.56187465918717,78.22
2025-11-17 12:00:00+01:00,78.57970968249622,81.78
2025-11-17 12:15:00+01:00,77.18743763829363,77.5
2025-11-17 12:30:00+01:00,68.9659027421354,77.04
2025-11-17 12:45:00+01:00,70.09486761868075,74.9
2025-11-17 13:00:00+01:00,69.86196117657089,73.22
2025-11-17 13:15:00+01:00,89.44661218864911,76.31
2025-11-17 13:30:00+01:00,97.65105083925717,77.92
2025-11-17 13:45:00+01:00,106.7792111000024,83.69
2025-11-17 14:00:00+01:00,67.18056073489382,85.04
2025-11-17 14:15:00+01:00,75.42138397425964,85.07
2025-11-17 14:30:00+01:00,87.80077733038765,84.54
2025-11-17 14:45:00+01:00,109.46940802132606,93.49
2025-11-17 15:00:00+01:00,85.17062484433289,84.15
2025-11-17 15:15:00+01:00,95.3794668500362,96.3
2025-11-17 15:30:00+01:00,104.99946028132148,101.99
2025-11-17 15:45:00+01:00,111.04201121744656,107.64
2025-11-17 16:00:00+01:00,92.54884462210056,101.79
2025-11-17 16:15:00+01:00,112.10653507534676,108.31
2025-11-17 16:30:00+01:00,103.07010213440348,106.98
2025-11-17 16:45:00+01:00,118.78377426354422,112.2
2025-11-17 17:00:00+01:00,112.47971291086088,114.3
2025-11-17 17:15:00+01:00,114.62160138121634,118.26
2025-11-17 17:30:00+01:00,124.16997259666184,117.86
2025-11-17 17:45:00+01:00,138.92598637805577,119.0
2025-11-17 18:00:00+01:00,135.3807448246636,119.7
2025-11-17 18:15:00+01:00,136.96579056687258,114.32
2025-11-17 18:30:00+01:00,128.7584865010374,115.85
2025-11-17 18:45:00+01:00,118.50470840690382,116.1
2025-11-17 19:00:00+01:00,128.04369387189345,114.59
2025-11-17 19:15:00+01:00,130.36233592162316,112.22
2025-11-17 19:30:00+01:00,130.92892300682442,108.72
2025-11-17 19:45:00+01:00,127.1576635199564,107.28
2025-11-17 20:00:00+01:00,120.77950118779115,107.98
2025-11-17 20:15:00+01:00,119.8425045265039,107.28
2025-11-17 20:30:00+01:00,113.74777988354016,104.32
2025-11-17 20:45:00+01:00,96.62680572468194,91.98
2025-11-17 21:00:00+01:00,114.30131708809328,101.42
2025-11-17 21:15:00+01:00,96.82851927507232,94.42
2025-11-17 21:30:00+01:00,96.3293068570158,90.24
2025-11-17 21:45:00+01:00,86.38735689021067,84.71
2025-11-17 22:00:00+01:00,106.64764114173192,93.6
2025-11-17 22:15:00+01:00,94.99510285866556,90.5
2025-11-17 22:30:00+01:00,90.516563729755,90.01
2025-11-17 22:45:00+01:00,80.93943747633824,84.72
2025-11-17 23:00:00+01:00,90.36380537895997,90.45
2025-11-17 23:15:00+01:00,85.4591785162987,83.72
2025-11-17 23:30:00+01:00,82.84709142623836,78.39
2025-11-17 23:45:00+01:00,81.46738690155372,72.0
2025-11-18 00:00:00+01:00,83.17178481900842,89.07
2025-11-18 00:15:00+01:00,81.59981988659044,83.52
2025-11-18 00:30:00+01:00,77.96391202456806,85.98
2025-11-18 00:45:00+01:00,75.14553449981416,80.97
2025-11-18 01:00:00+01:00,80.97102563137614,86.66
2025-11-18 01:15:00+01:00,78.3776247223406,82.94
2025-11-18 01:30:00+01:00,74.28640826921422,82.33
2025-11-18 01:45:00+01:00,72.81788855489187,79.39
2025-11-18 02:00:00+01:00,76.6296112027837,81.29
2025-11-18 02:15:00+01:00,73.4757770997969,79.15
2025-11-18 02:30:00+01:00,73.60212030565728,78.88
2025-11-18 02:45:00+01:00,72.85094087563108,76.83
2025-11-18 03:00:00+01:00,73.72736707163233,78.21
2025-11-18 03:15:00+01:00,74.22267076511713,77.69
2025-11-18 03:30:00+01:00,73.90440081470877,77.62
2025-11-18 03:45:00+01:00,72.92302371265616,77.35
2025-11-18 04:00:00+01:00,73.42005295554796,76.88
2025-11-18 04:15:00+01:00,73.53810562983767,78.9
2025-11-18 04:30:00+01:00,75.14151079524346,81.58
2025-11-18 04:45:00+01:00,75.93706069816398,84.69
2025-11-18 05:00:00+01:00,72.37002188352444,76.78
2025-11-18 05:15:00+01:00,74.65343214961342,82.95
2025-11-18 05:30:00+01:00,84.77544044714757,86.06
2025-11-18 05:45:00+01:00,86.08064380206172,88.1
2025-11-18 06:00:00+01:00,76.94196197437266,87.15
2025-11-18 06:15:00+01:00,91.75880138633416,95.11
2025-11-18 06:30:00+01:00,98.75629113304936,91.55
2025-11-18 06:45:00+01:00,112.24842143325924,90.38
2025-11-18 07:00:00+01:00,106.77606011085908,102.37
2025-11-18 07:15:00+01:00,128.9151879719511,98.89
2025-11-18 07:30:00+01:00,128.7775326663576,107.79
2025-11-18 07:45:00+01:00,128.29097236387437,109.89
2025-11-18 08:00:00+01:00,149.7679898046873,132.09
2025-11-18 08:15:00+01:00,132.52740673673452,125.6
2025-11-18 08:30:00+01:00,122.61552475869246,118.92
2025-11-18 08:45:00+01:00,116.95973004558326,102.75
2025-11-18 09:00:00+01:00,120.93490421020094,133.83
2025-11-18 09:15:00+01:00,113.23217455858992,110.46
2025-11-18 09:30:00+01:00,99.13375714592163,97.72
2025-11-18 09:45:00+01:00,97.5454370167564,87.79
2025-11-18 10:00:00+01:00,94.07613250183036,101.55
2025-11-18 10:15:00+01:00,85.15824768491285,89.74
2025-11-18 10:30:00+01:00,89.78349840272492,89.31
2025-11-18 10:45:00+01:00,93.80595371662837,87.91
2025-11-18 11:00:00+01:00,85.48563450939976,87.13
2025-11-18 11:15:00+01:00,81.23891526793606,88.17
2025-11-18 11:30:00+01:00,77.43669777812318,89.55
2025-11-18 11:45:00+01:00,77.46109455501544,90.34
2025-11-18 12:00:00+01:00,77.36038807026655,89.11
2025-11-18 12:15:00+01:00,78.74690369771176,88.81
2025-11-18 12:30:00+01:00,76.11146688847366,89.36
2025-11-18 12:45:00+01:00,80.90428607111348,89.52
2025-11-18 13:00:00+01:00,81.22483742592541,90.46
2025-11-18 13:15:00+01:00,85.63396241572403,92.47
2025-11-18 13:30:00+01:00,91.02301811613523,89.12
2025-11-18 13:45:00+01:00,95.586651068554,90.35
2025-11-18 14:00:00+01:00,75.17796628532467,89.11
2025-11-18 14:15:00+01:00,82.18271073345208,90.62
2025-11-18 14:30:00+01:00,92.81779228627052,101.93
2025-11-18 14:45:00+01:00,121.94013676984922,104.64
2025-11-18 15:00:00+01:00,83.64942616872476,106.38
2025-11-18 15:15:00+01:00,95.94890344824285,114.28
2025-11-18 15:30:00+01:00,108.77531748800044,125.73
2025-11-18 15:45:00+01:00,126.69445177854992,135.99
2025-11-18 16:00:00+01:00,103.62971614341188,122.07
2025-11-18 16:15:00+01:00,118.49660455121908,136.0
2025-11-18 16:30:00+01:00,121.72100638115846,145.01
2025-11-18 16:45:00+01:00,137.9556804554938,164.57
2025-11-18 17:00:00+01:00,127.2342073524137,146.75
2025-11-18 17:15:00+01:00,129.95384327676135,155.29
2025-11-18 17:30:00+01:00,132.85499714158752,153.94
2025-11-18 17:45:00+01:00,131.3222525251773,150.66
2025-11-18 18:00:00+01:00,140.29322073558805,151.31
2025-11-18 18:15:00+01:00,124.98094222114082,144.51
2025-11-18 18:30:00+01:00,104.59964528611629,139.67
2025-11-18 18:45:00+01:00,100.49577174732543,139.72
2025-11-18 19:00:00+01:00,106.08550105346627,134.64
2025-11-18 19:15:00+01:00,97.17203649887256,132.76
2025-11-18 19:30:00+01:00,95.00754945767866,130.93
2025-11-18 19:45:00+01:00,103.00386907653348,126.27
2025-11-18 20:00:00+01:00,109.76729226581836,122.59
2025-11-18 20:15:00+01:00,99.43435376212328,104.66
2025-11-18 20:30:00+01:00,99.97102166051582,103.76
2025-11-18 20:45:00+01:00,94.73357864632688,97.51
2025-11-18 21:00:00+01:00,104.53329384677868,100.38
2025-11-18 21:15:00+01:00,94.05344094084688,92.61
2025-11-18 21:30:00+01:00,89.05056638176369,95.01
2025-11-18 21:45:00+01:00,82.53461974505261,90.57
2025-11-18 22:00:00+01:00,103.53039634105448,102.29
2025-11-18 22:15:00+01:00,90.87904344173052,96.24
2025-11-18 22:30:00+01:00,86.08882452154221,100.08
2025-11-18 22:45:00+01:00,76.8437190805503,91.32
2025-11-18 23:00:00+01:00,89.23918652584153,97.35
2025-11-18 23:15:00+01:00,80.94627891638171,89.12
2025-11-18 23:30:00+01:00,78.62639501881846,88.85
2025-11-18 23:45:00+01:00,68.34513256324712,84.53
2025-11-19 00:00:00+01:00,90.35527487889613,91.46
2025-11-19 00:15:00+01:00,86.10168026288027,87.18
2025-11-19 00:30:00+01:00,84.9988563204566,86.52
2025-11-19 00:45:00+01:00,83.11713262152561,84.35
2025-11-19 01:00:00+01:00,87.43932673420481,86.85
2025-11-19 01:15:00+01:00,84.47926732818394,84.7
2025-11-19 01:30:00+01:00,83.74320126909778,87.12
2025-11-19 01:45:00+01:00,81.96941749043432,86.23
2025-11-19 02:00:00+01:00,83.87504633264048,85.77
2025-11-19 02:15:00+01:00,83.83334253541656,82.58
2025-11-19 02:30:00+01:00,82.3667725335231,84.4
2025-11-19 02:45:00+01:00,82.14154495904127,83.92
2025-11-19 03:00:00+01:00,82.84828133477254,82.07
2025-11-19 03:15:00+01:00,81.8614793365367,82.88
2025-11-19 03:30:00+01:00,80.26308617301449,83.55
2025-11-19 03:45:00+01:00,77.32631874538237,84.24
2025-11-19 04:00:00+01:00,80.61516252860379,81.16
2025-11-19 04:15:00+01:00,82.26664164544047,83.49
2025-11-19 04:30:00+01:00,80.66875212630741,85.6
2025-11-19 04:45:00+01:00,80.78923479847312,87.32
2025-11-19 05:00:00+01:00,77.3594486408447,87.23
2025-11-19 05:15:00+01:00,80.28465339926625,87.99
2025-11-19 05:30:00+01:00,84.79385308645696,87.44
2025-11-19 05:45:00+01:00,89.48491744397636,85.35
2025-11-19 06:00:00+01:00,76.14566042841551,88.6
2025-11-19 06:15:00+01:00,88.00112579526069,97.74
2025-11-19 06:30:00+01:00,88.29687277518467,100.4
2025-11-19 06:45:00+01:00,108.4309053931249,109.38
2025-11-19 07:00:00+01:00,105.91961075617262,123.3
2025-11-19 07:15:00+01:00,116.93626620430943,125.69
2025-11-19 07:30:00+01:00,120.8008262774314,128.64
2025-11-19 07:45:00+01:00,123.19194264749558,130.49
2025-11-19 08:00:00+01:00,130.25317814832184,156.84
2025-11-19 08:15:00+01:00,117.42619923958011,141.52
2025-11-19 08:30:00+01:00,104.55931818695738,132.76
2025-11-19 08:45:00+01:00,88.15359105754058,115.56
2025-11-19 09:00:00+01:00,115.29090769770832,129.58
2025-11-19 09:15:00+01:00,113.16453850523402,119.34
2025-11-19 09:30:00+01:00,95.11170808009032,114.32
2025-11-19 09:45:00+01:00,82.88821119568475,97.41
2025-11-19 10:00:00+01:00,100.98164652022356,110.98
2025-11-19 10:15:00+01:00,94.26978446982083,97.28
2025-11-19 10:30:00+01:00,81.12366405679643,93.33
2025-11-19 10:45:00+01:00,74.17267291988954,88.5
2025-11-19 11:00:00+01:00,83.45576046068142,94.82
2025-11-19 11:15:00+01:00,76.92750262690947,91.34
2025-11-19 11:30:00+01:00,78.57830289120956,89.62
2025-11-19 11:45:00+01:00,75.0386395546647,90.7
2025-11-19 12:00:00+01:00,81.03041947593671,89.07
2025-11-19 12:15:00+01:00,79.05585022802781,89.53
2025-11-19 12:30:00+01:00,74.35311347756992,90.19
2025-11-19 12:45:00+01:00,73.7352840129561,89.57
2025-11-19 13:00:00+01:00,76.05186267572101,87.95
2025-11-19 13:15:00+01:00,72.56118913394822,89.31
2025-11-19 13:30:00+01:00,74.03588864081048,94.93
2025-11-19 13:45:00+01:00,73.45322835535694,102.2
2025-11-19 14:00:00+01:00,72.68755296133605,89.03
2025-11-19 14:15:00+01:00,75.34109379245457,101.15
2025-11-19 14:30:00+01:00,82.64053608058714,109.3
2025-11-19 14:45:00+01:00,92.24264833193185,119.0
2025-11-19 15:00:00+01:00,80.70641137370765,103.39
2025-11-19 15:15:00+01:00,93.84387377737627,117.81
2025-11-19 15:30:00+01:00,110.1206793378302,110.0
2025-11-19 15:45:00+01:00,135.03318259865554,121.0
2025-11-19 16:00:00+01:00,91.0906268967279,108.22
2025-11-19 16:15:00+01:00,112.928186299968,121.0
2025-11-19 16:30:00+01:00,123.818797956588,121.0
2025-11-19 16:45:00+01:00,131.73279203660542,121.01
2025-11-19 17:00:00+01:00,117.9537734983917,121.01
2025-11-19 17:15:00+01:00,146.39744348958808,127.0
2025-11-19 17:30:00+01:00,136.76997787896372,130.07
2025-11-19 17:45:00+01:00,140.45458535381604,132.19
2025-11-19 18:00:00+01:00,144.26969546677614,116.99
2025-11-19 18:15:00+01:00,131.26676258431144,117.76
2025-11-19 18:30:00+01:00,135.96098875571715,121.0
2025-11-19 18:45:00+01:00,139.75024641210902,121.01
2025-11-19 19:00:00+01:00,139.9107937348763,119.76
2025-11-19 19:15:00+01:00,138.39054879979415,116.85
2025-11-19 19:30:00+01:00,131.16127437365134,118.59
2025-11-19 19:45:00+01:00,125.80258060404104,121.0
2025-11-19 20:00:00+01:00,128.06371585788898,119.5
2025-11-19 20:15:00+01:00,116.55724897927205,108.32
2025-11-19 20:30:00+01:00,111.53461712070975,101.84
2025-11-19 20:45:00+01:00,101.97389388862288,93.09
2025-11-19 21:00:00+01:00,118.29866962767323,103.57
2025-11-19 21:15:00+01:00,106.92626893605704,102.32
2025-11-19 21:30:00+01:00,102.58065366032724,101.08
2025-11-19 21:45:00+01:00,91.16436939884042,93.93
2025-11-19 22:00:00+01:00,110.53405343853991,100.03
2025-11-19 22:15:00+01:00,103.68052174547395,99.38
2025-11-19 22:30:00+01:00,95.56503412595995,101.66
2025-11-19 22:45:00+01:00,92.0801612219701,95.61
2025-11-19 23:00:00+01:00,99.37611045452866,95.75
2025-11-19 23:15:00+01:00,92.62477118411678,93.48
2025-11-19 23:30:00+01:00,89.09020821544433,90.19
2025-11-19 23:45:00+01:00,80.2912759104859,88.12
2025-11-20 00:00:00+01:00,93.70332670140532,93.39
2025-11-20 00:15:00+01:00,86.98616386536878,92.39
2025-11-20 00:30:00+01:00,82.81825972856052,89.12
2025-11-20 00:45:00+01:00,78.83228056739605,87.61
2025-11-20 01:00:00+01:00,87.321664028733,89.49
2025-11-20 01:15:00+01:00,82.57499358978829,88.28
2025-11-20 01:30:00+01:00,80.0084983923166,87.61
2025-11-20 01:45:00+01:00,77.07424189327341,86.99
2025-11-20 02:00:00+01:00,82.54299404433371,88.11
2025-11-20 02:15:00+01:00,78.4653073240549,87.2
2025-11-20 02:30:00+01:00,76.55644421970254,86.52
2025-11-20 02:45:00+01:00,75.29818128992643,86.3
2025-11-20 03:00:00+01:00,77.42748695065605,86.3
2025-11-20 03:15:00+01:00,75.43697260641571,87.14
2025-11-20 03:30:00+01:00,73.12881612957791,86.88
2025-11-20 03:45:00+01:00,70.69666137106965,86.86
2025-11-20 04:00:00+01:00,76.53378395474876,85.99
2025-11-20 04:15:00+01:00,75.93039432524819,86.51
2025-11-20 04:30:00+01:00,72.65200780039257,87.24
2025-11-20 04:45:00+01:00,72.02143338122465,88.76
2025-11-20 05:00:00+01:00,72.89435232962347,87.84
2025-11-20 05:15:00+01:00,76.46745013232976,92.45
2025-11-20 05:30:00+01:00,76.5797261952799,89.5
2025-11-20 05:45:00+01:00,86.03876935039271,92.22
2025-11-20 06:00:00+01:00,75.71732537052883,91.08
2025-11-20 06:15:00+01:00,81.62275882780762,98.92
2025-11-20 06:30:00+01:00,116.01640378001476,104.75
2025-11-20 06:45:00+01:00,115.9881874797977,119.98
2025-11-20 07:00:00+01:00,105.71746672572982,137.72
2025-11-20 07:15:00+01:00,118.38399845654588,136.0
2025-11-20 07:30:00+01:00,131.85486615506767,146.76
2025-11-20 07:45:00+01:00,130.5391903006776,157.15
2025-11-20 08:00:00+01:00,131.492864043127,153.93
2025-11-20 08:15:00+01:00,114.62613116646013,162.18
2025-11-20 08:30:00+01:00,105.0017790299484,157.08
2025-11-20 08:45:00+01:00,102.24683074112492,149.67
2025-11-20 09:00:00+01:00,115.4237666715402,174.53
2025-11-20 09:15:00+01:00,114.03504357664455,153.75
2025-11-20 09:30:00+01:00,101.75328266992597,150.82
2025-11-20 09:45:00+01:00,88.11104525762234,135.52
2025-11-20 10:00:00+01:00,112.97792949702784,162.52
2025-11-20 10:15:00+01:00,103.83298411684328,141.54
2025-11-20 10:30:00+01:00,79.52845250964693,136.0
2025-11-20 10:45:00+01:00,68.86225222902405,125.02
2025-11-20 11:00:00+01:00,97.51832845814786,135.39
2025-11-20 11:15:00+01:00,78.62265610332567,130.9
2025-11-20 11:30:00+01:00,68.13652707433647,128.0
2025-11-20 11:45:00+01:00,66.74578055921131,122.92
2025-11-20 12:00:00+01:00,69.15802129325394,127.89
2025-11-20 12:15:00+01:00,69.96966085716744,123.37
2025-11-20 12:30:00+01:00,69.30397180980138,124.66
2025-11-20 12:45:00+01:00,69.39227992871218,124.3
2025-11-20 13:00:00+01:00,69.31759281964047,120.79
2025-11-20 13:15:00+01:00,69.481454802572,125.17
2025-11-20 13:30:00+01:00,71.48096144949677,128.0
2025-11-20 13:45:00+01:00,68.63293626150066,130.44
2025-11-20 14:00:00+01:00,67.85433691693213,124.97
2025-11-20 14:15:00+01:00,72.73363588875772,133.67
2025-11-20 14:30:00+01:00,77.85291663773636,138.51
2025-11-20 14:45:00+01:00,91.02336493952927,139.66
2025-11-20 15:00:00+01:00,69.86298457468152,132.18
2025-11-20 15:15:00+01:00,88.44607547048618,145.12
2025-11-20 15:30:00+01:00,108.51642442182003,150.0
2025-11-20 15:45:00+01:00,135.11264581012455,171.44
2025-11-20 16:00:00+01:00,81.34622741563514,152.0
2025-11-20 16:15:00+01:00,107.96984075711708,164.51
2025-11-20 16:30:00+01:00,123.26629203095304,188.46
2025-11-20 16:45:00+01:00,144.99046751213035,198.35
2025-11-20 17:00:00+01:00,116.72523666439542,176.57
2025-11-20 17:15:00+01:00,136.35258126806914,178.53
2025-11-20 17:30:00+01:00,133.088486993681,175.46
2025-11-20 17:45:00+01:00,137.10691872600967,171.33
2025-11-20 18:00:00+01:00,130.0278734466216,170.61
2025-11-20 18:15:00+01:00,125.45223860537097,164.4
2025-11-20 18:30:00+01:00,125.54299010219604,159.67
2025-11-20 18:45:00+01:00,139.94033052945787,158.32
2025-11-20 19:00:00+01:00,138.73096714327195,166.7
2025-11-20 19:15:00+01:00,136.70227145814437,156.79
2025-11-20 19:30:00+01:00,152.6430915682407,154.52
2025-11-20 19:45:00+01:00,135.29463567939624,146.06
2025-11-20 20:00:00+01:00,134.28802491871852,146.05
2025-11-20 20:15:00+01:00,129.98639451500952,147.17
2025-11-20 20:30:00+01:00,124.77713912906933,135.6
2025-11-20 20:45:00+01:00,114.81755002451592,119.59
2025-11-20 21:00:00+01:00,132.6631214335152,136.0
2025-11-20 21:15:00+01:00,125.88598143559436,128.07
2025-11-20 21:30:00+01:00,116.23315925640236,114.9
2025-11-20 21:45:00+01:00,98.22272039463805,104.04
2025-11-20 22:00:00+01:00,116.22825426124682,116.03
2025-11-20 22:15:00+01:00,112.99359462370327,111.27
2025-11-20 22:30:00+01:00,105.72451189634508,105.54
2025-11-20 22:45:00+01:00,101.25667087605518,100.1
2025-11-20 23:00:00+01:00,109.49018504509822,105.67
2025-11-20 23:15:00+01:00,102.0541191188358,93.49
2025-11-20 23:30:00+01:00,96.80796543484156,90.0
2025-11-20 23:45:00+01:00,88.91583611886304,85.89
2025-11-21 00:00:00+01:00,98.658970657919,104.02
2025-11-21 00:15:00+01:00,92.5980352858884,104.49
2025-11-21 00:30:00+01:00,90.30296684455128,102.03
2025-11-21 00:45:00+01:00,90.16761613482966,95.67
2025-11-21 01:00:00+01:00,91.73559699569564,102.71
2025-11-21 01:15:00+01:00,88.43694724422267,95.35
2025-11-21 01:30:00+01:00,88.56865090745777,90.08
2025-11-21 01:45:00+01:00,88.19826976791295,88.42
2025-11-21 02:00:00+01:00,88.73688403480948,93.99
2025-11-21 02:15:00+01:00,86.35677490604982,89.09
2025-11-21 02:30:00+01:00,86.25314134053897,88.86
2025-11-21 02:45:00+01:00,89.03640530612329,89.19
2025-11-21 03:00:00+01:00,86.46792651799386,90.0
2025-11-21 03:15:00+01:00,87.81946891493705,89.29
2025-11-21 03:30:00+01:00,88.81482410755169,90.39
2025-11-21 03:45:00+01:00,88.3839581209644,91.06
2025-11-21 04:00:00+01:00,89.12820373269827,88.7
2025-11-21 04:15:00+01:00,91.51669949140258,90.08
2025-11-21 04:30:00+01:00,86.90980012008754,94.32
2025-11-21 04:45:00+01:00,92.3286406393832,101.4
2025-11-21 05:00:00+01:00,87.97389858852928,90.77
2025-11-21 05:15:00+01:00,91.22838184974282,98.91
2025-11-21 05:30:00+01:00,94.45460449826192,103.14
2025-11-21 05:45:00+01:00,99.6288478276097,114.64
2025-11-21 06:00:00+01:00,89.5016619951366,108.49
2025-11-21 06:15:00+01:00,106.76799218357915,121.51
2025-11-21 06:30:00+01:00,116.0082018580058,133.6
2025-11-21 06:45:00+01:00,140.70411575262733,170.5
2025-11-21 07:00:00+01:00,135.49007803327237,149.32
2025-11-21 07:15:00+01:00,168.50901980961876,182.25
2025-11-21 07:30:00+01:00,159.22554446315746,190.11
2025-11-21 07:45:00+01:00,155.27875013718636,200.0
2025-11-21 08:00:00+01:00,179.6251956812549,229.62
2025-11-21 08:15:00+01:00,160.70072643239115,223.39
2025-11-21 08:30:00+01:00,146.8862853110916,200.0
2025-11-21 08:45:00+01:00,121.43722946642212,168.52
2025-11-21 09:00:00+01:00,153.57982480329946,220.0
2025-11-21 09:15:00+01:00,157.75826966700222,190.32
2025-11-21 09:30:00+01:00,141.55547603007707,168.3
2025-11-21 09:45:00+01:00,121.97019738538523,148.7
2025-11-21 10:00:00+01:00,160.52943088995409,179.32
2025-11-21 10:15:00+01:00,133.47184631481912,155.78
2025-11-21 10:30:00+01:00,121.90821716559805,143.51
2025-11-21 10:45:00+01:00,111.39803781015382,125.45
2025-11-21 11:00:00+01:00,120.45685388369992,152.43
2025-11-21 11:15:00+01:00,108.9345994233204,140.0
2025-11-21 11:30:00+01:00,107.45531723785103,132.49
2025-11-21 11:45:00+01:00,106.80830260526947,125.96
2025-11-21 12:00:00+01:00,116.83496780336436,132.8
2025-11-21 12:15:00+01:00,109.30637555422707,128.75
2025-11-21 12:30:00+01:00,91.36236921978563,129.27
2025-11-21 12:45:00+01:00,90.5612694104867,130.55
2025-11-21 13:00:00+01:00,112.50212820712537,125.98
2025-11-21 13:15:00+01:00,93.00118104614,130.74
2025-11-21 13:30:00+01:00,116.07573615757327,135.25
2025-11-21 13:45:00+01:00,121.88137962619724,150.33
2025-11-21 14:00:00+01:00,88.43252163126787,120.8
2025-11-21 14:15:00+01:00,94.69551619939467,147.57
2025-11-21 14:30:00+01:00,102.7991275905193,172.74
2025-11-21 14:45:00+01:00,128.08759896336775,173.9
2025-11-21 15:00:00+01:00,93.34206545944276,148.82
2025-11-21 15:15:00+01:00,109.438429661266,172.03
2025-11-21 15:30:00+01:00,120.791198138362,202.58
2025-11-21 15:45:00+01:00,131.38095666441188,263.92
2025-11-21 16:00:00+01:00,103.2770964844417,196.83
2025-11-21 16:15:00+01:00,131.4930062896253,237.86
2025-11-21 16:30:00+01:00,127.89878446623182,259.52
2025-11-21 16:45:00+01:00,138.81408832372023,313.27
2025-11-21 17:00:00+01:00,122.38962240963076,258.17
2025-11-21 17:15:00+01:00,132.12380630709762,269.78
2025-11-21 17:30:00+01:00,141.18440110732865,245.7
2025-11-21 17:45:00+01:00,146.94768592763637,226.38
2025-11-21 18:00:00+01:00,147.79399797605382,230.04
2025-11-21 18:15:00+01:00,140.8671151505396,214.6
2025-11-21 18:30:00+01:00,140.45054107126816,193.8
2025-11-21 18:45:00+01:00,155.25901109824184,181.91
2025-11-21 19:00:00+01:00,134.9531640896589,184.35
2025-11-21 19:15:00+01:00,141.2443684768888,166.06
2025-11-21 19:30:00+01:00,129.14259665885476,167.7
2025-11-21 19:45:00+01:00,134.62370276350984,167.36
2025-11-21 20:00:00+01:00,136.14166208671722,174.2
2025-11-21 20:15:00+01:00,137.94686244761226,153.41
2025-11-21 20:30:00+01:00,128.29331797514612,123.98
2025-11-21 20:45:00+01:00,108.81817595411934,116.21
2025-11-21 21:00:00+01:00,127.76706433757548,133.6
2025-11-21 21:15:00+01:00,117.40033144935258,120.27
2025-11-21 21:30:00+01:00,111.2087016926506,112.35
2025-11-21 21:45:00+01:00,98.33203550893226,103.01
2025-11-21 22:00:00+01:00,111.80690966970808,115.68
2025-11-21 22:15:00+01:00,99.06548401189976,110.43
2025-11-21 22:30:00+01:00,99.41508351368758,100.59
2025-11-21 22:45:00+01:00,98.03544047444116,92.9
2025-11-21 23:00:00+01:00,99.07495323939158,108.7
2025-11-21 23:15:00+01:00,93.9414522493866,95.0
2025-11-21 23:30:00+01:00,92.61938017508584,90.37
2025-11-21 23:45:00+01:00,88.20543781726154,86.06
2025-11-22 00:00:00+01:00,100.51650518773651,122.49
2025-11-22 00:15:00+01:00,95.4158214080957,106.86
2025-11-22 00:30:00+01:00,88.56820316995822,93.44
2025-11-22 00:45:00+01:00,84.61676865537252,86.2
2025-11-22 01:00:00+01:00,94.02641060984912,98.95
2025-11-22 01:15:00+01:00,90.12501238131902,93.73
2025-11-22 01:30:00+01:00,85.75275562603953,92.22
2025-11-22 01:45:00+01:00,82.37111763754875,93.5
2025-11-22 02:00:00+01:00,89.62735270570609,90.37
2025-11-22 02:15:00+01:00,85.02845697663412,89.16
2025-11-22 02:30:00+01:00,85.06003678121792,87.23
2025-11-22 02:45:00+01:00,83.46051869565564,87.0
2025-11-22 03:00:00+01:00,86.66914114146924,86.64
2025-11-22 03:15:00+01:00,84.94159175263677,85.07
2025-11-22 03:30:00+01:00,84.18096937021892,85.49
2025-11-22 03:45:00+01:00,80.80246812548673,83.91
2025-11-22 04:00:00+01:00,83.08829409506966,82.19
2025-11-22 04:15:00+01:00,83.9106503317034,86.59
2025-11-22 04:30:00+01:00,85.21694133255345,86.93
2025-11-22 04:45:00+01:00,86.91604552724768,88.68
2025-11-22 05:00:00+01:00,80.00301312653782,85.05
2025-11-22 05:15:00+01:00,81.86215175031298,84.64
2025-11-22 05:30:00+01:00,86.7153115352378,84.6
2025-11-22 05:45:00+01:00,88.01200241421807,86.82
2025-11-22 06:00:00+01:00,80.46541975408451,85.5
2025-11-22 06:15:00+01:00,80.58097035242172,87.04
2025-11-22 06:30:00+01:00,78.82007360839528,89.77
2025-11-22 06:45:00+01:00,77.4038215697338,99.78
2025-11-22 07:00:00+01:00,92.78505291377417,98.17
2025-11-22 07:15:00+01:00,93.15827455280056,104.62
2025-11-22 07:30:00+01:00,90.20564673966118,110.63
2025-11-22 07:45:00+01:00,67.96431056544542,113.57
2025-11-22 08:00:00+01:00,96.73857877729236,121.0
2025-11-22 08:15:00+01:00,79.38692755292917,114.43
2025-11-22 08:30:00+01:00,88.08012368926926,96.64
2025-11-22 08:45:00+01:00,85.12485303264596,84.77
2025-11-22 09:00:00+01:00,90.92020398570855,115.24
2025-11-22 09:15:00+01:00,84.34374434613252,84.93
2025-11-22 09:30:00+01:00,76.3861836489956,85.29
2025-11-22 09:45:00+01:00,71.84085118469474,71.01
2025-11-22 10:00:00+01:00,82.19719933555918,87.16
2025-11-22 10:15:00+01:00,76.08594781927707,79.53
2025-11-22 10:30:00+01:00,72.53184630879672,80.66
2025-11-22 10:45:00+01:00,68.41168724170515,80.69
2025-11-22 11:00:00+01:00,67.92432599443137,79.77
2025-11-22 11:15:00+01:00,71.65441841532004,79.09
2025-11-22 11:30:00+01:00,74.51971119240122,78.74
2025-11-22 11:45:00+01:00,68.71773277909652,76.72
2025-11-22 12:00:00+01:00,73.21170818778899,76.96
2025-11-22 12:15:00+01:00,68.09177337974009,75.92
2025-11-22 12:30:00+01:00,67.02570428034431,76.42
2025-11-22 12:45:00+01:00,66.47445302944467,75.83
2025-11-22 13:00:00+01:00,65.47040552295388,74.0
2025-11-22 13:15:00+01:00,67.68766711400104,74.01
2025-11-22 13:30:00+01:00,70.69728409604821,74.94
2025-11-22 13:45:00+01:00,74.02793579121841,78.52
2025-11-22 14:00:00+01:00,63.938399971395704,76.87
2025-11-22 14:15:00+01:00,69.68510024734623,75.91
2025-11-22 14:30:00+01:00,76.8922657123211,80.71
2025-11-22 14:45:00+01:00,98.12725381225005,93.09
2025-11-22 15:00:00+01:00,73.89443059914457,83.9
2025-11-22 15:15:00+01:00,90.0215125786245,82.78
2025-11-22 15:30:00+01:00,99.95069291672527,98.28
2025-11-22 15:45:00+01:00,117.57738972783388,90.9
2025-11-22 16:00:00+01:00,99.74287648398558,100.45
2025-11-22 16:15:00+01:00,105.77487776620038,102.65
2025-11-22 16:30:00+01:00,111.06824784357696,103.19
2025-11-22 16:45:00+01:00,123.53419947101858,113.71
2025-11-22 17:00:00+01:00,106.45393186403597,112.24
2025-11-22 17:15:00+01:00,116.1119329244393,117.26
2025-11-22 17:30:00+01:00,119.1129600832412,115.11
2025-11-22 17:45:00+01:00,114.9171913837861,113.21
2025-11-22 18:00:00+01:00,125.72943799438934,118.94
2025-11-22 18:15:00+01:00,79.41959009283998,113.23
2025-11-22 18:30:00+01:00,95.0748335673159,106.11
2025-11-22 18:45:00+01:00,95.8110354602078,98.73
2025-11-22 19:00:00+01:00,73.52361088869077,101.99
2025-11-22 19:15:00+01:00,71.98888988832516,101.07
2025-11-22 19:30:00+01:00,64.13425127683567,96.61
2025-11-22 19:45:00+01:00,44.32372073372346,93.65
2025-11-22 20:00:00+01:00,83.63789497963418,88.75
2025-11-22 20:15:00+01:00,86.15903121282032,84.19
2025-11-22 20:30:00+01:00,79.60094383092206,87.17
2025-11-22 20:45:00+01:00,71.07450395375238,86.33
2025-11-22 21:00:00+01:00,89.07655218827267,94.33
2025-11-22 21:15:00+01:00,72.23227409385086,92.37
2025-11-22 21:30:00+01:00,70.98364106773757,87.86
2025-11-22 21:45:00+01:00,62.59400927439019,82.43
2025-11-22 22:00:00+01:00,87.63732972713876,94.48
2025-11-22 22:15:00+01:00,77.05378553058178,90.02
2025-11-22 22:30:00+01:00,67.4639693707887,89.16
2025-11-22 22:45:00+01:00,61.448693367203674,84.05
2025-11-22 23:00:00+01:00,68.40357713157962,87.99
2025-11-22 23:15:00+01:00,64.91468814117833,83.9
2025-11-22 23:30:00+01:00,65.8079598282407,79.69
2025-11-22 23:45:00+01:00,49.99100134429336,77.34
2025-11-23 00:00:00+01:00,84.24603134553894,95.06
2025-11-23 00:15:00+01:00,75.68198201160098,88.83
2025-11-23 00:30:00+01:00,78.05383000026868,75.0
2025-11-23 00:45:00+01:00,72.1382806885296,67.22
2025-11-23 01:00:00+01:00,80.59018462955054,81.22
2025-11-23 01:15:00+01:00,75.44084408327586,73.54
2025-11-23 01:30:00+01:00,72.21679024364977,71.46
2025-11-23 01:45:00+01:00,68.62833982379539,71.19
2025-11-23 02:00:00+01:00,73.74028120820135,74.84
2025-11-23 02:15:00+01:00,70.70361228435758,71.42
2025-11-23 02:30:00+01:00,69.3743233029877,68.69
2025-11-23 02:45:00+01:00,67.43315558196494,66.81
2025-11-23 03:00:00+01:00,70.06638690842716,65.18
2025-11-23 03:15:00+01:00,68.21406907782246,63.01
2025-11-23 03:30:00+01:00,67.6344279437462,63.38
2025-11-23 03:45:00+01:00,66.37476501390802,61.35
2025-11-23 04:00:00+01:00,67.61249134732873,62.74
2025-11-23 04:15:00+01:00,68.47485936912494,61.43
2025-11-23 04:30:00+01:00,65.72900888525848,60.66
2025-11-23 04:45:00+01:00,71.36046231724193,58.71
2025-11-23 05:00:00+01:00,67.77696327173614,63.89
2025-11-23 05:15:00+01:00,74.35315389669796,64.22
2025-11-23 05:30:00+01:00,73.35067874969845,65.0
2025-11-23 05:45:00+01:00,75.46271989504496,63.73
2025-11-23 06:00:00+01:00,61.535696837607674,60.4
2025-11-23 06:15:00+01:00,56.56879693600922,60.99
2025-11-23 06:30:00+01:00,42.11954619778615,62.49
2025-11-23 06:45:00+01:00,27.338661326817856,64.24
2025-11-23 07:00:00+01:00,43.67561521400049,64.26
2025-11-23 07:15:00+01:00,34.30456001814464,68.71
2025-11-23 07:30:00+01:00,17.88996367196428,68.59
2025-11-23 07:45:00+01:00,-4.3129057161155515,70.37
2025-11-23 08:00:00+01:00,51.881324258218584,71.56
2025-11-23 08:15:00+01:00,16.767681156137513,67.95
2025-11-23 08:30:00+01:00,55.680591093498954,69.34
2025-11-23 08:45:00+01:00,65.91787863580232,62.48
2025-11-23 09:00:00+01:00,69.58916426651703,69.3
2025-11-23 09:15:00+01:00,49.27759135862595,65.74
2025-11-23 09:30:00+01:00,51.75511919049626,66.85
2025-11-23 09:45:00+01:00,52.7991883879802,61.95
2025-11-23 10:00:00+01:00,50.21935908514664,68.88
2025-11-23 10:15:00+01:00,53.17309182780844,68.38
2025-11-23 10:30:00+01:00,59.41030171507845,63.25
2025-11-23 10:45:00+01:00,52.696971891655835,63.43
2025-11-23 11:00:00+01:00,42.191037254521234,64.31
2025-11-23 11:15:00+01:00,62.57397989283835,66.75
2025-11-23 11:30:00+01:00,50.247559734764245,67.16
2025-11-23 11:45:00+01:00,53.90293540252066,68.54
2025-11-23 12:00:00+01:00,48.648820617017826,66.76
2025-11-23 12:15:00+01:00,50.970984455393875,67.46
2025-11-23 12:30:00+01:00,53.34673632014895,68.51
2025-11-23 12:45:00+01:00,53.701098864601434,68.72
2025-11-23 13:00:00+01:00,52.6869608169204,69.37
2025-11-23 13:15:00+01:00,55.38132698280346,64.57
2025-11-23 13:30:00+01:00,58.36063033813336,63.85
2025-11-23 13:45:00+01:00,69.63569139264703,64.04
2025-11-23 14:00:00+01:00,51.091714431064055,66.48
2025-11-23 14:15:00+01:00,54.152196620468835,66.8
2025-11-23 14:30:00+01:00,62.06637880422956,71.09
2025-11-23 14:45:00+01:00,91.93603364570944,73.34
2025-11-23 15:00:00+01:00,64.98154691863269,71.3
2025-11-23 15:15:00+01:00,80.77307685175057,74.44
2025-11-23 15:30:00+01:00,90.10591662927077,80.21
2025-11-23 15:45:00+01:00,103.63504847818432,83.21
2025-11-23 16:00:00+01:00,92.0424025920239,82.39
2025-11-23 16:15:00+01:00,106.14126173169062,75.58
2025-11-23 16:30:00+01:00,101.70230474205631,75.42
2025-11-23 16:45:00+01:00,90.222710266394,78.16
2025-11-23 17:00:00+01:00,92.89546371240516,78.9
2025-11-23 17:15:00+01:00,102.36769441247289,82.15
2025-11-23 17:30:00+01:00,94.0919427485371,80.93
2025-11-23 17:45:00+01:00,64.92073666183245,81.38
2025-11-23 18:00:00+01:00,109.58385606803036,82.35
2025-11-23 18:15:00+01:00,90.993106021524,81.09
2025-11-23 18:30:00+01:00,48.202878315863586,78.63
2025-11-23 18:45:00+01:00,13.280641983781308,88.1
2025-11-23 19:00:00+01:00,19.197899343013617,87.37
2025-11-23 19:15:00+01:00,4.085835570693874,86.22
2025-11-23 19:30:00+01:00,36.20428702695169,82.11
2025-11-23 19:45:00+01:00,20.67671345272599,79.49
2025-11-23 20:00:00+01:00,38.08837175781281,82.17
2025-11-23 20:15:00+01:00,55.32402724713231,79.08
2025-11-23 20:30:00+01:00,55.87063512417919,76.77
2025-11-23 20:45:00+01:00,49.63376807714565,71.63
2025-11-23 21:00:00+01:00,74.55906736891028,79.2
2025-11-23 21:15:00+01:00,56.01339768159319,74.2
2025-11-23 21:30:00+01:00,50.052180991679286,72.58
2025-11-23 21:45:00+01:00,42.47685593226539,70.66
2025-11-23 22:00:00+01:00,72.55235883746973,77.46
2025-11-23 22:15:00+01:00,47.54735905590822,76.76
2025-11-23 22:30:00+01:00,39.560604896281056,74.62
2025-11-23 22:45:00+01:00,54.60263966079687,71.83
2025-11-23 23:00:00+01:00,62.78054242542625,72.51
2025-11-23 23:15:00+01:00,48.96584087483679,71.86
2025-11-23 23:30:00+01:00,60.01222340747676,71.74
2025-11-23 23:45:00+01:00,39.95393553204218,68.94
2025-11-24 00:00:00+01:00,74.08036334998374,80.12
2025-11-24 00:15:00+01:00,66.15356419258454,70.96
2025-11-24 00:30:00+01:00,70.80770525352739,69.38
2025-11-24 00:45:00+01:00,61.42763491232387,69.37
2025-11-24 01:00:00+01:00,68.19130454612166,70.15
2025-11-24 01:15:00+01:00,65.00935920678094,69.59
2025-11-24 01:30:00+01:00,65.94076990161592,70.13
2025-11-24 01:45:00+01:00,63.71989799193192,70.38
2025-11-24 02:00:00+01:00,63.67570550250307,69.0
2025-11-24 02:15:00+01:00,64.41440669345656,73.02
2025-11-24 02:30:00+01:00,63.91675256634189,72.91
2025-11-24 02:45:00+01:00,63.44008165427452,74.09
2025-11-24 03:00:00+01:00,62.76674205218376,71.25
2025-11-24 03:15:00+01:00,63.08235830328374,71.87
2025-11-24 03:30:00+01:00,64.85493522565406,74.98
2025-11-24 03:45:00+01:00,65.02816719565355,75.0
2025-11-24 04:00:00+01:00,60.868608802239166,70.74
2025-11-24 04:15:00+01:00,64.48622295957486,73.97
2025-11-24 04:30:00+01:00,68.71484730334483,72.15
2025-11-24 04:45:00+01:00,70.59239766954569,78.16
2025-11-24 05:00:00+01:00,66.5553488299925,70.71
2025-11-24 05:15:00+01:00,76.1152901105355,73.88
2025-11-24 05:30:00+01:00,77.74026847884355,83.76
2025-11-24 05:45:00+01:00,87.03923324726885,91.91
2025-11-24 06:00:00+01:00,67.41004527965008,76.08
2025-11-24 06:15:00+01:00,93.61141477139697,90.03
2025-11-24 06:30:00+01:00,102.61766602963291,92.38
2025-11-24 06:45:00+01:00,116.3436905647325,102.74
2025-11-24 07:00:00+01:00,110.56062397532764,94.86
2025-11-24 07:15:00+01:00,134.9061187380649,104.42
2025-11-24 07:30:00+01:00,149.41892906515076,107.07
2025-11-24 07:45:00+01:00,134.31790833217735,111.22
2025-11-24 08:00:00+01:00,154.55336514693064,114.99
2025-11-24 08:15:00+01:00,153.2064332587694,104.74
2025-11-24 08:30:00+01:00,124.4627444308837,105.66
2025-11-24 08:45:00+01:00,108.77023455030547,105.75
2025-11-24 09:00:00+01:00,130.55087463002235,110.0
2025-11-24 09:15:00+01:00,122.17600236601568,106.38
2025-11-24 09:30:00+01:00,116.66291357520096,114.17
2025-11-24 09:45:00+01:00,105.72993349712053,110.49
2025-11-24 10:00:00+01:00,116.45228158376564,115.97
2025-11-24 10:15:00+01:00,104.06255419218166,112.53
2025-11-24 10:30:00+01:00,97.33069681432475,116.27
2025-11-24 10:45:00+01:00,85.23673363196714,125.02
2025-11-24 11:00:00+01:00,105.35455271559916,121.42
2025-11-24 11:15:00+01:00,100.92780493944544,126.91
2025-11-24 11:30:00+01:00,81.61189092083897,130.01
2025-11-24 11:45:00+01:00,81.40235645615685,133.81
2025-11-24 12:00:00+01:00,79.64425369583091,122.88
2025-11-24 12:15:00+01:00,80.28269570262309,131.95
2025-11-24 12:30:00+01:00,83.04225513097448,135.49
2025-11-24 12:45:00+01:00,87.20784325112092,146.62
2025-11-24 13:00:00+01:00,82.6217269379747,131.81
2025-11-24 13:15:00+01:00,89.23034850444375,141.0
2025-11-24 13:30:00+01:00,91.50559151083031,155.82
2025-11-24 13:45:00+01:00,97.88190794108954,171.34
2025-11-24 14:00:00+01:00,84.82249073021707,171.09
2025-11-24 14:15:00+01:00,92.20274161322342,192.76
2025-11-24 14:30:00+01:00,103.2690793307782,159.95
2025-11-24 14:45:00+01:00,127.39298948510636,170.35
2025-11-24 15:00:00+01:00,98.5818973889102,172.13
2025-11-24 15:15:00+01:00,113.0921888414387,190.93
2025-11-24 15:30:00+01:00,131.8072017097247,210.19
2025-11-24 15:45:00+01:00,179.9479789408609,210.0
2025-11-24 16:00:00+01:00,123.47506857309668,176.56
2025-11-24 16:15:00+01:00,146.35795854613434,202.53
2025-11-24 16:30:00+01:00,148.79559793466092,224.97
2025-11-24 16:45:00+01:00,161.39238765828088,299.04
2025-11-24 17:00:00+01:00,152.7105537555095,232.05
2025-11-24 17:15:00+01:00,156.96382094900855,264.98
2025-11-24 17:30:00+01:00,153.034246114209,275.19
2025-11-24 17:45:00+01:00,156.05524952780132,281.71
2025-11-24 18:00:00+01:00,155.2927091693448,270.1
2025-11-24 18:15:00+01:00,146.56652463220823,229.97
2025-11-24 18:30:00+01:00,147.29950502457325,219.96
2025-11-24 18:45:00+01:00,162.00186790552527,202.32
2025-11-24 19:00:00+01:00,164.9790641589149,213.21
2025-11-24 19:15:00+01:00,155.87027337998998,184.54
2025-11-24 19:30:00+01:00,150.55008916738652,187.55
2025-11-24 19:45:00+01:00,138.63310797789202,167.92
2025-11-24 20:00:00+01:00,138.75334203965875,163.26
2025-11-24 20:15:00+01:00,118.65639549181088,145.0
2025-11-24 20:30:00+01:00,112.5896894052474,155.43
2025-11-24 20:45:00+01:00,105.21219627128782,141.05
2025-11-24 21:00:00+01:00,118.23410140325257,155.33
2025-11-24 21:15:00+01:00,110.59286527542196,137.77
2025-11-24 21:30:00+01:00,106.17849208592736,128.89
2025-11-24 21:45:00+01:00,93.82958101923188,118.95
2025-11-24 22:00:00+01:00,109.44261168162232,134.87
2025-11-24 22:15:00+01:00,117.15305798738002,130.29
2025-11-24 22:30:00+01:00,102.48656531960846,119.2
2025-11-24 22:45:00+01:00,93.89025341730316,107.78
2025-11-24 23:00:00+01:00,105.73839494046304,115.1
2025-11-24 23:15:00+01:00,93.5059758959744,106.19
2025-11-24 23:30:00+01:00,92.47254505804064,103.2
2025-11-24 23:45:00+01:00,83.22364819794792,97.13
2025-11-25 00:00:00+01:00,115.57645517053962,101.75
2025-11-25 00:15:00+01:00,106.8504436327045,99.93
2025-11-25 00:30:00+01:00,106.75794722215552,101.91
2025-11-25 00:45:00+01:00,105.19110134637444,100.01
2025-11-25 01:00:00+01:00,104.62392621339023,102.08
2025-11-25 01:15:00+01:00,103.68742268937255,101.55
2025-11-25 01:30:00+01:00,100.9500348001355,96.6
2025-11-25 01:45:00+01:00,98.96778623324673,96.38
2025-11-25 02:00:00+01:00,105.30053336145792,98.69
2025-11-25 02:15:00+01:00,101.25195398231838,97.01
2025-11-25 02:30:00+01:00,99.39356053803286,97.13
2025-11-25 02:45:00+01:00,96.63360722995064,97.52
2025-11-25 03:00:00+01:00,99.73203525780028,99.02
2025-11-25 03:15:00+01:00,98.13990370994412,94.23
2025-11-25 03:30:00+01:00,96.76343662491708,95.01
2025-11-25 03:45:00+01:00,98.05008259507044,96.13
2025-11-25 04:00:00+01:00,95.37545784042528,97.69
2025-11-25 04:15:00+01:00,96.24814378534202,100.32
2025-11-25 04:30:00+01:00,100.7017390796372,97.52
2025-11-25 04:45:00+01:00,104.78985580349551,102.51
2025-11-25 05:00:00+01:00,95.9919538977318,99.2
2025-11-25 05:15:00+01:00,99.76507305651356,101.27
2025-11-25 05:30:00+01:00,103.9723490900162,111.96
2025-11-25 05:45:00+01:00,106.01127161458928,114.49
2025-11-25 06:00:00+01:00,100.6123104129102,89.2
2025-11-25 06:15:00+01:00,119.70600535536644,106.16
2025-11-25 06:30:00+01:00,135.92234808769712,124.0
2025-11-25 06:45:00+01:00,159.18017541651486,170.27
2025-11-25 07:00:00+01:00,187.46172435578185,157.69
2025-11-25 07:15:00+01:00,242.55758137571803,252.88
2025-11-25 07:30:00+01:00,203.53641775486,361.36
2025-11-25 07:45:00+01:00,188.34790446583264,392.15
2025-11-25 08:00:00+01:00,219.70471830447764,289.17
2025-11-25 08:15:00+01:00,262.8200152453674,351.94
2025-11-25 08:30:00+01:00,201.3671349717461,350.01
2025-11-25 08:45:00+01:00,138.11814475363028,341.98
2025-11-25 09:00:00+01:00,173.3759125951592,296.04
2025-11-25 09:15:00+01:00,159.53045847773652,333.01
2025-11-25 09:30:00+01:00,132.83855898914845,271.45
2025-11-25 09:45:00+01:00,122.7919797244002,270.1
2025-11-25 10:00:00+01:00,158.89135947748963,321.3
2025-11-25 10:15:00+01:00,155.80212497690948,271.34
2025-11-25 10:30:00+01:00,161.82869471615578,254.26
2025-11-25 10:45:00+01:00,126.27310389201548,245.44
2025-11-25 11:00:00+01:00,170.3376293874249,283.79
2025-11-25 11:15:00+01:00,187.73660621553415,333.01
2025-11-25 11:30:00+01:00,152.05732780252953,345.98
2025-11-25 11:45:00+01:00,135.23522237599894,343.73
2025-11-25 12:00:00+01:00,141.77337619735778,333.01
2025-11-25 12:15:00+01:00,116.67310397508804,333.01
2025-11-25 12:30:00+01:00,112.51254676170804,344.12
2025-11-25 12:45:00+01:00,106.6620850926738,393.86
2025-11-25 13:00:00+01:00,108.7504904632618,341.3
2025-11-25 13:15:00+01:00,101.8632863417726,333.01
2025-11-25 13:30:00+01:00,108.69737988369212,307.61
2025-11-25 13:45:00+01:00,114.0206113004657,288.69
2025-11-25 14:00:00+01:00,102.75219654737346,270.09
2025-11-25 14:15:00+01:00,107.62963209759826,316.36
2025-11-25 14:30:00+01:00,126.66955785684176,280.54
2025-11-25 14:45:00+01:00,148.95662129823697,333.01
2025-11-25 15:00:00+01:00,117.81444383097868,310.48
2025-11-25 15:15:00+01:00,138.90006812631992,333.88
2025-11-25 15:30:00+01:00,175.41430469419953,290.98
2025-11-25 15:45:00+01:00,219.1780072806825,304.64
2025-11-25 16:00:00+01:00,151.30064278817957,266.2
2025-11-25 16:15:00+01:00,171.45648086183957,306.42
2025-11-25 16:30:00+01:00,181.3919071323498,350.01
2025-11-25 16:45:00+01:00,171.4717690554475,377.7
2025-11-25 17:00:00+01:00,178.6993508599292,348.7
2025-11-25 17:15:00+01:00,176.36946308775595,399.93
2025-11-25 17:30:00+01:00,167.41676412683327,395.01
2025-11-25 17:45:00+01:00,163.93019869773136,349.61
2025-11-25 18:00:00+01:00,168.27451672020305,333.01
2025-11-25 18:15:00+01:00,162.1507428585008,300.42
2025-11-25 18:30:00+01:00,175.77874706894315,308.78
2025-11-25 18:45:00+01:00,174.808306321688,249.41
2025-11-25 19:00:00+01:00,177.3445251110668,357.06
2025-11-25 19:15:00+01:00,163.8148849148846,266.61
2025-11-25 19:30:00+01:00,156.56595594991262,205.81
2025-11-25 19:45:00+01:00,146.74320635615692,168.01
2025-11-25 20:00:00+01:00,144.45374255371144,223.67
2025-11-25 20:15:00+01:00,138.8897491303499,175.87
2025-11-25 20:30:00+01:00,128.34912656772576,155.8
2025-11-25 20:45:00+01:00,116.12108529219071,136.0
2025-11-25 21:00:00+01:00,132.32716606666614,168.0
2025-11-25 21:15:00+01:00,119.67275006451317,141.87
2025-11-25 21:30:00+01:00,114.76987181321284,122.15
2025-11-25 21:45:00+01:00,101.11044830556077,108.06
2025-11-25 22:00:00+01:00,110.08147106581704,130.41
2025-11-25 22:15:00+01:00,105.08478989398029,123.86
2025-11-25 22:30:00+01:00,101.89312481661555,116.8
2025-11-25 22:45:00+01:00,94.67542867155878,105.55
2025-11-25 23:00:00+01:00,103.61936458589376,117.11
2025-11-25 23:15:00+01:00,96.0775169455372,105.59
2025-11-25 23:30:00+01:00,91.26453926313866,97.14
2025-11-25 23:45:00+01:00,83.65083790000291,88.3
2025-11-26 00:00:00+01:00,109.58940227598592,102.07
2025-11-26 00:15:00+01:00,104.79295598728991,90.14
2025-11-26 00:30:00+01:00,104.23088325947944,90.5
2025-11-26 00:45:00+01:00,101.6382420692044,88.71
2025-11-26 01:00:00+01:00,104.14131637831473,92.32
2025-11-26 01:15:00+01:00,101.78987838223924,89.41
2025-11-26 01:30:00+01:00,97.84495898338854,89.07
2025-11-26 01:45:00+01:00,94.78531818404528,89.0
2025-11-26 02:00:00+01:00,104.9529938831491,89.5
2025-11-26 02:15:00+01:00,97.45633926357732,88.98
2025-11-26 02:30:00+01:00,95.02114583151624,87.42
2025-11-26 02:45:00+01:00,93.3878480103676,87.4
2025-11-26 03:00:00+01:00,96.82070476089744,88.93
2025-11-26 03:15:00+01:00,98.0994316600182,88.99
2025-11-26 03:30:00+01:00,96.35325844068797,90.07
2025-11-26 03:45:00+01:00,96.42716992298756,89.75
2025-11-26 04:00:00+01:00,94.52958155389577,87.28
2025-11-26 04:15:00+01:00,96.01086550261648,88.74
2025-11-26 04:30:00+01:00,101.85143160078398,90.26
2025-11-26 04:45:00+01:00,103.51650320308111,92.93
2025-11-26 05:00:00+01:00,96.51906044918832,87.09
2025-11-26 05:15:00+01:00,98.05655689465372,90.59
2025-11-26 05:30:00+01:00,104.81054308845782,101.19
2025-11-26 05:45:00+01:00,105.43282925139344,110.13
2025-11-26 06:00:00+01:00,105.59287226689192,100.89
2025-11-26 06:15:00+01:00,108.94548307062342,118.84
2025-11-26 06:30:00+01:00,117.09756239422003,133.26
2025-11-26 06:45:00+01:00,149.29818124938873,166.3
2025-11-26 07:00:00+01:00,157.21266329323484,146.66
2025-11-26 07:15:00+01:00,182.89100461352365,182.57
2025-11-26 07:30:00+01:00,193.40644213977973,204.0
2025-11-26 07:45:00+01:00,185.7977553508852,231.45
2025-11-26 08:00:00+01:00,198.6415077583772,213.04
2025-11-26 08:15:00+01:00,190.99313153303984,220.62
2025-11-26 08:30:00+01:00,165.32240471339216,270.1
2025-11-26 08:45:00+01:00,133.40031107712292,245.13
2025-11-26 09:00:00+01:00,189.48716676769376,240.51
2025-11-26 09:15:00+01:00,188.2145992409612,204.08
2025-11-26 09:30:00+01:00,169.60135191450212,206.85
2025-11-26 09:45:00+01:00,145.93625401869608,195.95
2025-11-26 10:00:00+01:00,182.01751150290536,240.4
2025-11-26 10:15:00+01:00,150.97698746068406,199.52
2025-11-26 10:30:00+01:00,169.4544795763473,179.53
2025-11-26 10:45:00+01:00,154.91785451041,169.1
2025-11-26 11:00:00+01:00,169.99374479566512,177.09
2025-11-26 11:15:00+01:00,165.06777962082455,175.28
2025-11-26 11:30:00+01:00,177.65268760164838,169.82
2025-11-26 11:45:00+01:00,149.46964222195376,159.8
2025-11-26 12:00:00+01:00,157.88355391405136,166.55
2025-11-26 12:15:00+01:00,158.27994765314168,160.43
2025-11-26 12:30:00+01:00,132.37154882546935,165.76
2025-11-26 12:45:00+01:00,126.81907580433628,165.99
2025-11-26 13:00:00+01:00,124.63731205887755,169.65
2025-11-26 13:15:00+01:00,138.48336162378752,177.18
2025-11-26 13:30:00+01:00,120.71960546254044,167.44
2025-11-26 13:45:00+01:00,122.04123529771704,158.68
2025-11-26 14:00:00+01:00,119.29494996937352,161.77
2025-11-26 14:15:00+01:00,123.9218072703414,171.43
2025-11-26 14:30:00+01:00,130.6164360822721,196.7
2025-11-26 14:45:00+01:00,132.2227280074842,208.06
2025-11-26 15:00:00+01:00,122.9584795602178,169.44
2025-11-26 15:15:00+01:00,125.90735377754038,200.04
2025-11-26 15:30:00+01:00,133.39815246994146,236.81
2025-11-26 15:45:00+01:00,150.58869953414342,288.6
2025-11-26 16:00:00+01:00,156.79154979019145,214.95
2025-11-26 16:15:00+01:00,150.67865917983696,277.29
2025-11-26 16:30:00+01:00,151.51823929885057,314.03
2025-11-26 16:45:00+01:00,164.9244307098097,371.24
2025-11-26 17:00:00+01:00,141.64585572536816,291.5
2025-11-26 17:15:00+01:00,164.09925329976477,298.58
2025-11-26 17:30:00+01:00,169.24780108971754,295.42
2025-11-26 17:45:00+01:00,164.41728370637816,292.94
2025-11-26 18:00:00+01:00,161.35752709418887,267.96
2025-11-26 18:15:00+01:00,157.23492269292214,213.57
2025-11-26 18:30:00+01:00,172.92985381337138,226.25
2025-11-26 18:45:00+01:00,170.73380627546365,207.94
2025-11-26 19:00:00+01:00,153.1144674963691,219.26
2025-11-26 19:15:00+01:00,161.31972687175883,190.0
2025-11-26 19:30:00+01:00,144.60647641294975,169.81
2025-11-26 19:45:00+01:00,148.4998914243699,155.63
2025-11-26 20:00:00+01:00,147.2872436850836,175.01
2025-11-26 20:15:00+01:00,120.17743716631844,149.99
2025-11-26 20:30:00+01:00,120.5703919741783,128.89
2025-11-26 20:45:00+01:00,118.41605542125905,111.15
2025-11-26 21:00:00+01:00,128.26497541967458,141.0
2025-11-26 21:15:00+01:00,115.46037446007008,124.33
2025-11-26 21:30:00+01:00,103.367302200245,103.06
2025-11-26 21:45:00+01:00,98.11159802005994,91.4
2025-11-26 22:00:00+01:00,102.10359616401075,118.94
2025-11-26 22:15:00+01:00,102.8516904403216,105.08
2025-11-26 22:30:00+01:00,101.85629931196382,94.27
2025-11-26 22:45:00+01:00,93.23565562356652,89.68
2025-11-26 23:00:00+01:00,99.14485721814412,99.79
2025-11-26 23:15:00+01:00,94.32505438506064,90.9
2025-11-26 23:30:00+01:00,91.99809572500094,88.06
2025-11-26 23:45:00+01:00,85.41570757691305,82.0
2025-11-27 00:00:00+01:00,96.96623622499466,94.07
2025-11-27 00:15:00+01:00,94.08780733319034,91.21
2025-11-27 00:30:00+01:00,87.06959294939313,87.81
2025-11-27 00:45:00+01:00,79.32553209606667,86.69
2025-11-27 01:00:00+01:00,90.60421471825694,88.91
2025-11-27 01:15:00+01:00,87.09123918286453,85.62
2025-11-27 01:30:00+01:00,82.01983568522907,82.62
2025-11-27 01:45:00+01:00,78.90514022551837,79.95
2025-11-27 02:00:00+01:00,84.50927373240069,83.73
2025-11-27 02:15:00+01:00,80.39859215223862,81.09
2025-11-27 02:30:00+01:00,78.67258028073083,79.37
2025-11-27 02:45:00+01:00,77.05740775379607,75.6
2025-11-27 03:00:00+01:00,79.10966078300646,80.85
2025-11-27 03:15:00+01:00,77.17568486134849,79.37
2025-11-27 03:30:00+01:00,75.67215064801707,77.42
2025-11-27 03:45:00+01:00,73.44799064114335,71.73
2025-11-27 04:00:00+01:00,74.12189333675123,76.69
2025-11-27 04:15:00+01:00,75.46427966272846,76.92
2025-11-27 04:30:00+01:00,77.63217632832402,82.83
2025-11-27 04:45:00+01:00,81.53152952679727,83.35
2025-11-27 05:00:00+01:00,74.21608939781568,83.19
2025-11-27 05:15:00+01:00,79.14747328192027,73.46
2025-11-27 05:30:00+01:00,84.60090372858694,84.35
2025-11-27 05:45:00+01:00,94.80876450505922,87.31
2025-11-27 06:00:00+01:00,81.39420382126323,86.98
2025-11-27 06:15:00+01:00,86.70316259577184,111.57
2025-11-27 06:30:00+01:00,93.37632227239988,119.44
2025-11-27 06:45:00+01:00,88.84005238118938,130.89
2025-11-27 07:00:00+01:00,99.95238308627565,116.39
2025-11-27 07:15:00+01:00,122.06006479800226,120.6
2025-11-27 07:30:00+01:00,137.1994181960548,125.98
2025-11-27 07:45:00+01:00,137.151713465388,125.03
2025-11-27 08:00:00+01:00,151.54737978671875,132.01
2025-11-27 08:15:00+01:00,151.2751410646851,126.84
2025-11-27 08:30:00+01:00,125.15549809106072,119.91
2025-11-27 08:45:00+01:00,107.68833413895771,113.66
2025-11-27 09:00:00+01:00,128.529087887528,116.5
2025-11-27 09:15:00+01:00,101.50485677853814,119.82
2025-11-27 09:30:00+01:00,114.74116292923624,103.4
2025-11-27 09:45:00+01:00,86.53457644059657,88.09
2025-11-27 10:00:00+01:00,104.35562029039346,103.09
2025-11-27 10:15:00+01:00,99.72817385347088,87.54
2025-11-27 10:30:00+01:00,89.87605351908357,86.49
2025-11-27 10:45:00+01:00,84.5620596086468,86.67
2025-11-27 11:00:00+01:00,97.13220335565411,92.82
2025-11-27 11:15:00+01:00,88.60182920438349,89.39
2025-11-27 11:30:00+01:00,83.33475036169878,86.61
2025-11-27 11:45:00+01:00,82.78452347775884,85.84
2025-11-27 12:00:00+01:00,94.07941727503017,90.38
2025-11-27 12:15:00+01:00,85.10543977731275,85.72
2025-11-27 12:30:00+01:00,83.84178712233324,85.75
2025-11-27 12:45:00+01:00,87.70100651568681,86.4
2025-11-27 13:00:00+01:00,85.99421271207088,86.45
2025-11-27 13:15:00+01:00,85.87819943955382,85.06
2025-11-27 13:30:00+01:00,90.7119452616774,85.32
2025-11-27 13:45:00+01:00,92.40235325165338,86.21
2025-11-27 14:00:00+01:00,86.15258240080635,86.32
2025-11-27 14:15:00+01:00,87.1914631511294,86.52
2025-11-27 14:30:00+01:00,90.72658793230129,90.0
2025-11-27 14:45:00+01:00,106.64878949967868,94.15
2025-11-27 15:00:00+01:00,83.73605215769268,86.61
2025-11-27 15:15:00+01:00,93.36247419650518,88.82
2025-11-27 15:30:00+01:00,114.2155181321393,97.13
2025-11-27 15:45:00+01:00,117.13349970458788,89.84
2025-11-27 16:00:00+01:00,110.6863916221138,94.1
2025-11-27 16:15:00+01:00,117.65614579260595,86.32
2025-11-27 16:30:00+01:00,121.6209153734314,88.21
2025-11-27 16:45:00+01:00,132.88336116639314,93.09
2025-11-27 17:00:00+01:00,119.60916264082276,85.47
2025-11-27 17:15:00+01:00,130.4038323240513,92.01
2025-11-27 17:30:00+01:00,131.1256849850841,100.19
2025-11-27 17:45:00+01:00,134.46593935849185,112.36
2025-11-27 18:00:00+01:00,130.16175272099,103.57
2025-11-27 18:15:00+01:00,127.9476856857826,99.75
2025-11-27 18:30:00+01:00,123.84665101357552,101.78
2025-11-27 18:45:00+01:00,95.49886955418616,100.47
2025-11-27 19:00:00+01:00,115.7022099029026,98.54
2025-11-27 19:15:00+01:00,110.59412755651566,88.66
2025-11-27 19:30:00+01:00,101.37297378092494,85.3
2025-11-27 19:45:00+01:00,106.7489885085644,80.58
2025-11-27 20:00:00+01:00,101.62474298002374,91.42
2025-11-27 20:15:00+01:00,85.49313403761835,90.83
2025-11-27 20:30:00+01:00,90.37952559822602,82.01
2025-11-27 20:45:00+01:00,87.55320873145942,77.33
2025-11-27 21:00:00+01:00,98.9943136937982,88.62
2025-11-27 21:15:00+01:00,87.61649344019155,75.77
2025-11-27 21:30:00+01:00,76.31581507968725,80.57
2025-11-27 21:45:00+01:00,67.46895453732546,77.54
2025-11-27 22:00:00+01:00,87.34040597306942,90.43
2025-11-27 22:15:00+01:00,71.23940916781548,83.69
2025-11-27 22:30:00+01:00,83.7902307621301,87.03
2025-11-27 22:45:00+01:00,71.01536879508417,79.27
2025-11-27 23:00:00+01:00,73.8809883719885,84.9
2025-11-27 23:15:00+01:00,67.04504162040348,74.68
2025-11-27 23:30:00+01:00,68.51818179353918,66.89
2025-11-27 23:45:00+01:00,64.12891431259304,51.36
2025-11-28 00:00:00+01:00,78.3936868639515,70.39
2025-11-28 00:15:00+01:00,69.69546011015433,65.07
2025-11-28 00:30:00+01:00,68.80700649317993,55.81
2025-11-28 00:45:00+01:00,62.687572142016705,52.09
2025-11-28 01:00:00+01:00,71.50076718985326,65.16
2025-11-28 01:15:00+01:00,65.91099722329106,52.5
2025-11-28 01:30:00+01:00,65.03698152483688,53.72
2025-11-28 01:45:00+01:00,60.79776505175887,48.62
2025-11-28 02:00:00+01:00,63.24322856401342,54.94
2025-11-28 02:15:00+01:00,62.55238302525308,53.41
2025-11-28 02:30:00+01:00,63.61271738339256,52.71
2025-11-28 02:45:00+01:00,63.19454067508238,50.66
2025-11-28 03:00:00+01:00,61.336238408567525,46.88
2025-11-28 03:15:00+01:00,62.98117616671048,48.21
2025-11-28 03:30:00+01:00,62.4363741093762,47.88
2025-11-28 03:45:00+01:00,61.30627634406523,48.56
2025-11-28 04:00:00+01:00,61.983467460395104,52.1
2025-11-28 04:15:00+01:00,63.29811898615336,51.42
2025-11-28 04:30:00+01:00,64.10956974517124,60.07
2025-11-28 04:45:00+01:00,69.03856473085352,69.91
2025-11-28 05:00:00+01:00,63.4765349362928,51.5
2025-11-28 05:15:00+01:00,71.31953637247966,54.6
2025-11-28 05:30:00+01:00,77.26512981505532,59.93
2025-11-28 05:45:00+01:00,87.39486217686411,78.13
2025-11-28 06:00:00+01:00,68.27965239579822,63.73
2025-11-28 06:15:00+01:00,89.61336499968816,78.11
2025-11-28 06:30:00+01:00,94.40916575719176,87.33
2025-11-28 06:45:00+01:00,109.32619575675488,102.28
2025-11-28 07:00:00+01:00,104.0729409324545,78.23
2025-11-28 07:15:00+01:00,114.63408748726276,90.96
2025-11-28 07:30:00+01:00,122.07146373005732,95.0
2025-11-28 07:45:00+01:00,130.4978113145777,87.09
2025-11-28 08:00:00+01:00,135.53546186005687,102.89
2025-11-28 08:15:00+01:00,139.5299563929824,98.63
2025-11-28 08:30:00+01:00,123.7308004603509,100.37
2025-11-28 08:45:00+01:00,109.60260796052395,100.01
2025-11-28 09:00:00+01:00,131.14028202382144,114.3
2025-11-28 09:15:00+01:00,112.88037341519328,102.25
2025-11-28 09:30:00+01:00,115.18146048531275,100.1
2025-11-28 09:45:00+01:00,100.82409507035771,96.95
2025-11-28 10:00:00+01:00,111.8830520010522,102.24
2025-11-28 10:15:00+01:00,113.1967651267736,96.07
2025-11-28 10:30:00+01:00,102.039106368341,97.01
2025-11-28 10:45:00+01:00,112.9142146343828,96.06
2025-11-28 11:00:00+01:00,104.35277196795924,104.5
2025-11-28 11:15:00+01:00,108.8647233340172,102.98
2025-11-28 11:30:00+01:00,111.67725041818656,102.83
2025-11-28 11:45:00+01:00,108.96727251234648,100.97
2025-11-28 12:00:00+01:00,106.10408855005508,94.73
2025-11-28 12:15:00+01:00,105.90035364595714,94.2
2025-11-28 12:30:00+01:00,96.95599675890664,102.74
2025-11-28 12:45:00+01:00,106.90835263320348,103.18
2025-11-28 13:00:00+01:00,116.7366186996731,97.56
2025-11-28 13:15:00+01:00,102.22046305315484,99.96
2025-11-28 13:30:00+01:00,102.99250907946308,100.96
2025-11-28 13:45:00+01:00,108.790675547321,99.32
2025-11-28 14:00:00+01:00,109.6162587527882,92.35
2025-11-28 14:15:00+01:00,113.02201740153022,94.54
2025-11-28 14:30:00+01:00,111.73574014347594,102.32
2025-11-28 14:45:00+01:00,126.41328576781748,105.95
2025-11-28 15:00:00+01:00,114.83102366398909,94.63
2025-11-28 15:15:00+01:00,108.08548312121331,104.02
2025-11-28 15:30:00+01:00,130.1463779000423,117.63
2025-11-28 15:45:00+01:00,145.51341261019024,102.4
2025-11-28 16:00:00+01:00,121.38528455792476,106.13
2025-11-28 16:15:00+01:00,137.48452907742225,103.0
2025-11-28 16:30:00+01:00,145.09097620811178,101.42
2025-11-28 16:45:00+01:00,162.9177706962128,103.05
2025-11-28 17:00:00+01:00,139.8618864594467,94.32
2025-11-28 17:15:00+01:00,149.18273020326896,96.95
2025-11-28 17:30:00+01:00,152.26066463449942,96.47
2025-11-28 17:45:00+01:00,155.12152543812027,96.89
2025-11-28 18:00:00+01:00,147.63381138471755,101.04
2025-11-28 18:15:00+01:00,140.04281256402552,95.41
2025-11-28 18:30:00+01:00,134.0926781958742,98.03
2025-11-28 18:45:00+01:00,156.05586141432337,98.02
2025-11-28 19:00:00+01:00,135.3839186608465,102.32
2025-11-28 19:15:00+01:00,150.37797522144507,96.1
2025-11-28 19:30:00+01:00,114.98969629429502,91.57
2025-11-28 19:45:00+01:00,109.90758735669876,83.29
2025-11-28 20:00:00+01:00,113.796073482407,102.8
2025-11-28 20:15:00+01:00,98.93903954062723,87.62
2025-11-28 20:30:00+01:00,92.31454221577708,85.29
2025-11-28 20:45:00+01:00,89.62829634331773,78.12
2025-11-28 21:00:00+01:00,100.60028187518655,91.34
2025-11-28 21:15:00+01:00,91.19440781640976,89.37
2025-11-28 21:30:00+01:00,80.96517059542987,86.05
2025-11-28 21:45:00+01:00,70.06057327619203,74.88
2025-11-28 22:00:00+01:00,92.65418354650426,91.61
2025-11-28 22:15:00+01:00,82.55956432827028,84.73
2025-11-28 22:30:00+01:00,79.48963604591576,88.43
2025-11-28 22:45:00+01:00,72.4872245358208,77.41
2025-11-28 23:00:00+01:00,78.29160773929993,85.83
2025-11-28 23:15:00+01:00,72.55912844770059,77.69
2025-11-28 23:30:00+01:00,73.64135960068592,75.84
2025-11-28 23:45:00+01:00,76.03150550461507,71.96
2025-11-29 00:00:00+01:00,82.1484091704945,95.22
2025-11-29 00:15:00+01:00,78.58399723014077,83.55
2025-11-29 00:30:00+01:00,75.17995038976207,77.91
2025-11-29 00:45:00+01:00,71.75843525962283,70.24
2025-11-29 01:00:00+01:00,76.00265590537678,83.48
2025-11-29 01:15:00+01:00,73.76416938799312,78.65
2025-11-29 01:30:00+01:00,71.82171512165668,80.62
2025-11-29 01:45:00+01:00,69.63612345448541,80.84
2025-11-29 02:00:00+01:00,71.9641992545995,84.28
2025-11-29 02:15:00+01:00,71.96650536747708,83.11
2025-11-29 02:30:00+01:00,70.81113573859578,78.97
2025-11-29 02:45:00+01:00,70.3028360921698,78.98
2025-11-29 03:00:00+01:00,70.03175047406928,84.07
2025-11-29 03:15:00+01:00,69.87695804480123,80.89
2025-11-29 03:30:00+01:00,70.00218047217761,82.18
2025-11-29 03:45:00+01:00,67.42177436077672,83.09
2025-11-29 04:00:00+01:00,67.78969109023441,83.02
2025-11-29 04:15:00+01:00,69.14819833428477,85.4
2025-11-29 04:30:00+01:00,71.27139767079379,86.79
2025-11-29 04:45:00+01:00,72.90652205175626,87.58
2025-11-29 05:00:00+01:00,69.57510048132076,90.25
2025-11-29 05:15:00+01:00,71.69748809229934,91.88
2025-11-29 05:30:00+01:00,74.04061527386848,84.93
2025-11-29 05:45:00+01:00,75.65756369213489,92.93
2025-11-29 06:00:00+01:00,69.0104619219907,81.1
2025-11-29 06:15:00+01:00,75.35401877491297,87.26
2025-11-29 06:30:00+01:00,69.8617755908294,93.64
2025-11-29 06:45:00+01:00,89.07910902718407,101.55
2025-11-29 07:00:00+01:00,78.99907205394388,79.12
2025-11-29 07:15:00+01:00,97.07935959845186,88.55
2025-11-29 07:30:00+01:00,96.24343430212475,104.37
2025-11-29 07:45:00+01:00,95.7624719401484,112.66
2025-11-29 08:00:00+01:00,104.07500332956916,92.7
2025-11-29 08:15:00+01:00,100.17135853372592,85.78
2025-11-29 08:30:00+01:00,91.77045759376898,89.8
2025-11-29 08:45:00+01:00,84.30214285436809,88.32
2025-11-29 09:00:00+01:00,101.61577367556686,99.87
2025-11-29 09:15:00+01:00,92.84844329659032,101.78
2025-11-29 09:30:00+01:00,95.1275416294988,101.98
2025-11-29 09:45:00+01:00,90.99266580007928,102.7
2025-11-29 10:00:00+01:00,98.9193683362484,109.99
2025-11-29 10:15:00+01:00,92.49751225288202,103.69
2025-11-29 10:30:00+01:00,97.63735814786912,99.74
2025-11-29 10:45:00+01:00,104.51796885473748,92.34
2025-11-29 11:00:00+01:00,103.27840286736397,100.8
2025-11-29 11:15:00+01:00,99.13685724071236,99.76
2025-11-29 11:30:00+01:00,102.26480945619738,94.8
2025-11-29 11:45:00+01:00,91.92493313808696,85.69
2025-11-29 12:00:00+01:00,98.7749756458036,91.03
2025-11-29 12:15:00+01:00,89.91334379779308,85.22
2025-11-29 12:30:00+01:00,93.47906897527976,85.25
2025-11-29 12:45:00+01:00,94.28110321734736,82.89
2025-11-29 13:00:00+01:00,98.44627744558422,93.16
2025-11-29 13:15:00+01:00,96.87763474911078,85.26
2025-11-29 13:30:00+01:00,96.04841000059622,85.52
2025-11-29 13:45:00+01:00,92.8604296693122,87.89
2025-11-29 14:00:00+01:00,99.32806233734064,86.1
2025-11-29 14:15:00+01:00,105.46316283746374,88.82
2025-11-29 14:30:00+01:00,98.5490382210403,93.64
2025-11-29 14:45:00+01:00,109.95684036904956,98.35
2025-11-29 15:00:00+01:00,95.05586089987096,97.31
2025-11-29 15:15:00+01:00,100.5975711845974,107.93
2025-11-29 15:30:00+01:00,118.41094616390332,102.44
2025-11-29 15:45:00+01:00,129.0541483439095,103.21
2025-11-29 16:00:00+01:00,108.58660234213268,91.77
2025-11-29 16:15:00+01:00,118.77713475157366,100.12
2025-11-29 16:30:00+01:00,116.508798626236,104.57
2025-11-29 16:45:00+01:00,122.87762986058688,114.12
2025-11-29 17:00:00+01:00,130.53021665281506,107.43
2025-11-29 17:15:00+01:00,122.21623648272254,109.38
2025-11-29 17:30:00+01:00,120.15312772032256,108.14
2025-11-29 17:45:00+01:00,110.95969961184046,103.39
2025-11-29 18:00:00+01:00,124.09622371941585,107.41
2025-11-29 18:15:00+01:00,115.08849057379425,98.0
2025-11-29 18:30:00+01:00,96.34691586903796,95.02
2025-11-29 18:45:00+01:00,78.01627367614839,92.09
2025-11-29 19:00:00+01:00,99.58512550867376,92.17
2025-11-29 19:15:00+01:00,82.30851317906597,89.88
2025-11-29 19:30:00+01:00,75.02757554134868,85.61
2025-11-29 19:45:00+01:00,67.6391380051214,86.06
2025-11-29 20:00:00+01:00,80.33550719561907,89.88
2025-11-29 20:15:00+01:00,67.85704905682438,83.11
2025-11-29 20:30:00+01:00,69.57565953118024,76.91
2025-11-29 20:45:00+01:00,67.90009141260863,74.55
2025-11-29 21:00:00+01:00,76.56617045633325,85.61
2025-11-29 21:15:00+01:00,72.37485293136132,82.58
2025-11-29 21:30:00+01:00,73.35819131269102,78.31
2025-11-29 21:45:00+01:00,68.57726064416282,76.7
2025-11-29 22:00:00+01:00,84.16899275825602,86.95
2025-11-29 22:15:00+01:00,75.5745808433849,83.91
2025-11-29 22:30:00+01:00,71.615102887468,86.43
2025-11-29 22:45:00+01:00,68.19195778494164,76.67
2025-11-29 23:00:00+01:00,75.57965858760191,83.1
2025-11-29 23:15:00+01:00,68.75507575127563,76.95
2025-11-29 23:30:00+01:00,64.43450072203021,76.0
2025-11-29 23:45:00+01:00,67.73626508854646,74.86
2025-11-30 00:00:00+01:00,84.89932125659703,84.65
2025-11-30 00:15:00+01:00,79.65532580625958,78.22
2025-11-30 00:30:00+01:00,72.83703516057625,71.64
2025-11-30 00:45:00+01:00,69.61647083634831,69.38
2025-11-30 01:00:00+01:00,76.11087740665533,74.13
2025-11-30 01:15:00+01:00,71.94943898169907,68.56
2025-11-30 01:30:00+01:00,69.27094761019326,68.38
2025-11-30 01:45:00+01:00,69.03129320617201,68.06
2025-11-30 02:00:00+01:00,69.78555028546202,69.34
2025-11-30 02:15:00+01:00,71.50036206445101,68.74
2025-11-30 02:30:00+01:00,69.89775293864017,67.74
2025-11-30 02:45:00+01:00,69.93992541828592,63.93
2025-11-30 03:00:00+01:00,69.21503533931889,68.56
2025-11-30 03:15:00+01:00,68.90877002777914,67.03
2025-11-30 03:30:00+01:00,70.92515820302708,65.14
2025-11-30 03:45:00+01:00,66.88270422643362,60.69
2025-11-30 04:00:00+01:00,67.42950737477808,65.55
2025-11-30 04:15:00+01:00,70.05053004143493,67.09
2025-11-30 04:30:00+01:00,71.44974015488798,68.7
2025-11-30 04:45:00+01:00,72.00614330597617,66.66
2025-11-30 05:00:00+01:00,67.3186251109529,72.04
2025-11-30 05:15:00+01:00,73.51213751757473,71.48
2025-11-30 05:30:00+01:00,72.17014108482627,75.74
2025-11-30 05:45:00+01:00,74.46039319732063,77.91
2025-11-30 06:00:00+01:00,68.7403745166565,71.32
2025-11-30 06:15:00+01:00,70.76031538745268,72.86
2025-11-30 06:30:00+01:00,73.30417498795049,77.18
2025-11-30 06:45:00+01:00,77.9939014475661,80.95
2025-11-30 07:00:00+01:00,79.38939032267655,72.4
2025-11-30 07:15:00+01:00,83.33774435039973,71.46
2025-11-30 07:30:00+01:00,77.32745070306987,77.91
2025-11-30 07:45:00+01:00,78.86493642033776,82.13
2025-11-30 08:00:00+01:00,88.58608031436023,75.79
2025-11-30 08:15:00+01:00,81.75669039000718,83.06
2025-11-30 08:30:00+01:00,81.09982360453445,79.77
2025-11-30 08:45:00+01:00,81.04173172094148,80.74
2025-11-30 09:00:00+01:00,89.69462756970859,82.06
2025-11-30 09:15:00+01:00,79.27038697929474,82.4
2025-11-30 09:30:00+01:00,83.40263313349365,82.0
2025-11-30 09:45:00+01:00,79.50843028020662,76.14
2025-11-30 10:00:00+01:00,85.24235180202872,87.79
2025-11-30 10:15:00+01:00,82.73270682532817,85.1
2025-11-30 10:30:00+01:00,80.8356814694554,83.74
2025-11-30 10:45:00+01:00,90.26114445093168,81.06
2025-11-30 11:00:00+01:00,82.08249311320976,77.9
2025-11-30 11:15:00+01:00,86.11467218883493,80.16
2025-11-30 11:30:00+01:00,88.54650303519585,84.11
2025-11-30 11:45:00+01:00,81.75227083303682,84.0
2025-11-30 12:00:00+01:00,83.30279366102606,78.81
2025-11-30 12:15:00+01:00,75.4576425131065,76.41
2025-11-30 12:30:00+01:00,78.33632180122362,82.48
2025-11-30 12:45:00+01:00,86.02590146554644,85.08
2025-11-30 13:00:00+01:00,75.57050893228248,77.91
2025-11-30 13:15:00+01:00,82.98172556760731,80.74
2025-11-30 13:30:00+01:00,82.98455730548068,83.68
2025-11-30 13:45:00+01:00,89.56587946656316,87.74
2025-11-30 14:00:00+01:00,83.12289325490075,78.32
2025-11-30 14:15:00+01:00,93.80759412786354,87.18
2025-11-30 14:30:00+01:00,94.88490298564206,89.08
2025-11-30 14:45:00+01:00,106.9073953632146,95.61
2025-11-30 15:00:00+01:00,95.01187302989216,81.82
2025-11-30 15:15:00+01:00,106.68558045958132,88.59
2025-11-30 15:30:00+01:00,116.27811636181254,103.14
2025-11-30 15:45:00+01:00,129.4834027222944,100.76
2025-11-30 16:00:00+01:00,111.11499619121108,82.79
2025-11-30 16:15:00+01:00,121.04211480956944,86.61
2025-11-30 16:30:00+01:00,121.18240158745684,99.94
2025-11-30 16:45:00+01:00,122.53678730684976,101.9
2025-11-30 17:00:00+01:00,137.77096781068724,103.02
2025-11-30 17:15:00+01:00,130.0921318128249,103.09
2025-11-30 17:30:00+01:00,120.81442800156752,105.03
2025-11-30 17:45:00+01:00,108.5036845612362,105.05
2025-11-30 18:00:00+01:00,119.1914646167282,106.37
2025-11-30 18:15:00+01:00,113.59111761874736,105.07
2025-11-30 18:30:00+01:00,99.66292982162136,105.1
2025-11-30 18:45:00+01:00,93.41079799992562,108.31
2025-11-30 19:00:00+01:00,102.84445672182449,103.08
2025-11-30 19:15:00+01:00,96.441039361161,105.01
2025-11-30 19:30:00+01:00,95.3495871587432,103.28
2025-11-30 19:45:00+01:00,91.89396990394796,105.14
2025-11-30 20:00:00+01:00,97.63115712350417,97.27
2025-11-30 20:15:00+01:00,94.5007082816108,97.7
2025-11-30 20:30:00+01:00,90.8139916310762,96.74
2025-11-30 20:45:00+01:00,85.90788635383511,98.39
2025-11-30 21:00:00+01:00,95.7151489300175,95.94
2025-11-30 21:15:00+01:00,90.62043954648205,96.66
2025-11-30 21:30:00+01:00,89.49148974300209,90.92
2025-11-30 21:45:00+01:00,82.71082931109976,88.2
2025-11-30 22:00:00+01:00,95.59054357748424,95.51
2025-11-30 22:15:00+01:00,91.38091600207744,93.93
2025-11-30 22:30:00+01:00,88.37144368104698,91.64
2025-11-30 22:45:00+01:00,81.0735170832577,89.31
2025-11-30 23:00:00+01:00,90.82977424665248,88.51
2025-11-30 23:15:00+01:00,82.45124919012385,86.44
2025-11-30 23:30:00+01:00,80.07522043717178,87.27
2025-11-30 23:45:00+01:00,71.34096596664335,86.29
2025-12-01 00:00:00+01:00,93.16573490371964,90.91
2025-12-01 00:15:00+01:00,89.64530751599072,90.44
2025-12-01 00:30:00+01:00,84.4721130002762,86.29
2025-12-01 00:45:00+01:00,81.39706152562916,84.34
2025-12-01 01:00:00+01:00,86.15554730230741,90.79
2025-12-01 01:15:00+01:00,81.83823808435706,85.05
2025-12-01 01:30:00+01:00,82.40871567296907,85.46
2025-12-01 01:45:00+01:00,80.43919893243849,82.79
2025-12-01 02:00:00+01:00,81.72882338002596,85.03
2025-12-01 02:15:00+01:00,81.5097876140306,81.35
2025-12-01 02:30:00+01:00,79.57858448208712,78.91
2025-12-01 02:45:00+01:00,78.21655398858162,80.07
2025-12-01 03:00:00+01:00,79.55720606570004,86.29
2025-12-01 03:15:00+01:00,77.77979923741705,85.02
2025-12-01 03:30:00+01:00,77.16040452232326,82.8
2025-12-01 03:45:00+01:00,75.65903026820054,86.45
2025-12-01 04:00:00+01:00,77.51441750969786,80.08
2025-12-01 04:15:00+01:00,78.58925702692973,81.32
2025-12-01 04:30:00+01:00,79.2004522495155,76.83
2025-12-01 04:45:00+01:00,84.73630692406074,82.8
2025-12-01 05:00:00+01:00,77.37718889823253,81.36
2025-12-01 05:15:00+01:00,80.30523858030463,79.44
2025-12-01 05:30:00+01:00,85.80812945236731,90.9
2025-12-01 05:45:00+01:00,90.3278130939251,103.28
2025-12-01 06:00:00+01:00,80.65856992479077,77.9
2025-12-01 06:15:00+01:00,97.33702183749246,81.33
2025-12-01 06:30:00+01:00,111.3312941545029,92.36
2025-12-01 06:45:00+01:00,114.20032118116258,102.91
2025-12-01 07:00:00+01:00,125.90713319677472,119.01
2025-12-01 07:15:00+01:00,139.79094820006145,119.06
2025-12-01 07:30:00+01:00,138.4855163474205,130.98
2025-12-01 07:45:00+01:00,136.29896331414722,142.39
2025-12-01 08:00:00+01:00,157.73458866530746,170.36
2025-12-01 08:15:00+01:00,142.082499548881,146.72
2025-12-01 08:30:00+01:00,119.7236386182922,122.86
2025-12-01 08:45:00+01:00,107.09265196990732,117.39
2025-12-01 09:00:00+01:00,124.46894130417805,117.0
2025-12-01 09:15:00+01:00,109.71658573606136,112.59
2025-12-01 09:30:00+01:00,105.74782328772577,104.5
2025-12-01 09:45:00+01:00,97.06747484537983,86.29
2025-12-01 10:00:00+01:00,112.7281585689713,97.71
2025-12-01 10:15:00+01:00,105.53573136132697,95.05
2025-12-01 10:30:00+01:00,102.88938558626124,95.02
2025-12-01 10:45:00+01:00,102.92540011476498,87.15
2025-12-01 11:00:00+01:00,107.56800317488582,90.58
2025-12-01 11:15:00+01:00,103.48543324281424,86.3
2025-12-01 11:30:00+01:00,100.98743308653768,83.32
2025-12-01 11:45:00+01:00,97.1399499785906,83.64
2025-12-01 12:00:00+01:00,96.41131899906505,86.29
2025-12-01 12:15:00+01:00,98.78905467807944,81.4
2025-12-01 12:30:00+01:00,100.36134153420716,84.9
2025-12-01 12:45:00+01:00,104.15441014758728,87.48
2025-12-01 13:00:00+01:00,97.09334878056988,86.19
2025-12-01 13:15:00+01:00,100.28949276208904,86.98
2025-12-01 13:30:00+01:00,98.52298906068228,89.91
2025-12-01 13:45:00+01:00,103.55321496305152,97.2
2025-12-01 14:00:00+01:00,96.32381405288504,98.21
2025-12-01 14:15:00+01:00,98.99846071722708,106.89
2025-12-01 14:30:00+01:00,105.44841258329193,114.77
2025-12-01 14:45:00+01:00,112.49785578854669,109.0
2025-12-01 15:00:00+01:00,106.44304434160222,117.43
2025-12-01 15:15:00+01:00,109.71448053293196,122.89
2025-12-01 15:30:00+01:00,122.98559789625672,126.75
2025-12-01 15:45:00+01:00,131.27039782297228,114.22
2025-12-01 16:00:00+01:00,120.4240947923057,118.92
2025-12-01 16:15:00+01:00,117.78371104828511,119.94
2025-12-01 16:30:00+01:00,126.55979725771282,112.45
2025-12-01 16:45:00+01:00,133.2929746171569,100.55
2025-12-01 17:00:00+01:00,123.78827479586457,89.91
2025-12-01 17:15:00+01:00,128.25397133386858,97.82
2025-12-01 17:30:00+01:00,120.0044876996592,100.56
2025-12-01 17:45:00+01:00,105.50051824773462,89.36
2025-12-01 18:00:00+01:00,124.58607507099022,86.91
2025-12-01 18:15:00+01:00,110.88039952367912,89.7
2025-12-01 18:30:00+01:00,118.53090372731668,91.08
2025-12-01 18:45:00+01:00,137.35334223676458,88.28
2025-12-01 19:00:00+01:00,110.921665705709,95.08
2025-12-01 19:15:00+01:00,90.36230156053288,85.38
2025-12-01 19:30:00+01:00,75.60887880880213,85.91
2025-12-01 19:45:00+01:00,66.1850157813189,80.7
2025-12-01 20:00:00+01:00,81.73461944811429,91.99
2025-12-01 20:15:00+01:00,72.90761164324786,84.07
2025-12-01 20:30:00+01:00,71.89440203883342,75.91
2025-12-01 20:45:00+01:00,73.06173348346327,77.23
2025-12-01 21:00:00+01:00,79.57532713027034,86.86
2025-12-01 21:15:00+01:00,74.60436344441406,80.98
2025-12-01 21:30:00+01:00,69.86574314094719,69.87
2025-12-01 21:45:00+01:00,60.09662689003997,66.09
2025-12-01 22:00:00+01:00,84.63478569897488,84.08
2025-12-01 22:15:00+01:00,70.27067872468504,72.56
2025-12-01 22:30:00+01:00,67.98105465168793,79.69
2025-12-01 22:45:00+01:00,59.63832913824611,69.39
2025-12-01 23:00:00+01:00,62.160504840489715,82.47
2025-12-01 23:15:00+01:00,53.00343139953951,70.76
2025-12-01 23:30:00+01:00,55.01896293765897,71.18
2025-12-01 23:45:00+01:00,48.8281258136854,62.8
2025-12-02 00:00:00+01:00,79.3855104770561,74.08
2025-12-02 00:15:00+01:00,72.85573808228236,69.92
2025-12-02 00:30:00+01:00,68.84713289114204,63.16
2025-12-02 00:45:00+01:00,68.32014636950504,55.95
2025-12-02 01:00:00+01:00,70.67714759647018,65.41
2025-12-02 01:15:00+01:00,66.47941787793135,58.49
2025-12-02 01:30:00+01:00,70.32164763759516,56.59
2025-12-02 01:45:00+01:00,66.74005058182564,54.79
2025-12-02 02:00:00+01:00,66.20082388264484,55.08
2025-12-02 02:15:00+01:00,67.08095893758903,54.24
2025-12-02 02:30:00+01:00,68.3759368415584,54.69
2025-12-02 02:45:00+01:00,66.39428651576054,55.73
2025-12-02 03:00:00+01:00,65.55857594873358,55.16
2025-12-02 03:15:00+01:00,66.0497236699183,53.71
2025-12-02 03:30:00+01:00,68.56833898420192,54.16
2025-12-02 03:45:00+01:00,68.70460488710123,51.9
2025-12-02 04:00:00+01:00,68.41547211041653,48.96
2025-12-02 04:15:00+01:00,69.32666013291036,49.78
2025-12-02 04:30:00+01:00,72.02046699190615,51.02
2025-12-02 04:45:00+01:00,74.42049543735027,52.11
2025-12-02 05:00:00+01:00,66.96483392764297,50.29
2025-12-02 05:15:00+01:00,74.60647239303312,59.31
2025-12-02 05:30:00+01:00,79.07367729222491,69.17
2025-12-02 05:45:00+01:00,88.2604536564135,79.57
2025-12-02 06:00:00+01:00,75.20086082099151,62.56
2025-12-02 06:15:00+01:00,90.67023225527277,76.7
2025-12-02 06:30:00+01:00,93.25161651769967,90.05
2025-12-02 06:45:00+01:00,108.25478484229184,84.74
2025-12-02 07:00:00+01:00,87.44669703098943,74.21
2025-12-02 07:15:00+01:00,105.52817182549046,80.8
2025-12-02 07:30:00+01:00,110.12278507786236,92.82
2025-12-02 07:45:00+01:00,125.74712255612158,103.32
2025-12-02 08:00:00+01:00,148.70898671547434,84.2
2025-12-02 08:15:00+01:00,138.67246706387095,87.9
2025-12-02 08:30:00+01:00,131.63899244975264,88.12
2025-12-02 08:45:00+01:00,113.63982784323387,90.38
2025-12-02 09:00:00+01:00,128.9891670197042,88.79
2025-12-02 09:15:00+01:00,122.45941322831035,89.98
2025-12-02 09:30:00+01:00,113.03632385503708,89.16
2025-12-02 09:45:00+01:00,97.73128341548792,85.19
2025-12-02 10:00:00+01:00,110.38079326921375,87.61
2025-12-02 10:15:00+01:00,102.09729516848375,85.38
2025-12-02 10:30:00+01:00,94.81376759608692,84.61
2025-12-02 10:45:00+01:00,96.31256227635552,85.73
2025-12-02 11:00:00+01:00,102.1721454215641,85.07
2025-12-02 11:15:00+01:00,105.9241854650569,85.2
2025-12-02 11:30:00+01:00,101.71844616159257,87.84
2025-12-02 11:45:00+01:00,105.63704909541508,88.78
2025-12-02 12:00:00+01:00,99.27422997704711,87.01
2025-12-02 12:15:00+01:00,104.92178804120908,86.99
2025-12-02 12:30:00+01:00,118.38936260813696,87.58
2025-12-02 12:45:00+01:00,112.7552097705045,88.21
2025-12-02 13:00:00+01:00,112.69078109454249,94.84
2025-12-02 13:15:00+01:00,118.8747658553206,91.79
2025-12-02 13:30:00+01:00,106.33390763245774,94.84
2025-12-02 13:45:00+01:00,109.71737231958711,106.67
2025-12-02 14:00:00+01:00,103.96703141196608,84.49
2025-12-02 14:15:00+01:00,106.68775273272205,86.75
2025-12-02 14:30:00+01:00,112.83519481997917,116.52
2025-12-02 14:45:00+01:00,125.1517452311021,132.27
2025-12-02 15:00:00+01:00,114.32075708712682,122.27
2025-12-02 15:15:00+01:00,122.24171044754144,137.87
2025-12-02 15:30:00+01:00,141.5748147019026,150.35
2025-12-02 15:45:00+01:00,161.67633142139027,150.99
2025-12-02 16:00:00+01:00,129.35771660291238,130.07
2025-12-02 16:15:00+01:00,139.08333421355752,126.39
2025-12-02 16:30:00+01:00,164.80437162036824,136.63
2025-12-02 16:45:00+01:00,181.0756151911084,152.27
2025-12-02 17:00:00+01:00,150.4800473939055,142.01
2025-12-02 17:15:00+01:00,169.43496498850428,152.91
2025-12-02 17:30:00+01:00,183.0813667810945,157.84
2025-12-02 17:45:00+01:00,210.58592918899055,153.8
2025-12-02 18:00:00+01:00,175.51012073008312,154.72
2025-12-02 18:15:00+01:00,184.6066325017487,153.97
2025-12-02 18:30:00+01:00,194.38335218889836,160.89
2025-12-02 18:45:00+01:00,207.61513168249792,178.99
2025-12-02 19:00:00+01:00,186.0144495514704,165.42
2025-12-02 19:15:00+01:00,178.72194328702685,157.12
2025-12-02 19:30:00+01:00,179.0481807760389,172.28
2025-12-02 19:45:00+01:00,162.84555413603007,157.99
2025-12-02 20:00:00+01:00,171.11339305890283,181.42
2025-12-02 20:15:00+01:00,136.50126966761525,160.01
2025-12-02 20:30:00+01:00,129.43712334403273,147.98
2025-12-02 20:45:00+01:00,117.0741626317124,130.13
2025-12-02 21:00:00+01:00,128.85074719394487,140.25
2025-12-02 21:15:00+01:00,115.60974983557672,135.99
2025-12-02 21:30:00+01:00,104.67088025798824,127.03
2025-12-02 21:45:00+01:00,96.93675221705884,114.12
2025-12-02 22:00:00+01:00,113.11955596123056,129.63
2025-12-02 22:15:00+01:00,115.15956373836713,122.53
2025-12-02 22:30:00+01:00,103.21566777866666,116.06
2025-12-02 22:45:00+01:00,93.42714756907066,108.67
2025-12-02 23:00:00+01:00,105.76854934420514,108.06
2025-12-02 23:15:00+01:00,110.82780261362616,105.04
2025-12-02 23:30:00+01:00,96.01041060689,96.24
2025-12-02 23:45:00+01:00,88.02189572998623,87.21
2025-12-03 00:00:00+01:00,102.93123685058214,92.22
2025-12-03 00:15:00+01:00,99.5330225920281,89.98
2025-12-03 00:30:00+01:00,96.6225466706188,90.88
2025-12-03 00:45:00+01:00,97.98295851066632,90.26
2025-12-03 01:00:00+01:00,99.24310707472368,87.22
2025-12-03 01:15:00+01:00,95.79796107118044,86.51
2025-12-03 01:30:00+01:00,94.78767323893776,91.3
2025-12-03 01:45:00+01:00,94.36035281610634,91.26
2025-12-03 02:00:00+01:00,96.56084394920352,89.98
2025-12-03 02:15:00+01:00,92.93020322455602,89.87
2025-12-03 02:30:00+01:00,94.10612558213953,90.64
2025-12-03 02:45:00+01:00,94.24125565648228,90.54
2025-12-03 03:00:00+01:00,93.39871660136475,91.39
2025-12-03 03:15:00+01:00,92.98895544739534,90.75
2025-12-03 03:30:00+01:00,90.96749784057296,88.66
2025-12-03 03:45:00+01:00,91.5126677000271,88.71
2025-12-03 04:00:00+01:00,92.21381806572694,90.24
2025-12-03 04:15:00+01:00,91.42825557244984,89.02
2025-12-03 04:30:00+01:00,96.29511192354026,89.89
2025-12-03 04:45:00+01:00,101.6244053458126,90.93
2025-12-03 05:00:00+01:00,90.80844031389825,89.37
2025-12-03 05:15:00+01:00,99.44433874090518,90.83
2025-12-03 05:30:00+01:00,104.17170617184922,99.82
2025-12-03 05:45:00+01:00,113.9664909952029,115.9
2025-12-03 06:00:00+01:00,96.52271193505835,111.45
2025-12-03 06:15:00+01:00,118.18735191571136,131.89
2025-12-03 06:30:00+01:00,136.67968282652944,160.34
2025-12-03 06:45:00+01:00,145.7162188863757,200.1
2025-12-03 07:00:00+01:00,141.31124880822156,153.9
2025-12-03 07:15:00+01:00,157.5510827159273,184.0
2025-12-03 07:30:00+01:00,202.055829561842,236.0
2025-12-03 07:45:00+01:00,181.7140656080076,226.1
2025-12-03 08:00:00+01:00,219.724000124371,236.03
2025-12-03 08:15:00+01:00,194.1251436629101,260.8
2025-12-03 08:30:00+01:00,172.68791021448988,270.09
2025-12-03 08:45:00+01:00,152.00911444823475,233.07
2025-12-03 09:00:00+01:00,149.44638247261702,263.7
2025-12-03 09:15:00+01:00,165.92325157834728,240.76
2025-12-03 09:30:00+01:00,151.50951997906083,187.07
2025-12-03 09:45:00+01:00,140.49069397335364,188.03
2025-12-03 10:00:00+01:00,137.22030294212016,209.82
2025-12-03 10:15:00+01:00,141.95658127363868,184.12
2025-12-03 10:30:00+01:00,155.96773790690037,178.24
2025-12-03 10:45:00+01:00,153.65964047276452,176.54
2025-12-03 11:00:00+01:00,143.90679329752265,176.76
2025-12-03 11:15:00+01:00,168.59283275124835,172.13
2025-12-03 11:30:00+01:00,168.8483562110838,170.79
2025-12-03 11:45:00+01:00,168.20162046635392,173.81
2025-12-03 12:00:00+01:00,166.92275319529364,165.0
2025-12-03 12:15:00+01:00,184.94915650950088,157.01
2025-12-03 12:30:00+01:00,197.55536413877152,169.05
2025-12-03 12:45:00+01:00,188.00329466828924,179.84
2025-12-03 13:00:00+01:00,205.93093215248732,171.62
2025-12-03 13:15:00+01:00,198.3481022161889,175.55
2025-12-03 13:30:00+01:00,153.30853462101825,188.46
2025-12-03 13:45:00+01:00,148.63592360536703,190.0
2025-12-03 14:00:00+01:00,150.210281859389,176.28
2025-12-03 14:15:00+01:00,159.9142464479389,190.0
2025-12-03 14:30:00+01:00,167.15529908223175,220.0
2025-12-03 14:45:00+01:00,163.36621829674215,213.47
2025-12-03 15:00:00+01:00,165.67990896305037,194.49
2025-12-03 15:15:00+01:00,193.30560742769543,214.67
2025-12-03 15:30:00+01:00,194.044835458812,268.25
2025-12-03 15:45:00+01:00,194.46423834727568,292.84
2025-12-03 16:00:00+01:00,179.35731006451988,239.89
2025-12-03 16:15:00+01:00,176.74752996349477,304.99
2025-12-03 16:30:00+01:00,183.61277740727684,330.24
2025-12-03 16:45:00+01:00,198.28976867431072,358.28
2025-12-03 17:00:00+01:00,176.44825677003604,276.81
2025-12-03 17:15:00+01:00,193.2439244806347,288.07
2025-12-03 17:30:00+01:00,223.8347560234214,254.45
2025-12-03 17:45:00+01:00,258.2135148294859,219.08
2025-12-03 18:00:00+01:00,200.48993893311277,219.69
2025-12-03 18:15:00+01:00,209.8414997630009,220.59
2025-12-03 18:30:00+01:00,229.7439591813786,197.5
2025-12-03 18:45:00+01:00,223.9554165675271,178.7
2025-12-03 19:00:00+01:00,220.72355529925903,202.14
2025-12-03 19:15:00+01:00,199.40326983556184,175.13
2025-12-03 19:30:00+01:00,195.07196037027887,161.16
2025-12-03 19:45:00+01:00,173.3942816098545,152.08
2025-12-03 20:00:00+01:00,186.80320649536492,173.3
2025-12-03 20:15:00+01:00,158.93895397632102,151.23
2025-12-03 20:30:00+01:00,127.87258628624818,135.8
2025-12-03 20:45:00+01:00,110.48544219904028,124.63
2025-12-03 21:00:00+01:00,138.05712263865055,140.13
2025-12-03 21:15:00+01:00,123.29454558397045,133.67
2025-12-03 21:30:00+01:00,105.53220198912082,117.18
2025-12-03 21:45:00+01:00,97.8254594876189,108.32
2025-12-03 22:00:00+01:00,120.5131318216856,128.84
2025-12-03 22:15:00+01:00,111.59185542190257,117.17
2025-12-03 22:30:00+01:00,104.18456651873888,106.77
2025-12-03 22:45:00+01:00,98.93102916688768,100.84
2025-12-03 23:00:00+01:00,118.4447939636508,116.78
2025-12-03 23:15:00+01:00,99.12179854713835,105.61
2025-12-03 23:30:00+01:00,92.93226659976246,99.72
2025-12-03 23:45:00+01:00,83.37086131439872,94.43
2025-12-04 00:00:00+01:00,105.58946984985486,100.72
2025-12-04 00:15:00+01:00,100.50419058020051,99.64
2025-12-04 00:30:00+01:00,96.89592376036455,96.84
2025-12-04 00:45:00+01:00,95.2556619928727,92.33
2025-12-04 01:00:00+01:00,101.4701047323058,99.99
2025-12-04 01:15:00+01:00,98.5673953500334,95.23
2025-12-04 01:30:00+01:00,94.9100664038679,91.26
2025-12-04 01:45:00+01:00,94.7850441277876,89.05
2025-12-04 02:00:00+01:00,98.89940789587996,93.32
2025-12-04 02:15:00+01:00,95.80949111011354,89.9
2025-12-04 02:30:00+01:00,95.96817384289348,89.5
2025-12-04 02:45:00+01:00,93.74245872505328,90.61
2025-12-04 03:00:00+01:00,95.273680990686,92.25
2025-12-04 03:15:00+01:00,93.70375403239032,90.52
2025-12-04 03:30:00+01:00,92.08818343729736,89.91
2025-12-04 03:45:00+01:00,91.51159025579004,88.75
2025-12-04 04:00:00+01:00,91.3067879655602,89.81
2025-12-04 04:15:00+01:00,91.85997441029993,91.73
2025-12-04 04:30:00+01:00,93.25399649854216,92.82
2025-12-04 04:45:00+01:00,93.6262880251688,94.95
2025-12-04 05:00:00+01:00,91.71349993281092,91.17
2025-12-04 05:15:00+01:00,91.02440293879044,95.63
2025-12-04 05:30:00+01:00,93.88901847664027,99.74
2025-12-04 05:45:00+01:00,102.4944334829607,100.48
2025-12-04 06:00:00+01:00,96.73489035665904,106.86
2025-12-04 06:15:00+01:00,109.845670351832,108.98
2025-12-04 06:30:00+01:00,131.32193703633402,130.01
2025-12-04 06:45:00+01:00,169.95245976327809,153.61
2025-12-04 07:00:00+01:00,139.32893502477856,129.0
2025-12-04 07:15:00+01:00,175.01292090402404,130.04
2025-12-04 07:30:00+01:00,180.35383173028305,121.66
2025-12-04 07:45:00+01:00,191.588775041018,132.94
2025-12-04 08:00:00+01:00,210.58595517799063,140.21
2025-12-04 08:15:00+01:00,181.187283525599,150.0
2025-12-04 08:30:00+01:00,162.8160444078969,148.39
2025-12-04 08:45:00+01:00,143.3341369609449,140.21
2025-12-04 09:00:00+01:00,169.9105077945584,166.1
2025-12-04 09:15:00+01:00,152.66529525787783,169.95
2025-12-04 09:30:00+01:00,135.48690640170787,159.9
2025-12-04 09:45:00+01:00,124.99501691607344,159.99
2025-12-04 10:00:00+01:00,141.50987122522707,136.0
2025-12-04 10:15:00+01:00,123.67764828619832,136.9
2025-12-04 10:30:00+01:00,117.8231227470128,140.21
2025-12-04 10:45:00+01:00,114.68636078257822,140.51
2025-12-04 11:00:00+01:00,118.08886356493883,149.68
2025-12-04 11:15:00+01:00,120.67218977505794,148.16
2025-12-04 11:30:00+01:00,124.6788651161795,145.78
2025-12-04 11:45:00+01:00,130.79223469505968,148.75
2025-12-04 12:00:00+01:00,118.01035902109626,140.99
2025-12-04 12:15:00+01:00,126.30383288573968,136.0
2025-12-04 12:30:00+01:00,133.2319832148046,140.86
2025-12-04 12:45:00+01:00,144.5716990117837,150.0
2025-12-04 13:00:00+01:00,133.84781231909977,142.01
2025-12-04 13:15:00+01:00,143.79156671709674,144.4
2025-12-04 13:30:00+01:00,131.91911776570922,146.32
2025-12-04 13:45:00+01:00,129.99758117231784,148.0
2025-12-04 14:00:00+01:00,134.51689968449622,142.62
2025-12-04 14:15:00+01:00,155.7183691827217,151.16
2025-12-04 14:30:00+01:00,147.90007492441168,158.57
2025-12-04 14:45:00+01:00,151.40090038327835,155.92
2025-12-04 15:00:00+01:00,161.7896479567023,151.66
2025-12-04 15:15:00+01:00,150.08041249913552,160.55
2025-12-04 15:30:00+01:00,148.94040708831378,149.76
2025-12-04 15:45:00+01:00,164.40433212864693,142.0
2025-12-04 16:00:00+01:00,157.66133510008154,152.0
2025-12-04 16:15:00+01:00,169.61214428768915,150.68
2025-12-04 16:30:00+01:00,164.04322066289373,137.81
2025-12-04 16:45:00+01:00,176.96546343403935,140.3
2025-12-04 17:00:00+01:00,182.1584588561969,149.99
2025-12-04 17:15:00+01:00,172.0179674799046,146.13
2025-12-04 17:30:00+01:00,165.38353738952594,141.32
2025-12-04 17:45:00+01:00,159.8657583410314,141.35
2025-12-04 18:00:00+01:00,166.4062956849603,139.32
2025-12-04 18:15:00+01:00,149.06796555564722,138.01
2025-12-04 18:30:00+01:00,144.21508790996518,142.01
2025-12-04 18:45:00+01:00,135.442367811639,149.99
2025-12-04 19:00:00+01:00,149.8117183669655,150.05
2025-12-04 19:15:00+01:00,134.03039441750764,139.78
2025-12-04 19:30:00+01:00,142.80444052263658,130.0
2025-12-04 19:45:00+01:00,135.1497610638768,120.11
2025-12-04 20:00:00+01:00,140.74343836900613,134.1
2025-12-04 20:15:00+01:00,118.21049587451594,124.04
2025-12-04 20:30:00+01:00,113.3077450704502,111.51
2025-12-04 20:45:00+01:00,104.43071712503158,104.76
2025-12-04 21:00:00+01:00,118.56665075277655,108.35
2025-12-04 21:15:00+01:00,113.01555564171971,106.88
2025-12-04 21:30:00+01:00,105.3783957683924,102.99
2025-12-04 21:45:00+01:00,99.52427827597988,95.19
2025-12-04 22:00:00+01:00,105.62861640111504,113.02
2025-12-04 22:15:00+01:00,103.74295368412892,111.95
2025-12-04 22:30:00+01:00,104.18748331504352,108.71
2025-12-04 22:45:00+01:00,98.61996976882575,102.47
2025-12-04 23:00:00+01:00,107.40939975758894,105.94
2025-12-04 23:15:00+01:00,103.47741588536996,102.46
2025-12-04 23:30:00+01:00,85.73224708790752,96.7
2025-12-04 23:45:00+01:00,81.62029910271569,87.93
2025-12-05 00:00:00+01:00,101.72111027394106,99.6
2025-12-05 00:15:00+01:00,96.30123681885053,98.0
2025-12-05 00:30:00+01:00,93.86156918429003,94.7
2025-12-05 00:45:00+01:00,93.10599038429486,90.67
2025-12-05 01:00:00+01:00,97.30599644935556,97.42
2025-12-05 01:15:00+01:00,93.81226728988796,94.78
2025-12-05 01:30:00+01:00,93.20195810963328,92.79
2025-12-05 01:45:00+01:00,92.3193822647706,90.46
2025-12-05 02:00:00+01:00,95.94732261170908,92.0
2025-12-05 02:15:00+01:00,92.57221312640272,91.83
2025-12-05 02:30:00+01:00,93.7885869541382,91.84
2025-12-05 02:45:00+01:00,92.37342279431655,88.01
2025-12-05 03:00:00+01:00,92.48737580466424,87.67
2025-12-05 03:15:00+01:00,92.55106626378158,89.41
2025-12-05 03:30:00+01:00,91.97251380593067,90.09
2025-12-05 03:45:00+01:00,92.31253463254303,95.1
2025-12-05 04:00:00+01:00,91.57916945822151,90.79
2025-12-05 04:15:00+01:00,92.36445568688794,91.1
2025-12-05 04:30:00+01:00,93.74210866691594,95.78
2025-12-05 04:45:00+01:00,96.96776741449052,98.45
2025-12-05 05:00:00+01:00,96.51103116272768,91.22
2025-12-05 05:15:00+01:00,96.22032737594414,96.11
2025-12-05 05:30:00+01:00,100.29274468981107,102.1
2025-12-05 05:45:00+01:00,108.13863685258475,114.06
2025-12-05 06:00:00+01:00,97.17544261212537,99.16
2025-12-05 06:15:00+01:00,113.39065480354051,114.0
2025-12-05 06:30:00+01:00,128.1997048946999,125.8
2025-12-05 06:45:00+01:00,155.17779195628364,157.0
2025-12-05 07:00:00+01:00,148.62337907984983,152.67
2025-12-05 07:15:00+01:00,168.15773441840878,168.45
2025-12-05 07:30:00+01:00,172.16652888023916,165.13
2025-12-05 07:45:00+01:00,186.30262349707,163.42
2025-12-05 08:00:00+01:00,200.12705273303283,160.73
2025-12-05 08:15:00+01:00,172.40511472125462,182.13
2025-12-05 08:30:00+01:00,176.33367121874085,198.71
2025-12-05 08:45:00+01:00,154.86522188303115,196.16
2025-12-05 09:00:00+01:00,180.03542187580888,197.6
2025-12-05 09:15:00+01:00,158.6525583339136,192.33
2025-12-05 09:30:00+01:00,169.7332611393029,177.47
2025-12-05 09:45:00+01:00,174.3009127129859,169.18
2025-12-05 10:00:00+01:00,162.56316580081756,177.77
2025-12-05 10:15:00+01:00,175.20785024271916,177.74
2025-12-05 10:30:00+01:00,212.902177542694,168.31
2025-12-05 10:45:00+01:00,157.5403943396219,161.57
2025-12-05 11:00:00+01:00,172.69113380967815,172.43
2025-12-05 11:15:00+01:00,169.57863739054972,168.43
2025-12-05 11:30:00+01:00,164.64099318503435,169.87
2025-12-05 11:45:00+01:00,165.05578082292104,159.33
2025-12-05 12:00:00+01:00,136.11888041423924,166.37
2025-12-05 12:15:00+01:00,160.08863798391076,157.45
2025-12-05 12:30:00+01:00,176.13444152355277,158.61
2025-12-05 12:45:00+01:00,182.888533944279,163.81
2025-12-05 13:00:00+01:00,144.21711479100966,162.4
2025-12-05 13:15:00+01:00,187.92145609863604,160.04
2025-12-05 13:30:00+01:00,220.72002548341953,157.36
2025-12-05 13:45:00+01:00,188.4658158491125,149.99
2025-12-05 14:00:00+01:00,156.69490997364267,158.7
2025-12-05 14:15:00+01:00,176.98346711117944,155.66
2025-12-05 14:30:00+01:00,181.00153790279109,160.49
2025-12-05 14:45:00+01:00,209.59321369883833,169.86
2025-12-05 15:00:00+01:00,158.17913156611093,158.61
2025-12-05 15:15:00+01:00,165.23417747486764,156.09
2025-12-05 15:30:00+01:00,181.05414646434505,169.87
2025-12-05 15:45:00+01:00,188.90631116207328,164.82
2025-12-05 16:00:00+01:00,180.06285201215027,157.91
2025-12-05 16:15:00+01:00,179.98398670602205,171.11
2025-12-05 16:30:00+01:00,177.72596940916455,173.9
2025-12-05 16:45:00+01:00,195.2902041295925,175.07
2025-12-05 17:00:00+01:00,167.22201953599262,165.04
2025-12-05 17:15:00+01:00,170.69412290492707,156.7
2025-12-05 17:30:00+01:00,176.22290321899425,162.5
2025-12-05 17:45:00+01:00,167.91186812818333,148.98
2025-12-05 18:00:00+01:00,184.77320519895449,161.06
2025-12-05 18:15:00+01:00,157.7424085931059,151.4
2025-12-05 18:30:00+01:00,140.90628586533495,143.79
2025-12-05 18:45:00+01:00,126.88214775248784,132.74
2025-12-05 19:00:00+01:00,148.71505587968207,147.5
2025-12-05 19:15:00+01:00,127.86970009563588,136.3
2025-12-05 19:30:00+01:00,122.5097697568826,130.07
2025-12-05 19:45:00+01:00,122.90077986396922,112.29
2025-12-05 20:00:00+01:00,132.30875258623053,125.69
2025-12-05 20:15:00+01:00,123.13703077841924,122.11
2025-12-05 20:30:00+01:00,103.85005864379808,112.36
2025-12-05 20:45:00+01:00,96.95311051117623,100.44
2025-12-05 21:00:00+01:00,111.7120244422944,107.07
2025-12-05 21:15:00+01:00,105.6935736174534,102.44
2025-12-05 21:30:00+01:00,97.90765819985778,92.41
2025-12-05 21:45:00+01:00,92.63298751934428,88.3
2025-12-05 22:00:00+01:00,106.77117541909138,100.07
2025-12-05 22:15:00+01:00,101.25649257074636,94.71
2025-12-05 22:30:00+01:00,97.08403751072478,90.8
2025-12-05 22:45:00+01:00,83.30528745385648,86.74
2025-12-05 23:00:00+01:00,101.16249509874638,98.57
2025-12-05 23:15:00+01:00,87.54486383180588,88.02
2025-12-05 23:30:00+01:00,81.42053380859008,78.65
2025-12-05 23:45:00+01:00,78.49782217226647,71.25
2025-12-06 00:00:00+01:00,89.1067842077184,94.19
2025-12-06 00:15:00+01:00,82.96473133372065,81.12
2025-12-06 00:30:00+01:00,77.62370927669937,76.96
2025-12-06 00:45:00+01:00,71.79393035802549,76.05
2025-12-06 01:00:00+01:00,81.06095565355606,85.24
2025-12-06 01:15:00+01:00,76.09984207780488,78.47
2025-12-06 01:30:00+01:00,70.10141171874542,75.8
2025-12-06 01:45:00+01:00,66.97848978401571,68.38
2025-12-06 02:00:00+01:00,71.55982855144734,79.57
2025-12-06 02:15:00+01:00,68.15567808235178,75.33
2025-12-06 02:30:00+01:00,67.25382963793068,70.65
2025-12-06 02:45:00+01:00,66.15263459018178,68.97
2025-12-06 03:00:00+01:00,68.04990090264717,75.31
2025-12-06 03:15:00+01:00,65.69776533503273,69.13
2025-12-06 03:30:00+01:00,64.40404281834415,70.84
2025-12-06 03:45:00+01:00,62.048472378088434,64.76
2025-12-06 04:00:00+01:00,63.78171818992045,67.54
2025-12-06 04:15:00+01:00,63.58467596293816,66.25
2025-12-06 04:30:00+01:00,62.766858367100866,68.31
2025-12-06 04:45:00+01:00,63.30143686604633,67.61
2025-12-06 05:00:00+01:00,65.17471061573863,67.6
2025-12-06 05:15:00+01:00,69.32267415394358,64.68
2025-12-06 05:30:00+01:00,63.131486990528074,65.35
2025-12-06 05:45:00+01:00,56.15260226633011,62.26
2025-12-06 06:00:00+01:00,69.09629589001042,61.66
2025-12-06 06:15:00+01:00,79.20797899035523,63.98
2025-12-06 06:30:00+01:00,70.16613060217855,66.63
2025-12-06 06:45:00+01:00,82.3867874077358,66.07
2025-12-06 07:00:00+01:00,78.27450403051277,64.29
2025-12-06 07:15:00+01:00,86.38257766343133,67.61
2025-12-06 07:30:00+01:00,90.75954621749143,67.36
2025-12-06 07:45:00+01:00,87.28041832336262,72.22
2025-12-06 08:00:00+01:00,110.1163988733337,75.12
2025-12-06 08:15:00+01:00,101.0815318283766,76.53
2025-12-06 08:30:00+01:00,92.39201698321216,80.78
2025-12-06 08:45:00+01:00,86.32061738583373,82.02
2025-12-06 09:00:00+01:00,73.61452882882018,82.31
2025-12-06 09:15:00+01:00,89.01775811041607,82.64
2025-12-06 09:30:00+01:00,85.97719148705562,82.42
2025-12-06 09:45:00+01:00,84.13858976796291,76.39
2025-12-06 10:00:00+01:00,85.23286914232041,80.55
2025-12-06 10:15:00+01:00,82.79604049183598,84.09
2025-12-06 10:30:00+01:00,78.21361072648938,83.5
2025-12-06 10:45:00+01:00,76.02028070922759,81.04
2025-12-06 11:00:00+01:00,83.95681513695548,80.58
2025-12-06 11:15:00+01:00,80.27901271365738,82.12
2025-12-06 11:30:00+01:00,78.40914789248298,79.98
2025-12-06 11:45:00+01:00,73.98258668140127,79.77
2025-12-06 12:00:00+01:00,75.49628709150942,79.17
2025-12-06 12:15:00+01:00,74.21147143816083,78.61
2025-12-06 12:30:00+01:00,73.49542729348832,78.91
2025-12-06 12:45:00+01:00,73.78719974302474,85.77
2025-12-06 13:00:00+01:00,75.06199613832354,78.57
2025-12-06 13:15:00+01:00,73.5707312660786,77.65
2025-12-06 13:30:00+01:00,75.25835603682435,82.39
2025-12-06 13:45:00+01:00,78.74546866365571,86.69
2025-12-06 14:00:00+01:00,76.34583575689608,82.6
2025-12-06 14:15:00+01:00,75.79220339234321,86.6
2025-12-06 14:30:00+01:00,80.05341308009123,87.5
2025-12-06 14:45:00+01:00,79.92014527084469,87.99
2025-12-06 15:00:00+01:00,74.62923678562339,88.54
2025-12-06 15:15:00+01:00,87.97191137062795,89.27
2025-12-06 15:30:00+01:00,92.35932778217986,91.23
2025-12-06 15:45:00+01:00,94.4323677943032,95.05
2025-12-06 16:00:00+01:00,88.87580903050903,90.01
2025-12-06 16:15:00+01:00,92.50415202760368,94.55
2025-12-06 16:30:00+01:00,94.03667751079313,93.17
2025-12-06 16:45:00+01:00,104.39364428188182,104.62
2025-12-06 17:00:00+01:00,95.28089607232285,93.09
2025-12-06 17:15:00+01:00,99.37972212726127,97.14
2025-12-06 17:30:00+01:00,105.48372215732208,99.0
2025-12-06 17:45:00+01:00,112.00003819093617,91.24
2025-12-06 18:00:00+01:00,109.15809024502803,95.0
2025-12-06 18:15:00+01:00,108.26576321228484,88.1
2025-12-06 18:30:00+01:00,101.05130737549104,90.08
2025-12-06 18:45:00+01:00,95.18344584191634,83.55
2025-12-06 19:00:00+01:00,99.59727466819156,103.11
2025-12-06 19:15:00+01:00,94.40006049720606,85.58
2025-12-06 19:30:00+01:00,74.58484106328456,84.68
2025-12-06 19:45:00+01:00,76.53739716923249,85.25
2025-12-06 20:00:00+01:00,64.48527941434892,88.97
2025-12-06 20:15:00+01:00,79.84338850818392,80.12
2025-12-06 20:30:00+01:00,76.17298302449925,85.43
2025-12-06 20:45:00+01:00,58.33895122269974,79.02
2025-12-06 21:00:00+01:00,74.2093932208722,88.98
2025-12-06 21:15:00+01:00,72.11468241146775,83.69
2025-12-06 21:30:00+01:00,76.38845829328265,79.44
2025-12-06 21:45:00+01:00,77.07890797400376,70.33
2025-12-06 22:00:00+01:00,93.44428606087452,86.89
2025-12-06 22:15:00+01:00,84.91139777122068,76.03
2025-12-06 22:30:00+01:00,74.52057500968472,72.62
2025-12-06 22:45:00+01:00,65.35646674725918,70.44
2025-12-06 23:00:00+01:00,77.51946905455009,74.61
2025-12-06 23:15:00+01:00,71.09707997364004,74.63
2025-12-06 23:30:00+01:00,63.25790790147733,71.62
2025-12-06 23:45:00+01:00,55.51857737145721,65.4
2025-12-07 00:00:00+01:00,79.14605326073965,76.6
2025-12-07 00:15:00+01:00,71.29659084373043,68.61
2025-12-07 00:30:00+01:00,66.12273853060236,63.44
2025-12-07 00:45:00+01:00,65.88786677073261,60.64
2025-12-07 01:00:00+01:00,69.35033661767125,61.89
2025-12-07 01:15:00+01:00,65.29491176347472,60.77
2025-12-07 01:30:00+01:00,66.35740554546047,60.93
2025-12-07 01:45:00+01:00,63.614960866523255,60.39
2025-12-07 02:00:00+01:00,66.90070846775149,59.99
2025-12-07 02:15:00+01:00,66.2194172618056,59.55
2025-12-07 02:30:00+01:00,66.59225396495651,59.13
2025-12-07 02:45:00+01:00,65.91373536119053,59.02
2025-12-07 03:00:00+01:00,66.17672885176059,58.38
2025-12-07 03:15:00+01:00,66.20331538104884,58.38
2025-12-07 03:30:00+01:00,64.12685254323264,58.57
2025-12-07 03:45:00+01:00,61.17914762041271,58.91
2025-12-07 04:00:00+01:00,62.97473503887496,60.74
2025-12-07 04:15:00+01:00,62.651206881427626,61.94
2025-12-07 04:30:00+01:00,61.59256196432342,62.62
2025-12-07 04:45:00+01:00,64.36064211778158,63.0
2025-12-07 05:00:00+01:00,60.814894306982595,60.91
2025-12-07 05:15:00+01:00,70.70226013759304,61.51
2025-12-07 05:30:00+01:00,58.8180245025258,64.6
2025-12-07 05:45:00+01:00,64.74292700459932,61.0
2025-12-07 06:00:00+01:00,59.351520778322254,60.47
2025-12-07 06:15:00+01:00,69.16305982315642,65.14
2025-12-07 06:30:00+01:00,69.41811763385533,64.46
2025-12-07 06:45:00+01:00,66.59511360731486,64.81
2025-12-07 07:00:00+01:00,61.20673906997592,71.23
2025-12-07 07:15:00+01:00,78.94530960711758,65.21
2025-12-07 07:30:00+01:00,79.4706072787904,72.59
2025-12-07 07:45:00+01:00,82.93750153643266,78.31
2025-12-07 08:00:00+01:00,69.45018683487993,70.08
2025-12-07 08:15:00+01:00,90.8512292439318,72.74
2025-12-07 08:30:00+01:00,89.91793149461509,82.59
2025-12-07 08:45:00+01:00,82.65165278259627,86.58
2025-12-07 09:00:00+01:00,94.06589596577568,85.01
2025-12-07 09:15:00+01:00,86.18043613256293,89.35
2025-12-07 09:30:00+01:00,94.53433859075228,84.99
2025-12-07 09:45:00+01:00,91.11712421608878,82.87
2025-12-07 10:00:00+01:00,99.4883474125412,91.89
2025-12-07 10:15:00+01:00,92.901175374315,91.21
2025-12-07 10:30:00+01:00,89.81653353383581,87.83
2025-12-07 10:45:00+01:00,91.64351361788148,91.19
2025-12-07 11:00:00+01:00,92.28008027801611,86.88
2025-12-07 11:15:00+01:00,93.72204948191816,90.63
2025-12-07 11:30:00+01:00,93.34968808510756,91.97
2025-12-07 11:45:00+01:00,86.87304273219902,98.21
2025-12-07 12:00:00+01:00,90.87816529943883,97.11
2025-12-07 12:15:00+01:00,85.72305506882991,95.99
2025-12-07 12:30:00+01:00,84.23720325805547,98.61
2025-12-07 12:45:00+01:00,80.8946588134209,98.04
2025-12-07 13:00:00+01:00,91.30949989760552,97.66
2025-12-07 13:15:00+01:00,89.4175027104342,96.62
2025-12-07 13:30:00+01:00,85.57031931029402,99.41
2025-12-07 13:45:00+01:00,95.40900697851929,104.6
2025-12-07 14:00:00+01:00,82.52314613618032,101.59
2025-12-07 14:15:00+01:00,85.61981800608716,104.22
2025-12-07 14:30:00+01:00,93.43946749701831,102.82
2025-12-07 14:45:00+01:00,99.5375843326142,107.95
2025-12-07 15:00:00+01:00,90.69844529258464,102.78
2025-12-07 15:15:00+01:00,102.2056297511813,105.38
2025-12-07 15:30:00+01:00,112.96010063455276,106.29
2025-12-07 15:45:00+01:00,110.53402506151,108.49
2025-12-07 16:00:00+01:00,96.92761240593366,106.0
2025-12-07 16:15:00+01:00,105.12969098478104,107.01
2025-12-07 16:30:00+01:00,108.17986513804574,109.42
2025-12-07 16:45:00+01:00,122.82534542187618,116.0
2025-12-07 17:00:00+01:00,109.8449371744022,116.01
2025-12-07 17:15:00+01:00,115.97711601560556,116.27
2025-12-07 17:30:00+01:00,115.26763034812134,109.56
2025-12-07 17:45:00+01:00,119.88771417724335,105.44
2025-12-07 18:00:00+01:00,117.74826596162195,106.6
2025-12-07 18:15:00+01:00,116.48451888774272,98.53
2025-12-07 18:30:00+01:00,107.99163587138418,95.9
2025-12-07 18:45:00+01:00,102.4284031193188,86.49
2025-12-07 19:00:00+01:00,102.54792148443822,94.69
2025-12-07 19:15:00+01:00,100.4283096709594,83.14
2025-12-07 19:30:00+01:00,95.906412035479,90.12
2025-12-07 19:45:00+01:00,85.63529557300063,81.9
2025-12-07 20:00:00+01:00,96.6950517090149,83.62
2025-12-07 20:15:00+01:00,85.29942248120776,94.52
2025-12-07 20:30:00+01:00,81.79921246097966,83.35
2025-12-07 20:45:00+01:00,89.22513432431555,73.55
2025-12-07 21:00:00+01:00,85.55869971575187,89.21
2025-12-07 21:15:00+01:00,84.75586826658163,75.86
2025-12-07 21:30:00+01:00,85.71270582481391,72.88
2025-12-07 21:45:00+01:00,80.86409558343117,56.93
2025-12-07 22:00:00+01:00,94.25807650362027,78.54
2025-12-07 22:15:00+01:00,87.06176176443427,67.74
2025-12-07 22:30:00+01:00,84.49052474152427,62.87
2025-12-07 22:45:00+01:00,76.62099108586047,53.24
2025-12-07 23:00:00+01:00,86.03767238507326,57.76
2025-12-07 23:15:00+01:00,75.53253712051034,45.86
2025-12-07 23:30:00+01:00,78.2210502175148,38.3
2025-12-07 23:45:00+01:00,68.47838147295424,25.03
2025-12-08 00:00:00+01:00,63.45991911662946,22.03
2025-12-08 00:15:00+01:00,49.90469906680676,26.49
2025-12-08 00:30:00+01:00,38.81067822773287,20.03
2025-12-08 00:45:00+01:00,32.85358985633094,8.53
2025-12-08 01:00:00+01:00,40.63701042406241,15.38
2025-12-08 01:15:00+01:00,43.27988628465287,15.72
2025-12-08 01:30:00+01:00,35.12700870673826,9.26
2025-12-08 01:45:00+01:00,35.456747159577965,4.0
2025-12-08 02:00:00+01:00,35.175344098492964,16.81
2025-12-08 02:15:00+01:00,39.3104882569665,12.36
2025-12-08 02:30:00+01:00,41.59404977305378,9.21
2025-12-08 02:45:00+01:00,39.12405338210502,8.27
2025-12-08 03:00:00+01:00,39.26041747751544,5.94
2025-12-08 03:15:00+01:00,38.923493550102904,5.55
2025-12-08 03:30:00+01:00,43.35241434122964,5.4
2025-12-08 03:45:00+01:00,41.84758144786239,5.47
2025-12-08 04:00:00+01:00,41.03654285820434,6.91
2025-12-08 04:15:00+01:00,42.566646679925455,9.32
2025-12-08 04:30:00+01:00,48.64280985816361,13.83
2025-12-08 04:45:00+01:00,46.68100404437902,21.5
2025-12-08 05:00:00+01:00,38.38973434481036,8.97
2025-12-08 05:15:00+01:00,56.9610191461866,18.56
2025-12-08 05:30:00+01:00,57.80720697620792,35.09
2025-12-08 05:45:00+01:00,70.53631638074462,52.0
2025-12-08 06:00:00+01:00,47.79406655395192,34.84
2025-12-08 06:15:00+01:00,74.27382458762442,69.46
2025-12-08 06:30:00+01:00,75.77743605281277,68.06
2025-12-08 06:45:00+01:00,78.88299742444475,84.91
2025-12-08 07:00:00+01:00,73.55526317212217,64.23
2025-12-08 07:15:00+01:00,88.80938389467005,87.29
2025-12-08 07:30:00+01:00,89.00661869922281,91.85
2025-12-08 07:45:00+01:00,100.00008642745787,87.99
2025-12-08 08:00:00+01:00,79.23235138888228,95.03
2025-12-08 08:15:00+01:00,107.5923442966578,100.37
2025-12-08 08:30:00+01:00,99.85518632319204,103.79
2025-12-08 08:45:00+01:00,91.3088712663516,100.81
2025-12-08 09:00:00+01:00,98.52690337343292,105.35
2025-12-08 09:15:00+01:00,94.17769613609016,102.9
2025-12-08 09:30:00+01:00,88.2058613896151,97.05
2025-12-08 09:45:00+01:00,106.7718044786332,88.05
2025-12-08 10:00:00+01:00,104.35184571704691,95.35
2025-12-08 10:15:00+01:00,107.12774403162294,85.96
2025-12-08 10:30:00+01:00,95.32241542749706,82.91
2025-12-08 10:45:00+01:00,86.78725565947421,79.93
2025-12-08 11:00:00+01:00,89.97161392273222,82.01
2025-12-08 11:15:00+01:00,93.75006042130364,77.98
2025-12-08 11:30:00+01:00,94.20048440089164,77.92
2025-12-08 11:45:00+01:00,85.91661271703474,82.05
2025-12-08 12:00:00+01:00,92.34615111446342,76.31
2025-12-08 12:15:00+01:00,83.99940337395012,77.31
2025-12-08 12:30:00+01:00,82.48566686672481,79.42
2025-12-08 12:45:00+01:00,77.11683515116837,84.35
2025-12-08 13:00:00+01:00,92.42113108086436,83.92
2025-12-08 13:15:00+01:00,85.42788009572952,87.79
2025-12-08 13:30:00+01:00,80.83649364235973,88.29
2025-12-08 13:45:00+01:00,88.91492401566953,87.38
2025-12-08 14:00:00+01:00,75.45196454322186,80.49
2025-12-08 14:15:00+01:00,83.18902424377903,93.61
2025-12-08 14:30:00+01:00,91.91670515518082,100.55
2025-12-08 14:45:00+01:00,103.9341196951155,101.67
2025-12-08 15:00:00+01:00,89.5584984931892,104.08
2025-12-08 15:15:00+01:00,104.63824343525498,94.4
2025-12-08 15:30:00+01:00,118.03905788463577,100.1
2025-12-08 15:45:00+01:00,127.1773420007416,102.0
2025-12-08 16:00:00+01:00,101.48449643143589,95.94
2025-12-08 16:15:00+01:00,113.30573420647656,103.02
2025-12-08 16:30:00+01:00,123.50796253673074,102.93
2025-12-08 16:45:00+01:00,129.70372917919963,102.41
2025-12-08 17:00:00+01:00,126.87519825639323,110.03
2025-12-08 17:15:00+01:00,128.55717262051593,111.45
2025-12-08 17:30:00+01:00,127.90528296863712,108.84
2025-12-08 17:45:00+01:00,130.9274189171493,109.08
2025-12-08 18:00:00+01:00,124.15290803920776,103.52
2025-12-08 18:15:00+01:00,128.85478338733475,98.48
2025-12-08 18:30:00+01:00,124.35399057849077,103.12
2025-12-08 18:45:00+01:00,112.08941299759375,95.93
2025-12-08 19:00:00+01:00,126.18654741591186,98.7
2025-12-08 19:15:00+01:00,111.30306558109596,94.74
2025-12-08 19:30:00+01:00,112.86505653877644,98.03
2025-12-08 19:45:00+01:00,102.21551965659091,95.07
2025-12-08 20:00:00+01:00,103.52497835766935,97.85
2025-12-08 20:15:00+01:00,96.38288571603432,94.47
2025-12-08 20:30:00+01:00,95.14866824527084,85.79
2025-12-08 20:45:00+01:00,96.82258123364198,79.27
2025-12-08 21:00:00+01:00,100.47835487451648,89.08
2025-12-08 21:15:00+01:00,90.64474414920544,91.27
2025-12-08 21:30:00+01:00,90.78634268359056,81.95
2025-12-08 21:45:00+01:00,82.6292944168896,71.77
2025-12-08 22:00:00+01:00,94.28026044230116,94.6
2025-12-08 22:15:00+01:00,89.2584371998158,86.49
2025-12-08 22:30:00+01:00,82.43074675581873,75.85
2025-12-08 22:45:00+01:00,80.44210618796029,63.9
2025-12-08 23:00:00+01:00,86.02202097569021,85.37
2025-12-08 23:15:00+01:00,76.82812065163154,73.36
2025-12-08 23:30:00+01:00,76.8876518116258,71.0
2025-12-08 23:45:00+01:00,65.97410252643374,63.28
2025-12-09 00:00:00+01:00,79.6954540176492,77.32
2025-12-09 00:15:00+01:00,74.76280897121322,71.49
2025-12-09 00:30:00+01:00,71.81348903102216,71.92
2025-12-09 00:45:00+01:00,68.29718095823112,74.06
2025-12-09 01:00:00+01:00,73.47233215507696,71.22
2025-12-09 01:15:00+01:00,69.41644464984516,71.55
2025-12-09 01:30:00+01:00,69.7777212057497,73.98
2025-12-09 01:45:00+01:00,66.83156217679564,74.39
2025-12-09 02:00:00+01:00,69.37647645320037,70.25
2025-12-09 02:15:00+01:00,69.4274609117788,71.71
2025-12-09 02:30:00+01:00,67.55443289009548,73.3
2025-12-09 02:45:00+01:00,66.4371987262159,79.59
2025-12-09 03:00:00+01:00,66.64194945428268,72.28
2025-12-09 03:15:00+01:00,66.54296062137445,72.86
2025-12-09 03:30:00+01:00,67.25038637113734,75.94
2025-12-09 03:45:00+01:00,68.31473282955666,78.3
2025-12-09 04:00:00+01:00,64.86068460704789,68.65
2025-12-09 04:15:00+01:00,67.93866579070037,72.12
2025-12-09 04:30:00+01:00,71.80371654581494,75.77
2025-12-09 04:45:00+01:00,73.74881474956844,78.34
2025-12-09 05:00:00+01:00,67.85782603777865,61.32
2025-12-09 05:15:00+01:00,74.09727478003688,70.09
2025-12-09 05:30:00+01:00,82.59223816211735,82.41
2025-12-09 05:45:00+01:00,90.01163252445505,107.0
2025-12-09 06:00:00+01:00,72.45294547484872,74.22
2025-12-09 06:15:00+01:00,87.31575553970357,98.19
2025-12-09 06:30:00+01:00,98.93070386507422,110.99
2025-12-09 06:45:00+01:00,113.89426451584156,111.99
2025-12-09 07:00:00+01:00,125.89690869070512,94.03
2025-12-09 07:15:00+01:00,133.48713297836008,102.6
2025-12-09 07:30:00+01:00,137.7968380050082,108.53
2025-12-09 07:45:00+01:00,122.1417484593344,118.0
2025-12-09 08:00:00+01:00,147.12286994359312,135.99
2025-12-09 08:15:00+01:00,128.77091133327642,133.61
2025-12-09 08:30:00+01:00,118.77902158136196,129.8
2025-12-09 08:45:00+01:00,113.55803604879208,119.6
2025-12-09 09:00:00+01:00,131.7073120064013,126.08
2025-12-09 09:15:00+01:00,106.74014713550142,111.45
2025-12-09 09:30:00+01:00,113.43199153383108,107.74
2025-12-09 09:45:00+01:00,102.52859424195128,100.07
2025-12-09 10:00:00+01:00,102.3628291824156,107.52
2025-12-09 10:15:00+01:00,99.10762645112328,102.68
2025-12-09 10:30:00+01:00,96.24978131428148,102.2
2025-12-09 10:45:00+01:00,92.48580869166776,99.84
2025-12-09 11:00:00+01:00,105.39525271432322,105.35
2025-12-09 11:15:00+01:00,97.91661066536092,103.92
2025-12-09 11:30:00+01:00,93.21123206179152,103.22
2025-12-09 11:45:00+01:00,88.90189561366118,100.87
2025-12-09 12:00:00+01:00,91.23695296996198,99.21
2025-12-09 12:15:00+01:00,89.41975050567822,96.04
2025-12-09 12:30:00+01:00,90.85071768707508,97.91
2025-12-09 12:45:00+01:00,93.55077257212628,98.16
2025-12-09 13:00:00+01:00,98.45727248031024,99.26
2025-12-09 13:15:00+01:00,96.52141185661245,99.83
2025-12-09 13:30:00+01:00,102.16166239033582,101.96
2025-12-09 13:45:00+01:00,99.0703301545553,103.35
2025-12-09 14:00:00+01:00,93.7268534432601,91.74
2025-12-09 14:15:00+01:00,107.7181494455391,99.32
2025-12-09 14:30:00+01:00,111.3825352016379,103.99
2025-12-09 14:45:00+01:00,121.83522973186425,105.83
2025-12-09 15:00:00+01:00,108.54686673603828,104.32
2025-12-09 15:15:00+01:00,128.80046050566872,108.71
2025-12-09 15:30:00+01:00,134.3382246595976,116.6
2025-12-09 15:45:00+01:00,138.4812465413455,113.91
2025-12-09 16:00:00+01:00,125.0493602406073,105.46
2025-12-09 16:15:00+01:00,133.1551735789449,110.79
2025-12-09 16:30:00+01:00,137.01926546912975,109.95
2025-12-09 16:45:00+01:00,139.6845633117484,107.0
2025-12-09 17:00:00+01:00,135.9350535852906,105.17
2025-12-09 17:15:00+01:00,138.26938345391468,104.78
2025-12-09 17:30:00+01:00,124.43173190364364,106.25
2025-12-09 17:45:00+01:00,105.97037914790404,102.07
2025-12-09 18:00:00+01:00,121.58618543483944,101.72
2025-12-09 18:15:00+01:00,121.79796734420056,97.71
2025-12-09 18:30:00+01:00,114.7165176644708,101.85
2025-12-09 18:45:00+01:00,99.38427032598808,86.36
2025-12-09 19:00:00+01:00,117.29705929697607,95.9
2025-12-09 19:15:00+01:00,106.94802971241606,86.65
2025-12-09 19:30:00+01:00,89.8734642061105,81.11
2025-12-09 19:45:00+01:00,78.30539096779827,76.75
2025-12-09 20:00:00+01:00,99.2433733307168,96.06
2025-12-09 20:15:00+01:00,86.22232240878769,82.99
2025-12-09 20:30:00+01:00,79.40815918374592,79.55
2025-12-09 20:45:00+01:00,82.66644319725359,76.08
2025-12-09 21:00:00+01:00,88.03738313563242,93.47
2025-12-09 21:15:00+01:00,78.31708375138977,81.16
2025-12-09 21:30:00+01:00,79.00026315213508,75.83
2025-12-09 21:45:00+01:00,69.97584464513857,66.96
2025-12-09 22:00:00+01:00,89.07167638925593,82.46
2025-12-09 22:15:00+01:00,81.37590435618704,77.93
2025-12-09 22:30:00+01:00,79.72790477704405,69.88
2025-12-09 22:45:00+01:00,73.49125169694797,63.06
2025-12-09 23:00:00+01:00,81.99172023696573,66.62
2025-12-09 23:15:00+01:00,72.9281869269687,59.14
2025-12-09 23:30:00+01:00,71.51478487292461,52.6
2025-12-09 23:45:00+01:00,64.50935846212009,43.32
2025-12-10 00:00:00+01:00,72.91962928747651,54.31
2025-12-10 00:15:00+01:00,63.00149438517139,50.51
2025-12-10 00:30:00+01:00,56.77913560249327,41.06
2025-12-10 00:45:00+01:00,51.02654929951669,29.72
2025-12-10 01:00:00+01:00,60.11796171584382,43.68
2025-12-10 01:15:00+01:00,54.36642480276163,36.59
2025-12-10 01:30:00+01:00,53.13200097258456,35.21
2025-12-10 01:45:00+01:00,50.65491976627514,30.44
2025-12-10 02:00:00+01:00,53.12214249501376,34.43
2025-12-10 02:15:00+01:00,52.46482596909793,29.7
2025-12-10 02:30:00+01:00,52.05693291885206,31.43
2025-12-10 02:45:00+01:00,51.43725716051894,28.44
2025-12-10 03:00:00+01:00,52.86605775339466,40.08
2025-12-10 03:15:00+01:00,51.97133087301308,38.13
2025-12-10 03:30:00+01:00,54.35620533733464,30.02
2025-12-10 03:45:00+01:00,55.215455401753275,32.22
2025-12-10 04:00:00+01:00,52.234691206605184,31.77
2025-12-10 04:15:00+01:00,55.48159216755528,41.01
2025-12-10 04:30:00+01:00,62.0224065531155,52.95
2025-12-10 04:45:00+01:00,65.21217916717657,66.63
2025-12-10 05:00:00+01:00,56.406567088418925,51.9
2025-12-10 05:15:00+01:00,66.10432141187874,65.63
2025-12-10 05:30:00+01:00,74.9101372765474,70.37
2025-12-10 05:45:00+01:00,90.3597187396733,90.7
2025-12-10 06:00:00+01:00,65.79427143843249,44.18
2025-12-10 06:15:00+01:00,88.29363755204588,68.22
2025-12-10 06:30:00+01:00,101.57217391747044,90.79
2025-12-10 06:45:00+01:00,106.74362759005868,113.29
2025-12-10 07:00:00+01:00,97.32616889038306,81.01
2025-12-10 07:15:00+01:00,106.91129272628422,89.77
2025-12-10 07:30:00+01:00,112.48491615202109,92.34
2025-12-10 07:45:00+01:00,115.76015821164066,86.9
2025-12-10 08:00:00+01:00,111.87329529520588,91.17
2025-12-10 08:15:00+01:00,121.82058426573012,101.54
2025-12-10 08:30:00+01:00,118.82796027042612,96.9
2025-12-10 08:45:00+01:00,115.76743174044488,87.72
2025-12-10 09:00:00+01:00,119.66637168583956,106.45
2025-12-10 09:15:00+01:00,122.94563827667626,97.34
2025-12-10 09:30:00+01:00,99.33477874617812,91.09
2025-12-10 09:45:00+01:00,89.70228844187862,82.02
2025-12-10 10:00:00+01:00,98.8979142913858,103.38
2025-12-10 10:15:00+01:00,93.92834445448358,88.65
2025-12-10 10:30:00+01:00,88.61292122716699,81.88
2025-12-10 10:45:00+01:00,82.61089155168128,77.0
2025-12-10 11:00:00+01:00,85.283115781689,84.42
2025-12-10 11:15:00+01:00,78.5376557062124,80.7
2025-12-10 11:30:00+01:00,86.1387953250796,78.87
2025-12-10 11:45:00+01:00,84.03097259170042,80.0
2025-12-10 12:00:00+01:00,76.20955502628307,80.47
2025-12-10 12:15:00+01:00,77.36379867672149,75.45
2025-12-10 12:30:00+01:00,90.89389146642904,81.01
2025-12-10 12:45:00+01:00,96.4455710627754,81.07
2025-12-10 13:00:00+01:00,86.45579079160346,81.38
2025-12-10 13:15:00+01:00,89.57039428467436,80.91
2025-12-10 13:30:00+01:00,92.79002915485376,80.92
2025-12-10 13:45:00+01:00,98.59862107079984,82.56
2025-12-10 14:00:00+01:00,83.51138395283915,82.79
2025-12-10 14:15:00+01:00,95.77960293839742,87.9
2025-12-10 14:30:00+01:00,102.90516097825684,92.0
2025-12-10 14:45:00+01:00,117.40978117136736,98.2
2025-12-10 15:00:00+01:00,95.75168426890085,97.23
2025-12-10 15:15:00+01:00,112.48239395928708,101.11
2025-12-10 15:30:00+01:00,133.80505473760098,102.84
2025-12-10 15:45:00+01:00,141.46992307500966,101.48
2025-12-10 16:00:00+01:00,116.3014158059076,101.76
2025-12-10 16:15:00+01:00,132.19742578131627,103.17
2025-12-10 16:30:00+01:00,139.1216999220116,102.41
2025-12-10 16:45:00+01:00,152.01702031624734,108.67
2025-12-10 17:00:00+01:00,137.81545487574664,107.93
2025-12-10 17:15:00+01:00,140.61080820525353,104.24
2025-12-10 17:30:00+01:00,146.5237008075829,104.11
2025-12-10 17:45:00+01:00,115.47825346470486,106.41
2025-12-10 18:00:00+01:00,137.75228015200886,104.46
2025-12-10 18:15:00+01:00,134.2441935227047,104.54
2025-12-10 18:30:00+01:00,132.1259577916527,104.67
2025-12-10 18:45:00+01:00,133.5073554669935,105.11
2025-12-10 19:00:00+01:00,137.0210087745157,105.06
2025-12-10 19:15:00+01:00,123.66323180594212,98.8
2025-12-10 19:30:00+01:00,122.919972663318,100.54
2025-12-10 19:45:00+01:00,112.53558334298506,82.69
2025-12-10 20:00:00+01:00,128.5316455164467,94.71
2025-12-10 20:15:00+01:00,114.10022767339196,83.36
2025-12-10 20:30:00+01:00,103.1836530277491,82.56
2025-12-10 20:45:00+01:00,95.74769635690996,90.37
2025-12-10 21:00:00+01:00,105.02395117936491,95.23
2025-12-10 21:15:00+01:00,100.06266438209498,86.0
2025-12-10 21:30:00+01:00,92.21399229954363,83.31
2025-12-10 21:45:00+01:00,82.10675692949448,80.7
2025-12-10 22:00:00+01:00,97.40951590647758,86.53
2025-12-10 22:15:00+01:00,92.24020942069404,80.12
2025-12-10 22:30:00+01:00,82.63457030844513,83.68
2025-12-10 22:45:00+01:00,75.985692663433,79.61
2025-12-10 23:00:00+01:00,82.35812646125713,75.55
2025-12-10 23:15:00+01:00,79.71445272131663,79.89
2025-12-10 23:30:00+01:00,80.06108635562204,78.6
2025-12-10 23:45:00+01:00,71.98382271633356,71.66
2025-12-11 00:00:00+01:00,85.02988392418473,81.42
2025-12-11 00:15:00+01:00,81.50421145075359,73.09
2025-12-11 00:30:00+01:00,78.77243836582832,72.06
2025-12-11 00:45:00+01:00,73.41631713879417,69.33
2025-12-11 01:00:00+01:00,79.20988231464632,79.38
2025-12-11 01:15:00+01:00,75.68826431583786,72.2
2025-12-11 01:30:00+01:00,75.8453255457406,72.27
2025-12-11 01:45:00+01:00,74.05505242907832,69.82
2025-12-11 02:00:00+01:00,76.44051862607624,71.67
2025-12-11 02:15:00+01:00,74.8487166931796,71.1
2025-12-11 02:30:00+01:00,74.46724535398236,73.3
2025-12-11 02:45:00+01:00,73.22011851366577,73.99
2025-12-11 03:00:00+01:00,75.30653881188591,73.21
2025-12-11 03:15:00+01:00,73.65934720634759,72.91
2025-12-11 03:30:00+01:00,75.81841627956403,74.69
2025-12-11 03:45:00+01:00,72.40444621714639,80.02
2025-12-11 04:00:00+01:00,73.4482245170139,70.57
2025-12-11 04:15:00+01:00,73.72174496142097,74.65
2025-12-11 04:30:00+01:00,75.62053235546354,79.0
2025-12-11 04:45:00+01:00,80.52913769039323,83.43
2025-12-11 05:00:00+01:00,72.12551763009459,79.02
2025-12-11 05:15:00+01:00,75.53739437098858,78.95
2025-12-11 05:30:00+01:00,84.06066252892089,79.02
2025-12-11 05:45:00+01:00,96.65044241450764,85.38
2025-12-11 06:00:00+01:00,76.45218373859709,75.9
2025-12-11 06:15:00+01:00,89.24189551001056,89.48
2025-12-11 06:30:00+01:00,103.45645663482058,91.46
2025-12-11 06:45:00+01:00,108.68628153380688,103.52
2025-12-11 07:00:00+01:00,102.5177450956325,89.09
2025-12-11 07:15:00+01:00,111.27115918185578,94.53
2025-12-11 07:30:00+01:00,116.52855198987156,101.85
2025-12-11 07:45:00+01:00,118.31137088048207,106.97
2025-12-11 08:00:00+01:00,128.50249398844994,102.97
2025-12-11 08:15:00+01:00,126.38789576291823,112.96
2025-12-11 08:30:00+01:00,115.53733295000852,113.99
2025-12-11 08:45:00+01:00,99.47061839366808,111.51
2025-12-11 09:00:00+01:00,121.29558457920297,118.17
2025-12-11 09:15:00+01:00,108.84894049280211,110.63
2025-12-11 09:30:00+01:00,101.41300538649702,104.87
2025-12-11 09:45:00+01:00,91.08028729541958,91.0
2025-12-11 10:00:00+01:00,101.17055285396695,106.19
2025-12-11 10:15:00+01:00,98.09621589237884,93.83
2025-12-11 10:30:00+01:00,97.74475201062164,86.8
2025-12-11 10:45:00+01:00,88.41951708783124,85.9
2025-12-11 11:00:00+01:00,86.69321276863819,96.39
2025-12-11 11:15:00+01:00,85.46217208818555,95.06
2025-12-11 11:30:00+01:00,88.51282563528206,90.12
2025-12-11 11:45:00+01:00,84.15827534364863,86.1
2025-12-11 12:00:00+01:00,84.84290524959441,92.43
2025-12-11 12:15:00+01:00,81.14219172626221,87.01
2025-12-11 12:30:00+01:00,85.95984598825366,88.78
2025-12-11 12:45:00+01:00,88.83618568432611,89.38
2025-12-11 13:00:00+01:00,88.14841819860446,85.19
2025-12-11 13:15:00+01:00,90.4149353411072,86.45
2025-12-11 13:30:00+01:00,93.26877808875552,92.63
2025-12-11 13:45:00+01:00,96.7595380701388,96.61
2025-12-11 14:00:00+01:00,87.85294005559035,84.78
2025-12-11 14:15:00+01:00,95.3860153314383,94.02
2025-12-11 14:30:00+01:00,100.80386734744994,99.56
2025-12-11 14:45:00+01:00,122.86955640676258,112.79
2025-12-11 15:00:00+01:00,97.5274909130004,98.15
2025-12-11 15:15:00+01:00,115.07759278076082,106.06
2025-12-11 15:30:00+01:00,135.05334716560077,115.95
2025-12-11 15:45:00+01:00,151.0783754409161,124.9
2025-12-11 16:00:00+01:00,115.8619232914617,109.05
2025-12-11 16:15:00+01:00,130.8747258334247,109.54
2025-12-11 16:30:00+01:00,144.66987037289616,118.12
2025-12-11 16:45:00+01:00,161.6480447435496,122.09
2025-12-11 17:00:00+01:00,141.78454145524006,110.65
2025-12-11 17:15:00+01:00,149.5569572242725,116.93
2025-12-11 17:30:00+01:00,159.38059437841216,117.95
2025-12-11 17:45:00+01:00,154.72013654919095,116.09
2025-12-11 18:00:00+01:00,147.5792488180544,116.59
2025-12-11 18:15:00+01:00,146.61448995319594,112.51
2025-12-11 18:30:00+01:00,145.22005848880988,111.03
2025-12-11 18:45:00+01:00,148.12088430548798,110.14
2025-12-11 19:00:00+01:00,141.4719318506472,108.3
2025-12-11 19:15:00+01:00,140.47290491000902,105.69
2025-12-11 19:30:00+01:00,139.28772614610494,109.08
2025-12-11 19:45:00+01:00,131.91162558410085,108.09
2025-12-11 20:00:00+01:00,140.45882475146018,113.96
2025-12-11 20:15:00+01:00,125.38812642831986,103.82
2025-12-11 20:30:00+01:00,117.4262038610794,99.79
2025-12-11 20:45:00+01:00,116.72659289083062,97.0
2025-12-11 21:00:00+01:00,120.68113970686012,103.57
2025-12-11 21:15:00+01:00,110.28743502127584,99.04
2025-12-11 21:30:00+01:00,102.40823268687662,92.27
2025-12-11 21:45:00+01:00,94.35176152981056,82.69
2025-12-11 22:00:00+01:00,106.03048667103124,100.59
2025-12-11 22:15:00+01:00,105.17680677214176,91.53
2025-12-11 22:30:00+01:00,103.6334034309664,92.79
2025-12-11 22:45:00+01:00,98.18827804193386,89.43
2025-12-11 23:00:00+01:00,101.69584263024458,101.03
2025-12-11 23:15:00+01:00,94.68843855135324,95.01
2025-12-11 23:30:00+01:00,93.36374853301648,91.31
2025-12-11 23:45:00+01:00,84.52575129807639,87.59
2025-12-12 00:00:00+01:00,95.50655700946994,88.14
2025-12-12 00:15:00+01:00,92.36212960277344,86.91
2025-12-12 00:30:00+01:00,90.79446411520831,79.0
2025-12-12 00:45:00+01:00,88.91646992379354,81.07
2025-12-12 01:00:00+01:00,93.04587124806112,84.34
2025-12-12 01:15:00+01:00,88.50235222852089,83.57
2025-12-12 01:30:00+01:00,88.42644794019886,89.23
2025-12-12 01:45:00+01:00,88.05748219827676,87.74
2025-12-12 02:00:00+01:00,89.25027668889888,88.09
2025-12-12 02:15:00+01:00,87.97066571630191,84.58
2025-12-12 02:30:00+01:00,87.95543001630514,88.8
2025-12-12 02:45:00+01:00,90.52786969983676,90.13
2025-12-12 03:00:00+01:00,88.41822424522336,90.81
2025-12-12 03:15:00+01:00,89.27988565578735,88.92
2025-12-12 03:30:00+01:00,87.7589411946015,90.48
2025-12-12 03:45:00+01:00,91.63282943043562,90.52
2025-12-12 04:00:00+01:00,88.61807841302337,87.83
2025-12-12 04:15:00+01:00,88.80341981834654,89.9
2025-12-12 04:30:00+01:00,89.1161512386899,95.1
2025-12-12 04:45:00+01:00,94.55780766149616,90.0
2025-12-12 05:00:00+01:00,89.8902779372574,84.67
2025-12-12 05:15:00+01:00,89.14226054041517,87.11
2025-12-12 05:30:00+01:00,99.04403029445352,97.06
2025-12-12 05:45:00+01:00,111.50100947000564,100.01
2025-12-12 06:00:00+01:00,92.72572103194229,84.46
2025-12-12 06:15:00+01:00,100.86192601933298,97.09
2025-12-12 06:30:00+01:00,114.86591827575552,110.28
2025-12-12 06:45:00+01:00,130.1215686992656,113.08
2025-12-12 07:00:00+01:00,114.1052697528506,108.32
2025-12-12 07:15:00+01:00,127.55035312820834,125.3
2025-12-12 07:30:00+01:00,133.29765629623347,122.78
2025-12-12 07:45:00+01:00,136.44247381211653,128.9
2025-12-12 08:00:00+01:00,122.272693177607,128.79
2025-12-12 08:15:00+01:00,145.5564116912841,132.96
2025-12-12 08:30:00+01:00,134.09447411330038,133.52
2025-12-12 08:45:00+01:00,119.16807184966416,128.14
2025-12-12 09:00:00+01:00,135.81797846917158,133.97
2025-12-12 09:15:00+01:00,133.15572448259945,127.0
2025-12-12 09:30:00+01:00,121.18648380926,124.64
2025-12-12 09:45:00+01:00,110.64337822958504,122.0
2025-12-12 10:00:00+01:00,124.4215230977059,129.2
2025-12-12 10:15:00+01:00,112.188028767538,126.92
2025-12-12 10:30:00+01:00,105.3154293648092,118.18
2025-12-12 10:45:00+01:00,101.52198488900964,113.52
2025-12-12 11:00:00+01:00,105.8401619643246,122.1
2025-12-12 11:15:00+01:00,98.30476617561568,118.52
2025-12-12 11:30:00+01:00,95.6440819032261,117.91
2025-12-12 11:45:00+01:00,103.93151209143342,114.69
2025-12-12 12:00:00+01:00,101.61171712981924,111.63
2025-12-12 12:15:00+01:00,100.08997796188471,112.75
2025-12-12 12:30:00+01:00,108.2367813433714,113.29
2025-12-12 12:45:00+01:00,107.9031356858419,114.6
2025-12-12 13:00:00+01:00,99.6792007278636,114.22
2025-12-12 13:15:00+01:00,106.18638973325724,115.04
2025-12-12 13:30:00+01:00,108.119413534873,119.81
2025-12-12 13:45:00+01:00,112.20290828109978,123.97
2025-12-12 14:00:00+01:00,101.34747085394672,114.08
2025-12-12 14:15:00+01:00,116.72194706550654,121.73
2025-12-12 14:30:00+01:00,115.71197432428724,133.05
2025-12-12 14:45:00+01:00,140.2736308908774,138.43
2025-12-12 15:00:00+01:00,107.9733729782491,122.1
2025-12-12 15:15:00+01:00,121.77670041214924,127.3
2025-12-12 15:30:00+01:00,131.04352107330786,135.99
2025-12-12 15:45:00+01:00,169.25697337457487,142.4
2025-12-12 16:00:00+01:00,130.34310909311623,134.03
2025-12-12 16:15:00+01:00,152.402688588017,138.1
2025-12-12 16:30:00+01:00,159.78317363705128,148.95
2025-12-12 16:45:00+01:00,179.60342050728693,160.87
2025-12-12 17:00:00+01:00,157.0923209989058,150.0
2025-12-12 17:15:00+01:00,163.00472523006633,151.81
2025-12-12 17:30:00+01:00,142.9276071391604,144.79
2025-12-12 17:45:00+01:00,145.83990493531118,140.7
2025-12-12 18:00:00+01:00,158.73133450473364,138.83
2025-12-12 18:15:00+01:00,122.42035988256684,133.66
2025-12-12 18:30:00+01:00,143.7770482327106,131.01
2025-12-12 18:45:00+01:00,147.29109442710475,128.9
2025-12-12 19:00:00+01:00,145.72888647966565,129.0
2025-12-12 19:15:00+01:00,141.2067268312276,127.3
2025-12-12 19:30:00+01:00,145.6767956104257,128.63
2025-12-12 19:45:00+01:00,132.73156074234328,127.3
2025-12-12 20:00:00+01:00,139.0913906471,122.0
2025-12-12 20:15:00+01:00,135.9847076055422,122.0
2025-12-12 20:30:00+01:00,121.0012072472906,119.9
2025-12-12 20:45:00+01:00,113.0147829982268,104.11
2025-12-12 21:00:00+01:00,121.96101282136374,130.57
2025-12-12 21:15:00+01:00,113.24721195787096,117.33
2025-12-12 21:30:00+01:00,108.91154562405671,109.22
2025-12-12 21:45:00+01:00,100.02580043421897,102.6
2025-12-12 22:00:00+01:00,112.91084836551424,109.92
2025-12-12 22:15:00+01:00,106.21389568847754,107.64
2025-12-12 22:30:00+01:00,102.01487629852788,103.58
2025-12-12 22:45:00+01:00,97.29518563102604,94.14
2025-12-12 23:00:00+01:00,105.56998352033096,102.95
2025-12-12 23:15:00+01:00,97.92776904756802,95.31
2025-12-12 23:30:00+01:00,94.31161630127264,87.68
2025-12-12 23:45:00+01:00,85.72267444866333,81.07
2025-12-13 00:00:00+01:00,94.19920778805782,103.81
2025-12-13 00:15:00+01:00,89.5445801612748,93.33
2025-12-13 00:30:00+01:00,87.24772956504997,89.21
2025-12-13 00:45:00+01:00,84.2741717167876,82.78
2025-12-13 01:00:00+01:00,92.64257038629503,99.35
2025-12-13 01:15:00+01:00,86.70311453558155,92.78
2025-12-13 01:30:00+01:00,84.93067650165978,87.52
2025-12-13 01:45:00+01:00,83.84771165577679,82.36
2025-12-13 02:00:00+01:00,86.02489197733824,92.52
2025-12-13 02:15:00+01:00,83.95919715253191,85.52
2025-12-13 02:30:00+01:00,84.03864231789827,87.48
2025-12-13 02:45:00+01:00,81.93506854419329,84.04
2025-12-13 03:00:00+01:00,86.36811328813685,92.19
2025-12-13 03:15:00+01:00,83.02437087863068,87.23
2025-12-13 03:30:00+01:00,83.51378860797729,85.95
2025-12-13 03:45:00+01:00,82.28252323687163,82.8
2025-12-13 04:00:00+01:00,83.81046706285518,86.51
2025-12-13 04:15:00+01:00,84.32614445051603,84.34
2025-12-13 04:30:00+01:00,84.5599252360279,84.91
2025-12-13 04:45:00+01:00,85.14087034147106,84.24
2025-12-13 05:00:00+01:00,84.32659343874818,85.07
2025-12-13 05:15:00+01:00,85.19012451528467,84.38
2025-12-13 05:30:00+01:00,85.48358641686708,83.53
2025-12-13 05:45:00+01:00,84.45556142945841,85.69
2025-12-13 06:00:00+01:00,83.60898719427539,81.77
2025-12-13 06:15:00+01:00,87.07486980910097,75.9
2025-12-13 06:30:00+01:00,89.81314860022158,78.93
2025-12-13 06:45:00+01:00,99.40865080352316,79.97
2025-12-13 07:00:00+01:00,104.64178929659914,74.83
2025-12-13 07:15:00+01:00,101.4301130223988,76.48
2025-12-13 07:30:00+01:00,101.9179859708215,84.93
2025-12-13 07:45:00+01:00,104.84532961363038,88.3
2025-12-13 08:00:00+01:00,123.51016715900114,85.42
2025-12-13 08:15:00+01:00,108.28923628691206,90.79
2025-12-13 08:30:00+01:00,103.87779502868892,100.06
2025-12-13 08:45:00+01:00,95.92394351994548,107.54
2025-12-13 09:00:00+01:00,110.92350853510804,107.27
2025-12-13 09:15:00+01:00,101.53965669668324,107.33
2025-12-13 09:30:00+01:00,104.78753280790048,107.93
2025-12-13 09:45:00+01:00,98.49703876815867,104.55
2025-12-13 10:00:00+01:00,111.63007694905768,108.27
2025-12-13 10:15:00+01:00,93.85662742954086,105.62
2025-12-13 10:30:00+01:00,99.97173802538308,101.14
2025-12-13 10:45:00+01:00,92.37706242699988,95.31
2025-12-13 11:00:00+01:00,93.85312290005776,102.85
2025-12-13 11:15:00+01:00,92.65596198790664,100.7
2025-12-13 11:30:00+01:00,91.48353727292172,97.77
2025-12-13 11:45:00+01:00,89.51665504163601,91.05
2025-12-13 12:00:00+01:00,90.19253627110264,98.95
2025-12-13 12:15:00+01:00,88.72820284370451,93.59
2025-12-13 12:30:00+01:00,90.26138204901451,92.78
2025-12-13 12:45:00+01:00,90.48453765779873,89.71
2025-12-13 13:00:00+01:00,89.32334812489292,94.98
2025-12-13 13:15:00+01:00,92.32363153518136,91.95
2025-12-13 13:30:00+01:00,91.2237892523916,91.78
2025-12-13 13:45:00+01:00,95.05906109626098,93.03
2025-12-13 14:00:00+01:00,89.33943757468067,85.37
2025-12-13 14:15:00+01:00,93.9030664742689,87.98
2025-12-13 14:30:00+01:00,104.50405412955304,100.15
2025-12-13 14:45:00+01:00,111.94213904916704,109.53
2025-12-13 15:00:00+01:00,100.80475588492406,102.45
2025-12-13 15:15:00+01:00,111.54742227481344,115.63
2025-12-13 15:30:00+01:00,116.95610734753028,119.19
2025-12-13 15:45:00+01:00,130.46711657223926,121.36
2025-12-13 16:00:00+01:00,114.62706297172464,113.99
2025-12-13 16:15:00+01:00,120.7152323408601,118.0
2025-12-13 16:30:00+01:00,130.9848585884921,121.99
2025-12-13 16:45:00+01:00,150.25562214235774,124.85
2025-12-13 17:00:00+01:00,134.79571639305766,120.03
2025-12-13 17:15:00+01:00,139.989060049188,120.67
2025-12-13 17:30:00+01:00,139.77630088607702,118.78
2025-12-13 17:45:00+01:00,132.6810240305091,114.31
2025-12-13 18:00:00+01:00,139.85824963558215,118.0
2025-12-13 18:15:00+01:00,133.88029370815212,115.05
2025-12-13 18:30:00+01:00,121.75527280691728,111.39
2025-12-13 18:45:00+01:00,120.77208525441924,104.58
2025-12-13 19:00:00+01:00,121.47045552474576,116.77
2025-12-13 19:15:00+01:00,120.19793406831192,106.7
2025-12-13 19:30:00+01:00,118.0420451730292,98.24
2025-12-13 19:45:00+01:00,113.2009723767002,92.81
2025-12-13 20:00:00+01:00,114.3602208545956,100.19
2025-12-13 20:15:00+01:00,113.40246391363156,93.59
2025-12-13 20:30:00+01:00,104.97551500713708,86.78
2025-12-13 20:45:00+01:00,95.5884997999851,86.27
2025-12-13 21:00:00+01:00,104.98989767807606,94.46
2025-12-13 21:15:00+01:00,99.78013814017216,94.71
2025-12-13 21:30:00+01:00,95.34633935097932,88.16
2025-12-13 21:45:00+01:00,89.39753809899818,84.9
2025-12-13 22:00:00+01:00,100.63045852530246,107.87
2025-12-13 22:15:00+01:00,97.14847891607567,96.29
2025-12-13 22:30:00+01:00,94.52650155329638,88.25
2025-12-13 22:45:00+01:00,89.63387598749367,82.33
2025-12-13 23:00:00+01:00,100.8289378738967,93.76
2025-12-13 23:15:00+01:00,90.7707319283864,89.73
2025-12-13 23:30:00+01:00,87.61419104159654,82.71
2025-12-13 23:45:00+01:00,82.99127962599282,71.35
2025-12-14 00:00:00+01:00,88.69595700691823,97.5
2025-12-14 00:15:00+01:00,84.17227423824826,91.92
2025-12-14 00:30:00+01:00,81.43812379940006,88.47
2025-12-14 00:45:00+01:00,77.12041475882405,86.89
2025-12-14 01:00:00+01:00,85.26966871185496,99.02
2025-12-14 01:15:00+01:00,80.25252736960212,95.24
2025-12-14 01:30:00+01:00,78.65737570260895,85.9
2025-12-14 01:45:00+01:00,75.28394853743664,81.93
2025-12-14 02:00:00+01:00,79.65990229872415,89.4
2025-12-14 02:15:00+01:00,77.17777467584052,83.34
2025-12-14 02:30:00+01:00,74.40653146989114,78.86
2025-12-14 02:45:00+01:00,71.67398238103652,76.0
2025-12-14 03:00:00+01:00,75.20948414842458,78.67
2025-12-14 03:15:00+01:00,72.78581759795944,81.7
2025-12-14 03:30:00+01:00,71.57867163291411,80.87
2025-12-14 03:45:00+01:00,71.28996445009501,78.56
2025-12-14 04:00:00+01:00,74.51795977011774,77.9
2025-12-14 04:15:00+01:00,74.26102064029362,76.84
2025-12-14 04:30:00+01:00,75.93474268970945,77.28
2025-12-14 04:45:00+01:00,75.19578528538746,77.2
2025-12-14 05:00:00+01:00,74.96592585636088,81.5
2025-12-14 05:15:00+01:00,75.46882399176799,78.68
2025-12-14 05:30:00+01:00,74.9335724037336,77.53
2025-12-14 05:45:00+01:00,71.23300333338676,77.34
2025-12-14 06:00:00+01:00,72.85133680171697,76.33
2025-12-14 06:15:00+01:00,71.62941353128006,76.47
2025-12-14 06:30:00+01:00,68.44510350324762,77.33
2025-12-14 06:45:00+01:00,79.32667743364817,78.57
2025-12-14 07:00:00+01:00,81.22747478506433,80.86
2025-12-14 07:15:00+01:00,72.82843368406272,76.06
2025-12-14 07:30:00+01:00,72.44402508593926,76.89
2025-12-14 07:45:00+01:00,79.05936754601318,76.08
2025-12-14 08:00:00+01:00,85.45707111559972,77.91
2025-12-14 08:15:00+01:00,73.6578620637712,81.65
2025-12-14 08:30:00+01:00,73.32706382011467,82.67
2025-12-14 08:45:00+01:00,74.12816293332855,84.81
2025-12-14 09:00:00+01:00,79.97029719813948,80.17
2025-12-14 09:15:00+01:00,74.08553867151045,85.91
2025-12-14 09:30:00+01:00,78.7771080265235,84.91
2025-12-14 09:45:00+01:00,64.73949940859232,78.39
2025-12-14 10:00:00+01:00,81.64611062651014,82.19
2025-12-14 10:15:00+01:00,78.19435064374517,79.91
2025-12-14 10:30:00+01:00,72.45750921131601,79.9
2025-12-14 10:45:00+01:00,77.44073074430149,78.02
2025-12-14 11:00:00+01:00,61.52210844203279,83.76
2025-12-14 11:15:00+01:00,66.59892290882355,85.09
2025-12-14 11:30:00+01:00,74.03111022507795,84.9
2025-12-14 11:45:00+01:00,71.46711074828774,82.56
2025-12-14 12:00:00+01:00,70.86188459626854,88.69
2025-12-14 12:15:00+01:00,71.0777884492615,87.43
2025-12-14 12:30:00+01:00,69.59930678357003,87.31
2025-12-14 12:45:00+01:00,71.17445601070331,85.66
2025-12-14 13:00:00+01:00,69.98308999919608,87.43
2025-12-14 13:15:00+01:00,74.07508434688214,85.9
2025-12-14 13:30:00+01:00,74.53201377834425,84.69
2025-12-14 13:45:00+01:00,80.82094089380189,89.81
2025-12-14 14:00:00+01:00,74.85631848566968,85.9
2025-12-14 14:15:00+01:00,74.69643428445144,80.69
2025-12-14 14:30:00+01:00,78.56241472642444,88.85
2025-12-14 14:45:00+01:00,90.59666777355852,99.16
2025-12-14 15:00:00+01:00,78.80517116371283,83.0
2025-12-14 15:15:00+01:00,80.24889297897542,88.91
2025-12-14 15:30:00+01:00,90.27075434665804,99.53
2025-12-14 15:45:00+01:00,89.23831240436519,96.95
2025-12-14 16:00:00+01:00,89.9672667247991,99.09
2025-12-14 16:15:00+01:00,91.76553999873668,101.83
2025-12-14 16:30:00+01:00,96.65197239444886,95.62
2025-12-14 16:45:00+01:00,109.98229453331888,100.59
2025-12-14 17:00:00+01:00,97.14792730271552,99.71
2025-12-14 17:15:00+01:00,98.62054411618476,105.28
2025-12-14 17:30:00+01:00,108.702618120613,104.87
2025-12-14 17:45:00+01:00,80.90770041105766,101.28
2025-12-14 18:00:00+01:00,110.40056460492968,111.25
2025-12-14 18:15:00+01:00,110.98117656649082,106.04
2025-12-14 18:30:00+01:00,81.88443526180056,99.9
2025-12-14 18:45:00+01:00,83.66886386137388,95.98
2025-12-14 19:00:00+01:00,92.14376586077896,103.63
2025-12-14 19:15:00+01:00,94.90897102714708,98.04
2025-12-14 19:30:00+01:00,87.3559833404985,89.13
2025-12-14 19:45:00+01:00,81.21216205002165,81.16
2025-12-14 20:00:00+01:00,79.1449826778454,103.14
2025-12-14 20:15:00+01:00,86.51812869951513,92.47
2025-12-14 20:30:00+01:00,83.46143683470348,86.86
2025-12-14 20:45:00+01:00,79.10328087245117,79.12
2025-12-14 21:00:00+01:00,85.46315758174734,88.62
2025-12-14 21:15:00+01:00,82.25135364393691,85.38
2025-12-14 21:30:00+01:00,79.83090670722451,84.91
2025-12-14 21:45:00+01:00,74.9782693034507,78.7
2025-12-14 22:00:00+01:00,89.70118068667114,88.14
2025-12-14 22:15:00+01:00,80.93813832405371,83.3
2025-12-14 22:30:00+01:00,79.6047312067156,81.38
2025-12-14 22:45:00+01:00,73.6409569875708,77.78
2025-12-14 23:00:00+01:00,83.84972737019886,85.0
2025-12-14 23:15:00+01:00,74.58713946338254,74.7
2025-12-14 23:30:00+01:00,70.54650049235265,77.34
2025-12-14 23:45:00+01:00,64.83101518006546,65.96
2025-12-15 00:00:00+01:00,82.5356605843595,72.17
2025-12-15 00:15:00+01:00,78.27902375896869,75.04
2025-12-15 00:30:00+01:00,74.33651384467264,66.89
2025-12-15 00:45:00+01:00,70.45289215729754,75.9
2025-12-15 01:00:00+01:00,77.33348776820813,75.34
2025-12-15 01:15:00+01:00,73.46370670126691,72.69
2025-12-15 01:30:00+01:00,71.93232764526634,70.91
2025-12-15 01:45:00+01:00,66.15726948170216,68.57
2025-12-15 02:00:00+01:00,73.41173793087158,72.07
2025-12-15 02:15:00+01:00,70.24158621388503,70.57
2025-12-15 02:30:00+01:00,66.74064044686168,70.54
2025-12-15 02:45:00+01:00,65.40379868029613,70.97
2025-12-15 03:00:00+01:00,68.82644187902378,70.91
2025-12-15 03:15:00+01:00,63.73822562258471,69.76
2025-12-15 03:30:00+01:00,67.30853979157457,70.13
2025-12-15 03:45:00+01:00,67.83992843571173,71.87
2025-12-15 04:00:00+01:00,66.45801748401617,70.22
2025-12-15 04:15:00+01:00,67.47717823975188,72.71
2025-12-15 04:30:00+01:00,71.19870978407029,76.28
2025-12-15 04:45:00+01:00,75.00748026272348,81.91
2025-12-15 05:00:00+01:00,67.78064613632358,70.46
2025-12-15 05:15:00+01:00,74.35045919518265,70.39
2025-12-15 05:30:00+01:00,81.37092430922937,77.49
2025-12-15 05:45:00+01:00,87.97942813328025,88.87
2025-12-15 06:00:00+01:00,74.5675378292059,71.0
2025-12-15 06:15:00+01:00,88.12177590124703,84.02
2025-12-15 06:30:00+01:00,97.8749293515808,85.8
2025-12-15 06:45:00+01:00,94.69007733556154,105.28
2025-12-15 07:00:00+01:00,108.71533093450364,78.89
2025-12-15 07:15:00+01:00,113.4998226020426,92.88
2025-12-15 07:30:00+01:00,115.29289822953572,104.39
2025-12-15 07:45:00+01:00,118.04793866487236,119.0
2025-12-15 08:00:00+01:00,131.7165528487551,104.08
2025-12-15 08:15:00+01:00,123.88690797280724,104.85
2025-12-15 08:30:00+01:00,116.24701842794946,104.37
2025-12-15 08:45:00+01:00,111.37640250125472,91.21
2025-12-15 09:00:00+01:00,117.710757385967,103.02
2025-12-15 09:15:00+01:00,110.57862540674816,105.41
2025-12-15 09:30:00+01:00,109.26798026843484,97.82
2025-12-15 09:45:00+01:00,99.26568019603044,80.35
2025-12-15 10:00:00+01:00,107.37240806492488,112.79
2025-12-15 10:15:00+01:00,102.71003492097748,93.64
2025-12-15 10:30:00+01:00,100.10979609799932,80.3
2025-12-15 10:45:00+01:00,96.29032338810086,71.73
2025-12-15 11:00:00+01:00,98.4936525713016,86.93
2025-12-15 11:15:00+01:00,96.09298102396274,77.05
2025-12-15 11:30:00+01:00,96.29982553155588,77.58
2025-12-15 11:45:00+01:00,95.97273370380758,77.33
2025-12-15 12:00:00+01:00,89.94105640552584,76.17
2025-12-15 12:15:00+01:00,92.95360327167288,75.35
2025-12-15 12:30:00+01:00,94.31110473479372,81.1
2025-12-15 12:45:00+01:00,97.07226347620671,86.46
2025-12-15 13:00:00+01:00,89.39833970006231,83.59
2025-12-15 13:15:00+01:00,97.33833112784264,86.09
2025-12-15 13:30:00+01:00,102.12210319614636,87.04
2025-12-15 13:45:00+01:00,111.90769581283192,96.32
2025-12-15 14:00:00+01:00,95.4090225452539,83.12
2025-12-15 14:15:00+01:00,102.90318873958992,88.24
2025-12-15 14:30:00+01:00,116.4870445890026,104.96
2025-12-15 14:45:00+01:00,127.55914718371372,105.43
2025-12-15 15:00:00+01:00,108.3427416448446,103.51
2025-12-15 15:15:00+01:00,122.84082821683764,105.69
2025-12-15 15:30:00+01:00,133.63478712768023,105.0
2025-12-15 15:45:00+01:00,143.86133355859496,115.0
2025-12-15 16:00:00+01:00,127.35106190495443,100.55
2025-12-15 16:15:00+01:00,132.469361781314,110.12
2025-12-15 16:30:00+01:00,136.49770706710535,111.35
2025-12-15 16:45:00+01:00,149.85638820873876,112.6
2025-12-15 17:00:00+01:00,134.63680208542357,103.71
2025-12-15 17:15:00+01:00,142.13542200860297,105.05
2025-12-15 17:30:00+01:00,146.70867152316666,104.07
2025-12-15 17:45:00+01:00,137.7358416387482,104.02
2025-12-15 18:00:00+01:00,138.47302356313594,103.07
2025-12-15 18:15:00+01:00,132.3081537864842,98.27
2025-12-15 18:30:00+01:00,131.52494110830966,99.51
2025-12-15 18:45:00+01:00,108.1595999820116,91.78
2025-12-15 19:00:00+01:00,127.56814261628588,100.05
2025-12-15 19:15:00+01:00,115.7319942120891,91.82
2025-12-15 19:30:00+01:00,110.80457665142224,86.75
2025-12-15 19:45:00+01:00,103.6093696138014,83.05
2025-12-15 20:00:00+01:00,107.40336099416984,93.24
2025-12-15 20:15:00+01:00,102.37521178098012,86.78
2025-12-15 20:30:00+01:00,97.4289361907714,80.29
2025-12-15 20:45:00+01:00,90.99167356090577,76.69
2025-12-15 21:00:00+01:00,103.78551842187788,87.36
2025-12-15 21:15:00+01:00,95.40765689815473,87.32
2025-12-15 21:30:00+01:00,91.1241021800678,86.08
2025-12-15 21:45:00+01:00,83.60324880845613,79.92
2025-12-15 22:00:00+01:00,99.03396656608814,92.0
2025-12-15 22:15:00+01:00,91.8981521664337,83.08
2025-12-15 22:30:00+01:00,86.86515638981399,82.93
2025-12-15 22:45:00+01:00,79.68340739919024,81.9
2025-12-15 23:00:00+01:00,90.70913453497592,81.9
2025-12-15 23:15:00+01:00,79.32953866713646,84.38
2025-12-15 23:30:00+01:00,76.34147600055333,80.12
2025-12-15 23:45:00+01:00,67.44194276771111,75.45
2025-12-16 00:00:00+01:00,86.13906850140356,80.91
2025-12-16 00:15:00+01:00,82.01792096904518,83.07
2025-12-16 00:30:00+01:00,78.94031839200541,81.91
2025-12-16 00:45:00+01:00,76.27170355610251,76.79
2025-12-16 01:00:00+01:00,81.94869433401273,82.17
2025-12-16 01:15:00+01:00,77.90755583481231,79.02
2025-12-16 01:30:00+01:00,77.10060896783403,78.18
2025-12-16 01:45:00+01:00,74.86177564452102,76.84
2025-12-16 02:00:00+01:00,77.81840982061232,77.84
2025-12-16 02:15:00+01:00,75.28655183547738,76.26
2025-12-16 02:30:00+01:00,75.15124483388973,77.19
2025-12-16 02:45:00+01:00,76.71312949769828,77.1
2025-12-16 03:00:00+01:00,75.65283747422872,77.41
2025-12-16 03:15:00+01:00,74.97561111388491,77.19
2025-12-16 03:30:00+01:00,77.14458117089335,80.29
2025-12-16 03:45:00+01:00,80.0763033975487,81.32
2025-12-16 04:00:00+01:00,75.3374411097017,78.08
2025-12-16 04:15:00+01:00,76.69857760203342,82.12
2025-12-16 04:30:00+01:00,80.22198601659315,79.15
2025-12-16 04:45:00+01:00,83.43657422424648,82.2
2025-12-16 05:00:00+01:00,77.56791087710941,78.6
2025-12-16 05:15:00+01:00,80.95523788754092,79.27
2025-12-16 05:30:00+01:00,89.2897404579363,82.1
2025-12-16 05:45:00+01:00,98.33590357575584,89.28
2025-12-16 06:00:00+01:00,81.69069203762191,80.29
2025-12-16 06:15:00+01:00,94.05644242558014,87.44
2025-12-16 06:30:00+01:00,105.31125947629263,89.8
2025-12-16 06:45:00+01:00,114.69892146681204,96.07
2025-12-16 07:00:00+01:00,112.4985625380671,89.91
2025-12-16 07:15:00+01:00,125.61014402622914,90.52
2025-12-16 07:30:00+01:00,129.50796642559678,90.31
2025-12-16 07:45:00+01:00,132.90541636513376,94.8
2025-12-16 08:00:00+01:00,140.76870050283202,100.54
2025-12-16 08:15:00+01:00,137.72291614520046,104.48
2025-12-16 08:30:00+01:00,136.04333144458263,104.31
2025-12-16 08:45:00+01:00,124.66572124039666,92.54
2025-12-16 09:00:00+01:00,137.13273855496752,108.42
2025-12-16 09:15:00+01:00,127.98899451691062,108.37
2025-12-16 09:30:00+01:00,126.41529746354102,98.27
2025-12-16 09:45:00+01:00,139.65183363449165,90.0
2025-12-16 10:00:00+01:00,129.6252254642751,100.69
2025-12-16 10:15:00+01:00,126.93640686319878,93.96
2025-12-16 10:30:00+01:00,119.5063652692677,88.78
2025-12-16 10:45:00+01:00,120.61995152147972,85.95
2025-12-16 11:00:00+01:00,120.60867498929656,91.58
2025-12-16 11:15:00+01:00,121.51089153649936,90.03
2025-12-16 11:30:00+01:00,130.24366069693093,90.14
2025-12-16 11:45:00+01:00,124.56916518256244,90.68
2025-12-16 12:00:00+01:00,131.5019898410697,89.72
2025-12-16 12:15:00+01:00,128.8851785216397,87.92
2025-12-16 12:30:00+01:00,122.32559720598456,91.32
2025-12-16 12:45:00+01:00,126.56618801653566,97.09
2025-12-16 13:00:00+01:00,129.86589195232315,87.76
2025-12-16 13:15:00+01:00,127.28207713144994,90.75
2025-12-16 13:30:00+01:00,130.09952270410415,100.58
2025-12-16 13:45:00+01:00,139.36459396962135,120.45
2025-12-16 14:00:00+01:00,119.89038433963296,100.83
2025-12-16 14:15:00+01:00,134.4805824302505,115.01
2025-12-16 14:30:00+01:00,160.39497774879112,139.36
2025-12-16 14:45:00+01:00,169.75909713369597,142.39
2025-12-16 15:00:00+01:00,142.84610341920066,122.14
2025-12-16 15:15:00+01:00,164.91690937536583,138.8
2025-12-16 15:30:00+01:00,157.94358541172136,143.69
2025-12-16 15:45:00+01:00,168.3515665991258,152.88
2025-12-16 16:00:00+01:00,153.9486874604098,140.01
2025-12-16 16:15:00+01:00,163.63687517934656,140.95
2025-12-16 16:30:00+01:00,163.20398385200747,162.35
2025-12-16 16:45:00+01:00,179.62938369487574,177.94
2025-12-16 17:00:00+01:00,170.15700407481927,157.92
2025-12-16 17:15:00+01:00,171.35035077724294,168.54
2025-12-16 17:30:00+01:00,167.30560423064557,165.22
2025-12-16 17:45:00+01:00,179.3709822689698,157.14
2025-12-16 18:00:00+01:00,160.97922475080122,151.11
2025-12-16 18:15:00+01:00,151.43621843767176,142.03
2025-12-16 18:30:00+01:00,142.4474213204391,138.93
2025-12-16 18:45:00+01:00,138.3256662049228,136.93
2025-12-16 19:00:00+01:00,150.22654016231917,147.29
2025-12-16 19:15:00+01:00,136.77674574695638,140.41
2025-12-16 19:30:00+01:00,137.98808629444036,131.7
2025-12-16 19:45:00+01:00,136.07785181057017,128.99
2025-12-16 20:00:00+01:00,154.46136986978678,130.62
2025-12-16 20:15:00+01:00,128.90427354750386,138.77
2025-12-16 20:30:00+01:00,120.23735541555706,127.0
2025-12-16 20:45:00+01:00,111.0627088209465,119.01
2025-12-16 21:00:00+01:00,122.89777721849964,133.59
2025-12-16 21:15:00+01:00,120.6990432242024,123.13
2025-12-16 21:30:00+01:00,109.8201444187098,115.6
2025-12-16 21:45:00+01:00,99.30400265596644,103.45
2025-12-16 22:00:00+01:00,118.27689358895825,127.33
2025-12-16 22:15:00+01:00,109.806929857613,116.56
2025-12-16 22:30:00+01:00,101.19223287389303,112.72
2025-12-16 22:45:00+01:00,95.03557386600632,105.69
2025-12-16 23:00:00+01:00,107.39819677129638,113.71
2025-12-16 23:15:00+01:00,97.36859870438457,106.54
2025-12-16 23:30:00+01:00,90.84804855039988,101.42
2025-12-16 23:45:00+01:00,81.99251201775984,92.01
2025-12-17 00:00:00+01:00,103.48640950029524,89.9
2025-12-17 00:15:00+01:00,100.4417758843374,89.12
2025-12-17 00:30:00+01:00,101.52168676303812,89.12
2025-12-17 00:45:00+01:00,100.39103012024258,87.87
2025-12-17 01:00:00+01:00,102.00461460608652,93.78
2025-12-17 01:15:00+01:00,99.2097733849526,90.09
2025-12-17 01:30:00+01:00,98.21708743952388,88.34
2025-12-17 01:45:00+01:00,98.375821781815,86.95
2025-12-17 02:00:00+01:00,100.80928593212542,87.93
2025-12-17 02:15:00+01:00,99.17872209848294,85.55
2025-12-17 02:30:00+01:00,93.53729207294262,86.05
2025-12-17 02:45:00+01:00,90.3150404065808,86.44
2025-12-17 03:00:00+01:00,90.14725229313632,85.15
2025-12-17 03:15:00+01:00,96.94282397285082,84.91
2025-12-17 03:30:00+01:00,92.845903718575,84.91
2025-12-17 03:45:00+01:00,94.28770802558311,85.13
2025-12-17 04:00:00+01:00,95.18540904235422,86.76
2025-12-17 04:15:00+01:00,92.95954263794276,85.74
2025-12-17 04:30:00+01:00,92.0234680102632,88.82
2025-12-17 04:45:00+01:00,93.20405755270434,90.99
2025-12-17 05:00:00+01:00,93.75529555738748,89.53
2025-12-17 05:15:00+01:00,93.37095417417504,87.61
2025-12-17 05:30:00+01:00,99.12761557660956,91.27
2025-12-17 05:45:00+01:00,100.05393664888511,93.58
2025-12-17 06:00:00+01:00,98.2601178470358,76.71
2025-12-17 06:15:00+01:00,104.76522880228208,85.1
2025-12-17 06:30:00+01:00,118.80651060906273,95.24
2025-12-17 06:45:00+01:00,134.80413960120953,124.9
2025-12-17 07:00:00+01:00,128.8497455707872,86.26
2025-12-17 07:15:00+01:00,136.38424964140154,97.26
2025-12-17 07:30:00+01:00,141.4946270408552,121.63
2025-12-17 07:45:00+01:00,142.18387254396546,130.15
2025-12-17 08:00:00+01:00,156.89982263551434,128.99
2025-12-17 08:15:00+01:00,150.3261347291456,137.0
2025-12-17 08:30:00+01:00,138.57855511945922,135.88
2025-12-17 08:45:00+01:00,119.63799090663512,131.97
2025-12-17 09:00:00+01:00,149.6729116713408,132.0
2025-12-17 09:15:00+01:00,130.27764922336212,133.61
2025-12-17 09:30:00+01:00,113.07254983868836,123.95
2025-12-17 09:45:00+01:00,106.1774575034678,115.62
2025-12-17 10:00:00+01:00,122.98737031997466,135.48
2025-12-17 10:15:00+01:00,116.41328913883277,126.34
2025-12-17 10:30:00+01:00,110.72364624912277,120.98
2025-12-17 10:45:00+01:00,103.89659048975938,115.34
2025-12-17 11:00:00+01:00,115.95809050248614,125.37
2025-12-17 11:15:00+01:00,111.85550833281316,119.0
2025-12-17 11:30:00+01:00,109.44301905899268,116.0
2025-12-17 11:45:00+01:00,107.74218955530432,112.23
2025-12-17 12:00:00+01:00,109.35421149428647,109.66
2025-12-17 12:15:00+01:00,106.55101516898524,108.34
2025-12-17 12:30:00+01:00,110.88317762146625,113.0
2025-12-17 12:45:00+01:00,111.69711678207877,116.58
2025-12-17 13:00:00+01:00,112.38882397887328,118.1
2025-12-17 13:15:00+01:00,110.91871514063942,119.01
2025-12-17 13:30:00+01:00,110.17140423722668,126.4
2025-12-17 13:45:00+01:00,111.762741703399,127.12
2025-12-17 14:00:00+01:00,102.99365741695968,120.65
2025-12-17 14:15:00+01:00,108.39357375003436,121.66
2025-12-17 14:30:00+01:00,126.9297343736422,129.0
2025-12-17 14:45:00+01:00,143.26950554471776,148.57
2025-12-17 15:00:00+01:00,113.77925098318508,116.92
2025-12-17 15:15:00+01:00,129.28055115307157,124.98
2025-12-17 15:30:00+01:00,142.75512348685032,133.29
2025-12-17 15:45:00+01:00,157.6019211916009,134.82
2025-12-17 16:00:00+01:00,146.6389488762099,121.61
2025-12-17 16:15:00+01:00,146.73390731639648,125.56
2025-12-17 16:30:00+01:00,154.18734017791712,128.63
2025-12-17 16:45:00+01:00,167.02567843171565,130.19
2025-12-17 17:00:00+01:00,153.9489134690641,129.91
2025-12-17 17:15:00+01:00,155.94311815531296,126.37
2025-12-17 17:30:00+01:00,151.3063371705298,122.99
2025-12-17 17:45:00+01:00,142.82530826514918,112.03
2025-12-17 18:00:00+01:00,148.04454360417583,131.4
2025-12-17 18:15:00+01:00,137.03575563013595,118.56
2025-12-17 18:30:00+01:00,127.55786105863952,104.78
2025-12-17 18:45:00+01:00,113.88558224797576,90.86
2025-12-17 19:00:00+01:00,135.06926735873355,114.24
2025-12-17 19:15:00+01:00,121.47442472257616,95.63
2025-12-17 19:30:00+01:00,110.25018714022188,92.98
2025-12-17 19:45:00+01:00,99.9947233954293,87.17
2025-12-17 20:00:00+01:00,109.81957598085484,112.26
2025-12-17 20:15:00+01:00,97.70616894613316,98.28
2025-12-17 20:30:00+01:00,100.11996600874198,84.9
2025-12-17 20:45:00+01:00,91.2900043461543,83.4
2025-12-17 21:00:00+01:00,105.65319026430268,112.56
2025-12-17 21:15:00+01:00,97.0175779670705,94.64
2025-12-17 21:30:00+01:00,94.17325161357766,88.67
2025-12-17 21:45:00+01:00,87.21152967499872,82.94
2025-12-17 22:00:00+01:00,98.05313879812408,105.17
2025-12-17 22:15:00+01:00,92.17338614021637,99.91
2025-12-17 22:30:00+01:00,89.32748394234824,87.28
2025-12-17 22:45:00+01:00,82.40955198290474,80.51
2025-12-17 23:00:00+01:00,86.01769502176911,105.74
2025-12-17 23:15:00+01:00,82.99492139903171,88.41
2025-12-17 23:30:00+01:00,79.73129434897501,74.76
2025-12-17 23:45:00+01:00,72.78093300797875,71.09
2025-12-18 00:00:00+01:00,85.2289217393666,83.56
2025-12-18 00:15:00+01:00,79.1386814971882,84.15
2025-12-18 00:30:00+01:00,70.57384924298312,73.79
2025-12-18 00:45:00+01:00,67.34472521815226,69.52
2025-12-18 01:00:00+01:00,77.65866163714874,82.91
2025-12-18 01:15:00+01:00,72.22169672077483,69.55
2025-12-18 01:30:00+01:00,66.98987273907974,64.33
2025-12-18 01:45:00+01:00,64.75317929491408,59.47
2025-12-18 02:00:00+01:00,69.87865937274674,63.68
2025-12-18 02:15:00+01:00,65.97123556924014,59.17
2025-12-18 02:30:00+01:00,64.74974955773068,59.6
2025-12-18 02:45:00+01:00,63.34337722596332,58.06
2025-12-18 03:00:00+01:00,66.34477244961009,57.35
2025-12-18 03:15:00+01:00,66.83261314265013,52.06
2025-12-18 03:30:00+01:00,66.0605639639656,44.59
2025-12-18 03:45:00+01:00,63.11479988637531,41.56
2025-12-18 04:00:00+01:00,62.34801387852124,46.52
2025-12-18 04:15:00+01:00,62.21856370694259,43.19
2025-12-18 04:30:00+01:00,62.55482108621513,46.51
2025-12-18 04:45:00+01:00,65.24315863773657,43.05
2025-12-18 05:00:00+01:00,63.26914071163284,34.58
2025-12-18 05:15:00+01:00,61.23430683713479,39.87
2025-12-18 05:30:00+01:00,71.24325483692495,63.22
2025-12-18 05:45:00+01:00,77.96814768144019,65.64
2025-12-18 06:00:00+01:00,65.95498822644018,58.69
2025-12-18 06:15:00+01:00,77.98891299432445,60.26
2025-12-18 06:30:00+01:00,84.96795361453353,66.01
2025-12-18 06:45:00+01:00,96.73761484978854,68.01
2025-12-18 07:00:00+01:00,86.75370509768398,69.25
2025-12-18 07:15:00+01:00,90.40514147336091,77.87
2025-12-18 07:30:00+01:00,95.20134571340084,91.94
2025-12-18 07:45:00+01:00,100.06132364380548,87.04
2025-12-18 08:00:00+01:00,108.2448549494294,99.82
2025-12-18 08:15:00+01:00,100.20314660222375,86.1
2025-12-18 08:30:00+01:00,101.59295509176286,93.34
2025-12-18 08:45:00+01:00,89.00692796839618,83.71
2025-12-18 09:00:00+01:00,101.77757791942756,118.01
2025-12-18 09:15:00+01:00,93.95227047296513,88.61
2025-12-18 09:30:00+01:00,92.77892037743806,72.46
2025-12-18 09:45:00+01:00,80.78552426524506,75.15
2025-12-18 10:00:00+01:00,93.3246644125656,82.91
2025-12-18 10:15:00+01:00,88.35771413517377,91.61
2025-12-18 10:30:00+01:00,82.65214471036475,74.64
2025-12-18 10:45:00+01:00,78.72416264299963,63.97
2025-12-18 11:00:00+01:00,85.51230123459038,85.17
2025-12-18 11:15:00+01:00,78.99900083755095,76.22
2025-12-18 11:30:00+01:00,78.21856160703796,78.39
2025-12-18 11:45:00+01:00,76.39759360027169,73.37
2025-12-18 12:00:00+01:00,78.38556260725206,73.71
2025-12-18 12:15:00+01:00,76.55047232100736,73.15
2025-12-18 12:30:00+01:00,78.7465012563513,77.95
2025-12-18 12:45:00+01:00,82.486184954891,84.88
2025-12-18 13:00:00+01:00,78.7476913370677,68.67
2025-12-18 13:15:00+01:00,78.91436042950652,74.08
2025-12-18 13:30:00+01:00,82.01607524730252,85.0
2025-12-18 13:45:00+01:00,89.56537603436675,90.16
2025-12-18 14:00:00+01:00,82.71867452670223,82.48
2025-12-18 14:15:00+01:00,82.00460333368135,98.0
2025-12-18 14:30:00+01:00,93.90344099415417,120.8
2025-12-18 14:45:00+01:00,104.13537919524464,113.74
2025-12-18 15:00:00+01:00,91.01484355052818,106.66
2025-12-18 15:15:00+01:00,99.01378268227948,107.89
2025-12-18 15:30:00+01:00,109.9159739066853,115.52
2025-12-18 15:45:00+01:00,107.5992343055416,127.9
2025-12-18 16:00:00+01:00,102.0139234204828,102.75
2025-12-18 16:15:00+01:00,104.04909306430518,110.28
2025-12-18 16:30:00+01:00,105.19656251558553,120.77
2025-12-18 16:45:00+01:00,114.05907828455682,109.73
2025-12-18 17:00:00+01:00,105.55328156630846,108.49
2025-12-18 17:15:00+01:00,107.35802459371112,104.54
2025-12-18 17:30:00+01:00,107.98840587737624,103.4
2025-12-18 17:45:00+01:00,90.67367495688616,97.24
2025-12-18 18:00:00+01:00,107.5444309321638,84.61
2025-12-18 18:15:00+01:00,100.68722961064994,86.82
2025-12-18 18:30:00+01:00,87.55636980827684,96.5
2025-12-18 18:45:00+01:00,81.42276602066386,85.09
2025-12-18 19:00:00+01:00,98.68194327128428,97.12
2025-12-18 19:15:00+01:00,85.57625910763049,84.2
2025-12-18 19:30:00+01:00,81.24880118195603,74.39
2025-12-18 19:45:00+01:00,72.33721646568361,64.85
2025-12-18 20:00:00+01:00,92.41931791254802,77.0
2025-12-18 20:15:00+01:00,87.93463500802096,74.14
2025-12-18 20:30:00+01:00,78.16058425683761,65.5
2025-12-18 20:45:00+01:00,73.75045976938611,54.09
2025-12-18 21:00:00+01:00,88.3014309032776,60.02
2025-12-18 21:15:00+01:00,77.90731091789115,58.8
2025-12-18 21:30:00+01:00,73.70160696308045,50.23
2025-12-18 21:45:00+01:00,68.18454356971424,43.97
2025-12-18 22:00:00+01:00,85.76813176624259,61.73
2025-12-18 22:15:00+01:00,75.33677757666187,53.73
2025-12-18 22:30:00+01:00,73.34915746260053,52.38
2025-12-18 22:45:00+01:00,68.83392062742067,39.36
2025-12-18 23:00:00+01:00,71.3840621133725,32.0
2025-12-18 23:15:00+01:00,63.921581711232875,21.07
2025-12-18 23:30:00+01:00,63.5367971704128,14.46
2025-12-18 23:45:00+01:00,52.6895998114623,7.08
2025-12-19 00:00:00+01:00,38.503963114850286,12.77
2025-12-19 00:15:00+01:00,13.883123044812224,10.35
2025-12-19 00:30:00+01:00,-16.719735786488158,9.24
2025-12-19 00:45:00+01:00,0.8911849004290673,7.0
2025-12-19 01:00:00+01:00,16.14813257000226,8.1
2025-12-19 01:15:00+01:00,10.208067683132173,5.89
2025-12-19 01:30:00+01:00,5.700165934510295,5.05
2025-12-19 01:45:00+01:00,-4.4121078083900755,4.39
2025-12-19 02:00:00+01:00,7.344517137680697,4.35
2025-12-19 02:15:00+01:00,10.302689372838188,4.32
2025-12-19 02:30:00+01:00,5.047277059568174,4.33
2025-12-19 02:45:00+01:00,16.655172721665217,4.32
2025-12-19 03:00:00+01:00,-5.1346329541720905,3.69
2025-12-19 03:15:00+01:00,7.434472092341352,3.47
2025-12-19 03:30:00+01:00,9.845542256486596,3.28
2025-12-19 03:45:00+01:00,-1.250426749877235,3.62
2025-12-19 04:00:00+01:00,8.081931916881942,3.4
2025-12-19 04:15:00+01:00,1.8642052584899744,4.01
2025-12-19 04:30:00+01:00,6.358924910561981,4.32
2025-12-19 04:45:00+01:00,35.55482673289848,4.73
2025-12-19 05:00:00+01:00,-14.24727155210239,4.64
2025-12-19 05:15:00+01:00,7.7605311107632815,8.52
2025-12-19 05:30:00+01:00,40.29891174577325,10.0
2025-12-19 05:45:00+01:00,76.36041350473684,19.94
2025-12-19 06:00:00+01:00,38.86906340543483,15.0
2025-12-19 06:15:00+01:00,71.37323259096384,37.71
2025-12-19 06:30:00+01:00,81.15544261142674,43.81
2025-12-19 06:45:00+01:00,83.02971174426321,64.6
2025-12-19 07:00:00+01:00,78.29711659940529,53.75
2025-12-19 07:15:00+01:00,90.28469709813812,69.84
2025-12-19 07:30:00+01:00,96.0015063342812,88.13
2025-12-19 07:45:00+01:00,90.92744955193116,95.13
2025-12-19 08:00:00+01:00,102.05641559154716,87.59
2025-12-19 08:15:00+01:00,97.731317298949,89.44
2025-12-19 08:30:00+01:00,90.0929533913364,92.22
2025-12-19 08:45:00+01:00,69.64360905208972,88.92
2025-12-19 09:00:00+01:00,89.600240267616,92.81
2025-12-19 09:15:00+01:00,76.68761640784955,89.8
2025-12-19 09:30:00+01:00,72.0985582337972,88.77
2025-12-19 09:45:00+01:00,66.90242818800095,86.16
2025-12-19 10:00:00+01:00,77.62131551825438,93.11
2025-12-19 10:15:00+01:00,73.42281201274722,90.13
2025-12-19 10:30:00+01:00,73.41867335617347,87.68
2025-12-19 10:45:00+01:00,58.2801899930469,86.0
2025-12-19 11:00:00+01:00,73.91763717863688,87.23
2025-12-19 11:15:00+01:00,58.709374330736594,86.14
2025-12-19 11:30:00+01:00,55.773589620712585,87.94
2025-12-19 11:45:00+01:00,50.756547587491795,88.65
2025-12-19 12:00:00+01:00,48.029031632160795,79.91
2025-12-19 12:15:00+01:00,50.48608970732839,81.69
2025-12-19 12:30:00+01:00,57.60160614510674,87.31
2025-12-19 12:45:00+01:00,63.11199935898958,89.38
2025-12-19 13:00:00+01:00,62.462454046774695,89.2
2025-12-19 13:15:00+01:00,66.45291970803842,86.6
2025-12-19 13:30:00+01:00,77.23874267175479,86.08
2025-12-19 13:45:00+01:00,85.88521361565074,88.62
2025-12-19 14:00:00+01:00,66.34971165762232,86.6
2025-12-19 14:15:00+01:00,61.16092796208208,92.59
2025-12-19 14:30:00+01:00,90.69205657866176,98.86
2025-12-19 14:45:00+01:00,107.82144020955208,95.34
2025-12-19 15:00:00+01:00,79.13681072029505,92.26
2025-12-19 15:15:00+01:00,96.9425257743594,97.1
2025-12-19 15:30:00+01:00,117.9712546518522,100.1
2025-12-19 15:45:00+01:00,129.29041624531115,100.15
2025-12-19 16:00:00+01:00,103.6969858585281,94.28
2025-12-19 16:15:00+01:00,116.87769873426724,95.78
2025-12-19 16:30:00+01:00,126.16749103086896,103.25
2025-12-19 16:45:00+01:00,136.9421428075789,108.02
2025-12-19 17:00:00+01:00,123.4048175949383,103.56
2025-12-19 17:15:00+01:00,130.65217264225254,107.71
2025-12-19 17:30:00+01:00,132.15615703167816,107.4
2025-12-19 17:45:00+01:00,114.76034786793096,108.95
2025-12-19 18:00:00+01:00,129.31785404072872,108.07
2025-12-19 18:15:00+01:00,125.00678413157678,108.04
2025-12-19 18:30:00+01:00,111.00134916206557,108.04
2025-12-19 18:45:00+01:00,110.98017177675231,105.77
2025-12-19 19:00:00+01:00,125.07414658214743,108.08
2025-12-19 19:15:00+01:00,107.0500200847669,105.44
2025-12-19 19:30:00+01:00,110.24918602940288,106.63
2025-12-19 19:45:00+01:00,105.07063219744528,100.34
2025-12-19 20:00:00+01:00,105.17347606372044,107.29
2025-12-19 20:15:00+01:00,103.02399267581916,107.45
2025-12-19 20:30:00+01:00,100.37616305387934,98.88
2025-12-19 20:45:00+01:00,94.09624140159627,98.02
2025-12-19 21:00:00+01:00,108.4696915701325,104.52
2025-12-19 21:15:00+01:00,98.62559394984436,101.24
2025-12-19 21:30:00+01:00,95.5565561252287,96.19
2025-12-19 21:45:00+01:00,85.50503795133744,91.9
2025-12-19 22:00:00+01:00,101.3952043484367,100.25
2025-12-19 22:15:00+01:00,95.11448311474308,98.33
2025-12-19 22:30:00+01:00,87.8258175459786,95.59
2025-12-19 22:45:00+01:00,82.21111492638677,90.94
2025-12-19 23:00:00+01:00,92.0287166238128,97.14
2025-12-19 23:15:00+01:00,86.63440522824735,89.15
2025-12-19 23:30:00+01:00,86.59897968446104,90.12
2025-12-19 23:45:00+01:00,76.09368569103829,84.31
2025-12-20 00:00:00+01:00,92.17555506514051,90.36
2025-12-20 00:15:00+01:00,87.92927619332947,86.46
2025-12-20 00:30:00+01:00,89.92933970080738,81.19
2025-12-20 00:45:00+01:00,88.32419913541868,81.24
2025-12-20 01:00:00+01:00,90.94750490793862,87.0
2025-12-20 01:15:00+01:00,89.46150449058423,83.37
2025-12-20 01:30:00+01:00,88.47613247277246,81.9
2025-12-20 01:45:00+01:00,90.08294707282724,81.33
2025-12-20 02:00:00+01:00,90.08476597382476,86.88
2025-12-20 02:15:00+01:00,89.71165272129069,85.28
2025-12-20 02:30:00+01:00,90.18104738186534,82.94
2025-12-20 02:45:00+01:00,98.70266545523988,84.91
2025-12-20 03:00:00+01:00,107.3101505384758,86.56
2025-12-20 03:15:00+01:00,91.20748995512696,85.86
2025-12-20 03:30:00+01:00,91.6976680809894,87.97
2025-12-20 03:45:00+01:00,94.39410060465048,89.56
2025-12-20 04:00:00+01:00,88.4672461772805,86.91
2025-12-20 04:15:00+01:00,95.07314526053683,86.93
2025-12-20 04:30:00+01:00,98.9822122722331,88.18
2025-12-20 04:45:00+01:00,95.94436060534944,91.82
2025-12-20 05:00:00+01:00,89.30603556353944,86.9
2025-12-20 05:15:00+01:00,92.10039933443188,85.51
2025-12-20 05:30:00+01:00,99.50073321517269,89.25
2025-12-20 05:45:00+01:00,95.08572853750704,98.0
2025-12-20 06:00:00+01:00,86.7163332013946,92.07
2025-12-20 06:15:00+01:00,89.49979622829728,94.38
2025-12-20 06:30:00+01:00,103.67752671828474,95.18
2025-12-20 06:45:00+01:00,100.49955944901733,102.27
2025-12-20 07:00:00+01:00,93.29036379090218,98.84
2025-12-20 07:15:00+01:00,105.33307995462266,102.21
2025-12-20 07:30:00+01:00,100.75462936790476,105.0
2025-12-20 07:45:00+01:00,103.43659547443264,109.95
2025-12-20 08:00:00+01:00,104.1575954503484,108.88
2025-12-20 08:15:00+01:00,114.3595500330538,110.44
2025-12-20 08:30:00+01:00,104.70099796835302,115.51
2025-12-20 08:45:00+01:00,113.01604700921908,118.0
2025-12-20 09:00:00+01:00,110.89256515891168,114.87
2025-12-20 09:15:00+01:00,112.97264855089604,116.97
2025-12-20 09:30:00+01:00,118.37242232096222,114.37
2025-12-20 09:45:00+01:00,118.80104909760652,112.99
2025-12-20 10:00:00+01:00,111.63746905418256,114.33
2025-12-20 10:15:00+01:00,116.73729661012204,115.19
2025-12-20 10:30:00+01:00,102.27821370695747,112.1
2025-12-20 10:45:00+01:00,107.18029301992829,109.05
2025-12-20 11:00:00+01:00,114.22285635347704,113.15
2025-12-20 11:15:00+01:00,111.47415439149358,110.33
2025-12-20 11:30:00+01:00,107.17739054922262,110.82
2025-12-20 11:45:00+01:00,101.70066687281032,109.65
2025-12-20 12:00:00+01:00,106.40800790602984,108.74
2025-12-20 12:15:00+01:00,102.26039585625442,107.55
2025-12-20 12:30:00+01:00,100.03256759467594,111.63
2025-12-20 12:45:00+01:00,103.22280916538656,113.15
2025-12-20 13:00:00+01:00,106.72327864661568,109.33
2025-12-20 13:15:00+01:00,110.38477421533004,111.7
2025-12-20 13:30:00+01:00,106.51485501316456,117.97
2025-12-20 13:45:00+01:00,107.68482348546632,120.93
2025-12-20 14:00:00+01:00,98.922516844984,115.62
2025-12-20 14:15:00+01:00,106.63757163127376,121.53
2025-12-20 14:30:00+01:00,110.64844027778136,120.39
2025-12-20 14:45:00+01:00,121.75460070773757,120.39
2025-12-20 15:00:00+01:00,112.50014668904848,116.59
2025-12-20 15:15:00+01:00,120.49636724877472,118.0
2025-12-20 15:30:00+01:00,127.04913873144444,121.01
2025-12-20 15:45:00+01:00,129.4328238827843,126.95
2025-12-20 16:00:00+01:00,122.17755372866252,114.25
2025-12-20 16:15:00+01:00,126.68915094151622,120.39
2025-12-20 16:30:00+01:00,131.38465835733467,120.4
2025-12-20 16:45:00+01:00,140.78289534655568,125.78
2025-12-20 17:00:00+01:00,131.44195890638724,127.0
2025-12-20 17:15:00+01:00,137.5834175862841,122.46
2025-12-20 17:30:00+01:00,132.5958320386462,120.4
2025-12-20 17:45:00+01:00,122.97785972741887,119.71
2025-12-20 18:00:00+01:00,134.23316237914156,128.99
2025-12-20 18:15:00+01:00,124.8033007670546,120.6
2025-12-20 18:30:00+01:00,117.2236363209687,113.7
2025-12-20 18:45:00+01:00,109.14003479033912,109.77
2025-12-20 19:00:00+01:00,115.5945000143601,113.48
2025-12-20 19:15:00+01:00,108.9060751315107,104.49
2025-12-20 19:30:00+01:00,102.95895248713404,103.38
2025-12-20 19:45:00+01:00,98.97818364554291,95.09
2025-12-20 20:00:00+01:00,103.17930749646256,104.08
2025-12-20 20:15:00+01:00,102.05643425059532,96.55
2025-12-20 20:30:00+01:00,92.55161759943245,95.04
2025-12-20 20:45:00+01:00,87.46324299280008,89.86
2025-12-20 21:00:00+01:00,97.08133770892816,95.03
2025-12-20 21:15:00+01:00,91.78063983854528,91.54
2025-12-20 21:30:00+01:00,90.39391946444022,94.5
2025-12-20 21:45:00+01:00,85.02517274811817,90.97
2025-12-20 22:00:00+01:00,96.63197956590022,101.53
2025-12-20 22:15:00+01:00,91.2396177253226,90.73
2025-12-20 22:30:00+01:00,88.45996633994267,86.01
2025-12-20 22:45:00+01:00,81.23749955934059,90.71
2025-12-20 23:00:00+01:00,92.41732157237172,104.36
2025-12-20 23:15:00+01:00,85.15680550170512,90.86
2025-12-20 23:30:00+01:00,82.74618021979043,84.5
2025-12-20 23:45:00+01:00,70.69926077182454,82.97
2025-12-21 00:00:00+01:00,93.66901992371834,103.92
2025-12-21 00:15:00+01:00,89.63830085208316,98.0
2025-12-21 00:30:00+01:00,85.4302076126588,93.13
2025-12-21 00:45:00+01:00,78.82008318900158,87.75
2025-12-21 01:00:00+01:00,89.21241895632568,98.99
2025-12-21 01:15:00+01:00,84.91156512160711,90.05
2025-12-21 01:30:00+01:00,81.28362934586316,86.14
2025-12-21 01:45:00+01:00,80.45032303938663,85.0
2025-12-21 02:00:00+01:00,83.14089776515094,90.75
2025-12-21 02:15:00+01:00,79.8879478821678,86.56
2025-12-21 02:30:00+01:00,80.67624769613901,85.69
2025-12-21 02:45:00+01:00,78.67968225630484,82.94
2025-12-21 03:00:00+01:00,83.03282066658544,85.73
2025-12-21 03:15:00+01:00,80.02051213191945,86.41
2025-12-21 03:30:00+01:00,80.7385777618167,85.51
2025-12-21 03:45:00+01:00,79.36898145859439,83.93
2025-12-21 04:00:00+01:00,78.52600094213757,85.54
2025-12-21 04:15:00+01:00,80.12666742518458,84.29
2025-12-21 04:30:00+01:00,80.5275931326379,87.03
2025-12-21 04:45:00+01:00,78.06605857387169,85.65
2025-12-21 05:00:00+01:00,78.3763218458643,87.24
2025-12-21 05:15:00+01:00,76.34881296689046,86.28
2025-12-21 05:30:00+01:00,81.50171502189944,87.11
2025-12-21 05:45:00+01:00,84.39583205352763,86.67
2025-12-21 06:00:00+01:00,72.56927104292768,84.34
2025-12-21 06:15:00+01:00,78.26109871260525,86.87
2025-12-21 06:30:00+01:00,83.08933065113742,87.6
2025-12-21 06:45:00+01:00,93.13998367763224,93.75
2025-12-21 07:00:00+01:00,82.9799390522271,87.89
2025-12-21 07:15:00+01:00,84.583409407624,90.57
2025-12-21 07:30:00+01:00,86.12513632651769,92.95
2025-12-21 07:45:00+01:00,88.39965858553379,100.0
2025-12-21 08:00:00+01:00,85.55426224380696,98.98
2025-12-21 08:15:00+01:00,91.98283944691188,102.42
2025-12-21 08:30:00+01:00,91.54165878343888,103.09
2025-12-21 08:45:00+01:00,89.53048459922613,104.1
2025-12-21 09:00:00+01:00,99.5838406510048,106.7
2025-12-21 09:15:00+01:00,99.23071341794817,109.99
2025-12-21 09:30:00+01:00,99.26742464748394,107.39
2025-12-21 09:45:00+01:00,91.23813530525103,103.96
2025-12-21 10:00:00+01:00,100.68355082990492,111.83
2025-12-21 10:15:00+01:00,91.80307538278032,105.54
2025-12-21 10:30:00+01:00,84.74523472660984,99.37
2025-12-21 10:45:00+01:00,90.78232287451218,93.59
2025-12-21 11:00:00+01:00,81.67416750746767,104.58
2025-12-21 11:15:00+01:00,94.55034563430785,103.52
2025-12-21 11:30:00+01:00,83.60584360365672,99.29
2025-12-21 11:45:00+01:00,83.43876877126786,97.81
2025-12-21 12:00:00+01:00,88.11701530074984,101.95
2025-12-21 12:15:00+01:00,91.7176029835545,98.06
2025-12-21 12:30:00+01:00,86.78333949275533,97.47
2025-12-21 12:45:00+01:00,89.90544093350904,96.45
2025-12-21 13:00:00+01:00,89.20135599381713,99.32
2025-12-21 13:15:00+01:00,88.43831968223016,96.87
2025-12-21 13:30:00+01:00,90.748485050784,92.86
2025-12-21 13:45:00+01:00,95.97993594983768,90.42
2025-12-21 14:00:00+01:00,86.56162283643532,94.39
2025-12-21 14:15:00+01:00,94.4650829164674,96.15
2025-12-21 14:30:00+01:00,100.46916964288164,101.07
2025-12-21 14:45:00+01:00,101.98239903399762,103.96
2025-12-21 15:00:00+01:00,88.96594038927333,94.03
2025-12-21 15:15:00+01:00,101.51490921467474,103.08
2025-12-21 15:30:00+01:00,97.73364398905431,102.63
2025-12-21 15:45:00+01:00,107.2833425582067,103.74
2025-12-21 16:00:00+01:00,109.90792714214264,91.64
2025-12-21 16:15:00+01:00,106.06639717013128,100.11
2025-12-21 16:30:00+01:00,106.95331193800672,98.56
2025-12-21 16:45:00+01:00,115.06163212434284,99.75
2025-12-21 17:00:00+01:00,110.02814290905158,102.1
2025-12-21 17:15:00+01:00,106.50249937207464,99.94
2025-12-21 17:30:00+01:00,106.69091076251694,95.53
2025-12-21 17:45:00+01:00,104.26555339075222,90.7
2025-12-21 18:00:00+01:00,112.99841058293984,100.83
2025-12-21 18:15:00+01:00,109.50097424543722,90.75
2025-12-21 18:30:00+01:00,103.850370420497,86.03
2025-12-21 18:45:00+01:00,99.81630833555268,85.57
2025-12-21 19:00:00+01:00,101.45990197575524,88.15
2025-12-21 19:15:00+01:00,97.5537928563908,87.19
2025-12-21 19:30:00+01:00,91.38464936338649,85.28
2025-12-21 19:45:00+01:00,81.09545492832504,83.94
2025-12-21 20:00:00+01:00,76.91283931629317,84.8
2025-12-21 20:15:00+01:00,86.06824282666236,82.28
2025-12-21 20:30:00+01:00,81.27462006770557,80.61
2025-12-21 20:45:00+01:00,75.6672261249956,78.93
2025-12-21 21:00:00+01:00,82.19704893036297,83.51
2025-12-21 21:15:00+01:00,79.43921469337765,77.7
2025-12-21 21:30:00+01:00,78.28277904949668,79.94
2025-12-21 21:45:00+01:00,75.78604373945214,74.3
2025-12-21 22:00:00+01:00,67.84057609144169,83.4
2025-12-21 22:15:00+01:00,81.1911993496923,78.77
2025-12-21 22:30:00+01:00,80.81833412338727,76.24
2025-12-21 22:45:00+01:00,74.89867915322436,71.57
2025-12-21 23:00:00+01:00,78.91039758122585,78.03
2025-12-21 23:15:00+01:00,70.16130250821814,72.29
2025-12-21 23:30:00+01:00,72.21353115198661,69.17
2025-12-21 23:45:00+01:00,63.22347191183784,64.13
2025-12-22 00:00:00+01:00,78.25378972912286,72.5
2025-12-22 00:15:00+01:00,74.33268170761869,70.49
2025-12-22 00:30:00+01:00,66.67132532178155,69.35
2025-12-22 00:45:00+01:00,62.695882286065874,68.57
2025-12-22 01:00:00+01:00,71.6096919598692,71.27
2025-12-22 01:15:00+01:00,67.08676107575181,68.33
2025-12-22 01:30:00+01:00,63.37475837748765,68.67
2025-12-22 01:45:00+01:00,61.52544643460341,67.04
2025-12-22 02:00:00+01:00,64.10560500708873,69.22
2025-12-22 02:15:00+01:00,60.61967444321217,67.47
2025-12-22 02:30:00+01:00,59.888547706580525,67.23
2025-12-22 02:45:00+01:00,58.27968280990977,67.22
2025-12-22 03:00:00+01:00,61.38216356712024,65.92
2025-12-22 03:15:00+01:00,62.14517174318804,65.87
2025-12-22 03:30:00+01:00,61.045637847343485,66.33
2025-12-22 03:45:00+01:00,61.163432899935785,67.12
2025-12-22 04:00:00+01:00,60.29620552270394,70.97
2025-12-22 04:15:00+01:00,63.907820513204946,70.04
2025-12-22 04:30:00+01:00,64.45700384873439,71.59
2025-12-22 04:45:00+01:00,68.34813001527607,73.47
2025-12-22 05:00:00+01:00,64.78213001256756,70.44
2025-12-22 05:15:00+01:00,66.7832293783013,72.85
2025-12-22 05:30:00+01:00,71.95353110987756,77.1
2025-12-22 05:45:00+01:00,84.02327400038247,76.06
2025-12-22 06:00:00+01:00,65.16382270658494,71.37
2025-12-22 06:15:00+01:00,84.99382562333984,75.47
2025-12-22 06:30:00+01:00,75.95044191603397,78.52
2025-12-22 06:45:00+01:00,87.83330900478842,87.39
2025-12-22 07:00:00+01:00,93.1339261265253,80.9
2025-12-22 07:15:00+01:00,100.36130032910827,81.24
2025-12-22 07:30:00+01:00,100.28994215100276,95.53
2025-12-22 07:45:00+01:00,103.9625371952256,104.12
2025-12-22 08:00:00+01:00,107.7542921514302,88.57
2025-12-22 08:15:00+01:00,106.0934685464835,90.65
2025-12-22 08:30:00+01:00,103.12211090852212,100.69
2025-12-22 08:45:00+01:00,96.24337276627467,93.46
2025-12-22 09:00:00+01:00,108.594125919606,93.55
2025-12-22 09:15:00+01:00,103.74301821311236,90.66
2025-12-22 09:30:00+01:00,100.66811287605891,89.66
2025-12-22 09:45:00+01:00,87.37791721276072,89.3
2025-12-22 10:00:00+01:00,105.32619883311168,101.54
2025-12-22 10:15:00+01:00,95.53936985487556,90.7
2025-12-22 10:30:00+01:00,88.76180892710863,86.89
2025-12-22 10:45:00+01:00,86.54762156877412,77.86
2025-12-22 11:00:00+01:00,90.14753064216278,86.43
2025-12-22 11:15:00+01:00,88.12396484332136,82.42
2025-12-22 11:30:00+01:00,86.80095452298215,84.96
2025-12-22 11:45:00+01:00,90.00548218147769,86.19
2025-12-22 12:00:00+01:00,88.10156786938005,87.72
2025-12-22 12:15:00+01:00,85.53041592506372,84.13
2025-12-22 12:30:00+01:00,88.00826899285565,86.88
2025-12-22 12:45:00+01:00,89.64572835067061,86.63
2025-12-22 13:00:00+01:00,88.82720171300534,90.0
2025-12-22 13:15:00+01:00,91.89868972510088,88.32
2025-12-22 13:30:00+01:00,89.96067205747465,87.14
2025-12-22 13:45:00+01:00,94.25155805050916,89.0
2025-12-22 14:00:00+01:00,88.78713215441114,91.07
2025-12-22 14:15:00+01:00,92.16224079360764,91.82
2025-12-22 14:30:00+01:00,94.18245444249116,92.07
2025-12-22 14:45:00+01:00,102.54670404492512,93.53
2025-12-22 15:00:00+01:00,91.98433730850768,91.55
2025-12-22 15:15:00+01:00,99.03948677248536,102.91
2025-12-22 15:30:00+01:00,111.24714692570237,101.0
2025-12-22 15:45:00+01:00,122.22119580768442,102.69
2025-12-22 16:00:00+01:00,108.737902160237,94.53
2025-12-22 16:15:00+01:00,112.33773612929237,101.39
2025-12-22 16:30:00+01:00,115.38096432697137,103.49
2025-12-22 16:45:00+01:00,119.56443129364744,105.31
2025-12-22 17:00:00+01:00,110.71427328836768,107.04
2025-12-22 17:15:00+01:00,109.3100780197146,108.96
2025-12-22 17:30:00+01:00,108.35931042430292,109.31
2025-12-22 17:45:00+01:00,107.69795713749816,106.26
2025-12-22 18:00:00+01:00,113.8448681743432,104.31
2025-12-22 18:15:00+01:00,106.64009417410072,102.1
2025-12-22 18:30:00+01:00,102.91787131897053,98.73
2025-12-22 18:45:00+01:00,99.7253914413537,98.46
2025-12-22 19:00:00+01:00,103.6365447272788,94.95
2025-12-22 19:15:00+01:00,97.51925876683067,95.04
2025-12-22 19:30:00+01:00,93.51615473582557,93.07
2025-12-22 19:45:00+01:00,85.60544828548908,92.1
2025-12-22 20:00:00+01:00,88.07173477573328,92.07
2025-12-22 20:15:00+01:00,85.82357817293465,91.21
2025-12-22 20:30:00+01:00,83.19898431015989,88.14
2025-12-22 20:45:00+01:00,78.5924180482024,86.49
2025-12-22 21:00:00+01:00,86.79711166110883,91.64
2025-12-22 21:15:00+01:00,80.65652550230844,84.84
2025-12-22 21:30:00+01:00,80.3620325277321,83.16
2025-12-22 21:45:00+01:00,76.31204294679944,79.8
2025-12-22 22:00:00+01:00,86.16162911726654,91.68
2025-12-22 22:15:00+01:00,80.04808383852091,87.89
2025-12-22 22:30:00+01:00,80.83940909168919,82.98
2025-12-22 22:45:00+01:00,73.58955899039188,76.74
2025-12-22 23:00:00+01:00,76.42528832502808,89.0
2025-12-22 23:15:00+01:00,71.34204492457289,80.21
2025-12-22 23:30:00+01:00,71.05607317608705,74.14
2025-12-22 23:45:00+01:00,64.2631075850956,68.52
2025-12-23 00:00:00+01:00,75.76372723194659,80.33
2025-12-23 00:15:00+01:00,74.1887294731573,73.4
2025-12-23 00:30:00+01:00,71.42899345908981,71.0
2025-12-23 00:45:00+01:00,65.55789656758041,64.2
2025-12-23 01:00:00+01:00,72.80326519883116,66.6
2025-12-23 01:15:00+01:00,67.52429674376049,64.71
2025-12-23 01:30:00+01:00,67.04369938090741,64.88
2025-12-23 01:45:00+01:00,63.81314411537606,63.94
2025-12-23 02:00:00+01:00,67.6461490360001,64.1
2025-12-23 02:15:00+01:00,64.60907520463337,62.06
2025-12-23 02:30:00+01:00,62.40729580432369,60.99
2025-12-23 02:45:00+01:00,63.28426002986633,60.87
2025-12-23 03:00:00+01:00,63.48069186862703,59.53
2025-12-23 03:15:00+01:00,62.62657201699151,59.59
2025-12-23 03:30:00+01:00,61.48114865567243,59.58
2025-12-23 03:45:00+01:00,61.275853696365175,57.54
2025-12-23 04:00:00+01:00,61.36079104917377,58.37
2025-12-23 04:15:00+01:00,61.205901554024265,58.12
2025-12-23 04:30:00+01:00,63.60667069290396,58.13
2025-12-23 04:45:00+01:00,66.92083618779822,57.83
2025-12-23 05:00:00+01:00,62.042555249025774,58.21
2025-12-23 05:15:00+01:00,65.1265440961464,58.36
2025-12-23 05:30:00+01:00,73.23980073910354,59.35
2025-12-23 05:45:00+01:00,75.63521706343904,60.17
2025-12-23 06:00:00+01:00,65.84459256838234,63.59
2025-12-23 06:15:00+01:00,77.90889979606055,64.34
2025-12-23 06:30:00+01:00,71.69914412174671,70.75
2025-12-23 06:45:00+01:00,62.93079930649875,72.71
2025-12-23 07:00:00+01:00,85.30918806913711,72.08
2025-12-23 07:15:00+01:00,91.39727392538944,76.38
2025-12-23 07:30:00+01:00,95.64194727148508,79.99
2025-12-23 07:45:00+01:00,95.82344995993166,83.62
2025-12-23 08:00:00+01:00,108.1199935980538,79.2
2025-12-23 08:15:00+01:00,97.13746287049328,84.35
2025-12-23 08:30:00+01:00,97.71549749060397,84.23
2025-12-23 08:45:00+01:00,90.88157215194674,87.72
2025-12-23 09:00:00+01:00,100.88564188781422,85.38
2025-12-23 09:15:00+01:00,101.63758039069468,86.19
2025-12-23 09:30:00+01:00,95.20826168438124,86.78
2025-12-23 09:45:00+01:00,85.59146953987985,83.51
2025-12-23 10:00:00+01:00,95.12032568518948,84.82
2025-12-23 10:15:00+01:00,90.00225953144316,86.45
2025-12-23 10:30:00+01:00,83.44263593284593,84.08
2025-12-23 10:45:00+01:00,82.68791584566023,80.0
2025-12-23 11:00:00+01:00,84.58460595515136,86.11
2025-12-23 11:15:00+01:00,81.97113803177764,82.46
2025-12-23 11:30:00+01:00,82.24896174458085,80.6
2025-12-23 11:45:00+01:00,84.53057373119745,78.3
2025-12-23 12:00:00+01:00,84.69491122674096,83.33
2025-12-23 12:15:00+01:00,81.41403504593569,79.9
2025-12-23 12:30:00+01:00,85.14018251260913,80.12
2025-12-23 12:45:00+01:00,85.65364495154374,78.59
2025-12-23 13:00:00+01:00,85.60836495999773,80.86
2025-12-23 13:15:00+01:00,84.87466878164686,79.0
2025-12-23 13:30:00+01:00,85.39409842257751,78.25
2025-12-23 13:45:00+01:00,87.9117745895114,78.74
2025-12-23 14:00:00+01:00,86.46750479370121,76.59
2025-12-23 14:15:00+01:00,92.63456516369244,78.35
2025-12-23 14:30:00+01:00,94.46482981349544,80.54
2025-12-23 14:45:00+01:00,100.43306061625724,81.38
2025-12-23 15:00:00+01:00,95.96963941827588,76.15
2025-12-23 15:15:00+01:00,99.01973954348357,80.6
2025-12-23 15:30:00+01:00,107.27071022649233,84.3
2025-12-23 15:45:00+01:00,111.6984048739178,86.26
2025-12-23 16:00:00+01:00,97.83969454964053,81.81
2025-12-23 16:15:00+01:00,103.78842737062912,79.75
2025-12-23 16:30:00+01:00,106.69893388808286,84.59
2025-12-23 16:45:00+01:00,112.217951026093,88.6
2025-12-23 17:00:00+01:00,103.10600645896814,80.07
2025-12-23 17:15:00+01:00,107.209196480129,80.59
2025-12-23 17:30:00+01:00,109.27630737153136,84.49
2025-12-23 17:45:00+01:00,112.19794410800723,84.72
2025-12-23 18:00:00+01:00,106.71168949142016,84.11
2025-12-23 18:15:00+01:00,101.00954375494244,82.32
2025-12-23 18:30:00+01:00,108.78802990654503,84.99
2025-12-23 18:45:00+01:00,103.91118453914804,84.36
2025-12-23 19:00:00+01:00,103.0530001667276,83.37
2025-12-23 19:15:00+01:00,96.6186479142332,82.66
2025-12-23 19:30:00+01:00,96.3019858626808,82.08
2025-12-23 19:45:00+01:00,95.69780490794015,81.75
2025-12-23 20:00:00+01:00,101.6411812780581,86.6
2025-12-23 20:15:00+01:00,88.34215405600213,83.1
2025-12-23 20:30:00+01:00,86.5137781976583,74.18
2025-12-23 20:45:00+01:00,78.35433744483998,68.14
2025-12-23 21:00:00+01:00,91.58861838895862,76.69
2025-12-23 21:15:00+01:00,83.46779725260235,73.84
2025-12-23 21:30:00+01:00,79.58827547528738,68.15
2025-12-23 21:45:00+01:00,71.10200640537701,61.04
2025-12-23 22:00:00+01:00,85.64924098998428,77.36
2025-12-23 22:15:00+01:00,77.56669405409068,70.83
2025-12-23 22:30:00+01:00,78.065836130117,72.5
2025-12-23 22:45:00+01:00,64.82572396485241,66.65
2025-12-23 23:00:00+01:00,72.31204390123114,71.56
2025-12-23 23:15:00+01:00,64.75425826734285,63.89
2025-12-23 23:30:00+01:00,61.70637343638158,63.57
2025-12-23 23:45:00+01:00,53.00253769883423,57.35
2025-12-24 00:00:00+01:00,62.08329848742234,66.41
2025-12-24 00:15:00+01:00,54.01119914612278,66.21
2025-12-24 00:30:00+01:00,58.06780556789106,56.85
2025-12-24 00:45:00+01:00,48.44239139235313,51.52
2025-12-24 01:00:00+01:00,45.55025379403623,58.47
2025-12-24 01:15:00+01:00,39.5108938942879,55.7
2025-12-24 01:30:00+01:00,47.89793390291872,54.17
2025-12-24 01:45:00+01:00,40.35142485984561,55.11
2025-12-24 02:00:00+01:00,47.58115540465288,56.03
2025-12-24 02:15:00+01:00,45.97897538833446,56.92
2025-12-24 02:30:00+01:00,34.88579398807452,57.42
2025-12-24 02:45:00+01:00,35.72249178021209,56.83
2025-12-24 03:00:00+01:00,39.26804060364033,57.02
2025-12-24 03:15:00+01:00,35.40415709760527,56.15
2025-12-24 03:30:00+01:00,35.15487570223673,56.09
2025-12-24 03:45:00+01:00,36.87099336535928,54.1
2025-12-24 04:00:00+01:00,40.14582704719662,55.64
2025-12-24 04:15:00+01:00,42.904659977020486,56.16
2025-12-24 04:30:00+01:00,34.76420774094834,55.84
2025-12-24 04:45:00+01:00,45.55679960907157,55.75
2025-12-24 05:00:00+01:00,41.89281398389174,56.49
2025-12-24 05:15:00+01:00,53.913554293812346,53.1
2025-12-24 05:30:00+01:00,43.23959017178466,56.5
2025-12-24 05:45:00+01:00,42.14955264407831,57.31
2025-12-24 06:00:00+01:00,48.40881719753182,54.3
2025-12-24 06:15:00+01:00,60.59152666536612,54.39
2025-12-24 06:30:00+01:00,45.417124005366496,59.73
2025-12-24 06:45:00+01:00,8.605150229790041,60.44
2025-12-24 07:00:00+01:00,55.456515521931244,59.24
2025-12-24 07:15:00+01:00,56.5082392551302,66.76
2025-12-24 07:30:00+01:00,62.21470841443123,67.47
2025-12-24 07:45:00+01:00,61.679727455190594,76.31
2025-12-24 08:00:00+01:00,63.112761850156424,74.89
2025-12-24 08:15:00+01:00,63.88931820476061,75.01
2025-12-24 08:30:00+01:00,68.99458447445133,85.54
2025-12-24 08:45:00+01:00,62.10882265104683,88.56
2025-12-24 09:00:00+01:00,71.32085373381094,89.37
2025-12-24 09:15:00+01:00,67.95695416370027,84.95
2025-12-24 09:30:00+01:00,66.1024388436158,80.96
2025-12-24 09:45:00+01:00,69.31546128164192,74.6
2025-12-24 10:00:00+01:00,80.43461667553515,80.22
2025-12-24 10:15:00+01:00,75.58501033443218,75.9
2025-12-24 10:30:00+01:00,63.50730342398866,75.08
2025-12-24 10:45:00+01:00,67.3374764238819,72.89
2025-12-24 11:00:00+01:00,45.26325919185158,71.47
2025-12-24 11:15:00+01:00,54.096440306668505,69.71
2025-12-24 11:30:00+01:00,57.60300587322892,68.5
2025-12-24 11:45:00+01:00,69.84238857965806,67.47
2025-12-24 12:00:00+01:00,63.64617298222856,69.92
2025-12-24 12:15:00+01:00,65.7860080567963,68.75
2025-12-24 12:30:00+01:00,66.61048421299742,68.23
2025-12-24 12:45:00+01:00,60.45354219046378,67.15
2025-12-24 13:00:00+01:00,67.90876793836712,67.17
2025-12-24 13:15:00+01:00,64.4509934009553,67.26
2025-12-24 13:30:00+01:00,56.35872225312297,68.36
2025-12-24 13:45:00+01:00,42.232244813145705,69.16
2025-12-24 14:00:00+01:00,81.03493041203704,69.24
2025-12-24 14:15:00+01:00,90.49193702132594,70.68
2025-12-24 14:30:00+01:00,78.06595415439398,73.91
2025-12-24 14:45:00+01:00,53.27805157632905,81.2
2025-12-24 15:00:00+01:00,81.49825432424493,72.63
2025-12-24 15:15:00+01:00,78.36162661335202,87.51
2025-12-24 15:30:00+01:00,67.41762622015354,86.83
2025-12-24 15:45:00+01:00,85.2710761078241,85.24
2025-12-24 16:00:00+01:00,57.4444348083028,83.23
2025-12-24 16:15:00+01:00,71.96444160909047,88.82
2025-12-24 16:30:00+01:00,76.77346353400779,90.74
2025-12-24 16:45:00+01:00,87.02014392106179,88.81
2025-12-24 17:00:00+01:00,77.87215019075924,89.8
2025-12-24 17:15:00+01:00,80.45899887853443,89.0
2025-12-24 17:30:00+01:00,80.76865553599694,90.1
2025-12-24 17:45:00+01:00,93.1943992096036,87.63
2025-12-24 18:00:00+01:00,77.3962418715285,88.82
2025-12-24 18:15:00+01:00,79.18289122057203,76.36
2025-12-24 18:30:00+01:00,91.3694659393037,77.16
2025-12-24 18:45:00+01:00,89.61774876543046,73.29
2025-12-24 19:00:00+01:00,79.45526917781098,73.86
2025-12-24 19:15:00+01:00,82.45572460828275,72.29
2025-12-24 19:30:00+01:00,85.51103540474138,71.75
2025-12-24 19:45:00+01:00,84.6193458694182,69.19
2025-12-24 20:00:00+01:00,89.09603041993896,71.18
2025-12-24 20:15:00+01:00,75.68570016676674,69.49
2025-12-24 20:30:00+01:00,73.7662808997564,68.01
2025-12-24 20:45:00+01:00,66.53544635100302,63.95
2025-12-24 21:00:00+01:00,79.97382209238984,71.13
2025-12-24 21:15:00+01:00,66.30037451154473,67.49
2025-12-24 21:30:00+01:00,72.47648402436228,67.55
2025-12-24 21:45:00+01:00,56.40626333983913,65.78
2025-12-24 22:00:00+01:00,49.54491350626066,71.81
2025-12-24 22:15:00+01:00,57.24261865400596,69.31
2025-12-24 22:30:00+01:00,63.034425354730146,68.6
2025-12-24 22:45:00+01:00,14.65710761946022,66.31
2025-12-24 23:00:00+01:00,58.09596400270496,70.3
2025-12-24 23:15:00+01:00,38.511033975740375,70.85
2025-12-24 23:30:00+01:00,40.325416963651904,64.95
2025-12-24 23:45:00+01:00,27.822181443404787,54.55
2025-12-25 00:00:00+01:00,68.35589054210998,66.14
2025-12-25 00:15:00+01:00,54.948398267693605,61.29
2025-12-25 00:30:00+01:00,57.641783251628055,61.36
2025-12-25 00:45:00+01:00,49.93455388218494,64.09
2025-12-25 01:00:00+01:00,51.151588974073384,60.03
2025-12-25 01:15:00+01:00,44.85880858575545,59.0
2025-12-25 01:30:00+01:00,48.94080614391574,57.45
2025-12-25 01:45:00+01:00,48.990519174724625,57.29
2025-12-25 02:00:00+01:00,50.10890405759344,57.86
2025-12-25 02:15:00+01:00,48.29629056051259,56.63
2025-12-25 02:30:00+01:00,48.726742876923154,56.64
2025-12-25 02:45:00+01:00,50.382858909036614,56.3
2025-12-25 03:00:00+01:00,45.28210331285361,56.94
2025-12-25 03:15:00+01:00,50.25031028954771,55.87
2025-12-25 03:30:00+01:00,49.422687643033925,55.54
2025-12-25 03:45:00+01:00,49.81950542817607,55.03
2025-12-25 04:00:00+01:00,47.66586134681751,54.67
2025-12-25 04:15:00+01:00,57.01954494352493,54.33
2025-12-25 04:30:00+01:00,49.971509886763485,54.57
2025-12-25 04:45:00+01:00,43.88785342944526,54.55
2025-12-25 05:00:00+01:00,48.1980322666093,53.89
2025-12-25 05:15:00+01:00,38.28512416622245,53.99
2025-12-25 05:30:00+01:00,35.62767340416234,50.92
2025-12-25 05:45:00+01:00,26.116938955648763,51.62
2025-12-25 06:00:00+01:00,47.89874067561378,47.49
2025-12-25 06:15:00+01:00,40.28332999246476,51.02
2025-12-25 06:30:00+01:00,73.41374390141704,51.0
2025-12-25 06:45:00+01:00,-11.28394859463647,47.15
2025-12-25 07:00:00+01:00,27.629954383465304,46.55
2025-12-25 07:15:00+01:00,25.630906523399716,50.99
2025-12-25 07:30:00+01:00,17.828465853603703,58.13
2025-12-25 07:45:00+01:00,9.361439054076172,60.44
2025-12-25 08:00:00+01:00,30.999804112838504,64.0
2025-12-25 08:15:00+01:00,16.88993387624238,64.43
2025-12-25 08:30:00+01:00,18.27553093039029,67.49
2025-12-25 08:45:00+01:00,24.97011086902502,60.9
2025-12-25 09:00:00+01:00,30.047437597006436,67.6
2025-12-25 09:15:00+01:00,17.33446454855708,65.45
2025-12-25 09:30:00+01:00,30.85808522280668,64.08
2025-12-25 09:45:00+01:00,48.479588788564925,61.7
2025-12-25 10:00:00+01:00,43.01177527667675,58.07
2025-12-25 10:15:00+01:00,52.854065983006464,53.55
2025-12-25 10:30:00+01:00,48.399953988945,49.46
2025-12-25 10:45:00+01:00,69.85051883008859,53.98
2025-12-25 11:00:00+01:00,40.35822610074721,50.0
2025-12-25 11:15:00+01:00,58.138681921681666,46.22
2025-12-25 11:30:00+01:00,64.12602252241624,48.71
2025-12-25 11:45:00+01:00,74.47556571141035,51.0
2025-12-25 12:00:00+01:00,56.912953464664035,54.85
2025-12-25 12:15:00+01:00,70.38743308215119,50.01
2025-12-25 12:30:00+01:00,60.48872016875217,45.04
2025-12-25 12:45:00+01:00,60.07945987383211,44.05
2025-12-25 13:00:00+01:00,69.40875585439974,42.15
2025-12-25 13:15:00+01:00,67.92797717014889,42.55
2025-12-25 13:30:00+01:00,62.72670840440594,47.02
2025-12-25 13:45:00+01:00,45.06644891592538,59.74
2025-12-25 14:00:00+01:00,77.84008925621804,51.79
2025-12-25 14:15:00+01:00,76.787277432607,66.39
2025-12-25 14:30:00+01:00,56.74112089842445,71.54
2025-12-25 14:45:00+01:00,37.812379334921374,84.47
2025-12-25 15:00:00+01:00,40.872935213235536,74.94
2025-12-25 15:15:00+01:00,-5.590009658451976,83.89
2025-12-25 15:30:00+01:00,65.69016708424502,97.89
2025-12-25 15:45:00+01:00,81.37091430520567,100.94
2025-12-25 16:00:00+01:00,55.48307906507559,89.96
2025-12-25 16:15:00+01:00,67.92103228874714,85.11
2025-12-25 16:30:00+01:00,70.59346754423905,96.94
2025-12-25 16:45:00+01:00,82.13787615969343,96.93
2025-12-25 17:00:00+01:00,69.19087599285425,88.02
2025-12-25 17:15:00+01:00,76.92047901213398,94.11
2025-12-25 17:30:00+01:00,82.45085673979723,96.91
2025-12-25 17:45:00+01:00,83.27656804100533,96.98
2025-12-25 18:00:00+01:00,83.2130821395171,95.15
2025-12-25 18:15:00+01:00,83.06597989525412,94.92
2025-12-25 18:30:00+01:00,83.7505987147862,93.92
2025-12-25 18:45:00+01:00,81.08156258271629,92.23
2025-12-25 19:00:00+01:00,84.10165019096208,92.03
2025-12-25 19:15:00+01:00,82.85864861114038,91.79
2025-12-25 19:30:00+01:00,85.86213796186551,90.71
2025-12-25 19:45:00+01:00,91.33662317166048,92.33
2025-12-25 20:00:00+01:00,69.55931940618805,95.69
2025-12-25 20:15:00+01:00,79.60112643944896,96.37
2025-12-25 20:30:00+01:00,77.88141972713456,87.55
2025-12-25 20:45:00+01:00,73.82619555143899,84.52
2025-12-25 21:00:00+01:00,84.31516255390166,89.71
2025-12-25 21:15:00+01:00,79.10127029835724,96.15
2025-12-25 21:30:00+01:00,82.23331707207078,94.52
2025-12-25 21:45:00+01:00,75.88719610776569,90.42
2025-12-25 22:00:00+01:00,82.82056773469786,97.65
2025-12-25 22:15:00+01:00,79.99333699344862,96.98
2025-12-25 22:30:00+01:00,78.82508110234609,96.92
2025-12-25 22:45:00+01:00,57.36896881120302,93.06
2025-12-25 23:00:00+01:00,82.33144024536978,95.85
2025-12-25 23:15:00+01:00,72.2789394605147,91.49
2025-12-25 23:30:00+01:00,70.4588507318795,90.53
2025-12-25 23:45:00+01:00,59.09114088301098,88.01
2025-12-26 00:00:00+01:00,91.22525275185517,106.45
2025-12-26 00:15:00+01:00,87.70163005716576,99.96
2025-12-26 00:30:00+01:00,85.5148542147905,91.46
2025-12-26 00:45:00+01:00,84.42771368079676,90.53
2025-12-26 01:00:00+01:00,87.4024206269355,95.66
2025-12-26 01:15:00+01:00,84.50417412646222,91.35
2025-12-26 01:30:00+01:00,85.56568824670642,90.74
2025-12-26 01:45:00+01:00,84.9331563115139,86.46
2025-12-26 02:00:00+01:00,86.46270798731757,90.74
2025-12-26 02:15:00+01:00,85.45357515396105,86.28
2025-12-26 02:30:00+01:00,84.6126704304198,84.53
2025-12-26 02:45:00+01:00,86.72526760935662,81.72
2025-12-26 03:00:00+01:00,83.88991654312753,85.0
2025-12-26 03:15:00+01:00,84.20095666172688,83.09
2025-12-26 03:30:00+01:00,84.35733930306907,82.12
2025-12-26 03:45:00+01:00,88.65280134428352,82.0
2025-12-26 04:00:00+01:00,82.37201951951802,80.26
2025-12-26 04:15:00+01:00,84.31062578174537,81.84
2025-12-26 04:30:00+01:00,85.38659883795272,83.15
2025-12-26 04:45:00+01:00,86.27986129306505,84.32
2025-12-26 05:00:00+01:00,83.5697198270323,81.04
2025-12-26 05:15:00+01:00,85.56601616700809,81.33
2025-12-26 05:30:00+01:00,86.40444080841058,83.44
2025-12-26 05:45:00+01:00,84.18618111045755,85.53
2025-12-26 06:00:00+01:00,77.7552743881544,80.38
2025-12-26 06:15:00+01:00,79.60909808168282,81.35
2025-12-26 06:30:00+01:00,86.2241861948774,87.89
2025-12-26 06:45:00+01:00,74.94662644052843,90.46
2025-12-26 07:00:00+01:00,80.64033588513688,86.82
2025-12-26 07:15:00+01:00,76.67633208528298,91.01
2025-12-26 07:30:00+01:00,77.02754368669285,94.04
2025-12-26 07:45:00+01:00,83.64594939232836,100.59
2025-12-26 08:00:00+01:00,88.97061303642383,94.74
2025-12-26 08:15:00+01:00,87.64120329607715,97.11
2025-12-26 08:30:00+01:00,88.74382044539364,101.95
2025-12-26 08:45:00+01:00,87.34764279052813,101.8
2025-12-26 09:00:00+01:00,95.94904846836414,103.68
2025-12-26 09:15:00+01:00,88.0866859858099,103.44
2025-12-26 09:30:00+01:00,89.110435223546,94.57
2025-12-26 09:45:00+01:00,87.11143483666982,85.23
2025-12-26 10:00:00+01:00,90.53341013952658,96.0
2025-12-26 10:15:00+01:00,94.24675294836226,91.22
2025-12-26 10:30:00+01:00,89.20693964395944,86.9
2025-12-26 10:45:00+01:00,88.61409768544519,82.88
2025-12-26 11:00:00+01:00,88.18913052128329,89.0
2025-12-26 11:15:00+01:00,89.70788074040432,85.28
2025-12-26 11:30:00+01:00,88.58972279965727,83.71
2025-12-26 11:45:00+01:00,89.3859817178083,81.98
2025-12-26 12:00:00+01:00,87.40904985455771,83.11
2025-12-26 12:15:00+01:00,89.63027023695241,82.0
2025-12-26 12:30:00+01:00,87.68014516844318,81.83
2025-12-26 12:45:00+01:00,91.67050036216143,82.31
2025-12-26 13:00:00+01:00,88.54644132054416,80.0
2025-12-26 13:15:00+01:00,93.08460084926216,80.68
2025-12-26 13:30:00+01:00,93.35977798237124,85.92
2025-12-26 13:45:00+01:00,97.2758291471183,85.79
2025-12-26 14:00:00+01:00,95.21877985695382,75.12
2025-12-26 14:15:00+01:00,98.27384665008442,85.68
2025-12-26 14:30:00+01:00,100.26163823552584,94.0
2025-12-26 14:45:00+01:00,107.68289277804502,116.0
2025-12-26 15:00:00+01:00,94.71475385931186,90.52
2025-12-26 15:15:00+01:00,100.54775638867994,107.97
2025-12-26 15:30:00+01:00,108.8716652561676,116.44
2025-12-26 15:45:00+01:00,125.49714514432144,121.64
2025-12-26 16:00:00+01:00,102.5957483855145,110.82
2025-12-26 16:15:00+01:00,114.21134383191614,117.29
2025-12-26 16:30:00+01:00,122.74494287131002,118.34
2025-12-26 16:45:00+01:00,126.4644011992341,120.64
2025-12-26 17:00:00+01:00,121.8696767322524,119.02
2025-12-26 17:15:00+01:00,132.90232221695123,121.34
2025-12-26 17:30:00+01:00,131.41020335440516,121.71
2025-12-26 17:45:00+01:00,122.83354439748965,119.81
2025-12-26 18:00:00+01:00,129.63137660426756,118.83
2025-12-26 18:15:00+01:00,125.09385621347931,117.48
2025-12-26 18:30:00+01:00,121.1871270396472,117.76
2025-12-26 18:45:00+01:00,107.56803625637816,113.82
2025-12-26 19:00:00+01:00,112.71616956678292,117.66
2025-12-26 19:15:00+01:00,114.44308997267056,116.29
2025-12-26 19:30:00+01:00,109.54049472496226,116.58
2025-12-26 19:45:00+01:00,99.27626523442744,114.52
2025-12-26 20:00:00+01:00,94.3992420682922,121.69
2025-12-26 20:15:00+01:00,104.01260167970636,116.97
2025-12-26 20:30:00+01:00,101.15815414506736,110.58
2025-12-26 20:45:00+01:00,94.49552660863236,105.66
2025-12-26 21:00:00+01:00,106.59018740448332,118.29
2025-12-26 21:15:00+01:00,97.46739521189456,115.42
2025-12-26 21:30:00+01:00,100.1806121679035,109.07
2025-12-26 21:45:00+01:00,95.18310329700265,103.22
2025-12-26 22:00:00+01:00,102.60967145025694,117.25
2025-12-26 22:15:00+01:00,96.37554189918217,114.03
2025-12-26 22:30:00+01:00,90.19433554513826,105.25
2025-12-26 22:45:00+01:00,84.93385105654025,96.49
2025-12-26 23:00:00+01:00,104.78584875258652,110.83
2025-12-26 23:15:00+01:00,93.49880521887246,103.96
2025-12-26 23:30:00+01:00,85.635007844585,94.41
2025-12-26 23:45:00+01:00,73.61870561426213,88.27
2025-12-27 00:00:00+01:00,101.56883661681434,103.6
2025-12-27 00:15:00+01:00,94.17162236037947,99.39
2025-12-27 00:30:00+01:00,91.5017919471031,93.92
2025-12-27 00:45:00+01:00,90.03022076786216,89.85
2025-12-27 01:00:00+01:00,95.95810388702408,102.48
2025-12-27 01:15:00+01:00,90.3038431589744,91.15
2025-12-27 01:30:00+01:00,90.49839981526992,88.66
2025-12-27 01:45:00+01:00,89.47078183376323,84.61
2025-12-27 02:00:00+01:00,91.67851845023692,88.61
2025-12-27 02:15:00+01:00,89.6737078309764,85.57
2025-12-27 02:30:00+01:00,89.85605415017343,83.67
2025-12-27 02:45:00+01:00,88.49351164921322,80.98
2025-12-27 03:00:00+01:00,89.9476265953577,85.11
2025-12-27 03:15:00+01:00,89.96476102229542,83.09
2025-12-27 03:30:00+01:00,89.69565154093979,82.33
2025-12-27 03:45:00+01:00,89.269527031971,80.34
2025-12-27 04:00:00+01:00,89.45509141132511,84.18
2025-12-27 04:15:00+01:00,90.24513768667838,84.34
2025-12-27 04:30:00+01:00,91.59143508514896,83.86
2025-12-27 04:45:00+01:00,91.02645167399132,83.61
2025-12-27 05:00:00+01:00,89.67008341624188,79.45
2025-12-27 05:15:00+01:00,92.23339138541114,81.68
2025-12-27 05:30:00+01:00,90.22169445180364,83.01
2025-12-27 05:45:00+01:00,85.74723454644386,88.54
2025-12-27 06:00:00+01:00,79.08454231461789,77.61
2025-12-27 06:15:00+01:00,86.02384815183426,85.45
2025-12-27 06:30:00+01:00,38.54751840868605,90.82
2025-12-27 06:45:00+01:00,57.99607387248891,98.18
2025-12-27 07:00:00+01:00,92.49884689529146,93.3
2025-12-27 07:15:00+01:00,79.62337214363976,96.53
2025-12-27 07:30:00+01:00,97.41012508660356,103.13
2025-12-27 07:45:00+01:00,95.59064455321942,105.06
2025-12-27 08:00:00+01:00,104.45371252810054,104.95
2025-12-27 08:15:00+01:00,100.953409364806,104.96
2025-12-27 08:30:00+01:00,94.44221990747552,104.27
2025-12-27 08:45:00+01:00,87.70073788087281,95.1
2025-12-27 09:00:00+01:00,109.64367305107288,108.96
2025-12-27 09:15:00+01:00,91.42799092121612,103.54
2025-12-27 09:30:00+01:00,89.45380772051323,87.84
2025-12-27 09:45:00+01:00,89.62630490749135,74.9
2025-12-27 10:00:00+01:00,98.0765665592223,102.1
2025-12-27 10:15:00+01:00,94.49316416364904,77.61
2025-12-27 10:30:00+01:00,93.12765110954554,71.15
2025-12-27 10:45:00+01:00,90.41158742330124,69.27
2025-12-27 11:00:00+01:00,91.14983748887992,77.86
2025-12-27 11:15:00+01:00,85.12392868063156,77.0
2025-12-27 11:30:00+01:00,82.19811193390147,75.34
2025-12-27 11:45:00+01:00,78.57063209775865,71.38
2025-12-27 12:00:00+01:00,89.48633728060588,77.51
2025-12-27 12:15:00+01:00,88.4764152338565,71.15
2025-12-27 12:30:00+01:00,80.66732921254315,74.43
2025-12-27 12:45:00+01:00,79.0039458472379,75.07
2025-12-27 13:00:00+01:00,89.12944270687727,70.9
2025-12-27 13:15:00+01:00,82.73370473273413,73.83
2025-12-27 13:30:00+01:00,85.49819608378087,77.61
2025-12-27 13:45:00+01:00,88.81863295473462,84.61
2025-12-27 14:00:00+01:00,78.81761565206963,69.16
2025-12-27 14:15:00+01:00,85.2393031739991,78.91
2025-12-27 14:30:00+01:00,89.20242597443831,82.32
2025-12-27 14:45:00+01:00,106.1906942920331,94.41
2025-12-27 15:00:00+01:00,108.24309029129422,76.03
2025-12-27 15:15:00+01:00,96.81640493112307,88.66
2025-12-27 15:30:00+01:00,110.03201646610438,100.3
2025-12-27 15:45:00+01:00,134.48847268431948,113.18
2025-12-27 16:00:00+01:00,106.22647246857416,92.25
2025-12-27 16:15:00+01:00,119.09096656745164,99.16
2025-12-27 16:30:00+01:00,134.76677301959364,107.64
2025-12-27 16:45:00+01:00,151.68323409532874,112.98
2025-12-27 17:00:00+01:00,132.37603242499918,95.79
2025-12-27 17:15:00+01:00,146.80660372252902,108.99
2025-12-27 17:30:00+01:00,144.92739187733673,110.13
2025-12-27 17:45:00+01:00,138.49467619589527,108.79
2025-12-27 18:00:00+01:00,137.60882273770858,109.4
2025-12-27 18:15:00+01:00,136.24625031708868,108.82
2025-12-27 18:30:00+01:00,133.04113115369034,107.63
2025-12-27 18:45:00+01:00,128.5872123923712,107.86
2025-12-27 19:00:00+01:00,130.5536718643639,109.33
2025-12-27 19:15:00+01:00,126.02959213430684,104.94
2025-12-27 19:30:00+01:00,122.2212260699181,100.83
2025-12-27 19:45:00+01:00,122.31765443541909,104.9
2025-12-27 20:00:00+01:00,120.07096224652742,115.05
2025-12-27 20:15:00+01:00,117.00098657392653,105.09
2025-12-27 20:30:00+01:00,110.0604428558535,99.0
2025-12-27 20:45:00+01:00,105.05957567296974,91.21
2025-12-27 21:00:00+01:00,110.95171891836527,102.67
2025-12-27 21:15:00+01:00,107.20835696448802,96.26
2025-12-27 21:30:00+01:00,101.773198719282,91.51
2025-12-27 21:45:00+01:00,100.80010393562218,85.14
2025-12-27 22:00:00+01:00,112.55249845599602,105.23
2025-12-27 22:15:00+01:00,102.67634293028148,99.81
2025-12-27 22:30:00+01:00,98.68367254563908,90.29
2025-12-27 22:45:00+01:00,94.83257195185944,86.34
2025-12-27 23:00:00+01:00,111.27622208589632,102.86
2025-12-27 23:15:00+01:00,105.43950381939293,95.2
2025-12-27 23:30:00+01:00,94.45361068842236,88.07
2025-12-27 23:45:00+01:00,84.9457423732604,79.05
2025-12-28 00:00:00+01:00,93.5645743736862,91.17
2025-12-28 00:15:00+01:00,87.77417369698385,88.36
2025-12-28 00:30:00+01:00,85.3833271617502,83.0
2025-12-28 00:45:00+01:00,85.8042157845738,74.81
2025-12-28 01:00:00+01:00,89.72370881690152,91.22
2025-12-28 01:15:00+01:00,86.92259658959591,85.54
2025-12-28 01:30:00+01:00,85.70653716671734,81.73
2025-12-28 01:45:00+01:00,83.66375860793109,74.99
2025-12-28 02:00:00+01:00,88.5666097149479,85.64
2025-12-28 02:15:00+01:00,84.15857649867088,80.37
2025-12-28 02:30:00+01:00,84.98543858921985,76.76
2025-12-28 02:45:00+01:00,84.19585473431373,77.07
2025-12-28 03:00:00+01:00,85.47495234724738,77.0
2025-12-28 03:15:00+01:00,84.75719188397767,76.14
2025-12-28 03:30:00+01:00,84.96491267965702,80.13
2025-12-28 03:45:00+01:00,86.17073514003786,82.0
2025-12-28 04:00:00+01:00,84.16717856560952,78.14
2025-12-28 04:15:00+01:00,85.29585979231945,79.41
2025-12-28 04:30:00+01:00,85.8719822746694,82.56
2025-12-28 04:45:00+01:00,90.83504816318585,81.68
2025-12-28 05:00:00+01:00,94.13562595025604,79.94
2025-12-28 05:15:00+01:00,88.84090580273181,80.82
2025-12-28 05:30:00+01:00,91.17162171682976,84.61
2025-12-28 05:45:00+01:00,90.0227603750631,89.07
2025-12-28 06:00:00+01:00,83.79890439727173,79.21
2025-12-28 06:15:00+01:00,89.4578517775386,84.61
2025-12-28 06:30:00+01:00,63.19565579797137,88.28
2025-12-28 06:45:00+01:00,72.3717211817733,93.81
2025-12-28 07:00:00+01:00,95.13450096131275,81.78
2025-12-28 07:15:00+01:00,100.2303136219376,89.81
2025-12-28 07:30:00+01:00,98.58357605768768,95.11
2025-12-28 07:45:00+01:00,102.22109645831048,101.9
2025-12-28 08:00:00+01:00,109.5912789913076,93.06
2025-12-28 08:15:00+01:00,101.73481816941904,97.75
2025-12-28 08:30:00+01:00,99.42798166742668,99.76
2025-12-28 08:45:00+01:00,93.8567533092646,98.88
2025-12-28 09:00:00+01:00,103.59310758142752,103.62
2025-12-28 09:15:00+01:00,98.62580375882516,100.05
2025-12-28 09:30:00+01:00,95.65872470944907,98.0
2025-12-28 09:45:00+01:00,93.77877700316674,84.59
2025-12-28 10:00:00+01:00,104.10500361978448,99.99
2025-12-28 10:15:00+01:00,97.99085270053548,89.53
2025-12-28 10:30:00+01:00,97.25541451733504,83.33
2025-12-28 10:45:00+01:00,93.52689787932518,80.0
2025-12-28 11:00:00+01:00,95.15324886110297,95.35
2025-12-28 11:15:00+01:00,96.92992301376458,90.58
2025-12-28 11:30:00+01:00,96.75753055918396,86.54
2025-12-28 11:45:00+01:00,94.9313779391312,81.0
2025-12-28 12:00:00+01:00,96.29765365553436,82.71
2025-12-28 12:15:00+01:00,99.63006513710503,78.74
2025-12-28 12:30:00+01:00,96.2089211150005,79.55
2025-12-28 12:45:00+01:00,94.31450066624232,79.09
2025-12-28 13:00:00+01:00,95.80707803684685,76.6
2025-12-28 13:15:00+01:00,93.41295629349752,77.72
2025-12-28 13:30:00+01:00,93.58046055020564,80.97
2025-12-28 13:45:00+01:00,94.7944905260291,84.81
2025-12-28 14:00:00+01:00,91.0492678713282,80.01
2025-12-28 14:15:00+01:00,96.98425541410973,82.02
2025-12-28 14:30:00+01:00,102.89300132466587,87.3
2025-12-28 14:45:00+01:00,104.29847249306172,97.38
2025-12-28 15:00:00+01:00,94.863019352217,87.45
2025-12-28 15:15:00+01:00,112.53589171083772,96.11
2025-12-28 15:30:00+01:00,103.5642062104115,111.24
2025-12-28 15:45:00+01:00,123.98445492927712,108.68
2025-12-28 16:00:00+01:00,105.29366148423696,102.54
2025-12-28 16:15:00+01:00,116.20480522466804,111.0
2025-12-28 16:30:00+01:00,119.1601270083906,114.39
2025-12-28 16:45:00+01:00,124.4081957043517,115.6
2025-12-28 17:00:00+01:00,120.96882223650243,112.16
2025-12-28 17:15:00+01:00,125.14310766251228,114.66
2025-12-28 17:30:00+01:00,121.93927403494077,114.07
2025-12-28 17:45:00+01:00,120.91143257676296,113.92
2025-12-28 18:00:00+01:00,121.30080621858528,120.51
2025-12-28 18:15:00+01:00,120.1913700608249,115.97
2025-12-28 18:30:00+01:00,115.33927181812987,113.56
2025-12-28 18:45:00+01:00,115.09446940072787,107.78
2025-12-28 19:00:00+01:00,109.6227813041829,114.25
2025-12-28 19:15:00+01:00,111.23936363716268,109.73
2025-12-28 19:30:00+01:00,111.37567242481312,107.59
2025-12-28 19:45:00+01:00,105.37033592618316,105.76
2025-12-28 20:00:00+01:00,106.50773749965714,108.44
2025-12-28 20:15:00+01:00,105.68176893653803,107.0
2025-12-28 20:30:00+01:00,101.59979517583884,103.66
2025-12-28 20:45:00+01:00,97.53946178201518,100.94
2025-12-28 21:00:00+01:00,98.30779773944408,101.08
2025-12-28 21:15:00+01:00,96.09625392889956,100.01
2025-12-28 21:30:00+01:00,97.92588990981736,99.04
2025-12-28 21:45:00+01:00,92.18852034902172,95.98
2025-12-28 22:00:00+01:00,96.41597602707913,100.01
2025-12-28 22:15:00+01:00,96.2330395196964,98.7
2025-12-28 22:30:00+01:00,93.26423822082766,98.22
2025-12-28 22:45:00+01:00,91.08121799344448,96.2
2025-12-28 23:00:00+01:00,97.53919552168152,97.74
2025-12-28 23:15:00+01:00,90.94968663445904,93.01
2025-12-28 23:30:00+01:00,87.48575380019557,85.71
2025-12-28 23:45:00+01:00,80.56988484228805,77.3
2025-12-29 00:00:00+01:00,91.57209662712457,100.75
2025-12-29 00:15:00+01:00,86.54764683935453,94.69
2025-12-29 00:30:00+01:00,89.7014795127206,85.01
2025-12-29 00:45:00+01:00,81.83724548540533,79.07
2025-12-29 01:00:00+01:00,89.2388396420536,89.99
2025-12-29 01:15:00+01:00,86.82382230433328,79.35
2025-12-29 01:30:00+01:00,84.16880180845787,84.6
2025-12-29 01:45:00+01:00,82.39314834672885,85.99
2025-12-29 02:00:00+01:00,85.9368514441393,89.89
2025-12-29 02:15:00+01:00,82.85505508312434,85.28
2025-12-29 02:30:00+01:00,82.49435054557907,81.48
2025-12-29 02:45:00+01:00,80.20431653437572,80.08
2025-12-29 03:00:00+01:00,83.49122692963822,84.38
2025-12-29 03:15:00+01:00,82.68504220142768,82.0
2025-12-29 03:30:00+01:00,82.80304249374572,81.05
2025-12-29 03:45:00+01:00,81.74087808565613,81.33
2025-12-29 04:00:00+01:00,82.70809498796034,80.95
2025-12-29 04:15:00+01:00,83.49520569019684,80.65
2025-12-29 04:30:00+01:00,86.52326259285216,84.79
2025-12-29 04:45:00+01:00,89.35043683722803,88.1
2025-12-29 05:00:00+01:00,80.70962621860576,84.67
2025-12-29 05:15:00+01:00,92.74931214987537,89.0
2025-12-29 05:30:00+01:00,96.33467622391144,92.0
2025-12-29 05:45:00+01:00,93.48836866392482,97.5
2025-12-29 06:00:00+01:00,84.36174345811855,87.64
2025-12-29 06:15:00+01:00,93.0816623178342,95.17
2025-12-29 06:30:00+01:00,93.65427698305608,97.3
2025-12-29 06:45:00+01:00,105.30758295660256,105.22
2025-12-29 07:00:00+01:00,102.08506766410518,96.63
2025-12-29 07:15:00+01:00,110.24599347016812,105.85
2025-12-29 07:30:00+01:00,115.51985855159096,106.62
2025-12-29 07:45:00+01:00,119.4586218322669,109.77
2025-12-29 08:00:00+01:00,119.68285870904413,119.18
2025-12-29 08:15:00+01:00,120.9631621369887,113.83
2025-12-29 08:30:00+01:00,116.2295126621981,112.5
2025-12-29 08:45:00+01:00,100.9123370242133,110.0
2025-12-29 09:00:00+01:00,119.699788380147,120.05
2025-12-29 09:15:00+01:00,113.67387621680231,112.26
2025-12-29 09:30:00+01:00,105.6456334182738,109.29
2025-12-29 09:45:00+01:00,112.51650778235492,102.44
2025-12-29 10:00:00+01:00,113.64407144087691,107.33
2025-12-29 10:15:00+01:00,99.32234445807158,103.95
2025-12-29 10:30:00+01:00,93.04643156463251,94.9
2025-12-29 10:45:00+01:00,87.89422296381174,84.4
2025-12-29 11:00:00+01:00,97.11411549718228,94.06
2025-12-29 11:15:00+01:00,95.55346178903292,88.09
2025-12-29 11:30:00+01:00,102.39972047495856,91.23
2025-12-29 11:45:00+01:00,94.27331461864046,88.0
2025-12-29 12:00:00+01:00,96.72741392695204,87.45
2025-12-29 12:15:00+01:00,94.22399123224176,86.55
2025-12-29 12:30:00+01:00,99.0336208665854,88.06
2025-12-29 12:45:00+01:00,94.69767614284766,88.57
2025-12-29 13:00:00+01:00,100.33786639301968,87.05
2025-12-29 13:15:00+01:00,107.13584948562436,88.08
2025-12-29 13:30:00+01:00,98.10585717515204,87.73
2025-12-29 13:45:00+01:00,101.89919099409228,91.23
2025-12-29 14:00:00+01:00,94.1956095887575,90.38
2025-12-29 14:15:00+01:00,102.23492581241582,94.27
2025-12-29 14:30:00+01:00,106.3062936612405,97.34
2025-12-29 14:45:00+01:00,116.8981500682832,102.42
2025-12-29 15:00:00+01:00,103.34034307860192,94.51
2025-12-29 15:15:00+01:00,114.77782179465952,104.31
2025-12-29 15:30:00+01:00,122.4238218944698,108.8
2025-12-29 15:45:00+01:00,140.84969267679563,106.41
2025-12-29 16:00:00+01:00,117.21545242257764,105.7
2025-12-29 16:15:00+01:00,124.21775065436532,109.46
2025-12-29 16:30:00+01:00,134.330851917055,112.48
2025-12-29 16:45:00+01:00,153.08908564003693,106.98
2025-12-29 17:00:00+01:00,138.33568722311304,107.27
2025-12-29 17:15:00+01:00,143.53034397831163,106.52
2025-12-29 17:30:00+01:00,143.3728541616709,107.92
2025-12-29 17:45:00+01:00,133.64802091442178,106.32
2025-12-29 18:00:00+01:00,140.23180534628463,106.44
2025-12-29 18:15:00+01:00,132.3376983402877,106.01
2025-12-29 18:30:00+01:00,119.66567074341738,100.56
2025-12-29 18:45:00+01:00,111.79295791706636,100.22
2025-12-29 19:00:00+01:00,127.02184416513757,105.12
2025-12-29 19:15:00+01:00,117.02070348201264,96.34
2025-12-29 19:30:00+01:00,107.17219062303654,89.51
2025-12-29 19:45:00+01:00,105.35452058647654,89.62
2025-12-29 20:00:00+01:00,110.81807226484312,97.21
2025-12-29 20:15:00+01:00,101.40378047457727,91.72
2025-12-29 20:30:00+01:00,98.92208198287142,88.17
2025-12-29 20:45:00+01:00,91.981592515396,84.39
2025-12-29 21:00:00+01:00,103.03560477449192,84.61
2025-12-29 21:15:00+01:00,94.24934981821367,83.75
2025-12-29 21:30:00+01:00,85.98300836994925,84.6
2025-12-29 21:45:00+01:00,78.20372385233954,80.02
2025-12-29 22:00:00+01:00,99.84618560486678,90.03
2025-12-29 22:15:00+01:00,87.5007469344716,86.66
2025-12-29 22:30:00+01:00,83.58372608968878,88.64
2025-12-29 22:45:00+01:00,83.11484849510379,86.33
2025-12-29 23:00:00+01:00,93.5600727472156,90.29
2025-12-29 23:15:00+01:00,84.51809539794158,85.48
2025-12-29 23:30:00+01:00,80.37792102079783,83.62
2025-12-29 23:45:00+01:00,74.7150082191614,73.98
2025-12-30 00:00:00+01:00,87.77378123732304,87.0
2025-12-30 00:15:00+01:00,82.59450587418962,81.5
2025-12-30 00:30:00+01:00,85.98886653025949,73.24
2025-12-30 00:45:00+01:00,80.01135458032716,69.71
2025-12-30 01:00:00+01:00,84.79451888166571,76.66
2025-12-30 01:15:00+01:00,83.91929166611018,72.76
2025-12-30 01:30:00+01:00,81.31351698471482,71.95
2025-12-30 01:45:00+01:00,79.6334450799535,71.49
2025-12-30 02:00:00+01:00,82.23357166977664,73.89
2025-12-30 02:15:00+01:00,78.43809587239308,73.42
2025-12-30 02:30:00+01:00,77.9363911985954,70.41
2025-12-30 02:45:00+01:00,76.86929318354348,69.7
2025-12-30 03:00:00+01:00,76.71388672525592,70.63
2025-12-30 03:15:00+01:00,78.20193847274334,69.4
2025-12-30 03:30:00+01:00,78.18862359926526,69.19
2025-12-30 03:45:00+01:00,77.74120727128977,68.21
2025-12-30 04:00:00+01:00,77.61831836822579,68.29
2025-12-30 04:15:00+01:00,79.6394553195479,67.91
2025-12-30 04:30:00+01:00,94.83091206309928,69.15
2025-12-30 04:45:00+01:00,98.1580489053776,68.8
2025-12-30 05:00:00+01:00,90.0911961753991,69.1
2025-12-30 05:15:00+01:00,88.67973838598141,72.09
2025-12-30 05:30:00+01:00,86.43471397725986,69.91
2025-12-30 05:45:00+01:00,87.9239522100934,76.86
2025-12-30 06:00:00+01:00,93.75992645229208,68.85
2025-12-30 06:15:00+01:00,89.50724801589813,78.25
2025-12-30 06:30:00+01:00,90.2281949518556,85.79
2025-12-30 06:45:00+01:00,96.2183855629154,87.19
2025-12-30 07:00:00+01:00,97.27776569668416,79.59
2025-12-30 07:15:00+01:00,100.03439183775797,87.02
2025-12-30 07:30:00+01:00,107.4293071244356,93.26
2025-12-30 07:45:00+01:00,111.1229547925102,92.01
2025-12-30 08:00:00+01:00,102.58421301121533,93.18
2025-12-30 08:15:00+01:00,112.24918238386115,99.0
2025-12-30 08:30:00+01:00,110.9734729858052,95.35
2025-12-30 08:45:00+01:00,103.48469161347089,91.98
2025-12-30 09:00:00+01:00,113.18295395135657,104.6
2025-12-30 09:15:00+01:00,111.53340352452682,99.87
2025-12-30 09:30:00+01:00,103.43430911896904,93.55
2025-12-30 09:45:00+01:00,88.61842736429004,79.55
2025-12-30 10:00:00+01:00,111.63784929703324,96.73
2025-12-30 10:15:00+01:00,94.6763574514086,86.34
2025-12-30 10:30:00+01:00,82.31691446109062,81.14
2025-12-30 10:45:00+01:00,77.94024478871077,79.07
2025-12-30 11:00:00+01:00,87.0318962816795,81.4
2025-12-30 11:15:00+01:00,84.34396058035809,80.23
2025-12-30 11:30:00+01:00,87.81133018126347,79.0
2025-12-30 11:45:00+01:00,87.22229991166242,76.89
2025-12-30 12:00:00+01:00,88.65744113879718,78.97
2025-12-30 12:15:00+01:00,86.20432720306677,76.99
2025-12-30 12:30:00+01:00,89.19497904302685,76.11
2025-12-30 12:45:00+01:00,86.91441929006591,72.55
2025-12-30 13:00:00+01:00,87.71052775959073,72.83
2025-12-30 13:15:00+01:00,88.55895787632461,74.76
2025-12-30 13:30:00+01:00,85.38725484728441,74.89
2025-12-30 13:45:00+01:00,88.68257770565441,84.55
2025-12-30 14:00:00+01:00,86.80143286673491,71.54
2025-12-30 14:15:00+01:00,91.4186542267947,86.4
2025-12-30 14:30:00+01:00,103.88621802942924,93.54
2025-12-30 14:45:00+01:00,110.24650653731145,104.39
2025-12-30 15:00:00+01:00,107.65132897249968,90.16
2025-12-30 15:15:00+01:00,117.71035885485182,96.62
2025-12-30 15:30:00+01:00,125.40261850407894,110.52
2025-12-30 15:45:00+01:00,139.68776817345625,112.0
2025-12-30 16:00:00+01:00,116.7044530733494,100.66
2025-12-30 16:15:00+01:00,130.95706787055389,107.72
2025-12-30 16:30:00+01:00,140.25014749648452,108.09
2025-12-30 16:45:00+01:00,154.41156725471046,119.93
2025-12-30 17:00:00+01:00,149.03827823341203,108.96
2025-12-30 17:15:00+01:00,151.9710403801082,114.24
2025-12-30 17:30:00+01:00,148.72948114639468,109.72
2025-12-30 17:45:00+01:00,148.95104773366754,109.94
2025-12-30 18:00:00+01:00,141.27772364410606,115.28
2025-12-30 18:15:00+01:00,138.47358646707127,108.9
2025-12-30 18:30:00+01:00,133.39306095711677,106.05
2025-12-30 18:45:00+01:00,135.82715390117488,106.25
2025-12-30 19:00:00+01:00,131.49611286669952,106.9
2025-12-30 19:15:00+01:00,132.539645816118,105.75
2025-12-30 19:30:00+01:00,130.35222911463129,105.03
2025-12-30 19:45:00+01:00,138.75691449553568,104.75
2025-12-30 20:00:00+01:00,132.829846796476,104.97
2025-12-30 20:15:00+01:00,121.88679539711605,103.16
2025-12-30 20:30:00+01:00,109.8299248615185,100.92
2025-12-30 20:45:00+01:00,102.85971716139086,95.11
2025-12-30 21:00:00+01:00,111.9053742860697,101.83
2025-12-30 21:15:00+01:00,107.13238119864792,94.98
2025-12-30 21:30:00+01:00,101.73642223928964,90.06
2025-12-30 21:45:00+01:00,91.87970662652371,86.42
2025-12-30 22:00:00+01:00,104.81833460121854,101.49
2025-12-30 22:15:00+01:00,101.54017248177352,93.92
2025-12-30 22:30:00+01:00,113.5905678777641,89.48
2025-12-30 22:45:00+01:00,89.81032570580508,83.29
2025-12-30 23:00:00+01:00,96.69474252665704,94.86
2025-12-30 23:15:00+01:00,89.84227076430913,88.45
2025-12-30 23:30:00+01:00,88.75575351448653,82.19
2025-12-30 23:45:00+01:00,82.33274259101178,77.73
2025-12-31 00:00:00+01:00,94.98484820889784,77.73
2025-12-31 00:15:00+01:00,91.35735439320204,90.31
2025-12-31 00:30:00+01:00,87.14081503180024,86.19
2025-12-31 00:45:00+01:00,86.08982470731539,80.96
2025-12-31 01:00:00+01:00,88.89256562291727,90.11
2025-12-31 01:15:00+01:00,82.33382242949148,83.48
2025-12-31 01:30:00+01:00,82.44114208829448,82.67
2025-12-31 01:45:00+01:00,86.1345271577391,81.09
2025-12-31 02:00:00+01:00,84.44603780616875,83.54
2025-12-31 02:15:00+01:00,81.0384198423777,81.06
2025-12-31 02:30:00+01:00,78.86667359952703,79.25
2025-12-31 02:45:00+01:00,78.54174159033742,77.0
2025-12-31 03:00:00+01:00,79.40476787769992,80.0
2025-12-31 03:15:00+01:00,78.36910092462249,76.19
2025-12-31 03:30:00+01:00,79.76707790068116,75.03
2025-12-31 03:45:00+01:00,77.33237800745646,75.1
2025-12-31 04:00:00+01:00,77.09404721401219,74.41
2025-12-31 04:15:00+01:00,78.96767273553522,75.01
2025-12-31 04:30:00+01:00,82.36111105328818,74.71
2025-12-31 04:45:00+01:00,88.39855483147545,75.6
2025-12-31 05:00:00+01:00,83.18451584888157,75.05
2025-12-31 05:15:00+01:00,89.04074098867599,75.62
2025-12-31 05:30:00+01:00,87.90124391538433,78.1
2025-12-31 05:45:00+01:00,84.12431744103539,80.74
2025-12-31 06:00:00+01:00,94.88842231611574,77.82
2025-12-31 06:15:00+01:00,85.55887347473929,82.36
2025-12-31 06:30:00+01:00,82.38578404639615,82.83
2025-12-31 06:45:00+01:00,83.84013824677042,84.46
2025-12-31 07:00:00+01:00,83.25629321434047,79.56
2025-12-31 07:15:00+01:00,88.42003158277043,82.15
2025-12-31 07:30:00+01:00,89.7955745764549,87.17
2025-12-31 07:45:00+01:00,96.45147296591765,92.25
2025-12-31 08:00:00+01:00,98.83074472460316,90.79
2025-12-31 08:15:00+01:00,93.51653319621738,98.39
2025-12-31 08:30:00+01:00,98.58880541755096,97.08
2025-12-31 08:45:00+01:00,94.17388743779004,96.91
2025-12-31 09:00:00+01:00,92.60746155239744,102.79
2025-12-31 09:15:00+01:00,89.14828130741478,99.8
2025-12-31 09:30:00+01:00,92.92795345635416,94.0
2025-12-31 09:45:00+01:00,91.16643744550753,84.75
2025-12-31 10:00:00+01:00,88.37650936522199,97.25
2025-12-31 10:15:00+01:00,89.15355532745133,89.82
2025-12-31 10:30:00+01:00,89.76672831199195,87.24
2025-12-31 10:45:00+01:00,85.68984981641778,82.74
2025-12-31 11:00:00+01:00,88.85672453436668,87.93
2025-12-31 11:15:00+01:00,87.90025975860901,83.93
2025-12-31 11:30:00+01:00,87.31051062346646,82.06
2025-12-31 11:45:00+01:00,86.95269715214513,80.0
2025-12-31 12:00:00+01:00,87.59321160117614,83.3
2025-12-31 12:15:00+01:00,86.09006416611913,82.0
2025-12-31 12:30:00+01:00,86.51270608673998,82.0
2025-12-31 12:45:00+01:00,87.34148465006334,84.89
2025-12-31 13:00:00+01:00,86.75194853294008,83.1
2025-12-31 13:15:00+01:00,88.46464966578203,84.14
2025-12-31 13:30:00+01:00,85.36149091287606,85.0
2025-12-31 13:45:00+01:00,90.33365581025848,88.44
2025-12-31 14:00:00+01:00,89.1937068018858,82.62
2025-12-31 14:15:00+01:00,87.43882581698186,85.39
2025-12-31 14:30:00+01:00,92.89046901461424,85.2
2025-12-31 14:45:00+01:00,100.15445211149658,87.5
2025-12-31 15:00:00+01:00,87.7770142262421,84.99
2025-12-31 15:15:00+01:00,106.18262815626278,89.76
2025-12-31 15:30:00+01:00,102.97321491035991,91.7
2025-12-31 15:45:00+01:00,97.64611537486138,96.88
2025-12-31 16:00:00+01:00,105.7566509027674,90.6
2025-12-31 16:15:00+01:00,100.85249680622724,100.66
2025-12-31 16:30:00+01:00,100.03246654574184,103.69
2025-12-31 16:45:00+01:00,100.01421307027093,107.87
2025-12-31 17:00:00+01:00,105.37746933853109,105.81
2025-12-31 17:15:00+01:00,102.45327823615456,106.33
2025-12-31 17:30:00+01:00,96.55111056786062,109.02
2025-12-31 17:45:00+01:00,93.5667416941116,119.24
2025-12-31 18:00:00+01:00,96.77665384482076,110.11
2025-12-31 18:15:00+01:00,87.06594799399275,112.85
2025-12-31 18:30:00+01:00,83.26406641757994,105.65
2025-12-31 18:45:00+01:00,77.66690423987065,101.5
2025-12-31 19:00:00+01:00,82.49009964028696,100.83
2025-12-31 19:15:00+01:00,82.40835168931139,94.67
2025-12-31 19:30:00+01:00,76.10067624152873,97.87
2025-12-31 19:45:00+01:00,87.34429552029906,90.59
2025-12-31 20:00:00+01:00,82.36467065289152,96.22
2025-12-31 20:15:00+01:00,86.12555968171536,88.39
2025-12-31 20:30:00+01:00,77.72346689422638,84.27
2025-12-31 20:45:00+01:00,66.2729427728797,78.33
2025-12-31 21:00:00+01:00,73.0356819780383,89.07
2025-12-31 21:15:00+01:00,69.63788306532601,83.71
2025-12-31 21:30:00+01:00,70.88467930527474,76.72
2025-12-31 21:45:00+01:00,66.4249640655836,69.69
2025-12-31 22:00:00+01:00,71.68759017570476,87.95
2025-12-31 22:15:00+01:00,67.77693265346814,81.37
2025-12-31 22:30:00+01:00,72.66026083728231,82.47
2025-12-31 22:45:00+01:00,67.15087739896711,73.77
2025-12-31 23:00:00+01:00,64.45816967757852,86.3
2025-12-31 23:15:00+01:00,58.34946547727841,76.48
2025-12-31 23:30:00+01:00,65.52542252702597,75.75
2025-12-31 23:45:00+01:00,60.57664523325134,67.26
2026-01-01 00:00:00+01:00,80.28352572311664,63.64
2026-01-01 00:15:00+01:00,75.98190202102808,61.48
2026-01-01 00:30:00+01:00,69.28932132553177,58.0
2026-01-01 00:45:00+01:00,65.29604185294784,49.99
2026-01-01 01:00:00+01:00,73.94198928126782,60.01
2026-01-01 01:15:00+01:00,67.17882887545333,48.9
2026-01-01 01:30:00+01:00,66.1944007644309,36.74
2026-01-01 01:45:00+01:00,64.72061761581837,23.93
2026-01-01 02:00:00+01:00,67.04120350285314,36.01
2026-01-01 02:15:00+01:00,65.42523488386908,19.92
2026-01-01 02:30:00+01:00,62.20383970033836,14.99
2026-01-01 02:45:00+01:00,60.3363745646612,7.36
2026-01-01 03:00:00+01:00,59.99690355904595,10.08
2026-01-01 03:15:00+01:00,58.115944547960424,6.69
2026-01-01 03:30:00+01:00,56.56658884438487,4.5
2026-01-01 03:45:00+01:00,47.99470433123109,3.87
2026-01-01 04:00:00+01:00,57.37353291293143,4.5
2026-01-01 04:15:00+01:00,54.03371767187649,4.29
2026-01-01 04:30:00+01:00,52.9412793203992,3.48
2026-01-01 04:45:00+01:00,42.93267809244884,0.1
2026-01-01 05:00:00+01:00,54.025422534751115,3.05
2026-01-01 05:15:00+01:00,53.472708984149136,0.1
2026-01-01 05:30:00+01:00,41.02886335260344,0.1
2026-01-01 05:45:00+01:00,9.039216786912393,0.07
2026-01-01 06:00:00+01:00,53.15172040846931,0.01
2026-01-01 06:15:00+01:00,39.4428164759613,0.1
2026-01-01 06:30:00+01:00,-4.063920364173967,0.1
2026-01-01 06:45:00+01:00,-60.0336851654087,0.0
2026-01-01 07:00:00+01:00,39.591564894545705,0.09
2026-01-01 07:15:00+01:00,-3.017565003407171,0.01
2026-01-01 07:30:00+01:00,5.555494254268254,0.0
2026-01-01 07:45:00+01:00,6.883681877409629,0.0
2026-01-01 08:00:00+01:00,27.939207959193027,0.04
2026-01-01 08:15:00+01:00,-21.63812626282065,0.1
2026-01-01 08:30:00+01:00,-21.348337406289843,0.09
2026-01-01 08:45:00+01:00,-4.157057475813431,0.0
2026-01-01 09:00:00+01:00,-69.82920535138098,0.0
2026-01-01 09:15:00+01:00,-27.11048558823819,0.0
2026-01-01 09:30:00+01:00,-19.886626259554163,0.0
2026-01-01 09:45:00+01:00,-56.20392620014431,0.0
2026-01-01 10:00:00+01:00,-100.427616824251,0.0
2026-01-01 10:15:00+01:00,-125.08541486859892,0.0
2026-01-01 10:30:00+01:00,-64.84279193051844,0.0
2026-01-01 10:45:00+01:00,-43.337788796945006,-0.01
2026-01-01 11:00:00+01:00,-108.49510158185836,0.0
2026-01-01 11:15:00+01:00,-72.08024812064855,0.0
2026-01-01 11:30:00+01:00,-86.66254063631993,0.0
2026-01-01 11:45:00+01:00,-106.68232522774996,-0.01
2026-01-01 12:00:00+01:00,-60.36171669745332,-0.01
2026-01-01 12:15:00+01:00,-89.05262681878783,-0.01
2026-01-01 12:30:00+01:00,-80.86410968269453,-0.01
2026-01-01 12:45:00+01:00,-161.55116007269473,-0.01
2026-01-01 13:00:00+01:00,-106.17876222160815,-0.01
2026-01-01 13:15:00+01:00,-109.54976142551462,-0.01
2026-01-01 13:30:00+01:00,-208.14723126021124,-0.01
2026-01-01 13:45:00+01:00,-93.32755406523646,0.0
2026-01-01 14:00:00+01:00,-15.313217748282526,-0.01
2026-01-01 14:15:00+01:00,-205.99245409953107,0.0
2026-01-01 14:30:00+01:00,-121.88734558645632,0.0
2026-01-01 14:45:00+01:00,-190.96516560747125,0.08
2026-01-01 15:00:00+01:00,-86.40892979396418,0.1
2026-01-01 15:15:00+01:00,-55.99011105562542,0.1
2026-01-01 15:30:00+01:00,-56.44203712445386,3.85
2026-01-01 15:45:00+01:00,-118.56963928742348,9.99
2026-01-01 16:00:00+01:00,-107.23960127822316,4.51
2026-01-01 16:15:00+01:00,-75.96033037730797,10.0
2026-01-01 16:30:00+01:00,-97.74999373314871,12.42
2026-01-01 16:45:00+01:00,-96.60216034871787,14.45
2026-01-01 17:00:00+01:00,-99.45804775003464,20.08
2026-01-01 17:15:00+01:00,-86.75820391769604,14.99
2026-01-01 17:30:00+01:00,-71.90556705272351,32.08
2026-01-01 17:45:00+01:00,-106.1684204405199,20.03
2026-01-01 18:00:00+01:00,-97.67228605531652,27.76
2026-01-01 18:15:00+01:00,-69.98087275765496,30.0
2026-01-01 18:30:00+01:00,-50.5931295415856,22.17
2026-01-01 18:45:00+01:00,-44.731035051144104,12.58
2026-01-01 19:00:00+01:00,-61.25708135605086,28.96
2026-01-01 19:15:00+01:00,-23.80824836323211,18.27
2026-01-01 19:30:00+01:00,-18.97679133277707,12.58
2026-01-01 19:45:00+01:00,3.397024070561926,12.56
2026-01-01 20:00:00+01:00,-1.943612499799059,12.53
2026-01-01 20:15:00+01:00,-21.95759588594754,10.05
2026-01-01 20:30:00+01:00,-24.474636881799924,10.08
2026-01-01 20:45:00+01:00,-9.940652806391768,7.51
2026-01-01 21:00:00+01:00,-17.39038348880287,10.01
2026-01-01 21:15:00+01:00,-47.80784184233649,10.1
2026-01-01 21:30:00+01:00,-24.43484775125671,9.86
2026-01-01 21:45:00+01:00,-36.84916162986063,5.83
2026-01-01 22:00:00+01:00,6.850631931287168,15.28
2026-01-01 22:15:00+01:00,16.057777205103548,9.61
2026-01-01 22:30:00+01:00,40.47007071506573,4.5
2026-01-01 22:45:00+01:00,25.18151688314773,0.1
2026-01-01 23:00:00+01:00,-8.790405473688537,1.14
2026-01-01 23:15:00+01:00,-6.204089341450555,0.0
2026-01-01 23:30:00+01:00,10.818693301954667,0.0
2026-01-01 23:45:00+01:00,16.391502759128123,0.0
2026-01-02 00:00:00+01:00,-44.3546370744922,13.75
2026-01-02 00:15:00+01:00,-12.05563786598708,11.87
2026-01-02 00:30:00+01:00,6.346210436166359,10.58
2026-01-02 00:45:00+01:00,-13.96441353840808,2.52
2026-01-02 01:00:00+01:00,-25.718220383336543,6.64
2026-01-02 01:15:00+01:00,-15.289422327512412,3.92
2026-01-02 01:30:00+01:00,-18.15603132426277,1.38
2026-01-02 01:45:00+01:00,-12.77148167154452,0.1
2026-01-02 02:00:00+01:00,-20.54682567716266,4.51
2026-01-02 02:15:00+01:00,-8.667040011944891,2.58
2026-01-02 02:30:00+01:00,-12.355113459131402,0.1
2026-01-02 02:45:00+01:00,-4.239722997080634,0.04
2026-01-02 03:00:00+01:00,-17.919122882255294,0.83
2026-01-02 03:15:00+01:00,-15.188268032211283,0.1
2026-01-02 03:30:00+01:00,-8.315321527519743,0.05
2026-01-02 03:45:00+01:00,-23.88991252699438,0.0
2026-01-02 04:00:00+01:00,-0.9890932012712312,0.1
2026-01-02 04:15:00+01:00,-24.168227868074126,0.1
2026-01-02 04:30:00+01:00,-25.20975472915795,2.06
2026-01-02 04:45:00+01:00,-29.88771714877774,4.64
2026-01-02 05:00:00+01:00,-26.946612369937,4.99
2026-01-02 05:15:00+01:00,-1.2854863731446642,9.8
2026-01-02 05:30:00+01:00,-16.394647595960294,11.41
2026-01-02 05:45:00+01:00,15.440092819938856,21.79
2026-01-02 06:00:00+01:00,14.26622249965802,5.54
2026-01-02 06:15:00+01:00,36.929148537666606,17.16
2026-01-02 06:30:00+01:00,-5.727631284811068,25.72
2026-01-02 06:45:00+01:00,-54.50294511690089,38.76
2026-01-02 07:00:00+01:00,23.63489607255586,32.93
2026-01-02 07:15:00+01:00,29.924930427630223,44.26
2026-01-02 07:30:00+01:00,31.52327002410044,59.99
2026-01-02 07:45:00+01:00,38.78953479605792,66.68
2026-01-02 08:00:00+01:00,42.776606376324935,66.33
2026-01-02 08:15:00+01:00,55.57843907506609,68.58
2026-01-02 08:30:00+01:00,68.39784546366687,69.93
2026-01-02 08:45:00+01:00,80.44203105185966,70.63
2026-01-02 09:00:00+01:00,52.5384721182443,70.51
2026-01-02 09:15:00+01:00,63.9222348744368,70.5
2026-01-02 09:30:00+01:00,52.984397005035234,71.63
2026-01-02 09:45:00+01:00,51.0945033702483,72.15
2026-01-02 10:00:00+01:00,45.73005026946102,62.59
2026-01-02 10:15:00+01:00,62.48877634923403,58.53
2026-01-02 10:30:00+01:00,47.41481517566605,55.35
2026-01-02 10:45:00+01:00,30.08899693881848,55.08
2026-01-02 11:00:00+01:00,8.675291864627695,53.87
2026-01-02 11:15:00+01:00,11.319849860137891,57.71
2026-01-02 11:30:00+01:00,17.177735363030223,57.35
2026-01-02 11:45:00+01:00,28.50461152022863,54.78
2026-01-02 12:00:00+01:00,12.690235642679198,54.82
2026-01-02 12:15:00+01:00,19.585978327456417,57.5
2026-01-02 12:30:00+01:00,23.695854099821887,60.0
2026-01-02 12:45:00+01:00,18.286078234285128,59.69
2026-01-02 13:00:00+01:00,20.41560501757752,68.6
2026-01-02 13:15:00+01:00,24.60087585825145,65.84
2026-01-02 13:30:00+01:00,63.74880980185406,64.71
2026-01-02 13:45:00+01:00,71.44740173803422,68.64
2026-01-02 14:00:00+01:00,37.40659361262048,65.51
2026-01-02 14:15:00+01:00,44.010178862945224,71.01
2026-01-02 14:30:00+01:00,57.12411280646811,70.01
2026-01-02 14:45:00+01:00,53.471303453387975,73.95
2026-01-02 15:00:00+01:00,62.23591929041214,69.63
2026-01-02 15:15:00+01:00,69.11822898738436,76.93
2026-01-02 15:30:00+01:00,68.48706051125993,81.04
2026-01-02 15:45:00+01:00,79.62774557919477,82.38
2026-01-02 16:00:00+01:00,67.88339922996268,74.28
2026-01-02 16:15:00+01:00,73.90096318902303,81.85
2026-01-02 16:30:00+01:00,78.34595771912052,85.79
2026-01-02 16:45:00+01:00,72.80860996817002,87.9
2026-01-02 17:00:00+01:00,76.95481352969935,83.84
2026-01-02 17:15:00+01:00,78.37231788057841,85.94
2026-01-02 17:30:00+01:00,81.07339011692189,85.98
2026-01-02 17:45:00+01:00,92.31082074821713,85.98
2026-01-02 18:00:00+01:00,73.45194512380854,87.98
2026-01-02 18:15:00+01:00,73.09681883242851,87.96
2026-01-02 18:30:00+01:00,93.63970717444732,89.44
2026-01-02 18:45:00+01:00,95.99077154866283,87.99
2026-01-02 19:00:00+01:00,74.14386356221776,89.95
2026-01-02 19:15:00+01:00,85.0420876518692,89.9
2026-01-02 19:30:00+01:00,93.74535035351842,88.01
2026-01-02 19:45:00+01:00,92.91791020374832,86.43
2026-01-02 20:00:00+01:00,87.41163926298381,94.95
2026-01-02 20:15:00+01:00,92.06958332811617,89.83
2026-01-02 20:30:00+01:00,79.27604964801728,86.65
2026-01-02 20:45:00+01:00,78.92789854882706,85.18
2026-01-02 21:00:00+01:00,80.67902862159247,84.84
2026-01-02 21:15:00+01:00,80.72234875246741,84.41
2026-01-02 21:30:00+01:00,74.81071025992044,84.13
2026-01-02 21:45:00+01:00,65.83338829134311,80.69
2026-01-02 22:00:00+01:00,76.4374614095126,87.25
2026-01-02 22:15:00+01:00,76.65910191168906,84.19
2026-01-02 22:30:00+01:00,78.26837393881321,86.52
2026-01-02 22:45:00+01:00,70.56886258052202,84.41
2026-01-02 23:00:00+01:00,69.32763802634697,83.65
2026-01-02 23:15:00+01:00,68.81919348329788,82.99
2026-01-02 23:30:00+01:00,70.959076166566,81.72
2026-01-02 23:45:00+01:00,64.57391242860979,78.97
2026-01-03 00:00:00+01:00,78.67427034604476,84.34
2026-01-03 00:15:00+01:00,74.25156369728485,82.79
2026-01-03 00:30:00+01:00,75.31193407752576,78.69
2026-01-03 00:45:00+01:00,69.01699377455601,74.84
2026-01-03 01:00:00+01:00,73.64270145916402,80.9
2026-01-03 01:15:00+01:00,68.30467953588732,77.99
2026-01-03 01:30:00+01:00,70.5093002195244,77.54
2026-01-03 01:45:00+01:00,69.8732415512126,76.89
2026-01-03 02:00:00+01:00,69.69958189275602,77.96
2026-01-03 02:15:00+01:00,67.6165135898896,76.39
2026-01-03 02:30:00+01:00,68.27851306265782,75.24
2026-01-03 02:45:00+01:00,69.51219141251194,73.69
2026-01-03 03:00:00+01:00,66.43660020630041,76.49
2026-01-03 03:15:00+01:00,66.18979776053881,75.16
2026-01-03 03:30:00+01:00,66.5873718011743,74.01
2026-01-03 03:45:00+01:00,68.4805715053004,73.62
2026-01-03 04:00:00+01:00,67.00454424457598,73.18
2026-01-03 04:15:00+01:00,67.6960297962613,72.93
2026-01-03 04:30:00+01:00,69.3799888841021,73.06
2026-01-03 04:45:00+01:00,68.473327810001,72.92
2026-01-03 05:00:00+01:00,64.08570135012938,73.95
2026-01-03 05:15:00+01:00,69.3283029182787,73.82
2026-01-03 05:30:00+01:00,71.26406221400167,75.3
2026-01-03 05:45:00+01:00,72.54470490618036,76.89
2026-01-03 06:00:00+01:00,68.46075998025657,72.55
2026-01-03 06:15:00+01:00,69.64791410473217,74.5
2026-01-03 06:30:00+01:00,77.06978265887243,77.03
2026-01-03 06:45:00+01:00,72.5103586447554,79.56
2026-01-03 07:00:00+01:00,68.60525847758717,78.56
2026-01-03 07:15:00+01:00,75.3609414158866,76.83
2026-01-03 07:30:00+01:00,79.63198808499187,79.59
2026-01-03 07:45:00+01:00,84.80048632019289,82.27
2026-01-03 08:00:00+01:00,83.72061034495889,87.85
2026-01-03 08:15:00+01:00,95.45589962993763,90.35
2026-01-03 08:30:00+01:00,100.94555081516874,91.91
2026-01-03 08:45:00+01:00,92.82716847470004,92.65
2026-01-03 09:00:00+01:00,97.50309988433932,95.35
2026-01-03 09:15:00+01:00,97.50341359185065,95.63
2026-01-03 09:30:00+01:00,89.58598231455098,94.34
2026-01-03 09:45:00+01:00,82.24083985198159,91.04
2026-01-03 10:00:00+01:00,87.86841569704323,98.94
2026-01-03 10:15:00+01:00,86.4589032096851,95.0
2026-01-03 10:30:00+01:00,78.52651623380893,91.45
2026-01-03 10:45:00+01:00,67.17904896076496,87.85
2026-01-03 11:00:00+01:00,70.95157864242562,91.95
2026-01-03 11:15:00+01:00,65.96029185071468,89.0
2026-01-03 11:30:00+01:00,66.37044343885364,87.85
2026-01-03 11:45:00+01:00,66.4777491782957,86.03
2026-01-03 12:00:00+01:00,71.32485255746752,87.85
2026-01-03 12:15:00+01:00,64.14954234322404,87.06
2026-01-03 12:30:00+01:00,63.20961026864776,87.16
2026-01-03 12:45:00+01:00,64.30530416009194,87.58
2026-01-03 13:00:00+01:00,64.66991423281752,85.85
2026-01-03 13:15:00+01:00,65.9661324897559,85.55
2026-01-03 13:30:00+01:00,76.13409392640487,86.03
2026-01-03 13:45:00+01:00,81.91594563550743,88.99
2026-01-03 14:00:00+01:00,59.28109545871095,85.11
2026-01-03 14:15:00+01:00,83.74122094437612,88.15
2026-01-03 14:30:00+01:00,90.9800845172622,90.7
2026-01-03 14:45:00+01:00,96.9452271531856,94.77
2026-01-03 15:00:00+01:00,91.06315896214215,90.0
2026-01-03 15:15:00+01:00,99.14703637286826,94.01
2026-01-03 15:30:00+01:00,100.95679887854982,96.68
2026-01-03 15:45:00+01:00,111.451843597667,97.71
2026-01-03 16:00:00+01:00,95.73961618390024,94.78
2026-01-03 16:15:00+01:00,106.7166681494804,99.39
2026-01-03 16:30:00+01:00,110.52905900352948,100.98
2026-01-03 16:45:00+01:00,112.0676329106392,104.37
2026-01-03 17:00:00+01:00,107.8445785097903,105.95
2026-01-03 17:15:00+01:00,108.13702246584684,109.99
2026-01-03 17:30:00+01:00,106.45790942585764,111.01
2026-01-03 17:45:00+01:00,120.25187522611796,111.91
2026-01-03 18:00:00+01:00,98.11615964600055,112.8
2026-01-03 18:15:00+01:00,97.69635520012628,111.01
2026-01-03 18:30:00+01:00,110.28240078779892,110.0
2026-01-03 18:45:00+01:00,99.110423031658,109.49
2026-01-03 19:00:00+01:00,97.39199503372537,111.01
2026-01-03 19:15:00+01:00,95.50512044223252,105.92
2026-01-03 19:30:00+01:00,97.68803689565247,102.53
2026-01-03 19:45:00+01:00,94.63446774001754,99.58
2026-01-03 20:00:00+01:00,102.02203801906718,99.28
2026-01-03 20:15:00+01:00,96.1899241288766,99.03
2026-01-03 20:30:00+01:00,92.11046796679246,97.84
2026-01-03 20:45:00+01:00,82.93519847574775,94.35
2026-01-03 21:00:00+01:00,91.90092916973887,95.79
2026-01-03 21:15:00+01:00,89.05879900805004,92.02
2026-01-03 21:30:00+01:00,85.1119509337555,91.18
2026-01-03 21:45:00+01:00,78.35610865158021,85.48
2026-01-03 22:00:00+01:00,89.09435624748379,94.04
2026-01-03 22:15:00+01:00,87.70523651412132,90.99
2026-01-03 22:30:00+01:00,82.81299918648621,90.83
2026-01-03 22:45:00+01:00,76.42844673295951,86.99
2026-01-03 23:00:00+01:00,82.34826353696855,91.44
2026-01-03 23:15:00+01:00,83.24123642134067,86.48
2026-01-03 23:30:00+01:00,76.20154155003442,84.8
2026-01-03 23:45:00+01:00,69.02883145201143,81.34
2026-01-04 00:00:00+01:00,88.1473579047346,94.01
2026-01-04 00:15:00+01:00,82.85496317903183,89.42
2026-01-04 00:30:00+01:00,79.80403678128542,87.78
2026-01-04 00:45:00+01:00,74.62397945361232,84.08
2026-01-04 01:00:00+01:00,82.8427417326435,87.72
2026-01-04 01:15:00+01:00,75.88432678220798,85.43
2026-01-04 01:30:00+01:00,76.1642090616119,84.24
2026-01-04 01:45:00+01:00,73.11442662558206,83.93
2026-01-04 02:00:00+01:00,76.34974289358698,87.13
2026-01-04 02:15:00+01:00,73.86688644588722,84.85
2026-01-04 02:30:00+01:00,71.66741900345465,84.18
2026-01-04 02:45:00+01:00,71.15067813135553,84.01
2026-01-04 03:00:00+01:00,72.212446411617,84.6
2026-01-04 03:15:00+01:00,71.19015592637466,83.87
2026-01-04 03:30:00+01:00,71.90613610926216,83.43
2026-01-04 03:45:00+01:00,70.85328619363273,83.05
2026-01-04 04:00:00+01:00,69.65704782573359,82.6
2026-01-04 04:15:00+01:00,72.24132528608816,82.19
2026-01-04 04:30:00+01:00,73.4518658922293,82.41
2026-01-04 04:45:00+01:00,74.98146829585598,83.03
2026-01-04 05:00:00+01:00,70.03020991477969,82.51
2026-01-04 05:15:00+01:00,74.59461007871137,83.18
2026-01-04 05:30:00+01:00,75.81579499944765,84.01
2026-01-04 05:45:00+01:00,78.15631870995114,83.93
2026-01-04 06:00:00+01:00,73.83964203434694,82.71
2026-01-04 06:15:00+01:00,76.03559503711426,83.99
2026-01-04 06:30:00+01:00,81.69637359218747,83.69
2026-01-04 06:45:00+01:00,86.41015799293734,84.79
2026-01-04 07:00:00+01:00,74.3853543159452,84.46
2026-01-04 07:15:00+01:00,75.60324044398429,84.47
2026-01-04 07:30:00+01:00,83.66062626771878,86.9
2026-01-04 07:45:00+01:00,90.50691219239302,90.1
2026-01-04 08:00:00+01:00,87.23571640009607,86.51
2026-01-04 08:15:00+01:00,98.17040241375454,87.54
2026-01-04 08:30:00+01:00,103.6139416601295,88.85
2026-01-04 08:45:00+01:00,97.45351295474688,89.59
2026-01-04 09:00:00+01:00,101.14239143417596,94.02
2026-01-04 09:15:00+01:00,102.69815977450878,96.0
2026-01-04 09:30:00+01:00,95.46596358529426,95.99
2026-01-04 09:45:00+01:00,78.28743280366426,91.19
2026-01-04 10:00:00+01:00,94.18983779254836,103.94
2026-01-04 10:15:00+01:00,80.13012142300005,97.19
2026-01-04 10:30:00+01:00,76.16061336074938,90.92
2026-01-04 10:45:00+01:00,76.29853359224376,86.97
2026-01-04 11:00:00+01:00,75.4753151896461,93.85
2026-01-04 11:15:00+01:00,77.67648849726368,89.99
2026-01-04 11:30:00+01:00,76.91268737494181,89.96
2026-01-04 11:45:00+01:00,75.9502086498573,89.71
2026-01-04 12:00:00+01:00,74.98681441218305,91.3
2026-01-04 12:15:00+01:00,76.43711248494108,89.7
2026-01-04 12:30:00+01:00,77.2265425788039,89.94
2026-01-04 12:45:00+01:00,74.98197240947898,87.23
2026-01-04 13:00:00+01:00,77.8132182108817,86.2
2026-01-04 13:15:00+01:00,78.68533374338995,85.27
2026-01-04 13:30:00+01:00,84.43028733305943,86.19
2026-01-04 13:45:00+01:00,89.32967187020306,89.45
2026-01-04 14:00:00+01:00,74.47253523581588,83.5
2026-01-04 14:15:00+01:00,81.26311150285018,89.51
2026-01-04 14:30:00+01:00,96.62379148436438,95.8
2026-01-04 14:45:00+01:00,105.72745818192216,101.89
2026-01-04 15:00:00+01:00,93.96329235705956,83.71
2026-01-04 15:15:00+01:00,98.38325998893568,90.62
2026-01-04 15:30:00+01:00,105.77122305638632,95.88
2026-01-04 15:45:00+01:00,116.92287223359916,102.58
2026-01-04 16:00:00+01:00,112.51059160245022,87.61
2026-01-04 16:15:00+01:00,112.73750321357298,99.08
2026-01-04 16:30:00+01:00,117.11110754937972,103.39
2026-01-04 16:45:00+01:00,123.69144114306152,112.29
2026-01-04 17:00:00+01:00,117.48307505597542,113.99
2026-01-04 17:15:00+01:00,126.05665251754256,119.02
2026-01-04 17:30:00+01:00,119.50809676780776,117.5
2026-01-04 17:45:00+01:00,121.215534583185,123.19
2026-01-04 18:00:00+01:00,121.28839208177598,121.0
2026-01-04 18:15:00+01:00,116.2851296965905,120.93
2026-01-04 18:30:00+01:00,113.44565711310716,119.49
2026-01-04 18:45:00+01:00,108.23307225179003,123.3
2026-01-04 19:00:00+01:00,115.88135284662654,123.5
2026-01-04 19:15:00+01:00,105.5560729312492,120.92
2026-01-04 19:30:00+01:00,99.80645418804502,119.38
2026-01-04 19:45:00+01:00,100.79385918240683,115.06
2026-01-04 20:00:00+01:00,107.5264551532114,121.3
2026-01-04 20:15:00+01:00,98.3689074330796,115.33
2026-01-04 20:30:00+01:00,93.7880059488749,110.0
2026-01-04 20:45:00+01:00,91.79719697097046,103.17
2026-01-04 21:00:00+01:00,96.1848700514069,106.87
2026-01-04 21:15:00+01:00,94.42422163541151,101.72
2026-01-04 21:30:00+01:00,93.9978399045651,97.57
2026-01-04 21:45:00+01:00,89.39861916379112,92.64
2026-01-04 22:00:00+01:00,103.56476016445365,98.04
2026-01-04 22:15:00+01:00,99.22872252137893,96.51
2026-01-04 22:30:00+01:00,96.3056390700424,97.83
2026-01-04 22:45:00+01:00,92.69232545719235,90.68
2026-01-04 23:00:00+01:00,100.08411466700832,97.61
2026-01-04 23:15:00+01:00,89.70788396768418,89.73
2026-01-04 23:30:00+01:00,87.45543456692519,86.33
2026-01-04 23:45:00+01:00,84.57998492237184,83.17
2026-01-05 00:00:00+01:00,93.57742152587278,107.81
2026-01-05 00:15:00+01:00,89.9856196271855,91.48
2026-01-05 00:30:00+01:00,84.41922375339502,87.94
2026-01-05 00:45:00+01:00,81.11653931833024,82.58
2026-01-05 01:00:00+01:00,89.0573525981747,92.96
2026-01-05 01:15:00+01:00,83.27399815991271,90.0
2026-01-05 01:30:00+01:00,81.81499286869101,86.74
2026-01-05 01:45:00+01:00,79.9686759090433,85.69
2026-01-05 02:00:00+01:00,82.44284441026714,87.21
2026-01-05 02:15:00+01:00,80.74472600551763,86.61
2026-01-05 02:30:00+01:00,79.80383502091094,86.93
2026-01-05 02:45:00+01:00,79.14692095338586,85.28
2026-01-05 03:00:00+01:00,80.55348966073895,86.36
2026-01-05 03:15:00+01:00,79.21423004181106,85.97
2026-01-05 03:30:00+01:00,78.92507705354048,85.74
2026-01-05 03:45:00+01:00,78.29039283820087,87.18
2026-01-05 04:00:00+01:00,77.39519928224217,86.25
2026-01-05 04:15:00+01:00,78.85079826944897,86.73
2026-01-05 04:30:00+01:00,79.65600490249247,87.01
2026-01-05 04:45:00+01:00,81.61620894546223,89.99
2026-01-05 05:00:00+01:00,78.11083596511634,87.46
2026-01-05 05:15:00+01:00,81.719547114144,88.35
2026-01-05 05:30:00+01:00,86.83265085932582,89.11
2026-01-05 05:45:00+01:00,91.29181123240323,98.51
2026-01-05 06:00:00+01:00,82.57912316604059,87.38
2026-01-05 06:15:00+01:00,92.08490788691682,104.9
2026-01-05 06:30:00+01:00,95.36845535337868,118.71
2026-01-05 06:45:00+01:00,98.51655344314804,125.1
2026-01-05 07:00:00+01:00,102.2020682001953,114.46
2026-01-05 07:15:00+01:00,106.36880277642622,120.92
2026-01-05 07:30:00+01:00,116.96014944263452,132.96
2026-01-05 07:45:00+01:00,122.65111563963576,148.91
2026-01-05 08:00:00+01:00,122.78698804153584,145.35
2026-01-05 08:15:00+01:00,120.18902508385898,156.49
2026-01-05 08:30:00+01:00,125.74250902378914,148.97
2026-01-05 08:45:00+01:00,126.01333639115887,153.89
2026-01-05 09:00:00+01:00,128.4318218430817,162.99
2026-01-05 09:15:00+01:00,127.07203330450707,161.49
2026-01-05 09:30:00+01:00,123.62926137985924,147.22
2026-01-05 09:45:00+01:00,108.65339224553856,136.9
2026-01-05 10:00:00+01:00,120.2687954163324,162.46
2026-01-05 10:15:00+01:00,112.63885415674936,145.86
2026-01-05 10:30:00+01:00,105.91249722159397,139.99
2026-01-05 10:45:00+01:00,105.06436715093793,134.2
2026-01-05 11:00:00+01:00,111.71836124854718,139.9
2026-01-05 11:15:00+01:00,111.80062500697444,136.33
2026-01-05 11:30:00+01:00,106.41609817528156,135.99
2026-01-05 11:45:00+01:00,109.54209188125635,134.06
2026-01-05 12:00:00+01:00,106.9088201354296,134.4
2026-01-05 12:15:00+01:00,107.63673537572596,132.97
2026-01-05 12:30:00+01:00,108.2798832043286,133.84
2026-01-05 12:45:00+01:00,111.3023242582498,136.0
2026-01-05 13:00:00+01:00,108.54028098627684,131.59
2026-01-05 13:15:00+01:00,109.47791524459606,131.33
2026-01-05 13:30:00+01:00,115.24760264860096,135.52
2026-01-05 13:45:00+01:00,113.16403477595529,138.77
2026-01-05 14:00:00+01:00,111.1135831225708,128.2
2026-01-05 14:15:00+01:00,119.1619625604778,131.22
2026-01-05 14:30:00+01:00,134.0542227970689,139.9
2026-01-05 14:45:00+01:00,135.92360443078158,161.28
2026-01-05 15:00:00+01:00,127.577539393521,133.09
2026-01-05 15:15:00+01:00,138.42725447437425,140.02
2026-01-05 15:30:00+01:00,150.23211760715407,166.43
2026-01-05 15:45:00+01:00,165.61652703326007,156.42
2026-01-05 16:00:00+01:00,138.16983320878592,164.87
2026-01-05 16:15:00+01:00,153.89518024186145,166.06
2026-01-05 16:30:00+01:00,165.39849337499948,193.19
2026-01-05 16:45:00+01:00,144.49304646582934,198.71
2026-01-05 17:00:00+01:00,161.44103060515872,198.13
2026-01-05 17:15:00+01:00,180.91568422054365,208.0
2026-01-05 17:30:00+01:00,181.83544110058068,244.39
2026-01-05 17:45:00+01:00,179.3497649325232,243.18
2026-01-05 18:00:00+01:00,140.08311416500788,219.44
2026-01-05 18:15:00+01:00,156.51340728063897,216.52
2026-01-05 18:30:00+01:00,135.74709954171954,217.38
2026-01-05 18:45:00+01:00,156.04339079997138,201.0
2026-01-05 19:00:00+01:00,171.95442359101514,222.12
2026-01-05 19:15:00+01:00,153.5067098645813,208.97
2026-01-05 19:30:00+01:00,142.34378233157014,162.0
2026-01-05 19:45:00+01:00,144.56352774072818,138.11
2026-01-05 20:00:00+01:00,143.72511534902046,171.3
2026-01-05 20:15:00+01:00,125.38397173984924,146.73
2026-01-05 20:30:00+01:00,122.9487770587591,138.09
2026-01-05 20:45:00+01:00,114.77386854619016,132.01
2026-01-05 21:00:00+01:00,124.45198629861092,137.82
2026-01-05 21:15:00+01:00,116.6120072924367,135.05
2026-01-05 21:30:00+01:00,108.41925525343224,125.76
2026-01-05 21:45:00+01:00,96.5138152468637,117.78
2026-01-05 22:00:00+01:00,120.74181835337087,128.71
2026-01-05 22:15:00+01:00,113.45257260968356,122.48
2026-01-05 22:30:00+01:00,107.20811896441391,124.17
2026-01-05 22:45:00+01:00,100.68390199706084,120.04
2026-01-05 23:00:00+01:00,112.49847946083588,119.51
2026-01-05 23:15:00+01:00,105.17521305870532,112.41
2026-01-05 23:30:00+01:00,99.44612602938116,107.26
2026-01-05 23:45:00+01:00,91.08519983904212,106.02
2026-01-06 00:00:00+01:00,114.73961439165824,114.77
2026-01-06 00:15:00+01:00,110.262312307426,107.38
2026-01-06 00:30:00+01:00,107.28674011497112,100.9
2026-01-06 00:45:00+01:00,104.30493653492456,95.73
2026-01-06 01:00:00+01:00,110.99804770884823,110.0
2026-01-06 01:15:00+01:00,105.38151717864253,106.42
2026-01-06 01:30:00+01:00,103.04526395994272,102.27
2026-01-06 01:45:00+01:00,101.88712624005964,99.71
2026-01-06 02:00:00+01:00,104.22170034654418,104.37
2026-01-06 02:15:00+01:00,103.83866295549932,100.84
2026-01-06 02:30:00+01:00,100.02016238617928,100.86
2026-01-06 02:45:00+01:00,100.12791569890072,100.11
2026-01-06 03:00:00+01:00,100.42114350171336,101.03
2026-01-06 03:15:00+01:00,99.82732521094836,100.05
2026-01-06 03:30:00+01:00,98.95822286527748,100.01
2026-01-06 03:45:00+01:00,99.26708802256783,99.26
2026-01-06 04:00:00+01:00,97.07530393175028,99.11
2026-01-06 04:15:00+01:00,99.14508387992164,99.88
2026-01-06 04:30:00+01:00,102.87731608765242,104.01
2026-01-06 04:45:00+01:00,111.25360028074638,106.81
2026-01-06 05:00:00+01:00,100.11223143834438,100.39
2026-01-06 05:15:00+01:00,107.0844519700847,102.33
2026-01-06 05:30:00+01:00,109.32622893877436,110.78
2026-01-06 05:45:00+01:00,112.67807702533707,114.5
2026-01-06 06:00:00+01:00,109.43942462616543,112.07
2026-01-06 06:15:00+01:00,117.99092182077696,117.75
2026-01-06 06:30:00+01:00,128.82629684605828,121.42
2026-01-06 06:45:00+01:00,139.95637407358635,133.91
2026-01-06 07:00:00+01:00,124.27759253786952,121.67
2026-01-06 07:15:00+01:00,137.08780947221769,137.9
2026-01-06 07:30:00+01:00,147.23112348888134,147.43
2026-01-06 07:45:00+01:00,161.532913640191,146.99
2026-01-06 08:00:00+01:00,164.5988673519733,153.51
2026-01-06 08:15:00+01:00,179.8739499211183,168.72
2026-01-06 08:30:00+01:00,166.13510983332424,170.95
2026-01-06 08:45:00+01:00,164.34381121019015,163.56
2026-01-06 09:00:00+01:00,169.3856501733976,189.91
2026-01-06 09:15:00+01:00,168.27927237926113,169.97
2026-01-06 09:30:00+01:00,158.33776441928185,166.34
2026-01-06 09:45:00+01:00,141.98840580130494,149.06
2026-01-06 10:00:00+01:00,162.1867480889573,176.85
2026-01-06 10:15:00+01:00,143.52390736353237,150.1
2026-01-06 10:30:00+01:00,143.7340768210067,150.02
2026-01-06 10:45:00+01:00,137.93961390888086,142.4
2026-01-06 11:00:00+01:00,146.2427098129734,161.63
2026-01-06 11:15:00+01:00,145.81315045992932,148.46
2026-01-06 11:30:00+01:00,135.62308692758742,142.97
2026-01-06 11:45:00+01:00,132.088270476147,136.0
2026-01-06 12:00:00+01:00,137.62500353878696,140.92
2026-01-06 12:15:00+01:00,130.0997826844827,135.03
2026-01-06 12:30:00+01:00,130.93153866767057,131.86
2026-01-06 12:45:00+01:00,140.24638691855495,129.92
2026-01-06 13:00:00+01:00,131.16403852993332,133.66
2026-01-06 13:15:00+01:00,136.36726260722466,131.3
2026-01-06 13:30:00+01:00,128.0318702795913,127.72
2026-01-06 13:45:00+01:00,142.62588123322598,128.13
2026-01-06 14:00:00+01:00,131.51047920182415,127.07
2026-01-06 14:15:00+01:00,149.07135540418804,130.0
2026-01-06 14:30:00+01:00,154.17667413743015,130.01
2026-01-06 14:45:00+01:00,148.5958667185797,135.73
2026-01-06 15:00:00+01:00,145.43643666821507,127.73
2026-01-06 15:15:00+01:00,155.80001143956935,134.31
2026-01-06 15:30:00+01:00,151.06981698935533,137.37
2026-01-06 15:45:00+01:00,153.5602499178538,148.53
2026-01-06 16:00:00+01:00,160.7094070127574,128.83
2026-01-06 16:15:00+01:00,155.92802599790787,142.62
2026-01-06 16:30:00+01:00,157.70127866365544,147.96
2026-01-06 16:45:00+01:00,173.97925047178018,160.62
2026-01-06 17:00:00+01:00,164.39676382539966,142.17
2026-01-06 17:15:00+01:00,168.36564541955394,147.1
2026-01-06 17:30:00+01:00,163.5258161714047,162.0
2026-01-06 17:45:00+01:00,159.56194439977995,160.7
2026-01-06 18:00:00+01:00,172.84393337021277,159.94
2026-01-06 18:15:00+01:00,149.44763777030164,150.29
2026-01-06 18:30:00+01:00,146.4611712585931,146.85
2026-01-06 18:45:00+01:00,134.16867695447664,135.99
2026-01-06 19:00:00+01:00,148.5788522801088,154.98
2026-01-06 19:15:00+01:00,133.15660719647067,139.88
2026-01-06 19:30:00+01:00,123.11903194697216,133.88
2026-01-06 19:45:00+01:00,116.9758478121628,127.73
2026-01-06 20:00:00+01:00,129.49716006669826,133.99
2026-01-06 20:15:00+01:00,108.33826528112633,123.88
2026-01-06 20:30:00+01:00,106.1335547389325,117.76
2026-01-06 20:45:00+01:00,100.58302264144424,110.78
2026-01-06 21:00:00+01:00,111.13421222478308,120.86
2026-01-06 21:15:00+01:00,103.086783278092,111.69
2026-01-06 21:30:00+01:00,96.66830981712384,102.58
2026-01-06 21:45:00+01:00,88.75892828856027,99.12
2026-01-06 22:00:00+01:00,108.25996843152537,108.14
2026-01-06 22:15:00+01:00,100.35672454895604,105.41
2026-01-06 22:30:00+01:00,97.56472329051952,100.5
2026-01-06 22:45:00+01:00,88.94778653767035,94.84
2026-01-06 23:00:00+01:00,100.8127391385263,102.93
2026-01-06 23:15:00+01:00,90.8311648622072,94.02
2026-01-06 23:30:00+01:00,84.87532245107923,90.11
2026-01-06 23:45:00+01:00,78.59873770881666,84.21
2026-01-07 00:00:00+01:00,99.50314119876128,101.28
2026-01-07 00:15:00+01:00,92.79804106576375,98.99
2026-01-07 00:30:00+01:00,87.70943919770144,89.62
2026-01-07 00:45:00+01:00,84.10389372592056,86.06
2026-01-07 01:00:00+01:00,92.77324287358502,92.96
2026-01-07 01:15:00+01:00,87.31689108836714,90.1
2026-01-07 01:30:00+01:00,82.78440361510103,86.35
2026-01-07 01:45:00+01:00,79.38863540871306,85.03
2026-01-07 02:00:00+01:00,83.85363565428602,86.77
2026-01-07 02:15:00+01:00,80.57998067842037,84.75
2026-01-07 02:30:00+01:00,79.24962357863464,85.51
2026-01-07 02:45:00+01:00,76.37226824693762,83.15
2026-01-07 03:00:00+01:00,79.38181230046388,83.6
2026-01-07 03:15:00+01:00,76.61737770753503,81.69
2026-01-07 03:30:00+01:00,75.23445490118543,81.01
2026-01-07 03:45:00+01:00,72.69933678193333,80.29
2026-01-07 04:00:00+01:00,74.93403547177263,80.79
2026-01-07 04:15:00+01:00,74.06269524376809,80.67
2026-01-07 04:30:00+01:00,74.17206860405047,80.36
2026-01-07 04:45:00+01:00,78.6115531147478,81.31
2026-01-07 05:00:00+01:00,75.43052529221747,84.09
2026-01-07 05:15:00+01:00,71.62337561208324,83.44
2026-01-07 05:30:00+01:00,78.66082013435796,84.69
2026-01-07 05:45:00+01:00,78.56327266541736,87.31
2026-01-07 06:00:00+01:00,75.12880141152044,87.45
2026-01-07 06:15:00+01:00,81.88281912795428,91.01
2026-01-07 06:30:00+01:00,84.68717633410631,95.59
2026-01-07 06:45:00+01:00,97.3237158239545,97.03
2026-01-07 07:00:00+01:00,94.90264594673116,100.1
2026-01-07 07:15:00+01:00,94.42961972552683,98.19
2026-01-07 07:30:00+01:00,101.12856793386308,100.09
2026-01-07 07:45:00+01:00,108.3726654711368,98.42
2026-01-07 08:00:00+01:00,116.09985594382478,106.77
2026-01-07 08:15:00+01:00,110.75586796984643,107.68
2026-01-07 08:30:00+01:00,109.26173103373247,113.68
2026-01-07 08:45:00+01:00,96.54685250970982,109.27
2026-01-07 09:00:00+01:00,120.22883502048708,115.44
2026-01-07 09:15:00+01:00,107.19274863490472,115.58
2026-01-07 09:30:00+01:00,96.280226751556,114.9
2026-01-07 09:45:00+01:00,87.60176042105331,102.59
2026-01-07 10:00:00+01:00,97.1119127980291,116.56
2026-01-07 10:15:00+01:00,95.32587146996092,109.01
2026-01-07 10:30:00+01:00,88.87563025412247,105.84
2026-01-07 10:45:00+01:00,85.94651423534593,101.84
2026-01-07 11:00:00+01:00,92.57864455789276,102.11
2026-01-07 11:15:00+01:00,89.95886369024988,99.6
2026-01-07 11:30:00+01:00,87.80046478239431,98.3
2026-01-07 11:45:00+01:00,85.96809795612752,99.73
2026-01-07 12:00:00+01:00,87.76576246542457,98.86
2026-01-07 12:15:00+01:00,84.91770576822093,96.01
2026-01-07 12:30:00+01:00,86.69086292596728,96.35
2026-01-07 12:45:00+01:00,89.77417743978589,94.14
2026-01-07 13:00:00+01:00,82.28028804955584,97.91
2026-01-07 13:15:00+01:00,80.20741549126794,93.62
2026-01-07 13:30:00+01:00,87.09219229350856,89.78
2026-01-07 13:45:00+01:00,89.25318804465584,91.31
2026-01-07 14:00:00+01:00,91.43674813602485,91.19
2026-01-07 14:15:00+01:00,92.53580720776888,94.36
2026-01-07 14:30:00+01:00,99.43570107076089,94.09
2026-01-07 14:45:00+01:00,101.53631249857054,101.27
2026-01-07 15:00:00+01:00,96.128906533818,95.86
2026-01-07 15:15:00+01:00,99.68425919922974,102.81
2026-01-07 15:30:00+01:00,110.73969453740472,105.76
2026-01-07 15:45:00+01:00,103.85375666044187,102.92
2026-01-07 16:00:00+01:00,105.55785076220484,101.86
2026-01-07 16:15:00+01:00,99.519831747972,101.84
2026-01-07 16:30:00+01:00,100.3990355399667,107.6
2026-01-07 16:45:00+01:00,98.95907529278143,114.24
2026-01-07 17:00:00+01:00,97.17262577141088,118.18
2026-01-07 17:15:00+01:00,99.80636033380584,122.0
2026-01-07 17:30:00+01:00,103.78613295790858,129.0
2026-01-07 17:45:00+01:00,100.93129128969828,131.57
2026-01-07 18:00:00+01:00,101.19694140506712,123.01
2026-01-07 18:15:00+01:00,98.1590060527183,124.05
2026-01-07 18:30:00+01:00,94.40572037222528,123.85
2026-01-07 18:45:00+01:00,93.13376469528272,125.49
2026-01-07 19:00:00+01:00,97.3473078125761,115.51
2026-01-07 19:15:00+01:00,91.19184976731628,119.87
2026-01-07 19:30:00+01:00,85.202718205964,116.55
2026-01-07 19:45:00+01:00,80.44800977734465,115.0
2026-01-07 20:00:00+01:00,84.78168030858077,107.77
2026-01-07 20:15:00+01:00,82.6042980218301,113.93
2026-01-07 20:30:00+01:00,76.34783283761577,108.25
2026-01-07 20:45:00+01:00,70.4255846381746,104.96
2026-01-07 21:00:00+01:00,82.38412124136147,105.26
2026-01-07 21:15:00+01:00,77.18129760373441,101.54
2026-01-07 21:30:00+01:00,71.28095641706075,96.01
2026-01-07 21:45:00+01:00,63.582013673745934,91.01
2026-01-07 22:00:00+01:00,81.42154501862086,90.73
2026-01-07 22:15:00+01:00,78.78736358550006,95.44
2026-01-07 22:30:00+01:00,77.75577928362112,96.56
2026-01-07 22:45:00+01:00,66.84573357348599,93.11
2026-01-07 23:00:00+01:00,68.40665002834996,95.11
2026-01-07 23:15:00+01:00,63.19614313787509,89.01
2026-01-07 23:30:00+01:00,60.93931514086643,86.83
2026-01-07 23:45:00+01:00,53.09986422076089,84.1
2026-01-08 00:00:00+01:00,93.61055943417702,86.88
2026-01-08 00:15:00+01:00,88.4629975556934,85.94
2026-01-08 00:30:00+01:00,85.26171548847705,82.7
2026-01-08 00:45:00+01:00,82.12640821630116,80.8
2026-01-08 01:00:00+01:00,87.49814148334694,85.0
2026-01-08 01:15:00+01:00,85.85061494100192,82.59
2026-01-08 01:30:00+01:00,81.71172154277573,83.18
2026-01-08 01:45:00+01:00,80.40541321682514,81.56
2026-01-08 02:00:00+01:00,84.03556041105355,84.7
2026-01-08 02:15:00+01:00,81.53405667747043,84.94
2026-01-08 02:30:00+01:00,79.462907180803,83.59
2026-01-08 02:45:00+01:00,77.7367309878434,84.86
2026-01-08 03:00:00+01:00,77.96159054031251,82.64
2026-01-08 03:15:00+01:00,76.51816928072716,83.01
2026-01-08 03:30:00+01:00,78.66581724150215,81.76
2026-01-08 03:45:00+01:00,77.87503641077926,82.48
2026-01-08 04:00:00+01:00,78.1337511805348,81.04
2026-01-08 04:15:00+01:00,78.71233411074967,85.0
2026-01-08 04:30:00+01:00,78.71546068592407,87.39
2026-01-08 04:45:00+01:00,86.10363240534588,87.63
2026-01-08 05:00:00+01:00,80.88316351344494,85.26
2026-01-08 05:15:00+01:00,79.3425016431925,87.05
2026-01-08 05:30:00+01:00,83.48966298030523,88.6
2026-01-08 05:45:00+01:00,81.27740964846164,90.64
2026-01-08 06:00:00+01:00,82.78855542675336,86.36
2026-01-08 06:15:00+01:00,91.83782105543077,88.53
2026-01-08 06:30:00+01:00,86.159661560115,103.79
2026-01-08 06:45:00+01:00,98.54400199665535,112.84
2026-01-08 07:00:00+01:00,95.34827316034318,103.27
2026-01-08 07:15:00+01:00,97.50945338146404,109.04
2026-01-08 07:30:00+01:00,109.9581331569398,132.52
2026-01-08 07:45:00+01:00,118.33340568854234,162.02
2026-01-08 08:00:00+01:00,124.01430216822548,167.87
2026-01-08 08:15:00+01:00,121.3783439782476,166.53
2026-01-08 08:30:00+01:00,126.9475794235315,168.53
2026-01-08 08:45:00+01:00,117.565285288545,172.31
2026-01-08 09:00:00+01:00,135.23679286970378,181.0
2026-01-08 09:15:00+01:00,121.9238131897908,193.48
2026-01-08 09:30:00+01:00,115.09732159065736,211.96
2026-01-08 09:45:00+01:00,107.99937555484443,184.44
2026-01-08 10:00:00+01:00,123.98199601660082,204.01
2026-01-08 10:15:00+01:00,114.6376410666698,222.98
2026-01-08 10:30:00+01:00,104.31502052636738,202.4
2026-01-08 10:45:00+01:00,99.65745262321865,202.34
2026-01-08 11:00:00+01:00,110.28712786228262,222.59
2026-01-08 11:15:00+01:00,108.11318776554074,204.1
2026-01-08 11:30:00+01:00,104.4883708657748,212.95
2026-01-08 11:45:00+01:00,103.92813978592368,212.81
2026-01-08 12:00:00+01:00,103.55457072857716,215.16
2026-01-08 12:15:00+01:00,101.44941898064198,215.93
2026-01-08 12:30:00+01:00,103.66583893760934,217.17
2026-01-08 12:45:00+01:00,106.99836204572968,232.82
2026-01-08 13:00:00+01:00,109.2510496739316,217.09
2026-01-08 13:15:00+01:00,99.583314815733,236.59
2026-01-08 13:30:00+01:00,104.87105032578694,243.96
2026-01-08 13:45:00+01:00,106.21323422631676,247.22
2026-01-08 14:00:00+01:00,101.03376908970586,229.02
2026-01-08 14:15:00+01:00,115.8441094692116,263.05
2026-01-08 14:30:00+01:00,126.36067316968584,291.21
2026-01-08 14:45:00+01:00,113.25820818521495,275.06
2026-01-08 15:00:00+01:00,110.2296803107648,251.17
2026-01-08 15:15:00+01:00,116.8650518812648,270.38
2026-01-08 15:30:00+01:00,119.96306493192928,265.0
2026-01-08 15:45:00+01:00,113.84491387464494,271.13
2026-01-08 16:00:00+01:00,116.7326578474931,224.46
2026-01-08 16:15:00+01:00,120.93653789153336,241.01
2026-01-08 16:30:00+01:00,118.63863041153463,272.44
2026-01-08 16:45:00+01:00,120.39971432588855,300.05
2026-01-08 17:00:00+01:00,117.8371239761229,254.57
2026-01-08 17:15:00+01:00,114.93650035074258,261.06
2026-01-08 17:30:00+01:00,114.21308952549096,224.84
2026-01-08 17:45:00+01:00,115.26059050252398,194.94
2026-01-08 18:00:00+01:00,115.64560394400254,270.09
2026-01-08 18:15:00+01:00,104.64110808193314,200.99
2026-01-08 18:30:00+01:00,99.65952531498958,181.0
2026-01-08 18:45:00+01:00,90.3360499911638,145.51
2026-01-08 19:00:00+01:00,106.34287921047756,176.16
2026-01-08 19:15:00+01:00,97.25882678068518,168.0
2026-01-08 19:30:00+01:00,85.73900274088567,116.85
2026-01-08 19:45:00+01:00,79.54693787359193,95.98
2026-01-08 20:00:00+01:00,92.08180656519627,129.8
2026-01-08 20:15:00+01:00,85.62554793832956,105.6
2026-01-08 20:30:00+01:00,79.95893339529587,88.29
2026-01-08 20:45:00+01:00,70.52347378363464,84.81
2026-01-08 21:00:00+01:00,84.56063063674578,104.36
2026-01-08 21:15:00+01:00,80.55042704791249,97.63
2026-01-08 21:30:00+01:00,74.26982683538301,90.77
2026-01-08 21:45:00+01:00,63.10982106696288,85.17
2026-01-08 22:00:00+01:00,85.28272834911054,103.93
2026-01-08 22:15:00+01:00,78.39679903083662,91.23
2026-01-08 22:30:00+01:00,75.59751064923984,88.72
2026-01-08 22:45:00+01:00,68.42213183416203,81.34
2026-01-08 23:00:00+01:00,73.17756456233361,94.51
2026-01-08 23:15:00+01:00,64.05129952236322,82.48
2026-01-08 23:30:00+01:00,63.52655855470259,70.6
2026-01-08 23:45:00+01:00,56.94523776492376,68.55
2026-01-09 00:00:00+01:00,83.05016225630172,95.56
2026-01-09 00:15:00+01:00,72.73227424910498,80.23
2026-01-09 00:30:00+01:00,73.93712061347989,70.1
2026-01-09 00:45:00+01:00,65.01751070821732,69.96
2026-01-09 01:00:00+01:00,71.3665647742265,75.48
2026-01-09 01:15:00+01:00,68.7941614046745,74.24
2026-01-09 01:30:00+01:00,62.057543264737674,69.98
2026-01-09 01:45:00+01:00,60.30251535581435,63.06
2026-01-09 02:00:00+01:00,67.52811118602511,64.21
2026-01-09 02:15:00+01:00,61.66464256091732,58.11
2026-01-09 02:30:00+01:00,58.37330507293258,54.79
2026-01-09 02:45:00+01:00,51.174056783808176,52.29
2026-01-09 03:00:00+01:00,57.988927555924306,55.75
2026-01-09 03:15:00+01:00,50.18880824813547,51.03
2026-01-09 03:30:00+01:00,49.787189259772994,50.09
2026-01-09 03:45:00+01:00,45.17054745490061,46.49
2026-01-09 04:00:00+01:00,56.450846176120336,45.81
2026-01-09 04:15:00+01:00,55.81638073958258,45.81
2026-01-09 04:30:00+01:00,54.24234359596858,48.22
2026-01-09 04:45:00+01:00,59.15812039294035,51.54
2026-01-09 05:00:00+01:00,51.32970881013142,49.91
2026-01-09 05:15:00+01:00,42.2960820020014,53.35
2026-01-09 05:30:00+01:00,58.103667845842935,59.38
2026-01-09 05:45:00+01:00,44.559910090591835,63.66
2026-01-09 06:00:00+01:00,60.04535279359453,65.02
2026-01-09 06:15:00+01:00,62.167866206647304,72.64
2026-01-09 06:30:00+01:00,59.56595484790115,74.43
2026-01-09 06:45:00+01:00,82.77451217058537,78.33
2026-01-09 07:00:00+01:00,72.21873583820887,77.25
2026-01-09 07:15:00+01:00,82.44871626831434,83.33
2026-01-09 07:30:00+01:00,89.24747024790395,87.63
2026-01-09 07:45:00+01:00,88.71596677498148,89.0
2026-01-09 08:00:00+01:00,87.88556212684928,87.17
2026-01-09 08:15:00+01:00,101.89971168420078,91.48
2026-01-09 08:30:00+01:00,89.74143521268165,92.18
2026-01-09 08:45:00+01:00,90.93872647899396,88.22
2026-01-09 09:00:00+01:00,97.55331619917932,91.28
2026-01-09 09:15:00+01:00,97.143351157726,88.99
2026-01-09 09:30:00+01:00,96.43020996273933,86.57
2026-01-09 09:45:00+01:00,79.58480882179742,89.75
2026-01-09 10:00:00+01:00,95.84359603092828,93.49
2026-01-09 10:15:00+01:00,83.76981411468851,89.57
2026-01-09 10:30:00+01:00,72.06521137712204,98.93
2026-01-09 10:45:00+01:00,64.98082655198206,93.73
2026-01-09 11:00:00+01:00,69.36018359364589,88.94
2026-01-09 11:15:00+01:00,62.689365161033635,87.18
2026-01-09 11:30:00+01:00,63.77400066884039,85.06
2026-01-09 11:45:00+01:00,61.49462463090103,82.0
2026-01-09 12:00:00+01:00,66.99815279873536,83.83
2026-01-09 12:15:00+01:00,60.16052534467863,82.17
2026-01-09 12:30:00+01:00,68.34221532157889,83.96
2026-01-09 12:45:00+01:00,81.70421051606638,82.1
2026-01-09 13:00:00+01:00,62.70802867835115,84.92
2026-01-09 13:15:00+01:00,80.92832025186999,82.75
2026-01-09 13:30:00+01:00,84.80221724814956,82.12
2026-01-09 13:45:00+01:00,87.6822795246426,81.61
2026-01-09 14:00:00+01:00,78.73634686646672,81.94
2026-01-09 14:15:00+01:00,92.47801494166808,82.31
2026-01-09 14:30:00+01:00,60.87563255884071,82.3
2026-01-09 14:45:00+01:00,60.19288318093287,84.79
2026-01-09 15:00:00+01:00,86.75411446122125,82.15
2026-01-09 15:15:00+01:00,72.11676224046519,84.91
2026-01-09 15:30:00+01:00,62.62125815935187,84.59
2026-01-09 15:45:00+01:00,90.2845508172316,89.33
2026-01-09 16:00:00+01:00,67.3966150348812,82.39
2026-01-09 16:15:00+01:00,96.40398679179594,86.87
2026-01-09 16:30:00+01:00,86.71056903801453,91.04
2026-01-09 16:45:00+01:00,94.30356086592624,89.99
2026-01-09 17:00:00+01:00,99.86862632788586,92.78
2026-01-09 17:15:00+01:00,108.08779345506828,92.77
2026-01-09 17:30:00+01:00,79.61035909555244,91.07
2026-01-09 17:45:00+01:00,84.95283337593983,93.46
2026-01-09 18:00:00+01:00,95.83338880726495,89.98
2026-01-09 18:15:00+01:00,81.77325585737584,93.62
2026-01-09 18:30:00+01:00,78.03238938187084,93.87
2026-01-09 18:45:00+01:00,28.400615432370685,89.18
2026-01-09 19:00:00+01:00,77.23086761370762,89.94
2026-01-09 19:15:00+01:00,52.83969341111905,86.95
2026-01-09 19:30:00+01:00,65.5470879740997,85.66
2026-01-09 19:45:00+01:00,70.81956693647948,86.57
2026-01-09 20:00:00+01:00,73.43734732218044,83.55
2026-01-09 20:15:00+01:00,79.30729426613958,82.79
2026-01-09 20:30:00+01:00,63.921621399465465,82.15
2026-01-09 20:45:00+01:00,72.10336793605704,82.72
2026-01-09 21:00:00+01:00,87.91528036426897,84.21
2026-01-09 21:15:00+01:00,77.42041309324826,82.14
2026-01-09 21:30:00+01:00,68.98739483538166,79.48
2026-01-09 21:45:00+01:00,57.87037532762412,75.61
2026-01-09 22:00:00+01:00,65.66989769985412,84.33
2026-01-09 22:15:00+01:00,61.40711302069798,80.73
2026-01-09 22:30:00+01:00,55.10499087828459,80.06
2026-01-09 22:45:00+01:00,52.816362083906064,76.28
2026-01-09 23:00:00+01:00,52.093647216686946,77.71
2026-01-09 23:15:00+01:00,55.127036644324576,73.45
2026-01-09 23:30:00+01:00,41.27618578156755,74.09
2026-01-09 23:45:00+01:00,24.097447958783498,72.79
2026-01-10 00:00:00+01:00,82.52058902038559,78.94
2026-01-10 00:15:00+01:00,76.46450013238072,73.53
2026-01-10 00:30:00+01:00,73.7810197603436,70.08
2026-01-10 00:45:00+01:00,68.3033606876641,68.61
2026-01-10 01:00:00+01:00,70.4957677831983,71.44
2026-01-10 01:15:00+01:00,69.92898681292198,70.55
2026-01-10 01:30:00+01:00,72.74285721589257,69.4
2026-01-10 01:45:00+01:00,73.32675143866211,67.71
2026-01-10 02:00:00+01:00,75.49937728758593,67.69
2026-01-10 02:15:00+01:00,72.20229326311723,66.11
2026-01-10 02:30:00+01:00,72.11525278871221,65.63
2026-01-10 02:45:00+01:00,69.30960356222957,65.52
2026-01-10 03:00:00+01:00,72.46411815484221,67.12
2026-01-10 03:15:00+01:00,70.07386609371703,66.38
2026-01-10 03:30:00+01:00,71.46225378218396,66.94
2026-01-10 03:45:00+01:00,69.1977878065612,65.7
2026-01-10 04:00:00+01:00,69.39171871892185,66.72
2026-01-10 04:15:00+01:00,70.51791512056053,66.41
2026-01-10 04:30:00+01:00,70.08324954752173,65.99
2026-01-10 04:45:00+01:00,70.23283648172816,66.93
2026-01-10 05:00:00+01:00,71.85028133271314,66.27
2026-01-10 05:15:00+01:00,69.88785575289339,67.29
2026-01-10 05:30:00+01:00,72.16415124452517,69.47
2026-01-10 05:45:00+01:00,67.17950570954648,70.81
2026-01-10 06:00:00+01:00,67.20005851206068,66.4
2026-01-10 06:15:00+01:00,64.38682991578293,68.6
2026-01-10 06:30:00+01:00,65.3048794638532,71.4
2026-01-10 06:45:00+01:00,83.49404601228387,73.44
2026-01-10 07:00:00+01:00,70.8713440627191,70.19
2026-01-10 07:15:00+01:00,82.14459512570771,75.61
2026-01-10 07:30:00+01:00,77.95912530318117,79.04
2026-01-10 07:45:00+01:00,86.85707853019395,81.82
2026-01-10 08:00:00+01:00,77.34038651662591,79.96
2026-01-10 08:15:00+01:00,76.54962852800065,81.42
2026-01-10 08:30:00+01:00,81.84603554524057,87.58
2026-01-10 08:45:00+01:00,84.87734225231799,91.15
2026-01-10 09:00:00+01:00,80.32015437662085,90.41
2026-01-10 09:15:00+01:00,85.59324102070732,93.37
2026-01-10 09:30:00+01:00,99.19632602221138,93.41
2026-01-10 09:45:00+01:00,86.9591230461381,92.26
2026-01-10 10:00:00+01:00,89.71790350589264,91.85
2026-01-10 10:15:00+01:00,96.41106491624832,94.72
2026-01-10 10:30:00+01:00,81.20434467081756,100.78
2026-01-10 10:45:00+01:00,84.65736489402978,103.03
2026-01-10 11:00:00+01:00,78.9050688175059,94.82
2026-01-10 11:15:00+01:00,98.0552028450313,101.79
2026-01-10 11:30:00+01:00,102.55033212032892,103.59
2026-01-10 11:45:00+01:00,97.62245002624208,106.03
2026-01-10 12:00:00+01:00,100.86198500448046,100.48
2026-01-10 12:15:00+01:00,95.15596121478052,103.43
2026-01-10 12:30:00+01:00,93.83315370886706,100.2
2026-01-10 12:45:00+01:00,85.04255100545625,102.17
2026-01-10 13:00:00+01:00,96.48523599132132,101.42
2026-01-10 13:15:00+01:00,93.94850773510412,103.07
2026-01-10 13:30:00+01:00,86.05612141194847,104.4
2026-01-10 13:45:00+01:00,87.05700522614352,110.41
2026-01-10 14:00:00+01:00,82.73992615778047,107.85
2026-01-10 14:15:00+01:00,106.53328118673149,107.65
2026-01-10 14:30:00+01:00,95.88654375511166,114.71
2026-01-10 14:45:00+01:00,100.01060710530068,115.56
2026-01-10 15:00:00+01:00,96.1924732897292,109.89
2026-01-10 15:15:00+01:00,100.72703329088364,115.21
2026-01-10 15:30:00+01:00,94.70563033543476,116.88
2026-01-10 15:45:00+01:00,114.47329486835012,128.89
2026-01-10 16:00:00+01:00,96.01233033877136,120.75
2026-01-10 16:15:00+01:00,95.32205664409511,124.95
2026-01-10 16:30:00+01:00,112.9313334752414,123.59
2026-01-10 16:45:00+01:00,117.79620207793867,142.74
2026-01-10 17:00:00+01:00,109.58324188030514,133.99
2026-01-10 17:15:00+01:00,116.37419697455384,139.07
2026-01-10 17:30:00+01:00,117.64063601695294,142.08
2026-01-10 17:45:00+01:00,123.68186178705488,142.97
2026-01-10 18:00:00+01:00,123.58545272047554,143.57
2026-01-10 18:15:00+01:00,117.55467399474232,137.99
2026-01-10 18:30:00+01:00,113.89157366235878,136.56
2026-01-10 18:45:00+01:00,114.96778144015494,129.52
2026-01-10 19:00:00+01:00,114.79158936088989,134.87
2026-01-10 19:15:00+01:00,116.9984854977025,129.52
2026-01-10 19:30:00+01:00,106.60554953678972,125.36
2026-01-10 19:45:00+01:00,102.98331451768269,123.47
2026-01-10 20:00:00+01:00,110.8697533420339,129.05
2026-01-10 20:15:00+01:00,108.52987890648768,120.72
2026-01-10 20:30:00+01:00,100.34154570057132,118.96
2026-01-10 20:45:00+01:00,93.9210881341128,113.23
2026-01-10 21:00:00+01:00,103.38948120525858,118.49
2026-01-10 21:15:00+01:00,101.91768435570728,114.44
2026-01-10 21:30:00+01:00,95.52952189399568,114.39
2026-01-10 21:45:00+01:00,90.32884068553112,105.52
2026-01-10 22:00:00+01:00,104.31321489670736,114.46
2026-01-10 22:15:00+01:00,93.2241381545455,113.81
2026-01-10 22:30:00+01:00,88.91234665953534,103.33
2026-01-10 22:45:00+01:00,91.01756712759038,99.12
2026-01-10 23:00:00+01:00,97.47146768554902,101.76
2026-01-10 23:15:00+01:00,87.94154725857138,97.5
2026-01-10 23:30:00+01:00,84.87272757351197,97.75
2026-01-10 23:45:00+01:00,79.56912036827417,95.78
2026-01-11 00:00:00+01:00,102.81600896781222,108.2
2026-01-11 00:15:00+01:00,99.3835789434103,97.72
2026-01-11 00:30:00+01:00,98.23350351236752,93.7
2026-01-11 00:45:00+01:00,92.87577615847762,87.99
2026-01-11 01:00:00+01:00,101.54098727023444,98.99
2026-01-11 01:15:00+01:00,95.58881507342284,92.55
2026-01-11 01:30:00+01:00,96.60999863401608,90.91
2026-01-11 01:45:00+01:00,94.83085986775848,88.54
2026-01-11 02:00:00+01:00,96.22586345411976,91.99
2026-01-11 02:15:00+01:00,94.30885956967072,89.09
2026-01-11 02:30:00+01:00,93.36710700696526,86.2
2026-01-11 02:45:00+01:00,95.11932374107462,84.86
2026-01-11 03:00:00+01:00,94.52636761502193,84.18
2026-01-11 03:15:00+01:00,93.26572549278906,84.52
2026-01-11 03:30:00+01:00,93.88017097472364,84.56
2026-01-11 03:45:00+01:00,95.81835171488936,86.18
2026-01-11 04:00:00+01:00,93.38362731554822,85.04
2026-01-11 04:15:00+01:00,94.0701237069769,83.03
2026-01-11 04:30:00+01:00,96.11173903198704,81.42
2026-01-11 04:45:00+01:00,95.87671935679232,81.23
2026-01-11 05:00:00+01:00,92.29387628566936,81.64
2026-01-11 05:15:00+01:00,95.93703828584714,81.64
2026-01-11 05:30:00+01:00,96.30540125421976,82.2
2026-01-11 05:45:00+01:00,97.30396658794442,83.56
2026-01-11 06:00:00+01:00,93.4608942312718,80.93
2026-01-11 06:15:00+01:00,96.9226934086001,81.64
2026-01-11 06:30:00+01:00,100.02666831083336,81.64
2026-01-11 06:45:00+01:00,111.74952037268174,82.2
2026-01-11 07:00:00+01:00,104.34559721446789,81.13
2026-01-11 07:15:00+01:00,120.03985862190116,82.46
2026-01-11 07:30:00+01:00,114.95276260047387,85.68
2026-01-11 07:45:00+01:00,124.26045419181658,87.77
2026-01-11 08:00:00+01:00,126.17868736897398,87.02
2026-01-11 08:15:00+01:00,128.89214324822223,89.97
2026-01-11 08:30:00+01:00,126.58279286244355,92.84
2026-01-11 08:45:00+01:00,119.59541207054704,98.41
2026-01-11 09:00:00+01:00,132.55476797496735,103.91
2026-01-11 09:15:00+01:00,127.16632225974612,103.39
2026-01-11 09:30:00+01:00,118.30968776504102,103.19
2026-01-11 09:45:00+01:00,104.38940655597705,101.92
2026-01-11 10:00:00+01:00,126.24957918555558,103.93
2026-01-11 10:15:00+01:00,112.43327500439406,101.68
2026-01-11 10:30:00+01:00,96.65083277494958,100.48
2026-01-11 10:45:00+01:00,94.50443663149882,96.64
2026-01-11 11:00:00+01:00,103.439966072113,102.68
2026-01-11 11:15:00+01:00,102.5201101220355,100.64
2026-01-11 11:30:00+01:00,100.68651838640656,99.97
2026-01-11 11:45:00+01:00,102.5547033616208,96.38
2026-01-11 12:00:00+01:00,99.15873951574764,99.71
2026-01-11 12:15:00+01:00,96.05296785745055,97.97
2026-01-11 12:30:00+01:00,112.34982007135945,98.33
2026-01-11 12:45:00+01:00,102.56102958233268,92.34
2026-01-11 13:00:00+01:00,105.92039495547658,98.66
2026-01-11 13:15:00+01:00,103.73082935593024,93.73
2026-01-11 13:30:00+01:00,104.01440421542064,96.36
2026-01-11 13:45:00+01:00,103.48427955237462,97.32
2026-01-11 14:00:00+01:00,96.05065455335269,96.3
2026-01-11 14:15:00+01:00,107.36975973218158,98.31
2026-01-11 14:30:00+01:00,127.45177724669492,100.9
2026-01-11 14:45:00+01:00,119.67829358353372,100.0
2026-01-11 15:00:00+01:00,113.5948240252303,90.21
2026-01-11 15:15:00+01:00,112.54868916810985,99.0
2026-01-11 15:30:00+01:00,123.9794393376334,107.23
2026-01-11 15:45:00+01:00,130.82209707997504,108.66
2026-01-11 16:00:00+01:00,117.24072254844384,102.72
2026-01-11 16:15:00+01:00,131.23193823944538,110.56
2026-01-11 16:30:00+01:00,129.71950529399095,113.1
2026-01-11 16:45:00+01:00,137.1077497649845,120.64
2026-01-11 17:00:00+01:00,137.80160873198378,114.29
2026-01-11 17:15:00+01:00,138.8058461370854,117.86
2026-01-11 17:30:00+01:00,131.03697815281313,117.52
2026-01-11 17:45:00+01:00,128.95462651802177,115.33
2026-01-11 18:00:00+01:00,134.76244324792276,118.28
2026-01-11 18:15:00+01:00,126.072161406168,115.19
2026-01-11 18:30:00+01:00,120.74024796441525,109.17
2026-01-11 18:45:00+01:00,111.38406750483448,106.35
2026-01-11 19:00:00+01:00,123.10299098454873,107.54
2026-01-11 19:15:00+01:00,111.22499204769332,107.43
2026-01-11 19:30:00+01:00,105.11364573349464,106.22
2026-01-11 19:45:00+01:00,98.2130655390937,103.64
2026-01-11 20:00:00+01:00,107.0838889909646,104.1
2026-01-11 20:15:00+01:00,107.60905238125112,97.82
2026-01-11 20:30:00+01:00,93.07242022420937,93.97
2026-01-11 20:45:00+01:00,87.58696841555712,88.27
2026-01-11 21:00:00+01:00,98.8708751300364,100.9
2026-01-11 21:15:00+01:00,92.69244500346396,94.54
2026-01-11 21:30:00+01:00,87.63530087872306,94.17
2026-01-11 21:45:00+01:00,82.75882191339164,90.41
2026-01-11 22:00:00+01:00,94.44462824821088,97.1
2026-01-11 22:15:00+01:00,86.35129246914386,93.15
2026-01-11 22:30:00+01:00,80.58747366930827,92.54
2026-01-11 22:45:00+01:00,81.62050820839855,89.29
2026-01-11 23:00:00+01:00,92.06137734698952,90.38
2026-01-11 23:15:00+01:00,82.70936036321936,85.94
2026-01-11 23:30:00+01:00,78.38135787471805,83.66
2026-01-11 23:45:00+01:00,73.22236189430971,80.94
2026-01-12 00:00:00+01:00,90.2408661016362,80.72
2026-01-12 00:15:00+01:00,87.12741364694173,80.99
2026-01-12 00:30:00+01:00,81.001388457036,82.37
2026-01-12 00:45:00+01:00,77.33997608297929,80.95
2026-01-12 01:00:00+01:00,83.48543672433048,82.46
2026-01-12 01:15:00+01:00,80.40062384804291,81.86
2026-01-12 01:30:00+01:00,76.80409371810799,80.94
2026-01-12 01:45:00+01:00,73.06501342617956,79.51
2026-01-12 02:00:00+01:00,76.10285234243929,80.14
2026-01-12 02:15:00+01:00,74.44600776452653,79.61
2026-01-12 02:30:00+01:00,75.12299646295176,79.33
2026-01-12 02:45:00+01:00,72.62297868360045,77.09
2026-01-12 03:00:00+01:00,75.02363544207994,77.86
2026-01-12 03:15:00+01:00,73.06069038890728,77.25
2026-01-12 03:30:00+01:00,72.06463335201573,77.55
2026-01-12 03:45:00+01:00,66.33192732386053,76.58
2026-01-12 04:00:00+01:00,70.1713528190721,75.3
2026-01-12 04:15:00+01:00,69.92560888928652,76.23
2026-01-12 04:30:00+01:00,67.87073688038865,76.95
2026-01-12 04:45:00+01:00,60.73177238056,77.86
2026-01-12 05:00:00+01:00,69.06056768342806,75.3
2026-01-12 05:15:00+01:00,68.3621256156417,75.71
2026-01-12 05:30:00+01:00,73.68380200093816,82.2
2026-01-12 05:45:00+01:00,74.54705402967333,87.44
2026-01-12 06:00:00+01:00,78.12647474968068,78.6
2026-01-12 06:15:00+01:00,87.30228544996159,90.17
2026-01-12 06:30:00+01:00,87.25717293156018,86.63
2026-01-12 06:45:00+01:00,93.26491078981522,92.29
2026-01-12 07:00:00+01:00,91.69132010473108,89.46
2026-01-12 07:15:00+01:00,91.24634030639488,95.8
2026-01-12 07:30:00+01:00,106.46310794199714,102.73
2026-01-12 07:45:00+01:00,113.29289993600136,103.5
2026-01-12 08:00:00+01:00,118.65048519555944,109.49
2026-01-12 08:15:00+01:00,119.33521592812552,117.08
2026-01-12 08:30:00+01:00,128.54408209831007,126.9
2026-01-12 08:45:00+01:00,122.81728838829996,109.0
2026-01-12 09:00:00+01:00,124.3281984490248,126.93
2026-01-12 09:15:00+01:00,130.0094720925796,137.58
2026-01-12 09:30:00+01:00,128.60353442268007,133.99
2026-01-12 09:45:00+01:00,115.51317969549048,120.89
2026-01-12 10:00:00+01:00,130.1501807376726,125.07
2026-01-12 10:15:00+01:00,105.05311959808677,115.27
2026-01-12 10:30:00+01:00,96.20620093223664,129.96
2026-01-12 10:45:00+01:00,94.35229184813927,127.29
2026-01-12 11:00:00+01:00,100.03303407786518,124.01
2026-01-12 11:15:00+01:00,87.86676244743798,136.0
2026-01-12 11:30:00+01:00,88.81534256190234,140.09
2026-01-12 11:45:00+01:00,89.03365994296094,119.37
2026-01-12 12:00:00+01:00,87.37946134470688,111.23
2026-01-12 12:15:00+01:00,85.50407919031741,134.28
2026-01-12 12:30:00+01:00,88.75938845798845,136.0
2026-01-12 12:45:00+01:00,89.56191743786111,138.34
2026-01-12 13:00:00+01:00,87.02443509331087,136.34
2026-01-12 13:15:00+01:00,88.11338171065739,138.71
2026-01-12 13:30:00+01:00,89.69543899536255,135.99
2026-01-12 13:45:00+01:00,93.46916560597796,120.0
2026-01-12 14:00:00+01:00,85.91034840055461,119.08
2026-01-12 14:15:00+01:00,115.60836984901846,127.98
2026-01-12 14:30:00+01:00,128.5593752289916,132.09
2026-01-12 14:45:00+01:00,128.1453468849453,134.33
2026-01-12 15:00:00+01:00,114.14671093149607,135.99
2026-01-12 15:15:00+01:00,125.9950300224436,135.98
2026-01-12 15:30:00+01:00,131.57354391844632,126.92
2026-01-12 15:45:00+01:00,139.61782154908474,127.96
2026-01-12 16:00:00+01:00,118.00659443540616,108.53
2026-01-12 16:15:00+01:00,113.24140259164729,129.9
2026-01-12 16:30:00+01:00,129.85449419434826,121.52
2026-01-12 16:45:00+01:00,136.24682745248117,118.37
2026-01-12 17:00:00+01:00,119.67801117155058,123.0
2026-01-12 17:15:00+01:00,126.44532255861552,120.56
2026-01-12 17:30:00+01:00,125.13007614871158,117.01
2026-01-12 17:45:00+01:00,123.6445725056413,117.83
2026-01-12 18:00:00+01:00,126.86685908609836,124.81
2026-01-12 18:15:00+01:00,122.70704441298308,117.0
2026-01-12 18:30:00+01:00,121.42551754300808,107.19
2026-01-12 18:45:00+01:00,123.4205710631477,117.0
2026-01-12 19:00:00+01:00,123.38227256876054,105.0
2026-01-12 19:15:00+01:00,119.94047927258298,104.15
2026-01-12 19:30:00+01:00,115.82994508202852,102.54
2026-01-12 19:45:00+01:00,112.11423409244313,97.66
2026-01-12 20:00:00+01:00,117.34217313863176,102.72
2026-01-12 20:15:00+01:00,110.4944006021193,94.64
2026-01-12 20:30:00+01:00,102.26882950518277,90.1
2026-01-12 20:45:00+01:00,95.77308934372566,86.46
2026-01-12 21:00:00+01:00,106.57910985374076,96.09
2026-01-12 21:15:00+01:00,101.10471741732226,91.02
2026-01-12 21:30:00+01:00,95.70784575061737,87.81
2026-01-12 21:45:00+01:00,88.25293473159509,92.26
2026-01-12 22:00:00+01:00,103.14383803741254,95.35
2026-01-12 22:15:00+01:00,96.6007191889806,92.44
2026-01-12 22:30:00+01:00,94.09821680135757,90.19
2026-01-12 22:45:00+01:00,87.54669660867256,90.68
2026-01-12 23:00:00+01:00,94.359917084657,90.45
2026-01-12 23:15:00+01:00,88.13918509162842,86.99
2026-01-12 23:30:00+01:00,83.52090666086926,85.0
2026-01-12 23:45:00+01:00,76.90551598733816,81.75
2026-01-13 00:00:00+01:00,91.31955862488768,87.46
2026-01-13 00:15:00+01:00,87.61581092314371,85.0
2026-01-13 00:30:00+01:00,83.28056522621901,83.1
2026-01-13 00:45:00+01:00,79.94133374899442,81.66
2026-01-13 01:00:00+01:00,85.0208062273386,84.96
2026-01-13 01:15:00+01:00,82.71700210264335,83.07
2026-01-13 01:30:00+01:00,81.9825951520458,82.22
2026-01-13 01:45:00+01:00,81.41247838764016,80.51
2026-01-13 02:00:00+01:00,82.7650550536049,83.51
2026-01-13 02:15:00+01:00,81.49912704809861,82.26
2026-01-13 02:30:00+01:00,80.68280195372479,82.36
2026-01-13 02:45:00+01:00,80.87807496159982,82.61
2026-01-13 03:00:00+01:00,81.34514735544701,83.45
2026-01-13 03:15:00+01:00,80.46150810960367,83.88
2026-01-13 03:30:00+01:00,81.03274488047404,84.57
2026-01-13 03:45:00+01:00,81.6790201649921,84.56
2026-01-13 04:00:00+01:00,79.70404103730085,84.6
2026-01-13 04:15:00+01:00,81.7387007472739,85.23
2026-01-13 04:30:00+01:00,83.07855129821478,85.87
2026-01-13 04:45:00+01:00,85.44107214486836,91.29
2026-01-13 05:00:00+01:00,82.01167510433572,84.95
2026-01-13 05:15:00+01:00,84.97706031859934,86.46
2026-01-13 05:30:00+01:00,92.78904886641072,90.0
2026-01-13 05:45:00+01:00,102.12570665941452,93.49
2026-01-13 06:00:00+01:00,92.22619883851172,86.5
2026-01-13 06:15:00+01:00,98.64808398537004,96.01
2026-01-13 06:30:00+01:00,111.00279336529432,98.47
2026-01-13 06:45:00+01:00,131.61520386449752,109.23
2026-01-13 07:00:00+01:00,117.88586872440186,95.13
2026-01-13 07:15:00+01:00,133.14162911187918,120.69
2026-01-13 07:30:00+01:00,143.65162043770547,122.05
2026-01-13 07:45:00+01:00,150.06475193208908,126.25
2026-01-13 08:00:00+01:00,146.8311698129237,122.05
2026-01-13 08:15:00+01:00,140.53811390477705,128.2
2026-01-13 08:30:00+01:00,138.95526720351282,138.95
2026-01-13 08:45:00+01:00,143.20260343743487,130.02
2026-01-13 09:00:00+01:00,152.8984979451443,141.13
2026-01-13 09:15:00+01:00,157.46424865395832,134.0
2026-01-13 09:30:00+01:00,139.71267500577375,129.93
2026-01-13 09:45:00+01:00,160.28070997214056,125.01
2026-01-13 10:00:00+01:00,141.54633948754406,153.99
2026-01-13 10:15:00+01:00,148.2011494358149,147.13
2026-01-13 10:30:00+01:00,160.299888931785,137.68
2026-01-13 10:45:00+01:00,160.75981453409906,129.99
2026-01-13 11:00:00+01:00,151.95949054389672,125.0
2026-01-13 11:15:00+01:00,156.47089831133394,126.23
2026-01-13 11:30:00+01:00,155.94952604726117,125.0
2026-01-13 11:45:00+01:00,159.7192721517937,119.18
2026-01-13 12:00:00+01:00,153.25483640997996,122.07
2026-01-13 12:15:00+01:00,145.4127236142142,117.59
2026-01-13 12:30:00+01:00,154.2945369026712,115.98
2026-01-13 12:45:00+01:00,152.07124414267736,115.06
2026-01-13 13:00:00+01:00,156.31774736553552,117.43
2026-01-13 13:15:00+01:00,151.46832172959827,114.77
2026-01-13 13:30:00+01:00,158.84777617602447,111.33
2026-01-13 13:45:00+01:00,182.34910621197773,108.38
2026-01-13 14:00:00+01:00,171.01350875290706,119.24
2026-01-13 14:15:00+01:00,176.7597257907509,120.02
2026-01-13 14:30:00+01:00,161.71894753081895,122.29
2026-01-13 14:45:00+01:00,184.01828485513647,127.31
2026-01-13 15:00:00+01:00,155.7759701975243,112.98
2026-01-13 15:15:00+01:00,161.94068715589492,125.0
2026-01-13 15:30:00+01:00,167.3005602715588,122.0
2026-01-13 15:45:00+01:00,170.69938785622216,122.08
2026-01-13 16:00:00+01:00,168.21413462047974,113.87
2026-01-13 16:15:00+01:00,183.01617600987504,122.05
2026-01-13 16:30:00+01:00,168.01248516628488,122.04
2026-01-13 16:45:00+01:00,189.8787085467117,130.64
2026-01-13 17:00:00+01:00,180.10428129725267,122.05
2026-01-13 17:15:00+01:00,178.36648505954054,123.22
2026-01-13 17:30:00+01:00,173.76296568426068,122.04
2026-01-13 17:45:00+01:00,174.03923619725057,122.01
2026-01-13 18:00:00+01:00,167.4180097646269,120.31
2026-01-13 18:15:00+01:00,153.4442016547629,115.53
2026-01-13 18:30:00+01:00,156.2617466119654,110.41
2026-01-13 18:45:00+01:00,156.0818528065194,107.16
2026-01-13 19:00:00+01:00,155.19227054206584,113.21
2026-01-13 19:15:00+01:00,144.56424762750578,102.16
2026-01-13 19:30:00+01:00,140.95461796550012,92.15
2026-01-13 19:45:00+01:00,137.13813102522772,87.42
2026-01-13 20:00:00+01:00,136.95181617003595,100.85
2026-01-13 20:15:00+01:00,128.65204834635597,89.03
2026-01-13 20:30:00+01:00,116.41226768736831,87.82
2026-01-13 20:45:00+01:00,107.78821880699692,86.1
2026-01-13 21:00:00+01:00,126.62448641103036,96.72
2026-01-13 21:15:00+01:00,111.95461062661326,96.89
2026-01-13 21:30:00+01:00,96.29476706084084,90.11
2026-01-13 21:45:00+01:00,86.21347755370667,85.11
2026-01-13 22:00:00+01:00,102.5406646693758,92.43
2026-01-13 22:15:00+01:00,96.05608138107412,89.5
2026-01-13 22:30:00+01:00,94.70183451429077,91.25
2026-01-13 22:45:00+01:00,87.92432586502736,86.82
2026-01-13 23:00:00+01:00,96.1625528255816,92.94
2026-01-13 23:15:00+01:00,85.70235184866445,83.83
2026-01-13 23:30:00+01:00,82.13132380545349,79.91
2026-01-13 23:45:00+01:00,83.82601649973196,74.01
2026-01-14 00:00:00+01:00,85.91359261777863,89.4
2026-01-14 00:15:00+01:00,81.24496350449574,87.32
2026-01-14 00:30:00+01:00,77.28120667282548,82.96
2026-01-14 00:45:00+01:00,74.08923697898683,82.57
2026-01-14 01:00:00+01:00,80.13100138428935,84.93
2026-01-14 01:15:00+01:00,76.65333413875881,83.92
2026-01-14 01:30:00+01:00,75.78401059433996,84.53
2026-01-14 01:45:00+01:00,74.16637316462987,83.8
2026-01-14 02:00:00+01:00,77.04045367775991,86.48
2026-01-14 02:15:00+01:00,75.77608201153227,85.85
2026-01-14 02:30:00+01:00,74.3528239298332,85.9
2026-01-14 02:45:00+01:00,73.58180826202012,85.28
2026-01-14 03:00:00+01:00,72.83190018135147,86.01
2026-01-14 03:15:00+01:00,73.05214966125884,86.29
2026-01-14 03:30:00+01:00,74.06003760249936,86.15
2026-01-14 03:45:00+01:00,74.23863766853307,86.2
2026-01-14 04:00:00+01:00,72.77641338788834,85.47
2026-01-14 04:15:00+01:00,73.2871183049746,86.5
2026-01-14 04:30:00+01:00,75.80684306381748,88.24
2026-01-14 04:45:00+01:00,79.29449478432288,90.37
2026-01-14 05:00:00+01:00,73.0048095926267,89.67
2026-01-14 05:15:00+01:00,76.73127602991991,89.77
2026-01-14 05:30:00+01:00,82.98003903627175,89.62
2026-01-14 05:45:00+01:00,90.15946229166153,90.38
2026-01-14 06:00:00+01:00,80.19162234249762,87.64
2026-01-14 06:15:00+01:00,88.99025039591386,93.93
2026-01-14 06:30:00+01:00,89.45609762275839,97.23
2026-01-14 06:45:00+01:00,112.0219992748004,101.78
2026-01-14 07:00:00+01:00,95.6080337230133,95.59
2026-01-14 07:15:00+01:00,104.59223178341097,100.05
2026-01-14 07:30:00+01:00,114.32592217279604,104.6
2026-01-14 07:45:00+01:00,122.16736771914368,120.32
2026-01-14 08:00:00+01:00,121.48123520231891,121.72
2026-01-14 08:15:00+01:00,115.56257241842629,130.94
2026-01-14 08:30:00+01:00,105.6858582038558,131.71
2026-01-14 08:45:00+01:00,117.30775818630494,131.46
2026-01-14 09:00:00+01:00,131.71162149349496,143.02
2026-01-14 09:15:00+01:00,126.77866373278502,137.45
2026-01-14 09:30:00+01:00,112.93506933214994,128.26
2026-01-14 09:45:00+01:00,137.92489259432153,119.4
2026-01-14 10:00:00+01:00,112.85746261633116,125.43
2026-01-14 10:15:00+01:00,129.6652927990342,117.41
2026-01-14 10:30:00+01:00,139.78587162935867,112.3
2026-01-14 10:45:00+01:00,146.3951470346518,110.67
2026-01-14 11:00:00+01:00,124.37448763471367,111.85
2026-01-14 11:15:00+01:00,140.15758521581367,109.05
2026-01-14 11:30:00+01:00,150.45512223471496,105.4
2026-01-14 11:45:00+01:00,157.82629193502743,103.83
2026-01-14 12:00:00+01:00,149.30660292488562,104.67
2026-01-14 12:15:00+01:00,154.5242342817387,102.86
2026-01-14 12:30:00+01:00,172.05989817231884,103.61
2026-01-14 12:45:00+01:00,164.41120001887106,102.76
2026-01-14 13:00:00+01:00,151.8796338023095,102.74
2026-01-14 13:15:00+01:00,151.6731189714177,101.9
2026-01-14 13:30:00+01:00,155.15657801512708,103.02
2026-01-14 13:45:00+01:00,157.63075696892736,106.74
2026-01-14 14:00:00+01:00,145.8859163383631,102.77
2026-01-14 14:15:00+01:00,157.64800759839562,110.01
2026-01-14 14:30:00+01:00,147.73709268173047,124.72
2026-01-14 14:45:00+01:00,157.2917916058522,135.37
2026-01-14 15:00:00+01:00,133.58441218713236,120.46
2026-01-14 15:15:00+01:00,158.61687995943782,131.0
2026-01-14 15:30:00+01:00,152.45671638260796,161.89
2026-01-14 15:45:00+01:00,164.55973953864867,165.17
2026-01-14 16:00:00+01:00,141.3947356421893,112.43
2026-01-14 16:15:00+01:00,168.13172497591347,132.52
2026-01-14 16:30:00+01:00,175.66699295099153,158.21
2026-01-14 16:45:00+01:00,205.0853657734176,208.27
2026-01-14 17:00:00+01:00,186.28679356021047,164.99
2026-01-14 17:15:00+01:00,196.95859945403032,203.99
2026-01-14 17:30:00+01:00,191.1868948772617,224.16
2026-01-14 17:45:00+01:00,191.7296769974767,206.95
2026-01-14 18:00:00+01:00,197.54698074389387,190.89
2026-01-14 18:15:00+01:00,176.43818750965755,181.04
2026-01-14 18:30:00+01:00,171.84235557076772,175.45
2026-01-14 18:45:00+01:00,173.43516823452595,182.04
2026-01-14 19:00:00+01:00,175.6524270083541,189.65
2026-01-14 19:15:00+01:00,177.31784144194768,161.35
2026-01-14 19:30:00+01:00,158.098106544491,147.38
2026-01-14 19:45:00+01:00,139.18765138137465,136.69
2026-01-14 20:00:00+01:00,156.3190702665845,152.32
2026-01-14 20:15:00+01:00,141.2994638792045,136.0
2026-01-14 20:30:00+01:00,127.75818235901716,129.16
2026-01-14 20:45:00+01:00,114.31541886340024,118.56
2026-01-14 21:00:00+01:00,133.65745745729075,139.99
2026-01-14 21:15:00+01:00,124.62322739547346,132.0
2026-01-14 21:30:00+01:00,111.35571593911006,112.38
2026-01-14 21:45:00+01:00,102.17277182805466,102.78
2026-01-14 22:00:00+01:00,117.261246422574,125.7
2026-01-14 22:15:00+01:00,110.99898972505694,129.22
2026-01-14 22:30:00+01:00,105.88988605830288,102.53
2026-01-14 22:45:00+01:00,98.7763085809804,98.0
2026-01-14 23:00:00+01:00,103.83891712457748,106.33
2026-01-14 23:15:00+01:00,95.9138382937326,98.2
2026-01-14 23:30:00+01:00,93.54948008681724,94.07
2026-01-14 23:45:00+01:00,96.95208808989658,89.75
2026-01-15 00:00:00+01:00,98.17699565915753,110.34
2026-01-15 00:15:00+01:00,94.16513091623244,103.51
2026-01-15 00:30:00+01:00,91.23490152512004,95.77
2026-01-15 00:45:00+01:00,88.423621528929,92.84
2026-01-15 01:00:00+01:00,92.12268469809864,98.48
2026-01-15 01:15:00+01:00,89.9091114529125,95.02
2026-01-15 01:30:00+01:00,88.7061234552999,92.65
2026-01-15 01:45:00+01:00,86.64783438459303,90.04
2026-01-15 02:00:00+01:00,88.23650413209914,94.23
2026-01-15 02:15:00+01:00,85.0542900727115,89.63
2026-01-15 02:30:00+01:00,86.33775768352872,87.0
2026-01-15 02:45:00+01:00,84.58448026463905,86.5
2026-01-15 03:00:00+01:00,86.48300683462672,86.56
2026-01-15 03:15:00+01:00,85.29339936670826,85.7
2026-01-15 03:30:00+01:00,84.38230039701264,84.5
2026-01-15 03:45:00+01:00,83.60899245659552,82.47
2026-01-15 04:00:00+01:00,83.00746903077702,82.52
2026-01-15 04:15:00+01:00,83.46450805838538,82.36
2026-01-15 04:30:00+01:00,83.53820304121976,82.77
2026-01-15 04:45:00+01:00,86.9227169562611,84.07
2026-01-15 05:00:00+01:00,83.71865284119716,84.0
2026-01-15 05:15:00+01:00,82.64215527006105,84.0
2026-01-15 05:30:00+01:00,91.4610409879405,86.51
2026-01-15 05:45:00+01:00,96.8750152467106,89.49
2026-01-15 06:00:00+01:00,86.19139988502337,93.61
2026-01-15 06:15:00+01:00,102.18247709889238,96.5
2026-01-15 06:30:00+01:00,112.36700824719549,97.97
2026-01-15 06:45:00+01:00,127.02307263036812,104.73
2026-01-15 07:00:00+01:00,115.62788814043296,100.71
2026-01-15 07:15:00+01:00,131.1512959687666,103.24
2026-01-15 07:30:00+01:00,139.3322163652996,105.79
2026-01-15 07:45:00+01:00,142.78234535772503,110.72
2026-01-15 08:00:00+01:00,148.92814497501422,105.0
2026-01-15 08:15:00+01:00,149.52362494723548,107.74
2026-01-15 08:30:00+01:00,147.35181097854678,105.0
2026-01-15 08:45:00+01:00,139.20184424823475,102.16
2026-01-15 09:00:00+01:00,150.8656568641393,106.77
2026-01-15 09:15:00+01:00,144.48671932334867,103.21
2026-01-15 09:30:00+01:00,130.04717410629138,99.68
2026-01-15 09:45:00+01:00,115.92551037169513,96.0
2026-01-15 10:00:00+01:00,132.24766894752548,107.29
2026-01-15 10:15:00+01:00,120.68154272381636,101.74
2026-01-15 10:30:00+01:00,120.43736085226068,97.51
2026-01-15 10:45:00+01:00,120.80269719153398,95.06
2026-01-15 11:00:00+01:00,121.63325910700864,101.67
2026-01-15 11:15:00+01:00,117.60903976045438,98.28
2026-01-15 11:30:00+01:00,112.59809584011734,96.51
2026-01-15 11:45:00+01:00,113.11309635243902,94.99
2026-01-15 12:00:00+01:00,107.89773776224864,96.51
2026-01-15 12:15:00+01:00,111.4971442957385,93.97
2026-01-15 12:30:00+01:00,111.58503572741309,94.15
2026-01-15 12:45:00+01:00,112.98927961540431,96.5
2026-01-15 13:00:00+01:00,115.69187677866093,98.44
2026-01-15 13:15:00+01:00,114.43012971354572,100.14
2026-01-15 13:30:00+01:00,103.33080315615116,101.68
2026-01-15 13:45:00+01:00,121.0905439173832,102.2
2026-01-15 14:00:00+01:00,116.56638552123091,101.4
2026-01-15 14:15:00+01:00,112.76113186882864,105.0
2026-01-15 14:30:00+01:00,137.28334916894426,104.19
2026-01-15 14:45:00+01:00,137.6888221856055,111.99
2026-01-15 15:00:00+01:00,131.4280428374898,103.21
2026-01-15 15:15:00+01:00,140.77099127952732,120.08
2026-01-15 15:30:00+01:00,143.89903821997643,127.09
2026-01-15 15:45:00+01:00,145.1849467735011,142.0
2026-01-15 16:00:00+01:00,137.6740026553312,124.09
2026-01-15 16:15:00+01:00,145.8005940283173,134.66
2026-01-15 16:30:00+01:00,143.89962299683913,138.34
2026-01-15 16:45:00+01:00,147.6987298689535,144.4
2026-01-15 17:00:00+01:00,136.5952869801667,151.18
2026-01-15 17:15:00+01:00,139.05545427647644,154.92
2026-01-15 17:30:00+01:00,139.55776360689066,143.88
2026-01-15 17:45:00+01:00,138.9954888386424,132.0
2026-01-15 18:00:00+01:00,137.4750073200732,133.49
2026-01-15 18:15:00+01:00,132.7565475242476,116.49
2026-01-15 18:30:00+01:00,126.37024973581684,117.52
2026-01-15 18:45:00+01:00,123.16175291101342,111.48
2026-01-15 19:00:00+01:00,127.97924182295064,112.21
2026-01-15 19:15:00+01:00,118.99546213989537,104.08
2026-01-15 19:30:00+01:00,109.15795063207422,103.3
2026-01-15 19:45:00+01:00,98.7441831276942,102.38
2026-01-15 20:00:00+01:00,114.46235836499994,101.1
2026-01-15 20:15:00+01:00,102.59712591194676,100.15
2026-01-15 20:30:00+01:00,91.60499470910143,97.87
2026-01-15 20:45:00+01:00,86.50663996217685,93.52
2026-01-15 21:00:00+01:00,104.07909020803532,93.36
2026-01-15 21:15:00+01:00,95.9469189920153,90.49
2026-01-15 21:30:00+01:00,86.09372473475604,90.08
2026-01-15 21:45:00+01:00,81.29981862662021,90.05
2026-01-15 22:00:00+01:00,95.1077738943721,94.12
2026-01-15 22:15:00+01:00,89.14827289771299,88.99
2026-01-15 22:30:00+01:00,89.16567445438663,87.74
2026-01-15 22:45:00+01:00,81.01475989528458,82.72
2026-01-15 23:00:00+01:00,89.0968244480715,90.0
2026-01-15 23:15:00+01:00,88.43799508761873,84.12
2026-01-15 23:30:00+01:00,81.10454508579241,81.9
2026-01-15 23:45:00+01:00,73.62948640720049,68.6
2026-01-16 00:00:00+01:00,83.56046706561953,89.62
2026-01-16 00:15:00+01:00,79.78514475177471,83.6
2026-01-16 00:30:00+01:00,75.56683822252728,76.33
2026-01-16 00:45:00+01:00,76.30851497827588,74.65
2026-01-16 01:00:00+01:00,79.66702787134692,78.99
2026-01-16 01:15:00+01:00,76.62300410374063,75.16
2026-01-16 01:30:00+01:00,75.14831710674035,74.2
2026-01-16 01:45:00+01:00,72.77293411283416,71.65
2026-01-16 02:00:00+01:00,77.34529029293643,72.88
2026-01-16 02:15:00+01:00,76.02115757548201,72.14
2026-01-16 02:30:00+01:00,74.92160421359675,69.1
2026-01-16 02:45:00+01:00,73.41480857916105,68.17
2026-01-16 03:00:00+01:00,73.34483037903362,67.46
2026-01-16 03:15:00+01:00,71.4092974204054,66.76
2026-01-16 03:30:00+01:00,71.88615209935357,67.11
2026-01-16 03:45:00+01:00,71.2397280611903,67.59
2026-01-16 04:00:00+01:00,72.21519301439895,68.91
2026-01-16 04:15:00+01:00,70.89793477133918,69.07
2026-01-16 04:30:00+01:00,74.5594441083167,71.5
2026-01-16 04:45:00+01:00,77.25797606463208,76.04
2026-01-16 05:00:00+01:00,72.52370023606915,75.54
2026-01-16 05:15:00+01:00,73.80346066410053,79.25
2026-01-16 05:30:00+01:00,76.37480894825174,83.48
2026-01-16 05:45:00+01:00,71.2135462835834,89.93
2026-01-16 06:00:00+01:00,76.85677769440464,82.21
2026-01-16 06:15:00+01:00,87.98067606706199,88.04
2026-01-16 06:30:00+01:00,89.74777559970742,93.48
2026-01-16 06:45:00+01:00,99.29275745603316,99.16
2026-01-16 07:00:00+01:00,89.4425211702476,94.39
2026-01-16 07:15:00+01:00,97.30665266150154,99.09
2026-01-16 07:30:00+01:00,107.6117658969736,96.5
2026-01-16 07:45:00+01:00,115.87109995867723,104.42
2026-01-16 08:00:00+01:00,121.22190094973298,103.25
2026-01-16 08:15:00+01:00,122.35091422721842,115.78
2026-01-16 08:30:00+01:00,120.26810865255229,113.0
2026-01-16 08:45:00+01:00,114.9852056952612,105.2
2026-01-16 09:00:00+01:00,124.12652054330276,119.03
2026-01-16 09:15:00+01:00,131.37113192567887,113.07
2026-01-16 09:30:00+01:00,119.60058366224388,104.78
2026-01-16 09:45:00+01:00,113.95517391146728,98.83
2026-01-16 10:00:00+01:00,123.53112613973056,108.82
2026-01-16 10:15:00+01:00,112.51424644733912,103.8
2026-01-16 10:30:00+01:00,111.49528129984678,99.61
2026-01-16 10:45:00+01:00,118.215203593672,99.88
2026-01-16 11:00:00+01:00,120.05327499112056,102.19
2026-01-16 11:15:00+01:00,113.86709066344564,98.99
2026-01-16 11:30:00+01:00,123.45076466503366,98.06
2026-01-16 11:45:00+01:00,142.8267348591994,99.91
2026-01-16 12:00:00+01:00,111.86391975935092,97.13
2026-01-16 12:15:00+01:00,127.58044138025107,98.42
2026-01-16 12:30:00+01:00,129.86048934617253,98.7
2026-01-16 12:45:00+01:00,169.04556068251202,102.54
2026-01-16 13:00:00+01:00,128.95405505342887,95.81
2026-01-16 13:15:00+01:00,144.10713914590826,98.35
2026-01-16 13:30:00+01:00,167.52303020719728,100.68
2026-01-16 13:45:00+01:00,159.0797309515212,102.41
2026-01-16 14:00:00+01:00,130.42140851795693,101.54
2026-01-16 14:15:00+01:00,138.39328982450422,110.31
2026-01-16 14:30:00+01:00,145.52230491525518,114.93
2026-01-16 14:45:00+01:00,147.76481373553136,126.02
2026-01-16 15:00:00+01:00,130.187106545988,116.08
2026-01-16 15:15:00+01:00,144.8043540785322,136.5
2026-01-16 15:30:00+01:00,154.85559254162146,146.98
2026-01-16 15:45:00+01:00,166.11488400922212,164.44
2026-01-16 16:00:00+01:00,143.76549136296262,129.99
2026-01-16 16:15:00+01:00,161.2963636191142,149.17
2026-01-16 16:30:00+01:00,174.4450851345413,161.59
2026-01-16 16:45:00+01:00,192.34087375252625,209.97
2026-01-16 17:00:00+01:00,186.07820399729093,160.46
2026-01-16 17:15:00+01:00,203.28596384071935,177.17
2026-01-16 17:30:00+01:00,200.20584601361452,180.9
2026-01-16 17:45:00+01:00,188.10811193905704,162.77
2026-01-16 18:00:00+01:00,185.58478989239308,168.02
2026-01-16 18:15:00+01:00,173.43607714667462,158.32
2026-01-16 18:30:00+01:00,172.02982931179457,163.1
2026-01-16 18:45:00+01:00,153.35315864517446,160.33
2026-01-16 19:00:00+01:00,186.8778276679991,165.06
2026-01-16 19:15:00+01:00,157.60361916555797,154.4
2026-01-16 19:30:00+01:00,138.11954603337216,149.94
2026-01-16 19:45:00+01:00,122.29947048312236,147.32
2026-01-16 20:00:00+01:00,146.17003872465608,142.6
2026-01-16 20:15:00+01:00,130.4626483940637,141.0
2026-01-16 20:30:00+01:00,118.91561161695492,135.35
2026-01-16 20:45:00+01:00,113.33656898840526,117.05
2026-01-16 21:00:00+01:00,124.79934558998636,124.97
2026-01-16 21:15:00+01:00,118.22720999703574,124.56
2026-01-16 21:30:00+01:00,106.17103245501104,115.62
2026-01-16 21:45:00+01:00,96.10203933795,105.3
2026-01-16 22:00:00+01:00,115.68394781457172,125.76
2026-01-16 22:15:00+01:00,110.639559364772,116.83
2026-01-16 22:30:00+01:00,100.77254735200312,117.0
2026-01-16 22:45:00+01:00,95.286451479696,111.23
2026-01-16 23:00:00+01:00,103.11123083660824,119.66
2026-01-16 23:15:00+01:00,95.82511995545016,104.32
2026-01-16 23:30:00+01:00,92.26792127088956,98.09
2026-01-16 23:45:00+01:00,90.95196318138854,94.61
2026-01-17 00:00:00+01:00,104.88897115574956,117.99
2026-01-17 00:15:00+01:00,100.37238236416376,109.01
2026-01-17 00:30:00+01:00,96.00373736313442,98.0
2026-01-17 00:45:00+01:00,91.77137453091656,93.64
2026-01-17 01:00:00+01:00,100.89746555536978,107.96
2026-01-17 01:15:00+01:00,95.32844475735658,102.58
2026-01-17 01:30:00+01:00,92.70642478579188,98.62
2026-01-17 01:45:00+01:00,89.84307775504072,95.99
2026-01-17 02:00:00+01:00,92.9406074427822,102.23
2026-01-17 02:15:00+01:00,89.61000913051842,100.03
2026-01-17 02:30:00+01:00,88.46449646463115,96.46
2026-01-17 02:45:00+01:00,86.8811835280786,94.22
2026-01-17 03:00:00+01:00,89.69296540511343,95.34
2026-01-17 03:15:00+01:00,88.15754366044031,98.38
2026-01-17 03:30:00+01:00,87.13096380333799,95.24
2026-01-17 03:45:00+01:00,86.58474446632954,95.59
2026-01-17 04:00:00+01:00,86.97889265403148,95.3
2026-01-17 04:15:00+01:00,87.52906455509257,95.01
2026-01-17 04:30:00+01:00,86.25845139542048,95.07
2026-01-17 04:45:00+01:00,87.50058181149534,95.37
2026-01-17 05:00:00+01:00,86.14586579199491,95.3
2026-01-17 05:15:00+01:00,85.52049736074524,94.31
2026-01-17 05:30:00+01:00,89.40875380221004,95.94
2026-01-17 05:45:00+01:00,92.47108012090442,95.42
2026-01-17 06:00:00+01:00,88.16600647697082,97.87
2026-01-17 06:15:00+01:00,92.16672632670328,92.11
2026-01-17 06:30:00+01:00,96.25883625378802,96.47
2026-01-17 06:45:00+01:00,99.3172589684008,96.96
2026-01-17 07:00:00+01:00,98.54888929402462,94.18
2026-01-17 07:15:00+01:00,103.73536015372486,97.76
2026-01-17 07:30:00+01:00,108.77678111746457,99.88
2026-01-17 07:45:00+01:00,117.74807108477066,104.93
2026-01-17 08:00:00+01:00,116.60185889164862,95.98
2026-01-17 08:15:00+01:00,118.72722044937812,106.85
2026-01-17 08:30:00+01:00,118.35009557586685,109.94
2026-01-17 08:45:00+01:00,114.38074053457731,111.11
2026-01-17 09:00:00+01:00,122.37972309454592,118.56
2026-01-17 09:15:00+01:00,118.07986510547552,120.86
2026-01-17 09:30:00+01:00,102.36945429542554,116.45
2026-01-17 09:45:00+01:00,89.10907105931305,110.75
2026-01-17 10:00:00+01:00,109.66595391065808,123.43
2026-01-17 10:15:00+01:00,89.81660503441248,116.03
2026-01-17 10:30:00+01:00,90.17764326004554,111.71
2026-01-17 10:45:00+01:00,89.24886776433459,109.23
2026-01-17 11:00:00+01:00,91.63754843053052,112.84
2026-01-17 11:15:00+01:00,92.88683007262478,112.11
2026-01-17 11:30:00+01:00,91.22656403255095,111.6
2026-01-17 11:45:00+01:00,87.36652820499707,109.88
2026-01-17 12:00:00+01:00,90.34462878414674,112.91
2026-01-17 12:15:00+01:00,91.251486612211,110.99
2026-01-17 12:30:00+01:00,92.30012449948497,112.92
2026-01-17 12:45:00+01:00,95.23276874843351,110.97
2026-01-17 13:00:00+01:00,90.91744629565716,109.9
2026-01-17 13:15:00+01:00,92.14465002551636,108.78
2026-01-17 13:30:00+01:00,96.3795277361056,107.9
2026-01-17 13:45:00+01:00,99.5060375869729,107.98
2026-01-17 14:00:00+01:00,98.04010738102885,107.81
2026-01-17 14:15:00+01:00,94.06804672192736,109.78
2026-01-17 14:30:00+01:00,101.18811589380437,113.77
2026-01-17 14:45:00+01:00,109.63719982821272,119.91
2026-01-17 15:00:00+01:00,97.59991125102536,115.01
2026-01-17 15:15:00+01:00,107.6738053268792,120.89
2026-01-17 15:30:00+01:00,117.47906530400594,126.62
2026-01-17 15:45:00+01:00,120.6541912822059,128.56
2026-01-17 16:00:00+01:00,111.95130692272018,127.1
2026-01-17 16:15:00+01:00,119.20775797916954,137.98
2026-01-17 16:30:00+01:00,120.0597774699774,138.86
2026-01-17 16:45:00+01:00,130.3465792466318,139.16
2026-01-17 17:00:00+01:00,123.12810577055608,137.3
2026-01-17 17:15:00+01:00,127.2757752725921,139.91
2026-01-17 17:30:00+01:00,124.5753648135794,140.94
2026-01-17 17:45:00+01:00,125.31276832104308,145.5
2026-01-17 18:00:00+01:00,129.24939611607684,140.49
2026-01-17 18:15:00+01:00,124.08669523140834,140.49
2026-01-17 18:30:00+01:00,120.88480819541886,145.61
2026-01-17 18:45:00+01:00,115.4940501597614,144.8
2026-01-17 19:00:00+01:00,122.82071812885066,141.8
2026-01-17 19:15:00+01:00,114.81273092056306,141.05
2026-01-17 19:30:00+01:00,111.30281244200084,140.14
2026-01-17 19:45:00+01:00,108.9551769090859,131.36
2026-01-17 20:00:00+01:00,114.05053675729926,136.66
2026-01-17 20:15:00+01:00,107.60029509117176,120.35
2026-01-17 20:30:00+01:00,102.20597498439832,118.19
2026-01-17 20:45:00+01:00,98.53804735359331,107.96
2026-01-17 21:00:00+01:00,105.5983753891636,116.81
2026-01-17 21:15:00+01:00,100.49109205169228,111.64
2026-01-17 21:30:00+01:00,95.22573368212684,103.76
2026-01-17 21:45:00+01:00,87.80794666440808,99.01
2026-01-17 22:00:00+01:00,101.44207766580256,108.97
2026-01-17 22:15:00+01:00,97.90362402921916,104.34
2026-01-17 22:30:00+01:00,93.91656900614038,109.96
2026-01-17 22:45:00+01:00,89.06346179099661,113.33
2026-01-17 23:00:00+01:00,99.48617940215304,115.99
2026-01-17 23:15:00+01:00,90.88821720218913,109.0
2026-01-17 23:30:00+01:00,84.37615154215212,104.13
2026-01-17 23:45:00+01:00,77.22678897921362,98.97
2026-01-18 00:00:00+01:00,105.74805030268092,115.24
2026-01-18 00:15:00+01:00,102.24664676806232,112.95
2026-01-18 00:30:00+01:00,96.05801534923086,108.67
2026-01-18 00:45:00+01:00,91.59295167345785,106.0
2026-01-18 01:00:00+01:00,102.25778682850029,112.99
2026-01-18 01:15:00+01:00,96.09123296176335,109.16
2026-01-18 01:30:00+01:00,93.1707226908672,107.09
2026-01-18 01:45:00+01:00,90.98723964756454,107.52
2026-01-18 02:00:00+01:00,92.72045825870254,111.23
2026-01-18 02:15:00+01:00,89.66957963624905,109.17
2026-01-18 02:30:00+01:00,88.41980644510214,104.94
2026-01-18 02:45:00+01:00,87.20914185787238,104.22
2026-01-18 03:00:00+01:00,89.85552578133468,103.83
2026-01-18 03:15:00+01:00,89.25388866036542,103.0
2026-01-18 03:30:00+01:00,88.18240355215364,101.73
2026-01-18 03:45:00+01:00,87.17940108106723,101.6
2026-01-18 04:00:00+01:00,87.03265313272071,102.99
2026-01-18 04:15:00+01:00,87.31010819111646,102.62
2026-01-18 04:30:00+01:00,89.35945580364643,101.73
2026-01-18 04:45:00+01:00,87.68498111854134,101.6
2026-01-18 05:00:00+01:00,89.108728929513,101.43
2026-01-18 05:15:00+01:00,89.43967659041392,101.6
2026-01-18 05:30:00+01:00,91.71453085058042,102.3
2026-01-18 05:45:00+01:00,91.43187075431467,102.99
2026-01-18 06:00:00+01:00,92.07797455544168,100.2
2026-01-18 06:15:00+01:00,91.71649058307878,101.22
2026-01-18 06:30:00+01:00,93.46482988302876,101.22
2026-01-18 06:45:00+01:00,100.53991715602322,101.56
2026-01-18 07:00:00+01:00,96.01794696529672,100.28
2026-01-18 07:15:00+01:00,97.9892764846712,99.32
2026-01-18 07:30:00+01:00,100.75408132542708,100.5
2026-01-18 07:45:00+01:00,104.12269201171172,102.32
2026-01-18 08:00:00+01:00,103.22668325178272,104.12
2026-01-18 08:15:00+01:00,108.78412928505288,105.57
2026-01-18 08:30:00+01:00,112.89542847923158,107.37
2026-01-18 08:45:00+01:00,111.46694852331945,105.66
2026-01-18 09:00:00+01:00,113.7284440977962,114.96
2026-01-18 09:15:00+01:00,113.43781567623368,106.96
2026-01-18 09:30:00+01:00,121.44541040635224,105.18
2026-01-18 09:45:00+01:00,112.69560172438813,102.59
2026-01-18 10:00:00+01:00,128.5143860090942,105.31
2026-01-18 10:15:00+01:00,112.54627510991364,103.2
2026-01-18 10:30:00+01:00,107.51549274268362,101.03
2026-01-18 10:45:00+01:00,100.27366480844604,98.1
2026-01-18 11:00:00+01:00,103.99866734790592,98.35
2026-01-18 11:15:00+01:00,106.21527520914114,99.72
2026-01-18 11:30:00+01:00,106.61369626069724,98.1
2026-01-18 11:45:00+01:00,100.2435514483634,97.76
2026-01-18 12:00:00+01:00,104.07956999316592,98.0
2026-01-18 12:15:00+01:00,106.02259294684784,96.59
2026-01-18 12:30:00+01:00,104.96127158254708,96.53
2026-01-18 12:45:00+01:00,98.4384363438759,96.3
2026-01-18 13:00:00+01:00,99.46411729919755,96.13
2026-01-18 13:15:00+01:00,100.57592245561956,96.74
2026-01-18 13:30:00+01:00,98.0027033476422,97.2
2026-01-18 13:45:00+01:00,100.9960835503922,97.78
2026-01-18 14:00:00+01:00,103.7258760492395,98.0
2026-01-18 14:15:00+01:00,101.54864408988176,100.37
2026-01-18 14:30:00+01:00,102.76323608742172,102.17
2026-01-18 14:45:00+01:00,110.11039389337756,102.84
2026-01-18 15:00:00+01:00,96.36892321644112,101.46
2026-01-18 15:15:00+01:00,107.24991376894457,103.4
2026-01-18 15:30:00+01:00,113.014949273739,105.43
2026-01-18 15:45:00+01:00,120.06637663254926,111.91
2026-01-18 16:00:00+01:00,111.73182151336066,106.1
2026-01-18 16:15:00+01:00,120.01896978269048,116.89
2026-01-18 16:30:00+01:00,121.78072030132196,117.15
2026-01-18 16:45:00+01:00,131.49965314604728,119.36
2026-01-18 17:00:00+01:00,124.31334605443176,117.67
2026-01-18 17:15:00+01:00,131.30737272251153,127.19
2026-01-18 17:30:00+01:00,127.09017536267244,134.47
2026-01-18 17:45:00+01:00,131.77833602307592,140.64
2026-01-18 18:00:00+01:00,131.64293027895877,139.09
2026-01-18 18:15:00+01:00,127.87972873780296,142.49
2026-01-18 18:30:00+01:00,123.90943343434506,146.2
2026-01-18 18:45:00+01:00,127.42206647343322,141.0
2026-01-18 19:00:00+01:00,129.15273861995638,144.22
2026-01-18 19:15:00+01:00,119.49229697524726,141.0
2026-01-18 19:30:00+01:00,123.50379997965224,136.37
2026-01-18 19:45:00+01:00,118.5428440850931,125.1
2026-01-18 20:00:00+01:00,118.23046131888714,125.16
2026-01-18 20:15:00+01:00,112.1178227250369,127.11
2026-01-18 20:30:00+01:00,109.4346900721158,125.43
2026-01-18 20:45:00+01:00,102.34929710968632,114.51
2026-01-18 21:00:00+01:00,105.0362689056502,120.9
2026-01-18 21:15:00+01:00,101.3007394377171,114.08
2026-01-18 21:30:00+01:00,96.1697795524862,106.01
2026-01-18 21:45:00+01:00,93.54501884220558,101.53
2026-01-18 22:00:00+01:00,100.68588685630924,121.3
2026-01-18 22:15:00+01:00,97.80787150505132,114.95
2026-01-18 22:30:00+01:00,97.61846564412372,113.03
2026-01-18 22:45:00+01:00,97.000438856137,107.84
2026-01-18 23:00:00+01:00,99.20622279978068,110.0
2026-01-18 23:15:00+01:00,93.53750193082176,104.59
2026-01-18 23:30:00+01:00,89.94658110155461,100.33
2026-01-18 23:45:00+01:00,88.15040466034469,100.01
2026-01-19 00:00:00+01:00,102.16327168036914,104.8
2026-01-19 00:15:00+01:00,101.67165746241278,101.6
2026-01-19 00:30:00+01:00,97.39688088852566,99.92
2026-01-19 00:45:00+01:00,93.24090150077164,98.28
2026-01-19 01:00:00+01:00,99.78671977563948,100.2
2026-01-19 01:15:00+01:00,96.91915548314816,101.08
2026-01-19 01:30:00+01:00,94.76275985947208,100.89
2026-01-19 01:45:00+01:00,92.99854933208871,99.59
2026-01-19 02:00:00+01:00,95.6006463147921,102.12
2026-01-19 02:15:00+01:00,93.21519947970948,100.99
2026-01-19 02:30:00+01:00,92.2097217694527,100.21
2026-01-19 02:45:00+01:00,91.08243769074365,100.01
2026-01-19 03:00:00+01:00,93.81034049052548,100.48
2026-01-19 03:15:00+01:00,92.13501923670316,100.54
2026-01-19 03:30:00+01:00,90.28684377163592,100.21
2026-01-19 03:45:00+01:00,90.0449724964352,100.52
2026-01-19 04:00:00+01:00,90.71825749005176,99.45
2026-01-19 04:15:00+01:00,91.64367450824682,100.22
2026-01-19 04:30:00+01:00,91.63849836497734,100.52
2026-01-19 04:45:00+01:00,92.66467839373936,100.35
2026-01-19 05:00:00+01:00,91.42643185313634,97.7
2026-01-19 05:15:00+01:00,93.32442155525293,100.16
2026-01-19 05:30:00+01:00,100.4629996830635,101.05
2026-01-19 05:45:00+01:00,100.61496872370206,111.21
2026-01-19 06:00:00+01:00,97.30208816861438,108.04
2026-01-19 06:15:00+01:00,99.96429822707351,122.76
2026-01-19 06:30:00+01:00,105.1715903838044,130.57
2026-01-19 06:45:00+01:00,119.6285898976694,144.15
2026-01-19 07:00:00+01:00,112.64021681564284,142.29
2026-01-19 07:15:00+01:00,118.60079461362712,157.41
2026-01-19 07:30:00+01:00,129.69069733734915,171.84
2026-01-19 07:45:00+01:00,137.18306606546338,172.79
2026-01-19 08:00:00+01:00,137.9480472665161,177.34
2026-01-19 08:15:00+01:00,140.56217622808833,184.48
2026-01-19 08:30:00+01:00,140.73024821289405,177.11
2026-01-19 08:45:00+01:00,132.93579909093293,165.0
2026-01-19 09:00:00+01:00,145.2013875111358,190.2
2026-01-19 09:15:00+01:00,139.67589744217472,171.03
2026-01-19 09:30:00+01:00,142.7080470137728,151.85
2026-01-19 09:45:00+01:00,119.55726653819818,134.67
2026-01-19 10:00:00+01:00,150.0626989123282,156.81
2026-01-19 10:15:00+01:00,125.26564735252146,139.35
2026-01-19 10:30:00+01:00,112.32448691879485,128.13
2026-01-19 10:45:00+01:00,110.4284429389517,119.4
2026-01-19 11:00:00+01:00,117.13559366116276,126.08
2026-01-19 11:15:00+01:00,107.54488832424737,119.84
2026-01-19 11:30:00+01:00,103.08874319055292,119.07
2026-01-19 11:45:00+01:00,103.64121745608568,117.12
2026-01-19 12:00:00+01:00,101.2912190637572,118.08
2026-01-19 12:15:00+01:00,101.4130097479097,114.59
2026-01-19 12:30:00+01:00,102.77639024455264,117.46
2026-01-19 12:45:00+01:00,105.8724962649914,120.11
2026-01-19 13:00:00+01:00,114.5600317141749,119.0
2026-01-19 13:15:00+01:00,102.48710172285546,121.34
2026-01-19 13:30:00+01:00,105.1436904773526,125.91
2026-01-19 13:45:00+01:00,124.24058069119428,133.76
2026-01-19 14:00:00+01:00,118.0512521294276,120.68
2026-01-19 14:15:00+01:00,120.02444789874104,139.0
2026-01-19 14:30:00+01:00,130.65203904604783,147.67
2026-01-19 14:45:00+01:00,140.3337641468506,170.05
2026-01-19 15:00:00+01:00,120.87565990263938,135.0
2026-01-19 15:15:00+01:00,135.23329143601902,159.78
2026-01-19 15:30:00+01:00,155.53383817980165,176.26
2026-01-19 15:45:00+01:00,162.34724444680143,209.13
2026-01-19 16:00:00+01:00,142.45192156193178,168.3
2026-01-19 16:15:00+01:00,160.77526058745903,192.76
2026-01-19 16:30:00+01:00,172.05571676406794,206.93
2026-01-19 16:45:00+01:00,180.35418171121052,211.57
2026-01-19 17:00:00+01:00,161.06980222847454,192.34
2026-01-19 17:15:00+01:00,175.36736202192697,218.25
2026-01-19 17:30:00+01:00,178.3284051249299,216.31
2026-01-19 17:45:00+01:00,173.89526406581334,206.01
2026-01-19 18:00:00+01:00,168.89912730945107,209.99
2026-01-19 18:15:00+01:00,160.74970497607148,191.93
2026-01-19 18:30:00+01:00,166.58410550122636,198.83
2026-01-19 18:45:00+01:00,162.61364526099425,199.47
2026-01-19 19:00:00+01:00,172.40092537915092,192.93
2026-01-19 19:15:00+01:00,155.3227332702807,182.96
2026-01-19 19:30:00+01:00,155.7457709666625,177.63
2026-01-19 19:45:00+01:00,152.5774797759777,170.33
2026-01-19 20:00:00+01:00,154.229394215797,166.52
2026-01-19 20:15:00+01:00,142.54114473789457,160.21
2026-01-19 20:30:00+01:00,138.08079468812514,158.35
2026-01-19 20:45:00+01:00,126.6006842887241,144.46
2026-01-19 21:00:00+01:00,132.44433546431992,141.01
2026-01-19 21:15:00+01:00,123.09923966627592,137.95
2026-01-19 21:30:00+01:00,111.52616387524655,134.72
2026-01-19 21:45:00+01:00,135.00660891819015,127.0
2026-01-19 22:00:00+01:00,116.36945994296715,131.46
2026-01-19 22:15:00+01:00,115.2797750785086,127.76
2026-01-19 22:30:00+01:00,120.29967688904516,126.47
2026-01-19 22:45:00+01:00,138.13950508790316,119.92
2026-01-19 23:00:00+01:00,116.1238635490834,122.64
2026-01-19 23:15:00+01:00,130.84789018891013,115.01
2026-01-19 23:30:00+01:00,123.75197891238928,107.94
2026-01-19 23:45:00+01:00,111.18521664356132,104.29
2026-01-20 00:00:00+01:00,112.2224597175156,114.06
2026-01-20 00:15:00+01:00,107.61556436121391,117.5
2026-01-20 00:30:00+01:00,104.80297388480103,115.14
2026-01-20 00:45:00+01:00,100.3560862977472,113.54
2026-01-20 01:00:00+01:00,108.54921444474186,115.04
2026-01-20 01:15:00+01:00,104.537705681844,114.97
2026-01-20 01:30:00+01:00,102.50702791539048,114.9
2026-01-20 01:45:00+01:00,100.97131856556776,112.43
2026-01-20 02:00:00+01:00,103.5366954329186,110.04
2026-01-20 02:15:00+01:00,101.79478565817668,109.68
2026-01-20 02:30:00+01:00,101.09449026506194,110.76
2026-01-20 02:45:00+01:00,99.92804424520058,110.94
2026-01-20 03:00:00+01:00,101.85833581500654,108.91
2026-01-20 03:15:00+01:00,100.8446563620561,109.25
2026-01-20 03:30:00+01:00,99.10738577370336,109.9
2026-01-20 03:45:00+01:00,99.29117983874004,111.41
2026-01-20 04:00:00+01:00,101.3021244428645,108.91
2026-01-20 04:15:00+01:00,101.12196985575406,110.01
2026-01-20 04:30:00+01:00,102.8669165913234,115.52
2026-01-20 04:45:00+01:00,105.21999405348356,118.25
2026-01-20 05:00:00+01:00,100.98689618468218,122.43
2026-01-20 05:15:00+01:00,104.8461637382623,110.91
2026-01-20 05:30:00+01:00,111.3720179192257,128.61
2026-01-20 05:45:00+01:00,111.6031647516264,139.17
2026-01-20 06:00:00+01:00,110.55107127089366,126.45
2026-01-20 06:15:00+01:00,116.00262161970242,159.43
2026-01-20 06:30:00+01:00,124.03209312470712,191.71
2026-01-20 06:45:00+01:00,137.60922018308582,282.83
2026-01-20 07:00:00+01:00,136.44325674996156,176.09
2026-01-20 07:15:00+01:00,158.68111335575236,224.33
2026-01-20 07:30:00+01:00,158.4108817656383,268.09
2026-01-20 07:45:00+01:00,172.46529929817063,295.0
2026-01-20 08:00:00+01:00,170.0815577140176,327.01
2026-01-20 08:15:00+01:00,185.7936716423981,302.01
2026-01-20 08:30:00+01:00,188.74214360371457,236.3
2026-01-20 08:45:00+01:00,183.991861400125,185.82
2026-01-20 09:00:00+01:00,193.61358668659364,246.84
2026-01-20 09:15:00+01:00,191.39432019083995,194.13
2026-01-20 09:30:00+01:00,153.05590640397114,168.0
2026-01-20 09:45:00+01:00,125.35388613959634,109.17
2026-01-20 10:00:00+01:00,121.13641138047969,168.57
2026-01-20 10:15:00+01:00,134.55053346357337,133.43
2026-01-20 10:30:00+01:00,133.29044881871135,121.3
2026-01-20 10:45:00+01:00,132.94632379600787,105.38
2026-01-20 11:00:00+01:00,133.04051833644598,119.0
2026-01-20 11:15:00+01:00,122.72159414348864,106.22
2026-01-20 11:30:00+01:00,117.14042408165194,104.36
2026-01-20 11:45:00+01:00,116.7188488107768,102.23
2026-01-20 12:00:00+01:00,118.54514451392492,104.35
2026-01-20 12:15:00+01:00,115.39527766842612,102.16
2026-01-20 12:30:00+01:00,114.97225087298942,103.02
2026-01-20 12:45:00+01:00,130.54552277373733,104.96
2026-01-20 13:00:00+01:00,105.40285485239932,104.59
2026-01-20 13:15:00+01:00,109.5909239562586,105.76
2026-01-20 13:30:00+01:00,117.96539118837444,105.33
2026-01-20 13:45:00+01:00,117.7034152395434,107.34
2026-01-20 14:00:00+01:00,148.35162694651555,106.18
2026-01-20 14:15:00+01:00,144.15597290984445,123.76
2026-01-20 14:30:00+01:00,160.5930375056737,149.45
2026-01-20 14:45:00+01:00,173.32102926369635,167.5
2026-01-20 15:00:00+01:00,151.45686601879623,136.08
2026-01-20 15:15:00+01:00,167.37188767951994,158.99
2026-01-20 15:30:00+01:00,182.9943667128852,204.43
2026-01-20 15:45:00+01:00,189.87475923811292,213.54
2026-01-20 16:00:00+01:00,172.51904202524486,202.99
2026-01-20 16:15:00+01:00,237.39564857452297,253.17
2026-01-20 16:30:00+01:00,204.49930224917657,291.93
2026-01-20 16:45:00+01:00,253.49283518896397,358.85
2026-01-20 17:00:00+01:00,214.961199226717,242.97
2026-01-20 17:15:00+01:00,252.20365056291735,266.24
2026-01-20 17:30:00+01:00,250.51495073414233,260.7
2026-01-20 17:45:00+01:00,202.98851161975844,228.61
2026-01-20 18:00:00+01:00,212.63068402886805,221.52
2026-01-20 18:15:00+01:00,192.8776961724109,194.52
2026-01-20 18:30:00+01:00,206.64040620881545,181.95
2026-01-20 18:45:00+01:00,184.3890669795884,177.71
2026-01-20 19:00:00+01:00,213.9102640584028,208.81
2026-01-20 19:15:00+01:00,173.23420839970402,186.84
2026-01-20 19:30:00+01:00,178.88602873143375,171.5
2026-01-20 19:45:00+01:00,151.9484826920687,160.52
2026-01-20 20:00:00+01:00,173.810513547366,182.37
2026-01-20 20:15:00+01:00,156.03328019622012,158.99
2026-01-20 20:30:00+01:00,150.22085814541902,144.99
2026-01-20 20:45:00+01:00,134.3457789289036,134.05
2026-01-20 21:00:00+01:00,142.78419793140492,163.73
2026-01-20 21:15:00+01:00,135.83964735514863,152.44
2026-01-20 21:30:00+01:00,121.02027197473664,132.43
2026-01-20 21:45:00+01:00,135.78874685965633,110.96
2026-01-20 22:00:00+01:00,125.53188456370196,131.99
2026-01-20 22:15:00+01:00,121.10341383184564,121.64
2026-01-20 22:30:00+01:00,141.62846150575052,110.09
2026-01-20 22:45:00+01:00,145.5163847509814,105.05
2026-01-20 23:00:00+01:00,143.62193354841247,116.14
2026-01-20 23:15:00+01:00,129.31605434080282,109.65
2026-01-20 23:30:00+01:00,121.67130773534872,107.42
2026-01-20 23:45:00+01:00,109.06643870722652,98.14
2026-01-21 00:00:00+01:00,106.94933992398032,99.93
2026-01-21 00:15:00+01:00,105.22987331140916,99.75
2026-01-21 00:30:00+01:00,99.84919232315097,102.13
2026-01-21 00:45:00+01:00,98.07311928206506,104.15
2026-01-21 01:00:00+01:00,104.32719471467337,104.56
2026-01-21 01:15:00+01:00,101.00750537667571,102.45
2026-01-21 01:30:00+01:00,98.82881788828905,101.02
2026-01-21 01:45:00+01:00,96.19279170883064,98.84
2026-01-21 02:00:00+01:00,97.08314518789079,98.66
2026-01-21 02:15:00+01:00,95.59777604711509,99.12
2026-01-21 02:30:00+01:00,95.48525613566322,98.56
2026-01-21 02:45:00+01:00,96.2639861002021,98.69
2026-01-21 03:00:00+01:00,96.16538636648465,104.42
2026-01-21 03:15:00+01:00,94.77358667596712,100.99
2026-01-21 03:30:00+01:00,94.70853334459909,100.01
2026-01-21 03:45:00+01:00,94.70020423772989,98.22
2026-01-21 04:00:00+01:00,93.801665102317,100.48
2026-01-21 04:15:00+01:00,93.9976877076817,98.02
2026-01-21 04:30:00+01:00,97.23598231138855,98.02
2026-01-21 04:45:00+01:00,99.06497928950249,98.86
2026-01-21 05:00:00+01:00,96.54735844044839,96.54
2026-01-21 05:15:00+01:00,95.6541268999901,97.56
2026-01-21 05:30:00+01:00,104.28519784755231,101.07
2026-01-21 05:45:00+01:00,111.99884230234932,99.6
2026-01-21 06:00:00+01:00,107.52564774300342,105.76
2026-01-21 06:15:00+01:00,119.50660068051539,107.2
2026-01-21 06:30:00+01:00,127.39774349302216,110.95
2026-01-21 06:45:00+01:00,141.09343994004996,107.58
2026-01-21 07:00:00+01:00,132.66882646524112,144.66
2026-01-21 07:15:00+01:00,132.54690463330093,149.94
2026-01-21 07:30:00+01:00,148.7758462564954,166.12
2026-01-21 07:45:00+01:00,152.16809190973652,179.28
2026-01-21 08:00:00+01:00,158.98620370187243,185.77
2026-01-21 08:15:00+01:00,163.09747108232878,199.49
2026-01-21 08:30:00+01:00,162.20749452369404,170.76
2026-01-21 08:45:00+01:00,147.49415521199685,149.57
2026-01-21 09:00:00+01:00,159.65275182444543,161.78
2026-01-21 09:15:00+01:00,153.41234499952492,149.2
2026-01-21 09:30:00+01:00,133.37338902551133,137.69
2026-01-21 09:45:00+01:00,110.28530362682189,122.9
2026-01-21 10:00:00+01:00,125.4176468393268,146.19
2026-01-21 10:15:00+01:00,110.5642741995745,120.44
2026-01-21 10:30:00+01:00,111.16326664288614,106.27
2026-01-21 10:45:00+01:00,103.96154302368308,100.3
2026-01-21 11:00:00+01:00,110.56107621536668,103.12
2026-01-21 11:15:00+01:00,103.90661858386443,101.54
2026-01-21 11:30:00+01:00,109.9809721752895,99.76
2026-01-21 11:45:00+01:00,120.55592143137113,99.55
2026-01-21 12:00:00+01:00,120.37216304227243,98.89
2026-01-21 12:15:00+01:00,118.9870216163423,98.9
2026-01-21 12:30:00+01:00,119.06885993013807,97.41
2026-01-21 12:45:00+01:00,124.75144038563842,101.32
2026-01-21 13:00:00+01:00,120.4295125047905,101.82
2026-01-21 13:15:00+01:00,121.1684929802305,102.37
2026-01-21 13:30:00+01:00,122.38437657770528,102.46
2026-01-21 13:45:00+01:00,122.59432712254846,107.25
2026-01-21 14:00:00+01:00,124.18924856815363,105.05
2026-01-21 14:15:00+01:00,130.34352263343058,105.37
2026-01-21 14:30:00+01:00,134.92438105846762,106.93
2026-01-21 14:45:00+01:00,135.70013799304468,117.14
2026-01-21 15:00:00+01:00,130.75153280141376,106.87
2026-01-21 15:15:00+01:00,139.64615627875222,122.93
2026-01-21 15:30:00+01:00,146.116919179268,131.74
2026-01-21 15:45:00+01:00,147.30858771467467,146.17
2026-01-21 16:00:00+01:00,141.3425310657271,145.01
2026-01-21 16:15:00+01:00,150.86814722827077,146.13
2026-01-21 16:30:00+01:00,148.62944873608714,141.0
2026-01-21 16:45:00+01:00,159.35087975663072,148.0
2026-01-21 17:00:00+01:00,148.12188672189555,135.99
2026-01-21 17:15:00+01:00,152.1359437944285,142.9
2026-01-21 17:30:00+01:00,152.60033141536135,141.61
2026-01-21 17:45:00+01:00,147.62922488123075,135.94
2026-01-21 18:00:00+01:00,147.6186806910094,144.97
2026-01-21 18:15:00+01:00,140.29636240312016,142.59
2026-01-21 18:30:00+01:00,137.92113532336754,139.06
2026-01-21 18:45:00+01:00,135.39944495811076,129.01
2026-01-21 19:00:00+01:00,138.44911071653905,132.9
2026-01-21 19:15:00+01:00,129.52292756308654,141.33
2026-01-21 19:30:00+01:00,126.88334413413511,129.01
2026-01-21 19:45:00+01:00,121.72392651117235,108.08
2026-01-21 20:00:00+01:00,122.37494315673683,114.05
2026-01-21 20:15:00+01:00,117.39382059855555,103.22
2026-01-21 20:30:00+01:00,117.57448357496891,104.17
2026-01-21 20:45:00+01:00,107.67726062468296,100.35
2026-01-21 21:00:00+01:00,115.66205724984952,108.81
2026-01-21 21:15:00+01:00,111.01588615895821,102.46
2026-01-21 21:30:00+01:00,108.85647956479048,101.96
2026-01-21 21:45:00+01:00,98.2601438319359,96.53
2026-01-21 22:00:00+01:00,105.69225296816651,113.0
2026-01-21 22:15:00+01:00,103.62892759766744,106.29
2026-01-21 22:30:00+01:00,111.03275289643238,100.85
2026-01-21 22:45:00+01:00,105.37191751965342,98.9
2026-01-21 23:00:00+01:00,106.02750867456758,106.5
2026-01-21 23:15:00+01:00,100.37223781231069,98.89
2026-01-21 23:30:00+01:00,98.42075756174786,96.5
2026-01-21 23:45:00+01:00,88.48968778455713,95.61
2026-01-23 00:00:00+01:00,99.30251476600756,99.35
2026-01-23 00:15:00+01:00,96.46540242908542,97.69
2026-01-23 00:30:00+01:00,91.91282839697512,97.0
2026-01-23 00:45:00+01:00,89.13061373667004,97.51
2026-01-23 01:00:00+01:00,95.74357578099392,99.78
2026-01-23 01:15:00+01:00,91.58039502532036,96.62
2026-01-23 01:30:00+01:00,90.3685810358644,97.04
2026-01-23 01:45:00+01:00,88.1765862823854,95.54
2026-01-23 02:00:00+01:00,90.12747229711812,99.41
2026-01-23 02:15:00+01:00,87.2463499882039,94.92
2026-01-23 02:30:00+01:00,86.16631712051965,95.03
2026-01-23 02:45:00+01:00,85.52154507235645,94.43
2026-01-23 03:00:00+01:00,86.83075390054128,95.35
2026-01-23 03:15:00+01:00,85.65825377677315,95.3
2026-01-23 03:30:00+01:00,85.50075741138154,94.78
2026-01-23 03:45:00+01:00,85.45707883076676,94.58
2026-01-23 04:00:00+01:00,84.16898472807654,95.52
2026-01-23 04:15:00+01:00,84.22791611893409,95.1
2026-01-23 04:30:00+01:00,85.31358891688842,95.83
2026-01-23 04:45:00+01:00,87.17033133951463,96.04
2026-01-23 05:00:00+01:00,85.82419217700857,96.13
2026-01-23 05:15:00+01:00,85.91499303706769,97.21
2026-01-23 05:30:00+01:00,91.25217129593084,97.55
2026-01-23 05:45:00+01:00,97.63427821318074,97.1
2026-01-23 06:00:00+01:00,90.00665264421572,97.66
2026-01-23 06:15:00+01:00,96.43916552789864,104.27
2026-01-23 06:30:00+01:00,100.3114053100106,114.29
2026-01-23 06:45:00+01:00,107.71394235726608,116.57
2026-01-23 07:00:00+01:00,102.5786222049068,116.58
2026-01-23 07:15:00+01:00,106.63323449163424,136.98
2026-01-23 07:30:00+01:00,114.35053725679072,135.31
2026-01-23 07:45:00+01:00,121.33818581835575,143.13
2026-01-23 08:00:00+01:00,118.7104542448308,154.59
2026-01-23 08:15:00+01:00,119.81321599917162,160.4
2026-01-23 08:30:00+01:00,117.77044413345172,153.76
2026-01-23 08:45:00+01:00,112.39370852551308,143.0
2026-01-23 09:00:00+01:00,125.92507195920992,162.67
2026-01-23 09:15:00+01:00,117.0895256303421,149.84
2026-01-23 09:30:00+01:00,111.64320535432486,140.49
2026-01-23 09:45:00+01:00,100.78960198568636,116.95
2026-01-23 10:00:00+01:00,114.52967351129196,132.71
2026-01-23 10:15:00+01:00,100.7146492276644,116.55
2026-01-23 10:30:00+01:00,102.4401923051583,110.13
2026-01-23 10:45:00+01:00,98.89154634546968,102.12
2026-01-23 11:00:00+01:00,94.08068290845162,103.21
2026-01-23 11:15:00+01:00,89.82824903569198,100.02
2026-01-23 11:30:00+01:00,92.40525289515664,99.41
2026-01-23 11:45:00+01:00,91.4161986951916,97.87
2026-01-23 12:00:00+01:00,91.65024313810922,96.83
2026-01-23 12:15:00+01:00,97.47083048330134,95.78
2026-01-23 12:30:00+01:00,98.39538893048912,96.28
2026-01-23 12:45:00+01:00,97.92421669075516,95.96
2026-01-23 13:00:00+01:00,99.2319333142432,95.92
2026-01-23 13:15:00+01:00,98.38493402035256,95.65
2026-01-23 13:30:00+01:00,98.10848275156884,95.55
2026-01-23 13:45:00+01:00,101.62451008630504,95.92
2026-01-23 14:00:00+01:00,99.52255858185475,95.95
2026-01-23 14:15:00+01:00,104.34164971856828,96.53
2026-01-23 14:30:00+01:00,110.08532558258172,96.7
2026-01-23 14:45:00+01:00,114.94140652370616,99.14
2026-01-23 15:00:00+01:00,109.08875925526648,97.87
2026-01-23 15:15:00+01:00,117.4741761039564,101.96
2026-01-23 15:30:00+01:00,124.84704078543808,112.46
2026-01-23 15:45:00+01:00,123.22347135110569,122.78
2026-01-23 16:00:00+01:00,113.46756862517036,111.25
2026-01-23 16:15:00+01:00,119.4938406415452,122.94
2026-01-23 16:30:00+01:00,123.7760357404912,128.14
2026-01-23 16:45:00+01:00,129.2349102540397,133.86
2026-01-23 17:00:00+01:00,122.3983382277043,132.17
2026-01-23 17:15:00+01:00,124.9427253073563,138.22
2026-01-23 17:30:00+01:00,125.11983635305812,137.53
2026-01-23 17:45:00+01:00,123.76902269677252,136.42
2026-01-23 18:00:00+01:00,123.86705484410176,132.0
2026-01-23 18:15:00+01:00,120.84373983536037,127.17
2026-01-23 18:30:00+01:00,117.05812615906514,124.78
2026-01-23 18:45:00+01:00,118.49671596317518,129.98
2026-01-23 19:00:00+01:00,115.44297324361476,125.38
2026-01-23 19:15:00+01:00,110.33505968355465,117.77
2026-01-23 19:30:00+01:00,109.69463375012282,114.16
2026-01-23 19:45:00+01:00,104.68274184821712,109.9
2026-01-23 20:00:00+01:00,107.55347684696072,113.04
2026-01-23 20:15:00+01:00,99.485973218818,107.9
2026-01-23 20:30:00+01:00,98.10310944710852,105.26
2026-01-23 20:45:00+01:00,94.20662880428836,102.69
2026-01-23 21:00:00+01:00,101.99300552037526,108.73
2026-01-23 21:15:00+01:00,97.54099759868132,105.79
2026-01-23 21:30:00+01:00,90.067078144627,102.25
2026-01-23 21:45:00+01:00,85.63335869545368,99.07
2026-01-23 22:00:00+01:00,94.11797059290232,105.79
2026-01-23 22:15:00+01:00,91.81918194419973,102.19
2026-01-23 22:30:00+01:00,91.63575295938116,106.89
2026-01-23 22:45:00+01:00,85.68923797421222,104.29
2026-01-23 23:00:00+01:00,94.31445935913412,99.13
2026-01-23 23:15:00+01:00,85.70834967019667,96.23
2026-01-23 23:30:00+01:00,90.78651646040814,97.32
2026-01-23 23:45:00+01:00,91.49572086803744,95.3
2026-01-24 00:00:00+01:00,103.57336201577203,104.19
2026-01-24 00:15:00+01:00,98.12095472022348,101.41
2026-01-24 00:30:00+01:00,94.02875679066332,98.9
2026-01-24 00:45:00+01:00,90.97522667308364,94.7
2026-01-24 01:00:00+01:00,98.67220263717633,103.08
2026-01-24 01:15:00+01:00,94.43525527890412,98.64
2026-01-24 01:30:00+01:00,93.40176037133736,97.5
2026-01-24 01:45:00+01:00,92.3270121866448,96.92
2026-01-24 02:00:00+01:00,93.82131988775414,97.64
2026-01-24 02:15:00+01:00,92.14114013992572,98.3
2026-01-24 02:30:00+01:00,90.83724252985031,98.87
2026-01-24 02:45:00+01:00,87.82778378125226,98.45
2026-01-24 03:00:00+01:00,91.87615083919934,97.36
2026-01-24 03:15:00+01:00,90.01168971379414,98.16
2026-01-24 03:30:00+01:00,89.21857296956166,97.79
2026-01-24 03:45:00+01:00,87.13394416164489,97.99
2026-01-24 04:00:00+01:00,89.96179645899792,98.34
2026-01-24 04:15:00+01:00,88.24120174020088,96.86
2026-01-24 04:30:00+01:00,88.40990005383608,97.49
2026-01-24 04:45:00+01:00,88.20556699303283,97.5
2026-01-24 05:00:00+01:00,95.01348460619724,97.86
2026-01-24 05:15:00+01:00,90.53936392531224,99.36
2026-01-24 05:30:00+01:00,90.6783081062307,98.51
2026-01-24 05:45:00+01:00,98.46252191995062,99.91
2026-01-24 06:00:00+01:00,90.64788701579884,97.5
2026-01-24 06:15:00+01:00,89.17272224447535,100.93
2026-01-24 06:30:00+01:00,91.85119140249846,101.09
2026-01-24 06:45:00+01:00,95.52881764708968,102.07
2026-01-24 07:00:00+01:00,95.1294448944552,102.67
2026-01-24 07:15:00+01:00,96.43815795452508,103.19
2026-01-24 07:30:00+01:00,100.92721763593892,104.42
2026-01-24 07:45:00+01:00,105.74181566238629,105.96
2026-01-24 08:00:00+01:00,101.8118240954458,109.24
2026-01-24 08:15:00+01:00,105.10389929330528,109.7
2026-01-24 08:30:00+01:00,107.51311517212449,112.15
2026-01-24 08:45:00+01:00,105.04828723404223,112.9
2026-01-24 09:00:00+01:00,112.79086975735493,124.9
2026-01-24 09:15:00+01:00,106.80458750613366,126.23
2026-01-24 09:30:00+01:00,105.155771591536,121.17
2026-01-24 09:45:00+01:00,98.85265572198448,120.07
2026-01-24 10:00:00+01:00,105.56112177745132,135.3
2026-01-24 10:15:00+01:00,105.55566691171111,120.06
2026-01-24 10:30:00+01:00,102.12415845115072,115.22
2026-01-24 10:45:00+01:00,94.70702184079444,106.38
2026-01-24 11:00:00+01:00,101.72980605017098,114.77
2026-01-24 11:15:00+01:00,96.97009400462458,110.46
2026-01-24 11:30:00+01:00,95.95779479877125,109.7
2026-01-24 11:45:00+01:00,90.36638295478733,106.26
2026-01-24 12:00:00+01:00,93.79810643576722,108.21
2026-01-24 12:15:00+01:00,97.55086655136166,106.75
2026-01-24 12:30:00+01:00,93.12857604545458,106.3
2026-01-24 12:45:00+01:00,91.90197041860026,103.61
2026-01-24 13:00:00+01:00,92.94727077999428,103.0
2026-01-24 13:15:00+01:00,88.84233535182904,101.6
2026-01-24 13:30:00+01:00,87.56226271638586,101.59
2026-01-24 13:45:00+01:00,101.35504805035764,101.3
2026-01-24 14:00:00+01:00,91.75255236785108,102.3
2026-01-24 14:15:00+01:00,96.76909638217673,103.25
2026-01-24 14:30:00+01:00,108.38660179333036,105.54
2026-01-24 14:45:00+01:00,115.60038409422842,109.39
2026-01-24 15:00:00+01:00,107.64890369867932,104.22
2026-01-24 15:15:00+01:00,116.97689309818078,112.02
2026-01-24 15:30:00+01:00,124.80219136034518,125.55
2026-01-24 15:45:00+01:00,129.89313942549114,131.12
2026-01-24 16:00:00+01:00,116.48957230911088,118.39
2026-01-24 16:15:00+01:00,123.76556290403984,126.95
2026-01-24 16:30:00+01:00,129.95555015067026,141.47
2026-01-24 16:45:00+01:00,137.43377094942642,140.81
2026-01-24 17:00:00+01:00,127.16542545647364,141.21
2026-01-24 17:15:00+01:00,130.48758510208813,147.9
2026-01-24 17:30:00+01:00,131.04180928657695,148.95
2026-01-24 17:45:00+01:00,128.82784248003517,148.83
2026-01-24 18:00:00+01:00,130.46252962893303,146.17
2026-01-24 18:15:00+01:00,128.00750056208224,146.25
2026-01-24 18:30:00+01:00,124.33425157959962,140.59
2026-01-24 18:45:00+01:00,124.32502081167854,133.98
2026-01-24 19:00:00+01:00,124.38263751330156,139.18
2026-01-24 19:15:00+01:00,118.40755219878103,134.99
2026-01-24 19:30:00+01:00,115.91854924974425,130.13
2026-01-24 19:45:00+01:00,117.12025255748844,123.43
2026-01-24 20:00:00+01:00,115.66911149755428,129.56
2026-01-24 20:15:00+01:00,106.07416734322764,122.23
2026-01-24 20:30:00+01:00,108.19917382240168,113.34
2026-01-24 20:45:00+01:00,99.9609113963434,109.56
2026-01-24 21:00:00+01:00,108.1497643528775,112.76
2026-01-24 21:15:00+01:00,102.11594601432525,112.15
2026-01-24 21:30:00+01:00,97.52370239506908,109.92
2026-01-24 21:45:00+01:00,107.25193533406032,107.32
2026-01-24 22:00:00+01:00,103.60084720957968,111.79
2026-01-24 22:15:00+01:00,99.07846624438164,108.3
2026-01-24 22:30:00+01:00,98.17973953935724,112.12
2026-01-24 22:45:00+01:00,107.74723816173396,109.03
2026-01-24 23:00:00+01:00,100.73077051544108,107.98
2026-01-24 23:15:00+01:00,94.31964399362508,104.22
2026-01-24 23:30:00+01:00,98.59526905192322,103.47
2026-01-24 23:45:00+01:00,99.45664642149988,100.93
2026-01-25 00:00:00+01:00,107.9994062300595,101.5
2026-01-25 00:15:00+01:00,104.24783096095165,102.31
2026-01-25 00:30:00+01:00,100.02303027138213,101.59
2026-01-25 00:45:00+01:00,96.34946584834998,100.37
2026-01-25 01:00:00+01:00,104.48424709363724,102.21
2026-01-25 01:15:00+01:00,99.92070571666156,101.59
2026-01-25 01:30:00+01:00,98.1439288066614,102.07
2026-01-25 01:45:00+01:00,95.71168528066808,101.16
2026-01-25 02:00:00+01:00,98.9842993260669,102.03
2026-01-25 02:15:00+01:00,104.16531273149027,100.97
2026-01-25 02:30:00+01:00,95.6282826840765,100.94
2026-01-25 02:45:00+01:00,93.6389787468822,101.32
2026-01-25 03:00:00+01:00,96.31775282732475,102.02
2026-01-25 03:15:00+01:00,94.3947950409528,101.6
2026-01-25 03:30:00+01:00,93.64598801131392,102.71
2026-01-25 03:45:00+01:00,92.99175016278642,100.75
2026-01-25 04:00:00+01:00,95.92954871063348,101.19
2026-01-25 04:15:00+01:00,93.18819668278049,100.69
2026-01-25 04:30:00+01:00,93.94269030363732,100.88
2026-01-25 04:45:00+01:00,93.16843317937874,100.69
2026-01-25 05:00:00+01:00,96.24767440519256,98.99
2026-01-25 05:15:00+01:00,96.25451145710008,101.59
2026-01-25 05:30:00+01:00,94.71458072446391,100.84
2026-01-25 05:45:00+01:00,87.09209709083864,100.63
2026-01-25 06:00:00+01:00,93.66446783808225,99.29
2026-01-25 06:15:00+01:00,92.212414342626,100.09
2026-01-25 06:30:00+01:00,91.04445169853484,100.3
2026-01-25 06:45:00+01:00,96.27920484468925,100.18
2026-01-25 07:00:00+01:00,96.17227436558731,100.05
2026-01-25 07:15:00+01:00,94.78885887276964,101.01
2026-01-25 07:30:00+01:00,97.45830179945136,103.43
2026-01-25 07:45:00+01:00,104.31859125996928,103.75
2026-01-25 08:00:00+01:00,101.3133727637828,101.59
2026-01-25 08:15:00+01:00,105.50951848602278,103.19
2026-01-25 08:30:00+01:00,108.62624410759746,104.98
2026-01-25 08:45:00+01:00,109.33689667605124,105.27
2026-01-25 09:00:00+01:00,112.29730554727632,109.07
2026-01-25 09:15:00+01:00,112.21828094175082,108.93
2026-01-25 09:30:00+01:00,107.47843102218629,109.75
2026-01-25 09:45:00+01:00,107.20287129634696,107.8
2026-01-25 10:00:00+01:00,109.9306685514238,112.77
2026-01-25 10:15:00+01:00,110.65191353397032,114.77
2026-01-25 10:30:00+01:00,105.15134373583984,112.3
2026-01-25 10:45:00+01:00,97.2861031240878,112.93
2026-01-25 11:00:00+01:00,101.83704649560444,117.41
2026-01-25 11:15:00+01:00,104.2071400120752,116.57
2026-01-25 11:30:00+01:00,102.14611006315694,116.59
2026-01-25 11:45:00+01:00,100.41964866186495,113.5
2026-01-25 12:00:00+01:00,105.03335724778444,123.74
2026-01-25 12:15:00+01:00,102.8665397423288,119.86
2026-01-25 12:30:00+01:00,102.72142289825932,120.09
2026-01-25 12:45:00+01:00,95.29753337742967,116.43
2026-01-25 13:00:00+01:00,101.28060974827122,119.87
2026-01-25 13:15:00+01:00,96.9091039518552,116.8
2026-01-25 13:30:00+01:00,95.696793115884,114.65
2026-01-25 13:45:00+01:00,93.63393586318504,113.11
2026-01-25 14:00:00+01:00,96.26259138431944,112.9
2026-01-25 14:15:00+01:00,96.71843815784231,112.9
2026-01-25 14:30:00+01:00,101.63737908717034,114.42
2026-01-25 14:45:00+01:00,108.1566900468702,117.04
2026-01-25 15:00:00+01:00,98.27810794792975,107.6
2026-01-25 15:15:00+01:00,105.6523104813169,109.3
2026-01-25 15:30:00+01:00,115.6292834300347,113.27
2026-01-25 15:45:00+01:00,117.71113751219978,116.84
2026-01-25 16:00:00+01:00,111.06386844675868,107.79
2026-01-25 16:15:00+01:00,117.47244820124249,111.73
2026-01-25 16:30:00+01:00,119.8254479582105,120.38
2026-01-25 16:45:00+01:00,122.96905105127072,127.7
2026-01-25 17:00:00+01:00,118.6353096817751,123.99
2026-01-25 17:15:00+01:00,122.01031221906766,132.91
2026-01-25 17:30:00+01:00,123.1002953453411,133.37
2026-01-25 17:45:00+01:00,122.15106414333798,134.58
2026-01-25 18:00:00+01:00,123.5044935465776,138.83
2026-01-25 18:15:00+01:00,124.29341260063389,139.33
2026-01-25 18:30:00+01:00,120.1900122886738,137.97
2026-01-25 18:45:00+01:00,120.06581486500716,133.37
2026-01-25 19:00:00+01:00,121.05623978699852,136.74
2026-01-25 19:15:00+01:00,116.56025900380214,133.13
2026-01-25 19:30:00+01:00,113.3753585746854,130.77
2026-01-25 19:45:00+01:00,111.33338569465715,129.66
2026-01-25 20:00:00+01:00,112.65608118803752,132.65
2026-01-25 20:15:00+01:00,106.65223865401788,129.26
2026-01-25 20:30:00+01:00,106.25123813906018,120.89
2026-01-25 20:45:00+01:00,103.55958157453918,113.27
2026-01-25 21:00:00+01:00,104.97211002989526,120.37
2026-01-25 21:15:00+01:00,101.86750316238508,116.53
2026-01-25 21:30:00+01:00,102.90928286609052,111.85
2026-01-25 21:45:00+01:00,100.96602197897388,107.34
2026-01-25 22:00:00+01:00,102.3984439552317,119.05
2026-01-25 22:15:00+01:00,97.76055954383745,112.79
2026-01-25 22:30:00+01:00,101.50934300100836,109.47
2026-01-25 22:45:00+01:00,96.30745566719212,106.46
2026-01-25 23:00:00+01:00,101.39953397465844,108.3
2026-01-25 23:15:00+01:00,97.49491605613667,104.76
2026-01-25 23:30:00+01:00,97.67110997295184,102.74
2026-01-25 23:45:00+01:00,94.00846227755444,102.16
2026-01-26 00:00:00+01:00,105.18370757977937,109.76
2026-01-26 00:15:00+01:00,104.86132316106242,105.42
2026-01-26 00:30:00+01:00,100.79285600427976,101.11
2026-01-26 00:45:00+01:00,96.44677126406694,99.41
2026-01-26 01:00:00+01:00,102.32118209948236,102.49
2026-01-26 01:15:00+01:00,100.42723300154616,101.24
2026-01-26 01:30:00+01:00,99.23683619612076,100.85
2026-01-26 01:45:00+01:00,98.04703931107773,99.87
2026-01-26 02:00:00+01:00,98.14354517982866,100.8
2026-01-26 02:15:00+01:00,102.42972940562294,99.4
2026-01-26 02:30:00+01:00,97.87503595698752,96.92
2026-01-26 02:45:00+01:00,98.4935737439218,97.79
2026-01-26 03:00:00+01:00,95.8206885148968,95.44
2026-01-26 03:15:00+01:00,95.56746842815986,96.38
2026-01-26 03:30:00+01:00,95.33985661090465,95.55
2026-01-26 03:45:00+01:00,98.07472640573454,96.04
2026-01-26 04:00:00+01:00,94.5269377102089,94.69
2026-01-26 04:15:00+01:00,96.70172254443985,94.85
2026-01-26 04:30:00+01:00,97.93010346299178,95.29
2026-01-26 04:45:00+01:00,102.99891858495376,95.3
2026-01-26 05:00:00+01:00,107.17653278412884,93.64
2026-01-26 05:15:00+01:00,112.27655995422472,94.2
2026-01-26 05:30:00+01:00,108.9148660706816,99.48
2026-01-26 05:45:00+01:00,120.66923266265589,101.45
2026-01-26 06:00:00+01:00,118.02942477404416,103.55
2026-01-26 06:15:00+01:00,131.41138949570325,110.03
2026-01-26 06:30:00+01:00,131.03937915281136,113.57
2026-01-26 06:45:00+01:00,138.96851878594032,129.96
2026-01-26 07:00:00+01:00,142.02526632796116,131.83
2026-01-26 07:15:00+01:00,152.90825188250275,145.83
2026-01-26 07:30:00+01:00,151.43374175818693,159.19
2026-01-26 07:45:00+01:00,157.02765824810322,175.94
2026-01-26 08:00:00+01:00,167.79296315874123,163.86
2026-01-26 08:15:00+01:00,162.97432808536288,177.32
2026-01-26 08:30:00+01:00,154.83289913513585,184.51
2026-01-26 08:45:00+01:00,146.46101695284352,174.84
2026-01-26 09:00:00+01:00,157.24525248898036,191.5
2026-01-26 09:15:00+01:00,148.81885468014565,184.5
2026-01-26 09:30:00+01:00,142.86577488681633,172.9
2026-01-26 09:45:00+01:00,155.47873366541435,162.97
2026-01-26 10:00:00+01:00,139.62293301949254,186.82
2026-01-26 10:15:00+01:00,154.3578253617209,184.64
2026-01-26 10:30:00+01:00,152.50815373699308,177.18
2026-01-26 10:45:00+01:00,132.002380394198,163.41
2026-01-26 11:00:00+01:00,139.7211287839169,177.78
2026-01-26 11:15:00+01:00,142.66817124687446,171.99
2026-01-26 11:30:00+01:00,145.75774081970889,167.9
2026-01-26 11:45:00+01:00,127.27730449271388,163.7
2026-01-26 12:00:00+01:00,133.7700138428013,168.65
2026-01-26 12:15:00+01:00,137.2981157753163,158.57
2026-01-26 12:30:00+01:00,141.79844768064265,151.0
2026-01-26 12:45:00+01:00,133.52105984391318,145.9
2026-01-26 13:00:00+01:00,142.4194039059509,158.13
2026-01-26 13:15:00+01:00,148.09621363820446,150.89
2026-01-26 13:30:00+01:00,129.67486474082338,147.57
2026-01-26 13:45:00+01:00,122.69828298034716,140.99
2026-01-26 14:00:00+01:00,133.10280521094313,141.83
2026-01-26 14:15:00+01:00,131.16876173394655,149.99
2026-01-26 14:30:00+01:00,133.7576235829583,147.6
2026-01-26 14:45:00+01:00,134.36873127511436,151.7
2026-01-26 15:00:00+01:00,125.78688205783686,152.67
2026-01-26 15:15:00+01:00,140.79895453885126,151.94
2026-01-26 15:30:00+01:00,140.12431084911927,163.7
2026-01-26 15:45:00+01:00,144.97818845127065,171.57
2026-01-26 16:00:00+01:00,131.42382077150702,151.97
2026-01-26 16:15:00+01:00,150.47738221972173,153.0
2026-01-26 16:30:00+01:00,155.53442451782112,170.0
2026-01-26 16:45:00+01:00,153.82082406246963,190.35
2026-01-26 17:00:00+01:00,146.00663424168943,152.12
2026-01-26 17:15:00+01:00,153.9771564204495,170.5
2026-01-26 17:30:00+01:00,163.72933411223983,192.14
2026-01-26 17:45:00+01:00,165.37465081830322,200.03
2026-01-26 18:00:00+01:00,153.3402603466193,187.36
2026-01-26 18:15:00+01:00,154.2465299271464,175.96
2026-01-26 18:30:00+01:00,151.97879823389098,178.59
2026-01-26 18:45:00+01:00,153.4031296145428,170.18
2026-01-26 19:00:00+01:00,153.90296454377648,182.77
2026-01-26 19:15:00+01:00,148.92370404307152,179.57
2026-01-26 19:30:00+01:00,152.4635284446195,164.59
2026-01-26 19:45:00+01:00,147.80526733454363,152.96
2026-01-26 20:00:00+01:00,137.49197104136147,167.85
2026-01-26 20:15:00+01:00,143.87291053495966,153.27
2026-01-26 20:30:00+01:00,133.96844150481016,151.02
2026-01-26 20:45:00+01:00,133.73486678837517,144.52
2026-01-26 21:00:00+01:00,135.1691368052675,149.95
2026-01-26 21:15:00+01:00,145.93264357267762,141.05
2026-01-26 21:30:00+01:00,159.94389220469574,140.99
2026-01-26 21:45:00+01:00,151.55200245815246,116.46
2026-01-26 22:00:00+01:00,117.97885988128922,138.28
2026-01-26 22:15:00+01:00,121.53696848209869,124.03
2026-01-26 22:30:00+01:00,144.11109380112555,113.75
2026-01-26 22:45:00+01:00,134.43921575262587,109.94
2026-01-26 23:00:00+01:00,122.63842541111995,118.32
2026-01-26 23:15:00+01:00,126.28716039811874,115.87
2026-01-26 23:30:00+01:00,151.7778952617035,107.72
2026-01-26 23:45:00+01:00,165.26021599800754,104.83
2026-01-27 00:00:00+01:00,113.84871352513908,123.39
2026-01-27 00:15:00+01:00,103.07687476547282,119.09
2026-01-27 00:30:00+01:00,106.13315425218944,117.52
2026-01-27 00:45:00+01:00,103.08469717720746,115.07
2026-01-27 01:00:00+01:00,107.86749259574682,116.8
2026-01-27 01:15:00+01:00,105.9770795443986,114.88
2026-01-27 01:30:00+01:00,107.17329458328066,113.13
2026-01-27 01:45:00+01:00,102.02095610551972,110.0
2026-01-27 02:00:00+01:00,103.26001747367197,113.07
2026-01-27 02:15:00+01:00,101.54210910500802,112.25
2026-01-27 02:30:00+01:00,101.92205719662854,111.96
2026-01-27 02:45:00+01:00,103.989193198048,111.35
2026-01-27 03:00:00+01:00,101.51036383586418,113.09
2026-01-27 03:15:00+01:00,100.4571489997708,110.98
2026-01-27 03:30:00+01:00,100.91434536071314,110.95
2026-01-27 03:45:00+01:00,106.2084098400192,110.93
2026-01-27 04:00:00+01:00,99.20587692806218,110.5
2026-01-27 04:15:00+01:00,102.396400308198,110.59
2026-01-27 04:30:00+01:00,104.79737478153338,110.04
2026-01-27 04:45:00+01:00,109.07676703620793,111.05
2026-01-27 05:00:00+01:00,102.07981343343845,107.0
2026-01-27 05:15:00+01:00,105.99391152448668,109.98
2026-01-27 05:30:00+01:00,113.418348302143,112.8
2026-01-27 05:45:00+01:00,111.21781240940648,116.82
2026-01-27 06:00:00+01:00,117.60728016388472,113.92
2026-01-27 06:15:00+01:00,139.43771362553605,122.68
2026-01-27 06:30:00+01:00,155.791955174529,140.17
2026-01-27 06:45:00+01:00,156.4949303300214,157.67
2026-01-27 07:00:00+01:00,142.8899051661679,133.03
2026-01-27 07:15:00+01:00,165.59729766788547,152.98
2026-01-27 07:30:00+01:00,148.78864224516266,167.0
2026-01-27 07:45:00+01:00,149.85680806439132,186.49
2026-01-27 08:00:00+01:00,160.39902551201598,186.4
2026-01-27 08:15:00+01:00,162.70745434859856,185.95
2026-01-27 08:30:00+01:00,162.85064048069125,170.7
2026-01-27 08:45:00+01:00,157.49373483915366,163.49
2026-01-27 09:00:00+01:00,168.99491956072302,188.69
2026-01-27 09:15:00+01:00,163.2724461626071,173.11
2026-01-27 09:30:00+01:00,163.9975574090812,169.99
2026-01-27 09:45:00+01:00,155.34974707942956,152.99
2026-01-27 10:00:00+01:00,159.5109035240295,169.94
2026-01-27 10:15:00+01:00,156.0865025797154,152.64
2026-01-27 10:30:00+01:00,163.09969487149883,138.16
2026-01-27 10:45:00+01:00,161.55145606093038,133.09
2026-01-27 11:00:00+01:00,155.59577040684462,141.89
2026-01-27 11:15:00+01:00,156.76897495064688,135.24
2026-01-27 11:30:00+01:00,151.3880150859494,133.01
2026-01-27 11:45:00+01:00,139.36080239237054,123.02
2026-01-27 12:00:00+01:00,144.84677000403698,131.25
2026-01-27 12:15:00+01:00,141.86672546123643,127.0
2026-01-27 12:30:00+01:00,142.49007155285366,119.79
2026-01-27 12:45:00+01:00,143.13629693585534,114.08
2026-01-27 13:00:00+01:00,145.4465281640581,114.95
2026-01-27 13:15:00+01:00,142.9708743926239,112.28
2026-01-27 13:30:00+01:00,136.2732594122293,110.03
2026-01-27 13:45:00+01:00,126.85449457095837,112.69
2026-01-27 14:00:00+01:00,137.94825121269744,124.87
2026-01-27 14:15:00+01:00,131.85025946141067,129.44
2026-01-27 14:30:00+01:00,130.2716164828264,133.77
2026-01-27 14:45:00+01:00,130.50567954347432,136.25
2026-01-27 15:00:00+01:00,129.50830610903932,131.72
2026-01-27 15:15:00+01:00,134.32662965199572,126.43
2026-01-27 15:30:00+01:00,134.9968585947318,124.64
2026-01-27 15:45:00+01:00,137.94725194889435,127.0
2026-01-27 16:00:00+01:00,136.47382898691006,136.98
2026-01-27 16:15:00+01:00,143.69945478057213,127.01
2026-01-27 16:30:00+01:00,146.2358506591313,129.03
2026-01-27 16:45:00+01:00,145.73629609358636,138.9
2026-01-27 17:00:00+01:00,152.05077228934317,137.49
2026-01-27 17:15:00+01:00,151.55819200249422,158.07
2026-01-27 17:30:00+01:00,156.28310517288196,170.01
2026-01-27 17:45:00+01:00,156.63392255753476,144.91
2026-01-27 18:00:00+01:00,146.84396142916202,133.6
2026-01-27 18:15:00+01:00,141.14682148056934,135.77
2026-01-27 18:30:00+01:00,137.69995380835533,143.64
2026-01-27 18:45:00+01:00,138.94848777116133,151.55
2026-01-27 19:00:00+01:00,135.99145989551107,149.81
2026-01-27 19:15:00+01:00,127.95138010145544,138.37
2026-01-27 19:30:00+01:00,126.69401648855062,136.34
2026-01-27 19:45:00+01:00,122.98979357295318,131.01
2026-01-27 20:00:00+01:00,119.49239071632266,134.38
2026-01-27 20:15:00+01:00,114.8474191713348,123.24
2026-01-27 20:30:00+01:00,115.85859214860824,115.88
2026-01-27 20:45:00+01:00,117.50638752383996,112.85
2026-01-27 21:00:00+01:00,113.8045966349322,117.99
2026-01-27 21:15:00+01:00,109.12038327921458,119.36
2026-01-27 21:30:00+01:00,107.63990748400384,123.01
2026-01-27 21:45:00+01:00,118.5719697350489,117.11
2026-01-27 22:00:00+01:00,105.9775056538945,122.79
2026-01-27 22:15:00+01:00,104.02876931215263,120.0
2026-01-27 22:30:00+01:00,115.38922428677692,122.29
2026-01-27 22:45:00+01:00,109.45936458426095,117.72
2026-01-27 23:00:00+01:00,108.78736337610796,119.11
2026-01-27 23:15:00+01:00,106.87573527573632,111.58
2026-01-27 23:30:00+01:00,112.02854906605342,110.03
2026-01-27 23:45:00+01:00,107.99105061198776,106.68
2026-01-28 00:00:00+01:00,113.61226336522532,111.06
2026-01-28 00:15:00+01:00,110.95159007863198,109.12
2026-01-28 00:30:00+01:00,107.40593046558644,101.32
2026-01-28 00:45:00+01:00,102.64226251003204,100.4
2026-01-28 01:00:00+01:00,108.4829679148514,109.29
2026-01-28 01:15:00+01:00,106.12674706944694,105.51
2026-01-28 01:30:00+01:00,103.79467615148307,102.66
2026-01-28 01:45:00+01:00,103.23065147179744,100.4
2026-01-28 02:00:00+01:00,100.07914801235988,106.72
2026-01-28 02:15:00+01:00,99.86311562422352,105.6
2026-01-28 02:30:00+01:00,101.61381899483936,102.91
2026-01-28 02:45:00+01:00,101.37673698439885,102.63
2026-01-28 03:00:00+01:00,100.74597407712018,102.34
2026-01-28 03:15:00+01:00,100.32370684765942,101.25
2026-01-28 03:30:00+01:00,99.99412479270316,102.38
2026-01-28 03:45:00+01:00,98.64818505794014,102.99
2026-01-28 04:00:00+01:00,99.8703444340267,103.23
2026-01-28 04:15:00+01:00,100.35003144424805,103.46
2026-01-28 04:30:00+01:00,102.20875810728164,104.91
2026-01-28 04:45:00+01:00,103.1825152865872,107.25
2026-01-28 05:00:00+01:00,103.6712593857692,104.59
2026-01-28 05:15:00+01:00,109.46163085621444,106.18
2026-01-28 05:30:00+01:00,107.0401632217234,109.92
2026-01-28 05:45:00+01:00,105.97834629022148,105.71
2026-01-28 06:00:00+01:00,111.16921919360765,105.44
2026-01-28 06:15:00+01:00,115.07847402159246,109.29
2026-01-28 06:30:00+01:00,114.1357001958708,117.32
2026-01-28 06:45:00+01:00,124.84419738275784,122.74
2026-01-28 07:00:00+01:00,120.48358531772784,132.01
2026-01-28 07:15:00+01:00,135.62707396662276,142.03
2026-01-28 07:30:00+01:00,133.91590203203714,144.4
2026-01-28 07:45:00+01:00,136.74094097320005,155.95
2026-01-28 08:00:00+01:00,135.83913835566952,158.21
2026-01-28 08:15:00+01:00,143.85653528467896,168.21
2026-01-28 08:30:00+01:00,142.5506155322151,174.19
2026-01-28 08:45:00+01:00,134.38640755723955,183.4
2026-01-28 09:00:00+01:00,154.84194133011073,182.38
2026-01-28 09:15:00+01:00,146.32163173483767,179.82
2026-01-28 09:30:00+01:00,139.57599392514828,167.78
2026-01-28 09:45:00+01:00,135.05322674640368,164.6
2026-01-28 10:00:00+01:00,145.00304053079878,188.34
2026-01-28 10:15:00+01:00,137.10855503367424,174.74
2026-01-28 10:30:00+01:00,133.48740617387935,169.37
2026-01-28 10:45:00+01:00,124.47881157076836,156.85
2026-01-28 11:00:00+01:00,134.8335868153359,170.97
2026-01-28 11:15:00+01:00,137.44054195633524,164.35
2026-01-28 11:30:00+01:00,129.70016103949408,165.6
2026-01-28 11:45:00+01:00,125.82069187526156,164.04
2026-01-28 12:00:00+01:00,129.65149899101303,162.75
2026-01-28 12:15:00+01:00,126.6446635327306,158.34
2026-01-28 12:30:00+01:00,126.3119548745866,154.27
2026-01-28 12:45:00+01:00,126.61769190089676,152.99
2026-01-28 13:00:00+01:00,129.47013909831196,152.99
2026-01-28 13:15:00+01:00,129.79580253286468,155.44
2026-01-28 13:30:00+01:00,127.43555341474324,145.1
2026-01-28 13:45:00+01:00,124.8814297982693,138.12
2026-01-28 14:00:00+01:00,127.61728609694056,145.6
2026-01-28 14:15:00+01:00,131.08996248782617,142.02
2026-01-28 14:30:00+01:00,125.29082557953484,143.52
2026-01-28 14:45:00+01:00,126.60552320258724,149.0
2026-01-28 15:00:00+01:00,120.03512881785666,143.24
2026-01-28 15:15:00+01:00,128.14459153485657,136.33
2026-01-28 15:30:00+01:00,133.03138772443228,139.61
2026-01-28 15:45:00+01:00,141.76557503058925,145.37
2026-01-28 16:00:00+01:00,125.69176631860492,140.46
2026-01-28 16:15:00+01:00,138.59227600019042,143.15
2026-01-28 16:30:00+01:00,143.96909140093243,148.1
2026-01-28 16:45:00+01:00,151.12612695329398,156.8
2026-01-28 17:00:00+01:00,145.42814784496352,150.01
2026-01-28 17:15:00+01:00,152.7612182500166,168.4
2026-01-28 17:30:00+01:00,153.96577944598198,168.49
2026-01-28 17:45:00+01:00,152.3810383475175,169.99
2026-01-28 18:00:00+01:00,152.59197427515664,173.56
2026-01-28 18:15:00+01:00,146.09905014334342,171.5
2026-01-28 18:30:00+01:00,142.6834180485401,168.4
2026-01-28 18:45:00+01:00,141.4016181528939,168.24
2026-01-28 19:00:00+01:00,139.58978183913237,169.73
2026-01-28 19:15:00+01:00,133.53848432011424,166.8
2026-01-28 19:30:00+01:00,129.5622301908472,161.2
2026-01-28 19:45:00+01:00,123.78517790200208,147.17
2026-01-28 20:00:00+01:00,120.07718309848242,145.15
2026-01-28 20:15:00+01:00,118.26351972114333,137.14
2026-01-28 20:30:00+01:00,114.94623198959398,133.9
2026-01-28 20:45:00+01:00,109.73683775158662,120.87
2026-01-28 21:00:00+01:00,112.06887817173389,132.0
2026-01-28 21:15:00+01:00,107.51680700693149,121.05
2026-01-28 21:30:00+01:00,103.29000722663282,113.08
2026-01-28 21:45:00+01:00,100.80877850782224,109.91
2026-01-28 22:00:00+01:00,105.06158609119387,123.43
2026-01-28 22:15:00+01:00,102.5357804495012,115.41
2026-01-28 22:30:00+01:00,104.76581555759016,117.84
2026-01-28 22:45:00+01:00,101.140313184646,111.32
2026-01-28 23:00:00+01:00,101.34725826655357,119.23
2026-01-28 23:15:00+01:00,98.18702889763638,110.54
2026-01-28 23:30:00+01:00,96.88489823173444,110.05
2026-01-28 23:45:00+01:00,94.88166137646104,104.01
2026-01-29 00:00:00+01:00,111.8597652727189,107.89
2026-01-29 00:15:00+01:00,109.5456689993664,104.58
2026-01-29 00:30:00+01:00,105.87582900409124,103.82
2026-01-29 00:45:00+01:00,102.3521893808112,101.91
2026-01-29 01:00:00+01:00,109.45699649099438,105.8
2026-01-29 01:15:00+01:00,106.1798000683096,104.03
2026-01-29 01:30:00+01:00,104.64639259412355,103.74
2026-01-29 01:45:00+01:00,100.97410470995506,102.43
2026-01-29 02:00:00+01:00,104.00218162587052,103.01
2026-01-29 02:15:00+01:00,100.1281966617748,102.6
2026-01-29 02:30:00+01:00,99.89233042783458,101.68
2026-01-29 02:45:00+01:00,99.94390089366097,100.23
2026-01-29 03:00:00+01:00,99.20954223418258,100.03
2026-01-29 03:15:00+01:00,98.85475114569616,100.0
2026-01-29 03:30:00+01:00,98.36005355489844,99.98
2026-01-29 03:45:00+01:00,100.64373037750008,100.08
2026-01-29 04:00:00+01:00,99.73559109790706,99.48
2026-01-29 04:15:00+01:00,98.87031482988976,100.29
2026-01-29 04:30:00+01:00,99.807935735213,100.53
2026-01-29 04:45:00+01:00,100.01846203031045,103.43
2026-01-29 05:00:00+01:00,98.92464150491703,101.36
2026-01-29 05:15:00+01:00,100.9163579153778,102.82
2026-01-29 05:30:00+01:00,103.270539354243,107.52
2026-01-29 05:45:00+01:00,103.2066773067867,106.85
2026-01-29 06:00:00+01:00,105.39137472063726,103.85
2026-01-29 06:15:00+01:00,110.34029665905877,108.74
2026-01-29 06:30:00+01:00,112.8954665950911,118.35
2026-01-29 06:45:00+01:00,120.84082281280618,133.54
2026-01-29 07:00:00+01:00,113.6257596278641,126.9
2026-01-29 07:15:00+01:00,124.28678834768702,145.84
2026-01-29 07:30:00+01:00,131.7108224057553,161.36
2026-01-29 07:45:00+01:00,137.66020130222466,164.28
2026-01-29 08:00:00+01:00,135.39433205132136,163.58
2026-01-29 08:15:00+01:00,138.5842094031294,165.62
2026-01-29 08:30:00+01:00,140.10754703559326,167.25
2026-01-29 08:45:00+01:00,129.8721405378557,166.28
2026-01-29 09:00:00+01:00,148.8194156792489,173.07
2026-01-29 09:15:00+01:00,146.72202231521857,166.21
2026-01-29 09:30:00+01:00,137.88095718717045,168.33
2026-01-29 09:45:00+01:00,136.3370001971292,164.53
2026-01-29 10:00:00+01:00,140.6926079475091,168.34
2026-01-29 10:15:00+01:00,143.45972325767633,163.72
2026-01-29 10:30:00+01:00,133.13572307503787,158.04
2026-01-29 10:45:00+01:00,129.3984342044905,152.6
2026-01-29 11:00:00+01:00,137.06966389576542,159.49
2026-01-29 11:15:00+01:00,134.86650497623395,154.32
2026-01-29 11:30:00+01:00,131.9125578380328,151.17
2026-01-29 11:45:00+01:00,125.36382295176068,146.19
2026-01-29 12:00:00+01:00,139.45398722316173,147.59
2026-01-29 12:15:00+01:00,126.96639399243053,143.91
2026-01-29 12:30:00+01:00,125.93718928767642,141.57
2026-01-29 12:45:00+01:00,122.60984830246434,139.07
2026-01-29 13:00:00+01:00,128.30849128284692,148.88
2026-01-29 13:15:00+01:00,139.70424385195162,141.24
2026-01-29 13:30:00+01:00,125.89316537743456,140.29
2026-01-29 13:45:00+01:00,136.97224620429228,140.85
2026-01-29 14:00:00+01:00,126.62808969227876,140.77
2026-01-29 14:15:00+01:00,126.27868726684896,141.38
2026-01-29 14:30:00+01:00,121.95144155278751,143.86
2026-01-29 14:45:00+01:00,124.4689647987986,145.96
2026-01-29 15:00:00+01:00,115.4830380465818,143.31
2026-01-29 15:15:00+01:00,123.33214731363528,145.35
2026-01-29 15:30:00+01:00,129.6487488971148,148.25
2026-01-29 15:45:00+01:00,137.607408770672,153.54
2026-01-29 16:00:00+01:00,122.0279750705437,145.47
2026-01-29 16:15:00+01:00,133.1170564813779,151.21
2026-01-29 16:30:00+01:00,139.2966544905002,153.07
2026-01-29 16:45:00+01:00,144.4389385613733,162.66
2026-01-29 17:00:00+01:00,137.4971085846095,155.66
2026-01-29 17:15:00+01:00,148.0176473976655,159.21
2026-01-29 17:30:00+01:00,155.00577453666193,161.82
2026-01-29 17:45:00+01:00,151.21483469283973,161.22
2026-01-29 18:00:00+01:00,146.09745262745335,158.94
2026-01-29 18:15:00+01:00,142.61205087213918,157.74
2026-01-29 18:30:00+01:00,140.711621787826,155.81
2026-01-29 18:45:00+01:00,140.6884981375966,156.47
2026-01-29 19:00:00+01:00,144.9803641251862,152.24
2026-01-29 19:15:00+01:00,133.16750846996567,154.7
2026-01-29 19:30:00+01:00,129.57030725263562,152.99
2026-01-29 19:45:00+01:00,122.92116226933072,140.22
2026-01-29 20:00:00+01:00,126.419436292422,144.57
2026-01-29 20:15:00+01:00,119.92416171259153,129.66
2026-01-29 20:30:00+01:00,115.11607624018087,120.03
2026-01-29 20:45:00+01:00,108.05662001061565,111.97
2026-01-29 21:00:00+01:00,112.94765330392389,121.98
2026-01-29 21:15:00+01:00,110.26308103797422,115.19
2026-01-29 21:30:00+01:00,102.37959993328236,109.65
2026-01-29 21:45:00+01:00,97.95477915448024,107.46
2026-01-29 22:00:00+01:00,107.15894705135148,113.21
2026-01-29 22:15:00+01:00,104.0822736904738,109.51
2026-01-29 22:30:00+01:00,99.25027492798787,109.06
2026-01-29 22:45:00+01:00,94.78354805166605,105.48
2026-01-29 23:00:00+01:00,102.39475815926208,110.93
2026-01-29 23:15:00+01:00,93.00426328204816,101.4
2026-01-29 23:30:00+01:00,86.86519017491092,103.12
2026-01-29 23:45:00+01:00,88.68512232536253,96.46
2026-01-30 00:00:00+01:00,105.78274632104257,125.08
2026-01-30 00:15:00+01:00,102.0152390028347,114.0
2026-01-30 00:30:00+01:00,97.93711129617652,104.21
2026-01-30 00:45:00+01:00,94.6844039327366,100.97
2026-01-30 01:00:00+01:00,101.4619999414227,106.22
2026-01-30 01:15:00+01:00,97.9971564512986,104.65
2026-01-30 01:30:00+01:00,95.93648862850542,102.47
2026-01-30 01:45:00+01:00,93.8763700008818,99.91
2026-01-30 02:00:00+01:00,97.27831806304695,104.26
2026-01-30 02:15:00+01:00,94.8075572807778,101.87
2026-01-30 02:30:00+01:00,94.13311246687636,99.12
2026-01-30 02:45:00+01:00,92.8774024674883,98.16
2026-01-30 03:00:00+01:00,93.57241137530278,99.22
2026-01-30 03:15:00+01:00,92.32953325554388,96.9
2026-01-30 03:30:00+01:00,92.388209734517,96.71
2026-01-30 03:45:00+01:00,92.36770838741366,96.72
2026-01-30 04:00:00+01:00,91.12451109803833,97.32
2026-01-30 04:15:00+01:00,91.0293362499472,95.66
2026-01-30 04:30:00+01:00,92.11673792266916,96.82
2026-01-30 04:45:00+01:00,92.2220307387828,99.4
2026-01-30 05:00:00+01:00,90.89266562351304,94.3
2026-01-30 05:15:00+01:00,92.43306606837643,93.4
2026-01-30 05:30:00+01:00,94.71217473500144,93.74
2026-01-30 05:45:00+01:00,92.50717777565924,103.67
2026-01-30 06:00:00+01:00,90.41746127617088,99.41
2026-01-30 06:15:00+01:00,98.1200051324598,108.44
2026-01-30 06:30:00+01:00,103.16683282470692,116.71
2026-01-30 06:45:00+01:00,109.15663825781776,119.94
2026-01-30 07:00:00+01:00,104.26360444812858,118.64
2026-01-30 07:15:00+01:00,112.80493253324006,132.46
2026-01-30 07:30:00+01:00,122.496946328278,134.32
2026-01-30 07:45:00+01:00,129.159404341901,141.69
2026-01-30 08:00:00+01:00,129.5981910169239,141.86
2026-01-30 08:15:00+01:00,131.5599612835963,150.01
2026-01-30 08:30:00+01:00,135.89377233786792,145.36
2026-01-30 08:45:00+01:00,130.753255600697,137.79
2026-01-30 09:00:00+01:00,140.93456760830006,152.99
2026-01-30 09:15:00+01:00,136.09661650153723,149.05
2026-01-30 09:30:00+01:00,133.60749032440754,145.48
2026-01-30 09:45:00+01:00,128.75814833766427,140.62
2026-01-30 10:00:00+01:00,132.39348196651673,145.01
2026-01-30 10:15:00+01:00,137.1353254128677,136.36
2026-01-30 10:30:00+01:00,124.77268037822856,127.0
2026-01-30 10:45:00+01:00,108.62807729924934,122.15
2026-01-30 11:00:00+01:00,118.96361948145532,134.07
2026-01-30 11:15:00+01:00,107.95180675617196,125.28
2026-01-30 11:30:00+01:00,112.6293718302888,126.13
2026-01-30 11:45:00+01:00,109.2363848098823,118.92
2026-01-30 12:00:00+01:00,117.66917359366413,127.01
2026-01-30 12:15:00+01:00,113.73544795491968,117.8
2026-01-30 12:30:00+01:00,112.89169145290586,115.32
2026-01-30 12:45:00+01:00,108.95001397925972,112.69
2026-01-30 13:00:00+01:00,112.98082369050604,114.11
2026-01-30 13:15:00+01:00,112.61775197753198,111.01
2026-01-30 13:30:00+01:00,106.10712942133054,108.24
2026-01-30 13:45:00+01:00,109.61138971763968,108.2
2026-01-30 14:00:00+01:00,112.91806262646114,109.94
2026-01-30 14:15:00+01:00,119.44521449276678,109.38
2026-01-30 14:30:00+01:00,119.28518324499638,111.07
2026-01-30 14:45:00+01:00,119.63402491774956,110.88
2026-01-30 15:00:00+01:00,112.11623236306886,108.03
2026-01-30 15:15:00+01:00,117.90623255747197,109.3
2026-01-30 15:30:00+01:00,121.47637886734675,111.23
2026-01-30 15:45:00+01:00,127.07205260349144,116.22
2026-01-30 16:00:00+01:00,117.075649724931,110.35
2026-01-30 16:15:00+01:00,123.9249307641435,113.16
2026-01-30 16:30:00+01:00,127.5704605036656,117.21
2026-01-30 16:45:00+01:00,134.06280758203764,119.03
2026-01-30 17:00:00+01:00,132.2708675162399,118.64
2026-01-30 17:15:00+01:00,139.6850477959129,124.0
2026-01-30 17:30:00+01:00,140.2726871666802,129.6
2026-01-30 17:45:00+01:00,136.47794693767275,127.0
2026-01-30 18:00:00+01:00,139.12591248501082,129.43
2026-01-30 18:15:00+01:00,134.03836266175688,122.56
2026-01-30 18:30:00+01:00,129.09077439741557,123.56
2026-01-30 18:45:00+01:00,128.3805249369383,116.0
2026-01-30 19:00:00+01:00,131.33889489979305,117.3
2026-01-30 19:15:00+01:00,122.80141553137204,112.05
2026-01-30 19:30:00+01:00,117.26945382538068,112.5
2026-01-30 19:45:00+01:00,113.15739754384528,110.5
2026-01-30 20:00:00+01:00,115.83284100214924,113.76
2026-01-30 20:15:00+01:00,121.32356919390936,108.66
2026-01-30 20:30:00+01:00,105.45874169321831,106.27
2026-01-30 20:45:00+01:00,98.52368188961128,105.7
2026-01-30 21:00:00+01:00,104.6624334932169,107.77
2026-01-30 21:15:00+01:00,100.09386488679112,104.99
2026-01-30 21:30:00+01:00,103.51894775479172,98.56
2026-01-30 21:45:00+01:00,93.67999146980398,95.41
2026-01-30 22:00:00+01:00,99.41662033168024,105.32
2026-01-30 22:15:00+01:00,95.61047679833842,101.15
2026-01-30 22:30:00+01:00,97.58391565767232,100.68
2026-01-30 22:45:00+01:00,94.59912447940928,97.21
2026-01-30 23:00:00+01:00,97.5297631732988,95.78
2026-01-30 23:15:00+01:00,91.06955457564996,92.77
2026-01-30 23:30:00+01:00,96.71150559194136,92.67
2026-01-30 23:45:00+01:00,88.86398289852616,89.56
2026-01-31 00:00:00+01:00,96.8885304741218,108.65
2026-01-31 00:15:00+01:00,92.32960472499244,96.71
2026-01-31 00:30:00+01:00,89.12649569317868,92.11
2026-01-31 00:45:00+01:00,87.2891208932599,90.34
2026-01-31 01:00:00+01:00,92.08048497482146,99.41
2026-01-31 01:15:00+01:00,89.30849586408696,95.75
2026-01-31 01:30:00+01:00,88.4956314593561,98.84
2026-01-31 01:45:00+01:00,86.19523959622765,95.51
2026-01-31 02:00:00+01:00,89.03288455043192,92.72
2026-01-31 02:15:00+01:00,88.31177038007792,89.96
2026-01-31 02:30:00+01:00,87.4637635869637,98.78
2026-01-31 02:45:00+01:00,85.6417243071633,96.57
2026-01-31 03:00:00+01:00,87.996550763446,93.95
2026-01-31 03:15:00+01:00,85.46239523646527,94.15
2026-01-31 03:30:00+01:00,85.56052245328327,93.84
2026-01-31 03:45:00+01:00,84.24757389500044,94.38
2026-01-31 04:00:00+01:00,86.07984674400738,92.88
2026-01-31 04:15:00+01:00,85.49893540018304,93.35
2026-01-31 04:30:00+01:00,84.51473780186105,93.43
2026-01-31 04:45:00+01:00,84.29876881133643,93.64
2026-01-31 05:00:00+01:00,84.77021111677463,93.62
2026-01-31 05:15:00+01:00,85.80606504144731,93.99
2026-01-31 05:30:00+01:00,86.35646662681249,94.03
2026-01-31 05:45:00+01:00,86.25476691272313,94.59
2026-01-31 06:00:00+01:00,85.17598717199779,92.15
2026-01-31 06:15:00+01:00,85.12725591360875,92.8
2026-01-31 06:30:00+01:00,86.43583506914908,94.62
2026-01-31 06:45:00+01:00,92.97694332896808,94.23
2026-01-31 07:00:00+01:00,93.6974113611731,93.44
2026-01-31 07:15:00+01:00,95.79130974763972,94.64
2026-01-31 07:30:00+01:00,99.53972325402412,91.61
2026-01-31 07:45:00+01:00,102.09022324966128,91.92
2026-01-31 08:00:00+01:00,102.0056008256525,100.96
2026-01-31 08:15:00+01:00,101.69111438633747,103.67
2026-01-31 08:30:00+01:00,104.64823945323349,105.25
2026-01-31 08:45:00+01:00,105.22046419278736,105.94
2026-01-31 09:00:00+01:00,111.69010437871812,106.97
2026-01-31 09:15:00+01:00,112.42195928957888,107.86
2026-01-31 09:30:00+01:00,102.43200045778676,111.35
2026-01-31 09:45:00+01:00,103.6980800657048,110.07
2026-01-31 10:00:00+01:00,113.14687504839334,119.86
2026-01-31 10:15:00+01:00,107.96676826560208,114.87
2026-01-31 10:30:00+01:00,105.88388958257926,113.84
2026-01-31 10:45:00+01:00,100.25847451316191,108.29
2026-01-31 11:00:00+01:00,99.87976455095745,118.79
2026-01-31 11:15:00+01:00,102.5455526540084,112.62
2026-01-31 11:30:00+01:00,102.82897963594527,113.18
2026-01-31 11:45:00+01:00,103.7235035061098,109.29
2026-01-31 12:00:00+01:00,104.32760124650312,115.42
2026-01-31 12:15:00+01:00,101.48638813643429,109.42
2026-01-31 12:30:00+01:00,101.51363751008034,110.94
2026-01-31 12:45:00+01:00,98.79226404809654,109.33
2026-01-31 13:00:00+01:00,96.93455707568326,109.49
2026-01-31 13:15:00+01:00,95.7138261005669,107.55
2026-01-31 13:30:00+01:00,98.90784198688831,106.65
2026-01-31 13:45:00+01:00,99.42045433719848,105.87
2026-01-31 14:00:00+01:00,99.80734147603933,109.06
2026-01-31 14:15:00+01:00,101.61604304543792,108.51
2026-01-31 14:30:00+01:00,103.28558649024303,111.76
2026-01-31 14:45:00+01:00,108.35259318726472,111.89
2026-01-31 15:00:00+01:00,101.70016670761235,107.59
2026-01-31 15:15:00+01:00,107.12910019934324,112.09
2026-01-31 15:30:00+01:00,113.48299595451525,114.45
2026-01-31 15:45:00+01:00,116.85343017566365,118.54
2026-01-31 16:00:00+01:00,113.34759252408232,105.07
2026-01-31 16:15:00+01:00,124.8820288241144,119.27
2026-01-31 16:30:00+01:00,122.85022842355264,123.72
2026-01-31 16:45:00+01:00,131.51813980990073,129.37
2026-01-31 17:00:00+01:00,131.9262201089016,129.5
2026-01-31 17:15:00+01:00,139.27629141771524,130.38
2026-01-31 17:30:00+01:00,137.19011554955978,137.53
2026-01-31 17:45:00+01:00,135.20064970791896,141.01
2026-01-31 18:00:00+01:00,142.52803839446335,139.72
2026-01-31 18:15:00+01:00,134.92686096644658,140.08
2026-01-31 18:30:00+01:00,131.46808760023077,138.66
2026-01-31 18:45:00+01:00,141.42737941121553,133.69
2026-01-31 19:00:00+01:00,130.94336291993162,142.09
2026-01-31 19:15:00+01:00,126.38112338515644,134.72
2026-01-31 19:30:00+01:00,126.85325080187528,130.94
2026-01-31 19:45:00+01:00,122.93305565982932,128.05
2026-01-31 20:00:00+01:00,122.97045595876928,134.12
2026-01-31 20:15:00+01:00,115.45193795467512,129.05
2026-01-31 20:30:00+01:00,114.10552407117324,125.07
2026-01-31 20:45:00+01:00,108.33058770543477,114.34
2026-01-31 21:00:00+01:00,111.57999263919696,121.58
2026-01-31 21:15:00+01:00,108.04529536580442,115.79
2026-01-31 21:30:00+01:00,111.80113453149502,112.82
2026-01-31 21:45:00+01:00,104.58266853951372,106.64
2026-01-31 22:00:00+01:00,107.4775869259963,120.41
2026-01-31 22:15:00+01:00,103.89332434944052,113.65
2026-01-31 22:30:00+01:00,103.51654766597566,115.7
2026-01-31 22:45:00+01:00,105.96852903578235,106.82
2026-01-31 23:00:00+01:00,101.98887331200989,109.8
2026-01-31 23:15:00+01:00,96.95996374599044,108.99
2026-01-31 23:30:00+01:00,99.24143229201142,104.28
2026-01-31 23:45:00+01:00,96.64857877258538,100.53
2026-02-01 00:00:00+01:00,111.32822185430476,100.0
2026-02-01 00:15:00+01:00,106.82631577692904,95.14
2026-02-01 00:30:00+01:00,102.82028055615493,95.01
2026-02-01 00:45:00+01:00,98.47488338377408,94.21
2026-02-01 01:00:00+01:00,107.68769686062748,94.63
2026-02-01 01:15:00+01:00,103.30552263124072,94.32
2026-02-01 01:30:00+01:00,100.51829407407732,94.15
2026-02-01 01:45:00+01:00,97.47253666256547,92.93
2026-02-01 02:00:00+01:00,100.72292732382712,98.36
2026-02-01 02:15:00+01:00,98.09434992695056,98.69
2026-02-01 02:30:00+01:00,96.26578185284907,99.09
2026-02-01 02:45:00+01:00,95.02554495080498,97.47
2026-02-01 03:00:00+01:00,95.36492115148587,93.39
2026-02-01 03:15:00+01:00,95.55007578191756,96.77
2026-02-01 03:30:00+01:00,95.4908469146665,95.33
2026-02-01 03:45:00+01:00,95.25387033364404,98.74
2026-02-01 04:00:00+01:00,95.2915356516257,98.85
2026-02-01 04:15:00+01:00,94.39721650728367,98.69
2026-02-01 04:30:00+01:00,93.69080853730892,98.0
2026-02-01 04:45:00+01:00,94.0129718957716,97.71
2026-02-01 05:00:00+01:00,93.97685384850026,97.71
2026-02-01 05:15:00+01:00,93.6980250851644,95.41
2026-02-01 05:30:00+01:00,92.23979232972869,99.89
2026-02-01 05:45:00+01:00,93.88305008604584,99.88
2026-02-01 06:00:00+01:00,94.93435703741616,94.47
2026-02-01 06:15:00+01:00,96.04775253838686,96.68
2026-02-01 06:30:00+01:00,92.40828799805551,95.46
2026-02-01 06:45:00+01:00,99.3759277263472,97.45
2026-02-01 07:00:00+01:00,99.32428910455388,96.84
2026-02-01 07:15:00+01:00,100.55893574204973,96.56
2026-02-01 07:30:00+01:00,104.01269045489776,101.34
2026-02-01 07:45:00+01:00,102.40677468232435,103.26
2026-02-01 08:00:00+01:00,103.47901589513602,102.95
2026-02-01 08:15:00+01:00,103.83154946516784,104.77
2026-02-01 08:30:00+01:00,110.393261473639,107.23
2026-02-01 08:45:00+01:00,111.934081246353,106.07
2026-02-01 09:00:00+01:00,115.21213156831708,110.16
2026-02-01 09:15:00+01:00,113.53245345596603,109.3
2026-02-01 09:30:00+01:00,114.72820917656844,108.57
2026-02-01 09:45:00+01:00,109.96275441286213,108.91
2026-02-01 10:00:00+01:00,116.82308270383622,114.07
2026-02-01 10:15:00+01:00,112.20765027584176,109.72
2026-02-01 10:30:00+01:00,117.23322696105068,108.95
2026-02-01 10:45:00+01:00,115.4452107638915,106.64
2026-02-01 11:00:00+01:00,114.72223586185716,108.66
2026-02-01 11:15:00+01:00,113.83127785029292,108.12
2026-02-01 11:30:00+01:00,117.04634309835173,108.1
2026-02-01 11:45:00+01:00,111.71461313454186,107.75
2026-02-01 12:00:00+01:00,115.796366585169,110.16
2026-02-01 12:15:00+01:00,118.13833880955036,106.27
2026-02-01 12:30:00+01:00,118.18319280770504,107.56
2026-02-01 12:45:00+01:00,115.19044044089097,104.51
2026-02-01 13:00:00+01:00,117.312222192956,102.81
2026-02-01 13:15:00+01:00,117.00385228456986,99.93
2026-02-01 13:30:00+01:00,114.86006382960856,99.41
2026-02-01 13:45:00+01:00,105.84547932597432,99.4
2026-02-01 14:00:00+01:00,111.4567173437761,100.05
2026-02-01 14:15:00+01:00,99.89908083871497,101.03
2026-02-01 14:30:00+01:00,99.9679526387723,103.42
2026-02-01 14:45:00+01:00,105.74709074278658,104.44
2026-02-01 15:00:00+01:00,98.84189412700752,103.26
2026-02-01 15:15:00+01:00,103.69547919530828,107.36
2026-02-01 15:30:00+01:00,107.37543660768692,111.5
2026-02-01 15:45:00+01:00,108.50117095608172,113.71
2026-02-01 16:00:00+01:00,108.88576475020254,106.35
2026-02-01 16:15:00+01:00,112.34923347986992,112.32
2026-02-01 16:30:00+01:00,117.40139905636114,115.0
2026-02-01 16:45:00+01:00,118.5379655903697,125.0
2026-02-01 17:00:00+01:00,119.65857724247653,123.73
2026-02-01 17:15:00+01:00,123.7771867350239,126.23
2026-02-01 17:30:00+01:00,123.9702527114734,132.01
2026-02-01 17:45:00+01:00,123.55375979623749,135.98
2026-02-01 18:00:00+01:00,129.55305266027617,133.24
2026-02-01 18:15:00+01:00,123.98446369803162,133.81
2026-02-01 18:30:00+01:00,120.41378296646732,141.96
2026-02-01 18:45:00+01:00,118.5150489432762,138.36
2026-02-01 19:00:00+01:00,117.63601812408967,141.0
2026-02-01 19:15:00+01:00,113.12323375223988,136.22
2026-02-01 19:30:00+01:00,114.43158472930304,137.51
2026-02-01 19:45:00+01:00,110.8759600995774,134.83
2026-02-01 20:00:00+01:00,115.36040716401054,131.0
2026-02-01 20:15:00+01:00,110.6986021095748,132.0
2026-02-01 20:30:00+01:00,104.06070799958596,123.74
2026-02-01 20:45:00+01:00,101.2784658750176,115.63
2026-02-01 21:00:00+01:00,105.94140699441851,122.15
2026-02-01 21:15:00+01:00,100.41744309431772,118.56
2026-02-01 21:30:00+01:00,103.43599909299122,111.96
2026-02-01 21:45:00+01:00,95.60858071591994,102.76
2026-02-01 22:00:00+01:00,101.7793222151314,117.52
2026-02-01 22:15:00+01:00,97.45069442768478,113.49
2026-02-01 22:30:00+01:00,97.35386805661304,115.49
2026-02-01 22:45:00+01:00,99.23184827183782,109.04
2026-02-01 23:00:00+01:00,98.0688319747666,113.88
2026-02-01 23:15:00+01:00,93.94631448453808,106.17
2026-02-01 23:30:00+01:00,100.7358812727947,106.44
2026-02-01 23:45:00+01:00,93.4880340638554,99.72
2026-02-02 00:00:00+01:00,107.3302806121084,100.41
2026-02-02 00:15:00+01:00,104.77901593575088,101.91
2026-02-02 00:30:00+01:00,100.35209236709564,100.04
2026-02-02 00:45:00+01:00,96.92352717200065,96.01
2026-02-02 01:00:00+01:00,103.95937620383852,99.41
2026-02-02 01:15:00+01:00,101.37501048356768,95.0
2026-02-02 01:30:00+01:00,98.7743101273897,99.62
2026-02-02 01:45:00+01:00,95.78126028412362,97.94
2026-02-02 02:00:00+01:00,98.9971098423692,96.59
2026-02-02 02:15:00+01:00,95.97535058802124,95.2
2026-02-02 02:30:00+01:00,94.3712496095618,94.28
2026-02-02 02:45:00+01:00,93.54754818208744,94.3
2026-02-02 03:00:00+01:00,93.42425002591442,93.01
2026-02-02 03:15:00+01:00,92.79392033000651,90.52
2026-02-02 03:30:00+01:00,91.88548464033884,90.41
2026-02-02 03:45:00+01:00,92.57630350352524,90.06
2026-02-02 04:00:00+01:00,91.7490582887672,91.0
2026-02-02 04:15:00+01:00,91.82138872276448,91.63
2026-02-02 04:30:00+01:00,91.59168556837,92.05
2026-02-02 04:45:00+01:00,92.12275371037182,92.25
2026-02-02 05:00:00+01:00,92.1145730962362,94.65
2026-02-02 05:15:00+01:00,92.20815378462864,90.57
2026-02-02 05:30:00+01:00,93.8607520760808,95.85
2026-02-02 05:45:00+01:00,94.5573842366951,97.82
2026-02-02 06:00:00+01:00,94.55649727166332,89.78
2026-02-02 06:15:00+01:00,99.190142729067,103.31
2026-02-02 06:30:00+01:00,101.23252428800224,112.82
2026-02-02 06:45:00+01:00,109.51652175599556,120.39
2026-02-02 07:00:00+01:00,106.74945088836212,112.97
2026-02-02 07:15:00+01:00,117.1883205922882,117.19
2026-02-02 07:30:00+01:00,120.45818506174618,131.19
2026-02-02 07:45:00+01:00,125.14088516746926,130.19
2026-02-02 08:00:00+01:00,126.70918162516976,132.06
2026-02-02 08:15:00+01:00,127.2555100674024,139.01
2026-02-02 08:30:00+01:00,128.51713707994972,139.83
2026-02-02 08:45:00+01:00,115.65475850793294,136.57
2026-02-02 09:00:00+01:00,129.18835430371857,154.13
2026-02-02 09:15:00+01:00,123.50305425821718,142.7
2026-02-02 09:30:00+01:00,123.88283511383084,136.03
2026-02-02 09:45:00+01:00,118.78387875713908,127.76
2026-02-02 10:00:00+01:00,132.32326669574783,132.26
2026-02-02 10:15:00+01:00,124.0335428048683,128.66
2026-02-02 10:30:00+01:00,96.93198844743438,123.15
2026-02-02 10:45:00+01:00,110.78607654853994,114.09
2026-02-02 11:00:00+01:00,123.43619747807736,124.83
2026-02-02 11:15:00+01:00,92.19397547325936,116.25
2026-02-02 11:30:00+01:00,91.9534144522334,110.01
2026-02-02 11:45:00+01:00,111.53037210394302,107.58
2026-02-02 12:00:00+01:00,117.62197552647444,112.69
2026-02-02 12:15:00+01:00,83.66662314837212,107.5
2026-02-02 12:30:00+01:00,97.14158358018436,109.15
2026-02-02 12:45:00+01:00,102.04138207268284,107.51
2026-02-02 13:00:00+01:00,94.72654161781853,105.2
2026-02-02 13:15:00+01:00,96.05323898904264,104.1
2026-02-02 13:30:00+01:00,106.11700429421988,103.44
2026-02-02 13:45:00+01:00,105.09086471072082,103.26
2026-02-02 14:00:00+01:00,100.74478557966572,101.49
2026-02-02 14:15:00+01:00,107.05538303868458,101.98
2026-02-02 14:30:00+01:00,106.7056066852316,103.45
2026-02-02 14:45:00+01:00,109.46708254597472,104.69
2026-02-02 15:00:00+01:00,106.83464166093243,101.43
2026-02-02 15:15:00+01:00,107.13466593059157,103.45
2026-02-02 15:30:00+01:00,104.2812545152742,104.75
2026-02-02 15:45:00+01:00,107.55185914878436,110.68
2026-02-02 16:00:00+01:00,104.54992254236603,101.8
2026-02-02 16:15:00+01:00,109.295708230323,107.3
2026-02-02 16:30:00+01:00,108.0661354168084,112.37
2026-02-02 16:45:00+01:00,102.46058433261132,117.64
2026-02-02 17:00:00+01:00,109.0448170294882,108.94
2026-02-02 17:15:00+01:00,111.74600357400158,117.57
2026-02-02 17:30:00+01:00,115.04395994719488,125.54
2026-02-02 17:45:00+01:00,110.42507661355704,120.74
2026-02-02 18:00:00+01:00,115.04836429878078,123.41
2026-02-02 18:15:00+01:00,108.91859595851096,117.7
2026-02-02 18:30:00+01:00,106.44338337882944,118.83
2026-02-02 18:45:00+01:00,104.65597431921404,115.93
2026-02-02 19:00:00+01:00,98.94870149916574,105.95
2026-02-02 19:15:00+01:00,87.50847989504429,105.35
2026-02-02 19:30:00+01:00,100.42447754316753,106.08
2026-02-02 19:45:00+01:00,97.76049234397848,102.62
2026-02-02 20:00:00+01:00,101.72485706487794,105.23
2026-02-02 20:15:00+01:00,95.17763755056278,103.45
2026-02-02 20:30:00+01:00,93.80608566921472,100.93
2026-02-02 20:45:00+01:00,91.05498381701057,99.41
2026-02-02 21:00:00+01:00,94.42017749356148,107.12
2026-02-02 21:15:00+01:00,83.44284870942835,103.98
2026-02-02 21:30:00+01:00,86.74776543922852,100.0
2026-02-02 21:45:00+01:00,86.90953379095751,96.96
2026-02-02 22:00:00+01:00,92.11848823127804,103.9
2026-02-02 22:15:00+01:00,87.64965577615067,101.22
2026-02-02 22:30:00+01:00,90.2904465142878,100.86
2026-02-02 22:45:00+01:00,87.49414429409788,98.93
2026-02-02 23:00:00+01:00,87.61167913755659,98.56
2026-02-02 23:15:00+01:00,87.71193812097054,90.96
2026-02-02 23:30:00+01:00,85.74075315603235,90.41
2026-02-02 23:45:00+01:00,79.69272710918457,85.61
2026-02-03 00:00:00+01:00,96.718780813086,97.41
2026-02-03 00:15:00+01:00,91.85107426984068,92.88
2026-02-03 00:30:00+01:00,87.7870035190235,89.07
2026-02-03 00:45:00+01:00,84.22513931246083,87.51
2026-02-03 01:00:00+01:00,90.41439277919206,91.84
2026-02-03 01:15:00+01:00,86.39205471626565,89.62
2026-02-03 01:30:00+01:00,85.69420224628412,88.49
2026-02-03 01:45:00+01:00,84.64946726430934,87.51
2026-02-03 02:00:00+01:00,86.30826383925803,89.08
2026-02-03 02:15:00+01:00,85.01154955473797,85.01
2026-02-03 02:30:00+01:00,85.21198394133916,82.55
2026-02-03 02:45:00+01:00,83.10879281794259,79.39
2026-02-03 03:00:00+01:00,85.36406037701487,82.8
2026-02-03 03:15:00+01:00,82.40613120566766,80.16
2026-02-03 03:30:00+01:00,80.49030966759885,79.37
2026-02-03 03:45:00+01:00,80.83971852699116,77.42
2026-02-03 04:00:00+01:00,81.80624868439276,76.67
2026-02-03 04:15:00+01:00,80.91297122944113,76.02
2026-02-03 04:30:00+01:00,81.29846594973839,76.41
2026-02-03 04:45:00+01:00,84.4343867186372,78.26
2026-02-03 05:00:00+01:00,85.59280830948674,78.29
2026-02-03 05:15:00+01:00,85.5886994390868,78.08
2026-02-03 05:30:00+01:00,85.72976710888922,82.27
2026-02-03 05:45:00+01:00,87.32888934117705,90.0
2026-02-03 06:00:00+01:00,84.22277466781185,84.03
2026-02-03 06:15:00+01:00,89.59170647821958,87.11
2026-02-03 06:30:00+01:00,94.74607236849826,92.58
2026-02-03 06:45:00+01:00,98.75137638810688,100.92
2026-02-03 07:00:00+01:00,98.52428566290428,92.5
2026-02-03 07:15:00+01:00,104.35511404432994,97.01
2026-02-03 07:30:00+01:00,105.08408374693376,99.26
2026-02-03 07:45:00+01:00,106.35766851037216,102.0
2026-02-03 08:00:00+01:00,114.55652556380936,104.03
2026-02-03 08:15:00+01:00,114.71361306970054,107.01
2026-02-03 08:30:00+01:00,115.48253591559292,109.15
2026-02-03 08:45:00+01:00,112.00558133016386,104.9
2026-02-03 09:00:00+01:00,121.24920691988036,118.45
2026-02-03 09:15:00+01:00,119.53862966120748,110.16
2026-02-03 09:30:00+01:00,101.42432102927876,106.32
2026-02-03 09:45:00+01:00,108.53967242373436,97.97
2026-02-03 10:00:00+01:00,122.10257700489424,105.92
2026-02-03 10:15:00+01:00,110.16560458368691,100.01
2026-02-03 10:30:00+01:00,74.06196951834323,98.6
2026-02-03 10:45:00+01:00,68.76165939840381,95.23
2026-02-03 11:00:00+01:00,73.9540527344914,97.07
2026-02-03 11:15:00+01:00,103.45440386160637,93.1
2026-02-03 11:30:00+01:00,102.94621750100548,89.4
2026-02-03 11:45:00+01:00,97.28118230611707,83.75
2026-02-03 12:00:00+01:00,102.76326730819063,89.77
2026-02-03 12:15:00+01:00,99.31762001008504,85.35
2026-02-03 12:30:00+01:00,98.95036547269686,87.29
2026-02-03 12:45:00+01:00,95.3320822359846,89.38
2026-02-03 13:00:00+01:00,98.20385371115532,89.81
2026-02-03 13:15:00+01:00,94.4110477468491,89.39
2026-02-03 13:30:00+01:00,91.59388470777198,90.02
2026-02-03 13:45:00+01:00,92.22762312486074,90.4
2026-02-03 14:00:00+01:00,93.57603980704523,86.52
2026-02-03 14:15:00+01:00,94.32149172348562,92.02
2026-02-03 14:30:00+01:00,96.25034155020764,95.69
2026-02-03 14:45:00+01:00,98.93582884142457,98.38
2026-02-03 15:00:00+01:00,95.5405716646124,93.09
2026-02-03 15:15:00+01:00,96.012222810472,99.89
2026-02-03 15:30:00+01:00,100.87900430153068,102.27
2026-02-03 15:45:00+01:00,97.85774711872416,106.39
2026-02-03 16:00:00+01:00,97.47530604623984,98.5
2026-02-03 16:15:00+01:00,100.49044440121084,103.4
2026-02-03 16:30:00+01:00,105.5422019643844,107.05
2026-02-03 16:45:00+01:00,104.48170547339392,117.51
2026-02-03 17:00:00+01:00,108.98012899651012,112.95
2026-02-03 17:15:00+01:00,113.21236795714712,124.96
2026-02-03 17:30:00+01:00,119.36484829766032,132.58
2026-02-03 17:45:00+01:00,117.72829191000244,132.6
2026-02-03 18:00:00+01:00,105.05257625650609,125.52
2026-02-03 18:15:00+01:00,109.76486018272593,125.55
2026-02-03 18:30:00+01:00,112.35567533768614,126.89
2026-02-03 18:45:00+01:00,119.24783146289424,127.43
2026-02-03 19:00:00+01:00,111.94386291737868,124.38
2026-02-03 19:15:00+01:00,108.90524915068444,124.35
2026-02-03 19:30:00+01:00,115.97508826138672,123.96
2026-02-03 19:45:00+01:00,112.15548014013144,120.22
2026-02-03 20:00:00+01:00,108.75986395431504,118.72
2026-02-03 20:15:00+01:00,109.08077252986628,115.9
2026-02-03 20:30:00+01:00,105.25392513935772,110.84
2026-02-03 20:45:00+01:00,101.57628592714283,106.14
2026-02-03 21:00:00+01:00,102.56028927734302,108.04
2026-02-03 21:15:00+01:00,97.53409668138625,104.82
2026-02-03 21:30:00+01:00,97.83452147973485,101.87
2026-02-03 21:45:00+01:00,92.19981057745396,98.44
2026-02-03 22:00:00+01:00,99.50946926938126,105.86
2026-02-03 22:15:00+01:00,97.6966342870195,101.46
2026-02-03 22:30:00+01:00,103.74500525524503,100.21
2026-02-03 22:45:00+01:00,89.99684397256743,96.05
2026-02-03 23:00:00+01:00,93.86615829860328,98.12
2026-02-03 23:15:00+01:00,97.90835264245288,97.33
2026-02-03 23:30:00+01:00,97.04370653641249,94.88
2026-02-03 23:45:00+01:00,89.16968376465582,88.92
2026-02-04 00:00:00+01:00,99.23683658587184,96.79
2026-02-04 00:15:00+01:00,95.35191616037908,93.22
2026-02-04 00:30:00+01:00,91.94951468030568,94.59
2026-02-04 00:45:00+01:00,87.17504259809552,95.41
2026-02-04 01:00:00+01:00,95.91942164018928,93.65
2026-02-04 01:15:00+01:00,90.71038918279348,92.79
2026-02-04 01:30:00+01:00,89.85546967537276,92.75
2026-02-04 01:45:00+01:00,87.58656235331262,91.96
2026-02-04 02:00:00+01:00,91.18767578142034,92.71
2026-02-04 02:15:00+01:00,88.94531982776552,91.83
2026-02-04 02:30:00+01:00,88.51859859828299,92.85
2026-02-04 02:45:00+01:00,88.14872353702546,94.46
2026-02-04 03:00:00+01:00,88.3171395867983,94.63
2026-02-04 03:15:00+01:00,87.82162814689671,93.53
2026-02-04 03:30:00+01:00,87.88442089250337,95.5
2026-02-04 03:45:00+01:00,88.67755555007996,94.83
2026-02-04 04:00:00+01:00,87.33587045623597,92.53
2026-02-04 04:15:00+01:00,87.8899870824673,92.54
2026-02-04 04:30:00+01:00,89.36065516169563,94.56
2026-02-04 04:45:00+01:00,90.29534496842606,96.2
2026-02-04 05:00:00+01:00,89.76941994711787,92.95
2026-02-04 05:15:00+01:00,88.53700680617209,95.01
2026-02-04 05:30:00+01:00,91.0019461350214,96.98
2026-02-04 05:45:00+01:00,93.53074277450447,101.4
2026-02-04 06:00:00+01:00,89.13145230005337,98.61
2026-02-04 06:15:00+01:00,95.49376145194752,102.56
2026-02-04 06:30:00+01:00,100.24178559877602,108.01
2026-02-04 06:45:00+01:00,108.20439575169657,111.96
2026-02-04 07:00:00+01:00,101.64758810897374,115.02
2026-02-04 07:15:00+01:00,115.2757423986579,120.22
2026-02-04 07:30:00+01:00,117.4682937126636,126.29
2026-02-04 07:45:00+01:00,121.46165804555862,130.21
2026-02-04 08:00:00+01:00,123.96386169531274,133.59
2026-02-04 08:15:00+01:00,129.37553633167275,137.49
2026-02-04 08:30:00+01:00,127.6918016497156,131.01
2026-02-04 08:45:00+01:00,125.09495988505918,124.33
2026-02-04 09:00:00+01:00,134.4319280751413,135.94
2026-02-04 09:15:00+01:00,130.3332400790966,123.76
2026-02-04 09:30:00+01:00,126.44643734912896,118.63
2026-02-04 09:45:00+01:00,119.53163957732812,112.36
2026-02-04 10:00:00+01:00,126.84765199871669,119.73
2026-02-04 10:15:00+01:00,120.71145127822764,113.9
2026-02-04 10:30:00+01:00,117.08492615554611,105.54
2026-02-04 10:45:00+01:00,96.87895627373454,100.83
2026-02-04 11:00:00+01:00,116.64843201006369,102.53
2026-02-04 11:15:00+01:00,115.28161747123524,100.29
2026-02-04 11:30:00+01:00,114.31086062825922,96.54
2026-02-04 11:45:00+01:00,110.39756297087985,95.47
2026-02-04 12:00:00+01:00,111.55882703148222,94.67
2026-02-04 12:15:00+01:00,111.24515743357448,92.14
2026-02-04 12:30:00+01:00,110.58044269283016,90.46
2026-02-04 12:45:00+01:00,108.36183059263313,90.39
2026-02-04 13:00:00+01:00,109.27611097716778,91.4
2026-02-04 13:15:00+01:00,107.381446335548,90.27
2026-02-04 13:30:00+01:00,104.60254265381262,90.4
2026-02-04 13:45:00+01:00,104.48442915099398,93.46
2026-02-04 14:00:00+01:00,106.62461595140655,92.75
2026-02-04 14:15:00+01:00,107.7991312425596,93.56
2026-02-04 14:30:00+01:00,107.91910339242688,95.41
2026-02-04 14:45:00+01:00,112.82002951408651,102.59
2026-02-04 15:00:00+01:00,107.58887771800968,95.24
2026-02-04 15:15:00+01:00,111.71492980470488,100.56
2026-02-04 15:30:00+01:00,114.437753243997,106.66
2026-02-04 15:45:00+01:00,117.8183847365508,109.04
2026-02-04 16:00:00+01:00,111.04467079902378,105.65
2026-02-04 16:15:00+01:00,115.70277970754265,109.41
2026-02-04 16:30:00+01:00,121.5905578138799,116.85
2026-02-04 16:45:00+01:00,125.89980494432598,124.83
2026-02-04 17:00:00+01:00,124.68897981049336,117.9
2026-02-04 17:15:00+01:00,129.97332970486892,124.13
2026-02-04 17:30:00+01:00,132.32450837045906,128.43
2026-02-04 17:45:00+01:00,130.48963702520365,128.01
2026-02-04 18:00:00+01:00,127.93545186524454,119.38
2026-02-04 18:15:00+01:00,124.4983192545287,117.03
2026-02-04 18:30:00+01:00,122.58752092134986,116.69
2026-02-04 18:45:00+01:00,124.236681661107,115.06
2026-02-04 19:00:00+01:00,119.65412741835648,116.57
2026-02-04 19:15:00+01:00,114.43921522965478,105.28
2026-02-04 19:30:00+01:00,116.21078518815295,99.98
2026-02-04 19:45:00+01:00,109.8189894345587,96.25
2026-02-04 20:00:00+01:00,113.07177807146972,103.89
2026-02-04 20:15:00+01:00,106.49309298226014,96.23
2026-02-04 20:30:00+01:00,103.56248675179512,93.58
2026-02-04 20:45:00+01:00,99.89147647489564,91.45
2026-02-04 21:00:00+01:00,106.57607865964086,99.22
2026-02-04 21:15:00+01:00,102.11905832220654,95.29
2026-02-04 21:30:00+01:00,99.2024653876999,92.96
2026-02-04 21:45:00+01:00,94.41359718784832,91.54
2026-02-04 22:00:00+01:00,106.31825261387606,98.24
2026-02-04 22:15:00+01:00,104.98621084437936,95.4
2026-02-04 22:30:00+01:00,104.74069865917248,93.71
2026-02-04 22:45:00+01:00,95.66018875576906,87.94
2026-02-04 23:00:00+01:00,95.97211664489294,92.4
2026-02-04 23:15:00+01:00,91.8434351739035,87.98
2026-02-04 23:30:00+01:00,92.51685120989012,85.09
2026-02-04 23:45:00+01:00,105.71876794640468,79.76
2026-02-05 00:00:00+01:00,92.12236425305068,90.11
2026-02-05 00:15:00+01:00,87.31170181073648,90.55
2026-02-05 00:30:00+01:00,84.04747344735766,90.25
2026-02-05 00:45:00+01:00,81.81555733963934,90.3
2026-02-05 01:00:00+01:00,87.52861500799226,89.79
2026-02-05 01:15:00+01:00,84.3973184475075,88.89
2026-02-05 01:30:00+01:00,82.76816081182555,88.61
2026-02-05 01:45:00+01:00,80.64138532329964,86.46
2026-02-05 02:00:00+01:00,82.80745089873461,87.06
2026-02-05 02:15:00+01:00,80.98368891011519,87.12
2026-02-05 02:30:00+01:00,81.81649733459173,88.17
2026-02-05 02:45:00+01:00,81.03155996148911,87.38
2026-02-05 03:00:00+01:00,81.4535644483122,86.59
2026-02-05 03:15:00+01:00,80.19881511197481,88.2
2026-02-05 03:30:00+01:00,80.60799950542992,88.18
2026-02-05 03:45:00+01:00,80.5322485162681,88.21
2026-02-05 04:00:00+01:00,80.24105739463631,87.44
2026-02-05 04:15:00+01:00,80.7996981510822,88.99
2026-02-05 04:30:00+01:00,81.68106554663942,90.17
2026-02-05 04:45:00+01:00,83.8457709833345,91.66
2026-02-05 05:00:00+01:00,81.0994179542282,88.3
2026-02-05 05:15:00+01:00,82.2379581993002,90.56
2026-02-05 05:30:00+01:00,86.98895690919221,92.26
2026-02-05 05:45:00+01:00,91.4308519287303,94.92
2026-02-05 06:00:00+01:00,85.78894495046941,93.33
2026-02-05 06:15:00+01:00,95.69961935922508,104.99
2026-02-05 06:30:00+01:00,101.35221094041488,105.0
2026-02-05 06:45:00+01:00,106.78798679810178,108.06
2026-02-05 07:00:00+01:00,101.31369399009446,103.15
2026-02-05 07:15:00+01:00,112.17392852736783,110.05
2026-02-05 07:30:00+01:00,112.00993334280037,118.63
2026-02-05 07:45:00+01:00,114.86562446146245,121.45
2026-02-05 08:00:00+01:00,119.58976512860504,122.62
2026-02-05 08:15:00+01:00,124.719345931161,125.34
2026-02-05 08:30:00+01:00,125.60252278562034,127.65
2026-02-05 08:45:00+01:00,118.98213902667622,125.85
2026-02-05 09:00:00+01:00,132.86747899290393,127.66
2026-02-05 09:15:00+01:00,125.17815593041873,122.98
2026-02-05 09:30:00+01:00,119.332801996949,119.63
2026-02-05 09:45:00+01:00,108.3190056060444,115.81
2026-02-05 10:00:00+01:00,125.66054592549756,127.01
2026-02-05 10:15:00+01:00,111.33594062841276,121.37
2026-02-05 10:30:00+01:00,106.08387374775246,115.5
2026-02-05 10:45:00+01:00,92.45854344350478,108.89
2026-02-05 11:00:00+01:00,106.39108406496769,128.26
2026-02-05 11:15:00+01:00,104.1275774170452,121.58
2026-02-05 11:30:00+01:00,96.84645317578112,120.13
2026-02-05 11:45:00+01:00,97.4323324768335,114.3
2026-02-05 12:00:00+01:00,97.7362784788224,110.44
2026-02-05 12:15:00+01:00,96.70947451935376,108.08
2026-02-05 12:30:00+01:00,96.39788663171068,107.56
2026-02-05 12:45:00+01:00,97.01809282028007,106.93
2026-02-05 13:00:00+01:00,97.60080879495268,108.38
2026-02-05 13:15:00+01:00,96.1998349925572,110.0
2026-02-05 13:30:00+01:00,96.51115063234283,110.21
2026-02-05 13:45:00+01:00,101.35104030128932,110.44
2026-02-05 14:00:00+01:00,93.30461471551844,105.28
2026-02-05 14:15:00+01:00,101.77147994017002,108.71
2026-02-05 14:30:00+01:00,109.33642344809552,110.51
2026-02-05 14:45:00+01:00,118.7256814918838,115.91
2026-02-05 15:00:00+01:00,106.31946975359774,107.75
2026-02-05 15:15:00+01:00,113.96304551257606,111.99
2026-02-05 15:30:00+01:00,120.7491590601621,119.87
2026-02-05 15:45:00+01:00,124.43495256556317,128.31
2026-02-05 16:00:00+01:00,118.12822817070136,118.01
2026-02-05 16:15:00+01:00,121.69934370123036,124.01
2026-02-05 16:30:00+01:00,130.62513246828414,130.57
2026-02-05 16:45:00+01:00,144.34210603160338,131.41
2026-02-05 17:00:00+01:00,130.55271560473105,127.82
2026-02-05 17:15:00+01:00,143.1429621377246,134.93
2026-02-05 17:30:00+01:00,160.86507159087054,147.94
2026-02-05 17:45:00+01:00,152.53538798108866,151.31
2026-02-05 18:00:00+01:00,145.60948955703864,139.82
2026-02-05 18:15:00+01:00,132.7605959752553,135.23
2026-02-05 18:30:00+01:00,136.66149029589982,137.98
2026-02-05 18:45:00+01:00,137.10193950577303,133.55
2026-02-05 19:00:00+01:00,131.5422659345819,138.04
2026-02-05 19:15:00+01:00,126.84347234738183,133.45
2026-02-05 19:30:00+01:00,129.8675077969796,131.66
2026-02-05 19:45:00+01:00,126.38144915318526,128.48
2026-02-05 20:00:00+01:00,121.37765216760867,131.0
2026-02-05 20:15:00+01:00,130.5225302626407,124.39
2026-02-05 20:30:00+01:00,118.93579653552544,118.14
2026-02-05 20:45:00+01:00,114.49798757965416,109.71
2026-02-05 21:00:00+01:00,116.9778455781613,113.44
2026-02-05 21:15:00+01:00,125.74525975830365,109.22
2026-02-05 21:30:00+01:00,120.67019259988908,106.98
2026-02-05 21:45:00+01:00,109.1682020198047,101.49
2026-02-05 22:00:00+01:00,110.13842755022324,110.95
2026-02-05 22:15:00+01:00,110.31714858453094,106.57
2026-02-05 22:30:00+01:00,104.9354606324192,104.26
2026-02-05 22:45:00+01:00,114.9934955917402,101.74
2026-02-05 23:00:00+01:00,105.0480971695213,107.33
2026-02-05 23:15:00+01:00,100.2721894040725,103.9
2026-02-05 23:30:00+01:00,106.8492695011666,97.52
2026-02-05 23:45:00+01:00,114.2550311017778,91.4
2026-02-06 00:00:00+01:00,104.98006029811133,100.52
2026-02-06 00:15:00+01:00,101.26222490257732,98.45
2026-02-06 00:30:00+01:00,95.86437944736672,98.16
2026-02-06 00:45:00+01:00,92.81333489720348,100.11
2026-02-06 01:00:00+01:00,100.80922104832258,101.13
2026-02-06 01:15:00+01:00,96.67125955257164,99.4
2026-02-06 01:30:00+01:00,95.52840155542654,98.31
2026-02-06 01:45:00+01:00,94.10609480913608,97.67
2026-02-06 02:00:00+01:00,97.07509228420916,98.8
2026-02-06 02:15:00+01:00,95.91354895949152,97.88
2026-02-06 02:30:00+01:00,94.52584312590622,97.27
2026-02-06 02:45:00+01:00,94.80551887544624,98.4
2026-02-06 03:00:00+01:00,93.49240513057724,96.86
2026-02-06 03:15:00+01:00,93.88566521645733,98.74
2026-02-06 03:30:00+01:00,94.89247255915588,98.4
2026-02-06 03:45:00+01:00,95.04701883990356,98.91
2026-02-06 04:00:00+01:00,94.31071877306496,97.26
2026-02-06 04:15:00+01:00,93.81565760073802,98.78
2026-02-06 04:30:00+01:00,95.19740728188005,98.98
2026-02-06 04:45:00+01:00,97.8552599758321,99.95
2026-02-06 05:00:00+01:00,96.51602616660526,99.36
2026-02-06 05:15:00+01:00,97.18611736798472,100.5
2026-02-06 05:30:00+01:00,100.9535746698217,101.32
2026-02-06 05:45:00+01:00,103.59423009594924,108.15
2026-02-06 06:00:00+01:00,101.31887825785871,99.09
2026-02-06 06:15:00+01:00,112.0813903760308,109.67
2026-02-06 06:30:00+01:00,118.48330086972202,116.35
2026-02-06 06:45:00+01:00,129.43330398042494,136.58
2026-02-06 07:00:00+01:00,118.36714480445912,126.87
2026-02-06 07:15:00+01:00,146.8437874817801,136.82
2026-02-06 07:30:00+01:00,145.3928726467579,147.99
2026-02-06 07:45:00+01:00,153.8437446693847,146.17
2026-02-06 08:00:00+01:00,156.30335836902657,138.67
2026-02-06 08:15:00+01:00,167.40713828866927,145.7
2026-02-06 08:30:00+01:00,155.55755854432516,146.6
2026-02-06 08:45:00+01:00,155.78390194660682,147.99
2026-02-06 09:00:00+01:00,160.6870913114259,148.13
2026-02-06 09:15:00+01:00,154.27512116370468,147.99
2026-02-06 09:30:00+01:00,147.31586163692756,141.71
2026-02-06 09:45:00+01:00,138.4892593558475,138.98
2026-02-06 10:00:00+01:00,150.40923111796567,148.06
2026-02-06 10:15:00+01:00,147.33351156536048,143.59
2026-02-06 10:30:00+01:00,140.72582132100024,140.04
2026-02-06 10:45:00+01:00,131.08959384161773,136.68
2026-02-06 11:00:00+01:00,139.67184746454805,143.66
2026-02-06 11:15:00+01:00,133.270013619565,141.19
2026-02-06 11:30:00+01:00,127.67405984567228,137.77
2026-02-06 11:45:00+01:00,123.81683967408476,133.02
2026-02-06 12:00:00+01:00,125.37851901719075,138.8
2026-02-06 12:15:00+01:00,121.68060836523092,135.34
2026-02-06 12:30:00+01:00,121.0676428760661,136.68
2026-02-06 12:45:00+01:00,122.51747347674592,134.02
2026-02-06 13:00:00+01:00,120.67722696945182,137.76
2026-02-06 13:15:00+01:00,119.28762188368812,135.66
2026-02-06 13:30:00+01:00,120.62734961355592,136.96
2026-02-06 13:45:00+01:00,119.59762667823809,133.19
2026-02-06 14:00:00+01:00,121.52535535306612,128.35
2026-02-06 14:15:00+01:00,126.40095904543348,134.05
2026-02-06 14:30:00+01:00,130.0973019387742,137.9
2026-02-06 14:45:00+01:00,142.40492660540735,142.37
2026-02-06 15:00:00+01:00,126.9532011098188,132.03
2026-02-06 15:15:00+01:00,137.8751582843232,136.86
2026-02-06 15:30:00+01:00,155.72942452661047,142.29
2026-02-06 15:45:00+01:00,152.0206774375256,146.71
2026-02-06 16:00:00+01:00,144.65264097188492,131.82
2026-02-06 16:15:00+01:00,148.89532299899597,133.74
2026-02-06 16:30:00+01:00,160.46200740193936,135.28
2026-02-06 16:45:00+01:00,189.04432427021487,135.01
2026-02-06 17:00:00+01:00,168.2612218928101,128.16
2026-02-06 17:15:00+01:00,179.12863214265286,136.04
2026-02-06 17:30:00+01:00,196.93927183958385,141.27
2026-02-06 17:45:00+01:00,210.3169782384188,143.28
2026-02-06 18:00:00+01:00,176.91791122044515,140.19
2026-02-06 18:15:00+01:00,172.32958187394257,137.62
2026-02-06 18:30:00+01:00,171.92562308231768,125.95
2026-02-06 18:45:00+01:00,159.10363042450038,125.0
2026-02-06 19:00:00+01:00,174.6269562581275,137.26
2026-02-06 19:15:00+01:00,160.50218438550155,124.73
2026-02-06 19:30:00+01:00,142.10128163693736,125.56
2026-02-06 19:45:00+01:00,137.30474596755244,114.96
2026-02-06 20:00:00+01:00,139.86063532369002,119.51
2026-02-06 20:15:00+01:00,144.27859307995237,110.53
2026-02-06 20:30:00+01:00,129.00879124268928,107.55
2026-02-06 20:45:00+01:00,125.1352952037909,106.34
2026-02-06 21:00:00+01:00,134.7582627393778,114.35
2026-02-06 21:15:00+01:00,142.87241596572525,109.83
2026-02-06 21:30:00+01:00,132.11438082079272,107.01
2026-02-06 21:45:00+01:00,114.85649767847544,104.21
2026-02-06 22:00:00+01:00,135.41440210119777,109.8
2026-02-06 22:15:00+01:00,127.97145377858246,106.06
2026-02-06 22:30:00+01:00,114.2782806669842,105.06
2026-02-06 22:45:00+01:00,109.59182484218942,104.13
2026-02-06 23:00:00+01:00,118.169551433672,107.05
2026-02-06 23:15:00+01:00,112.79603775639109,103.65
2026-02-06 23:30:00+01:00,105.6430386799954,101.41
2026-02-06 23:45:00+01:00,102.75090045287892,96.84
2026-02-07 00:00:00+01:00,106.62557612422827,104.57
2026-02-07 00:15:00+01:00,104.84495544057758,101.03
2026-02-07 00:30:00+01:00,100.12793308523176,100.53
2026-02-07 00:45:00+01:00,98.31243299882384,99.84
2026-02-07 01:00:00+01:00,103.1785260509015,100.25
2026-02-07 01:15:00+01:00,100.8827327035182,98.78
2026-02-07 01:30:00+01:00,100.94058871812562,100.7
2026-02-07 01:45:00+01:00,98.61442663760263,100.27
2026-02-07 02:00:00+01:00,101.5780787159491,100.17
2026-02-07 02:15:00+01:00,100.10020356725975,99.41
2026-02-07 02:30:00+01:00,100.56783139763591,96.89
2026-02-07 02:45:00+01:00,99.40033726076616,95.7
2026-02-07 03:00:00+01:00,100.18297897250878,98.28
2026-02-07 03:15:00+01:00,100.22425612608382,96.5
2026-02-07 03:30:00+01:00,100.8691950357267,97.31
2026-02-07 03:45:00+01:00,101.5395719526144,95.45
2026-02-07 04:00:00+01:00,100.72780082988106,95.86
2026-02-07 04:15:00+01:00,101.20245628552124,96.58
2026-02-07 04:30:00+01:00,101.93809230116835,96.8
2026-02-07 04:45:00+01:00,102.94165954680928,96.34
2026-02-07 05:00:00+01:00,100.77372704343348,94.57
2026-02-07 05:15:00+01:00,101.91014776240404,96.34
2026-02-07 05:30:00+01:00,101.93946913210776,96.74
2026-02-07 05:45:00+01:00,104.43672196947948,99.25
2026-02-07 06:00:00+01:00,101.21469233978316,90.06
2026-02-07 06:15:00+01:00,101.57167697691708,95.97
2026-02-07 06:30:00+01:00,107.0483711011996,98.97
2026-02-07 06:45:00+01:00,113.44553634217576,103.38
2026-02-07 07:00:00+01:00,108.56816037431796,100.28
2026-02-07 07:15:00+01:00,116.01128367078942,102.39
2026-02-07 07:30:00+01:00,116.27166321892524,107.13
2026-02-07 07:45:00+01:00,121.89031438432752,112.39
2026-02-07 08:00:00+01:00,128.99861026265768,108.15
2026-02-07 08:15:00+01:00,125.29037467534243,113.61
2026-02-07 08:30:00+01:00,123.77177301184544,116.99
2026-02-07 08:45:00+01:00,124.57341724156548,117.57
2026-02-07 09:00:00+01:00,137.03192582826526,125.0
2026-02-07 09:15:00+01:00,132.4443764028379,119.51
2026-02-07 09:30:00+01:00,123.90949889936148,117.06
2026-02-07 09:45:00+01:00,119.66104361268884,110.33
2026-02-07 10:00:00+01:00,136.77006422088832,117.03
2026-02-07 10:15:00+01:00,129.04253919167354,109.37
2026-02-07 10:30:00+01:00,129.81594014367496,107.78
2026-02-07 10:45:00+01:00,127.31278557851124,106.07
2026-02-07 11:00:00+01:00,131.63688200768672,106.89
2026-02-07 11:15:00+01:00,130.21033767360137,105.84
2026-02-07 11:30:00+01:00,128.41315234168033,103.76
2026-02-07 11:45:00+01:00,124.13787783386633,101.64
2026-02-07 12:00:00+01:00,130.68755608250956,103.69
2026-02-07 12:15:00+01:00,122.18329686633808,101.15
2026-02-07 12:30:00+01:00,120.8000783846484,98.1
2026-02-07 12:45:00+01:00,118.67547051274768,97.53
2026-02-07 13:00:00+01:00,118.50706648984868,97.92
2026-02-07 13:15:00+01:00,117.4584120267516,97.32
2026-02-07 13:30:00+01:00,116.91887718607651,96.89
2026-02-07 13:45:00+01:00,116.48469708761216,97.42
2026-02-07 14:00:00+01:00,117.46895308340306,96.46
2026-02-07 14:15:00+01:00,121.5200806912972,97.68
2026-02-07 14:30:00+01:00,129.1731469446485,101.43
2026-02-07 14:45:00+01:00,137.3389873962382,104.14
2026-02-07 15:00:00+01:00,124.8968192041658,101.41
2026-02-07 15:15:00+01:00,134.70464622018014,103.59
2026-02-07 15:30:00+01:00,147.03958967616697,108.77
2026-02-07 15:45:00+01:00,148.2876442024462,111.56
2026-02-07 16:00:00+01:00,134.49668003491,108.08
2026-02-07 16:15:00+01:00,146.20761321854758,116.82
2026-02-07 16:30:00+01:00,153.21312523736336,124.21
2026-02-07 16:45:00+01:00,172.34844390386792,132.05
2026-02-07 17:00:00+01:00,153.6546127787228,127.43
2026-02-07 17:15:00+01:00,163.40416708445684,131.08
2026-02-07 17:30:00+01:00,167.80532804433545,137.11
2026-02-07 17:45:00+01:00,157.55453587198113,140.53
2026-02-07 18:00:00+01:00,151.4741916426039,137.98
2026-02-07 18:15:00+01:00,155.44876456306136,136.38
2026-02-07 18:30:00+01:00,156.13572589011997,134.22
2026-02-07 18:45:00+01:00,142.9187975212045,132.75
2026-02-07 19:00:00+01:00,157.25574174844908,131.43
2026-02-07 19:15:00+01:00,150.4390474403448,132.13
2026-02-07 19:30:00+01:00,141.2301685029256,126.72
2026-02-07 19:45:00+01:00,138.0570596938684,119.71
2026-02-07 20:00:00+01:00,144.03097051184483,125.25
2026-02-07 20:15:00+01:00,129.31481955966026,115.47
2026-02-07 20:30:00+01:00,124.65900789965076,108.07
2026-02-07 20:45:00+01:00,116.57719317903523,104.79
2026-02-07 21:00:00+01:00,126.86070399042686,109.19
2026-02-07 21:15:00+01:00,128.9513377409238,105.36
2026-02-07 21:30:00+01:00,119.91852816222551,102.94
2026-02-07 21:45:00+01:00,108.45971447888256,100.07
2026-02-07 22:00:00+01:00,124.21870006983492,107.6
2026-02-07 22:15:00+01:00,119.55960648912372,105.41
2026-02-07 22:30:00+01:00,114.20965160900656,103.25
2026-02-07 22:45:00+01:00,108.25022139392422,100.03
2026-02-07 23:00:00+01:00,112.45828797199854,105.96
2026-02-07 23:15:00+01:00,106.98312535055716,101.17
2026-02-07 23:30:00+01:00,103.81484090979396,96.11
2026-02-07 23:45:00+01:00,99.92306491664442,91.8
2026-02-08 00:00:00+01:00,102.6238150277504,110.04
2026-02-08 00:15:00+01:00,99.54706276729506,101.13
2026-02-08 00:30:00+01:00,95.47569715083,99.99
2026-02-08 00:45:00+01:00,93.090966537475,96.98
2026-02-08 01:00:00+01:00,100.16078181875513,101.51
2026-02-08 01:15:00+01:00,96.0617364049818,101.37
2026-02-08 01:30:00+01:00,94.2903280648105,97.1
2026-02-08 01:45:00+01:00,92.43346185495226,96.2
2026-02-08 02:00:00+01:00,96.13527597768709,99.9
2026-02-08 02:15:00+01:00,93.81793174292795,97.49
2026-02-08 02:30:00+01:00,92.5876165204638,96.63
2026-02-08 02:45:00+01:00,92.13968586271687,96.25
2026-02-08 03:00:00+01:00,92.06555497144277,97.43
2026-02-08 03:15:00+01:00,92.04336520333683,96.7
2026-02-08 03:30:00+01:00,91.98413807316274,95.64
2026-02-08 03:45:00+01:00,92.26678608288375,95.93
2026-02-08 04:00:00+01:00,91.91207254084848,94.9
2026-02-08 04:15:00+01:00,91.52136527488254,94.5
2026-02-08 04:30:00+01:00,92.21896912074943,95.05
2026-02-08 04:45:00+01:00,92.56885454489444,94.99
2026-02-08 05:00:00+01:00,91.82646224122348,95.59
2026-02-08 05:15:00+01:00,92.53961411403016,95.41
2026-02-08 05:30:00+01:00,93.76160759692236,95.49
2026-02-08 05:45:00+01:00,95.74013032799093,96.51
2026-02-08 06:00:00+01:00,94.75965099240932,90.28
2026-02-08 06:15:00+01:00,97.32128342224354,92.8
2026-02-08 06:30:00+01:00,99.75044304572292,96.45
2026-02-08 06:45:00+01:00,99.58507370098154,100.47
2026-02-08 07:00:00+01:00,101.52359837763272,91.09
2026-02-08 07:15:00+01:00,101.90252430970176,94.71
2026-02-08 07:30:00+01:00,106.35151019353157,96.3
2026-02-08 07:45:00+01:00,114.86821127910471,101.12
2026-02-08 08:00:00+01:00,108.11885304605416,96.05
2026-02-08 08:15:00+01:00,108.66678906958,101.24
2026-02-08 08:30:00+01:00,110.376272336099,101.57
2026-02-08 08:45:00+01:00,115.7417989123635,102.53
2026-02-08 09:00:00+01:00,119.0091868708926,101.92
2026-02-08 09:15:00+01:00,113.70285447005158,102.84
2026-02-08 09:30:00+01:00,114.70729937404052,102.36
2026-02-08 09:45:00+01:00,109.9170443233668,100.83
2026-02-08 10:00:00+01:00,116.7574502920266,104.37
2026-02-08 10:15:00+01:00,113.18068060239202,103.81
2026-02-08 10:30:00+01:00,110.50270427796852,101.62
2026-02-08 10:45:00+01:00,109.63366589346964,100.78
2026-02-08 11:00:00+01:00,113.52273727142874,102.14
2026-02-08 11:15:00+01:00,113.93402620476007,100.85
2026-02-08 11:30:00+01:00,112.53946801064588,98.64
2026-02-08 11:45:00+01:00,112.2514091540695,96.77
2026-02-08 12:00:00+01:00,115.0592119475447,97.86
2026-02-08 12:15:00+01:00,111.62830979841765,96.77
2026-02-08 12:30:00+01:00,110.22482993193128,96.97
2026-02-08 12:45:00+01:00,107.54920593561086,94.69
2026-02-08 13:00:00+01:00,108.518026935606,95.1
2026-02-08 13:15:00+01:00,106.66421459203656,94.01
2026-02-08 13:30:00+01:00,106.05374977594482,96.26
2026-02-08 13:45:00+01:00,106.58553252654598,96.43
2026-02-08 14:00:00+01:00,108.1361725473174,94.09
2026-02-08 14:15:00+01:00,107.49900987259228,96.62
2026-02-08 14:30:00+01:00,112.29144365026777,97.71
2026-02-08 14:45:00+01:00,115.26410552256428,100.46
2026-02-08 15:00:00+01:00,107.42617340421864,98.03
2026-02-08 15:15:00+01:00,113.27175667460982,100.52
2026-02-08 15:30:00+01:00,121.64455476954822,104.32
2026-02-08 15:45:00+01:00,123.62701488529105,110.42
2026-02-08 16:00:00+01:00,115.64012073445151,100.84
2026-02-08 16:15:00+01:00,123.02581247384924,107.64
2026-02-08 16:30:00+01:00,128.78014796015458,115.03
2026-02-08 16:45:00+01:00,135.45427816725126,123.63
2026-02-08 17:00:00+01:00,130.4208390608074,119.54
2026-02-08 17:15:00+01:00,137.18342100607092,125.98
2026-02-08 17:30:00+01:00,141.44319824972536,131.0
2026-02-08 17:45:00+01:00,141.70911910619884,134.01
2026-02-08 18:00:00+01:00,144.8069218811513,129.79
2026-02-08 18:15:00+01:00,142.15350993489466,132.89
2026-02-08 18:30:00+01:00,137.78006459166937,132.55
2026-02-08 18:45:00+01:00,131.46115277087642,129.84
2026-02-08 19:00:00+01:00,137.00731249397393,132.96
2026-02-08 19:15:00+01:00,130.54854715683078,129.56
2026-02-08 19:30:00+01:00,122.22198142439356,125.09
2026-02-08 19:45:00+01:00,117.5142027453268,120.02
2026-02-08 20:00:00+01:00,124.68951076414716,122.86
2026-02-08 20:15:00+01:00,116.89042470080868,114.26
2026-02-08 20:30:00+01:00,111.46087699882284,109.93
2026-02-08 20:45:00+01:00,107.0265545600242,106.08
2026-02-08 21:00:00+01:00,113.90609713918444,110.84
2026-02-08 21:15:00+01:00,109.35312102069858,109.25
2026-02-08 21:30:00+01:00,106.42247143197729,106.93
2026-02-08 21:45:00+01:00,104.36570573677858,103.49
2026-02-08 22:00:00+01:00,110.81467490389008,108.08
2026-02-08 22:15:00+01:00,111.52789753835822,106.56
2026-02-08 22:30:00+01:00,104.5508180637102,104.14
2026-02-08 22:45:00+01:00,100.65174076318002,101.78
2026-02-08 23:00:00+01:00,104.67531474224845,103.42
2026-02-08 23:15:00+01:00,98.87284185681077,101.71
2026-02-08 23:30:00+01:00,95.41882795094811,100.28
2026-02-08 23:45:00+01:00,89.55003650734872,94.52
2026-02-09 00:00:00+01:00,103.2621040548501,99.98
2026-02-09 00:15:00+01:00,99.00759839247836,97.44
2026-02-09 00:30:00+01:00,97.13716198868472,95.51
2026-02-09 00:45:00+01:00,95.20982178704674,94.05
2026-02-09 01:00:00+01:00,98.5644079674511,97.68
2026-02-09 01:15:00+01:00,96.68028482040124,95.58
2026-02-09 01:30:00+01:00,96.5260898474515,94.9
2026-02-09 01:45:00+01:00,95.15732881578415,93.65
2026-02-09 02:00:00+01:00,97.5598781436388,95.32
2026-02-09 02:15:00+01:00,96.60800897093034,95.17
2026-02-09 02:30:00+01:00,95.3851655910542,96.54
2026-02-09 02:45:00+01:00,95.62091128142934,95.78
2026-02-09 03:00:00+01:00,94.54349685038618,95.71
2026-02-09 03:15:00+01:00,94.43011251198138,94.67
2026-02-09 03:30:00+01:00,94.44408538654534,95.34
2026-02-09 03:45:00+01:00,95.5640700733129,96.15
2026-02-09 04:00:00+01:00,94.45711004095776,93.42
2026-02-09 04:15:00+01:00,94.8618020682446,95.12
2026-02-09 04:30:00+01:00,95.61388324440524,96.81
2026-02-09 04:45:00+01:00,97.63115436395788,100.91
2026-02-09 05:00:00+01:00,96.28240882460486,95.7
2026-02-09 05:15:00+01:00,98.70748728957228,100.99
2026-02-09 05:30:00+01:00,98.96287062995044,105.65
2026-02-09 05:45:00+01:00,107.00439511916322,116.6
2026-02-09 06:00:00+01:00,98.9967573848698,105.0
2026-02-09 06:15:00+01:00,109.24036856340028,121.37
2026-02-09 06:30:00+01:00,117.64893752614348,136.18
2026-02-09 06:45:00+01:00,124.3775285601674,166.39
2026-02-09 07:00:00+01:00,120.5987938737548,137.14
2026-02-09 07:15:00+01:00,129.0154797062189,159.03
2026-02-09 07:30:00+01:00,140.0145091807862,168.26
2026-02-09 07:45:00+01:00,150.6709270894684,169.95
2026-02-09 08:00:00+01:00,145.52573829224633,170.29
2026-02-09 08:15:00+01:00,149.2276451226901,188.94
2026-02-09 08:30:00+01:00,151.24388771786406,185.46
2026-02-09 08:45:00+01:00,139.93567085958722,186.15
2026-02-09 09:00:00+01:00,151.8943664941656,183.9
2026-02-09 09:15:00+01:00,159.2064662848387,174.8
2026-02-09 09:30:00+01:00,150.72035744520707,160.07
2026-02-09 09:45:00+01:00,129.7000742385818,158.06
2026-02-09 10:00:00+01:00,152.99136196511074,166.23
2026-02-09 10:15:00+01:00,141.55574175171066,164.12
2026-02-09 10:30:00+01:00,128.32405542733432,153.99
2026-02-09 10:45:00+01:00,125.59383186735528,144.82
2026-02-09 11:00:00+01:00,135.30676078248007,151.01
2026-02-09 11:15:00+01:00,128.13637401359776,146.46
2026-02-09 11:30:00+01:00,126.54889287099924,142.9
2026-02-09 11:45:00+01:00,123.74104703593336,137.15
2026-02-09 12:00:00+01:00,123.28168237033108,143.19
2026-02-09 12:15:00+01:00,120.12820356414132,138.08
2026-02-09 12:30:00+01:00,119.7872253803297,135.18
2026-02-09 12:45:00+01:00,119.47984824193044,131.84
2026-02-09 13:00:00+01:00,124.4500276762159,136.23
2026-02-09 13:15:00+01:00,121.73810674808112,137.59
2026-02-09 13:30:00+01:00,120.1979384423688,134.26
2026-02-09 13:45:00+01:00,118.82168651444248,132.02
2026-02-09 14:00:00+01:00,115.51027609876836,123.66
2026-02-09 14:15:00+01:00,120.71453591485158,133.63
2026-02-09 14:30:00+01:00,128.17350232417445,142.14
2026-02-09 14:45:00+01:00,135.58918097050503,151.2
2026-02-09 15:00:00+01:00,120.65823414874652,128.85
2026-02-09 15:15:00+01:00,131.7466642853007,138.68
2026-02-09 15:30:00+01:00,135.8001734030696,157.78
2026-02-09 15:45:00+01:00,142.6294384955732,171.0
2026-02-09 16:00:00+01:00,133.64089659392224,141.73
2026-02-09 16:15:00+01:00,138.33061405682207,160.39
2026-02-09 16:30:00+01:00,143.54901645336668,183.82
2026-02-09 16:45:00+01:00,151.89240834355712,189.99
2026-02-09 17:00:00+01:00,138.10551128613673,186.86
2026-02-09 17:15:00+01:00,148.86661702797235,233.57
2026-02-09 17:30:00+01:00,159.05232138531497,244.77
2026-02-09 17:45:00+01:00,160.8188341318418,243.65
2026-02-09 18:00:00+01:00,161.2370896796977,196.61
2026-02-09 18:15:00+01:00,155.55028204047852,186.03
2026-02-09 18:30:00+01:00,150.31341918881756,171.0
2026-02-09 18:45:00+01:00,144.45027944937908,175.26
2026-02-09 19:00:00+01:00,151.25079838184726,187.92
2026-02-09 19:15:00+01:00,144.21378947095775,170.54
2026-02-09 19:30:00+01:00,134.63436186575626,160.74
2026-02-09 19:45:00+01:00,126.8420662578952,144.04
2026-02-09 20:00:00+01:00,135.47333339864653,162.88
2026-02-09 20:15:00+01:00,126.5034870132654,148.31
2026-02-09 20:30:00+01:00,122.00121077321116,139.51
2026-02-09 20:45:00+01:00,115.9406468965871,125.81
2026-02-09 21:00:00+01:00,120.91492056337968,146.31
2026-02-09 21:15:00+01:00,118.43670509766498,142.66
2026-02-09 21:30:00+01:00,114.26156135728156,131.05
2026-02-09 21:45:00+01:00,108.7820358189842,118.38
2026-02-09 22:00:00+01:00,116.06993382657028,130.45
2026-02-09 22:15:00+01:00,111.99132656575622,124.32
2026-02-09 22:30:00+01:00,109.30113813060773,123.09
2026-02-09 22:45:00+01:00,105.868723296408,113.72
2026-02-09 23:00:00+01:00,107.43275231795936,117.03
2026-02-09 23:15:00+01:00,106.54187876800913,109.09
2026-02-09 23:30:00+01:00,99.27918732572796,107.19
2026-02-09 23:45:00+01:00,96.68900783597748,102.38
2026-02-10 00:00:00+01:00,113.8100659356624,106.37
2026-02-10 00:15:00+01:00,109.44398896411585,104.65
2026-02-10 00:30:00+01:00,106.40857754918964,103.98
2026-02-10 00:45:00+01:00,102.34415468729716,103.57
2026-02-10 01:00:00+01:00,108.57469070044918,105.03
2026-02-10 01:15:00+01:00,107.51821429145068,104.03
2026-02-10 01:30:00+01:00,104.51339772626147,103.04
2026-02-10 01:45:00+01:00,102.5617082464037,102.88
2026-02-10 02:00:00+01:00,104.32779826495522,103.21
2026-02-10 02:15:00+01:00,103.16263326428616,102.54
2026-02-10 02:30:00+01:00,101.75836398714507,102.51
2026-02-10 02:45:00+01:00,100.86128432472684,102.73
2026-02-10 03:00:00+01:00,101.18471462402964,102.83
2026-02-10 03:15:00+01:00,100.87218863419734,102.58
2026-02-10 03:30:00+01:00,100.628135925918,102.23
2026-02-10 03:45:00+01:00,99.82958641080415,102.1
2026-02-10 04:00:00+01:00,98.43135111473136,102.02
2026-02-10 04:15:00+01:00,99.13220863787902,100.7
2026-02-10 04:30:00+01:00,101.3426145396836,102.95
2026-02-10 04:45:00+01:00,102.45407865616411,104.07
2026-02-10 05:00:00+01:00,103.06078996889022,103.59
2026-02-10 05:15:00+01:00,102.9132497565152,103.2
2026-02-10 05:30:00+01:00,105.99571992345254,104.81
2026-02-10 05:45:00+01:00,114.02400486119132,110.11
2026-02-10 06:00:00+01:00,108.89801538123436,102.5
2026-02-10 06:15:00+01:00,120.24896259742376,112.26
2026-02-10 06:30:00+01:00,142.11808669643295,124.49
2026-02-10 06:45:00+01:00,143.03234096918868,140.42
2026-02-10 07:00:00+01:00,136.53338134673513,122.95
2026-02-10 07:15:00+01:00,145.56200091892117,130.57
2026-02-10 07:30:00+01:00,151.6518845776342,141.2
2026-02-10 07:45:00+01:00,155.30508308019515,144.84
2026-02-10 08:00:00+01:00,160.58009453313258,146.49
2026-02-10 08:15:00+01:00,178.72730807502137,150.1
2026-02-10 08:30:00+01:00,175.83384219161127,141.92
2026-02-10 08:45:00+01:00,173.55538188577424,136.8
2026-02-10 09:00:00+01:00,187.75705971753803,141.6
2026-02-10 09:15:00+01:00,197.2367966258416,135.57
2026-02-10 09:30:00+01:00,180.02210418026064,129.51
2026-02-10 09:45:00+01:00,144.81582530650556,121.65
2026-02-10 10:00:00+01:00,179.4634620180551,141.67
2026-02-10 10:15:00+01:00,154.79052640737115,131.0
2026-02-10 10:30:00+01:00,146.96443253846047,126.16
2026-02-10 10:45:00+01:00,133.1691388126497,117.52
2026-02-10 11:00:00+01:00,148.72830638469446,129.96
2026-02-10 11:15:00+01:00,128.31497713796418,124.03
2026-02-10 11:30:00+01:00,127.1987064998431,115.04
2026-02-10 11:45:00+01:00,125.61540574995767,108.74
2026-02-10 12:00:00+01:00,131.6196389714,112.55
2026-02-10 12:15:00+01:00,127.44253835047152,107.28
2026-02-10 12:30:00+01:00,124.06428594186622,109.13
2026-02-10 12:45:00+01:00,130.9634759194307,107.93
2026-02-10 13:00:00+01:00,123.06375610821748,110.26
2026-02-10 13:15:00+01:00,125.64582845135632,107.42
2026-02-10 13:30:00+01:00,130.372419943624,109.36
2026-02-10 13:45:00+01:00,129.73881875943698,110.84
2026-02-10 14:00:00+01:00,129.15117162613234,108.79
2026-02-10 14:15:00+01:00,139.3897034709376,112.4
2026-02-10 14:30:00+01:00,145.9452625298241,119.12
2026-02-10 14:45:00+01:00,151.43434125849018,124.58
2026-02-10 15:00:00+01:00,145.11821772923864,118.74
2026-02-10 15:15:00+01:00,143.23389465529016,122.28
2026-02-10 15:30:00+01:00,148.3978120243278,134.65
2026-02-10 15:45:00+01:00,153.0955808494009,136.79
2026-02-10 16:00:00+01:00,143.0993927063281,120.09
2026-02-10 16:15:00+01:00,150.45498943533178,127.42
2026-02-10 16:30:00+01:00,157.95657550100356,126.16
2026-02-10 16:45:00+01:00,167.69364802047977,136.98
2026-02-10 17:00:00+01:00,153.63477701952752,130.45
2026-02-10 17:15:00+01:00,168.26655410606827,131.01
2026-02-10 17:30:00+01:00,174.53220414560852,138.89
2026-02-10 17:45:00+01:00,170.31379590542093,140.62
2026-02-10 18:00:00+01:00,165.21985719444152,141.29
2026-02-10 18:15:00+01:00,161.45385829913656,135.94
2026-02-10 18:30:00+01:00,157.9063361047514,129.53
2026-02-10 18:45:00+01:00,156.50407946513116,120.09
2026-02-10 19:00:00+01:00,163.95479998056487,130.44
2026-02-10 19:15:00+01:00,160.6664823222163,124.28
2026-02-10 19:30:00+01:00,137.77454928040206,118.48
2026-02-10 19:45:00+01:00,128.8082647851662,108.11
2026-02-10 20:00:00+01:00,139.3687257310086,122.78
2026-02-10 20:15:00+01:00,124.90012198352764,112.57
2026-02-10 20:30:00+01:00,118.18029300743862,105.28
2026-02-10 20:45:00+01:00,113.04314530856718,104.38
2026-02-10 21:00:00+01:00,125.5144046562352,110.52
2026-02-10 21:15:00+01:00,117.73661477414726,107.38
2026-02-10 21:30:00+01:00,108.86504278691756,106.56
2026-02-10 21:45:00+01:00,101.38171081692953,104.17
2026-02-10 22:00:00+01:00,114.5541141428688,109.33
2026-02-10 22:15:00+01:00,110.6697491691562,107.91
2026-02-10 22:30:00+01:00,107.81108780653292,106.32
2026-02-10 22:45:00+01:00,101.9895594317856,103.2
2026-02-10 23:00:00+01:00,107.3176352018525,106.03
2026-02-10 23:15:00+01:00,104.45524858769392,103.42
2026-02-10 23:30:00+01:00,97.64784830487967,99.4
2026-02-10 23:45:00+01:00,91.4455640260496,93.26
2026-02-11 00:00:00+01:00,102.84673936369585,96.96
2026-02-11 00:15:00+01:00,100.71267367915613,97.18
2026-02-11 00:30:00+01:00,95.25669488879085,97.03
2026-02-11 00:45:00+01:00,96.812577379006,95.96
2026-02-11 01:00:00+01:00,98.36332618563878,97.12
2026-02-11 01:15:00+01:00,96.96384076698529,96.99
2026-02-11 01:30:00+01:00,96.78470944213852,96.7
2026-02-11 01:45:00+01:00,96.7349138320474,95.71
2026-02-11 02:00:00+01:00,97.94172140389809,96.84
2026-02-11 02:15:00+01:00,99.36995002708228,95.37
2026-02-11 02:30:00+01:00,96.5994225697096,95.1
2026-02-11 02:45:00+01:00,98.3401114116897,95.11
2026-02-11 03:00:00+01:00,97.25969660090584,94.87
2026-02-11 03:15:00+01:00,99.2464567539567,94.87
2026-02-11 03:30:00+01:00,99.5933048218112,94.87
2026-02-11 03:45:00+01:00,100.50605442165302,94.11
2026-02-11 04:00:00+01:00,98.69986750657068,94.87
2026-02-11 04:15:00+01:00,99.21369471064868,94.77
2026-02-11 04:30:00+01:00,102.28982045465702,94.87
2026-02-11 04:45:00+01:00,102.5235515916755,94.87
2026-02-11 05:00:00+01:00,102.11231336940568,94.83
2026-02-11 05:15:00+01:00,102.01841490797142,96.05
2026-02-11 05:30:00+01:00,105.00938753621614,100.65
2026-02-11 05:45:00+01:00,105.28997101865652,105.04
2026-02-11 06:00:00+01:00,101.4774263827472,98.4
2026-02-11 06:15:00+01:00,105.26084522288284,106.74
2026-02-11 06:30:00+01:00,113.18525446027726,112.91
2026-02-11 06:45:00+01:00,127.25648801559976,123.86
2026-02-11 07:00:00+01:00,117.72538854944447,113.26
2026-02-11 07:15:00+01:00,122.09909225665076,130.5
2026-02-11 07:30:00+01:00,146.35283161378527,136.21
2026-02-11 07:45:00+01:00,158.35690112862153,136.03
2026-02-11 08:00:00+01:00,158.6607641825728,134.48
2026-02-11 08:15:00+01:00,164.9777336799341,136.9
2026-02-11 08:30:00+01:00,175.79819948952752,141.0
2026-02-11 08:45:00+01:00,175.61600884907554,135.89
2026-02-11 09:00:00+01:00,188.8612508443511,134.36
2026-02-11 09:15:00+01:00,165.51365207543225,132.83
2026-02-11 09:30:00+01:00,155.12392191725064,131.64
2026-02-11 09:45:00+01:00,141.6509867215787,126.92
2026-02-11 10:00:00+01:00,163.09270429507856,131.0
2026-02-11 10:15:00+01:00,160.75668670938654,128.93
2026-02-11 10:30:00+01:00,151.84601554889474,125.52
2026-02-11 10:45:00+01:00,135.36266292463262,124.55
2026-02-11 11:00:00+01:00,145.45626399385586,131.42
2026-02-11 11:15:00+01:00,144.04611064205574,130.61
2026-02-11 11:30:00+01:00,142.30942083582252,123.17
2026-02-11 11:45:00+01:00,139.8872620487941,118.56
2026-02-11 12:00:00+01:00,146.73957937684185,119.87
2026-02-11 12:15:00+01:00,143.72374207056285,116.05
2026-02-11 12:30:00+01:00,136.07860876179095,113.82
2026-02-11 12:45:00+01:00,138.7428575577756,113.71
2026-02-11 13:00:00+01:00,137.9834565305078,119.17
2026-02-11 13:15:00+01:00,137.4949678677886,118.05
2026-02-11 13:30:00+01:00,135.76632207512247,116.01
2026-02-11 13:45:00+01:00,130.80066617998904,113.57
2026-02-11 14:00:00+01:00,136.54686921563786,114.28
2026-02-11 14:15:00+01:00,150.0261275960773,116.5
2026-02-11 14:30:00+01:00,167.57541068688334,117.14
2026-02-11 14:45:00+01:00,164.56609686728683,118.88
2026-02-11 15:00:00+01:00,166.1412196329936,116.37
2026-02-11 15:15:00+01:00,178.494592166034,116.34
2026-02-11 15:30:00+01:00,186.91588464274815,119.0
2026-02-11 15:45:00+01:00,197.47707961996872,121.03
2026-02-11 16:00:00+01:00,166.43749201581818,117.25
2026-02-11 16:15:00+01:00,187.6763771163872,118.26
2026-02-11 16:30:00+01:00,197.12307921163296,121.99
2026-02-11 16:45:00+01:00,229.5804612019114,131.76
2026-02-11 17:00:00+01:00,183.1139664476498,119.71
2026-02-11 17:15:00+01:00,205.2424514586832,129.83
2026-02-11 17:30:00+01:00,221.49573521640104,130.14
2026-02-11 17:45:00+01:00,203.6936292280961,131.92
2026-02-11 18:00:00+01:00,199.99395659314575,131.01
2026-02-11 18:15:00+01:00,190.56045616980575,128.06
2026-02-11 18:30:00+01:00,184.27594221036736,123.4
2026-02-11 18:45:00+01:00,177.2000519581948,119.39
2026-02-11 19:00:00+01:00,189.57096210148063,122.96
2026-02-11 19:15:00+01:00,178.0334074590678,111.77
2026-02-11 19:30:00+01:00,157.0106187401267,107.41
2026-02-11 19:45:00+01:00,140.14305713090727,105.94
2026-02-11 20:00:00+01:00,150.96745139196167,109.17
2026-02-11 20:15:00+01:00,133.14256412136095,106.36
2026-02-11 20:30:00+01:00,128.56156025009614,103.59
2026-02-11 20:45:00+01:00,118.22878486588614,100.59
2026-02-11 21:00:00+01:00,135.11876273147985,107.41
2026-02-11 21:15:00+01:00,128.29368229005007,106.93
2026-02-11 21:30:00+01:00,119.09627482950408,104.67
2026-02-11 21:45:00+01:00,105.95166598634142,98.51
2026-02-11 22:00:00+01:00,123.6694178721317,106.11
2026-02-11 22:15:00+01:00,118.88046021820188,103.51
2026-02-11 22:30:00+01:00,111.09466353686288,99.99
2026-02-11 22:45:00+01:00,104.94545383222513,98.38
2026-02-11 23:00:00+01:00,107.5814312118801,102.31
2026-02-11 23:15:00+01:00,105.06966933159296,96.33
2026-02-11 23:30:00+01:00,100.71143255545336,93.89
2026-02-11 23:45:00+01:00,96.28861702733604,88.7
2026-02-12 00:00:00+01:00,97.14469301191136,90.02
2026-02-12 00:15:00+01:00,96.06408620790432,87.4
2026-02-12 00:30:00+01:00,91.24908405001489,89.11
2026-02-12 00:45:00+01:00,91.84460466239378,86.24
2026-02-12 01:00:00+01:00,92.59835716464428,88.07
2026-02-12 01:15:00+01:00,91.36172079440544,86.55
2026-02-12 01:30:00+01:00,90.85298753127957,87.6
2026-02-12 01:45:00+01:00,89.09767117657891,88.1
2026-02-12 02:00:00+01:00,91.5951295832993,86.94
2026-02-12 02:15:00+01:00,90.20420161531746,87.45
2026-02-12 02:30:00+01:00,89.65211335495039,85.77
2026-02-12 02:45:00+01:00,91.697325109821,84.65
2026-02-12 03:00:00+01:00,88.21651570195898,85.03
2026-02-12 03:15:00+01:00,91.17198122641676,83.76
2026-02-12 03:30:00+01:00,91.54659083914169,84.93
2026-02-12 03:45:00+01:00,91.91686546607714,85.85
2026-02-12 04:00:00+01:00,90.5161970093654,85.07
2026-02-12 04:15:00+01:00,93.92960458838932,85.7
2026-02-12 04:30:00+01:00,95.26713675243852,86.09
2026-02-12 04:45:00+01:00,96.71816715303105,87.19
2026-02-12 05:00:00+01:00,95.04762225470506,86.65
2026-02-12 05:15:00+01:00,94.07555906795793,87.2
2026-02-12 05:30:00+01:00,97.25904408150222,90.49
2026-02-12 05:45:00+01:00,96.26575284980125,93.38
2026-02-12 06:00:00+01:00,95.68787447573008,90.7
2026-02-12 06:15:00+01:00,100.34120029915964,97.29
2026-02-12 06:30:00+01:00,107.60713350865372,103.96
2026-02-12 06:45:00+01:00,116.47374068866152,107.5
2026-02-12 07:00:00+01:00,107.23996390526572,103.1
2026-02-12 07:15:00+01:00,122.00531069223268,115.0
2026-02-12 07:30:00+01:00,127.53997101119404,121.04
2026-02-12 07:45:00+01:00,142.60974989484407,124.89
2026-02-12 08:00:00+01:00,134.34180580823875,122.67
2026-02-12 08:15:00+01:00,144.67051899152108,123.92
2026-02-12 08:30:00+01:00,144.79937705661175,123.68
2026-02-12 08:45:00+01:00,145.05849441864052,122.02
2026-02-12 09:00:00+01:00,148.9832928352882,129.67
2026-02-12 09:15:00+01:00,147.09861564928767,123.03
2026-02-12 09:30:00+01:00,146.65465748144464,117.45
2026-02-12 09:45:00+01:00,126.8218735414234,114.67
2026-02-12 10:00:00+01:00,142.60259789218864,124.64
2026-02-12 10:15:00+01:00,135.78102562843617,116.27
2026-02-12 10:30:00+01:00,130.4328739319075,115.13
2026-02-12 10:45:00+01:00,125.51119639762342,114.04
2026-02-12 11:00:00+01:00,130.62697692756143,114.92
2026-02-12 11:15:00+01:00,125.32798501353194,113.16
2026-02-12 11:30:00+01:00,119.07204237801947,110.1
2026-02-12 11:45:00+01:00,120.57878437557484,106.43
2026-02-12 12:00:00+01:00,122.02318209666288,107.59
2026-02-12 12:15:00+01:00,113.73373961898174,104.95
2026-02-12 12:30:00+01:00,115.54988266610428,105.44
2026-02-12 12:45:00+01:00,116.3762278769458,104.08
2026-02-12 13:00:00+01:00,119.4286151598915,105.48
2026-02-12 13:15:00+01:00,119.42879835144646,104.44
2026-02-12 13:30:00+01:00,118.536421863988,102.87
2026-02-12 13:45:00+01:00,115.250306941867,101.43
2026-02-12 14:00:00+01:00,118.80196279328337,104.37
2026-02-12 14:15:00+01:00,120.58719972198442,104.7
2026-02-12 14:30:00+01:00,123.73627872725552,105.48
2026-02-12 14:45:00+01:00,130.70864773468523,106.3
2026-02-12 15:00:00+01:00,125.27089740313934,103.56
2026-02-12 15:15:00+01:00,130.59049201395266,103.26
2026-02-12 15:30:00+01:00,148.6136608372485,109.47
2026-02-12 15:45:00+01:00,161.21549375984932,115.63
2026-02-12 16:00:00+01:00,135.64766216966754,103.91
2026-02-12 16:15:00+01:00,144.39983595815033,107.15
2026-02-12 16:30:00+01:00,155.80492851525577,113.61
2026-02-12 16:45:00+01:00,178.3189377371586,118.47
2026-02-12 17:00:00+01:00,148.99353497602223,109.02
2026-02-12 17:15:00+01:00,161.28371025293774,121.71
2026-02-12 17:30:00+01:00,183.63006344007587,129.8
2026-02-12 17:45:00+01:00,185.1990688560042,131.67
2026-02-12 18:00:00+01:00,167.75200797298393,130.01
2026-02-12 18:15:00+01:00,156.56470582910222,128.13
2026-02-12 18:30:00+01:00,149.7839320803526,123.15
2026-02-12 18:45:00+01:00,143.6055588186635,121.36
2026-02-12 19:00:00+01:00,156.0575179830002,132.11
2026-02-12 19:15:00+01:00,142.5457835810489,124.16
2026-02-12 19:30:00+01:00,129.7282111949473,117.01
2026-02-12 19:45:00+01:00,114.75507092485614,110.21
2026-02-12 20:00:00+01:00,133.98231030520878,126.27
2026-02-12 20:15:00+01:00,112.74802812826093,107.29
2026-02-12 20:30:00+01:00,108.5237211849411,103.15
2026-02-12 20:45:00+01:00,103.86974928924776,99.7
2026-02-12 21:00:00+01:00,120.92383421624316,106.6
2026-02-12 21:15:00+01:00,114.69898899328383,103.12
2026-02-12 21:30:00+01:00,106.14337253168436,98.19
2026-02-12 21:45:00+01:00,97.08622420483896,90.86
2026-02-12 22:00:00+01:00,114.5671583469385,104.59
2026-02-12 22:15:00+01:00,109.23086889811948,96.66
2026-02-12 22:30:00+01:00,100.51525636453847,94.13
2026-02-12 22:45:00+01:00,96.62935900601984,93.32
2026-02-12 23:00:00+01:00,103.01804258048568,98.42
2026-02-12 23:15:00+01:00,98.9672139930411,90.93
2026-02-12 23:30:00+01:00,91.1122188162371,85.92
2026-02-12 23:45:00+01:00,88.53047136319357,82.06
2026-02-13 00:00:00+01:00,97.20811929401208,85.72
2026-02-13 00:15:00+01:00,92.04898974679968,85.02
2026-02-13 00:30:00+01:00,88.26295565772352,83.16
2026-02-13 00:45:00+01:00,88.72062030812307,81.53
2026-02-13 01:00:00+01:00,91.02303794202378,83.9
2026-02-13 01:15:00+01:00,87.61940526580022,83.89
2026-02-13 01:30:00+01:00,86.5549250555726,83.36
2026-02-13 01:45:00+01:00,85.88779840515112,83.49
2026-02-13 02:00:00+01:00,89.9731606072281,81.72
2026-02-13 02:15:00+01:00,86.39097628208911,82.05
2026-02-13 02:30:00+01:00,84.84508847033013,82.43
2026-02-13 02:45:00+01:00,85.24996885620908,82.67
2026-02-13 03:00:00+01:00,86.81115195599205,81.18
2026-02-13 03:15:00+01:00,87.27020681577135,81.87
2026-02-13 03:30:00+01:00,87.05050050802052,82.31
2026-02-13 03:45:00+01:00,86.42116446129388,82.06
2026-02-13 04:00:00+01:00,87.4928521131686,81.57
2026-02-13 04:15:00+01:00,89.11850689957215,82.66
2026-02-13 04:30:00+01:00,90.85789706063883,83.89
2026-02-13 04:45:00+01:00,92.95928422018818,85.28
2026-02-13 05:00:00+01:00,88.32082911920075,84.06
2026-02-13 05:15:00+01:00,92.88065533694608,83.66
2026-02-13 05:30:00+01:00,93.04381993006214,87.75
2026-02-13 05:45:00+01:00,95.48483611411808,93.28
2026-02-13 06:00:00+01:00,86.8850874646627,84.42
2026-02-13 06:15:00+01:00,94.53719242762271,93.56
2026-02-13 06:30:00+01:00,99.0091390637929,103.67
2026-02-13 06:45:00+01:00,111.40650413956072,113.26
2026-02-13 07:00:00+01:00,100.80970719299748,105.21
2026-02-13 07:15:00+01:00,115.7828223214089,119.26
2026-02-13 07:30:00+01:00,126.62839950010734,121.64
2026-02-13 07:45:00+01:00,135.47894364180493,124.8
2026-02-13 08:00:00+01:00,130.8124821762301,122.21
2026-02-13 08:15:00+01:00,136.21824582562408,125.86
2026-02-13 08:30:00+01:00,136.0159868567486,124.58
2026-02-13 08:45:00+01:00,130.5567760040669,122.75
2026-02-13 09:00:00+01:00,140.86095095644168,128.75
2026-02-13 09:15:00+01:00,135.94734772348403,123.8
2026-02-13 09:30:00+01:00,128.16730360559654,115.43
2026-02-13 09:45:00+01:00,119.13274250300698,108.62
2026-02-13 10:00:00+01:00,132.9709130492295,112.71
2026-02-13 10:15:00+01:00,123.35646538206586,107.88
2026-02-13 10:30:00+01:00,119.40371979647593,104.38
2026-02-13 10:45:00+01:00,114.9620345019128,100.6
2026-02-13 11:00:00+01:00,120.57664987226757,104.18
2026-02-13 11:15:00+01:00,118.12636848718088,101.7
2026-02-13 11:30:00+01:00,117.85860617067652,99.54
2026-02-13 11:45:00+01:00,114.46694475839875,98.7
2026-02-13 12:00:00+01:00,112.8721665308602,98.62
2026-02-13 12:15:00+01:00,112.11139631225636,97.41
2026-02-13 12:30:00+01:00,113.0434340408044,97.03
2026-02-13 12:45:00+01:00,112.97914873752195,96.14
2026-02-13 13:00:00+01:00,105.80807743357428,96.49
2026-02-13 13:15:00+01:00,112.73177486035723,96.94
2026-02-13 13:30:00+01:00,111.22562495323146,98.61
2026-02-13 13:45:00+01:00,118.25421029106622,97.94
2026-02-13 14:00:00+01:00,113.03236085479448,98.93
2026-02-13 14:15:00+01:00,119.6699988214457,99.74
2026-02-13 14:30:00+01:00,126.41534576893694,103.6
2026-02-13 14:45:00+01:00,130.32125683472074,106.09
2026-02-13 15:00:00+01:00,120.58780900244132,105.73
2026-02-13 15:15:00+01:00,132.71388637195815,111.95
2026-02-13 15:30:00+01:00,136.74774695826306,122.63
2026-02-13 15:45:00+01:00,149.82171409055144,132.08
2026-02-13 16:00:00+01:00,137.089809546805,117.97
2026-02-13 16:15:00+01:00,135.34476870629467,122.34
2026-02-13 16:30:00+01:00,150.05134312195509,126.63
2026-02-13 16:45:00+01:00,153.23723972858917,136.68
2026-02-13 17:00:00+01:00,143.78856958553297,122.62
2026-02-13 17:15:00+01:00,150.8131536230872,131.77
2026-02-13 17:30:00+01:00,152.0584088637599,135.7
2026-02-13 17:45:00+01:00,138.13425750038556,137.85
2026-02-13 18:00:00+01:00,157.79631369534087,140.35
2026-02-13 18:15:00+01:00,136.00462372430286,135.88
2026-02-13 18:30:00+01:00,129.11940831934166,134.76
2026-02-13 18:45:00+01:00,135.99837344025036,133.1
2026-02-13 19:00:00+01:00,132.39470738338773,144.63
2026-02-13 19:15:00+01:00,123.59508206952847,134.85
2026-02-13 19:30:00+01:00,121.31172332868468,127.69
2026-02-13 19:45:00+01:00,113.64645846024388,120.4
2026-02-13 20:00:00+01:00,119.56452268649804,137.0
2026-02-13 20:15:00+01:00,105.70191207905611,130.66
2026-02-13 20:30:00+01:00,100.58023081162638,122.0
2026-02-13 20:45:00+01:00,93.26147159462832,114.34
2026-02-13 21:00:00+01:00,106.58889652066672,127.41
2026-02-13 21:15:00+01:00,105.11317257771825,121.8
2026-02-13 21:30:00+01:00,102.09559325751007,114.7
2026-02-13 21:45:00+01:00,99.7301156673513,106.41
2026-02-13 22:00:00+01:00,111.36185576861082,119.88
2026-02-13 22:15:00+01:00,104.51001728838654,110.36
2026-02-13 22:30:00+01:00,103.03590679832774,106.71
2026-02-13 22:45:00+01:00,101.73055389750424,102.84
2026-02-13 23:00:00+01:00,109.71056905666514,106.35
2026-02-13 23:15:00+01:00,101.12304796546762,102.19
2026-02-13 23:30:00+01:00,94.69541753643703,100.72
2026-02-13 23:45:00+01:00,88.79952729166357,94.17
2026-02-14 00:00:00+01:00,101.67809310894374,103.97
2026-02-14 00:15:00+01:00,98.4128139284646,98.7
2026-02-14 00:30:00+01:00,95.20320254780586,94.02
2026-02-14 00:45:00+01:00,92.96994663935482,91.28
2026-02-14 01:00:00+01:00,97.33518742000696,94.83
2026-02-14 01:15:00+01:00,94.94686831362868,93.76
2026-02-14 01:30:00+01:00,93.7105273939822,90.55
2026-02-14 01:45:00+01:00,92.62008829040136,88.18
2026-02-14 02:00:00+01:00,94.44805244514004,91.9
2026-02-14 02:15:00+01:00,92.73928846451248,88.96
2026-02-14 02:30:00+01:00,92.22818671709337,87.21
2026-02-14 02:45:00+01:00,91.58812538830276,88.29
2026-02-14 03:00:00+01:00,91.44061235921336,91.69
2026-02-14 03:15:00+01:00,90.90448652681692,88.76
2026-02-14 03:30:00+01:00,90.19461203191108,87.45
2026-02-14 03:45:00+01:00,89.92442698824196,86.79
2026-02-14 04:00:00+01:00,89.2844840460388,87.63
2026-02-14 04:15:00+01:00,89.520902108801,88.07
2026-02-14 04:30:00+01:00,89.98086195901084,87.55
2026-02-14 04:45:00+01:00,90.29479305541702,86.78
2026-02-14 05:00:00+01:00,90.71650455448368,88.35
2026-02-14 05:15:00+01:00,89.80417863059927,86.62
2026-02-14 05:30:00+01:00,91.41287296584902,89.24
2026-02-14 05:45:00+01:00,93.93220945612364,90.79
2026-02-14 06:00:00+01:00,90.79919921726896,88.94
2026-02-14 06:15:00+01:00,92.36322395097838,89.5
2026-02-14 06:30:00+01:00,97.45144004930874,89.63
2026-02-14 06:45:00+01:00,102.4412216623916,92.8
2026-02-14 07:00:00+01:00,99.8139711314621,90.94
2026-02-14 07:15:00+01:00,99.11766610915956,90.52
2026-02-14 07:30:00+01:00,104.84929770233693,94.15
2026-02-14 07:45:00+01:00,104.94583794104716,96.86
2026-02-14 08:00:00+01:00,108.25168005445504,97.1
2026-02-14 08:15:00+01:00,110.37400239677734,102.41
2026-02-14 08:30:00+01:00,109.2216635743422,103.9
2026-02-14 08:45:00+01:00,107.78319745115266,103.92
2026-02-14 09:00:00+01:00,115.9735807288651,110.11
2026-02-14 09:15:00+01:00,110.6466381906978,109.13
2026-02-14 09:30:00+01:00,108.48828334087192,106.96
2026-02-14 09:45:00+01:00,103.614975266199,103.76
2026-02-14 10:00:00+01:00,110.78645719597128,109.93
2026-02-14 10:15:00+01:00,106.64318410590988,104.89
2026-02-14 10:30:00+01:00,102.99780972624578,102.64
2026-02-14 10:45:00+01:00,102.8604998524052,98.42
2026-02-14 11:00:00+01:00,103.92034427512483,101.49
2026-02-14 11:15:00+01:00,107.85520297103903,98.81
2026-02-14 11:30:00+01:00,98.48303486478058,96.87
2026-02-14 11:45:00+01:00,99.12778450680148,95.48
2026-02-14 12:00:00+01:00,105.15896572338724,96.84
2026-02-14 12:15:00+01:00,97.85265541763783,96.54
2026-02-14 12:30:00+01:00,102.88177121033512,94.62
2026-02-14 12:45:00+01:00,94.05255936441864,92.64
2026-02-14 13:00:00+01:00,100.88105446173095,95.24
2026-02-14 13:15:00+01:00,98.6953311085934,94.78
2026-02-14 13:30:00+01:00,96.02851191495482,92.47
2026-02-14 13:45:00+01:00,94.90334807440136,93.4
2026-02-14 14:00:00+01:00,94.26507718555142,91.93
2026-02-14 14:15:00+01:00,96.6432308639742,95.21
2026-02-14 14:30:00+01:00,101.44362496594464,97.87
2026-02-14 14:45:00+01:00,104.03654081587482,103.44
2026-02-14 15:00:00+01:00,99.03104578052096,98.77
2026-02-14 15:15:00+01:00,102.84920015948391,101.92
2026-02-14 15:30:00+01:00,108.37661555204777,106.49
2026-02-14 15:45:00+01:00,114.57777586353912,112.63
2026-02-14 16:00:00+01:00,108.1398073012534,104.96
2026-02-14 16:15:00+01:00,115.12800502727956,114.63
2026-02-14 16:30:00+01:00,120.28820662239283,122.34
2026-02-14 16:45:00+01:00,126.6478450491343,125.62
2026-02-14 17:00:00+01:00,120.63084175613184,113.79
2026-02-14 17:15:00+01:00,127.44249359328948,125.2
2026-02-14 17:30:00+01:00,130.79714459726455,131.94
2026-02-14 17:45:00+01:00,135.10880240003743,133.47
2026-02-14 18:00:00+01:00,131.8954077884772,131.01
2026-02-14 18:15:00+01:00,126.8682541771784,132.22
2026-02-14 18:30:00+01:00,133.418265466181,133.92
2026-02-14 18:45:00+01:00,142.39019286423448,130.56
2026-02-14 19:00:00+01:00,134.76605361506412,135.0
2026-02-14 19:15:00+01:00,126.12133579931836,129.4
2026-02-14 19:30:00+01:00,147.31898824705686,127.0
2026-02-14 19:45:00+01:00,135.65401167212224,123.48
2026-02-14 20:00:00+01:00,143.89171661038625,129.99
2026-02-14 20:15:00+01:00,138.46263655468726,126.73
2026-02-14 20:30:00+01:00,134.94518681341924,118.33
2026-02-14 20:45:00+01:00,133.02910844001264,117.72
2026-02-14 21:00:00+01:00,132.5467110973808,126.28
2026-02-14 21:15:00+01:00,130.38364274398828,120.97
2026-02-14 21:30:00+01:00,123.4865527605194,114.01
2026-02-14 21:45:00+01:00,113.93954241922049,106.66
2026-02-14 22:00:00+01:00,123.03696993168523,120.88
2026-02-14 22:15:00+01:00,123.88961688390889,113.23
2026-02-14 22:30:00+01:00,113.41190430748432,106.94
2026-02-14 22:45:00+01:00,111.67764783839664,103.76
2026-02-14 23:00:00+01:00,112.90387611616752,103.75
2026-02-14 23:15:00+01:00,124.42306403074284,103.42
2026-02-14 23:30:00+01:00,111.19894982117066,100.9
2026-02-14 23:45:00+01:00,105.91013260233134,96.33
2026-02-15 00:00:00+01:00,98.19921483573869,107.51
2026-02-15 00:15:00+01:00,97.20540538231938,101.67
2026-02-15 00:30:00+01:00,97.24330630400856,99.67
2026-02-15 00:45:00+01:00,95.18905874949216,98.26
2026-02-15 01:00:00+01:00,96.93006154582612,103.9
2026-02-15 01:15:00+01:00,95.29395258663044,100.44
2026-02-15 01:30:00+01:00,94.5867006561554,99.06
2026-02-15 01:45:00+01:00,92.81544465124244,96.39
2026-02-15 02:00:00+01:00,95.87882237699368,100.54
2026-02-15 02:15:00+01:00,94.54947301309733,100.75
2026-02-15 02:30:00+01:00,93.43654434674944,100.9
2026-02-15 02:45:00+01:00,92.55637244564896,100.83
2026-02-15 03:00:00+01:00,93.12457397992868,100.29
2026-02-15 03:15:00+01:00,92.74578179062478,99.15
2026-02-15 03:30:00+01:00,92.72247776253796,97.35
2026-02-15 03:45:00+01:00,92.10286518302004,95.31
2026-02-15 04:00:00+01:00,93.18911359076716,98.25
2026-02-15 04:15:00+01:00,93.23642100124188,97.5
2026-02-15 04:30:00+01:00,93.83962874292838,95.59
2026-02-15 04:45:00+01:00,93.88272216295796,94.74
2026-02-15 05:00:00+01:00,92.21310571436682,96.67
2026-02-15 05:15:00+01:00,91.87936694811816,93.89
2026-02-15 05:30:00+01:00,92.33113615901009,93.19
2026-02-15 05:45:00+01:00,93.6811272326878,93.67
2026-02-15 06:00:00+01:00,91.54449393334409,92.85
2026-02-15 06:15:00+01:00,92.8130013342485,94.19
2026-02-15 06:30:00+01:00,99.48355025261058,94.73
2026-02-15 06:45:00+01:00,102.10917175057628,94.9
2026-02-15 07:00:00+01:00,96.6663785220585,96.58
2026-02-15 07:15:00+01:00,100.96698191613558,94.97
2026-02-15 07:30:00+01:00,104.65056198039233,96.25
2026-02-15 07:45:00+01:00,110.78203752211274,96.66
2026-02-15 08:00:00+01:00,109.09406931511298,100.67
2026-02-15 08:15:00+01:00,109.51938605670364,97.54
2026-02-15 08:30:00+01:00,112.77330853707876,95.67
2026-02-15 08:45:00+01:00,115.00319448831516,93.32
2026-02-15 09:00:00+01:00,117.60637750226466,99.15
2026-02-15 09:15:00+01:00,114.956549168301,94.3
2026-02-15 09:30:00+01:00,116.02756002856653,92.51
2026-02-15 09:45:00+01:00,109.72229753348752,86.3
2026-02-15 10:00:00+01:00,120.68835324867749,91.49
2026-02-15 10:15:00+01:00,119.59805962911273,86.74
2026-02-15 10:30:00+01:00,112.01639782019988,82.92
2026-02-15 10:45:00+01:00,113.86303561734016,70.92
2026-02-15 11:00:00+01:00,107.55194487964852,79.73
2026-02-15 11:15:00+01:00,112.81861441494,76.39
2026-02-15 11:30:00+01:00,109.77382038956854,74.42
2026-02-15 11:45:00+01:00,107.74322624871066,68.35
2026-02-15 12:00:00+01:00,104.23019730446777,69.92
2026-02-15 12:15:00+01:00,104.462101327732,71.3
2026-02-15 12:30:00+01:00,96.4386287712692,66.69
2026-02-15 12:45:00+01:00,97.56312784702328,61.57
2026-02-15 13:00:00+01:00,95.84395316436073,66.88
2026-02-15 13:15:00+01:00,95.42729162015952,64.72
2026-02-15 13:30:00+01:00,106.72047266372176,64.04
2026-02-15 13:45:00+01:00,97.62144252719985,61.99
2026-02-15 14:00:00+01:00,99.93956947102808,63.71
2026-02-15 14:15:00+01:00,99.72540738648117,60.3
2026-02-15 14:30:00+01:00,99.19389595030292,65.83
2026-02-15 14:45:00+01:00,103.13529424267374,67.85
2026-02-15 15:00:00+01:00,100.34305623278482,62.05
2026-02-15 15:15:00+01:00,103.24255920090764,66.37
2026-02-15 15:30:00+01:00,99.14071992779652,74.29
2026-02-15 15:45:00+01:00,100.67291356369262,85.1
2026-02-15 16:00:00+01:00,105.65910403932092,71.2
2026-02-15 16:15:00+01:00,99.97232472441068,82.67
2026-02-15 16:30:00+01:00,104.65622632683784,88.68
2026-02-15 16:45:00+01:00,111.52500884619292,94.27
2026-02-15 17:00:00+01:00,113.49058768800072,92.5
2026-02-15 17:15:00+01:00,118.05722229215732,96.99
2026-02-15 17:30:00+01:00,122.76042845109518,98.5
2026-02-15 17:45:00+01:00,122.85614846966236,97.55
2026-02-15 18:00:00+01:00,120.81151448256368,99.73
2026-02-15 18:15:00+01:00,118.85372100163524,99.98
2026-02-15 18:30:00+01:00,118.48061841141184,98.82
2026-02-15 18:45:00+01:00,112.54458514809336,94.28
2026-02-15 19:00:00+01:00,112.74287008967944,92.7
2026-02-15 19:15:00+01:00,110.3633572887841,87.91
2026-02-15 19:30:00+01:00,98.13058871449186,81.9
2026-02-15 19:45:00+01:00,92.16379979119732,71.94
2026-02-15 20:00:00+01:00,102.70876072273416,82.82
2026-02-15 20:15:00+01:00,94.41094759518616,76.7
2026-02-15 20:30:00+01:00,85.6726272896281,69.49
2026-02-15 20:45:00+01:00,86.26374477689453,55.0
2026-02-15 21:00:00+01:00,93.25753324417464,74.93
2026-02-15 21:15:00+01:00,91.15569161569928,70.25
2026-02-15 21:30:00+01:00,88.45707375243896,65.94
2026-02-15 21:45:00+01:00,87.24192514722408,57.93
2026-02-15 22:00:00+01:00,90.69502922116548,73.0
2026-02-15 22:15:00+01:00,84.91699052573632,66.94
2026-02-15 22:30:00+01:00,89.1378106692252,65.18
2026-02-15 22:45:00+01:00,87.13625801166822,57.34
2026-02-15 23:00:00+01:00,90.14404889770135,71.5
2026-02-15 23:15:00+01:00,88.5901597103218,65.1
2026-02-15 23:30:00+01:00,81.12433509011893,58.49
2026-02-15 23:45:00+01:00,74.76035500824695,37.07
2026-02-16 00:00:00+01:00,72.32398464112977,75.64
2026-02-16 00:15:00+01:00,62.3559125538251,74.09
2026-02-16 00:30:00+01:00,59.48128843901697,65.08
2026-02-16 00:45:00+01:00,60.14993809794122,60.91
2026-02-16 01:00:00+01:00,53.40114707396922,69.29
2026-02-16 01:15:00+01:00,52.516530656787936,64.77
2026-02-16 01:30:00+01:00,52.902808791757,64.55
2026-02-16 01:45:00+01:00,57.11529367279876,62.89
2026-02-16 02:00:00+01:00,55.97843050420254,64.63
2026-02-16 02:15:00+01:00,56.0461632174189,63.81
2026-02-16 02:30:00+01:00,53.55258826806504,64.63
2026-02-16 02:45:00+01:00,55.79503201894461,64.57
2026-02-16 03:00:00+01:00,54.263043824491234,63.2
2026-02-16 03:15:00+01:00,55.869576703901075,63.71
2026-02-16 03:30:00+01:00,57.90543473485768,65.64
2026-02-16 03:45:00+01:00,59.02001577496409,65.1
2026-02-16 04:00:00+01:00,60.19663546553761,63.01
2026-02-16 04:15:00+01:00,58.102626448300896,63.37
2026-02-16 04:30:00+01:00,61.38503200739417,66.76
2026-02-16 04:45:00+01:00,64.0022018057679,71.07
2026-02-16 05:00:00+01:00,62.29020828473392,60.1
2026-02-16 05:15:00+01:00,65.820483507147,66.37
2026-02-16 05:30:00+01:00,70.88690304288198,75.91
2026-02-16 05:45:00+01:00,77.83969326092952,77.56
2026-02-16 06:00:00+01:00,68.08317256699095,60.47
2026-02-16 06:15:00+01:00,82.06272691129263,73.23
2026-02-16 06:30:00+01:00,83.89071499483606,83.91
2026-02-16 06:45:00+01:00,91.26908328121138,99.7
2026-02-16 07:00:00+01:00,77.98396416098466,82.37
2026-02-16 07:15:00+01:00,95.9564379628096,94.32
2026-02-16 07:30:00+01:00,95.818875183159,99.24
2026-02-16 07:45:00+01:00,103.00170128535352,100.36
2026-02-16 08:00:00+01:00,98.6523926417546,97.01
2026-02-16 08:15:00+01:00,103.41969565654652,103.01
2026-02-16 08:30:00+01:00,103.31022737594876,103.1
2026-02-16 08:45:00+01:00,96.57322996396805,101.01
2026-02-16 09:00:00+01:00,105.02656335452409,106.53
2026-02-16 09:15:00+01:00,98.97077969278658,104.14
2026-02-16 09:30:00+01:00,90.92447428080328,104.0
2026-02-16 09:45:00+01:00,82.67438920567099,103.03
2026-02-16 10:00:00+01:00,96.55882277817284,111.82
2026-02-16 10:15:00+01:00,89.55461360281984,102.01
2026-02-16 10:30:00+01:00,87.83973160321534,97.7
2026-02-16 10:45:00+01:00,87.09322765398724,94.63
2026-02-16 11:00:00+01:00,88.4302608326553,97.58
2026-02-16 11:15:00+01:00,89.10821238859691,94.52
2026-02-16 11:30:00+01:00,91.74093892531783,93.94
2026-02-16 11:45:00+01:00,90.22348435412349,93.4
2026-02-16 12:00:00+01:00,82.34830004939484,91.89
2026-02-16 12:15:00+01:00,89.27452592163036,91.9
2026-02-16 12:30:00+01:00,89.62923192292143,92.27
2026-02-16 12:45:00+01:00,92.67100175466892,91.95
2026-02-16 13:00:00+01:00,91.18572744794592,93.57
2026-02-16 13:15:00+01:00,93.68973843488428,93.46
2026-02-16 13:30:00+01:00,95.10009317442344,93.75
2026-02-16 13:45:00+01:00,96.37388027420135,96.83
2026-02-16 14:00:00+01:00,93.20366959708907,90.99
2026-02-16 14:15:00+01:00,98.91751978867195,93.68
2026-02-16 14:30:00+01:00,102.7724716324292,99.42
2026-02-16 14:45:00+01:00,109.08570053229737,99.96
2026-02-16 15:00:00+01:00,101.7335774282738,95.91
2026-02-16 15:15:00+01:00,109.42708831237977,98.6
2026-02-16 15:30:00+01:00,115.73694308921208,107.87
2026-02-16 15:45:00+01:00,120.3853116855754,113.92
2026-02-16 16:00:00+01:00,107.52728704982036,106.11
2026-02-16 16:15:00+01:00,115.55508294854155,114.65
2026-02-16 16:30:00+01:00,119.91428926577431,118.03
2026-02-16 16:45:00+01:00,127.76661584102114,122.42
2026-02-16 17:00:00+01:00,119.01631889664996,120.2
2026-02-16 17:15:00+01:00,126.42804338162404,129.39
2026-02-16 17:30:00+01:00,133.8252136904715,131.77
2026-02-16 17:45:00+01:00,133.8834020157309,140.06
2026-02-16 18:00:00+01:00,130.15539464208996,132.03
2026-02-16 18:15:00+01:00,124.18546350741188,129.22
2026-02-16 18:30:00+01:00,120.32648122268178,128.8
2026-02-16 18:45:00+01:00,119.66314598026676,126.42
2026-02-16 19:00:00+01:00,125.4615119215796,133.14
2026-02-16 19:15:00+01:00,117.05883917522644,126.59
2026-02-16 19:30:00+01:00,109.17740620996196,126.61
2026-02-16 19:45:00+01:00,107.94743852544752,119.08
2026-02-16 20:00:00+01:00,113.80855919410448,121.79
2026-02-16 20:15:00+01:00,108.42323988949065,119.5
2026-02-16 20:30:00+01:00,106.65987496125445,113.81
2026-02-16 20:45:00+01:00,101.0524720776026,107.43
2026-02-16 21:00:00+01:00,103.9603515416992,112.26
2026-02-16 21:15:00+01:00,103.01921386091408,107.94
2026-02-16 21:30:00+01:00,100.92203657022011,99.73
2026-02-16 21:45:00+01:00,95.82776686340549,95.66
2026-02-16 22:00:00+01:00,101.80248112044096,106.0
2026-02-16 22:15:00+01:00,98.50171125394758,104.98
2026-02-16 22:30:00+01:00,94.6147761310992,101.23
2026-02-16 22:45:00+01:00,91.04978338465,95.47
2026-02-16 23:00:00+01:00,95.81031695212488,101.58
2026-02-16 23:15:00+01:00,92.00907490766852,94.64
2026-02-16 23:30:00+01:00,87.52348291973837,89.32
2026-02-16 23:45:00+01:00,84.22528685845162,85.48
2026-02-17 00:00:00+01:00,92.99985461469151,89.45
2026-02-17 00:15:00+01:00,92.49116930857504,88.09
2026-02-17 00:30:00+01:00,89.8005884498456,85.73
2026-02-17 00:45:00+01:00,88.39557491292217,84.81
2026-02-17 01:00:00+01:00,89.84291893101407,86.56
2026-02-17 01:15:00+01:00,89.57210911744527,84.78
2026-02-17 01:30:00+01:00,88.09847356009003,84.81
2026-02-17 01:45:00+01:00,87.9472761529344,84.27
2026-02-17 02:00:00+01:00,88.19606265067445,84.45
2026-02-17 02:15:00+01:00,87.75371956049493,84.39
2026-02-17 02:30:00+01:00,86.95115153381036,85.27
2026-02-17 02:45:00+01:00,87.18607308862211,85.01
2026-02-17 03:00:00+01:00,87.4757380918602,86.33
2026-02-17 03:15:00+01:00,87.70123976172435,85.85
2026-02-17 03:30:00+01:00,86.96805929730742,85.92
2026-02-17 03:45:00+01:00,86.7396495140577,84.5
2026-02-17 04:00:00+01:00,88.18392021072685,82.47
2026-02-17 04:15:00+01:00,88.65266586240223,86.05
2026-02-17 04:30:00+01:00,89.50924817351391,83.78
2026-02-17 04:45:00+01:00,91.23646474640309,86.97
2026-02-17 05:00:00+01:00,89.86274405970097,83.21
2026-02-17 05:15:00+01:00,89.26859851905532,85.72
2026-02-17 05:30:00+01:00,93.6474881813686,87.98
2026-02-17 05:45:00+01:00,95.87817331596636,98.46
2026-02-17 06:00:00+01:00,92.70272876380042,87.85
2026-02-17 06:15:00+01:00,100.03826191433892,102.99
2026-02-17 06:30:00+01:00,111.03711704178708,105.55
2026-02-17 06:45:00+01:00,128.44496066726592,114.5
2026-02-17 07:00:00+01:00,115.13381617944025,105.66
2026-02-17 07:15:00+01:00,130.18468043725048,110.15
2026-02-17 07:30:00+01:00,143.31009005832894,116.46
2026-02-17 07:45:00+01:00,149.870627596137,125.04
2026-02-17 08:00:00+01:00,150.34255548710587,118.04
2026-02-17 08:15:00+01:00,153.2184892140793,116.29
2026-02-17 08:30:00+01:00,145.72297011335652,113.54
2026-02-17 08:45:00+01:00,140.85488898693646,111.55
2026-02-17 09:00:00+01:00,145.78012853263562,125.25
2026-02-17 09:15:00+01:00,137.53242399423794,111.8
2026-02-17 09:30:00+01:00,131.333918554343,105.88
2026-02-17 09:45:00+01:00,117.2534642661168,100.42
2026-02-17 10:00:00+01:00,128.99629254535688,106.26
2026-02-17 10:15:00+01:00,125.40900964832248,103.13
2026-02-17 10:30:00+01:00,123.50518956727,100.73
2026-02-17 10:45:00+01:00,118.95173504141336,99.48
2026-02-17 11:00:00+01:00,117.35935041055812,100.41
2026-02-17 11:15:00+01:00,118.30466844001153,97.08
2026-02-17 11:30:00+01:00,115.01888722412244,89.44
2026-02-17 11:45:00+01:00,111.29654311667946,85.29
2026-02-17 12:00:00+01:00,115.96098984629394,88.32
2026-02-17 12:15:00+01:00,110.90933464585385,84.42
2026-02-17 12:30:00+01:00,107.7996550443417,83.71
2026-02-17 12:45:00+01:00,102.20803146594918,79.31
2026-02-17 13:00:00+01:00,109.5370662254325,86.98
2026-02-17 13:15:00+01:00,103.57245259861676,83.1
2026-02-17 13:30:00+01:00,103.6727957920282,79.0
2026-02-17 13:45:00+01:00,103.09056496745556,80.09
2026-02-17 14:00:00+01:00,102.76740874578124,82.21
2026-02-17 14:15:00+01:00,109.0019699859247,82.03
2026-02-17 14:30:00+01:00,112.21040781257643,82.29
2026-02-17 14:45:00+01:00,119.23375021979312,83.14
2026-02-17 15:00:00+01:00,111.63936253290744,82.11
2026-02-17 15:15:00+01:00,117.90175872394563,82.74
2026-02-17 15:30:00+01:00,123.72902327256386,86.68
2026-02-17 15:45:00+01:00,126.1287758557026,93.98
2026-02-17 16:00:00+01:00,122.37523608917502,90.35
2026-02-17 16:15:00+01:00,124.83821313475288,91.03
2026-02-17 16:30:00+01:00,128.42226282756494,92.03
2026-02-17 16:45:00+01:00,134.29683843096342,102.92
2026-02-17 17:00:00+01:00,120.0829059123073,103.0
2026-02-17 17:15:00+01:00,128.98417851497564,107.8
2026-02-17 17:30:00+01:00,133.08240371406134,111.84
2026-02-17 17:45:00+01:00,132.17705368196357,120.58
2026-02-17 18:00:00+01:00,128.34026956604234,120.37
2026-02-17 18:15:00+01:00,121.30930106588256,121.5
2026-02-17 18:30:00+01:00,117.72367904364982,131.89
2026-02-17 18:45:00+01:00,117.29280028879612,134.14
2026-02-17 19:00:00+01:00,126.83925956645054,133.39
2026-02-17 19:15:00+01:00,115.56782266083594,129.76
2026-02-17 19:30:00+01:00,109.6018989543339,123.75
2026-02-17 19:45:00+01:00,97.36582992987933,119.5
2026-02-17 20:00:00+01:00,115.84281235802146,119.41
2026-02-17 20:15:00+01:00,103.6689840396427,112.24
2026-02-17 20:30:00+01:00,99.44307675531476,108.43
2026-02-17 20:45:00+01:00,99.74604332849113,104.83
2026-02-17 21:00:00+01:00,108.61962773044024,110.94
2026-02-17 21:15:00+01:00,105.85266015691016,105.19
2026-02-17 21:30:00+01:00,101.73287010391012,97.18
2026-02-17 21:45:00+01:00,94.6266538711764,86.5
2026-02-17 22:00:00+01:00,103.19065950882336,98.04
2026-02-17 22:15:00+01:00,97.05980261491112,95.52
2026-02-17 22:30:00+01:00,96.368124695944,89.88
2026-02-17 22:45:00+01:00,93.12623362392264,89.46
2026-02-17 23:00:00+01:00,99.25312846583462,93.89
2026-02-17 23:15:00+01:00,95.53502113215708,90.57
2026-02-17 23:30:00+01:00,92.72555001931578,88.26
2026-02-17 23:45:00+01:00,85.97808888186212,85.72
2026-02-18 00:00:00+01:00,93.02273927426197,96.14
2026-02-18 00:15:00+01:00,89.44931367703259,96.66
2026-02-18 00:30:00+01:00,90.89690464413904,95.12
2026-02-18 00:45:00+01:00,86.72499075837439,94.6
2026-02-18 01:00:00+01:00,89.78070168749032,94.66
2026-02-18 01:15:00+01:00,90.45899252137804,93.08
2026-02-18 01:30:00+01:00,87.19127463382549,93.46
2026-02-18 01:45:00+01:00,84.82713821478907,93.05
2026-02-18 02:00:00+01:00,87.09003593783048,92.84
2026-02-18 02:15:00+01:00,85.81118648741088,93.64
2026-02-18 02:30:00+01:00,84.6834059171184,93.85
2026-02-18 02:45:00+01:00,85.2908622934872,92.84
2026-02-18 03:00:00+01:00,84.56987422456476,93.73
2026-02-18 03:15:00+01:00,84.52722240456602,92.44
2026-02-18 03:30:00+01:00,85.66741814421191,91.47
2026-02-18 03:45:00+01:00,86.03757927483805,93.06
2026-02-18 04:00:00+01:00,84.93968671374381,90.4
2026-02-18 04:15:00+01:00,85.38777613171335,93.07
2026-02-18 04:30:00+01:00,84.32329760611964,94.37
2026-02-18 04:45:00+01:00,85.3774538474093,95.83
2026-02-18 05:00:00+01:00,83.9892734520864,96.72
2026-02-18 05:15:00+01:00,84.61414596126833,96.92
2026-02-18 05:30:00+01:00,86.29709529556129,100.99
2026-02-18 05:45:00+01:00,89.98345037150486,110.16
2026-02-18 06:00:00+01:00,87.2899782869388,98.15
2026-02-18 06:15:00+01:00,94.05214501728815,111.62
2026-02-18 06:30:00+01:00,99.24020316024762,129.49
2026-02-18 06:45:00+01:00,113.03849831431972,150.79
2026-02-18 07:00:00+01:00,106.51556823643016,148.45
2026-02-18 07:15:00+01:00,120.7553605994575,165.93
2026-02-18 07:30:00+01:00,124.405116675846,187.44
2026-02-18 07:45:00+01:00,127.0732424356908,200.93
2026-02-18 08:00:00+01:00,126.154203995981,206.43
2026-02-18 08:15:00+01:00,128.06001706342542,202.47
2026-02-18 08:30:00+01:00,129.48913264919398,182.48
2026-02-18 08:45:00+01:00,126.90883156366571,152.99
2026-02-18 09:00:00+01:00,135.01665804084556,156.12
2026-02-18 09:15:00+01:00,132.02863766123798,147.6
2026-02-18 09:30:00+01:00,123.54075556820108,125.49
2026-02-18 09:45:00+01:00,112.49046167824302,113.36
2026-02-18 10:00:00+01:00,127.1830660735645,133.54
2026-02-18 10:15:00+01:00,116.56089928287297,118.27
2026-02-18 10:30:00+01:00,108.35933455673845,109.96
2026-02-18 10:45:00+01:00,105.30451455839383,101.75
2026-02-18 11:00:00+01:00,109.06620547253932,112.8
2026-02-18 11:15:00+01:00,109.10253693271508,106.17
2026-02-18 11:30:00+01:00,105.04903480905804,104.34
2026-02-18 11:45:00+01:00,99.90813174470026,101.58
2026-02-18 12:00:00+01:00,99.32126231692348,105.21
2026-02-18 12:15:00+01:00,102.12253966760434,100.81
2026-02-18 12:30:00+01:00,101.01256188059835,99.29
2026-02-18 12:45:00+01:00,103.91574483724698,100.02
2026-02-18 13:00:00+01:00,103.8694307131754,102.36
2026-02-18 13:15:00+01:00,104.8057706484946,100.82
2026-02-18 13:30:00+01:00,104.99843968594624,99.84
2026-02-18 13:45:00+01:00,105.37451838549846,98.99
2026-02-18 14:00:00+01:00,105.07492945693652,97.88
2026-02-18 14:15:00+01:00,110.9359210678356,100.06
2026-02-18 14:30:00+01:00,116.8014051972104,106.16
2026-02-18 14:45:00+01:00,124.64561219383036,110.47
2026-02-18 15:00:00+01:00,111.9645290259613,106.16
2026-02-18 15:15:00+01:00,118.85095279517952,109.5
2026-02-18 15:30:00+01:00,125.21446688800756,114.99
2026-02-18 15:45:00+01:00,132.72465172853006,125.71
2026-02-18 16:00:00+01:00,120.35127044251928,111.0
2026-02-18 16:15:00+01:00,131.08907917011422,120.43
2026-02-18 16:30:00+01:00,132.28950788045287,128.14
2026-02-18 16:45:00+01:00,141.68416960783378,128.76
2026-02-18 17:00:00+01:00,135.56413968417863,137.99
2026-02-18 17:15:00+01:00,145.57743990452673,137.3
2026-02-18 17:30:00+01:00,152.64282020614365,142.38
2026-02-18 17:45:00+01:00,146.12412216445802,143.95
2026-02-18 18:00:00+01:00,142.21245811642194,153.49
2026-02-18 18:15:00+01:00,134.20032661285086,144.94
2026-02-18 18:30:00+01:00,128.13874271056687,139.09
2026-02-18 18:45:00+01:00,122.97954254932512,132.87
2026-02-18 19:00:00+01:00,130.80323169238272,129.54
2026-02-18 19:15:00+01:00,121.78843545207012,120.5
2026-02-18 19:30:00+01:00,115.29959007797792,119.46
2026-02-18 19:45:00+01:00,105.49404613552868,109.87
2026-02-18 20:00:00+01:00,113.35066322028943,117.63
2026-02-18 20:15:00+01:00,107.72358420779288,103.29
2026-02-18 20:30:00+01:00,100.74945215330555,97.78
2026-02-18 20:45:00+01:00,92.22815718227372,91.98
2026-02-18 21:00:00+01:00,103.72623431417291,106.14
2026-02-18 21:15:00+01:00,100.17032327430977,101.21
2026-02-18 21:30:00+01:00,94.36099242327606,88.95
2026-02-18 21:45:00+01:00,88.07395883986725,88.26
2026-02-18 22:00:00+01:00,99.48782500789916,101.94
2026-02-18 22:15:00+01:00,95.076330535233,96.01
2026-02-18 22:30:00+01:00,92.5836500745158,90.79
2026-02-18 22:45:00+01:00,88.99676057104865,91.65
2026-02-18 23:00:00+01:00,95.37829726155796,97.42
2026-02-18 23:15:00+01:00,85.73345195718437,92.41
2026-02-18 23:30:00+01:00,81.37502570265974,86.92
2026-02-18 23:45:00+01:00,68.19635546392843,81.11
2026-02-19 00:00:00+01:00,93.49790447575435,87.84
2026-02-19 00:15:00+01:00,89.56919555484365,83.29
2026-02-19 00:30:00+01:00,85.89393084925183,83.29
2026-02-19 00:45:00+01:00,85.18017966806727,80.68
2026-02-19 01:00:00+01:00,86.45953325498603,86.75
2026-02-19 01:15:00+01:00,86.39212846876714,83.83
2026-02-19 01:30:00+01:00,85.42085798662563,80.8
2026-02-19 01:45:00+01:00,83.67387293754562,76.02
2026-02-19 02:00:00+01:00,83.66645849574338,84.89
2026-02-19 02:15:00+01:00,81.76328063589615,82.0
2026-02-19 02:30:00+01:00,80.67483200642286,81.0
2026-02-19 02:45:00+01:00,80.3681361576944,79.83
2026-02-19 03:00:00+01:00,81.42156451328195,83.58
2026-02-19 03:15:00+01:00,79.14911456679798,80.76
2026-02-19 03:30:00+01:00,78.25506952860059,80.67
2026-02-19 03:45:00+01:00,76.98101971827641,80.79
2026-02-19 04:00:00+01:00,75.95488757750071,74.09
2026-02-19 04:15:00+01:00,77.456699509736,76.14
2026-02-19 04:30:00+01:00,78.8439196144016,78.71
2026-02-19 04:45:00+01:00,82.1358147536872,81.68
2026-02-19 05:00:00+01:00,79.64965228709512,79.61
2026-02-19 05:15:00+01:00,81.57009140455308,82.26
2026-02-19 05:30:00+01:00,84.64623517406439,86.39
2026-02-19 05:45:00+01:00,92.34984343302628,88.34
2026-02-19 06:00:00+01:00,86.8438603785083,79.98
2026-02-19 06:15:00+01:00,93.95892584212449,83.37
2026-02-19 06:30:00+01:00,97.0070140445356,87.18
2026-02-19 06:45:00+01:00,107.16290689724693,97.92
2026-02-19 07:00:00+01:00,98.42725385690233,82.01
2026-02-19 07:15:00+01:00,103.70602263147391,89.34
2026-02-19 07:30:00+01:00,108.82910724917213,93.55
2026-02-19 07:45:00+01:00,113.20117933575172,92.05
2026-02-19 08:00:00+01:00,116.40195649614282,94.37
2026-02-19 08:15:00+01:00,123.2939138057442,97.84
2026-02-19 08:30:00+01:00,123.88961773243044,98.26
2026-02-19 08:45:00+01:00,119.1083637702902,97.31
2026-02-19 09:00:00+01:00,130.31662312602708,105.63
2026-02-19 09:15:00+01:00,120.05067432229704,104.25
2026-02-19 09:30:00+01:00,117.25417309982704,103.58
2026-02-19 09:45:00+01:00,96.09413355740938,100.98
2026-02-19 10:00:00+01:00,123.17591852252188,106.81
2026-02-19 10:15:00+01:00,109.44132934037962,101.26
2026-02-19 10:30:00+01:00,109.44385434367732,98.3
2026-02-19 10:45:00+01:00,94.0649503168467,97.61
2026-02-19 11:00:00+01:00,97.26005969729349,97.22
2026-02-19 11:15:00+01:00,96.11204150827176,96.84
2026-02-19 11:30:00+01:00,91.80105113343896,95.3
2026-02-19 11:45:00+01:00,87.20157227386638,91.07
2026-02-19 12:00:00+01:00,83.59935808263512,94.52
2026-02-19 12:15:00+01:00,86.50325229847009,90.17
2026-02-19 12:30:00+01:00,85.8543977773153,89.5
2026-02-19 12:45:00+01:00,86.80892624402257,89.81
2026-02-19 13:00:00+01:00,89.59381030230917,90.86
2026-02-19 13:15:00+01:00,99.02842621023468,90.16
2026-02-19 13:30:00+01:00,98.80968028332671,89.76
2026-02-19 13:45:00+01:00,99.40068127140069,89.62
2026-02-19 14:00:00+01:00,90.6099437763938,89.19
2026-02-19 14:15:00+01:00,100.18146670734792,89.7
2026-02-19 14:30:00+01:00,102.43417275463187,89.96
2026-02-19 14:45:00+01:00,107.7849437284093,91.79
2026-02-19 15:00:00+01:00,99.81513554667973,85.28
2026-02-19 15:15:00+01:00,104.40739965705949,88.35
2026-02-19 15:30:00+01:00,112.99672584954676,96.49
2026-02-19 15:45:00+01:00,118.75689013760054,100.23
2026-02-19 16:00:00+01:00,104.60585774043436,88.0
2026-02-19 16:15:00+01:00,113.23386587394046,96.53
2026-02-19 16:30:00+01:00,119.64316371410376,99.33
2026-02-19 16:45:00+01:00,128.19590815455837,101.71
2026-02-19 17:00:00+01:00,118.86581768459644,98.21
2026-02-19 17:15:00+01:00,127.71595582519063,103.36
2026-02-19 17:30:00+01:00,137.59559500804582,108.93
2026-02-19 17:45:00+01:00,135.2836280700108,112.27
2026-02-19 18:00:00+01:00,133.80508684875278,103.92
2026-02-19 18:15:00+01:00,121.84900368031596,106.95
2026-02-19 18:30:00+01:00,128.2943638779779,120.04
2026-02-19 18:45:00+01:00,125.52278630397706,123.16
2026-02-19 19:00:00+01:00,126.17252133328113,123.65
2026-02-19 19:15:00+01:00,122.43182843994232,117.36
2026-02-19 19:30:00+01:00,118.5103116977077,104.44
2026-02-19 19:45:00+01:00,111.26457627175064,100.09
2026-02-19 20:00:00+01:00,116.11022760676649,110.58
2026-02-19 20:15:00+01:00,111.95609354377277,100.0
2026-02-19 20:30:00+01:00,106.44712713554854,97.75
2026-02-19 20:45:00+01:00,99.72325776761988,93.61
2026-02-19 21:00:00+01:00,104.3647498834748,103.92
2026-02-19 21:15:00+01:00,102.07597992100472,97.52
2026-02-19 21:30:00+01:00,98.97169621670558,97.09
2026-02-19 21:45:00+01:00,95.55445850527488,93.93
2026-02-19 22:00:00+01:00,101.63671254390556,98.96
2026-02-19 22:15:00+01:00,96.93631739557154,96.86
2026-02-19 22:30:00+01:00,97.84053958363762,89.05
2026-02-19 22:45:00+01:00,92.78651805889255,83.53
2026-02-19 23:00:00+01:00,97.48873665968506,90.72
2026-02-19 23:15:00+01:00,93.58426841607373,85.34
2026-02-19 23:30:00+01:00,89.78114151141844,83.2
2026-02-19 23:45:00+01:00,84.87976234447235,81.48
2026-02-20 00:00:00+01:00,92.86499341127204,87.53
2026-02-20 00:15:00+01:00,89.17028425599531,85.16
2026-02-20 00:30:00+01:00,86.871290293095,86.27
2026-02-20 00:45:00+01:00,85.36559302366884,85.28
2026-02-20 01:00:00+01:00,89.48078111327027,86.83
2026-02-20 01:15:00+01:00,85.74621936213006,86.57
2026-02-20 01:30:00+01:00,84.79120408884754,85.62
2026-02-20 01:45:00+01:00,82.43748700684448,84.69
2026-02-20 02:00:00+01:00,84.26382802270761,86.25
2026-02-20 02:15:00+01:00,83.04752523380682,85.28
2026-02-20 02:30:00+01:00,82.72852154143678,84.57
2026-02-20 02:45:00+01:00,82.61992940337242,85.65
2026-02-20 03:00:00+01:00,81.37389851884531,84.74
2026-02-20 03:15:00+01:00,82.29782219071029,84.74
2026-02-20 03:30:00+01:00,81.92891070473674,84.86
2026-02-20 03:45:00+01:00,82.16929600579363,85.18
2026-02-20 04:00:00+01:00,81.68043049260865,82.4
2026-02-20 04:15:00+01:00,82.90911229597698,83.41
2026-02-20 04:30:00+01:00,84.47904654820553,85.08
2026-02-20 04:45:00+01:00,84.98194434053029,86.78
2026-02-20 05:00:00+01:00,83.34190205038779,85.53
2026-02-20 05:15:00+01:00,84.56895616623217,85.32
2026-02-20 05:30:00+01:00,84.82449343904305,89.61
2026-02-20 05:45:00+01:00,90.970923214512,100.62
2026-02-20 06:00:00+01:00,84.7603830860225,85.22
2026-02-20 06:15:00+01:00,94.46721712448594,105.27
2026-02-20 06:30:00+01:00,99.8847165351061,111.97
2026-02-20 06:45:00+01:00,105.0044384176716,116.87
2026-02-20 07:00:00+01:00,103.35150634638433,109.21
2026-02-20 07:15:00+01:00,112.4164905916556,112.4
2026-02-20 07:30:00+01:00,120.24218204486284,118.81
2026-02-20 07:45:00+01:00,119.49331361465248,114.71
2026-02-20 08:00:00+01:00,123.47470146941032,121.17
2026-02-20 08:15:00+01:00,128.88521652071034,121.93
2026-02-20 08:30:00+01:00,126.8290823844862,114.72
2026-02-20 08:45:00+01:00,124.0982428555278,106.75
2026-02-20 09:00:00+01:00,131.8142787354201,122.42
2026-02-20 09:15:00+01:00,128.52814322151133,115.72
2026-02-20 09:30:00+01:00,123.49738881358871,104.29
2026-02-20 09:45:00+01:00,109.89973047389442,94.3
2026-02-20 10:00:00+01:00,127.3351129261311,103.41
2026-02-20 10:15:00+01:00,120.42229142609418,94.34
2026-02-20 10:30:00+01:00,113.87296067262132,85.05
2026-02-20 10:45:00+01:00,106.77396124114097,81.6
2026-02-20 11:00:00+01:00,114.9374019684322,90.08
2026-02-20 11:15:00+01:00,111.50358139134929,85.9
2026-02-20 11:30:00+01:00,106.61738921570658,82.71
2026-02-20 11:45:00+01:00,106.3031733452967,76.04
2026-02-20 12:00:00+01:00,105.4252345993853,84.93
2026-02-20 12:15:00+01:00,100.80530036792888,82.41
2026-02-20 12:30:00+01:00,102.7536349919838,79.02
2026-02-20 12:45:00+01:00,107.23387704204168,77.69
2026-02-20 13:00:00+01:00,102.50982715439582,80.22
2026-02-20 13:15:00+01:00,101.7828786173562,81.02
2026-02-20 13:30:00+01:00,108.22319371969095,80.52
2026-02-20 13:45:00+01:00,107.00155306201606,76.64
2026-02-20 14:00:00+01:00,104.51368228298102,75.62
2026-02-20 14:15:00+01:00,107.3213282955039,80.13
2026-02-20 14:30:00+01:00,111.27942047629016,81.04
2026-02-20 14:45:00+01:00,116.0647093079101,83.04
2026-02-20 15:00:00+01:00,107.54170505991723,73.55
2026-02-20 15:15:00+01:00,108.84128494084786,83.59
2026-02-20 15:30:00+01:00,121.46658858315956,85.41
2026-02-20 15:45:00+01:00,128.28606385180262,91.31
2026-02-20 16:00:00+01:00,107.22634285387284,82.52
2026-02-20 16:15:00+01:00,123.56589582502428,93.41
2026-02-20 16:30:00+01:00,130.15248287727275,94.73
2026-02-20 16:45:00+01:00,137.45538840683972,96.77
2026-02-20 17:00:00+01:00,131.63817643214668,97.39
2026-02-20 17:15:00+01:00,139.38950095931878,99.46
2026-02-20 17:30:00+01:00,141.8142421226609,104.94
2026-02-20 17:45:00+01:00,138.07766715739515,103.96
2026-02-20 18:00:00+01:00,139.91312496785974,98.57
2026-02-20 18:15:00+01:00,135.93247494468568,98.16
2026-02-20 18:30:00+01:00,127.46056471618404,90.34
2026-02-20 18:45:00+01:00,121.18126295507848,88.06
2026-02-20 19:00:00+01:00,124.3432307841916,91.46
2026-02-20 19:15:00+01:00,118.4005362646606,89.63
2026-02-20 19:30:00+01:00,105.9265894063358,82.26
2026-02-20 19:45:00+01:00,86.4213885040735,68.6
2026-02-20 20:00:00+01:00,108.31782674442528,96.0
2026-02-20 20:15:00+01:00,79.96924806125958,83.48
2026-02-20 20:30:00+01:00,87.34002782084693,73.02
2026-02-20 20:45:00+01:00,72.38002342271315,62.36
2026-02-20 21:00:00+01:00,82.07795006337571,87.84
2026-02-20 21:15:00+01:00,91.32687872158404,75.43
2026-02-20 21:30:00+01:00,81.51017885820762,61.88
2026-02-20 21:45:00+01:00,80.58362896610932,46.84
2026-02-20 22:00:00+01:00,88.45281635549486,81.64
2026-02-20 22:15:00+01:00,84.33702704334313,69.55
2026-02-20 22:30:00+01:00,85.93709313348823,61.26
2026-02-20 22:45:00+01:00,82.1886244682449,46.11
2026-02-20 23:00:00+01:00,85.72686076831437,59.79
2026-02-20 23:15:00+01:00,78.42103573581596,48.65
2026-02-20 23:30:00+01:00,73.37947989107107,45.6
2026-02-20 23:45:00+01:00,70.42940777148974,33.18
2026-02-21 00:00:00+01:00,73.86112919332987,56.53
2026-02-21 00:15:00+01:00,59.40687306525049,52.63
2026-02-21 00:30:00+01:00,54.71663990063771,51.49
2026-02-21 00:45:00+01:00,55.99762871014071,49.11
2026-02-21 01:00:00+01:00,56.90274993966384,52.88
2026-02-21 01:15:00+01:00,54.5526838055983,47.1
2026-02-21 01:30:00+01:00,53.243234543055344,48.18
2026-02-21 01:45:00+01:00,51.89100451137935,38.42
2026-02-21 02:00:00+01:00,47.24312256202809,50.23
2026-02-21 02:15:00+01:00,48.3004023225187,47.09
2026-02-21 02:30:00+01:00,52.67110432267916,41.52
2026-02-21 02:45:00+01:00,50.48882854507835,34.99
2026-02-21 03:00:00+01:00,56.88113257450459,46.37
2026-02-21 03:15:00+01:00,49.574585014666965,41.05
2026-02-21 03:30:00+01:00,53.51629938948644,37.58
2026-02-21 03:45:00+01:00,50.4987833280735,41.63
2026-02-21 04:00:00+01:00,45.52699106308355,40.08
2026-02-21 04:15:00+01:00,49.014974697625675,38.79
2026-02-21 04:30:00+01:00,52.16237036761798,40.03
2026-02-21 04:45:00+01:00,55.6289652398786,37.0
2026-02-21 05:00:00+01:00,58.62896322121142,36.8
2026-02-21 05:15:00+01:00,60.40746368621787,35.72
2026-02-21 05:30:00+01:00,58.44022636091551,40.16
2026-02-21 05:45:00+01:00,62.23522804181861,45.23
2026-02-21 06:00:00+01:00,48.69695146872866,24.94
2026-02-21 06:15:00+01:00,53.43439564074735,29.95
2026-02-21 06:30:00+01:00,63.553506400449706,38.01
2026-02-21 06:45:00+01:00,67.73724177521215,50.54
2026-02-21 07:00:00+01:00,55.842655561488385,42.37
2026-02-21 07:15:00+01:00,57.05903930398995,38.35
2026-02-21 07:30:00+01:00,64.90788488008404,50.66
2026-02-21 07:45:00+01:00,67.81718024913964,56.58
2026-02-21 08:00:00+01:00,68.93839906196749,51.96
2026-02-21 08:15:00+01:00,71.65117877412,52.93
2026-02-21 08:30:00+01:00,69.99230931638618,59.08
2026-02-21 08:45:00+01:00,68.10563812820999,60.23
2026-02-21 09:00:00+01:00,74.07259185860775,60.02
2026-02-21 09:15:00+01:00,67.7595095990765,55.31
2026-02-21 09:30:00+01:00,65.17693969975515,59.95
2026-02-21 09:45:00+01:00,69.50167868390027,56.86
2026-02-21 10:00:00+01:00,73.3515958105775,64.52
2026-02-21 10:15:00+01:00,56.04425951398466,61.99
2026-02-21 10:30:00+01:00,61.4457272518931,57.18
2026-02-21 10:45:00+01:00,65.47685630562714,54.41
2026-02-21 11:00:00+01:00,48.59041154199032,61.81
2026-02-21 11:15:00+01:00,59.519656968966274,57.78
2026-02-21 11:30:00+01:00,55.88107982388557,53.96
2026-02-21 11:45:00+01:00,55.06503276946128,47.99
2026-02-21 12:00:00+01:00,54.5476824889755,61.8
2026-02-21 12:15:00+01:00,51.959645622368704,51.36
2026-02-21 12:30:00+01:00,50.56307639139768,46.47
2026-02-21 12:45:00+01:00,43.660348629594026,42.48
2026-02-21 13:00:00+01:00,35.681398570874634,47.75
2026-02-21 13:15:00+01:00,33.98157992750426,44.92
2026-02-21 13:30:00+01:00,40.12563166639861,44.79
2026-02-21 13:45:00+01:00,62.61084636923626,43.19
2026-02-21 14:00:00+01:00,49.3732361640196,43.05
2026-02-21 14:15:00+01:00,72.26808390909025,50.7
2026-02-21 14:30:00+01:00,86.65427190135682,59.1
2026-02-21 14:45:00+01:00,95.98651911294095,71.17
2026-02-21 15:00:00+01:00,78.79610957531642,49.33
2026-02-21 15:15:00+01:00,91.7565772251144,60.23
2026-02-21 15:30:00+01:00,98.44045777183806,78.08
2026-02-21 15:45:00+01:00,105.34953671511732,87.9
2026-02-21 16:00:00+01:00,70.59190329579968,67.51
2026-02-21 16:15:00+01:00,97.40129174776244,82.75
2026-02-21 16:30:00+01:00,103.40282197119006,88.57
2026-02-21 16:45:00+01:00,110.89835453204238,88.93
2026-02-21 17:00:00+01:00,106.09277470315018,88.26
2026-02-21 17:15:00+01:00,113.93832157061696,96.89
2026-02-21 17:30:00+01:00,120.53821743119634,102.69
2026-02-21 17:45:00+01:00,125.00681764828688,106.7
2026-02-21 18:00:00+01:00,116.62545054641144,106.8
2026-02-21 18:15:00+01:00,123.6212899773292,109.48
2026-02-21 18:30:00+01:00,119.9978926571173,109.72
2026-02-21 18:45:00+01:00,115.24273839006064,107.25
2026-02-21 19:00:00+01:00,121.77782556771103,107.01
2026-02-21 19:15:00+01:00,115.08712492274456,101.8
2026-02-21 19:30:00+01:00,103.90598921895102,98.73
2026-02-21 19:45:00+01:00,100.34008318981654,97.15
2026-02-21 20:00:00+01:00,112.4669989699276,96.49
2026-02-21 20:15:00+01:00,107.87993548571367,87.27
2026-02-21 20:30:00+01:00,100.40131237451509,87.31
2026-02-21 20:45:00+01:00,99.64421034809278,85.32
2026-02-21 21:00:00+01:00,102.7177023664753,86.18
2026-02-21 21:15:00+01:00,99.00631769225888,84.84
2026-02-21 21:30:00+01:00,92.5265477905451,82.23
2026-02-21 21:45:00+01:00,89.51491826161714,78.0
2026-02-21 22:00:00+01:00,97.31945331958488,86.0
2026-02-21 22:15:00+01:00,97.10663700027732,80.64
2026-02-21 22:30:00+01:00,90.0796414865766,72.45
2026-02-21 22:45:00+01:00,86.60027153381682,67.28
2026-02-21 23:00:00+01:00,91.26634526392073,79.7
2026-02-21 23:15:00+01:00,85.80270394542939,73.26
2026-02-21 23:30:00+01:00,81.80139057420334,66.7
2026-02-21 23:45:00+01:00,79.32641488445643,47.18
2026-02-22 00:00:00+01:00,75.3358739682787,68.03
2026-02-22 00:15:00+01:00,72.47007188360996,59.34
2026-02-22 00:30:00+01:00,62.686408517828234,53.62
2026-02-22 00:45:00+01:00,55.88943893576818,45.71
2026-02-22 01:00:00+01:00,69.97694879853462,60.23
2026-02-22 01:15:00+01:00,64.8422366252908,55.96
2026-02-22 01:30:00+01:00,55.85529216161532,50.29
2026-02-22 01:45:00+01:00,51.72728263151296,43.56
2026-02-22 02:00:00+01:00,58.68467073741062,50.01
2026-02-22 02:15:00+01:00,58.07417958146853,45.44
2026-02-22 02:30:00+01:00,56.085487390021086,41.68
2026-02-22 02:45:00+01:00,57.19760940490846,39.1
2026-02-22 03:00:00+01:00,60.269212480516146,38.79
2026-02-22 03:15:00+01:00,57.71634301626066,38.07
2026-02-22 03:30:00+01:00,55.432767453264766,45.16
2026-02-22 03:45:00+01:00,54.20063162764314,41.81
2026-02-22 04:00:00+01:00,52.36665405008782,36.91
2026-02-22 04:15:00+01:00,53.417011097345984,35.54
2026-02-22 04:30:00+01:00,55.17509112141526,41.82
2026-02-22 04:45:00+01:00,59.403284262028805,41.8
2026-02-22 05:00:00+01:00,62.18787379916242,39.08
2026-02-22 05:15:00+01:00,60.845836026559034,40.08
2026-02-22 05:30:00+01:00,59.112789931357845,37.94
2026-02-22 05:45:00+01:00,62.96955392400816,36.05
2026-02-22 06:00:00+01:00,55.69100461220123,32.3
2026-02-22 06:15:00+01:00,54.36388047954627,34.0
2026-02-22 06:30:00+01:00,59.39291556132934,35.26
2026-02-22 06:45:00+01:00,74.22716561350296,37.94
2026-02-22 07:00:00+01:00,50.23474931349712,37.11
2026-02-22 07:15:00+01:00,44.98691774975312,42.65
2026-02-22 07:30:00+01:00,47.36644735405753,41.32
2026-02-22 07:45:00+01:00,59.34934993615402,44.93
2026-02-22 08:00:00+01:00,56.00803136568446,42.06
2026-02-22 08:15:00+01:00,55.538251813051886,44.33
2026-02-22 08:30:00+01:00,53.513394053209346,47.97
2026-02-22 08:45:00+01:00,54.39479549534685,55.06
2026-02-22 09:00:00+01:00,53.814740640216584,53.6
2026-02-22 09:15:00+01:00,46.94912736695849,56.09
2026-02-22 09:30:00+01:00,48.30696819304748,56.09
2026-02-22 09:45:00+01:00,49.3886158439766,56.07
2026-02-22 10:00:00+01:00,59.17639822800935,59.08
2026-02-22 10:15:00+01:00,58.67238887861206,57.35
2026-02-22 10:30:00+01:00,54.19432847374651,54.71
2026-02-22 10:45:00+01:00,56.61752787650452,49.27
2026-02-22 11:00:00+01:00,55.46744328838118,54.71
2026-02-22 11:15:00+01:00,41.72064043704211,55.84
2026-02-22 11:30:00+01:00,41.209896863887536,54.59
2026-02-22 11:45:00+01:00,47.08252429320715,50.71
2026-02-22 12:00:00+01:00,68.24864578911547,51.79
2026-02-22 12:15:00+01:00,55.697921025396845,57.35
2026-02-22 12:30:00+01:00,64.25983208685463,50.37
2026-02-22 12:45:00+01:00,66.19334435751162,42.83
2026-02-22 13:00:00+01:00,65.56415808545891,56.33
2026-02-22 13:15:00+01:00,67.69341421723925,46.09
2026-02-22 13:30:00+01:00,66.03678983295735,40.97
2026-02-22 13:45:00+01:00,54.96810684141348,36.93
2026-02-22 14:00:00+01:00,73.03514741925055,44.13
2026-02-22 14:15:00+01:00,51.34647964919357,42.29
2026-02-22 14:30:00+01:00,48.7775178116603,42.02
2026-02-22 14:45:00+01:00,53.46380200986569,44.79
2026-02-22 15:00:00+01:00,55.571908514751975,45.51
2026-02-22 15:15:00+01:00,57.8272159913408,43.32
2026-02-22 15:30:00+01:00,58.41324481341668,45.51
2026-02-22 15:45:00+01:00,70.49971890463368,57.43
2026-02-22 16:00:00+01:00,46.340557838115096,52.77
2026-02-22 16:15:00+01:00,64.29975104486925,51.12
2026-02-22 16:30:00+01:00,83.11865617706525,57.46
2026-02-22 16:45:00+01:00,86.03023286377788,66.36
2026-02-22 17:00:00+01:00,81.71577377246348,66.42
2026-02-22 17:15:00+01:00,82.89717818888809,72.27
2026-02-22 17:30:00+01:00,94.61275319292776,75.88
2026-02-22 17:45:00+01:00,90.92767434221618,89.23
2026-02-22 18:00:00+01:00,89.72776799686898,74.81
2026-02-22 18:15:00+01:00,95.28031647148514,81.23
2026-02-22 18:30:00+01:00,96.50320254167416,82.0
2026-02-22 18:45:00+01:00,86.15365522225268,79.73
2026-02-22 19:00:00+01:00,92.0791571017652,73.0
2026-02-22 19:15:00+01:00,90.47279055718153,75.28
2026-02-22 19:30:00+01:00,55.771213094806384,80.2
2026-02-22 19:45:00+01:00,30.41948513005896,72.0
2026-02-22 20:00:00+01:00,87.86277010865857,71.98
2026-02-22 20:15:00+01:00,56.70222830254546,68.91
2026-02-22 20:30:00+01:00,60.06561215306042,68.24
2026-02-22 20:45:00+01:00,62.13384529769427,64.94
2026-02-22 21:00:00+01:00,70.12714698844985,69.11
2026-02-22 21:15:00+01:00,60.246977734538675,68.12
2026-02-22 21:30:00+01:00,54.06684625970044,68.97
2026-02-22 21:45:00+01:00,47.131850227629904,64.56
2026-02-22 22:00:00+01:00,64.26873344934543,79.94
2026-02-22 22:15:00+01:00,60.07452848404645,76.39
2026-02-22 22:30:00+01:00,70.41865680071257,69.22
2026-02-22 22:45:00+01:00,59.56379733652157,56.09
2026-02-22 23:00:00+01:00,57.70618709550618,71.17
2026-02-22 23:15:00+01:00,56.32898275489855,56.16
2026-02-22 23:30:00+01:00,57.010381174773386,49.36
2026-02-22 23:45:00+01:00,48.98554388639389,31.1
2026-02-23 00:00:00+01:00,59.89519010480331,50.7
2026-02-23 00:15:00+01:00,55.43588194127383,45.71
2026-02-23 00:30:00+01:00,42.803846378662655,37.92
2026-02-23 00:45:00+01:00,41.140924691601896,47.07
2026-02-23 01:00:00+01:00,48.3594197577187,46.0
2026-02-23 01:15:00+01:00,39.41637387722241,43.14
2026-02-23 01:30:00+01:00,37.52523330039381,42.73
2026-02-23 01:45:00+01:00,36.03638730382603,50.18
2026-02-23 02:00:00+01:00,44.04509203301961,45.92
2026-02-23 02:15:00+01:00,37.24911931317413,43.52
2026-02-23 02:30:00+01:00,30.470857598464917,45.56
2026-02-23 02:45:00+01:00,28.44637166579153,40.9
2026-02-23 03:00:00+01:00,36.76580193026667,45.23
2026-02-23 03:15:00+01:00,28.472037189400844,45.1
2026-02-23 03:30:00+01:00,25.856437224264724,44.29
2026-02-23 03:45:00+01:00,27.193068613056163,45.04
2026-02-23 04:00:00+01:00,27.827146946938463,40.75
2026-02-23 04:15:00+01:00,25.38158942929157,44.14
2026-02-23 04:30:00+01:00,27.00430146641765,46.7
2026-02-23 04:45:00+01:00,27.892355306835157,48.99
2026-02-23 05:00:00+01:00,29.02966961973648,47.75
2026-02-23 05:15:00+01:00,30.09492728465593,42.73
2026-02-23 05:30:00+01:00,35.63472215824837,55.11
2026-02-23 05:45:00+01:00,58.964613151827685,78.69
2026-02-23 06:00:00+01:00,44.263113995702895,55.27
2026-02-23 06:15:00+01:00,62.41652243116981,74.45
2026-02-23 06:30:00+01:00,72.13504632791576,88.12
2026-02-23 06:45:00+01:00,82.58582111775718,93.21
2026-02-23 07:00:00+01:00,74.62891822686466,91.8
2026-02-23 07:15:00+01:00,80.57319453108413,94.78
2026-02-23 07:30:00+01:00,85.41601801154263,98.57
2026-02-23 07:45:00+01:00,90.33466081608128,98.68
2026-02-23 08:00:00+01:00,94.05362915107084,102.64
2026-02-23 08:15:00+01:00,98.78217915498767,100.49
2026-02-23 08:30:00+01:00,93.4259493227086,99.02
2026-02-23 08:45:00+01:00,88.05335958740801,94.02
2026-02-23 09:00:00+01:00,97.1336147307296,97.26
2026-02-23 09:15:00+01:00,87.23077743438073,94.73
2026-02-23 09:30:00+01:00,82.30000050773936,89.81
2026-02-23 09:45:00+01:00,89.6231936776283,68.07
2026-02-23 10:00:00+01:00,79.74435419639477,92.85
2026-02-23 10:15:00+01:00,77.42801917386748,88.14
2026-02-23 10:30:00+01:00,72.288164468239,58.16
2026-02-23 10:45:00+01:00,62.59268248494184,28.91
2026-02-23 11:00:00+01:00,57.85211676626366,60.36
2026-02-23 11:15:00+01:00,57.24639374503144,64.46
2026-02-23 11:30:00+01:00,62.849525142768194,47.89
2026-02-23 11:45:00+01:00,51.462774376917366,22.69
2026-02-23 12:00:00+01:00,42.56160653638527,22.95
2026-02-23 12:15:00+01:00,44.94299875771169,5.0
2026-02-23 12:30:00+01:00,51.448970594247655,2.5
2026-02-23 12:45:00+01:00,36.85629397316954,1.07
2026-02-23 13:00:00+01:00,52.23678600297072,2.25
2026-02-23 13:15:00+01:00,46.69875296404201,1.16
2026-02-23 13:30:00+01:00,60.60089455008358,1.36
2026-02-23 13:45:00+01:00,62.17698350722901,6.84
2026-02-23 14:00:00+01:00,60.31601258470342,10.1
2026-02-23 14:15:00+01:00,64.56440227609492,33.32
2026-02-23 14:30:00+01:00,65.75105302893226,47.16
2026-02-23 14:45:00+01:00,74.10934712115017,48.99
2026-02-23 15:00:00+01:00,63.327253475339525,20.09
2026-02-23 15:15:00+01:00,67.65125473646066,39.0
2026-02-23 15:30:00+01:00,-33.5062774407768,78.44
2026-02-23 15:45:00+01:00,22.762621772167098,96.5
2026-02-23 16:00:00+01:00,44.92132352400612,41.64
2026-02-23 16:15:00+01:00,35.86974962422113,80.42
2026-02-23 16:30:00+01:00,23.96670122951464,93.56
2026-02-23 16:45:00+01:00,52.78934880715046,102.41
2026-02-23 17:00:00+01:00,21.07357918187894,83.61
2026-02-23 17:15:00+01:00,92.82347887125825,96.58
2026-02-23 17:30:00+01:00,74.16485364329458,99.57
2026-02-23 17:45:00+01:00,78.4106141518938,104.6
2026-02-23 18:00:00+01:00,30.32406225835146,103.96
2026-02-23 18:15:00+01:00,65.00640218714193,105.46
2026-02-23 18:30:00+01:00,94.63627384297658,105.99
2026-02-23 18:45:00+01:00,99.97904037446642,113.67
2026-02-23 19:00:00+01:00,93.47565483757282,109.04
2026-02-23 19:15:00+01:00,88.46680033974494,110.49
2026-02-23 19:30:00+01:00,84.58704167741152,110.91
2026-02-23 19:45:00+01:00,79.00011636015074,113.15
2026-02-23 20:00:00+01:00,79.81063553747825,102.74
2026-02-23 20:15:00+01:00,81.69848088625082,102.8
2026-02-23 20:30:00+01:00,80.47760238227897,93.74
2026-02-23 20:45:00+01:00,80.1396266325221,92.82
2026-02-23 21:00:00+01:00,85.22163090462607,101.27
2026-02-23 21:15:00+01:00,77.22525151634844,99.93
2026-02-23 21:30:00+01:00,75.4698695679678,95.36
2026-02-23 21:45:00+01:00,66.89865282811795,92.38
2026-02-23 22:00:00+01:00,78.28222192831461,100.65
2026-02-23 22:15:00+01:00,76.19725915158504,96.97
2026-02-23 22:30:00+01:00,76.38714697349175,95.37
2026-02-23 22:45:00+01:00,71.15289859831657,90.43
2026-02-23 23:00:00+01:00,74.07378015644858,91.26
2026-02-23 23:15:00+01:00,66.63933677715184,87.89
2026-02-23 23:30:00+01:00,62.66892953814009,87.3
2026-02-23 23:45:00+01:00,59.7866958208043,82.7
2026-02-24 00:00:00+01:00,90.43416623935316,83.99
2026-02-24 00:15:00+01:00,87.24051099936696,84.22
2026-02-24 00:30:00+01:00,84.60654942448376,83.68
2026-02-24 00:45:00+01:00,82.76838892290816,77.54
2026-02-24 01:00:00+01:00,86.87100285771854,83.47
2026-02-24 01:15:00+01:00,85.80271697751748,83.82
2026-02-24 01:30:00+01:00,83.7492952134513,84.2
2026-02-24 01:45:00+01:00,84.24020783230279,84.36
2026-02-24 02:00:00+01:00,86.24893920484273,85.16
2026-02-24 02:15:00+01:00,85.54649287911542,85.66
2026-02-24 02:30:00+01:00,84.9654364474162,85.82
2026-02-24 02:45:00+01:00,85.21339442147703,87.26
2026-02-24 03:00:00+01:00,85.60733937124589,84.15
2026-02-24 03:15:00+01:00,86.42630250409309,85.69
2026-02-24 03:30:00+01:00,86.18369015498712,86.58
2026-02-24 03:45:00+01:00,86.78130267301596,89.38
2026-02-24 04:00:00+01:00,85.77895140202378,87.23
2026-02-24 04:15:00+01:00,86.56785023142183,87.64
2026-02-24 04:30:00+01:00,87.52965559346988,88.01
2026-02-24 04:45:00+01:00,89.13062858510717,89.94
2026-02-24 05:00:00+01:00,88.15471920315862,87.66
2026-02-24 05:15:00+01:00,88.42677771581968,88.73
2026-02-24 05:30:00+01:00,96.7373942039158,96.95
2026-02-24 05:45:00+01:00,97.51347407043528,103.34
2026-02-24 06:00:00+01:00,89.67653428405195,94.0
2026-02-24 06:15:00+01:00,99.41673318473563,106.15
2026-02-24 06:30:00+01:00,105.8227700510404,118.74
2026-02-24 06:45:00+01:00,115.02865973537538,125.6
2026-02-24 07:00:00+01:00,106.36276514672936,118.67
2026-02-24 07:15:00+01:00,118.4945970798636,129.59
2026-02-24 07:30:00+01:00,123.87756653339264,138.39
2026-02-24 07:45:00+01:00,130.75583989240025,145.74
2026-02-24 08:00:00+01:00,128.49792474163422,140.56
2026-02-24 08:15:00+01:00,133.01278023720687,147.1
2026-02-24 08:30:00+01:00,134.71254236904693,151.38
2026-02-24 08:45:00+01:00,131.08091826333072,150.86
2026-02-24 09:00:00+01:00,139.12001254064108,147.02
2026-02-24 09:15:00+01:00,133.2100123165747,145.18
2026-02-24 09:30:00+01:00,123.11999709801044,139.39
2026-02-24 09:45:00+01:00,122.35856209058576,131.29
2026-02-24 10:00:00+01:00,129.54731887539504,149.6
2026-02-24 10:15:00+01:00,135.71851663277172,130.37
2026-02-24 10:30:00+01:00,112.2485219417822,121.62
2026-02-24 10:45:00+01:00,120.58435029023586,113.48
2026-02-24 11:00:00+01:00,113.74216456598448,120.98
2026-02-24 11:15:00+01:00,124.76171814621271,111.61
2026-02-24 11:30:00+01:00,122.18245507596872,109.84
2026-02-24 11:45:00+01:00,113.87643079880309,103.15
2026-02-24 12:00:00+01:00,121.18062996087616,104.44
2026-02-24 12:15:00+01:00,118.98306655868376,99.95
2026-02-24 12:30:00+01:00,113.87400966135674,98.57
2026-02-24 12:45:00+01:00,118.9520200370313,97.8
2026-02-24 13:00:00+01:00,125.66204551648268,101.02
2026-02-24 13:15:00+01:00,101.3363251429887,99.98
2026-02-24 13:30:00+01:00,111.29220327775768,98.45
2026-02-24 13:45:00+01:00,107.30182489982188,97.75
2026-02-24 14:00:00+01:00,103.37276427820387,90.33
2026-02-24 14:15:00+01:00,112.77689327138005,95.06
2026-02-24 14:30:00+01:00,122.41443082981684,96.28
2026-02-24 14:45:00+01:00,136.57496289844607,98.35
2026-02-24 15:00:00+01:00,112.27132116093168,97.87
2026-02-24 15:15:00+01:00,139.28809665912755,100.19
2026-02-24 15:30:00+01:00,166.65951274408013,107.99
2026-02-24 15:45:00+01:00,170.99391483968122,122.24
2026-02-24 16:00:00+01:00,180.7644630811147,111.0
2026-02-24 16:15:00+01:00,185.39034972578975,115.74
2026-02-24 16:30:00+01:00,151.57868926117249,131.49
2026-02-24 16:45:00+01:00,159.80204206649694,145.0
2026-02-24 17:00:00+01:00,150.10730869842473,132.44
2026-02-24 17:15:00+01:00,170.545686532504,157.95
2026-02-24 17:30:00+01:00,182.6395379148648,195.47
2026-02-24 17:45:00+01:00,198.51692196896775,243.02
2026-02-24 18:00:00+01:00,181.6714986655515,198.97
2026-02-24 18:15:00+01:00,166.49486387354634,193.97
2026-02-24 18:30:00+01:00,166.5444646863319,181.84
2026-02-24 18:45:00+01:00,143.16424272597723,161.41
2026-02-24 19:00:00+01:00,163.48734459634,179.73
2026-02-24 19:15:00+01:00,153.1973396313029,144.44
2026-02-24 19:30:00+01:00,137.98289965185327,137.86
2026-02-24 19:45:00+01:00,131.1361083652615,115.64
2026-02-24 20:00:00+01:00,140.75339264941198,130.83
2026-02-24 20:15:00+01:00,126.26890256684362,125.01
2026-02-24 20:30:00+01:00,122.71373927590204,115.11
2026-02-24 20:45:00+01:00,114.18937340615776,104.88
2026-02-24 21:00:00+01:00,123.97707454153095,117.82
2026-02-24 21:15:00+01:00,118.73990810924025,111.2
2026-02-24 21:30:00+01:00,115.35443889195945,106.48
2026-02-24 21:45:00+01:00,105.09098087079823,99.4
2026-02-24 22:00:00+01:00,119.78127911822524,107.43
2026-02-24 22:15:00+01:00,113.464589984171,103.25
2026-02-24 22:30:00+01:00,106.33659424013392,100.11
2026-02-24 22:45:00+01:00,102.19655478883304,96.03
2026-02-24 23:00:00+01:00,108.66558888257866,98.11
2026-02-24 23:15:00+01:00,101.81942288236434,96.61
2026-02-24 23:30:00+01:00,99.12267837455508,92.43
2026-02-24 23:45:00+01:00,96.09622689373256,88.46
2026-02-25 00:00:00+01:00,107.66887653788724,99.04
2026-02-25 00:15:00+01:00,100.42409634480516,92.68
2026-02-25 00:30:00+01:00,97.5751793735761,89.93
2026-02-25 00:45:00+01:00,94.07454009252918,86.92
2026-02-25 01:00:00+01:00,100.23957267422388,91.48
2026-02-25 01:15:00+01:00,100.33015713748502,89.45
2026-02-25 01:30:00+01:00,95.52465313736585,85.32
2026-02-25 01:45:00+01:00,94.40985153791324,83.36
2026-02-25 02:00:00+01:00,96.3956792738837,87.69
2026-02-25 02:15:00+01:00,95.18394923393116,85.81
2026-02-25 02:30:00+01:00,95.02955177938397,83.54
2026-02-25 02:45:00+01:00,95.32364265494404,82.29
2026-02-25 03:00:00+01:00,95.03374356098269,88.53
2026-02-25 03:15:00+01:00,95.18395039861326,88.06
2026-02-25 03:30:00+01:00,95.35729057631404,88.19
2026-02-25 03:45:00+01:00,96.037895099379,87.6
2026-02-25 04:00:00+01:00,95.1352960644596,88.31
2026-02-25 04:15:00+01:00,94.90630217237243,87.31
2026-02-25 04:30:00+01:00,95.32862269625238,89.24
2026-02-25 04:45:00+01:00,97.13681962441704,89.58
2026-02-25 05:00:00+01:00,94.27512028157764,87.14
2026-02-25 05:15:00+01:00,95.58128779292971,89.72
2026-02-25 05:30:00+01:00,97.9192495504983,96.15
2026-02-25 05:45:00+01:00,101.16918989960816,99.68
2026-02-25 06:00:00+01:00,97.39069068621777,95.7
2026-02-25 06:15:00+01:00,104.90273996608236,108.48
2026-02-25 06:30:00+01:00,113.49660028016169,120.15
2026-02-25 06:45:00+01:00,124.52018454052588,130.94
2026-02-25 07:00:00+01:00,114.28735372286776,124.64
2026-02-25 07:15:00+01:00,127.55385357873824,133.31
2026-02-25 07:30:00+01:00,134.3084783656376,136.42
2026-02-25 07:45:00+01:00,140.15333352145316,128.56
2026-02-25 08:00:00+01:00,138.64724818984925,137.57
2026-02-25 08:15:00+01:00,142.4280559245156,123.9
2026-02-25 08:30:00+01:00,141.24241416405528,115.85
2026-02-25 08:45:00+01:00,136.13506863395077,102.09
2026-02-25 09:00:00+01:00,147.46795849646418,123.76
2026-02-25 09:15:00+01:00,144.04725765794805,110.7
2026-02-25 09:30:00+01:00,137.8858290056951,100.28
2026-02-25 09:45:00+01:00,121.17732982687468,93.96
2026-02-25 10:00:00+01:00,140.4373760293898,102.16
2026-02-25 10:15:00+01:00,126.78398262429104,95.18
2026-02-25 10:30:00+01:00,122.22676993547034,85.25
2026-02-25 10:45:00+01:00,119.06884574711876,80.73
2026-02-25 11:00:00+01:00,124.51681766609096,87.43
2026-02-25 11:15:00+01:00,121.33462624867502,84.29
2026-02-25 11:30:00+01:00,120.54575183388732,82.67
2026-02-25 11:45:00+01:00,116.12506614127722,65.0
2026-02-25 12:00:00+01:00,117.68456961459528,84.4
2026-02-25 12:15:00+01:00,116.95018253982455,70.91
2026-02-25 12:30:00+01:00,116.29975208885546,57.88
2026-02-25 12:45:00+01:00,114.4700443686922,50.02
2026-02-25 13:00:00+01:00,92.9100868723748,66.07
2026-02-25 13:15:00+01:00,93.33767502364702,60.2
2026-02-25 13:30:00+01:00,113.1412715247244,58.81
2026-02-25 13:45:00+01:00,113.76968812002605,55.71
2026-02-25 14:00:00+01:00,94.82722442618608,45.03
2026-02-25 14:15:00+01:00,88.06839087471002,65.92
2026-02-25 14:30:00+01:00,119.71091469400712,75.47
2026-02-25 14:45:00+01:00,68.61884069649699,84.97
2026-02-25 15:00:00+01:00,69.14934440878629,68.65
2026-02-25 15:15:00+01:00,42.631130104448346,73.43
2026-02-25 15:30:00+01:00,129.7398458611357,86.08
2026-02-25 15:45:00+01:00,134.3670159246607,95.77
2026-02-25 16:00:00+01:00,83.44304035690979,77.13
2026-02-25 16:15:00+01:00,84.27161510194551,95.04
2026-02-25 16:30:00+01:00,136.33317950849192,103.98
2026-02-25 16:45:00+01:00,132.28316448514488,129.33
2026-02-25 17:00:00+01:00,130.5591007244664,100.37
2026-02-25 17:15:00+01:00,137.01326383835857,108.21
2026-02-25 17:30:00+01:00,145.18374503493217,120.19
2026-02-25 17:45:00+01:00,150.56699807723058,145.8
2026-02-25 18:00:00+01:00,142.06444951877296,134.34
2026-02-25 18:15:00+01:00,143.47324659839757,123.16
2026-02-25 18:30:00+01:00,140.1576364070828,114.91
2026-02-25 18:45:00+01:00,142.5247136900382,114.67
2026-02-25 19:00:00+01:00,142.32885631109144,112.9
2026-02-25 19:15:00+01:00,140.12022545702786,108.83
2026-02-25 19:30:00+01:00,131.3355320033727,104.23
2026-02-25 19:45:00+01:00,128.22724736469263,102.65
2026-02-25 20:00:00+01:00,125.56725722964411,104.99
2026-02-25 20:15:00+01:00,116.134944177943,96.24
2026-02-25 20:30:00+01:00,113.47076447052672,91.07
2026-02-25 20:45:00+01:00,106.46249361107525,84.72
2026-02-25 21:00:00+01:00,113.06111871371742,94.9
2026-02-25 21:15:00+01:00,108.84043073061088,90.21
2026-02-25 21:30:00+01:00,111.7684448605944,85.01
2026-02-25 21:45:00+01:00,105.0560691249874,79.0
2026-02-25 22:00:00+01:00,112.94827891484816,98.99
2026-02-25 22:15:00+01:00,109.99892869469144,87.1
2026-02-25 22:30:00+01:00,108.53131681094573,82.3
2026-02-25 22:45:00+01:00,103.06973115667743,78.92
2026-02-25 23:00:00+01:00,109.7377988403356,87.83
2026-02-25 23:15:00+01:00,102.09028857386924,82.39
2026-02-25 23:30:00+01:00,97.61977303867198,78.99
2026-02-25 23:45:00+01:00,91.58866936553495,67.27
2026-02-26 00:00:00+01:00,94.20994395045184,82.39
2026-02-26 00:15:00+01:00,89.91218006645684,77.17
2026-02-26 00:30:00+01:00,84.89095442137189,75.14
2026-02-26 00:45:00+01:00,81.81017715674872,70.99
2026-02-26 01:00:00+01:00,88.67577414540706,80.0
2026-02-26 01:15:00+01:00,87.07740023593495,72.22
2026-02-26 01:30:00+01:00,83.0526942524855,70.64
2026-02-26 01:45:00+01:00,81.90588288769865,66.7
2026-02-26 02:00:00+01:00,84.47031072053424,69.24
2026-02-26 02:15:00+01:00,83.34466814236286,68.24
2026-02-26 02:30:00+01:00,83.9297589650968,68.25
2026-02-26 02:45:00+01:00,83.00426928458835,69.24
2026-02-26 03:00:00+01:00,82.02820397998403,69.46
2026-02-26 03:15:00+01:00,84.29089881314782,69.3
2026-02-26 03:30:00+01:00,84.68320190668582,70.5
2026-02-26 03:45:00+01:00,86.5132661895622,62.47
2026-02-26 04:00:00+01:00,84.01402007151674,64.47
2026-02-26 04:15:00+01:00,84.84918372180029,65.86
2026-02-26 04:30:00+01:00,86.76679145635988,68.25
2026-02-26 04:45:00+01:00,89.70520917229437,70.93
2026-02-26 05:00:00+01:00,86.35777566429444,64.38
2026-02-26 05:15:00+01:00,88.79014436509857,69.19
2026-02-26 05:30:00+01:00,90.84743946278772,76.84
2026-02-26 05:45:00+01:00,95.65154202046088,93.01
2026-02-26 06:00:00+01:00,87.00376566518403,74.06
2026-02-26 06:15:00+01:00,97.54043905859002,101.77
2026-02-26 06:30:00+01:00,105.4134667818996,112.4
2026-02-26 06:45:00+01:00,112.75015884230793,115.04
2026-02-26 07:00:00+01:00,113.36000648954816,112.0
2026-02-26 07:15:00+01:00,116.80319477270343,113.77
2026-02-26 07:30:00+01:00,121.2118571833208,112.2
2026-02-26 07:45:00+01:00,127.5659365363052,102.43
2026-02-26 08:00:00+01:00,129.49625537311297,108.19
2026-02-26 08:15:00+01:00,133.50146524683387,101.64
2026-02-26 08:30:00+01:00,129.79495080959066,95.34
2026-02-26 08:45:00+01:00,125.49504124449092,84.62
2026-02-26 09:00:00+01:00,130.57399762034177,95.51
2026-02-26 09:15:00+01:00,125.997390112543,87.54
2026-02-26 09:30:00+01:00,119.75414291030836,71.39
2026-02-26 09:45:00+01:00,111.27964588816954,67.26
2026-02-26 10:00:00+01:00,123.29672926978952,73.47
2026-02-26 10:15:00+01:00,114.54500541391488,68.74
2026-02-26 10:30:00+01:00,111.32995170842408,66.75
2026-02-26 10:45:00+01:00,109.97927145816,62.44
2026-02-26 11:00:00+01:00,112.705675758984,74.62
2026-02-26 11:15:00+01:00,111.54998749981144,63.48
2026-02-26 11:30:00+01:00,112.38185540163175,50.2
2026-02-26 11:45:00+01:00,110.2329066572124,25.08
2026-02-26 12:00:00+01:00,108.70648804385834,44.09
2026-02-26 12:15:00+01:00,109.8010905452182,19.78
2026-02-26 12:30:00+01:00,109.64037440370842,8.85
2026-02-26 12:45:00+01:00,110.94177205528766,7.43
2026-02-26 13:00:00+01:00,108.8232692809376,11.31
2026-02-26 13:15:00+01:00,109.71091398127896,10.06
2026-02-26 13:30:00+01:00,110.90549592748152,13.09
2026-02-26 13:45:00+01:00,110.58109695614796,21.75
2026-02-26 14:00:00+01:00,107.81238079886268,13.52
2026-02-26 14:15:00+01:00,112.50958237832222,40.06
2026-02-26 14:30:00+01:00,117.2186683139644,56.31
2026-02-26 14:45:00+01:00,19.617283298769593,68.66
2026-02-26 15:00:00+01:00,-11.60396723458696,54.12
2026-02-26 15:15:00+01:00,-3.5854825586242356,65.54
2026-02-26 15:30:00+01:00,128.14314903495446,73.4
2026-02-26 15:45:00+01:00,128.85084314676956,92.17
2026-02-26 16:00:00+01:00,92.64737623455208,64.68
2026-02-26 16:15:00+01:00,120.90162246863154,89.92
2026-02-26 16:30:00+01:00,147.00846750964655,109.1
2026-02-26 16:45:00+01:00,147.34958151056856,115.23
2026-02-26 17:00:00+01:00,138.31812651501087,100.79
2026-02-26 17:15:00+01:00,149.79282065736754,107.72
2026-02-26 17:30:00+01:00,162.76068454671213,114.24
2026-02-26 17:45:00+01:00,183.5416224718374,121.8
2026-02-26 18:00:00+01:00,155.77664938038367,111.53
2026-02-26 18:15:00+01:00,153.96372376914763,112.56
2026-02-26 18:30:00+01:00,142.66094439666577,114.32
2026-02-26 18:45:00+01:00,140.58004076970167,113.97
2026-02-26 19:00:00+01:00,147.60376841419378,118.5
2026-02-26 19:15:00+01:00,137.39163417191654,111.61
2026-02-26 19:30:00+01:00,131.20626323331354,104.42
2026-02-26 19:45:00+01:00,122.08584912818162,97.41
2026-02-26 20:00:00+01:00,130.13641053359464,104.99
2026-02-26 20:15:00+01:00,120.99892984372786,93.99
2026-02-26 20:30:00+01:00,116.13353879506664,90.29
2026-02-26 20:45:00+01:00,108.21291348221402,84.52
2026-02-26 21:00:00+01:00,114.9569429803792,97.23
2026-02-26 21:15:00+01:00,114.50814447630964,86.25
2026-02-26 21:30:00+01:00,107.1181827373555,81.24
2026-02-26 21:45:00+01:00,101.20079541062408,71.59
2026-02-26 22:00:00+01:00,112.44785123176676,93.23
2026-02-26 22:15:00+01:00,107.18798993117925,82.29
2026-02-26 22:30:00+01:00,106.16415157675796,76.26
2026-02-26 22:45:00+01:00,101.7366167970454,70.05
2026-02-26 23:00:00+01:00,104.27669425693004,81.97
2026-02-26 23:15:00+01:00,98.25680062010244,73.09
2026-02-26 23:30:00+01:00,94.83614650133777,67.93
2026-02-26 23:45:00+01:00,90.31545430219032,63.31
2026-02-27 00:00:00+01:00,85.60837314808349,56.57
2026-02-27 00:15:00+01:00,77.22747291465006,56.55
2026-02-27 00:30:00+01:00,77.49892706676783,52.18
2026-02-27 00:45:00+01:00,73.77741501248816,55.29
2026-02-27 01:00:00+01:00,80.4016395135582,59.39
2026-02-27 01:15:00+01:00,78.549440800424,58.09
2026-02-27 01:30:00+01:00,74.61244163932608,53.63
2026-02-27 01:45:00+01:00,73.36058179277691,52.92
2026-02-27 02:00:00+01:00,77.35389533154773,57.73
2026-02-27 02:15:00+01:00,75.10351512831195,56.56
2026-02-27 02:30:00+01:00,75.8933740340399,57.17
2026-02-27 02:45:00+01:00,76.01308084465151,57.75
2026-02-27 03:00:00+01:00,77.67329366197457,60.34
2026-02-27 03:15:00+01:00,76.49102252439093,57.38
2026-02-27 03:30:00+01:00,78.38363889771328,59.04
2026-02-27 03:45:00+01:00,81.31611949839771,63.24
2026-02-27 04:00:00+01:00,77.00122936360202,54.99
2026-02-27 04:15:00+01:00,78.4116998699854,60.04
2026-02-27 04:30:00+01:00,81.41253997010105,63.92
2026-02-27 04:45:00+01:00,83.46556257346344,68.23
2026-02-27 05:00:00+01:00,79.66936057034331,59.8
2026-02-27 05:15:00+01:00,83.04748739720335,61.29
2026-02-27 05:30:00+01:00,84.8640792729037,70.0
2026-02-27 05:45:00+01:00,91.00668798341724,72.88
2026-02-27 06:00:00+01:00,81.76102810212426,61.0
2026-02-27 06:15:00+01:00,93.36990538861062,77.0
2026-02-27 06:30:00+01:00,99.81753824687723,83.02
2026-02-27 06:45:00+01:00,117.22870296696044,85.24
2026-02-27 07:00:00+01:00,101.41938718133471,87.55
2026-02-27 07:15:00+01:00,105.96419145068116,92.22
2026-02-27 07:30:00+01:00,109.28378151353544,87.8
2026-02-27 07:45:00+01:00,111.41983788164104,86.53
2026-02-27 08:00:00+01:00,116.7277595027028,92.08
2026-02-27 08:15:00+01:00,119.51816869441882,84.78
2026-02-27 08:30:00+01:00,114.3986637622682,78.52
2026-02-27 08:45:00+01:00,108.49792485312898,61.94
2026-02-27 09:00:00+01:00,116.4838707398328,84.62
2026-02-27 09:15:00+01:00,111.75727353350942,69.0
2026-02-27 09:30:00+01:00,105.88141234330304,59.05
2026-02-27 09:45:00+01:00,99.78392775656104,44.99
2026-02-27 10:00:00+01:00,111.3234160122134,61.0
2026-02-27 10:15:00+01:00,103.556769716175,40.08
2026-02-27 10:30:00+01:00,98.93929452677236,19.17
2026-02-27 10:45:00+01:00,94.22030683212972,5.94
2026-02-27 11:00:00+01:00,99.87205320808856,3.89
2026-02-27 11:15:00+01:00,96.56970501948294,0.0
2026-02-27 11:30:00+01:00,95.72685114747466,0.0
2026-02-27 11:45:00+01:00,89.7301596197265,-0.01
2026-02-27 12:00:00+01:00,94.03359796661294,0.0
2026-02-27 12:15:00+01:00,90.75281673612508,-0.01
2026-02-27 12:30:00+01:00,88.26236265331922,-0.01
2026-02-27 12:45:00+01:00,88.24300068824998,-0.03
2026-02-27 13:00:00+01:00,88.75955849941414,-0.01
2026-02-27 13:15:00+01:00,86.45460282684058,-0.01
2026-02-27 13:30:00+01:00,87.4132134296235,-0.01
2026-02-27 13:45:00+01:00,88.88919231279488,-0.01
2026-02-27 14:00:00+01:00,81.06417386851274,-0.01
2026-02-27 14:15:00+01:00,95.17569385775504,0.0
2026-02-27 14:30:00+01:00,96.80106071033728,1.05
2026-02-27 14:45:00+01:00,113.38342550807609,29.91
2026-02-27 15:00:00+01:00,89.07378976960412,17.34
2026-02-27 15:15:00+01:00,86.04370591145221,53.95
2026-02-27 15:30:00+01:00,124.00035079318856,77.53
2026-02-27 15:45:00+01:00,123.95077646632758,90.2
2026-02-27 16:00:00+01:00,113.79247570885732,68.59
2026-02-27 16:15:00+01:00,128.36381667440884,86.94
2026-02-27 16:30:00+01:00,146.99831375035936,100.76
2026-02-27 16:45:00+01:00,144.50613529337338,111.71
2026-02-27 17:00:00+01:00,135.61902586568206,97.48
2026-02-27 17:15:00+01:00,152.17717311467155,109.68
2026-02-27 17:30:00+01:00,156.63715041142103,121.89
2026-02-27 17:45:00+01:00,164.13810624085005,131.73
2026-02-27 18:00:00+01:00,157.42978502641083,122.05
2026-02-27 18:15:00+01:00,147.84737319006288,120.0
2026-02-27 18:30:00+01:00,144.548434763919,116.68
2026-02-27 18:45:00+01:00,138.45068946757834,113.67
2026-02-27 19:00:00+01:00,153.08914176064997,117.16
2026-02-27 19:15:00+01:00,137.97822468397246,111.29
2026-02-27 19:30:00+01:00,126.88265180107804,105.0
2026-02-27 19:45:00+01:00,117.0461428380428,103.56
2026-02-27 20:00:00+01:00,130.52596104926943,103.48
2026-02-27 20:15:00+01:00,115.68167669313247,101.77
2026-02-27 20:30:00+01:00,106.4948991688121,99.43
2026-02-27 20:45:00+01:00,101.47868939881428,95.44
2026-02-27 21:00:00+01:00,110.10874680750923,97.48
2026-02-27 21:15:00+01:00,107.88397156378842,93.01
2026-02-27 21:30:00+01:00,102.24236470893864,90.22
2026-02-27 21:45:00+01:00,97.24039487748333,83.14
2026-02-27 22:00:00+01:00,105.91738082043152,93.89
2026-02-27 22:15:00+01:00,100.93410932471272,91.43
2026-02-27 22:30:00+01:00,101.1634605633224,83.51
2026-02-27 22:45:00+01:00,97.72272458084132,81.21
2026-02-27 23:00:00+01:00,101.66159684578297,83.36
2026-02-27 23:15:00+01:00,93.5654406872507,82.21
2026-02-27 23:30:00+01:00,91.04005689255618,78.72
2026-02-27 23:45:00+01:00,88.15254495684835,75.72
2026-02-28 00:00:00+01:00,82.73219769645463,82.58
2026-02-28 00:15:00+01:00,80.60119687494351,80.7
2026-02-28 00:30:00+01:00,81.13396663433575,79.45
2026-02-28 00:45:00+01:00,75.9967144056808,77.35
2026-02-28 01:00:00+01:00,84.24973651126938,78.71
2026-02-28 01:15:00+01:00,80.49173938375903,78.0
2026-02-28 01:30:00+01:00,77.49386668045523,75.51
2026-02-28 01:45:00+01:00,75.25751037829231,73.0
2026-02-28 02:00:00+01:00,80.03386233851012,78.51
2026-02-28 02:15:00+01:00,78.35407743103397,75.08
2026-02-28 02:30:00+01:00,75.24983215416248,73.17
2026-02-28 02:45:00+01:00,74.75818498261867,72.15
2026-02-28 03:00:00+01:00,78.48208986968552,74.4
2026-02-28 03:15:00+01:00,77.84359352453347,73.01
2026-02-28 03:30:00+01:00,77.11505968936228,72.19
2026-02-28 03:45:00+01:00,75.8153732953425,67.5
2026-02-28 04:00:00+01:00,73.92875953947402,72.27
2026-02-28 04:15:00+01:00,73.85748582482016,72.32
2026-02-28 04:30:00+01:00,74.83252175758852,71.45
2026-02-28 04:45:00+01:00,75.27642056375348,71.53
2026-02-28 05:00:00+01:00,74.6694709649303,71.86
2026-02-28 05:15:00+01:00,74.33618003126229,70.65
2026-02-28 05:30:00+01:00,78.27666894351925,72.32
2026-02-28 05:45:00+01:00,86.89718234043247,74.17
2026-02-28 06:00:00+01:00,77.6665162187542,69.52
2026-02-28 06:15:00+01:00,85.48222151909704,72.25
2026-02-28 06:30:00+01:00,87.59838937594051,74.31
2026-02-28 06:45:00+01:00,83.92266681281711,75.61
2026-02-28 07:00:00+01:00,91.41682633546004,82.7
2026-02-28 07:15:00+01:00,86.4287208809206,83.01
2026-02-28 07:30:00+01:00,86.70627264238966,75.75
2026-02-28 07:45:00+01:00,84.02523901923739,63.7
2026-02-28 08:00:00+01:00,86.60801695905495,82.97
2026-02-28 08:15:00+01:00,79.42094399961763,67.78
2026-02-28 08:30:00+01:00,74.58163036864747,48.41
2026-02-28 08:45:00+01:00,71.18060013135019,29.3
2026-02-28 09:00:00+01:00,77.5072671756337,47.41
2026-02-28 09:15:00+01:00,80.18286607667204,20.73
2026-02-28 09:30:00+01:00,68.97225375642911,3.04
2026-02-28 09:45:00+01:00,46.218479806337214,0.01
2026-02-28 10:00:00+01:00,77.10594326364657,0.0
2026-02-28 10:15:00+01:00,76.77892503139171,0.0
2026-02-28 10:30:00+01:00,71.61945653898164,0.0
2026-02-28 10:45:00+01:00,66.71799379212088,-0.04
2026-02-28 11:00:00+01:00,76.05455500184144,0.0
2026-02-28 11:15:00+01:00,72.79884390953633,-0.01
2026-02-28 11:30:00+01:00,71.8875462327421,-0.02
2026-02-28 11:45:00+01:00,62.93484240752068,-0.08
2026-02-28 12:00:00+01:00,70.99445489793686,-0.02
2026-02-28 12:15:00+01:00,64.33404155140343,-0.06
2026-02-28 12:30:00+01:00,56.88744603976859,-0.28
2026-02-28 12:45:00+01:00,51.5100451675571,-0.65
2026-02-28 13:00:00+01:00,58.37535495232371,-0.27
2026-02-28 13:15:00+01:00,40.95101995499813,-0.48
2026-02-28 13:30:00+01:00,36.37258929915755,-0.09
2026-02-28 13:45:00+01:00,51.04674332530387,-0.05
2026-02-28 14:00:00+01:00,51.09795799212978,-0.03
2026-02-28 14:15:00+01:00,55.11755972692968,-0.01
2026-02-28 14:30:00+01:00,59.39362108695741,0.0
2026-02-28 14:45:00+01:00,59.253978470635936,0.01
2026-02-28 15:00:00+01:00,22.43886146819247,0.0
2026-02-28 15:15:00+01:00,25.772056392872372,0.07
2026-02-28 15:30:00+01:00,41.86332945665073,10.05
2026-02-28 15:45:00+01:00,58.13518608213342,49.33
2026-02-28 16:00:00+01:00,57.09523724724317,33.96
2026-02-28 16:15:00+01:00,86.70310499388927,58.41
2026-02-28 16:30:00+01:00,99.41001521762664,80.33
2026-02-28 16:45:00+01:00,74.58469716774832,89.89
2026-02-28 17:00:00+01:00,101.36183327162668,75.05
2026-02-28 17:15:00+01:00,57.409431216704775,83.1
2026-02-28 17:30:00+01:00,57.29692926992864,96.59
2026-02-28 17:45:00+01:00,79.37090679674327,105.0
2026-02-28 18:00:00+01:00,86.5564042590317,97.21
2026-02-28 18:15:00+01:00,107.10567828096949,96.32
2026-02-28 18:30:00+01:00,83.14854635014187,96.36
2026-02-28 18:45:00+01:00,102.02237378784956,90.88
2026-02-28 19:00:00+01:00,96.89827680513127,92.25
2026-02-28 19:15:00+01:00,105.21949753251272,87.71
2026-02-28 19:30:00+01:00,80.33324438186878,85.12
2026-02-28 19:45:00+01:00,88.95144504190203,75.59
2026-02-28 20:00:00+01:00,81.97693274295247,83.37
2026-02-28 20:15:00+01:00,64.1850870734911,74.27
2026-02-28 20:30:00+01:00,53.418834802812,61.44
2026-02-28 20:45:00+01:00,40.47176926436816,57.39
2026-02-28 21:00:00+01:00,69.4156092348872,67.91
2026-02-28 21:15:00+01:00,62.99019528534976,68.93
2026-02-28 21:30:00+01:00,69.16140565502351,67.31
2026-02-28 21:45:00+01:00,82.8070484183133,54.52
2026-02-28 22:00:00+01:00,54.37492410573383,72.78
2026-02-28 22:15:00+01:00,64.21268978811534,66.17
2026-02-28 22:30:00+01:00,90.042799932224,64.23
2026-02-28 22:45:00+01:00,87.56908112073218,55.47
2026-02-28 23:00:00+01:00,87.15846694523094,72.72
2026-02-28 23:15:00+01:00,69.89087416008947,59.07
2026-02-28 23:30:00+01:00,74.67240591219438,59.32
2026-02-28 23:45:00+01:00,75.609178228132,51.58
