,y_pred,y_true
2025-10-01 00:00:00+02:00,91.42032134126501,102.6
2025-10-01 00:15:00+02:00,91.42032134126501,92.24
2025-10-01 00:30:00+02:00,91.42032134126501,86.03
2025-10-01 00:45:00+02:00,91.42032134126501,85.39
2025-10-01 01:00:00+02:00,86.66801915469406,89.99
2025-10-01 01:15:00+02:00,86.66801915469406,86.03
2025-10-01 01:30:00+02:00,86.66801915469406,85.03
2025-10-01 01:45:00+02:00,86.66801915469406,84.09
2025-10-01 02:00:00+02:00,86.46336901746507,85.41
2025-10-01 02:15:00+02:00,86.46336901746507,85.0
2025-10-01 02:30:00+02:00,86.46336901746507,84.54
2025-10-01 02:45:00+02:00,86.46336901746507,84.54
2025-10-01 03:00:00+02:00,86.52533456293854,87.39
2025-10-01 03:15:00+02:00,86.52533456293854,87.36
2025-10-01 03:30:00+02:00,86.52533456293854,88.56
2025-10-01 03:45:00+02:00,86.52533456293854,89.99
2025-10-01 04:00:00+02:00,87.70759133967474,86.31
2025-10-01 04:15:00+02:00,87.70759133967474,89.06
2025-10-01 04:30:00+02:00,87.70759133967474,86.42
2025-10-01 04:45:00+02:00,87.70759133967474,88.83
2025-10-01 05:00:00+02:00,98.28520565779053,84.26
2025-10-01 05:15:00+02:00,98.28520565779053,90.76
2025-10-01 05:30:00+02:00,98.28520565779053,97.55
2025-10-01 05:45:00+02:00,98.28520565779053,108.74
2025-10-01 06:00:00+02:00,131.26230096891405,97.03
2025-10-01 06:15:00+02:00,131.26230096891405,117.49
2025-10-01 06:30:00+02:00,131.26230096891405,133.23
2025-10-01 06:45:00+02:00,131.26230096891405,152.09
2025-10-01 07:00:00+02:00,181.939852288466,160.95
2025-10-01 07:15:00+02:00,181.939852288466,181.48
2025-10-01 07:30:00+02:00,181.939852288466,180.23
2025-10-01 07:45:00+02:00,181.939852288466,170.54
2025-10-01 08:00:00+02:00,157.24822740181415,200.25
2025-10-01 08:15:00+02:00,157.24822740181415,143.35
2025-10-01 08:30:00+02:00,157.24822740181415,117.5
2025-10-01 08:45:00+02:00,157.24822740181415,95.25
2025-10-01 09:00:00+02:00,130.06753518863886,139.48
2025-10-01 09:15:00+02:00,130.06753518863886,105.01
2025-10-01 09:30:00+02:00,130.06753518863886,93.66
2025-10-01 09:45:00+02:00,130.06753518863886,82.85
2025-10-01 10:00:00+02:00,101.65711187916041,103.22
2025-10-01 10:15:00+02:00,101.65711187916041,93.06
2025-10-01 10:30:00+02:00,101.65711187916041,81.21
2025-10-01 10:45:00+02:00,101.65711187916041,66.65
2025-10-01 11:00:00+02:00,86.57115826968932,83.5
2025-10-01 11:15:00+02:00,86.57115826968932,72.08
2025-10-01 11:30:00+02:00,86.57115826968932,65.32
2025-10-01 11:45:00+02:00,86.57115826968932,61.37
2025-10-01 12:00:00+02:00,62.70491085777391,68.21
2025-10-01 12:15:00+02:00,62.70491085777391,65.22
2025-10-01 12:30:00+02:00,62.70491085777391,65.45
2025-10-01 12:45:00+02:00,62.70491085777391,65.22
2025-10-01 13:00:00+02:00,51.52400260640606,65.6
2025-10-01 13:15:00+02:00,51.52400260640606,67.72
2025-10-01 13:30:00+02:00,51.52400260640606,69.44
2025-10-01 13:45:00+02:00,51.52400260640606,70.84
2025-10-01 14:00:00+02:00,67.13025281898551,64.49
2025-10-01 14:15:00+02:00,67.13025281898551,70.25
2025-10-01 14:30:00+02:00,67.13025281898551,74.63
2025-10-01 14:45:00+02:00,67.13025281898551,81.14
2025-10-01 15:00:00+02:00,72.1540836961768,65.3
2025-10-01 15:15:00+02:00,72.1540836961768,74.63
2025-10-01 15:30:00+02:00,72.1540836961768,88.02
2025-10-01 15:45:00+02:00,72.1540836961768,98.94
2025-10-01 16:00:00+02:00,98.41504536326156,62.15
2025-10-01 16:15:00+02:00,98.41504536326156,89.53
2025-10-01 16:30:00+02:00,98.41504536326156,103.08
2025-10-01 16:45:00+02:00,98.41504536326156,116.72
2025-10-01 17:00:00+02:00,112.1708835872688,85.49
2025-10-01 17:15:00+02:00,112.1708835872688,115.87
2025-10-01 17:30:00+02:00,112.1708835872688,144.98
2025-10-01 17:45:00+02:00,112.1708835872688,195.26
2025-10-01 18:00:00+02:00,191.88480882223695,146.95
2025-10-01 18:15:00+02:00,191.88480882223695,200.0
2025-10-01 18:30:00+02:00,191.88480882223695,285.0
2025-10-01 18:45:00+02:00,191.88480882223695,381.0
2025-10-01 19:00:00+02:00,273.406155006274,408.5
2025-10-01 19:15:00+02:00,273.406155006274,376.39
2025-10-01 19:30:00+02:00,273.406155006274,321.94
2025-10-01 19:45:00+02:00,273.406155006274,253.14
2025-10-01 20:00:00+02:00,170.09146692328036,218.02
2025-10-01 20:15:00+02:00,170.09146692328036,155.25
2025-10-01 20:30:00+02:00,170.09146692328036,126.82
2025-10-01 20:45:00+02:00,170.09146692328036,108.0
2025-10-01 21:00:00+02:00,126.62464900874618,130.68
2025-10-01 21:15:00+02:00,126.62464900874618,121.4
2025-10-01 21:30:00+02:00,126.62464900874618,102.98
2025-10-01 21:45:00+02:00,126.62464900874618,97.08
2025-10-01 22:00:00+02:00,102.63388538122341,108.84
2025-10-01 22:15:00+02:00,102.63388538122341,101.51
2025-10-01 22:30:00+02:00,102.63388538122341,95.36
2025-10-01 22:45:00+02:00,102.63388538122341,88.33
2025-10-01 23:00:00+02:00,89.9789119662622,94.57
2025-10-01 23:15:00+02:00,89.9789119662622,91.55
2025-10-01 23:30:00+02:00,89.9789119662622,91.11
2025-10-01 23:45:00+02:00,89.9789119662622,85.36
2025-10-02 00:00:00+02:00,95.09674681241582,99.58
2025-10-02 00:15:00+02:00,93.81632419341565,91.1
2025-10-02 00:30:00+02:00,92.90954851866981,86.09
2025-10-02 00:45:00+02:00,92.85529377553345,86.45
2025-10-02 01:00:00+02:00,89.10865169605421,94.45
2025-10-02 01:15:00+02:00,88.35554345762272,90.42
2025-10-02 01:30:00+02:00,88.30754497291723,84.59
2025-10-02 01:45:00+02:00,88.31510304718506,82.54
2025-10-02 02:00:00+02:00,86.44184216738438,86.46
2025-10-02 02:15:00+02:00,86.36969269851309,84.8
2025-10-02 02:30:00+02:00,86.4000049930451,86.21
2025-10-02 02:45:00+02:00,86.4000049930451,88.63
2025-10-02 03:00:00+02:00,86.40249461848845,89.67
2025-10-02 03:15:00+02:00,86.39904327666703,88.64
2025-10-02 03:30:00+02:00,86.5354460729909,88.64
2025-10-02 03:45:00+02:00,86.68730015470514,87.29
2025-10-02 04:00:00+02:00,87.40573361118949,88.08
2025-10-02 04:15:00+02:00,87.79424457039158,90.58
2025-10-02 04:30:00+02:00,87.42162017726008,92.13
2025-10-02 04:45:00+02:00,87.76271551513697,92.44
2025-10-02 05:00:00+02:00,94.23930140294117,85.42
2025-10-02 05:15:00+02:00,95.12205251341908,89.83
2025-10-02 05:30:00+02:00,97.1051364868675,96.57
2025-10-02 05:45:00+02:00,100.1978234715655,112.07
2025-10-02 06:00:00+02:00,116.99372764536663,94.15
2025-10-02 06:15:00+02:00,121.20108074234872,117.78
2025-10-02 06:30:00+02:00,124.59797550457819,134.03
2025-10-02 06:45:00+02:00,125.79606327492344,168.92
2025-10-02 07:00:00+02:00,142.4197563410099,173.9
2025-10-02 07:15:00+02:00,143.68302775912068,198.6
2025-10-02 07:30:00+02:00,143.6139937260933,187.76
2025-10-02 07:45:00+02:00,143.04716766001363,164.09
2025-10-02 08:00:00+02:00,133.54494649014163,188.89
2025-10-02 08:15:00+02:00,124.70817283328003,151.89
2025-10-02 08:30:00+02:00,119.24855062418152,115.3
2025-10-02 08:45:00+02:00,124.89144677382811,90.63
2025-10-02 09:00:00+02:00,106.98947913334047,123.28
2025-10-02 09:15:00+02:00,97.23043575933212,112.8
2025-10-02 09:30:00+02:00,96.24032618042891,92.01
2025-10-02 09:45:00+02:00,102.62599386100385,73.93
2025-10-02 10:00:00+02:00,92.43670884539515,101.95
2025-10-02 10:15:00+02:00,91.62615701070162,99.97
2025-10-02 10:30:00+02:00,90.37490952777911,86.08
2025-10-02 10:45:00+02:00,88.57586185233902,77.92
2025-10-02 11:00:00+02:00,63.06509366009938,91.75
2025-10-02 11:15:00+02:00,53.04081330487799,83.31
2025-10-02 11:30:00+02:00,50.33531204920022,72.08
2025-10-02 11:45:00+02:00,48.99774739446741,66.0
2025-10-02 12:00:00+02:00,31.599771773579086,70.25
2025-10-02 12:15:00+02:00,30.518441808140125,64.35
2025-10-02 12:30:00+02:00,30.96584156223693,64.44
2025-10-02 12:45:00+02:00,30.518441808140125,64.04
2025-10-02 13:00:00+02:00,20.66237073604432,57.95
2025-10-02 13:15:00+02:00,21.462457774530478,60.4
2025-10-02 13:30:00+02:00,21.901343936108923,61.27
2025-10-02 13:45:00+02:00,22.867364365757624,62.38
2025-10-02 14:00:00+02:00,22.056410310970087,61.7
2025-10-02 14:15:00+02:00,23.46721725751091,66.34
2025-10-02 14:30:00+02:00,24.433662625345026,74.63
2025-10-02 14:45:00+02:00,25.78244028885673,82.49
2025-10-02 15:00:00+02:00,59.63680109140353,62.12
2025-10-02 15:15:00+02:00,60.02690073599299,74.85
2025-10-02 15:30:00+02:00,60.520090452360876,86.81
2025-10-02 15:45:00+02:00,60.90114330715016,98.87
2025-10-02 16:00:00+02:00,61.434573375795885,71.94
2025-10-02 16:15:00+02:00,76.258532775592,83.5
2025-10-02 16:30:00+02:00,84.29827871660915,98.44
2025-10-02 16:45:00+02:00,89.87162207730762,111.9
2025-10-02 17:00:00+02:00,82.55173945446273,72.46
2025-10-02 17:15:00+02:00,93.76097456982414,89.52
2025-10-02 17:30:00+02:00,107.57688299800351,117.3
2025-10-02 17:45:00+02:00,120.92632808341877,174.0
2025-10-02 18:00:00+02:00,139.43074721724744,118.32
2025-10-02 18:15:00+02:00,150.9847778054473,142.55
2025-10-02 18:30:00+02:00,162.85454380607388,178.63
2025-10-02 18:45:00+02:00,172.28321157894428,232.2
2025-10-02 19:00:00+02:00,215.57686023964374,219.39
2025-10-02 19:15:00+02:00,210.69978721142272,202.03
2025-10-02 19:30:00+02:00,203.85882584619583,162.92
2025-10-02 19:45:00+02:00,192.76350835022012,123.01
2025-10-02 20:00:00+02:00,152.6396531802172,136.09
2025-10-02 20:15:00+02:00,143.3617894731113,110.35
2025-10-02 20:30:00+02:00,134.42124461165247,98.43
2025-10-02 20:45:00+02:00,122.20338919733265,94.81
2025-10-02 21:00:00+02:00,113.68351088709366,98.47
2025-10-02 21:15:00+02:00,111.40793602773218,93.22
2025-10-02 21:30:00+02:00,111.29293060088831,84.09
2025-10-02 21:45:00+02:00,109.78978071315038,87.64
2025-10-02 22:00:00+02:00,102.59215863579053,105.25
2025-10-02 22:15:00+02:00,99.79281905918684,102.96
2025-10-02 22:30:00+02:00,97.75966431726414,95.43
2025-10-02 22:45:00+02:00,96.61943194837899,82.99
2025-10-02 23:00:00+02:00,91.04962186870897,105.11
2025-10-02 23:15:00+02:00,89.8068264227536,93.39
2025-10-02 23:30:00+02:00,89.64047395499946,74.94
2025-10-02 23:45:00+02:00,87.84383339656618,54.93
2025-10-03 00:00:00+02:00,95.98327730384955,97.06
2025-10-03 00:15:00+02:00,88.88921457259612,89.29
2025-10-03 00:30:00+02:00,76.43843877320356,82.88
2025-10-03 00:45:00+02:00,78.66283909075271,74.5
2025-10-03 01:00:00+02:00,91.55725817130303,87.06
2025-10-03 01:15:00+02:00,90.98471139073642,81.97
2025-10-03 01:30:00+02:00,82.3725970614941,74.88
2025-10-03 01:45:00+02:00,74.10655951443519,64.65
2025-10-03 02:00:00+02:00,87.54811960641234,82.76
2025-10-03 02:15:00+02:00,82.35290645442096,67.27
2025-10-03 02:30:00+02:00,87.41521401476544,69.18
2025-10-03 02:45:00+02:00,87.62120583687084,67.79
2025-10-03 03:00:00+02:00,85.14996652747107,62.05
2025-10-03 03:15:00+02:00,85.10896230135255,77.79
2025-10-03 03:30:00+02:00,85.01973231449354,79.88
2025-10-03 03:45:00+02:00,84.64555374069687,75.91
2025-10-03 04:00:00+02:00,84.35813264361958,71.57
2025-10-03 04:15:00+02:00,83.99456456067767,72.33
2025-10-03 04:30:00+02:00,84.28068490468597,79.85
2025-10-03 04:45:00+02:00,84.12045310802115,81.4
2025-10-03 05:00:00+02:00,77.304732041949,68.79
2025-10-03 05:15:00+02:00,80.20659741758686,73.87
2025-10-03 05:30:00+02:00,90.53509595974086,82.29
2025-10-03 05:45:00+02:00,94.8676447647919,86.97
2025-10-03 06:00:00+02:00,82.05099465043187,88.68
2025-10-03 06:15:00+02:00,85.02165707252351,91.07
2025-10-03 06:30:00+02:00,90.55481717286848,105.53
2025-10-03 06:45:00+02:00,92.17727587085379,89.84
2025-10-03 07:00:00+02:00,113.40887681727915,96.31
2025-10-03 07:15:00+02:00,113.61508727248679,104.01
2025-10-03 07:30:00+02:00,111.25631289771312,96.87
2025-10-03 07:45:00+02:00,106.5614369258317,104.48
2025-10-03 08:00:00+02:00,89.9740585686938,123.03
2025-10-03 08:15:00+02:00,91.11915917126348,114.24
2025-10-03 08:30:00+02:00,81.82068824784595,102.97
2025-10-03 08:45:00+02:00,69.11864844926654,74.48
2025-10-03 09:00:00+02:00,81.20630131085962,108.53
2025-10-03 09:15:00+02:00,76.20245230096072,95.45
2025-10-03 09:30:00+02:00,61.70058067466357,77.56
2025-10-03 09:45:00+02:00,51.223124031692905,54.07
2025-10-03 10:00:00+02:00,47.74342850152305,90.0
2025-10-03 10:15:00+02:00,46.70400224256257,64.15
2025-10-03 10:30:00+02:00,41.93768979413434,45.12
2025-10-03 10:45:00+02:00,39.2142827496783,40.72
2025-10-03 11:00:00+02:00,25.621714525617598,46.91
2025-10-03 11:15:00+02:00,24.684516267718845,42.89
2025-10-03 11:30:00+02:00,20.24575828879599,40.51
2025-10-03 11:45:00+02:00,19.778145184663863,31.7
2025-10-03 12:00:00+02:00,4.184171831940123,32.47
2025-10-03 12:15:00+02:00,3.0339932426089806,27.25
2025-10-03 12:30:00+02:00,3.0032313262489794,24.62
2025-10-03 12:45:00+02:00,2.928956911349342,21.07
2025-10-03 13:00:00+02:00,0.12238528800600612,18.31
2025-10-03 13:15:00+02:00,1.5005655921921646,14.24
2025-10-03 13:30:00+02:00,1.312217982450032,14.68
2025-10-03 13:45:00+02:00,1.8863708550093143,18.78
2025-10-03 14:00:00+02:00,-8.658137042623387,10.53
2025-10-03 14:15:00+02:00,-9.503186515683375,23.71
2025-10-03 14:30:00+02:00,-10.730155925607043,30.63
2025-10-03 14:45:00+02:00,-10.09194992488921,39.94
2025-10-03 15:00:00+02:00,6.309183257650606,32.77
2025-10-03 15:15:00+02:00,9.397112052648193,40.0
2025-10-03 15:30:00+02:00,11.44380482479156,58.96
2025-10-03 15:45:00+02:00,13.150360047176335,67.8
2025-10-03 16:00:00+02:00,20.787498460854607,39.55
2025-10-03 16:15:00+02:00,24.889020617092363,48.74
2025-10-03 16:30:00+02:00,25.09214301765624,74.28
2025-10-03 16:45:00+02:00,29.68243120841273,91.0
2025-10-03 17:00:00+02:00,65.55965921405615,49.89
2025-10-03 17:15:00+02:00,51.69290140442711,78.49
2025-10-03 17:30:00+02:00,67.5811109031535,102.6
2025-10-03 17:45:00+02:00,89.53119681966037,128.62
2025-10-03 18:00:00+02:00,96.51364252134348,113.32
2025-10-03 18:15:00+02:00,98.65664574170586,118.26
2025-10-03 18:30:00+02:00,109.32143877714195,128.5
2025-10-03 18:45:00+02:00,113.96585361446046,122.96
2025-10-03 19:00:00+02:00,118.2218533812243,124.22
2025-10-03 19:15:00+02:00,113.99163504102472,114.99
2025-10-03 19:30:00+02:00,102.19501156832992,99.91
2025-10-03 19:45:00+02:00,84.88621928007025,96.92
2025-10-03 20:00:00+02:00,60.6782784708782,106.78
2025-10-03 20:15:00+02:00,37.304836743806845,81.91
2025-10-03 20:30:00+02:00,32.20328351358998,56.68
2025-10-03 20:45:00+02:00,42.43222632352722,54.79
2025-10-03 21:00:00+02:00,40.36589597751603,72.48
2025-10-03 21:15:00+02:00,37.17920965553013,47.23
2025-10-03 21:30:00+02:00,43.23707855291575,37.59
2025-10-03 21:45:00+02:00,55.037672590015525,16.47
2025-10-03 22:00:00+02:00,76.05993852899563,37.77
2025-10-03 22:15:00+02:00,78.92797126067526,21.34
2025-10-03 22:30:00+02:00,73.62373719062502,21.84
2025-10-03 22:45:00+02:00,66.6643388199019,20.66
2025-10-03 23:00:00+02:00,71.33207815282964,24.58
2025-10-03 23:15:00+02:00,64.04837871111395,9.77
2025-10-03 23:30:00+02:00,47.614024184899776,7.49
2025-10-03 23:45:00+02:00,44.85562048814701,2.59
2025-10-04 00:00:00+02:00,-18.488460878687633,2.93
2025-10-04 00:15:00+02:00,-34.011190735774534,0.1
2025-10-04 00:30:00+02:00,-31.22400814914556,-0.05
2025-10-04 00:45:00+02:00,-33.22642594597406,-0.08
2025-10-04 01:00:00+02:00,29.399607404745737,0.0
2025-10-04 01:15:00+02:00,22.16515738823952,-0.01
2025-10-04 01:30:00+02:00,18.668871906470827,-0.01
2025-10-04 01:45:00+02:00,13.538942209189685,-0.02
2025-10-04 02:00:00+02:00,-31.60039943317844,-0.01
2025-10-04 02:15:00+02:00,-32.38084505671418,-0.01
2025-10-04 02:30:00+02:00,-28.935089614769197,-0.04
2025-10-04 02:45:00+02:00,-42.228482668102984,-0.11
2025-10-04 03:00:00+02:00,-29.384651807154384,-0.07
2025-10-04 03:15:00+02:00,-27.005664369380895,-0.09
2025-10-04 03:30:00+02:00,-26.629575643478844,-0.1
2025-10-04 03:45:00+02:00,-28.212632642601008,-0.13
2025-10-04 04:00:00+02:00,5.4494248211632055,-0.93
2025-10-04 04:15:00+02:00,4.897114634359724,-0.97
2025-10-04 04:30:00+02:00,5.144198844818433,-1.03
2025-10-04 04:45:00+02:00,6.638124652813019,-1.58
2025-10-04 05:00:00+02:00,-26.38291376598181,-1.52
2025-10-04 05:15:00+02:00,-0.8763977762098563,-2.02
2025-10-04 05:30:00+02:00,-13.877542864156041,-2.02
2025-10-04 05:45:00+02:00,36.05410279918471,-2.06
2025-10-04 06:00:00+02:00,-31.192170919606838,-2.15
2025-10-04 06:15:00+02:00,-64.30916783577288,-2.02
2025-10-04 06:30:00+02:00,-37.26133471300594,-1.48
2025-10-04 06:45:00+02:00,-69.54458760210008,-2.01
2025-10-04 07:00:00+02:00,6.14522363383972,-0.25
2025-10-04 07:15:00+02:00,10.27237967356858,-0.81
2025-10-04 07:30:00+02:00,6.2673269143461,-1.0
2025-10-04 07:45:00+02:00,20.714941295692796,-1.04
2025-10-04 08:00:00+02:00,40.078811675741676,-0.7
2025-10-04 08:15:00+02:00,43.03407346565743,-0.09
2025-10-04 08:30:00+02:00,21.669119022084416,-0.08
2025-10-04 08:45:00+02:00,-49.54829213738853,-0.33
2025-10-04 09:00:00+02:00,29.49431558865851,-0.1
2025-10-04 09:15:00+02:00,-92.60317788769976,-0.43
2025-10-04 09:30:00+02:00,-204.37259210177166,-0.05
2025-10-04 09:45:00+02:00,-235.2778639778488,-0.07
2025-10-04 10:00:00+02:00,-18.372064398170735,-0.01
2025-10-04 10:15:00+02:00,-85.44424285058952,-0.1
2025-10-04 10:30:00+02:00,-157.37904341444383,-0.14
2025-10-04 10:45:00+02:00,-136.74937525017194,-0.11
2025-10-04 11:00:00+02:00,-50.24612435109759,-0.01
2025-10-04 11:15:00+02:00,-48.76540747198851,-0.26
2025-10-04 11:30:00+02:00,-51.77401448965947,-0.08
2025-10-04 11:45:00+02:00,-26.915355775981496,-0.04
2025-10-04 12:00:00+02:00,-18.070405572934977,-0.19
2025-10-04 12:15:00+02:00,-19.991503533451112,-0.06
2025-10-04 12:30:00+02:00,-20.985601024924573,-0.03
2025-10-04 12:45:00+02:00,-21.133968017950917,-0.04
2025-10-04 13:00:00+02:00,-30.369187354801383,-0.24
2025-10-04 13:15:00+02:00,-30.12402689492788,-0.23
2025-10-04 13:30:00+02:00,-29.942105943504338,-0.4
2025-10-04 13:45:00+02:00,-24.150274210751498,-0.89
2025-10-04 14:00:00+02:00,-24.595865071426932,-0.13
2025-10-04 14:15:00+02:00,-18.898126082714583,-1.02
2025-10-04 14:30:00+02:00,-19.499061201253078,-2.02
2025-10-04 14:45:00+02:00,-17.62696077949243,-5.01
2025-10-04 15:00:00+02:00,-25.621465952108323,-1.82
2025-10-04 15:15:00+02:00,-22.01556776159635,-5.02
2025-10-04 15:30:00+02:00,-17.620689340080915,-2.51
2025-10-04 15:45:00+02:00,-16.050260761160942,-1.07
2025-10-04 16:00:00+02:00,-12.5058251894162,-0.25
2025-10-04 16:15:00+02:00,-22.41947357010615,-0.01
2025-10-04 16:30:00+02:00,-19.5598603823303,-0.04
2025-10-04 16:45:00+02:00,-13.075586784858558,-0.08
2025-10-04 17:00:00+02:00,-158.4628753828561,-1.08
2025-10-04 17:15:00+02:00,-38.54665599067013,-0.01
2025-10-04 17:30:00+02:00,-6.0498968477508015,0.0
2025-10-04 17:45:00+02:00,0.11850663145189344,0.72
2025-10-04 18:00:00+02:00,103.66884593752363,-0.03
2025-10-04 18:15:00+02:00,38.2691029610816,0.0
2025-10-04 18:30:00+02:00,66.37725261081381,2.2
2025-10-04 18:45:00+02:00,67.73271352712945,2.25
2025-10-04 19:00:00+02:00,-14.882257259606092,2.44
2025-10-04 19:15:00+02:00,-31.217561082317218,2.74
2025-10-04 19:30:00+02:00,-36.206068810381254,4.02
2025-10-04 19:45:00+02:00,-96.95176051933859,3.72
2025-10-04 20:00:00+02:00,-966.2445614764664,1.3
2025-10-04 20:15:00+02:00,-672.4911875700761,0.0
2025-10-04 20:30:00+02:00,-1055.9680703490917,0.0
2025-10-04 20:45:00+02:00,-1055.701333868501,-0.01
2025-10-04 21:00:00+02:00,-100.30724611254004,0.1
2025-10-04 21:15:00+02:00,-281.4043698235178,0.0
2025-10-04 21:30:00+02:00,-417.788604627009,-0.01
2025-10-04 21:45:00+02:00,-449.918479799259,-0.47
2025-10-04 22:00:00+02:00,-71.11760627870447,-0.06
2025-10-04 22:15:00+02:00,-97.68129511801521,-0.08
2025-10-04 22:30:00+02:00,-131.8977641199699,-0.01
2025-10-04 22:45:00+02:00,-408.2379473475536,-0.06
2025-10-04 23:00:00+02:00,-40.310627873172876,-0.01
2025-10-04 23:15:00+02:00,-48.36169308190787,-0.03
2025-10-04 23:30:00+02:00,-66.33560710429018,-0.08
2025-10-04 23:45:00+02:00,-91.41870812270548,-1.25
2025-10-05 00:00:00+02:00,-38.4406338887934,-0.07
2025-10-05 00:15:00+02:00,-54.14233131320756,-0.26
2025-10-05 00:30:00+02:00,-50.2055599045033,-1.45
2025-10-05 00:45:00+02:00,-37.86776686095568,-1.21
2025-10-05 01:00:00+02:00,-153.47681291014504,-1.09
2025-10-05 01:15:00+02:00,-224.68020341686525,-2.01
2025-10-05 01:30:00+02:00,-130.45477979546902,-1.48
2025-10-05 01:45:00+02:00,-126.230692468547,-1.03
2025-10-05 02:00:00+02:00,-82.65834319238975,-4.2
2025-10-05 02:15:00+02:00,-81.3381419109471,-4.19
2025-10-05 02:30:00+02:00,-79.87867849281156,-4.18
2025-10-05 02:45:00+02:00,-98.66402110421456,-4.19
2025-10-05 03:00:00+02:00,-18.081826347639648,-4.2
2025-10-05 03:15:00+02:00,-28.458351665940995,-4.11
2025-10-05 03:30:00+02:00,-27.362248664909345,-4.11
2025-10-05 03:45:00+02:00,-23.898968543010454,-5.09
2025-10-05 04:00:00+02:00,-10.831544897747534,-4.82
2025-10-05 04:15:00+02:00,-8.323861287932374,-5.03
2025-10-05 04:30:00+02:00,-14.379512311636859,-5.05
2025-10-05 04:45:00+02:00,-15.451545168049947,-5.02
2025-10-05 05:00:00+02:00,-21.12693201935457,-4.99
2025-10-05 05:15:00+02:00,-39.72552804965051,-4.82
2025-10-05 05:30:00+02:00,-45.35173368909682,-4.01
2025-10-05 05:45:00+02:00,-12.283358845801999,-4.01
2025-10-05 06:00:00+02:00,-26.139340928168508,-4.11
2025-10-05 06:15:00+02:00,-40.16112905438723,-4.05
2025-10-05 06:30:00+02:00,-49.8155079574496,-3.8
2025-10-05 06:45:00+02:00,-80.82680935922528,-3.08
2025-10-05 07:00:00+02:00,-443.98868343091124,-2.02
2025-10-05 07:15:00+02:00,-436.92673284698026,-1.78
2025-10-05 07:30:00+02:00,-373.12214762353886,-1.42
2025-10-05 07:45:00+02:00,-445.57077154698175,-0.8
2025-10-05 08:00:00+02:00,-155.4193337016154,-0.1
2025-10-05 08:15:00+02:00,-250.0115325599718,-0.09
2025-10-05 08:30:00+02:00,-253.08337854387946,-0.05
2025-10-05 08:45:00+02:00,-60.860917981192074,-0.11
2025-10-05 09:00:00+02:00,-25.481149895318424,-0.01
2025-10-05 09:15:00+02:00,-31.597276726772094,-0.08
2025-10-05 09:30:00+02:00,-20.67074438445367,-2.01
2025-10-05 09:45:00+02:00,-7.374805894447164,-3.47
2025-10-05 10:00:00+02:00,-10.228979891016067,-1.48
2025-10-05 10:15:00+02:00,-18.103846427765774,-2.9
2025-10-05 10:30:00+02:00,-31.399891108727516,-4.06
2025-10-05 10:45:00+02:00,-26.14221854015298,-4.88
2025-10-05 11:00:00+02:00,-29.138377640572486,-2.02
2025-10-05 11:15:00+02:00,-25.85287748231083,-2.02
2025-10-05 11:30:00+02:00,-22.410625492560882,-2.01
2025-10-05 11:45:00+02:00,-20.988827006158346,-2.02
2025-10-05 12:00:00+02:00,-39.42175024838028,-4.04
2025-10-05 12:15:00+02:00,-38.68454083860867,-3.04
2025-10-05 12:30:00+02:00,-38.67895494816544,-3.01
2025-10-05 12:45:00+02:00,-39.85572691871408,-3.57
2025-10-05 13:00:00+02:00,-38.225065368122266,-3.38
2025-10-05 13:15:00+02:00,-40.709419828437944,-3.54
2025-10-05 13:30:00+02:00,-41.00915868882676,-3.17
2025-10-05 13:45:00+02:00,-39.244079971502785,-3.46
2025-10-05 14:00:00+02:00,-38.446125160295296,-3.1
2025-10-05 14:15:00+02:00,-40.18113815226794,-3.02
2025-10-05 14:30:00+02:00,-41.193612767771945,-3.02
2025-10-05 14:45:00+02:00,-42.07341970359836,-2.63
2025-10-05 15:00:00+02:00,-36.7189010596088,-2.4
2025-10-05 15:15:00+02:00,-39.25241820826742,-2.13
2025-10-05 15:30:00+02:00,-39.29811743072643,-2.02
2025-10-05 15:45:00+02:00,-39.946687868657854,-3.02
2025-10-05 16:00:00+02:00,-6.200683705014498,-1.59
2025-10-05 16:15:00+02:00,1.1427729536227957,-1.02
2025-10-05 16:30:00+02:00,-5.551823586164588,-0.1
2025-10-05 16:45:00+02:00,-11.823616499780528,-0.04
2025-10-05 17:00:00+02:00,-61.65066271693095,-3.16
2025-10-05 17:15:00+02:00,17.004725974782545,-0.06
2025-10-05 17:30:00+02:00,49.39082942050926,0.1
2025-10-05 17:45:00+02:00,13.855347981554047,6.53
2025-10-05 18:00:00+02:00,-130.32263081334082,5.37
2025-10-05 18:15:00+02:00,-71.37090830077645,11.0
2025-10-05 18:30:00+02:00,-42.75992494198391,19.91
2025-10-05 18:45:00+02:00,-23.575083825404135,28.05
2025-10-05 19:00:00+02:00,-359.10313418752816,21.25
2025-10-05 19:15:00+02:00,-397.89271164943386,26.69
2025-10-05 19:30:00+02:00,-551.2661606121392,42.84
2025-10-05 19:45:00+02:00,-660.704126801204,49.41
2025-10-05 20:00:00+02:00,-102.0378200974522,34.0
2025-10-05 20:15:00+02:00,-99.89612293181972,24.58
2025-10-05 20:30:00+02:00,-88.70205788229495,13.66
2025-10-05 20:45:00+02:00,-70.21440743801116,7.08
2025-10-05 21:00:00+02:00,-0.4438082938164598,7.84
2025-10-05 21:15:00+02:00,-1.7287810493092337,5.15
2025-10-05 21:30:00+02:00,6.409521512961632,4.75
2025-10-05 21:45:00+02:00,6.808194439960573,4.17
2025-10-05 22:00:00+02:00,24.642169912632625,5.75
2025-10-05 22:15:00+02:00,26.637764431147573,4.86
2025-10-05 22:30:00+02:00,22.683648963521463,5.96
2025-10-05 22:45:00+02:00,24.663589434918904,4.24
2025-10-05 23:00:00+02:00,29.611108172858046,4.88
2025-10-05 23:15:00+02:00,24.446961285570453,4.1
2025-10-05 23:30:00+02:00,30.429774898903005,3.96
2025-10-05 23:45:00+02:00,26.90280022979165,3.36
2025-10-06 00:00:00+02:00,-23.316051084511088,30.98
2025-10-06 00:15:00+02:00,-7.199998473988856,24.53
2025-10-06 00:30:00+02:00,5.1690288445207955,15.77
2025-10-06 00:45:00+02:00,6.095063070588651,12.1
2025-10-06 01:00:00+02:00,4.152560157613436,13.85
2025-10-06 01:15:00+02:00,9.592931539338394,10.57
2025-10-06 01:30:00+02:00,14.284847494835674,9.11
2025-10-06 01:45:00+02:00,11.182463501081699,6.66
2025-10-06 02:00:00+02:00,22.193696817678315,7.0
2025-10-06 02:15:00+02:00,20.955837984304623,8.7
2025-10-06 02:30:00+02:00,18.12527946845084,10.58
2025-10-06 02:45:00+02:00,20.770141998174786,10.13
2025-10-06 03:00:00+02:00,28.216401708590595,10.53
2025-10-06 03:15:00+02:00,32.13642083625164,10.52
2025-10-06 03:30:00+02:00,32.236353507166406,11.03
2025-10-06 03:45:00+02:00,32.15958662553049,10.85
2025-10-06 04:00:00+02:00,47.136246343855184,11.02
2025-10-06 04:15:00+02:00,47.128357783218384,18.12
2025-10-06 04:30:00+02:00,46.7362362839909,17.86
2025-10-06 04:45:00+02:00,46.43765962177712,20.2
2025-10-06 05:00:00+02:00,63.30051867945657,7.81
2025-10-06 05:15:00+02:00,64.03869863245093,9.9
2025-10-06 05:30:00+02:00,65.40824991830075,22.8
2025-10-06 05:45:00+02:00,65.52781034702798,49.9
2025-10-06 06:00:00+02:00,100.97726014274919,18.39
2025-10-06 06:15:00+02:00,102.25701631102677,76.6
2025-10-06 06:30:00+02:00,98.67618596020863,78.19
2025-10-06 06:45:00+02:00,100.92480957679878,101.16
2025-10-06 07:00:00+02:00,122.60717242905392,89.97
2025-10-06 07:15:00+02:00,117.09245986641392,105.32
2025-10-06 07:30:00+02:00,123.86987620956195,108.93
2025-10-06 07:45:00+02:00,117.28654526510802,115.99
2025-10-06 08:00:00+02:00,107.55404228962828,126.58
2025-10-06 08:15:00+02:00,112.08354488231242,127.91
2025-10-06 08:30:00+02:00,115.87971955807434,120.8
2025-10-06 08:45:00+02:00,115.55058465116741,111.78
2025-10-06 09:00:00+02:00,89.17197235732665,135.73
2025-10-06 09:15:00+02:00,91.8606149516781,121.42
2025-10-06 09:30:00+02:00,96.7059009358954,119.6
2025-10-06 09:45:00+02:00,99.23192809487318,107.72
2025-10-06 10:00:00+02:00,76.24783166681067,114.69
2025-10-06 10:15:00+02:00,77.5604370390937,104.8
2025-10-06 10:30:00+02:00,73.39702749139585,95.23
2025-10-06 10:45:00+02:00,72.7377832918682,87.39
2025-10-06 11:00:00+02:00,65.80934189514701,98.55
2025-10-06 11:15:00+02:00,63.87709086209733,92.75
2025-10-06 11:30:00+02:00,65.27854765058412,84.89
2025-10-06 11:45:00+02:00,68.26207097613167,81.02
2025-10-06 12:00:00+02:00,31.690427928881846,82.57
2025-10-06 12:15:00+02:00,37.398235478456215,86.67
2025-10-06 12:30:00+02:00,37.788359759895414,86.12
2025-10-06 12:45:00+02:00,40.52591249920303,93.94
2025-10-06 13:00:00+02:00,37.495024078342375,84.06
2025-10-06 13:15:00+02:00,37.96124174339832,88.05
2025-10-06 13:30:00+02:00,38.09336465866936,83.88
2025-10-06 13:45:00+02:00,37.11394250070491,82.4
2025-10-06 14:00:00+02:00,56.41248913252461,82.78
2025-10-06 14:15:00+02:00,55.751171879884566,89.59
2025-10-06 14:30:00+02:00,55.078379803353315,100.96
2025-10-06 14:45:00+02:00,50.26635902380165,95.98
2025-10-06 15:00:00+02:00,56.040339090802625,89.47
2025-10-06 15:15:00+02:00,55.50234113439811,92.03
2025-10-06 15:30:00+02:00,64.94603097910975,95.69
2025-10-06 15:45:00+02:00,66.01343501215302,101.0
2025-10-06 16:00:00+02:00,90.82247986789898,86.45
2025-10-06 16:15:00+02:00,97.81559143901934,97.87
2025-10-06 16:30:00+02:00,100.16407322083072,110.69
2025-10-06 16:45:00+02:00,96.49529836998418,124.08
2025-10-06 17:00:00+02:00,122.78024311859747,93.91
2025-10-06 17:15:00+02:00,124.1807354329075,112.95
2025-10-06 17:30:00+02:00,113.39158089418903,121.84
2025-10-06 17:45:00+02:00,111.37898839859662,152.46
2025-10-06 18:00:00+02:00,142.52831811025504,109.36
2025-10-06 18:15:00+02:00,148.22672731761915,118.41
2025-10-06 18:30:00+02:00,149.78922201450527,147.8
2025-10-06 18:45:00+02:00,145.05186731919304,190.78
2025-10-06 19:00:00+02:00,256.5348545867435,168.9
2025-10-06 19:15:00+02:00,247.21616793249578,175.37
2025-10-06 19:30:00+02:00,249.61386480643102,169.0
2025-10-06 19:45:00+02:00,201.57490959217154,159.99
2025-10-06 20:00:00+02:00,161.5165680001424,156.93
2025-10-06 20:15:00+02:00,144.24911310313252,131.1
2025-10-06 20:30:00+02:00,147.18966275718952,125.87
2025-10-06 20:45:00+02:00,147.80248753068267,120.81
2025-10-06 21:00:00+02:00,110.28000358570237,128.0
2025-10-06 21:15:00+02:00,112.18832416671471,123.93
2025-10-06 21:30:00+02:00,111.94659221236691,115.65
2025-10-06 21:45:00+02:00,112.47146039152584,113.23
2025-10-06 22:00:00+02:00,93.56811512196158,135.26
2025-10-06 22:15:00+02:00,92.78827023347742,114.58
2025-10-06 22:30:00+02:00,92.41833265960634,115.2
2025-10-06 22:45:00+02:00,92.69070128570789,109.62
2025-10-06 23:00:00+02:00,71.50526774171558,112.33
2025-10-06 23:15:00+02:00,71.83515404921826,105.04
2025-10-06 23:30:00+02:00,74.39639187383361,103.67
2025-10-06 23:45:00+02:00,75.46530099150945,100.96
2025-10-07 00:00:00+02:00,98.42922125986192,105.51
2025-10-07 00:15:00+02:00,94.88254983862737,102.6
2025-10-07 00:30:00+02:00,93.58199619252815,99.05
2025-10-07 00:45:00+02:00,93.39846305500245,93.89
2025-10-07 01:00:00+02:00,92.4249366454411,100.0
2025-10-07 01:15:00+02:00,91.1519882377923,94.82
2025-10-07 01:30:00+02:00,90.14223837616716,92.68
2025-10-07 01:45:00+02:00,89.4639621867734,88.45
2025-10-07 02:00:00+02:00,89.40432279026768,91.23
2025-10-07 02:15:00+02:00,87.82635540499383,89.36
2025-10-07 02:30:00+02:00,88.20713863844213,89.45
2025-10-07 02:45:00+02:00,88.5239780578886,89.23
2025-10-07 03:00:00+02:00,87.10412718258972,88.66
2025-10-07 03:15:00+02:00,87.73925832711076,88.59
2025-10-07 03:30:00+02:00,87.91637344605242,89.47
2025-10-07 03:45:00+02:00,87.78830222844526,91.48
2025-10-07 04:00:00+02:00,85.41930927529322,86.92
2025-10-07 04:15:00+02:00,86.3193210246809,88.8
2025-10-07 04:30:00+02:00,86.72740882911312,95.03
2025-10-07 04:45:00+02:00,86.99304571203554,101.15
2025-10-07 05:00:00+02:00,93.97008411274419,86.94
2025-10-07 05:15:00+02:00,93.8825089465053,93.11
2025-10-07 05:30:00+02:00,95.77185807634537,99.05
2025-10-07 05:45:00+02:00,96.64905200855875,107.86
2025-10-07 06:00:00+02:00,116.54351819637226,106.77
2025-10-07 06:15:00+02:00,118.15428959805976,125.07
2025-10-07 06:30:00+02:00,124.99350350355873,141.18
2025-10-07 06:45:00+02:00,126.82954569159622,166.52
2025-10-07 07:00:00+02:00,144.66670085938784,148.03
2025-10-07 07:15:00+02:00,152.8803261562553,207.93
2025-10-07 07:30:00+02:00,155.18579525924855,270.09
2025-10-07 07:45:00+02:00,152.95994186201514,288.17
2025-10-07 08:00:00+02:00,152.55773686613796,307.91
2025-10-07 08:15:00+02:00,145.15623173191193,300.04
2025-10-07 08:30:00+02:00,156.69753535542202,288.15
2025-10-07 08:45:00+02:00,139.17352557754492,254.58
2025-10-07 09:00:00+02:00,168.72418603296785,293.61
2025-10-07 09:15:00+02:00,204.8015117948633,249.64
2025-10-07 09:30:00+02:00,156.66767052833646,167.9
2025-10-07 09:45:00+02:00,159.63824539464295,137.58
2025-10-07 10:00:00+02:00,160.70894814543152,197.38
2025-10-07 10:15:00+02:00,116.81794137437394,164.08
2025-10-07 10:30:00+02:00,104.43417535763648,138.01
2025-10-07 10:45:00+02:00,99.6479114638831,119.17
2025-10-07 11:00:00+02:00,164.46083250885124,153.65
2025-10-07 11:15:00+02:00,143.41960539322102,135.82
2025-10-07 11:30:00+02:00,201.70921938560312,118.81
2025-10-07 11:45:00+02:00,196.97508036313266,111.35
2025-10-07 12:00:00+02:00,151.88464259635973,123.01
2025-10-07 12:15:00+02:00,153.63595582004487,109.38
2025-10-07 12:30:00+02:00,153.52264913942543,105.91
2025-10-07 12:45:00+02:00,153.31387261982934,105.46
2025-10-07 13:00:00+02:00,99.66610883748112,112.23
2025-10-07 13:15:00+02:00,96.64685558756581,105.73
2025-10-07 13:30:00+02:00,97.49099387153775,104.76
2025-10-07 13:45:00+02:00,100.66695754109705,102.01
2025-10-07 14:00:00+02:00,83.16557272264544,103.08
2025-10-07 14:15:00+02:00,106.74181869930702,104.76
2025-10-07 14:30:00+02:00,106.33143878472292,105.91
2025-10-07 14:45:00+02:00,110.04120512901817,107.66
2025-10-07 15:00:00+02:00,89.90784123320013,101.2
2025-10-07 15:15:00+02:00,94.94172535275729,105.68
2025-10-07 15:30:00+02:00,103.45093433805343,116.17
2025-10-07 15:45:00+02:00,116.35972248571342,129.59
2025-10-07 16:00:00+02:00,111.6312519891429,103.91
2025-10-07 16:15:00+02:00,121.74607504362152,110.59
2025-10-07 16:30:00+02:00,146.0719453032974,127.15
2025-10-07 16:45:00+02:00,159.3781462231964,146.77
2025-10-07 17:00:00+02:00,124.46213480231603,115.04
2025-10-07 17:15:00+02:00,140.0994481433963,128.99
2025-10-07 17:30:00+02:00,147.89675146452723,155.82
2025-10-07 17:45:00+02:00,197.63038635019586,207.51
2025-10-07 18:00:00+02:00,153.78112123670388,147.29
2025-10-07 18:15:00+02:00,159.09628137939467,154.33
2025-10-07 18:30:00+02:00,200.79113265409853,220.61
2025-10-07 18:45:00+02:00,246.3709242754264,287.44
2025-10-07 19:00:00+02:00,239.6477257549293,253.39
2025-10-07 19:15:00+02:00,243.90640648953087,221.51
2025-10-07 19:30:00+02:00,229.58068296075334,197.41
2025-10-07 19:45:00+02:00,212.96805567040275,180.81
2025-10-07 20:00:00+02:00,171.0508133787568,178.46
2025-10-07 20:15:00+02:00,151.29408228912357,158.89
2025-10-07 20:30:00+02:00,151.36210794137548,131.01
2025-10-07 20:45:00+02:00,150.280447338238,117.0
2025-10-07 21:00:00+02:00,119.68228466165867,147.22
2025-10-07 21:15:00+02:00,116.57960090516875,129.01
2025-10-07 21:30:00+02:00,114.55892383146286,112.79
2025-10-07 21:45:00+02:00,114.38353940645824,103.95
2025-10-07 22:00:00+02:00,108.42373443343625,116.35
2025-10-07 22:15:00+02:00,103.36729898624854,111.87
2025-10-07 22:30:00+02:00,103.56606216359779,106.1
2025-10-07 22:45:00+02:00,102.24743975593942,95.37
2025-10-07 23:00:00+02:00,92.3236581166075,107.82
2025-10-07 23:15:00+02:00,90.18853709600758,98.43
2025-10-07 23:30:00+02:00,88.89292781560232,93.57
2025-10-07 23:45:00+02:00,89.2808007033497,90.11
2025-10-08 00:00:00+02:00,98.26892608148957,101.74
2025-10-08 00:15:00+02:00,93.60814740094352,91.4
2025-10-08 00:30:00+02:00,90.23579517908837,91.47
2025-10-08 00:45:00+02:00,87.8398113796582,89.2
2025-10-08 01:00:00+02:00,93.45108576878336,91.85
2025-10-08 01:15:00+02:00,89.31114924154207,89.07
2025-10-08 01:30:00+02:00,86.80592225260278,87.33
2025-10-08 01:45:00+02:00,84.93806626840853,85.5
2025-10-08 02:00:00+02:00,88.34290378965517,89.21
2025-10-08 02:15:00+02:00,84.47079628250678,88.14
2025-10-08 02:30:00+02:00,84.85309616275839,86.99
2025-10-08 02:45:00+02:00,85.03673699145284,85.9
2025-10-08 03:00:00+02:00,84.23149425489974,86.97
2025-10-08 03:15:00+02:00,86.55884013013625,86.91
2025-10-08 03:30:00+02:00,87.3107425394488,86.98
2025-10-08 03:45:00+02:00,86.90232527542433,87.04
2025-10-08 04:00:00+02:00,86.11921990106137,85.66
2025-10-08 04:15:00+02:00,87.07272578262369,87.74
2025-10-08 04:30:00+02:00,89.8071673699529,91.18
2025-10-08 04:45:00+02:00,91.21483692829288,94.11
2025-10-08 05:00:00+02:00,95.31356570989735,86.98
2025-10-08 05:15:00+02:00,96.07213448953519,93.28
2025-10-08 05:30:00+02:00,99.44760254413946,99.91
2025-10-08 05:45:00+02:00,102.29030095772639,109.41
2025-10-08 06:00:00+02:00,120.60204871470559,92.99
2025-10-08 06:15:00+02:00,124.46710474015845,113.91
2025-10-08 06:30:00+02:00,131.1120544749176,122.99
2025-10-08 06:45:00+02:00,134.77135256296197,138.54
2025-10-08 07:00:00+02:00,166.96060970329478,130.47
2025-10-08 07:15:00+02:00,177.27368034522829,151.59
2025-10-08 07:30:00+02:00,180.1782821681743,168.9
2025-10-08 07:45:00+02:00,181.75349876945566,171.36
2025-10-08 08:00:00+02:00,285.02889722495127,203.62
2025-10-08 08:15:00+02:00,234.28179781496215,175.34
2025-10-08 08:30:00+02:00,175.0128815205553,151.24
2025-10-08 08:45:00+02:00,143.23536437403388,135.38
2025-10-08 09:00:00+02:00,186.67327168149967,174.2
2025-10-08 09:15:00+02:00,147.8688237596308,140.92
2025-10-08 09:30:00+02:00,130.4205310858183,119.67
2025-10-08 09:45:00+02:00,116.84707772276654,105.91
2025-10-08 10:00:00+02:00,117.10969828260804,142.74
2025-10-08 10:15:00+02:00,118.90799761467083,121.74
2025-10-08 10:30:00+02:00,107.17922030219947,107.37
2025-10-08 10:45:00+02:00,99.82131509620942,101.93
2025-10-08 11:00:00+02:00,93.61820532736692,123.01
2025-10-08 11:15:00+02:00,87.71169559280787,104.46
2025-10-08 11:30:00+02:00,83.93987080492158,97.58
2025-10-08 11:45:00+02:00,80.14286473513,88.25
2025-10-08 12:00:00+02:00,80.23958125000905,94.88
2025-10-08 12:15:00+02:00,74.77297023781799,91.03
2025-10-08 12:30:00+02:00,73.34876159312753,88.78
2025-10-08 12:45:00+02:00,70.9020320186469,88.6
2025-10-08 13:00:00+02:00,68.46495610278733,90.79
2025-10-08 13:15:00+02:00,68.19601042273014,90.1
2025-10-08 13:30:00+02:00,68.46504575018577,89.17
2025-10-08 13:45:00+02:00,69.97717896325707,87.28
2025-10-08 14:00:00+02:00,76.85482966477237,85.44
2025-10-08 14:15:00+02:00,76.60744435448382,87.72
2025-10-08 14:30:00+02:00,82.9560855460696,90.0
2025-10-08 14:45:00+02:00,87.56500275806785,98.61
2025-10-08 15:00:00+02:00,84.05781891287592,89.1
2025-10-08 15:15:00+02:00,89.96526666638559,93.72
2025-10-08 15:30:00+02:00,98.26515955699313,101.34
2025-10-08 15:45:00+02:00,103.98709352530017,113.55
2025-10-08 16:00:00+02:00,102.96763055209783,93.15
2025-10-08 16:15:00+02:00,104.42912704508367,102.2
2025-10-08 16:30:00+02:00,113.51906194585106,127.44
2025-10-08 16:45:00+02:00,118.91192809052362,147.07
2025-10-08 17:00:00+02:00,125.4710795497023,102.83
2025-10-08 17:15:00+02:00,131.04146082621517,123.24
2025-10-08 17:30:00+02:00,167.5014986066527,155.33
2025-10-08 17:45:00+02:00,201.9225286743957,216.52
2025-10-08 18:00:00+02:00,170.49138277641111,135.54
2025-10-08 18:15:00+02:00,187.6077009335895,147.6
2025-10-08 18:30:00+02:00,232.7509639141564,204.53
2025-10-08 18:45:00+02:00,252.82012212022963,247.56
2025-10-08 19:00:00+02:00,309.72374034737027,235.93
2025-10-08 19:15:00+02:00,313.44120787704765,204.62
2025-10-08 19:30:00+02:00,276.0128999532112,180.46
2025-10-08 19:45:00+02:00,229.55036147144773,175.0
2025-10-08 20:00:00+02:00,167.23836502176542,170.48
2025-10-08 20:15:00+02:00,167.21345629865004,149.96
2025-10-08 20:30:00+02:00,157.84794967986878,128.09
2025-10-08 20:45:00+02:00,154.66781111110328,118.25
2025-10-08 21:00:00+02:00,124.51142696374548,128.88
2025-10-08 21:15:00+02:00,123.19480722414355,117.94
2025-10-08 21:30:00+02:00,117.23141095271218,109.29
2025-10-08 21:45:00+02:00,114.80930556748898,102.85
2025-10-08 22:00:00+02:00,107.03682713017064,114.61
2025-10-08 22:15:00+02:00,104.57042366770118,113.93
2025-10-08 22:30:00+02:00,102.27435240055966,106.49
2025-10-08 22:45:00+02:00,94.93086239917906,97.93
2025-10-08 23:00:00+02:00,93.15571050265542,106.06
2025-10-08 23:15:00+02:00,89.77946788564066,99.79
2025-10-08 23:30:00+02:00,85.79986573039112,95.48
2025-10-08 23:45:00+02:00,81.77676220149468,90.0
2025-10-09 00:00:00+02:00,100.25210150952833,109.22
2025-10-09 00:15:00+02:00,95.60875355233252,100.01
2025-10-09 00:30:00+02:00,92.84012311262332,90.88
2025-10-09 00:45:00+02:00,90.21481629908894,88.75
2025-10-09 01:00:00+02:00,95.20175444208765,91.7
2025-10-09 01:15:00+02:00,92.0602330063457,93.33
2025-10-09 01:30:00+02:00,89.1035436993793,92.32
2025-10-09 01:45:00+02:00,86.74202495270636,92.98
2025-10-09 02:00:00+02:00,89.79322443568907,96.05
2025-10-09 02:15:00+02:00,85.86353124961767,92.32
2025-10-09 02:30:00+02:00,86.48391252258087,92.28
2025-10-09 02:45:00+02:00,86.47949408603232,92.4
2025-10-09 03:00:00+02:00,85.87036877296516,93.36
2025-10-09 03:15:00+02:00,87.17172435191095,89.9
2025-10-09 03:30:00+02:00,87.6028602815797,89.97
2025-10-09 03:45:00+02:00,87.042405035207,90.04
2025-10-09 04:00:00+02:00,85.72606577258138,86.94
2025-10-09 04:15:00+02:00,87.23408129671776,89.03
2025-10-09 04:30:00+02:00,89.51956192968838,92.49
2025-10-09 04:45:00+02:00,91.65365476723466,102.34
2025-10-09 05:00:00+02:00,92.06041376673056,87.41
2025-10-09 05:15:00+02:00,92.80159989639168,91.81
2025-10-09 05:30:00+02:00,97.87796524076865,104.3
2025-10-09 05:45:00+02:00,101.32132030656929,121.09
2025-10-09 06:00:00+02:00,116.28620637871778,102.35
2025-10-09 06:15:00+02:00,122.03825259524507,121.42
2025-10-09 06:30:00+02:00,129.02232513690623,132.35
2025-10-09 06:45:00+02:00,134.70608934024222,146.2
2025-10-09 07:00:00+02:00,140.8051932949379,125.35
2025-10-09 07:15:00+02:00,156.31392385850165,146.35
2025-10-09 07:30:00+02:00,158.4664281286895,156.11
2025-10-09 07:45:00+02:00,155.8987708796909,152.19
2025-10-09 08:00:00+02:00,177.75066848836465,172.25
2025-10-09 08:15:00+02:00,159.73030201265607,152.98
2025-10-09 08:30:00+02:00,135.12175277872262,143.8
2025-10-09 08:45:00+02:00,120.30685091679436,130.57
2025-10-09 09:00:00+02:00,152.60225163668264,166.46
2025-10-09 09:15:00+02:00,131.51632409085641,134.41
2025-10-09 09:30:00+02:00,117.17953924961033,122.99
2025-10-09 09:45:00+02:00,108.78804376398769,106.09
2025-10-09 10:00:00+02:00,126.4862703094453,131.55
2025-10-09 10:15:00+02:00,111.52491448341246,113.86
2025-10-09 10:30:00+02:00,97.95665922451991,102.3
2025-10-09 10:45:00+02:00,94.78681633426652,91.04
2025-10-09 11:00:00+02:00,122.86135344856268,106.52
2025-10-09 11:15:00+02:00,91.79783520569856,102.13
2025-10-09 11:30:00+02:00,83.17599842364024,91.64
2025-10-09 11:45:00+02:00,85.30723720586835,87.56
2025-10-09 12:00:00+02:00,77.031651281614,100.33
2025-10-09 12:15:00+02:00,67.1778370281442,92.2
2025-10-09 12:30:00+02:00,64.5765203981773,87.93
2025-10-09 12:45:00+02:00,62.31583341188201,83.63
2025-10-09 13:00:00+02:00,55.63748843664658,89.01
2025-10-09 13:15:00+02:00,56.55088735019697,88.22
2025-10-09 13:30:00+02:00,55.82321458145587,84.65
2025-10-09 13:45:00+02:00,58.67303337399579,71.53
2025-10-09 14:00:00+02:00,48.39290075109079,77.77
2025-10-09 14:15:00+02:00,46.665768899449574,83.77
2025-10-09 14:30:00+02:00,48.859126469335706,84.15
2025-10-09 14:45:00+02:00,55.33295653086037,87.11
2025-10-09 15:00:00+02:00,56.8195723982365,79.61
2025-10-09 15:15:00+02:00,60.55547118758571,84.13
2025-10-09 15:30:00+02:00,68.51689287495694,89.22
2025-10-09 15:45:00+02:00,78.17152145864202,102.35
2025-10-09 16:00:00+02:00,86.66970114513201,87.51
2025-10-09 16:15:00+02:00,87.26741844892786,88.37
2025-10-09 16:30:00+02:00,102.43389712314466,92.11
2025-10-09 16:45:00+02:00,111.27102071433495,100.31
2025-10-09 17:00:00+02:00,88.62281377812587,87.53
2025-10-09 17:15:00+02:00,104.68609473146458,110.57
2025-10-09 17:30:00+02:00,123.87486933424753,112.0
2025-10-09 17:45:00+02:00,156.1011489782808,129.94
2025-10-09 18:00:00+02:00,133.00653011879106,115.48
2025-10-09 18:15:00+02:00,133.4807080152432,124.26
2025-10-09 18:30:00+02:00,159.2929432274595,126.56
2025-10-09 18:45:00+02:00,171.06812801041372,125.33
2025-10-09 19:00:00+02:00,167.30763428734653,125.71
2025-10-09 19:15:00+02:00,159.17671447389444,126.43
2025-10-09 19:30:00+02:00,151.95191867354487,122.58
2025-10-09 19:45:00+02:00,154.75882134300787,117.73
2025-10-09 20:00:00+02:00,138.78386688467836,119.72
2025-10-09 20:15:00+02:00,134.87825096178355,114.76
2025-10-09 20:30:00+02:00,127.22392647862459,110.14
2025-10-09 20:45:00+02:00,122.93414940450491,104.83
2025-10-09 21:00:00+02:00,111.50670449778293,107.15
2025-10-09 21:15:00+02:00,108.04392669242485,101.69
2025-10-09 21:30:00+02:00,103.27573968703142,96.39
2025-10-09 21:45:00+02:00,99.69443739968392,87.14
2025-10-09 22:00:00+02:00,98.57358118279885,113.22
2025-10-09 22:15:00+02:00,99.05499878399861,95.43
2025-10-09 22:30:00+02:00,94.74221124069341,90.93
2025-10-09 22:45:00+02:00,85.65688770425605,87.75
2025-10-09 23:00:00+02:00,87.5702164751158,98.98
2025-10-09 23:15:00+02:00,86.02395594653,90.55
2025-10-09 23:30:00+02:00,81.3127251084526,87.65
2025-10-09 23:45:00+02:00,75.81688369825109,77.62
2025-10-10 00:00:00+02:00,90.83428477401262,95.72
2025-10-10 00:15:00+02:00,85.4587268065264,89.14
2025-10-10 00:30:00+02:00,82.0332404315571,86.45
2025-10-10 00:45:00+02:00,77.65144360705905,80.73
2025-10-10 01:00:00+02:00,84.48936759732631,90.84
2025-10-10 01:15:00+02:00,81.9591778514394,84.36
2025-10-10 01:30:00+02:00,78.64538434346707,83.5
2025-10-10 01:45:00+02:00,78.47629436822636,81.17
2025-10-10 02:00:00+02:00,82.26650952859738,83.19
2025-10-10 02:15:00+02:00,78.62882061420234,79.99
2025-10-10 02:30:00+02:00,78.74713040705312,78.91
2025-10-10 02:45:00+02:00,79.45597782682488,78.26
2025-10-10 03:00:00+02:00,78.4547623345971,79.77
2025-10-10 03:15:00+02:00,78.71733035807098,78.7
2025-10-10 03:30:00+02:00,79.12090214118031,77.4
2025-10-10 03:45:00+02:00,78.23146055318884,77.27
2025-10-10 04:00:00+02:00,75.43411250051655,78.77
2025-10-10 04:15:00+02:00,77.25692322516102,80.06
2025-10-10 04:30:00+02:00,80.30438239481137,76.81
2025-10-10 04:45:00+02:00,83.58489429954402,81.2
2025-10-10 05:00:00+02:00,82.64326656275539,76.82
2025-10-10 05:15:00+02:00,85.46675518816286,81.28
2025-10-10 05:30:00+02:00,91.10889082162414,84.79
2025-10-10 05:45:00+02:00,96.86309037472111,101.4
2025-10-10 06:00:00+02:00,103.77551970653415,83.53
2025-10-10 06:15:00+02:00,113.34674010944642,105.2
2025-10-10 06:30:00+02:00,119.8573405378589,99.33
2025-10-10 06:45:00+02:00,123.6185129916739,122.49
2025-10-10 07:00:00+02:00,141.66748948644957,102.12
2025-10-10 07:15:00+02:00,141.72822685816374,113.67
2025-10-10 07:30:00+02:00,145.87845633236856,125.29
2025-10-10 07:45:00+02:00,146.76151205329137,136.22
2025-10-10 08:00:00+02:00,149.9589194820657,151.65
2025-10-10 08:15:00+02:00,141.94466053668998,133.39
2025-10-10 08:30:00+02:00,149.0584014970032,109.4
2025-10-10 08:45:00+02:00,138.33656141169138,96.01
2025-10-10 09:00:00+02:00,152.77555427661179,143.83
2025-10-10 09:15:00+02:00,136.48019810556698,112.07
2025-10-10 09:30:00+02:00,129.03796759847367,96.73
2025-10-10 09:45:00+02:00,113.2475064533767,78.43
2025-10-10 10:00:00+02:00,124.8676789747188,123.0
2025-10-10 10:15:00+02:00,108.04040632118523,93.17
2025-10-10 10:30:00+02:00,99.05616225905527,84.55
2025-10-10 10:45:00+02:00,92.07096186122689,71.31
2025-10-10 11:00:00+02:00,78.72954980989113,96.26
2025-10-10 11:15:00+02:00,80.37707595932312,79.29
2025-10-10 11:30:00+02:00,75.31200324305777,79.04
2025-10-10 11:45:00+02:00,74.04512111531739,73.88
2025-10-10 12:00:00+02:00,75.57774884670286,87.88
2025-10-10 12:15:00+02:00,71.27848677163439,79.84
2025-10-10 12:30:00+02:00,69.52048734052579,74.67
2025-10-10 12:45:00+02:00,68.74573069998132,67.74
2025-10-10 13:00:00+02:00,60.95936826765188,76.07
2025-10-10 13:15:00+02:00,59.24559809145809,78.85
2025-10-10 13:30:00+02:00,61.66916272453018,77.26
2025-10-10 13:45:00+02:00,52.27155487834757,70.58
2025-10-10 14:00:00+02:00,60.53049819418143,59.95
2025-10-10 14:15:00+02:00,52.348845254022336,77.39
2025-10-10 14:30:00+02:00,51.59187365117256,80.07
2025-10-10 14:45:00+02:00,50.80831692457407,91.62
2025-10-10 15:00:00+02:00,78.2374895173061,76.48
2025-10-10 15:15:00+02:00,77.06855025940585,85.09
2025-10-10 15:30:00+02:00,69.0903571050356,91.56
2025-10-10 15:45:00+02:00,69.23328386382398,102.45
2025-10-10 16:00:00+02:00,87.21725360228787,77.06
2025-10-10 16:15:00+02:00,90.28307901280849,91.53
2025-10-10 16:30:00+02:00,93.14762488531916,99.84
2025-10-10 16:45:00+02:00,93.92427789561086,123.0
2025-10-10 17:00:00+02:00,105.66608687522104,97.74
2025-10-10 17:15:00+02:00,124.5356574719961,111.9
2025-10-10 17:30:00+02:00,124.76593876629903,123.39
2025-10-10 17:45:00+02:00,127.06277048209864,139.77
2025-10-10 18:00:00+02:00,146.26850058695757,107.18
2025-10-10 18:15:00+02:00,152.57601758116618,117.5
2025-10-10 18:30:00+02:00,141.84534005089017,121.42
2025-10-10 18:45:00+02:00,143.0490186230687,136.32
2025-10-10 19:00:00+02:00,169.65713656365605,124.81
2025-10-10 19:15:00+02:00,168.9931062605797,123.84
2025-10-10 19:30:00+02:00,171.57056828083407,123.87
2025-10-10 19:45:00+02:00,169.1325828531575,120.64
2025-10-10 20:00:00+02:00,141.99885173026416,131.89
2025-10-10 20:15:00+02:00,138.8092776635796,119.32
2025-10-10 20:30:00+02:00,136.13811795031876,110.0
2025-10-10 20:45:00+02:00,131.73122909345915,100.35
2025-10-10 21:00:00+02:00,117.11010693742874,115.53
2025-10-10 21:15:00+02:00,115.27825229101389,110.95
2025-10-10 21:30:00+02:00,112.79206579144433,101.04
2025-10-10 21:45:00+02:00,111.56808138682419,88.14
2025-10-10 22:00:00+02:00,107.97843101920394,104.53
2025-10-10 22:15:00+02:00,104.49478804038863,102.46
2025-10-10 22:30:00+02:00,101.53622304324662,97.94
2025-10-10 22:45:00+02:00,98.41908956002435,86.02
2025-10-10 23:00:00+02:00,100.92554688318293,94.58
2025-10-10 23:15:00+02:00,97.23540148624633,92.97
2025-10-10 23:30:00+02:00,94.22645317153224,96.62
2025-10-10 23:45:00+02:00,91.12065673775354,89.23
2025-10-11 00:00:00+02:00,91.88643351771633,102.78
2025-10-11 00:15:00+02:00,90.43763710350285,97.66
2025-10-11 00:30:00+02:00,91.39138060339076,88.08
2025-10-11 00:45:00+02:00,90.73987255577755,83.35
2025-10-11 01:00:00+02:00,88.42689174665142,91.25
2025-10-11 01:15:00+02:00,87.6786700986353,89.52
2025-10-11 01:30:00+02:00,88.80782063180271,87.4
2025-10-11 01:45:00+02:00,86.31906445475961,87.17
2025-10-11 02:00:00+02:00,85.99926497689476,87.53
2025-10-11 02:15:00+02:00,87.55440083578243,88.63
2025-10-11 02:30:00+02:00,87.35993272571955,87.21
2025-10-11 02:45:00+02:00,87.20043406583572,86.18
2025-10-11 03:00:00+02:00,87.09359911480013,86.26
2025-10-11 03:15:00+02:00,84.97148423758813,84.5
2025-10-11 03:30:00+02:00,84.30494880212966,83.63
2025-10-11 03:45:00+02:00,85.1313612109418,82.31
2025-10-11 04:00:00+02:00,86.40048276379648,82.86
2025-10-11 04:15:00+02:00,87.06590015727738,82.63
2025-10-11 04:30:00+02:00,85.24540782644478,80.79
2025-10-11 04:45:00+02:00,86.19667156913061,81.83
2025-10-11 05:00:00+02:00,88.5190109378336,82.21
2025-10-11 05:15:00+02:00,89.62332923316833,84.55
2025-10-11 05:30:00+02:00,91.28302582645485,85.13
2025-10-11 05:45:00+02:00,95.07734150994939,87.13
2025-10-11 06:00:00+02:00,93.8912538448057,87.87
2025-10-11 06:15:00+02:00,95.94066109632956,88.97
2025-10-11 06:30:00+02:00,96.67581392426382,91.2
2025-10-11 06:45:00+02:00,100.51902799341468,93.02
2025-10-11 07:00:00+02:00,99.2062081803788,96.71
2025-10-11 07:15:00+02:00,104.97129046564658,95.06
2025-10-11 07:30:00+02:00,107.14385553587977,97.62
2025-10-11 07:45:00+02:00,107.997090745039,97.62
2025-10-11 08:00:00+02:00,117.92725272896273,103.96
2025-10-11 08:15:00+02:00,117.46821397825865,103.22
2025-10-11 08:30:00+02:00,111.94538694582663,101.37
2025-10-11 08:45:00+02:00,98.62055994326764,93.05
2025-10-11 09:00:00+02:00,116.88419310294343,108.11
2025-10-11 09:15:00+02:00,109.29947363720142,100.02
2025-10-11 09:30:00+02:00,97.6712747310382,89.11
2025-10-11 09:45:00+02:00,88.38883991433971,74.6
2025-10-11 10:00:00+02:00,110.65037266092492,97.36
2025-10-11 10:15:00+02:00,76.02747473522675,85.84
2025-10-11 10:30:00+02:00,69.2749138464228,73.26
2025-10-11 10:45:00+02:00,60.08888291113436,73.27
2025-10-11 11:00:00+02:00,50.643223860702015,87.29
2025-10-11 11:15:00+02:00,49.83465830636985,76.86
2025-10-11 11:30:00+02:00,46.391279686972815,71.39
2025-10-11 11:45:00+02:00,42.53090308391782,60.54
2025-10-11 12:00:00+02:00,43.6968317512241,63.44
2025-10-11 12:15:00+02:00,41.200134930752945,60.1
2025-10-11 12:30:00+02:00,38.04870973374745,51.21
2025-10-11 12:45:00+02:00,35.71028109294511,46.92
2025-10-11 13:00:00+02:00,22.401339466555342,51.67
2025-10-11 13:15:00+02:00,23.027653597716142,47.13
2025-10-11 13:30:00+02:00,21.809923353293357,43.17
2025-10-11 13:45:00+02:00,21.585748563879182,45.12
2025-10-11 14:00:00+02:00,20.02974093461034,41.76
2025-10-11 14:15:00+02:00,28.22703562086238,48.54
2025-10-11 14:30:00+02:00,29.382919857978056,52.74
2025-10-11 14:45:00+02:00,33.468014284682816,61.08
2025-10-11 15:00:00+02:00,74.92869202303943,54.55
2025-10-11 15:15:00+02:00,69.36345462185704,75.1
2025-10-11 15:30:00+02:00,47.941719702178375,89.6
2025-10-11 15:45:00+02:00,48.61717877282171,88.52
2025-10-11 16:00:00+02:00,49.95994501826296,62.84
2025-10-11 16:15:00+02:00,53.08195204976262,76.17
2025-10-11 16:30:00+02:00,53.13026018079976,89.61
2025-10-11 16:45:00+02:00,62.741373996572314,105.98
2025-10-11 17:00:00+02:00,94.9238199129554,83.89
2025-10-11 17:15:00+02:00,104.45058036858087,99.22
2025-10-11 17:30:00+02:00,104.75784831172503,126.09
2025-10-11 17:45:00+02:00,117.34875151465391,146.82
2025-10-11 18:00:00+02:00,122.74723522441239,110.81
2025-10-11 18:15:00+02:00,111.02015088920498,122.14
2025-10-11 18:30:00+02:00,104.95540087875432,129.9
2025-10-11 18:45:00+02:00,103.85017129088027,142.9
2025-10-11 19:00:00+02:00,106.15617392892152,130.59
2025-10-11 19:15:00+02:00,112.28006315696663,139.21
2025-10-11 19:30:00+02:00,105.682551475633,130.31
2025-10-11 19:45:00+02:00,140.1809653156457,120.58
2025-10-11 20:00:00+02:00,115.78274006778754,145.64
2025-10-11 20:15:00+02:00,113.74327867599689,128.34
2025-10-11 20:30:00+02:00,112.13224308933101,108.5
2025-10-11 20:45:00+02:00,110.8697780041608,100.06
2025-10-11 21:00:00+02:00,109.75052192791462,125.8
2025-10-11 21:15:00+02:00,108.2270941680693,114.05
2025-10-11 21:30:00+02:00,106.7080566407399,113.69
2025-10-11 21:45:00+02:00,104.1185470141218,96.64
2025-10-11 22:00:00+02:00,99.51219872815967,122.5
2025-10-11 22:15:00+02:00,101.38160648649382,110.4
2025-10-11 22:30:00+02:00,99.15286995199502,101.57
2025-10-11 22:45:00+02:00,96.68845567971195,93.16
2025-10-11 23:00:00+02:00,94.00767987524138,104.7
2025-10-11 23:15:00+02:00,93.26011351814769,95.41
2025-10-11 23:30:00+02:00,93.25550096819255,93.18
2025-10-11 23:45:00+02:00,91.61976685174689,87.1
2025-10-12 00:00:00+02:00,99.52681645926248,108.73
2025-10-12 00:15:00+02:00,95.21420716628856,105.82
2025-10-12 00:30:00+02:00,92.05584872940973,87.8
2025-10-12 00:45:00+02:00,87.93856307588658,82.36
2025-10-12 01:00:00+02:00,92.07292592376503,101.1
2025-10-12 01:15:00+02:00,88.5993261852422,96.85
2025-10-12 01:30:00+02:00,87.18333211015374,86.2
2025-10-12 01:45:00+02:00,86.1637678297205,84.52
2025-10-12 02:00:00+02:00,87.52973512264384,97.66
2025-10-12 02:15:00+02:00,85.86557890534503,87.85
2025-10-12 02:30:00+02:00,85.58447061995106,84.71
2025-10-12 02:45:00+02:00,85.32188179552347,85.22
2025-10-12 03:00:00+02:00,85.79516606694249,90.23
2025-10-12 03:15:00+02:00,86.11919824528643,85.83
2025-10-12 03:30:00+02:00,85.75409321513666,84.8
2025-10-12 03:45:00+02:00,85.46342436601041,79.66
2025-10-12 04:00:00+02:00,85.69041861761279,79.4
2025-10-12 04:15:00+02:00,92.63492168117622,82.2
2025-10-12 04:30:00+02:00,87.11677496141975,92.22
2025-10-12 04:45:00+02:00,90.11887591143554,91.83
2025-10-12 05:00:00+02:00,87.62543244024107,83.25
2025-10-12 05:15:00+02:00,88.24059851948584,79.83
2025-10-12 05:30:00+02:00,90.5997006137305,92.66
2025-10-12 05:45:00+02:00,98.1224509083069,90.89
2025-10-12 06:00:00+02:00,92.8127863649312,85.56
2025-10-12 06:15:00+02:00,89.79072873037794,87.95
2025-10-12 06:30:00+02:00,94.4926044181236,90.49
2025-10-12 06:45:00+02:00,94.94245804140125,89.2
2025-10-12 07:00:00+02:00,94.18688215431011,97.64
2025-10-12 07:15:00+02:00,99.06820662623463,86.04
2025-10-12 07:30:00+02:00,100.16770134069424,86.65
2025-10-12 07:45:00+02:00,100.41870031971146,86.36
2025-10-12 08:00:00+02:00,103.85017510193063,102.86
2025-10-12 08:15:00+02:00,108.64866325357934,88.47
2025-10-12 08:30:00+02:00,105.57813220564556,86.44
2025-10-12 08:45:00+02:00,90.75664203295504,76.87
2025-10-12 09:00:00+02:00,110.94072442138187,99.35
2025-10-12 09:15:00+02:00,103.57593797146224,85.81
2025-10-12 09:30:00+02:00,87.84315229792423,71.58
2025-10-12 09:45:00+02:00,73.21882236975644,75.51
2025-10-12 10:00:00+02:00,97.02593926341103,86.74
2025-10-12 10:15:00+02:00,83.99455398155057,77.11
2025-10-12 10:30:00+02:00,73.40230666143802,70.73
2025-10-12 10:45:00+02:00,59.15016464070639,70.24
2025-10-12 11:00:00+02:00,66.50256037284535,75.45
2025-10-12 11:15:00+02:00,62.72072144411178,71.19
2025-10-12 11:30:00+02:00,59.94385171220124,71.27
2025-10-12 11:45:00+02:00,53.042586019573356,69.69
2025-10-12 12:00:00+02:00,31.329399654039022,68.94
2025-10-12 12:15:00+02:00,34.90168109492138,67.61
2025-10-12 12:30:00+02:00,31.7510111354894,66.6
2025-10-12 12:45:00+02:00,28.997965014845153,64.4
2025-10-12 13:00:00+02:00,32.11874405394019,55.84
2025-10-12 13:15:00+02:00,28.44558944145648,53.3
2025-10-12 13:30:00+02:00,25.522664441065587,50.65
2025-10-12 13:45:00+02:00,31.574642634023014,48.85
2025-10-12 14:00:00+02:00,17.59963211729991,53.6
2025-10-12 14:15:00+02:00,20.432715861836794,57.06
2025-10-12 14:30:00+02:00,21.277985881753942,65.74
2025-10-12 14:45:00+02:00,28.473029635083254,73.5
2025-10-12 15:00:00+02:00,49.51011662977782,70.21
2025-10-12 15:15:00+02:00,61.66453948353959,72.52
2025-10-12 15:30:00+02:00,64.65278367741205,84.93
2025-10-12 15:45:00+02:00,63.666022775172465,92.28
2025-10-12 16:00:00+02:00,57.67171163982007,72.76
2025-10-12 16:15:00+02:00,61.99877484608247,83.74
2025-10-12 16:30:00+02:00,67.978443560885,92.94
2025-10-12 16:45:00+02:00,74.35390874758394,102.57
2025-10-12 17:00:00+02:00,91.62039917583188,86.89
2025-10-12 17:15:00+02:00,103.61791286185014,102.71
2025-10-12 17:30:00+02:00,112.28312003234193,113.23
2025-10-12 17:45:00+02:00,122.71301165161682,119.37
2025-10-12 18:00:00+02:00,119.00300138984309,96.75
2025-10-12 18:15:00+02:00,118.22608725310793,105.97
2025-10-12 18:30:00+02:00,125.47913754887529,112.01
2025-10-12 18:45:00+02:00,135.6173968928616,120.87
2025-10-12 19:00:00+02:00,129.7366349006258,114.63
2025-10-12 19:15:00+02:00,129.81781183025365,115.39
2025-10-12 19:30:00+02:00,128.9655187484558,120.92
2025-10-12 19:45:00+02:00,133.5489319694399,115.62
2025-10-12 20:00:00+02:00,124.80482592492702,119.39
2025-10-12 20:15:00+02:00,122.39399910271999,118.91
2025-10-12 20:30:00+02:00,119.93992181772147,112.64
2025-10-12 20:45:00+02:00,119.09815015481676,111.17
2025-10-12 21:00:00+02:00,113.2461125410273,117.97
2025-10-12 21:15:00+02:00,109.65143552500389,114.92
2025-10-12 21:30:00+02:00,108.64227692241319,106.63
2025-10-12 21:45:00+02:00,103.90835730946382,102.27
2025-10-12 22:00:00+02:00,103.59833670021892,118.92
2025-10-12 22:15:00+02:00,103.42130816599281,111.38
2025-10-12 22:30:00+02:00,98.73929751057744,103.65
2025-10-12 22:45:00+02:00,93.46746471783108,97.21
2025-10-12 23:00:00+02:00,96.22252756165685,102.84
2025-10-12 23:15:00+02:00,93.14937069641925,93.59
2025-10-12 23:30:00+02:00,92.23500865404347,91.83
2025-10-12 23:45:00+02:00,88.22758329702637,85.52
2025-10-13 00:00:00+02:00,100.24391234676956,104.05
2025-10-13 00:15:00+02:00,92.73363741448243,93.08
2025-10-13 00:30:00+02:00,87.52813997127582,90.19
2025-10-13 00:45:00+02:00,84.42225200924705,86.49
2025-10-13 01:00:00+02:00,94.79930501975439,91.31
2025-10-13 01:15:00+02:00,91.67159654366428,87.58
2025-10-13 01:30:00+02:00,88.25301080872953,91.61
2025-10-13 01:45:00+02:00,85.87394868739413,90.54
2025-10-13 02:00:00+02:00,92.68559382013193,93.67
2025-10-13 02:15:00+02:00,87.62407341681866,91.92
2025-10-13 02:30:00+02:00,87.44922558878392,89.27
2025-10-13 02:45:00+02:00,87.73746124494139,88.47
2025-10-13 03:00:00+02:00,91.82519006827246,89.67
2025-10-13 03:15:00+02:00,90.36334730620216,89.0
2025-10-13 03:30:00+02:00,90.34156388350385,87.72
2025-10-13 03:45:00+02:00,89.18458026466875,90.1
2025-10-13 04:00:00+02:00,88.88744570389377,93.0
2025-10-13 04:15:00+02:00,90.89056567320068,88.57
2025-10-13 04:30:00+02:00,93.66786803024874,93.4
2025-10-13 04:45:00+02:00,97.31620706491566,98.84
2025-10-13 05:00:00+02:00,93.44322358446719,89.06
2025-10-13 05:15:00+02:00,95.48475792867706,93.71
2025-10-13 05:30:00+02:00,103.541558027451,96.79
2025-10-13 05:45:00+02:00,114.31433134458516,112.82
2025-10-13 06:00:00+02:00,116.10681347376136,84.71
2025-10-13 06:15:00+02:00,132.19100128292226,114.21
2025-10-13 06:30:00+02:00,137.02411819637283,142.96
2025-10-13 06:45:00+02:00,156.52627909834953,183.76
2025-10-13 07:00:00+02:00,164.52428465419666,144.36
2025-10-13 07:15:00+02:00,178.46719783632932,213.9
2025-10-13 07:30:00+02:00,188.27017327047753,252.53
2025-10-13 07:45:00+02:00,190.5826559212504,263.76
2025-10-13 08:00:00+02:00,158.7717345694412,256.61
2025-10-13 08:15:00+02:00,156.95956302351377,228.95
2025-10-13 08:30:00+02:00,140.30405792359028,175.68
2025-10-13 08:45:00+02:00,132.30650406493478,136.99
2025-10-13 09:00:00+02:00,164.85179345901767,202.36
2025-10-13 09:15:00+02:00,154.8126303768588,153.44
2025-10-13 09:30:00+02:00,116.83228577066794,135.96
2025-10-13 09:45:00+02:00,109.97821275153814,108.98
2025-10-13 10:00:00+02:00,124.7232900186584,141.47
2025-10-13 10:15:00+02:00,104.85037441599613,132.41
2025-10-13 10:30:00+02:00,99.29706849897217,118.19
2025-10-13 10:45:00+02:00,98.42874558462826,108.32
2025-10-13 11:00:00+02:00,99.7071200889124,127.09
2025-10-13 11:15:00+02:00,91.23688214400273,111.15
2025-10-13 11:30:00+02:00,85.79458510715642,103.47
2025-10-13 11:45:00+02:00,80.84739242469067,98.29
2025-10-13 12:00:00+02:00,81.47440829420879,103.56
2025-10-13 12:15:00+02:00,77.99338038714602,95.83
2025-10-13 12:30:00+02:00,75.74448726014275,92.44
2025-10-13 12:45:00+02:00,71.73203343358117,88.57
2025-10-13 13:00:00+02:00,80.41310921205366,95.05
2025-10-13 13:15:00+02:00,77.85526469051436,92.2
2025-10-13 13:30:00+02:00,74.27221198151521,87.57
2025-10-13 13:45:00+02:00,75.17976020544256,84.61
2025-10-13 14:00:00+02:00,79.43570718006053,82.75
2025-10-13 14:15:00+02:00,82.01367038839284,87.75
2025-10-13 14:30:00+02:00,84.80089474957857,95.87
2025-10-13 14:45:00+02:00,77.1985620448715,102.02
2025-10-13 15:00:00+02:00,116.76158935272542,88.3
2025-10-13 15:15:00+02:00,128.530917265076,95.13
2025-10-13 15:30:00+02:00,136.66010162802186,104.88
2025-10-13 15:45:00+02:00,115.12194003418942,119.06
2025-10-13 16:00:00+02:00,104.45193142533323,92.2
2025-10-13 16:15:00+02:00,103.62289625226887,107.46
2025-10-13 16:30:00+02:00,107.00331011956814,123.29
2025-10-13 16:45:00+02:00,116.67519217915515,148.66
2025-10-13 17:00:00+02:00,112.9439171713694,106.78
2025-10-13 17:15:00+02:00,119.17833803246863,130.89
2025-10-13 17:30:00+02:00,130.38613423629633,198.43
2025-10-13 17:45:00+02:00,155.3004720818869,286.3
2025-10-13 18:00:00+02:00,156.88742695570463,195.22
2025-10-13 18:15:00+02:00,164.45055429081103,260.78
2025-10-13 18:30:00+02:00,206.43873583981366,361.99
2025-10-13 18:45:00+02:00,244.37860146063161,404.97
2025-10-13 19:00:00+02:00,311.9865179252438,396.92
2025-10-13 19:15:00+02:00,303.53419713179744,344.43
2025-10-13 19:30:00+02:00,276.1142580670555,270.65
2025-10-13 19:45:00+02:00,251.39597403492576,214.3
2025-10-13 20:00:00+02:00,168.13986086786974,273.43
2025-10-13 20:15:00+02:00,157.93515646342252,201.95
2025-10-13 20:30:00+02:00,154.2074306541221,143.39
2025-10-13 20:45:00+02:00,151.2632666463273,129.04
2025-10-13 21:00:00+02:00,126.60931552973733,176.2
2025-10-13 21:15:00+02:00,124.42773475219919,139.36
2025-10-13 21:30:00+02:00,120.51232207163682,118.96
2025-10-13 21:45:00+02:00,117.63215844772806,114.18
2025-10-13 22:00:00+02:00,111.55698965753633,134.99
2025-10-13 22:15:00+02:00,115.00693547699476,128.17
2025-10-13 22:30:00+02:00,109.47434146238413,117.3
2025-10-13 22:45:00+02:00,105.58233543834304,107.49
2025-10-13 23:00:00+02:00,104.88543868145781,123.09
2025-10-13 23:15:00+02:00,105.91584189160305,109.69
2025-10-13 23:30:00+02:00,103.96539728098467,107.42
2025-10-13 23:45:00+02:00,102.06852791075897,104.9
2025-10-14 00:00:00+02:00,113.25005929024162,114.93
2025-10-14 00:15:00+02:00,108.19656788953326,116.53
2025-10-14 00:30:00+02:00,101.28536089839925,105.51
2025-10-14 00:45:00+02:00,99.60388594264693,99.76
2025-10-14 01:00:00+02:00,103.80936974264125,107.3
2025-10-14 01:15:00+02:00,100.76295267555884,104.71
2025-10-14 01:30:00+02:00,98.0866056372544,102.65
2025-10-14 01:45:00+02:00,96.75996752792791,97.4
2025-10-14 02:00:00+02:00,100.39938355217227,104.85
2025-10-14 02:15:00+02:00,95.81244518260387,100.36
2025-10-14 02:30:00+02:00,94.56790432372397,98.04
2025-10-14 02:45:00+02:00,94.20484129116498,94.83
2025-10-14 03:00:00+02:00,95.34315735535891,100.87
2025-10-14 03:15:00+02:00,94.7811367282368,99.09
2025-10-14 03:30:00+02:00,94.52851725367948,97.43
2025-10-14 03:45:00+02:00,94.3656352804887,98.08
2025-10-14 04:00:00+02:00,93.16569515297955,97.88
2025-10-14 04:15:00+02:00,95.75429620517406,99.2
2025-10-14 04:30:00+02:00,100.40305461545317,98.71
2025-10-14 04:45:00+02:00,104.54932641128372,104.4
2025-10-14 05:00:00+02:00,102.94879330031749,97.27
2025-10-14 05:15:00+02:00,101.95560672107305,102.82
2025-10-14 05:30:00+02:00,105.93449141199693,101.99
2025-10-14 05:45:00+02:00,113.38358179275585,103.71
2025-10-14 06:00:00+02:00,118.44509256170315,92.59
2025-10-14 06:15:00+02:00,124.47476875671273,121.87
2025-10-14 06:30:00+02:00,130.7041756316899,143.01
2025-10-14 06:45:00+02:00,141.1195282733387,135.7
2025-10-14 07:00:00+02:00,162.83501827983505,130.94
2025-10-14 07:15:00+02:00,177.9618753668699,143.01
2025-10-14 07:30:00+02:00,185.31062384258396,179.03
2025-10-14 07:45:00+02:00,184.0846263948172,187.8
2025-10-14 08:00:00+02:00,331.0418149254841,231.08
2025-10-14 08:15:00+02:00,170.59414569864208,224.0
2025-10-14 08:30:00+02:00,193.71225345242686,167.21
2025-10-14 08:45:00+02:00,160.82098652271577,140.99
2025-10-14 09:00:00+02:00,149.71879243150573,215.71
2025-10-14 09:15:00+02:00,141.1918614630558,153.83
2025-10-14 09:30:00+02:00,123.86792435801588,134.11
2025-10-14 09:45:00+02:00,115.08368041802763,122.13
2025-10-14 10:00:00+02:00,140.43797288853574,180.81
2025-10-14 10:15:00+02:00,127.95036822476803,132.93
2025-10-14 10:30:00+02:00,118.31712931262764,116.51
2025-10-14 10:45:00+02:00,112.51287595336808,108.65
2025-10-14 11:00:00+02:00,134.21198477513337,135.03
2025-10-14 11:15:00+02:00,120.43678974452007,120.93
2025-10-14 11:30:00+02:00,114.18359446202946,116.02
2025-10-14 11:45:00+02:00,111.1541816463515,107.4
2025-10-14 12:00:00+02:00,143.74147016012802,112.9
2025-10-14 12:15:00+02:00,133.01091692572663,111.69
2025-10-14 12:30:00+02:00,129.8077997044428,107.38
2025-10-14 12:45:00+02:00,125.67848931313739,98.62
2025-10-14 13:00:00+02:00,160.6620012269707,104.84
2025-10-14 13:15:00+02:00,156.63720186611445,102.49
2025-10-14 13:30:00+02:00,150.62935204774098,103.49
2025-10-14 13:45:00+02:00,138.89968691835665,101.17
2025-10-14 14:00:00+02:00,128.9260518690182,86.18
2025-10-14 14:15:00+02:00,141.74885992920488,100.81
2025-10-14 14:30:00+02:00,158.30429788992922,108.64
2025-10-14 14:45:00+02:00,174.21605363080388,125.43
2025-10-14 15:00:00+02:00,101.93614990574267,101.87
2025-10-14 15:15:00+02:00,105.3131525807058,112.9
2025-10-14 15:30:00+02:00,115.0325985467765,118.14
2025-10-14 15:45:00+02:00,139.88033191405464,156.19
2025-10-14 16:00:00+02:00,96.64743625659233,91.04
2025-10-14 16:15:00+02:00,101.16582811771126,116.09
2025-10-14 16:30:00+02:00,106.21954527330661,154.95
2025-10-14 16:45:00+02:00,112.42105570745423,224.32
2025-10-14 17:00:00+02:00,111.4669519742148,113.94
2025-10-14 17:15:00+02:00,119.88775055058765,145.1
2025-10-14 17:30:00+02:00,148.55517084879372,238.96
2025-10-14 17:45:00+02:00,188.9206651411034,378.78
2025-10-14 18:00:00+02:00,165.6362135821123,274.81
2025-10-14 18:15:00+02:00,184.61460906614428,361.84
2025-10-14 18:30:00+02:00,241.77421667661554,474.8
2025-10-14 18:45:00+02:00,284.61344201780065,508.38
2025-10-14 19:00:00+02:00,395.88101384262586,493.94
2025-10-14 19:15:00+02:00,378.8388048995471,448.63
2025-10-14 19:30:00+02:00,336.0576794437362,379.98
2025-10-14 19:45:00+02:00,261.7736001791118,306.27
2025-10-14 20:00:00+02:00,201.0168830523824,332.2
2025-10-14 20:15:00+02:00,175.9224586473376,242.83
2025-10-14 20:30:00+02:00,150.4381127385481,181.7
2025-10-14 20:45:00+02:00,139.95363637004428,145.19
2025-10-14 21:00:00+02:00,134.35486090473066,214.2
2025-10-14 21:15:00+02:00,133.51523945412364,165.07
2025-10-14 21:30:00+02:00,123.00231955742849,146.91
2025-10-14 21:45:00+02:00,115.71138550665137,125.98
2025-10-14 22:00:00+02:00,117.4319580625476,146.9
2025-10-14 22:15:00+02:00,120.77947360501489,132.57
2025-10-14 22:30:00+02:00,115.6355834308588,123.09
2025-10-14 22:45:00+02:00,108.70212211555629,116.87
2025-10-14 23:00:00+02:00,105.70198615190247,123.95
2025-10-14 23:15:00+02:00,104.36090577398653,118.01
2025-10-14 23:30:00+02:00,100.89907209756802,110.63
2025-10-14 23:45:00+02:00,99.10159663412533,108.85
2025-10-15 00:00:00+02:00,118.52790128525888,120.26
2025-10-15 00:15:00+02:00,113.46103002036922,116.09
2025-10-15 00:30:00+02:00,108.65861998187827,113.53
2025-10-15 00:45:00+02:00,105.29026357610172,111.97
2025-10-15 01:00:00+02:00,112.27152637292332,117.16
2025-10-15 01:15:00+02:00,108.44841830802811,112.45
2025-10-15 01:30:00+02:00,105.32423286892762,110.16
2025-10-15 01:45:00+02:00,103.61653431444893,107.69
2025-10-15 02:00:00+02:00,107.47891328585884,110.15
2025-10-15 02:15:00+02:00,102.50292108204431,108.38
2025-10-15 02:30:00+02:00,102.28775007286464,106.29
2025-10-15 02:45:00+02:00,102.07722175949715,105.9
2025-10-15 03:00:00+02:00,103.11297640204744,105.98
2025-10-15 03:15:00+02:00,104.09335835109567,104.94
2025-10-15 03:30:00+02:00,102.00274434980795,101.43
2025-10-15 03:45:00+02:00,102.34071057513864,102.12
2025-10-15 04:00:00+02:00,100.80311119499143,102.06
2025-10-15 04:15:00+02:00,103.77161126791019,104.76
2025-10-15 04:30:00+02:00,99.54649041571209,107.21
2025-10-15 04:45:00+02:00,107.1475944800556,111.89
2025-10-15 05:00:00+02:00,105.74654968081668,108.85
2025-10-15 05:15:00+02:00,107.74118763268575,112.74
2025-10-15 05:30:00+02:00,113.91277294221459,116.6
2025-10-15 05:45:00+02:00,117.2525214102607,119.4
2025-10-15 06:00:00+02:00,116.3629236404291,117.12
2025-10-15 06:15:00+02:00,135.31751594396275,131.33
2025-10-15 06:30:00+02:00,155.94145795918024,164.35
2025-10-15 06:45:00+02:00,151.1618277650017,195.04
2025-10-15 07:00:00+02:00,174.7813605037261,211.75
2025-10-15 07:15:00+02:00,198.55574549314227,270.1
2025-10-15 07:30:00+02:00,216.3192881650756,319.58
2025-10-15 07:45:00+02:00,228.80516292537308,313.53
2025-10-15 08:00:00+02:00,317.8613143375675,354.61
2025-10-15 08:15:00+02:00,242.40077835515297,304.77
2025-10-15 08:30:00+02:00,213.76840229309244,247.13
2025-10-15 08:45:00+02:00,146.05688155912958,198.28
2025-10-15 09:00:00+02:00,183.05088137238118,252.11
2025-10-15 09:15:00+02:00,155.26017798594884,197.67
2025-10-15 09:30:00+02:00,141.82872300088167,143.43
2025-10-15 09:45:00+02:00,118.39437003573326,131.0
2025-10-15 10:00:00+02:00,125.23147789656875,184.44
2025-10-15 10:15:00+02:00,131.56488707987006,141.01
2025-10-15 10:30:00+02:00,118.94731076078038,131.88
2025-10-15 10:45:00+02:00,111.1434853256616,112.1
2025-10-15 11:00:00+02:00,125.46135933670746,145.77
2025-10-15 11:15:00+02:00,113.92686406644594,130.42
2025-10-15 11:30:00+02:00,98.9456535884336,117.22
2025-10-15 11:45:00+02:00,91.57407321182365,111.01
2025-10-15 12:00:00+02:00,112.5365037201649,127.91
2025-10-15 12:15:00+02:00,100.94339416896105,124.04
2025-10-15 12:30:00+02:00,95.66491098494816,115.92
2025-10-15 12:45:00+02:00,91.76513820207128,109.83
2025-10-15 13:00:00+02:00,106.39953273887818,118.01
2025-10-15 13:15:00+02:00,114.47533892657941,115.82
2025-10-15 13:30:00+02:00,112.77498942441949,111.0
2025-10-15 13:45:00+02:00,105.44454660340492,106.68
2025-10-15 14:00:00+02:00,95.65889633973575,107.51
2025-10-15 14:15:00+02:00,105.09428975655953,109.68
2025-10-15 14:30:00+02:00,107.25885234763317,116.98
2025-10-15 14:45:00+02:00,122.71555113501952,127.4
2025-10-15 15:00:00+02:00,86.60753129839385,103.7
2025-10-15 15:15:00+02:00,100.23887821065391,107.64
2025-10-15 15:30:00+02:00,109.89348687922887,124.93
2025-10-15 15:45:00+02:00,128.36914541667653,154.3
2025-10-15 16:00:00+02:00,99.4671654544185,101.51
2025-10-15 16:15:00+02:00,108.40625781592612,118.71
2025-10-15 16:30:00+02:00,120.91436968518849,147.98
2025-10-15 16:45:00+02:00,136.58860426945444,174.57
2025-10-15 17:00:00+02:00,105.37970375295053,105.02
2025-10-15 17:15:00+02:00,128.77870107219292,130.3
2025-10-15 17:30:00+02:00,131.58958218582467,183.17
2025-10-15 17:45:00+02:00,178.92264511234126,261.51
2025-10-15 18:00:00+02:00,161.55678800651395,156.76
2025-10-15 18:15:00+02:00,189.51882929541551,189.62
2025-10-15 18:30:00+02:00,234.6063943085141,246.84
2025-10-15 18:45:00+02:00,242.14831852105917,294.29
2025-10-15 19:00:00+02:00,283.60784601001,293.57
2025-10-15 19:15:00+02:00,267.45468315036277,242.91
2025-10-15 19:30:00+02:00,233.74129703490968,182.93
2025-10-15 19:45:00+02:00,200.75402039556823,160.59
2025-10-15 20:00:00+02:00,167.55675270420912,213.51
2025-10-15 20:15:00+02:00,135.88299966230767,158.01
2025-10-15 20:30:00+02:00,132.31010663426312,124.95
2025-10-15 20:45:00+02:00,118.6171036596912,114.91
2025-10-15 21:00:00+02:00,124.0688503503492,153.28
2025-10-15 21:15:00+02:00,118.63972390834553,131.41
2025-10-15 21:30:00+02:00,108.91833082491945,118.17
2025-10-15 21:45:00+02:00,102.41969220014784,94.51
2025-10-15 22:00:00+02:00,110.10245847352515,114.72
2025-10-15 22:15:00+02:00,106.78975364771459,101.31
2025-10-15 22:30:00+02:00,100.82360091693616,95.35
2025-10-15 22:45:00+02:00,95.24395544198345,81.46
2025-10-15 23:00:00+02:00,99.84320459365411,95.39
2025-10-15 23:15:00+02:00,96.16464553610363,87.17
2025-10-15 23:30:00+02:00,91.95562977934729,87.1
2025-10-15 23:45:00+02:00,86.33670553213526,83.02
2025-10-16 00:00:00+02:00,96.71407390102256,90.22
2025-10-16 00:15:00+02:00,91.02110960691192,91.63
2025-10-16 00:30:00+02:00,84.18900541183487,88.93
2025-10-16 00:45:00+02:00,82.80914312560422,81.88
2025-10-16 01:00:00+02:00,90.03605207101896,90.67
2025-10-16 01:15:00+02:00,86.80190222058891,87.14
2025-10-16 01:30:00+02:00,84.87494621608592,85.09
2025-10-16 01:45:00+02:00,83.7937237849957,80.33
2025-10-16 02:00:00+02:00,85.55634123484997,90.41
2025-10-16 02:15:00+02:00,83.27980764448967,88.7
2025-10-16 02:30:00+02:00,82.52844516851103,87.91
2025-10-16 02:45:00+02:00,82.17732475092153,84.98
2025-10-16 03:00:00+02:00,81.94376527349029,90.01
2025-10-16 03:15:00+02:00,81.43790654116344,88.69
2025-10-16 03:30:00+02:00,80.65912078464221,88.69
2025-10-16 03:45:00+02:00,80.05915145976762,79.23
2025-10-16 04:00:00+02:00,81.3496251232363,86.13
2025-10-16 04:15:00+02:00,82.11114686132603,88.05
2025-10-16 04:30:00+02:00,82.65068830526626,88.49
2025-10-16 04:45:00+02:00,85.7183329425523,90.67
2025-10-16 05:00:00+02:00,85.99460170344878,80.24
2025-10-16 05:15:00+02:00,87.90013517771823,81.25
2025-10-16 05:30:00+02:00,92.0366409254428,85.1
2025-10-16 05:45:00+02:00,99.0086651199961,93.59
2025-10-16 06:00:00+02:00,105.41250640102045,79.19
2025-10-16 06:15:00+02:00,115.87882115732805,89.99
2025-10-16 06:30:00+02:00,122.28132005556677,98.27
2025-10-16 06:45:00+02:00,129.95072957522098,117.32
2025-10-16 07:00:00+02:00,138.16335818275064,101.88
2025-10-16 07:15:00+02:00,151.75303529028707,116.05
2025-10-16 07:30:00+02:00,157.2001069761385,121.06
2025-10-16 07:45:00+02:00,163.32571253343835,125.5
2025-10-16 08:00:00+02:00,162.54998580508396,148.39
2025-10-16 08:15:00+02:00,138.2891159034886,146.12
2025-10-16 08:30:00+02:00,139.2999805337414,132.74
2025-10-16 08:45:00+02:00,124.74478287592865,103.82
2025-10-16 09:00:00+02:00,147.733456787761,147.5
2025-10-16 09:15:00+02:00,113.24014564780238,132.71
2025-10-16 09:30:00+02:00,101.46070128662873,106.38
2025-10-16 09:45:00+02:00,91.99711001996354,93.13
2025-10-16 10:00:00+02:00,120.71870215012231,118.0
2025-10-16 10:15:00+02:00,105.0382194964303,93.73
2025-10-16 10:30:00+02:00,95.22927962390496,81.21
2025-10-16 10:45:00+02:00,86.3737289416394,76.01
2025-10-16 11:00:00+02:00,99.67764183253544,102.38
2025-10-16 11:15:00+02:00,93.63418402598147,86.71
2025-10-16 11:30:00+02:00,90.8852180687495,85.48
2025-10-16 11:45:00+02:00,87.19161531441631,78.66
2025-10-16 12:00:00+02:00,92.40562465298824,89.01
2025-10-16 12:15:00+02:00,84.98179783051093,82.76
2025-10-16 12:30:00+02:00,82.57571262099333,83.44
2025-10-16 12:45:00+02:00,78.74407834608928,78.4
2025-10-16 13:00:00+02:00,92.70382651420805,84.28
2025-10-16 13:15:00+02:00,90.95764019960426,82.54
2025-10-16 13:30:00+02:00,85.77020278404919,80.68
2025-10-16 13:45:00+02:00,72.46405748237575,78.4
2025-10-16 14:00:00+02:00,81.94049350550422,76.96
2025-10-16 14:15:00+02:00,88.86439791614185,79.25
2025-10-16 14:30:00+02:00,100.0712462760354,81.56
2025-10-16 14:45:00+02:00,114.28858448098543,94.15
2025-10-16 15:00:00+02:00,80.27744683526697,72.1
2025-10-16 15:15:00+02:00,85.88256165567111,82.42
2025-10-16 15:30:00+02:00,91.9170512054449,85.09
2025-10-16 15:45:00+02:00,106.38855313696223,92.5
2025-10-16 16:00:00+02:00,85.75236861694144,68.12
2025-10-16 16:15:00+02:00,94.90342339101355,79.48
2025-10-16 16:30:00+02:00,109.06918655832985,92.41
2025-10-16 16:45:00+02:00,125.753060779875,116.1
2025-10-16 17:00:00+02:00,97.41632756230136,78.4
2025-10-16 17:15:00+02:00,114.36135757948621,116.06
2025-10-16 17:30:00+02:00,130.80554622437296,132.51
2025-10-16 17:45:00+02:00,153.63233370768512,156.69
2025-10-16 18:00:00+02:00,135.04078084031727,109.6
2025-10-16 18:15:00+02:00,148.91193097919867,128.7
2025-10-16 18:30:00+02:00,164.31411951456107,135.91
2025-10-16 18:45:00+02:00,177.59998995986348,145.79
2025-10-16 19:00:00+02:00,208.32896775079533,137.23
2025-10-16 19:15:00+02:00,195.4296025413864,144.29
2025-10-16 19:30:00+02:00,174.520281134053,144.65
2025-10-16 19:45:00+02:00,157.02497400755496,136.19
2025-10-16 20:00:00+02:00,157.7438837625899,145.04
2025-10-16 20:15:00+02:00,142.51577820673697,123.38
2025-10-16 20:30:00+02:00,121.4580631511186,128.0
2025-10-16 20:45:00+02:00,111.89412055899295,105.96
2025-10-16 21:00:00+02:00,121.99435361189828,124.53
2025-10-16 21:15:00+02:00,116.69206602784897,106.18
2025-10-16 21:30:00+02:00,107.95109317824401,90.47
2025-10-16 21:45:00+02:00,100.44136506138683,87.75
2025-10-16 22:00:00+02:00,108.99267294530793,96.5
2025-10-16 22:15:00+02:00,103.22948009484502,100.23
2025-10-16 22:30:00+02:00,98.54244400169176,105.99
2025-10-16 22:45:00+02:00,91.02939609347747,96.7
2025-10-16 23:00:00+02:00,97.58515388392333,100.87
2025-10-16 23:15:00+02:00,92.72671489207994,95.47
2025-10-16 23:30:00+02:00,90.64101818985553,93.2
2025-10-16 23:45:00+02:00,85.93909787726331,83.91
2025-10-17 00:00:00+02:00,95.5438700696959,91.4
2025-10-17 00:15:00+02:00,92.37019186576889,88.11
2025-10-17 00:30:00+02:00,90.08004746158525,87.24
2025-10-17 00:45:00+02:00,85.12429982438357,85.84
2025-10-17 01:00:00+02:00,90.9994533469452,87.07
2025-10-17 01:15:00+02:00,88.96700810257933,87.52
2025-10-17 01:30:00+02:00,87.05033163314447,88.38
2025-10-17 01:45:00+02:00,83.78559708706219,90.28
2025-10-17 02:00:00+02:00,88.65106370703593,91.4
2025-10-17 02:15:00+02:00,86.2325877636232,88.2
2025-10-17 02:30:00+02:00,85.51341895594383,88.4
2025-10-17 02:45:00+02:00,84.98039963893899,88.23
2025-10-17 03:00:00+02:00,85.36561891823588,89.71
2025-10-17 03:15:00+02:00,84.66980469220175,87.83
2025-10-17 03:30:00+02:00,84.43963034330305,88.76
2025-10-17 03:45:00+02:00,82.49772236837782,87.53
2025-10-17 04:00:00+02:00,83.25486149106955,87.27
2025-10-17 04:15:00+02:00,83.43065920656473,87.46
2025-10-17 04:30:00+02:00,81.34160872912823,91.4
2025-10-17 04:45:00+02:00,83.24133763990108,96.22
2025-10-17 05:00:00+02:00,84.92235568387159,89.99
2025-10-17 05:15:00+02:00,86.48598449843323,90.13
2025-10-17 05:30:00+02:00,91.50140781661084,98.27
2025-10-17 05:45:00+02:00,97.3538056520592,99.65
2025-10-17 06:00:00+02:00,102.00150157081404,85.77
2025-10-17 06:15:00+02:00,111.08071997197767,95.93
2025-10-17 06:30:00+02:00,116.21796217289662,119.3
2025-10-17 06:45:00+02:00,122.21333042701863,130.64
2025-10-17 07:00:00+02:00,135.7190401879332,119.57
2025-10-17 07:15:00+02:00,141.5941984104507,117.78
2025-10-17 07:30:00+02:00,146.96214988465908,133.01
2025-10-17 07:45:00+02:00,149.87151496714284,147.58
2025-10-17 08:00:00+02:00,153.75470489338312,158.82
2025-10-17 08:15:00+02:00,143.44257977456567,159.99
2025-10-17 08:30:00+02:00,140.91897203207145,140.81
2025-10-17 08:45:00+02:00,126.16792507208088,119.72
2025-10-17 09:00:00+02:00,151.0688153481534,161.02
2025-10-17 09:15:00+02:00,127.8220873588881,133.0
2025-10-17 09:30:00+02:00,109.31666282356163,120.0
2025-10-17 09:45:00+02:00,99.0933056268887,102.06
2025-10-17 10:00:00+02:00,118.88170867524829,129.09
2025-10-17 10:15:00+02:00,95.49496945082427,123.62
2025-10-17 10:30:00+02:00,89.42584315075996,112.61
2025-10-17 10:45:00+02:00,85.16571779338679,103.4
2025-10-17 11:00:00+02:00,102.17525135749153,115.0
2025-10-17 11:15:00+02:00,93.72073606872652,103.56
2025-10-17 11:30:00+02:00,86.0201282066767,91.85
2025-10-17 11:45:00+02:00,79.93800619064126,85.74
2025-10-17 12:00:00+02:00,80.65783684638637,93.83
2025-10-17 12:15:00+02:00,80.63326836728481,87.92
2025-10-17 12:30:00+02:00,78.1347274066467,86.74
2025-10-17 12:45:00+02:00,76.09855254487888,84.07
2025-10-17 13:00:00+02:00,74.96401332936392,88.4
2025-10-17 13:15:00+02:00,78.33691278737791,87.41
2025-10-17 13:30:00+02:00,75.7414766482041,87.4
2025-10-17 13:45:00+02:00,75.64473595455785,83.66
2025-10-17 14:00:00+02:00,69.2175729361706,82.73
2025-10-17 14:15:00+02:00,74.4024854456663,87.09
2025-10-17 14:30:00+02:00,77.27283376285462,89.68
2025-10-17 14:45:00+02:00,88.86111617917359,91.72
2025-10-17 15:00:00+02:00,72.48811361220284,83.9
2025-10-17 15:15:00+02:00,81.18630856020215,87.4
2025-10-17 15:30:00+02:00,90.48044131433375,91.1
2025-10-17 15:45:00+02:00,103.61591826172227,92.17
2025-10-17 16:00:00+02:00,84.04034715487435,84.05
2025-10-17 16:15:00+02:00,91.10821602024988,87.32
2025-10-17 16:30:00+02:00,98.91488589489083,93.76
2025-10-17 16:45:00+02:00,116.5291332437702,114.87
2025-10-17 17:00:00+02:00,92.8095913267662,88.25
2025-10-17 17:15:00+02:00,116.95105511063224,108.23
2025-10-17 17:30:00+02:00,130.16893435630342,122.14
2025-10-17 17:45:00+02:00,168.3395811150423,150.05
2025-10-17 18:00:00+02:00,133.42523009912722,126.4
2025-10-17 18:15:00+02:00,135.85010505421036,129.32
2025-10-17 18:30:00+02:00,139.40360943311578,125.33
2025-10-17 18:45:00+02:00,152.55332094067688,136.19
2025-10-17 19:00:00+02:00,171.27927809106436,127.86
2025-10-17 19:15:00+02:00,169.89931639700546,129.54
2025-10-17 19:30:00+02:00,163.05610504292738,136.45
2025-10-17 19:45:00+02:00,148.95887082069456,128.91
2025-10-17 20:00:00+02:00,155.42779447977168,131.43
2025-10-17 20:15:00+02:00,143.4872882136263,111.15
2025-10-17 20:30:00+02:00,134.65110890432666,119.44
2025-10-17 20:45:00+02:00,124.46334752383824,105.93
2025-10-17 21:00:00+02:00,128.5295640045794,114.7
2025-10-17 21:15:00+02:00,113.73478594463391,101.44
2025-10-17 21:30:00+02:00,111.31148244985548,101.45
2025-10-17 21:45:00+02:00,107.43825102548007,98.63
2025-10-17 22:00:00+02:00,110.32468528135003,108.12
2025-10-17 22:15:00+02:00,109.25773763200918,102.81
2025-10-17 22:30:00+02:00,107.68042661956022,101.98
2025-10-17 22:45:00+02:00,100.52974137705216,95.82
2025-10-17 23:00:00+02:00,105.48238027768438,105.45
2025-10-17 23:15:00+02:00,98.97293820396791,95.3
2025-10-17 23:30:00+02:00,97.35324050640016,87.85
2025-10-17 23:45:00+02:00,94.17489839853138,81.39
2025-10-18 00:00:00+02:00,104.92049526525325,93.61
2025-10-18 00:15:00+02:00,96.96331329986985,103.62
2025-10-18 00:30:00+02:00,89.55847940421307,93.4
2025-10-18 00:45:00+02:00,85.6002943432033,87.83
2025-10-18 01:00:00+02:00,96.27467021361971,96.35
2025-10-18 01:15:00+02:00,90.81620696531009,89.71
2025-10-18 01:30:00+02:00,88.61603599916494,86.82
2025-10-18 01:45:00+02:00,87.97372816161354,86.56
2025-10-18 02:00:00+02:00,94.72773338571335,97.2
2025-10-18 02:15:00+02:00,88.77130431864182,89.8
2025-10-18 02:30:00+02:00,87.60359096506244,86.87
2025-10-18 02:45:00+02:00,87.46058296300475,85.38
2025-10-18 03:00:00+02:00,89.8287676904126,86.51
2025-10-18 03:15:00+02:00,90.04010439643832,86.83
2025-10-18 03:30:00+02:00,89.84945870685425,89.62
2025-10-18 03:45:00+02:00,89.98728321374674,90.38
2025-10-18 04:00:00+02:00,91.08648536883989,85.41
2025-10-18 04:15:00+02:00,90.3965738529293,86.07
2025-10-18 04:30:00+02:00,96.12003490154365,89.29
2025-10-18 04:45:00+02:00,100.72770173259825,92.63
2025-10-18 05:00:00+02:00,88.87292387632489,82.36
2025-10-18 05:15:00+02:00,90.43080265634838,85.06
2025-10-18 05:30:00+02:00,95.5371896767025,93.41
2025-10-18 05:45:00+02:00,104.5947133399077,92.43
2025-10-18 06:00:00+02:00,95.82887861980086,80.22
2025-10-18 06:15:00+02:00,105.26234262487037,85.4
2025-10-18 06:30:00+02:00,108.39346575637934,95.7
2025-10-18 06:45:00+02:00,118.25027594316082,106.5
2025-10-18 07:00:00+02:00,120.03931437524342,93.19
2025-10-18 07:15:00+02:00,127.27841516269073,108.74
2025-10-18 07:30:00+02:00,130.11558468931108,115.87
2025-10-18 07:45:00+02:00,124.96965000186017,120.09
2025-10-18 08:00:00+02:00,160.8638381337115,121.19
2025-10-18 08:15:00+02:00,139.14593894188178,117.52
2025-10-18 08:30:00+02:00,111.98895656090673,116.5
2025-10-18 08:45:00+02:00,102.21969390262484,102.97
2025-10-18 09:00:00+02:00,136.19675031835345,124.99
2025-10-18 09:15:00+02:00,105.1130451687587,115.67
2025-10-18 09:30:00+02:00,95.5852546673648,92.87
2025-10-18 09:45:00+02:00,85.92577467033207,75.44
2025-10-18 10:00:00+02:00,110.74971845587014,114.91
2025-10-18 10:15:00+02:00,82.98777213626177,91.69
2025-10-18 10:30:00+02:00,75.36090656754067,82.88
2025-10-18 10:45:00+02:00,70.82109217587269,76.39
2025-10-18 11:00:00+02:00,95.28659936353473,87.99
2025-10-18 11:15:00+02:00,81.44040733927424,82.61
2025-10-18 11:30:00+02:00,72.08351326441678,79.79
2025-10-18 11:45:00+02:00,73.36139935805038,72.76
2025-10-18 12:00:00+02:00,64.62235753648207,78.44
2025-10-18 12:15:00+02:00,63.5298538388998,75.85
2025-10-18 12:30:00+02:00,58.843584830210034,73.78
2025-10-18 12:45:00+02:00,53.21102859623224,67.69
2025-10-18 13:00:00+02:00,53.51894548906975,68.67
2025-10-18 13:15:00+02:00,48.40615360279424,65.6
2025-10-18 13:30:00+02:00,43.92106153001808,67.53
2025-10-18 13:45:00+02:00,40.790635707439925,68.33
2025-10-18 14:00:00+02:00,45.51739395023499,64.41
2025-10-18 14:15:00+02:00,60.71431652271706,70.4
2025-10-18 14:30:00+02:00,60.862207420879294,75.14
2025-10-18 14:45:00+02:00,65.70837021262713,79.24
2025-10-18 15:00:00+02:00,65.73979860096694,71.22
2025-10-18 15:15:00+02:00,73.31115518524653,78.41
2025-10-18 15:30:00+02:00,89.39030868495944,86.27
2025-10-18 15:45:00+02:00,98.96265552469677,98.1
2025-10-18 16:00:00+02:00,71.2562872757772,66.9
2025-10-18 16:15:00+02:00,73.37741702069894,84.65
2025-10-18 16:30:00+02:00,80.61930933643627,106.15
2025-10-18 16:45:00+02:00,93.75800822241214,128.5
2025-10-18 17:00:00+02:00,92.90714236599115,87.28
2025-10-18 17:15:00+02:00,100.25796971329021,110.94
2025-10-18 17:30:00+02:00,114.67378242768552,122.23
2025-10-18 17:45:00+02:00,151.35553944969845,162.11
2025-10-18 18:00:00+02:00,132.85489557438441,126.18
2025-10-18 18:15:00+02:00,140.6851809168762,132.02
2025-10-18 18:30:00+02:00,149.4545165738775,138.52
2025-10-18 18:45:00+02:00,155.94449033875708,136.22
2025-10-18 19:00:00+02:00,191.28184489761773,138.39
2025-10-18 19:15:00+02:00,186.93955092314454,127.22
2025-10-18 19:30:00+02:00,176.5356700677247,118.06
2025-10-18 19:45:00+02:00,148.34379207449948,115.62
2025-10-18 20:00:00+02:00,147.9512082117473,133.0
2025-10-18 20:15:00+02:00,139.7781276665186,115.38
2025-10-18 20:30:00+02:00,129.85548582026752,105.98
2025-10-18 20:45:00+02:00,115.77227113117526,97.62
2025-10-18 21:00:00+02:00,115.35433539415637,99.16
2025-10-18 21:15:00+02:00,113.30010539560759,97.02
2025-10-18 21:30:00+02:00,108.93634004240897,89.14
2025-10-18 21:45:00+02:00,105.55337971896881,84.89
2025-10-18 22:00:00+02:00,100.89050034160338,104.16
2025-10-18 22:15:00+02:00,100.92258335183837,95.86
2025-10-18 22:30:00+02:00,101.12821947950415,96.88
2025-10-18 22:45:00+02:00,96.25848181951498,85.41
2025-10-18 23:00:00+02:00,90.72867201719143,105.87
2025-10-18 23:15:00+02:00,89.24268922921809,96.35
2025-10-18 23:30:00+02:00,88.04464948703952,89.31
2025-10-18 23:45:00+02:00,86.16532329156685,85.89
2025-10-19 00:00:00+02:00,95.18493162748476,103.22
2025-10-19 00:15:00+02:00,93.48391768113729,92.0
2025-10-19 00:30:00+02:00,88.57792155695093,87.58
2025-10-19 00:45:00+02:00,84.42355573197189,86.57
2025-10-19 01:00:00+02:00,89.98452524403508,95.65
2025-10-19 01:15:00+02:00,86.55468084622201,89.43
2025-10-19 01:30:00+02:00,83.36790925612533,84.92
2025-10-19 01:45:00+02:00,82.06176743724441,80.34
2025-10-19 02:00:00+02:00,86.03605783803745,86.43
2025-10-19 02:15:00+02:00,81.316742124397,81.5
2025-10-19 02:30:00+02:00,81.5172984669095,81.72
2025-10-19 02:45:00+02:00,81.32581132617268,79.52
2025-10-19 03:00:00+02:00,78.20899090828011,83.07
2025-10-19 03:15:00+02:00,80.85766061520913,80.58
2025-10-19 03:30:00+02:00,81.86096784433074,81.52
2025-10-19 03:45:00+02:00,80.99585021774458,83.39
2025-10-19 04:00:00+02:00,78.71037044323944,83.59
2025-10-19 04:15:00+02:00,79.82976004496689,82.35
2025-10-19 04:30:00+02:00,82.7846012138752,84.09
2025-10-19 04:45:00+02:00,85.66803559378934,82.82
2025-10-19 05:00:00+02:00,81.33525896725324,82.37
2025-10-19 05:15:00+02:00,81.50352868697287,81.29
2025-10-19 05:30:00+02:00,85.00642999833822,85.62
2025-10-19 05:45:00+02:00,84.3742643458721,84.71
2025-10-19 06:00:00+02:00,85.81528356634553,82.5
2025-10-19 06:15:00+02:00,88.21250717170724,82.34
2025-10-19 06:30:00+02:00,93.7806789742407,85.14
2025-10-19 06:45:00+02:00,87.57935441219044,91.02
2025-10-19 07:00:00+02:00,85.758396411279,85.55
2025-10-19 07:15:00+02:00,92.23497066799155,87.77
2025-10-19 07:30:00+02:00,90.4279485075695,83.49
2025-10-19 07:45:00+02:00,92.05219085794059,84.21
2025-10-19 08:00:00+02:00,96.52954851996274,98.73
2025-10-19 08:15:00+02:00,100.10089294182995,95.56
2025-10-19 08:30:00+02:00,88.78046685561193,81.87
2025-10-19 08:45:00+02:00,82.3844197078226,72.47
2025-10-19 09:00:00+02:00,105.62578863634967,96.86
2025-10-19 09:15:00+02:00,95.84836544203193,82.82
2025-10-19 09:30:00+02:00,75.77148140657958,74.43
2025-10-19 09:45:00+02:00,61.49503670282146,59.62
2025-10-19 10:00:00+02:00,90.92338544315571,81.51
2025-10-19 10:15:00+02:00,72.34539686128502,69.96
2025-10-19 10:30:00+02:00,60.0971777288799,67.72
2025-10-19 10:45:00+02:00,51.67828655137064,59.36
2025-10-19 11:00:00+02:00,35.85632476627901,74.05
2025-10-19 11:15:00+02:00,29.297553217293824,66.2
2025-10-19 11:30:00+02:00,35.96281437499269,60.03
2025-10-19 11:45:00+02:00,32.13238462955091,40.92
2025-10-19 12:00:00+02:00,23.79027117375894,54.36
2025-10-19 12:15:00+02:00,15.821992723484215,40.05
2025-10-19 12:30:00+02:00,14.242213392342649,28.0
2025-10-19 12:45:00+02:00,9.776564487958574,15.86
2025-10-19 13:00:00+02:00,24.30551738867662,24.08
2025-10-19 13:15:00+02:00,22.379233969441433,21.25
2025-10-19 13:30:00+02:00,20.695082377248806,19.78
2025-10-19 13:45:00+02:00,19.014788922291302,16.07
2025-10-19 14:00:00+02:00,7.411172255221494,11.68
2025-10-19 14:15:00+02:00,17.907757940907377,22.67
2025-10-19 14:30:00+02:00,24.60357842166308,44.71
2025-10-19 14:45:00+02:00,39.59597355946817,65.81
2025-10-19 15:00:00+02:00,35.380791552643586,40.06
2025-10-19 15:15:00+02:00,42.85012686101574,68.89
2025-10-19 15:30:00+02:00,54.2173138835734,73.1
2025-10-19 15:45:00+02:00,60.27982946431149,85.04
2025-10-19 16:00:00+02:00,36.54744526287031,59.06
2025-10-19 16:15:00+02:00,44.09538483286111,79.39
2025-10-19 16:30:00+02:00,60.993334917520144,100.59
2025-10-19 16:45:00+02:00,76.61113957254516,120.68
2025-10-19 17:00:00+02:00,72.46975575537067,86.07
2025-10-19 17:15:00+02:00,83.52489145344205,100.01
2025-10-19 17:30:00+02:00,88.35026801292065,113.61
2025-10-19 17:45:00+02:00,111.23419366503285,124.6
2025-10-19 18:00:00+02:00,105.72890386945926,121.05
2025-10-19 18:15:00+02:00,103.66808289792269,118.14
2025-10-19 18:30:00+02:00,100.91667163500505,99.57
2025-10-19 18:45:00+02:00,107.63713578643446,91.99
2025-10-19 19:00:00+02:00,110.33263702032167,102.07
2025-10-19 19:15:00+02:00,102.54059034326559,87.49
2025-10-19 19:30:00+02:00,94.25677366737256,83.0
2025-10-19 19:45:00+02:00,78.75480028514858,69.92
2025-10-19 20:00:00+02:00,108.27705762692005,87.08
2025-10-19 20:15:00+02:00,96.62849750236406,72.06
2025-10-19 20:30:00+02:00,89.65417258685038,73.99
2025-10-19 20:45:00+02:00,83.83357702671003,68.88
2025-10-19 21:00:00+02:00,98.05500899320995,86.81
2025-10-19 21:15:00+02:00,92.81287207646639,71.66
2025-10-19 21:30:00+02:00,87.64256671704962,69.48
2025-10-19 21:45:00+02:00,84.73133339130932,64.65
2025-10-19 22:00:00+02:00,89.23978062882583,95.0
2025-10-19 22:15:00+02:00,88.94761606624155,77.96
2025-10-19 22:30:00+02:00,90.22409376789972,68.75
2025-10-19 22:45:00+02:00,84.70614628060866,57.26
2025-10-19 23:00:00+02:00,81.58757975497684,71.43
2025-10-19 23:15:00+02:00,76.74855773156226,58.78
2025-10-19 23:30:00+02:00,73.59726847978595,59.53
2025-10-19 23:45:00+02:00,72.13073548076086,53.68
2025-10-20 00:00:00+02:00,72.99697822658536,82.95
2025-10-20 00:15:00+02:00,69.20041309108653,69.03
2025-10-20 00:30:00+02:00,65.86940714634729,70.04
2025-10-20 00:45:00+02:00,62.7098445799341,58.13
2025-10-20 01:00:00+02:00,68.918057487866,70.3
2025-10-20 01:15:00+02:00,69.78757068391243,66.48
2025-10-20 01:30:00+02:00,65.84497239200272,60.52
2025-10-20 01:45:00+02:00,62.557947041272726,58.6
2025-10-20 02:00:00+02:00,66.73225632828357,66.31
2025-10-20 02:15:00+02:00,65.64334801771771,60.07
2025-10-20 02:30:00+02:00,65.82247049417097,59.89
2025-10-20 02:45:00+02:00,64.35352635687727,57.65
2025-10-20 03:00:00+02:00,56.79785603880508,61.87
2025-10-20 03:15:00+02:00,61.08314499956364,59.37
2025-10-20 03:30:00+02:00,62.74517757780072,58.65
2025-10-20 03:45:00+02:00,58.77232586152347,60.12
2025-10-20 04:00:00+02:00,61.596832129354965,55.86
2025-10-20 04:15:00+02:00,59.709841963416224,58.61
2025-10-20 04:30:00+02:00,64.48904233331766,59.02
2025-10-20 04:45:00+02:00,62.76365524698549,68.92
2025-10-20 05:00:00+02:00,66.19999265461662,57.19
2025-10-20 05:15:00+02:00,68.68307428539681,75.29
2025-10-20 05:30:00+02:00,73.27764847649519,80.53
2025-10-20 05:45:00+02:00,76.92121302690082,86.23
2025-10-20 06:00:00+02:00,77.02230166786391,55.14
2025-10-20 06:15:00+02:00,95.41927651196734,86.43
2025-10-20 06:30:00+02:00,99.2688990748607,88.68
2025-10-20 06:45:00+02:00,103.82152441960756,74.76
2025-10-20 07:00:00+02:00,94.89305444657089,79.96
2025-10-20 07:15:00+02:00,121.36892787295301,85.34
2025-10-20 07:30:00+02:00,127.90986275643222,94.69
2025-10-20 07:45:00+02:00,130.14031333828234,107.48
2025-10-20 08:00:00+02:00,132.7773019602245,150.53
2025-10-20 08:15:00+02:00,169.1007583074639,138.82
2025-10-20 08:30:00+02:00,118.51324398068523,115.82
2025-10-20 08:45:00+02:00,101.96275290394723,95.22
2025-10-20 09:00:00+02:00,130.8665387083073,117.97
2025-10-20 09:15:00+02:00,120.14546795376708,101.76
2025-10-20 09:30:00+02:00,97.94329193401092,78.04
2025-10-20 09:45:00+02:00,82.59332540374983,70.97
2025-10-20 10:00:00+02:00,106.00806315464158,86.4
2025-10-20 10:15:00+02:00,94.83991086962989,77.35
2025-10-20 10:30:00+02:00,82.15168146903054,66.47
2025-10-20 10:45:00+02:00,74.78951482491094,62.38
2025-10-20 11:00:00+02:00,92.17518059586011,77.19
2025-10-20 11:15:00+02:00,77.02067470264996,70.31
2025-10-20 11:30:00+02:00,65.73108360717734,69.92
2025-10-20 11:45:00+02:00,57.31068849583541,62.32
2025-10-20 12:00:00+02:00,74.62218288865613,62.63
2025-10-20 12:15:00+02:00,79.55388079413548,60.09
2025-10-20 12:30:00+02:00,63.66910502575436,57.95
2025-10-20 12:45:00+02:00,56.299836180914106,60.48
2025-10-20 13:00:00+02:00,70.62076320647176,60.18
2025-10-20 13:15:00+02:00,69.34055807378813,61.91
2025-10-20 13:30:00+02:00,74.85713906972435,68.66
2025-10-20 13:45:00+02:00,68.48911533919336,70.34
2025-10-20 14:00:00+02:00,62.83201009045359,65.71
2025-10-20 14:15:00+02:00,72.83089996428018,72.04
2025-10-20 14:30:00+02:00,68.62602150209091,75.68
2025-10-20 14:45:00+02:00,95.00194988621985,90.91
2025-10-20 15:00:00+02:00,65.27041378632441,74.77
2025-10-20 15:15:00+02:00,75.97736580193238,85.39
2025-10-20 15:30:00+02:00,77.66844046925534,106.98
2025-10-20 15:45:00+02:00,85.31760512598336,121.42
2025-10-20 16:00:00+02:00,78.61780035381604,86.63
2025-10-20 16:15:00+02:00,83.76554204730199,105.01
2025-10-20 16:30:00+02:00,104.94452967206792,130.11
2025-10-20 16:45:00+02:00,131.1711202847264,156.29
2025-10-20 17:00:00+02:00,90.0015486497817,108.95
2025-10-20 17:15:00+02:00,114.70388394034933,130.19
2025-10-20 17:30:00+02:00,134.3198790575656,138.29
2025-10-20 17:45:00+02:00,154.37449383660405,147.06
2025-10-20 18:00:00+02:00,123.69601426735444,130.04
2025-10-20 18:15:00+02:00,138.66547333723105,130.48
2025-10-20 18:30:00+02:00,139.3538062720474,128.39
2025-10-20 18:45:00+02:00,142.84985910634128,111.45
2025-10-20 19:00:00+02:00,169.13972898867368,127.0
2025-10-20 19:15:00+02:00,167.0575900230686,105.96
2025-10-20 19:30:00+02:00,160.19103548464324,94.84
2025-10-20 19:45:00+02:00,151.54255289978653,84.2
2025-10-20 20:00:00+02:00,139.37500091844512,105.09
2025-10-20 20:15:00+02:00,127.16699812002815,80.51
2025-10-20 20:30:00+02:00,119.32533140939813,72.23
2025-10-20 20:45:00+02:00,110.58541912915629,71.33
2025-10-20 21:00:00+02:00,107.1336895186543,86.28
2025-10-20 21:15:00+02:00,101.22916178581403,95.07
2025-10-20 21:30:00+02:00,93.4438450965549,69.32
2025-10-20 21:45:00+02:00,85.42980915197188,54.34
2025-10-20 22:00:00+02:00,93.21787084103657,86.37
2025-10-20 22:15:00+02:00,87.95425983187907,72.68
2025-10-20 22:30:00+02:00,86.2901545441154,62.62
2025-10-20 22:45:00+02:00,79.23994435563972,51.84
2025-10-20 23:00:00+02:00,76.20276152714072,53.35
2025-10-20 23:15:00+02:00,67.39583714499499,56.81
2025-10-20 23:30:00+02:00,67.22730741558252,54.2
2025-10-20 23:45:00+02:00,67.89352809204743,39.64
2025-10-21 00:00:00+02:00,68.71657785417226,80.9
2025-10-21 00:15:00+02:00,64.8546323705948,65.7
2025-10-21 00:30:00+02:00,61.24184256596727,53.65
2025-10-21 00:45:00+02:00,53.82536350420528,45.67
2025-10-21 01:00:00+02:00,61.478927161255996,55.53
2025-10-21 01:15:00+02:00,58.46202596487392,49.85
2025-10-21 01:30:00+02:00,54.33567842105522,42.57
2025-10-21 01:45:00+02:00,50.36396314212537,27.38
2025-10-21 02:00:00+02:00,55.1092517762025,46.5
2025-10-21 02:15:00+02:00,52.04307516771172,34.76
2025-10-21 02:30:00+02:00,51.65021443586616,31.05
2025-10-21 02:45:00+02:00,50.02150006157126,19.98
2025-10-21 03:00:00+02:00,47.02580506719581,32.18
2025-10-21 03:15:00+02:00,47.24969384759732,22.4
2025-10-21 03:30:00+02:00,47.1624704364185,17.5
2025-10-21 03:45:00+02:00,46.706274155291005,17.03
2025-10-21 04:00:00+02:00,48.96438687651933,20.27
2025-10-21 04:15:00+02:00,46.26025173226888,20.96
2025-10-21 04:30:00+02:00,50.5355974220403,30.62
2025-10-21 04:45:00+02:00,55.32085061073627,31.8
2025-10-21 05:00:00+02:00,54.93609625966445,26.05
2025-10-21 05:15:00+02:00,59.352716638000274,46.22
2025-10-21 05:30:00+02:00,64.00065987185951,52.87
2025-10-21 05:45:00+02:00,65.97819949297573,64.7
2025-10-21 06:00:00+02:00,69.38678715802628,39.86
2025-10-21 06:15:00+02:00,88.21667066656875,77.51
2025-10-21 06:30:00+02:00,93.73662682388846,91.01
2025-10-21 06:45:00+02:00,98.52905384248574,92.0
2025-10-21 07:00:00+02:00,91.48490959923211,70.28
2025-10-21 07:15:00+02:00,96.39222412909541,95.0
2025-10-21 07:30:00+02:00,112.55900706581284,100.04
2025-10-21 07:45:00+02:00,116.58193881648414,87.17
2025-10-21 08:00:00+02:00,156.77954138819135,89.07
2025-10-21 08:15:00+02:00,151.50676061258147,91.4
2025-10-21 08:30:00+02:00,109.20272810489064,94.85
2025-10-21 08:45:00+02:00,97.49752929055956,91.01
2025-10-21 09:00:00+02:00,132.35707725657034,101.03
2025-10-21 09:15:00+02:00,111.56783486430395,86.22
2025-10-21 09:30:00+02:00,86.27325438541436,82.21
2025-10-21 09:45:00+02:00,73.01000180457359,69.41
2025-10-21 10:00:00+02:00,87.33324062541804,92.0
2025-10-21 10:15:00+02:00,83.76501766179686,84.06
2025-10-21 10:30:00+02:00,71.45590687510092,66.35
2025-10-21 10:45:00+02:00,64.46642270400912,54.67
2025-10-21 11:00:00+02:00,70.21690360523927,85.0
2025-10-21 11:15:00+02:00,65.44394648268984,72.91
2025-10-21 11:30:00+02:00,62.45718684865368,58.4
2025-10-21 11:45:00+02:00,54.526419838647264,44.14
2025-10-21 12:00:00+02:00,56.140428506114034,57.65
2025-10-21 12:15:00+02:00,52.65889990454923,52.32
2025-10-21 12:30:00+02:00,51.56719197591479,49.83
2025-10-21 12:45:00+02:00,48.02266323179921,30.02
2025-10-21 13:00:00+02:00,48.52879186316923,44.22
2025-10-21 13:15:00+02:00,47.197280703273094,36.31
2025-10-21 13:30:00+02:00,49.76959811886623,25.21
2025-10-21 13:45:00+02:00,48.66022794106207,20.59
2025-10-21 14:00:00+02:00,44.65019670730204,16.49
2025-10-21 14:15:00+02:00,51.308898349225245,28.18
2025-10-21 14:30:00+02:00,52.901040216762624,35.48
2025-10-21 14:45:00+02:00,60.785439391114444,52.09
2025-10-21 15:00:00+02:00,52.83747764102988,23.39
2025-10-21 15:15:00+02:00,58.97124552392525,47.69
2025-10-21 15:30:00+02:00,69.1331111817914,78.83
2025-10-21 15:45:00+02:00,89.53874753123259,91.01
2025-10-21 16:00:00+02:00,66.4762017606902,35.44
2025-10-21 16:15:00+02:00,71.33513531150678,53.42
2025-10-21 16:30:00+02:00,92.59927184681293,85.69
2025-10-21 16:45:00+02:00,106.64662647771073,98.26
2025-10-21 17:00:00+02:00,80.08475575517048,51.97
2025-10-21 17:15:00+02:00,94.93603171496599,90.22
2025-10-21 17:30:00+02:00,109.13342548048598,120.26
2025-10-21 17:45:00+02:00,125.47493211839732,137.55
2025-10-21 18:00:00+02:00,112.39062819909881,87.11
2025-10-21 18:15:00+02:00,117.05805609124637,112.75
2025-10-21 18:30:00+02:00,122.48891212882707,144.12
2025-10-21 18:45:00+02:00,116.8995842965556,143.22
2025-10-21 19:00:00+02:00,144.95853399953404,122.3
2025-10-21 19:15:00+02:00,149.05947345751906,128.35
2025-10-21 19:30:00+02:00,146.96238297237815,111.32
2025-10-21 19:45:00+02:00,141.94913717268628,99.57
2025-10-21 20:00:00+02:00,133.63906230449825,114.37
2025-10-21 20:15:00+02:00,122.59680572178024,101.75
2025-10-21 20:30:00+02:00,114.11865189773286,95.0
2025-10-21 20:45:00+02:00,102.45917301270072,87.57
2025-10-21 21:00:00+02:00,106.01859625823865,88.73
2025-10-21 21:15:00+02:00,101.0781742377664,79.44
2025-10-21 21:30:00+02:00,93.10490108281786,85.79
2025-10-21 21:45:00+02:00,83.16475522484848,70.26
2025-10-21 22:00:00+02:00,95.81979765067659,92.79
2025-10-21 22:15:00+02:00,87.61211172099134,82.38
2025-10-21 22:30:00+02:00,88.1144520057567,79.59
2025-10-21 22:45:00+02:00,80.52510262985243,71.96
2025-10-21 23:00:00+02:00,79.25794212015683,83.78
2025-10-21 23:15:00+02:00,77.65680818416105,76.9
2025-10-21 23:30:00+02:00,74.85765814326992,73.95
2025-10-21 23:45:00+02:00,74.48964293832113,62.69
2025-10-22 00:00:00+02:00,79.16958682294651,92.09
2025-10-22 00:15:00+02:00,74.81903436402463,91.64
2025-10-22 00:30:00+02:00,71.47593920705044,84.94
2025-10-22 00:45:00+02:00,65.85946992629046,82.68
2025-10-22 01:00:00+02:00,71.70102748729902,88.87
2025-10-22 01:15:00+02:00,67.97426965969858,88.38
2025-10-22 01:30:00+02:00,64.18554853014604,88.1
2025-10-22 01:45:00+02:00,62.566658423407496,84.62
2025-10-22 02:00:00+02:00,68.87271228787145,83.63
2025-10-22 02:15:00+02:00,64.74942190781215,83.62
2025-10-22 02:30:00+02:00,64.04286378183673,86.63
2025-10-22 02:45:00+02:00,63.26491893430676,87.74
2025-10-22 03:00:00+02:00,64.7267037111231,89.28
2025-10-22 03:15:00+02:00,65.62039456934568,90.26
2025-10-22 03:30:00+02:00,65.26395738587793,90.56
2025-10-22 03:45:00+02:00,64.54446297552857,87.29
2025-10-22 04:00:00+02:00,65.26414013626672,85.31
2025-10-22 04:15:00+02:00,65.39723650972563,87.73
2025-10-22 04:30:00+02:00,68.8648532606922,92.15
2025-10-22 04:45:00+02:00,71.18753651909415,92.82
2025-10-22 05:00:00+02:00,69.15921463128646,81.24
2025-10-22 05:15:00+02:00,75.29163763161971,86.8
2025-10-22 05:30:00+02:00,80.7118401081216,95.34
2025-10-22 05:45:00+02:00,85.8477831988361,97.32
2025-10-22 06:00:00+02:00,72.60739028367657,91.65
2025-10-22 06:15:00+02:00,96.76985071701819,96.25
2025-10-22 06:30:00+02:00,106.79306127408854,96.62
2025-10-22 06:45:00+02:00,112.69891044326616,113.05
2025-10-22 07:00:00+02:00,115.04354097687917,97.01
2025-10-22 07:15:00+02:00,131.00577608057006,100.07
2025-10-22 07:30:00+02:00,136.95079470535478,98.56
2025-10-22 07:45:00+02:00,138.41331234867374,105.09
2025-10-22 08:00:00+02:00,144.5165315055998,94.19
2025-10-22 08:15:00+02:00,135.78187653696781,123.0
2025-10-22 08:30:00+02:00,121.22022976689411,128.13
2025-10-22 08:45:00+02:00,104.6080145786586,109.71
2025-10-22 09:00:00+02:00,131.72875633501846,148.0
2025-10-22 09:15:00+02:00,109.5225626016465,138.53
2025-10-22 09:30:00+02:00,95.65642245028397,115.64
2025-10-22 09:45:00+02:00,82.96498148164417,100.7
2025-10-22 10:00:00+02:00,106.04411148320413,130.54
2025-10-22 10:15:00+02:00,90.6583683079957,105.99
2025-10-22 10:30:00+02:00,84.38261724038892,96.57
2025-10-22 10:45:00+02:00,78.13512423024167,89.81
2025-10-22 11:00:00+02:00,97.08645813742079,98.4
2025-10-22 11:15:00+02:00,83.66473426330639,94.88
2025-10-22 11:30:00+02:00,71.75056258497357,89.62
2025-10-22 11:45:00+02:00,61.747748446182044,81.96
2025-10-22 12:00:00+02:00,83.32431918152676,94.43
2025-10-22 12:15:00+02:00,80.48413579965742,83.83
2025-10-22 12:30:00+02:00,77.21954734798976,84.54
2025-10-22 12:45:00+02:00,64.11291401854409,85.6
2025-10-22 13:00:00+02:00,79.39177012407296,92.73
2025-10-22 13:15:00+02:00,75.8055682171182,87.8
2025-10-22 13:30:00+02:00,72.66848617986221,83.76
2025-10-22 13:45:00+02:00,69.18919643881422,79.71
2025-10-22 14:00:00+02:00,69.80356441002314,80.78
2025-10-22 14:15:00+02:00,79.50797642789408,92.17
2025-10-22 14:30:00+02:00,89.31625537626611,95.87
2025-10-22 14:45:00+02:00,105.59464556726162,105.02
2025-10-22 15:00:00+02:00,82.4164831397085,83.4
2025-10-22 15:15:00+02:00,91.16613765170527,98.77
2025-10-22 15:30:00+02:00,104.18684121302107,123.0
2025-10-22 15:45:00+02:00,120.1784343495856,137.45
2025-10-22 16:00:00+02:00,83.37273540513219,80.16
2025-10-22 16:15:00+02:00,94.46827216267992,108.09
2025-10-22 16:30:00+02:00,116.95204756697683,144.23
2025-10-22 16:45:00+02:00,139.03434259672224,207.52
2025-10-22 17:00:00+02:00,86.52964259993281,132.71
2025-10-22 17:15:00+02:00,113.18225448025794,161.82
2025-10-22 17:30:00+02:00,161.26042888454108,220.03
2025-10-22 17:45:00+02:00,211.10283023219648,277.65
2025-10-22 18:00:00+02:00,140.89640779687062,221.88
2025-10-22 18:15:00+02:00,166.4453117964983,270.09
2025-10-22 18:30:00+02:00,204.23981250134375,340.7
2025-10-22 18:45:00+02:00,206.21262530158546,353.26
2025-10-22 19:00:00+02:00,270.5682892242405,330.32
2025-10-22 19:15:00+02:00,264.13579457252627,305.02
2025-10-22 19:30:00+02:00,224.3121021993528,258.34
2025-10-22 19:45:00+02:00,192.05916812224268,225.36
2025-10-22 20:00:00+02:00,176.511579081992,259.2
2025-10-22 20:15:00+02:00,143.8588087350786,194.85
2025-10-22 20:30:00+02:00,132.31841302357975,150.57
2025-10-22 20:45:00+02:00,117.11302650380321,136.62
2025-10-22 21:00:00+02:00,125.83448646562846,175.97
2025-10-22 21:15:00+02:00,119.88082956545679,139.36
2025-10-22 21:30:00+02:00,99.92070965253782,117.86
2025-10-22 21:45:00+02:00,102.58415824414057,102.6
2025-10-22 22:00:00+02:00,110.17516418447826,141.33
2025-10-22 22:15:00+02:00,106.02958826947646,127.01
2025-10-22 22:30:00+02:00,103.9331382014898,113.63
2025-10-22 22:45:00+02:00,94.4853287033948,106.29
2025-10-22 23:00:00+02:00,108.81949621309113,114.5
2025-10-22 23:15:00+02:00,97.21060156729563,111.36
2025-10-22 23:30:00+02:00,93.79314319745691,107.41
2025-10-22 23:45:00+02:00,88.3970215816224,99.1
2025-10-23 00:00:00+02:00,98.23063458060048,110.17
2025-10-23 00:15:00+02:00,97.43975239629714,105.55
2025-10-23 00:30:00+02:00,93.64516466857154,97.2
2025-10-23 00:45:00+02:00,90.73794915685359,92.58
2025-10-23 01:00:00+02:00,90.60753113656341,106.1
2025-10-23 01:15:00+02:00,90.00519198460313,103.85
2025-10-23 01:30:00+02:00,86.17404586909733,94.45
2025-10-23 01:45:00+02:00,85.36593804266326,90.58
2025-10-23 02:00:00+02:00,82.33799107425607,107.08
2025-10-23 02:15:00+02:00,80.80417302668174,98.4
2025-10-23 02:30:00+02:00,83.49497481631408,89.07
2025-10-23 02:45:00+02:00,84.6380013812994,85.72
2025-10-23 03:00:00+02:00,81.77534150598942,93.18
2025-10-23 03:15:00+02:00,81.69274018850368,87.13
2025-10-23 03:30:00+02:00,81.08159607025807,74.38
2025-10-23 03:45:00+02:00,80.07558466007904,65.0
2025-10-23 04:00:00+02:00,76.3849404142551,75.27
2025-10-23 04:15:00+02:00,76.71719508963587,70.77
2025-10-23 04:30:00+02:00,78.77673639753392,69.81
2025-10-23 04:45:00+02:00,77.19263471779638,68.14
2025-10-23 05:00:00+02:00,77.46432540918889,67.31
2025-10-23 05:15:00+02:00,80.84314940914985,67.31
2025-10-23 05:30:00+02:00,82.15892768672715,67.55
2025-10-23 05:45:00+02:00,81.61701631876397,67.91
2025-10-23 06:00:00+02:00,72.09694278955064,64.54
2025-10-23 06:15:00+02:00,99.72236078442523,74.02
2025-10-23 06:30:00+02:00,106.43082330525266,72.08
2025-10-23 06:45:00+02:00,93.08451862901524,78.36
2025-10-23 07:00:00+02:00,120.5836639360417,78.97
2025-10-23 07:15:00+02:00,108.673150390594,84.38
2025-10-23 07:30:00+02:00,113.20300212833814,86.89
2025-10-23 07:45:00+02:00,115.7165537268447,78.89
2025-10-23 08:00:00+02:00,146.2168724066546,100.1
2025-10-23 08:15:00+02:00,155.48999118092414,100.01
2025-10-23 08:30:00+02:00,121.61925881838934,85.01
2025-10-23 08:45:00+02:00,112.9592487588026,74.88
2025-10-23 09:00:00+02:00,109.2605591008848,91.98
2025-10-23 09:15:00+02:00,106.23068847070228,87.53
2025-10-23 09:30:00+02:00,90.8839081608459,82.98
2025-10-23 09:45:00+02:00,92.52619783198732,69.58
2025-10-23 10:00:00+02:00,84.78857368425643,95.34
2025-10-23 10:15:00+02:00,86.7332161137761,84.9
2025-10-23 10:30:00+02:00,93.3949625664434,72.65
2025-10-23 10:45:00+02:00,76.16582628188895,65.92
2025-10-23 11:00:00+02:00,71.52884700590803,73.08
2025-10-23 11:15:00+02:00,61.80930385173686,70.28
2025-10-23 11:30:00+02:00,52.997874698724004,68.38
2025-10-23 11:45:00+02:00,50.475593100637695,66.66
2025-10-23 12:00:00+02:00,76.24274090797422,68.05
2025-10-23 12:15:00+02:00,69.73973838414594,66.12
2025-10-23 12:30:00+02:00,56.19011927939997,65.68
2025-10-23 12:45:00+02:00,41.4511718966244,64.54
2025-10-23 13:00:00+02:00,65.24510086768944,65.93
2025-10-23 13:15:00+02:00,64.5255765301897,63.99
2025-10-23 13:30:00+02:00,71.80450016287496,63.56
2025-10-23 13:45:00+02:00,68.84173832059066,62.94
2025-10-23 14:00:00+02:00,73.18450239448785,58.78
2025-10-23 14:15:00+02:00,68.17296367799955,63.02
2025-10-23 14:30:00+02:00,79.16837773490205,65.04
2025-10-23 14:45:00+02:00,104.37887590722553,67.3
2025-10-23 15:00:00+02:00,82.46718974734921,64.56
2025-10-23 15:15:00+02:00,74.508344390301,68.73
2025-10-23 15:30:00+02:00,90.53982837849131,80.7
2025-10-23 15:45:00+02:00,98.32056781433161,88.43
2025-10-23 16:00:00+02:00,67.25944233094349,70.79
2025-10-23 16:15:00+02:00,75.86155101092771,76.45
2025-10-23 16:30:00+02:00,88.38047352496963,95.0
2025-10-23 16:45:00+02:00,86.42113460917105,99.75
2025-10-23 17:00:00+02:00,72.70976222990039,79.15
2025-10-23 17:15:00+02:00,97.19932542292179,98.92
2025-10-23 17:30:00+02:00,110.88978911142921,105.94
2025-10-23 17:45:00+02:00,109.45269861780226,108.46
2025-10-23 18:00:00+02:00,95.1196445059474,106.94
2025-10-23 18:15:00+02:00,121.3239743729446,114.54
2025-10-23 18:30:00+02:00,134.29877866526073,126.89
2025-10-23 18:45:00+02:00,126.73763777577314,111.35
2025-10-23 19:00:00+02:00,109.46504800506129,129.17
2025-10-23 19:15:00+02:00,103.73321477802784,109.06
2025-10-23 19:30:00+02:00,107.38357545720532,100.95
2025-10-23 19:45:00+02:00,89.23388642669786,92.47
2025-10-23 20:00:00+02:00,63.9567022623192,97.0
2025-10-23 20:15:00+02:00,65.52110389308916,89.49
2025-10-23 20:30:00+02:00,3.1854924332992027,86.85
2025-10-23 20:45:00+02:00,-69.8424792991537,77.51
2025-10-23 21:00:00+02:00,73.04630389122266,92.31
2025-10-23 21:15:00+02:00,73.55385575862071,85.56
2025-10-23 21:30:00+02:00,51.47587640458379,79.64
2025-10-23 21:45:00+02:00,22.158052588054517,73.74
2025-10-23 22:00:00+02:00,17.00632514785451,97.98
2025-10-23 22:15:00+02:00,-61.23108930467649,76.69
2025-10-23 22:30:00+02:00,17.043046056765164,73.36
2025-10-23 22:45:00+02:00,-0.7267789876151767,62.59
2025-10-23 23:00:00+02:00,-178.91625378144977,68.34
2025-10-23 23:15:00+02:00,-34.30171792786582,61.36
2025-10-23 23:30:00+02:00,13.293066086667977,58.83
2025-10-23 23:45:00+02:00,-72.72563883124566,51.78
2025-10-24 00:00:00+02:00,52.59607694060413,15.96
2025-10-24 00:15:00+02:00,46.223310691055424,19.4
2025-10-24 00:30:00+02:00,35.24937354687721,12.93
2025-10-24 00:45:00+02:00,24.86921436461882,9.05
2025-10-24 01:00:00+02:00,47.99625553748767,13.98
2025-10-24 01:15:00+02:00,33.49037064648791,10.02
2025-10-24 01:30:00+02:00,29.93586774988946,8.99
2025-10-24 01:45:00+02:00,20.130115850705636,6.35
2025-10-24 02:00:00+02:00,21.670208266950702,10.03
2025-10-24 02:15:00+02:00,10.072948839155657,6.88
2025-10-24 02:30:00+02:00,-17.134196818046703,5.06
2025-10-24 02:45:00+02:00,-34.4366826220123,4.13
2025-10-24 03:00:00+02:00,-8.176900947622528,3.8
2025-10-24 03:15:00+02:00,-27.238398952165653,0.1
2025-10-24 03:30:00+02:00,-57.00517281293472,0.1
2025-10-24 03:45:00+02:00,-69.83810331751022,0.1
2025-10-24 04:00:00+02:00,-77.90381472784908,2.52
2025-10-24 04:15:00+02:00,-79.12343798591515,1.34
2025-10-24 04:30:00+02:00,-54.971611321271126,2.33
2025-10-24 04:45:00+02:00,-41.76677762518794,2.57
2025-10-24 05:00:00+02:00,-69.45986493003639,4.13
2025-10-24 05:15:00+02:00,-52.74233530990077,4.66
2025-10-24 05:30:00+02:00,-72.62728598779613,7.35
2025-10-24 05:45:00+02:00,-16.40145040976074,13.96
2025-10-24 06:00:00+02:00,15.22848252901737,7.31
2025-10-24 06:15:00+02:00,60.03307198479011,17.08
2025-10-24 06:30:00+02:00,51.96086472123025,28.18
2025-10-24 06:45:00+02:00,61.64607468498743,40.54
2025-10-24 07:00:00+02:00,-28.919315661962685,50.6
2025-10-24 07:15:00+02:00,22.58371254506659,58.61
2025-10-24 07:30:00+02:00,48.963629000020404,72.7
2025-10-24 07:45:00+02:00,50.52135434946324,78.03
2025-10-24 08:00:00+02:00,59.33413974623039,85.7
2025-10-24 08:15:00+02:00,51.51154930102692,88.96
2025-10-24 08:30:00+02:00,43.38831182851138,85.87
2025-10-24 08:45:00+02:00,76.41149351193627,78.95
2025-10-24 09:00:00+02:00,93.10166973847873,88.37
2025-10-24 09:15:00+02:00,75.87192351716598,81.15
2025-10-24 09:30:00+02:00,66.06021551533583,71.86
2025-10-24 09:45:00+02:00,45.93119649955629,64.81
2025-10-24 10:00:00+02:00,70.57814422356346,75.8
2025-10-24 10:15:00+02:00,61.43113941715556,63.27
2025-10-24 10:30:00+02:00,43.996627010168346,52.97
2025-10-24 10:45:00+02:00,22.427626267408257,41.17
2025-10-24 11:00:00+02:00,89.52290727323671,56.08
2025-10-24 11:15:00+02:00,71.66863661446685,44.28
2025-10-24 11:30:00+02:00,59.73825418486823,26.58
2025-10-24 11:45:00+02:00,54.37775567508739,5.06
2025-10-24 12:00:00+02:00,63.41687412172373,5.02
2025-10-24 12:15:00+02:00,51.0853385177908,0.0
2025-10-24 12:30:00+02:00,39.891106816680164,0.0
2025-10-24 12:45:00+02:00,46.56504382338358,-0.01
2025-10-24 13:00:00+02:00,36.257516308109686,0.0
2025-10-24 13:15:00+02:00,33.03596921449697,-0.01
2025-10-24 13:30:00+02:00,28.70487152976487,-0.01
2025-10-24 13:45:00+02:00,21.036655751119593,-0.02
2025-10-24 14:00:00+02:00,22.208303493507692,-0.02
2025-10-24 14:15:00+02:00,35.53042224429505,-0.01
2025-10-24 14:30:00+02:00,37.923245778667265,-0.01
2025-10-24 14:45:00+02:00,52.51347887277704,0.0
2025-10-24 15:00:00+02:00,8.225817551366255,-0.01
2025-10-24 15:15:00+02:00,33.13352432285914,0.0
2025-10-24 15:30:00+02:00,50.02485801460787,2.24
2025-10-24 15:45:00+02:00,54.057017594452205,5.01
2025-10-24 16:00:00+02:00,6.79942329893062,5.03
2025-10-24 16:15:00+02:00,25.4680978642374,26.67
2025-10-24 16:30:00+02:00,30.551478588813175,50.22
2025-10-24 16:45:00+02:00,55.80779322081646,67.36
2025-10-24 17:00:00+02:00,-36.81138303921938,49.82
2025-10-24 17:15:00+02:00,17.6739588990568,62.25
2025-10-24 17:30:00+02:00,64.9390458542036,70.18
2025-10-24 17:45:00+02:00,66.8653705793184,82.79
2025-10-24 18:00:00+02:00,40.52955970622146,68.51
2025-10-24 18:15:00+02:00,-80.06360305696214,70.88
2025-10-24 18:30:00+02:00,-59.141432238000334,78.44
2025-10-24 18:45:00+02:00,40.064746370836616,80.61
2025-10-24 19:00:00+02:00,-24.10188324471096,85.15
2025-10-24 19:15:00+02:00,-13.721472417062529,72.73
2025-10-24 19:30:00+02:00,-47.90287912891819,70.56
2025-10-24 19:45:00+02:00,-296.4510335140409,70.01
2025-10-24 20:00:00+02:00,30.762833932680138,70.01
2025-10-24 20:15:00+02:00,-24.321834118227002,62.38
2025-10-24 20:30:00+02:00,-202.3506772715128,49.01
2025-10-24 20:45:00+02:00,-154.98135131660894,46.8
2025-10-24 21:00:00+02:00,35.219325091589454,60.52
2025-10-24 21:15:00+02:00,34.51250394756657,51.5
2025-10-24 21:30:00+02:00,-51.47513195317961,36.69
2025-10-24 21:45:00+02:00,-65.71522692208919,17.32
2025-10-24 22:00:00+02:00,47.66920042763861,36.41
2025-10-24 22:15:00+02:00,18.409068129977243,28.45
2025-10-24 22:30:00+02:00,1.3174006567012952,30.82
2025-10-24 22:45:00+02:00,-54.65686177479412,20.01
2025-10-24 23:00:00+02:00,-8.291146738930323,23.19
2025-10-24 23:15:00+02:00,-33.717907391658045,7.52
2025-10-24 23:30:00+02:00,-35.593284690371505,5.27
2025-10-24 23:45:00+02:00,-47.410734550957415,3.89
2025-10-25 00:00:00+02:00,11.13605000959474,3.26
2025-10-25 00:15:00+02:00,-3.0551878703954998,4.21
2025-10-25 00:30:00+02:00,-6.249597238129908,3.84
2025-10-25 00:45:00+02:00,-12.664128023546823,2.79
2025-10-25 01:00:00+02:00,2.49760010047801,2.34
2025-10-25 01:15:00+02:00,-1.6238020554518613,2.11
2025-10-25 01:30:00+02:00,2.73454889088309,0.78
2025-10-25 01:45:00+02:00,-11.939848259494056,0.05
2025-10-25 02:00:00+02:00,6.366756451841866,2.28
2025-10-25 02:15:00+02:00,2.4383925093908516,1.32
2025-10-25 02:30:00+02:00,-4.12614209995256,0.1
2025-10-25 02:45:00+02:00,-8.89715873604861,0.0
2025-10-25 03:00:00+02:00,-2.08478737524392,0.0
2025-10-25 03:15:00+02:00,-4.151770160305105,0.0
2025-10-25 03:30:00+02:00,-9.83729366476318,0.0
2025-10-25 03:45:00+02:00,-14.515130986538196,-0.01
2025-10-25 04:00:00+02:00,-3.2728136266591434,-0.01
2025-10-25 04:15:00+02:00,-7.300033450964207,-0.01
2025-10-25 04:30:00+02:00,-2.203305790284901,0.0
2025-10-25 04:45:00+02:00,-11.803067232906344,-0.01
2025-10-25 05:00:00+02:00,-15.336447786418859,0.0
2025-10-25 05:15:00+02:00,-13.044700130730192,0.0
2025-10-25 05:30:00+02:00,-11.486172336800237,0.37
2025-10-25 05:45:00+02:00,-20.611039076901534,0.29
2025-10-25 06:00:00+02:00,-50.458390940968116,-0.01
2025-10-25 06:15:00+02:00,-42.22872821093,0.0
2025-10-25 06:30:00+02:00,-24.292708055973335,0.52
2025-10-25 06:45:00+02:00,-43.686426585420804,1.58
2025-10-25 07:00:00+02:00,-108.43167552190695,1.6
2025-10-25 07:15:00+02:00,-40.72287029138262,1.93
2025-10-25 07:30:00+02:00,-45.30585983249307,0.45
2025-10-25 07:45:00+02:00,-32.23498366536907,-0.02
2025-10-25 08:00:00+02:00,-22.296345426957643,3.87
2025-10-25 08:15:00+02:00,-9.23227210501787,3.23
2025-10-25 08:30:00+02:00,-8.456807727375491,4.24
2025-10-25 08:45:00+02:00,-43.74303319814646,4.64
2025-10-25 09:00:00+02:00,42.66686692716831,8.46
2025-10-25 09:15:00+02:00,21.937298854780096,7.32
2025-10-25 09:30:00+02:00,20.616145933233497,7.08
2025-10-25 09:45:00+02:00,-8.17388894311307,7.47
2025-10-25 10:00:00+02:00,57.92404474590366,7.79
2025-10-25 10:15:00+02:00,43.21023736740919,7.45
2025-10-25 10:30:00+02:00,8.358578553840687,6.24
2025-10-25 10:45:00+02:00,-1.7013227436170268,5.43
2025-10-25 11:00:00+02:00,41.25067827481791,5.45
2025-10-25 11:15:00+02:00,38.42462789897969,3.58
2025-10-25 11:30:00+02:00,36.89436581195148,5.05
2025-10-25 11:45:00+02:00,27.71792483726213,4.98
2025-10-25 12:00:00+02:00,-1.0497413698687552,5.03
2025-10-25 12:15:00+02:00,27.33065976522277,5.87
2025-10-25 12:30:00+02:00,21.39648066624956,7.48
2025-10-25 12:45:00+02:00,19.216759693976286,6.0
2025-10-25 13:00:00+02:00,32.93935904862471,5.09
2025-10-25 13:15:00+02:00,27.81586427019494,4.07
2025-10-25 13:30:00+02:00,26.733591873997227,3.77
2025-10-25 13:45:00+02:00,29.62301530612345,4.55
2025-10-25 14:00:00+02:00,19.697636914972396,1.62
2025-10-25 14:15:00+02:00,31.791529446972124,2.5
2025-10-25 14:30:00+02:00,36.024512028386695,5.04
2025-10-25 14:45:00+02:00,46.030399445299,6.96
2025-10-25 15:00:00+02:00,21.38275683117932,1.39
2025-10-25 15:15:00+02:00,41.32299080069134,4.96
2025-10-25 15:30:00+02:00,37.26613788959937,5.06
2025-10-25 15:45:00+02:00,58.30192706832887,4.37
2025-10-25 16:00:00+02:00,19.492858381749954,3.88
2025-10-25 16:15:00+02:00,50.29828154849526,5.05
2025-10-25 16:30:00+02:00,58.27996060172944,4.46
2025-10-25 16:45:00+02:00,69.43580405139214,8.84
2025-10-25 17:00:00+02:00,29.426007414296784,10.09
2025-10-25 17:15:00+02:00,51.27554270117642,23.77
2025-10-25 17:30:00+02:00,65.31527181870344,31.55
2025-10-25 17:45:00+02:00,74.82118654830293,35.82
2025-10-25 18:00:00+02:00,32.9779058500438,48.75
2025-10-25 18:15:00+02:00,15.805142232024465,52.25
2025-10-25 18:30:00+02:00,17.34524581359925,60.0
2025-10-25 18:45:00+02:00,21.35132284629168,60.01
2025-10-25 19:00:00+02:00,-59.8779671275131,66.19
2025-10-25 19:15:00+02:00,-42.27566151187747,64.41
2025-10-25 19:30:00+02:00,-27.679416375521072,60.0
2025-10-25 19:45:00+02:00,-26.939602314036165,54.46
2025-10-25 20:00:00+02:00,-10.107585808029427,58.09
2025-10-25 20:15:00+02:00,-5.970593489654902,39.16
2025-10-25 20:30:00+02:00,-49.594990417187205,30.87
2025-10-25 20:45:00+02:00,-25.66103930744498,7.86
2025-10-25 21:00:00+02:00,35.63368798586238,32.53
2025-10-25 21:15:00+02:00,35.000790045721345,16.06
2025-10-25 21:30:00+02:00,8.98932117904215,5.07
2025-10-25 21:45:00+02:00,-5.055424543036352,2.77
2025-10-25 22:00:00+02:00,54.69322527284258,21.83
2025-10-25 22:15:00+02:00,41.895125949206154,13.02
2025-10-25 22:30:00+02:00,32.76855653569581,17.65
2025-10-25 22:45:00+02:00,25.521203267826863,14.23
2025-10-25 23:00:00+02:00,43.82717636622912,13.2
2025-10-25 23:15:00+02:00,31.81800536911939,8.18
2025-10-25 23:30:00+02:00,35.84551712058659,7.01
2025-10-25 23:45:00+02:00,31.126798450243676,4.29
2025-10-30 00:00:00+01:00,92.49067604760681,90.0
2025-10-30 00:15:00+01:00,85.21188844678588,77.0
2025-10-30 00:30:00+01:00,80.67703178414806,72.12
2025-10-30 00:45:00+01:00,70.71267955391744,61.86
2025-10-30 01:00:00+01:00,81.3975544210751,78.78
2025-10-30 01:15:00+01:00,78.73363477185931,68.01
2025-10-30 01:30:00+01:00,76.19589591186136,68.38
2025-10-30 01:45:00+01:00,74.36697950099672,65.25
2025-10-30 02:00:00+01:00,75.0843930435614,67.45
2025-10-30 02:15:00+01:00,72.7785289904235,64.23
2025-10-30 02:30:00+01:00,73.97882600492777,66.79
2025-10-30 02:45:00+01:00,72.16708473331701,63.63
2025-10-30 03:00:00+01:00,70.94715784277105,67.07
2025-10-30 03:15:00+01:00,69.28673979210993,64.47
2025-10-30 03:30:00+01:00,61.85011564858779,59.36
2025-10-30 03:45:00+01:00,61.282017010731664,50.77
2025-10-30 04:00:00+01:00,65.11053835432752,63.06
2025-10-30 04:15:00+01:00,62.941346673379186,55.8
2025-10-30 04:30:00+01:00,66.62891168086499,54.65
2025-10-30 04:45:00+01:00,70.0018815256522,55.1
2025-10-30 05:00:00+01:00,70.60628483976251,53.17
2025-10-30 05:15:00+01:00,74.5452392884532,59.1
2025-10-30 05:30:00+01:00,77.36094716679982,61.65
2025-10-30 05:45:00+01:00,85.50751354147012,66.13
2025-10-30 06:00:00+01:00,90.79400955762547,60.6
2025-10-30 06:15:00+01:00,111.59004669428775,67.56
2025-10-30 06:30:00+01:00,112.37187566044992,72.35
2025-10-30 06:45:00+01:00,117.25460226049395,76.2
2025-10-30 07:00:00+01:00,131.9781387160581,70.39
2025-10-30 07:15:00+01:00,129.10910846246784,81.57
2025-10-30 07:30:00+01:00,132.80204991035012,85.2
2025-10-30 07:45:00+01:00,132.41794596516982,82.59
2025-10-30 08:00:00+01:00,139.32907448027953,98.84
2025-10-30 08:15:00+01:00,126.15207703718251,86.35
2025-10-30 08:30:00+01:00,128.43186479254302,88.33
2025-10-30 08:45:00+01:00,119.92954398317963,67.67
2025-10-30 09:00:00+01:00,132.82677604056312,87.82
2025-10-30 09:15:00+01:00,116.11400158249549,74.6
2025-10-30 09:30:00+01:00,105.22685830498003,58.72
2025-10-30 09:45:00+01:00,94.93757242629455,45.75
2025-10-30 10:00:00+01:00,133.02543565613598,77.57
2025-10-30 10:15:00+01:00,110.9375827832769,58.85
2025-10-30 10:30:00+01:00,92.79524771281636,30.15
2025-10-30 10:45:00+01:00,91.772555799848,5.04
2025-10-30 11:00:00+01:00,84.76213442864923,13.6
2025-10-30 11:15:00+01:00,83.36485863151115,13.39
2025-10-30 11:30:00+01:00,67.0151866593036,1.34
2025-10-30 11:45:00+01:00,46.86705042707325,0.0
2025-10-30 12:00:00+01:00,59.79725337371505,0.0
2025-10-30 12:15:00+01:00,47.211129986204725,0.0
2025-10-30 12:30:00+01:00,36.05707884446474,-0.01
2025-10-30 12:45:00+01:00,9.72884467274779,0.0
2025-10-30 13:00:00+01:00,43.68528209044804,-0.04
2025-10-30 13:15:00+01:00,40.19808498577173,-0.03
2025-10-30 13:30:00+01:00,21.078232395387293,-0.01
2025-10-30 13:45:00+01:00,19.61115444553854,0.09
2025-10-30 14:00:00+01:00,-14.843384034685208,0.1
2025-10-30 14:15:00+01:00,17.471882951671446,16.07
2025-10-30 14:30:00+01:00,37.90211017810116,47.13
2025-10-30 14:45:00+01:00,49.38293199349589,61.87
2025-10-30 15:00:00+01:00,19.706767218475356,20.18
2025-10-30 15:15:00+01:00,35.82914394646383,52.45
2025-10-30 15:30:00+01:00,73.95824933785408,88.59
2025-10-30 15:45:00+01:00,86.87015234037409,117.98
2025-10-30 16:00:00+01:00,51.302053445168475,43.76
2025-10-30 16:15:00+01:00,52.95409423767187,72.47
2025-10-30 16:30:00+01:00,73.66433491101813,97.76
2025-10-30 16:45:00+01:00,69.87670101181585,127.19
2025-10-30 17:00:00+01:00,96.60679393598916,105.58
2025-10-30 17:15:00+01:00,101.23428373636234,112.78
2025-10-30 17:30:00+01:00,113.67487549908871,121.01
2025-10-30 17:45:00+01:00,107.53938092801498,132.35
2025-10-30 18:00:00+01:00,110.97680568807401,116.29
2025-10-30 18:15:00+01:00,118.39845611704264,116.86
2025-10-30 18:30:00+01:00,124.11588675427083,118.74
2025-10-30 18:45:00+01:00,123.49806430624906,118.9
2025-10-30 19:00:00+01:00,133.78893519828756,121.27
2025-10-30 19:15:00+01:00,141.79709394289134,118.5
2025-10-30 19:30:00+01:00,150.9927917129945,118.47
2025-10-30 19:45:00+01:00,149.46247505156762,112.45
2025-10-30 20:00:00+01:00,151.03493984063047,118.31
2025-10-30 20:15:00+01:00,145.54611535919096,106.71
2025-10-30 20:30:00+01:00,130.81093205830769,105.19
2025-10-30 20:45:00+01:00,125.36673728034818,90.94
2025-10-30 21:00:00+01:00,125.2434181520673,108.04
2025-10-30 21:15:00+01:00,119.3647613417269,103.71
2025-10-30 21:30:00+01:00,111.10096429853573,97.97
2025-10-30 21:45:00+01:00,108.04352212828383,82.42
2025-10-30 22:00:00+01:00,119.73524957799009,106.91
2025-10-30 22:15:00+01:00,109.08282446556308,100.16
2025-10-30 22:30:00+01:00,103.73525078203193,100.54
2025-10-30 22:45:00+01:00,98.10460052845724,86.15
2025-10-30 23:00:00+01:00,100.77667168041387,105.03
2025-10-30 23:15:00+01:00,94.04926834841713,91.48
2025-10-30 23:30:00+01:00,92.62850744991334,79.75
2025-10-30 23:45:00+01:00,89.0502610352543,63.07
2025-10-31 00:00:00+01:00,97.81363439666754,102.81
2025-10-31 00:15:00+01:00,89.11528010460195,89.76
2025-10-31 00:30:00+01:00,84.0456046112718,81.66
2025-10-31 00:45:00+01:00,74.1721768691659,76.73
2025-10-31 01:00:00+01:00,85.5445573883998,87.49
2025-10-31 01:15:00+01:00,83.2601245606348,82.05
2025-10-31 01:30:00+01:00,81.01359892268897,74.0
2025-10-31 01:45:00+01:00,76.11873598115665,69.09
2025-10-31 02:00:00+01:00,81.58976119481422,80.93
2025-10-31 02:15:00+01:00,74.79638893426008,73.07
2025-10-31 02:30:00+01:00,74.87775881200346,73.0
2025-10-31 02:45:00+01:00,74.24081762406614,71.96
2025-10-31 03:00:00+01:00,74.97711126715862,71.05
2025-10-31 03:15:00+01:00,78.46794293934867,72.7
2025-10-31 03:30:00+01:00,79.59755915213717,78.15
2025-10-31 03:45:00+01:00,79.1251188015917,80.8
2025-10-31 04:00:00+01:00,75.90784224781139,72.26
2025-10-31 04:15:00+01:00,76.27060464106697,74.82
2025-10-31 04:30:00+01:00,82.11478189775569,87.36
2025-10-31 04:45:00+01:00,83.73907132996025,84.61
2025-10-31 05:00:00+01:00,74.83683113301099,83.15
2025-10-31 05:15:00+01:00,80.11502790475505,85.12
2025-10-31 05:30:00+01:00,90.34554510820371,98.06
2025-10-31 05:45:00+01:00,101.5822348425248,100.97
2025-10-31 06:00:00+01:00,100.53422832913091,101.23
2025-10-31 06:15:00+01:00,112.63288041424403,120.92
2025-10-31 06:30:00+01:00,123.90542195462926,129.3
2025-10-31 06:45:00+01:00,124.36014237630641,130.09
2025-10-31 07:00:00+01:00,144.84728925040793,124.3
2025-10-31 07:15:00+01:00,146.63272123768755,129.62
2025-10-31 07:30:00+01:00,141.35868010224752,117.5
2025-10-31 07:45:00+01:00,145.0649421428546,106.87
2025-10-31 08:00:00+01:00,150.87643192409453,135.99
2025-10-31 08:15:00+01:00,134.1616681608551,117.05
2025-10-31 08:30:00+01:00,129.68847320743018,98.37
2025-10-31 08:45:00+01:00,117.78594374601771,83.65
2025-10-31 09:00:00+01:00,121.61375859276873,108.21
2025-10-31 09:15:00+01:00,108.26558891604917,86.27
2025-10-31 09:30:00+01:00,105.37223381392893,71.42
2025-10-31 09:45:00+01:00,95.25125920812444,66.15
2025-10-31 10:00:00+01:00,95.21268117040333,79.45
2025-10-31 10:15:00+01:00,89.57169878184651,76.26
2025-10-31 10:30:00+01:00,77.89288845937051,75.02
2025-10-31 10:45:00+01:00,74.33548253296318,71.95
2025-10-31 11:00:00+01:00,62.73945278277766,75.08
2025-10-31 11:15:00+01:00,63.54551772059886,73.87
2025-10-31 11:30:00+01:00,53.718437160350646,73.0
2025-10-31 11:45:00+01:00,48.42970906823486,74.4
2025-10-31 12:00:00+01:00,57.81428602478706,71.47
2025-10-31 12:15:00+01:00,49.940937071996274,71.89
2025-10-31 12:30:00+01:00,35.30271976134258,78.92
2025-10-31 12:45:00+01:00,43.37253831239282,81.68
2025-10-31 13:00:00+01:00,52.107386268500605,75.2
2025-10-31 13:15:00+01:00,51.171219005207796,79.99
2025-10-31 13:30:00+01:00,48.94449684231138,85.35
2025-10-31 13:45:00+01:00,50.147573976418265,96.29
2025-10-31 14:00:00+01:00,46.989550340560605,79.49
2025-10-31 14:15:00+01:00,61.54396549528998,99.75
2025-10-31 14:30:00+01:00,60.18622595079416,115.58
2025-10-31 14:45:00+01:00,77.51330686445108,131.98
2025-10-31 15:00:00+01:00,63.99861340729996,107.25
2025-10-31 15:15:00+01:00,83.57142233502397,123.17
2025-10-31 15:30:00+01:00,104.33240373984273,138.94
2025-10-31 15:45:00+01:00,109.89377655694861,138.95
2025-10-31 16:00:00+01:00,83.94263014613176,133.9
2025-10-31 16:15:00+01:00,93.5966592496183,132.72
2025-10-31 16:30:00+01:00,106.78882804569466,133.9
2025-10-31 16:45:00+01:00,123.11805222927862,127.67
2025-10-31 17:00:00+01:00,106.78922229344329,134.49
2025-10-31 17:15:00+01:00,121.89084820205869,126.51
2025-10-31 17:30:00+01:00,133.66646093027575,122.64
2025-10-31 17:45:00+01:00,163.08258314249213,105.06
2025-10-31 18:00:00+01:00,146.69635382085758,127.01
2025-10-31 18:15:00+01:00,148.0000898770698,116.51
2025-10-31 18:30:00+01:00,160.0185796770154,100.98
2025-10-31 18:45:00+01:00,154.9559132854191,84.62
2025-10-31 19:00:00+01:00,180.97181702480663,97.25
2025-10-31 19:15:00+01:00,166.9287882607287,84.65
2025-10-31 19:30:00+01:00,158.19269376990633,93.63
2025-10-31 19:45:00+01:00,144.55280464501516,84.49
2025-10-31 20:00:00+01:00,139.0634410756231,99.41
2025-10-31 20:15:00+01:00,131.15600093801444,91.24
2025-10-31 20:30:00+01:00,109.70392419295906,80.88
2025-10-31 20:45:00+01:00,109.51817917845479,72.66
2025-10-31 21:00:00+01:00,116.7531724917498,97.81
2025-10-31 21:15:00+01:00,110.66141187987829,90.15
2025-10-31 21:30:00+01:00,103.99302849221395,85.87
2025-10-31 21:45:00+01:00,94.4588504070042,76.03
2025-10-31 22:00:00+01:00,105.42764954292738,94.91
2025-10-31 22:15:00+01:00,97.7632832267703,84.16
2025-10-31 22:30:00+01:00,95.87252049132557,79.78
2025-10-31 22:45:00+01:00,90.19558072652215,68.53
2025-10-31 23:00:00+01:00,98.04135964602787,97.16
2025-10-31 23:15:00+01:00,88.6057989450521,75.23
2025-10-31 23:30:00+01:00,85.13078598779335,55.65
2025-10-31 23:45:00+01:00,82.72647565317685,42.37
2025-11-01 00:00:00+01:00,85.61732174616319,63.5
2025-11-01 00:15:00+01:00,75.39119958618303,53.67
2025-11-01 00:30:00+01:00,69.06887408965872,52.37
2025-11-01 00:45:00+01:00,61.87605553025676,49.29
2025-11-01 01:00:00+01:00,73.56323370896638,52.32
2025-11-01 01:15:00+01:00,66.31831187456241,44.57
2025-11-01 01:30:00+01:00,58.22736826634409,32.23
2025-11-01 01:45:00+01:00,52.00390604503822,23.34
2025-11-01 02:00:00+01:00,68.27769508523355,29.31
2025-11-01 02:15:00+01:00,57.441925346559806,24.13
2025-11-01 02:30:00+01:00,56.43051641277464,33.96
2025-11-01 02:45:00+01:00,55.20091374053395,25.69
2025-11-01 03:00:00+01:00,54.24540453505089,50.25
2025-11-01 03:15:00+01:00,61.357938023580104,31.33
2025-11-01 03:30:00+01:00,66.73045217488534,20.09
2025-11-01 03:45:00+01:00,66.7823489567658,18.16
2025-11-01 04:00:00+01:00,62.315119542588604,21.17
2025-11-01 04:15:00+01:00,62.614110312011476,22.48
2025-11-01 04:30:00+01:00,70.09565653870477,20.44
2025-11-01 04:45:00+01:00,70.01535062048642,15.52
2025-11-01 05:00:00+01:00,63.02510638298174,15.61
2025-11-01 05:15:00+01:00,65.1836567243707,24.04
2025-11-01 05:30:00+01:00,73.86512876971662,11.41
2025-11-01 05:45:00+01:00,77.10961650901608,10.25
2025-11-01 06:00:00+01:00,71.22663203027308,14.96
2025-11-01 06:15:00+01:00,72.6771582029329,11.44
2025-11-01 06:30:00+01:00,77.21947631827399,11.17
2025-11-01 06:45:00+01:00,49.28293467117837,8.94
2025-11-01 07:00:00+01:00,6.799960472463425,21.14
2025-11-01 07:15:00+01:00,41.93086200415338,16.17
2025-11-01 07:30:00+01:00,11.759242697188682,13.01
2025-11-01 07:45:00+01:00,-19.670943587402647,20.1
2025-11-01 08:00:00+01:00,48.57957752336365,45.58
2025-11-01 08:15:00+01:00,22.412111786469367,37.76
2025-11-01 08:30:00+01:00,24.394933285081393,22.06
2025-11-01 08:45:00+01:00,29.733722486508555,14.4
2025-11-01 09:00:00+01:00,40.939432863977785,45.74
2025-11-01 09:15:00+01:00,39.71885009735009,30.08
2025-11-01 09:30:00+01:00,25.10417085698397,19.44
2025-11-01 09:45:00+01:00,23.47576374974524,12.92
2025-11-01 10:00:00+01:00,46.90458961281236,23.72
2025-11-01 10:15:00+01:00,25.326990305830314,18.08
2025-11-01 10:30:00+01:00,18.973932005390154,16.4
2025-11-01 10:45:00+01:00,20.038949279444708,15.0
2025-11-01 11:00:00+01:00,29.893797140148187,15.0
2025-11-01 11:15:00+01:00,27.74817284533595,15.06
2025-11-01 11:30:00+01:00,29.172362880160392,15.0
2025-11-01 11:45:00+01:00,25.999198253395683,17.97
2025-11-01 12:00:00+01:00,23.679123114441353,14.85
2025-11-01 12:15:00+01:00,22.31331713255385,18.0
2025-11-01 12:30:00+01:00,23.246730603038174,24.78
2025-11-01 12:45:00+01:00,18.081845270942544,26.43
2025-11-01 13:00:00+01:00,12.404001394612564,20.25
2025-11-01 13:15:00+01:00,15.764081581809585,25.51
2025-11-01 13:30:00+01:00,15.150185373611677,39.36
2025-11-01 13:45:00+01:00,13.013803303832418,41.84
2025-11-01 14:00:00+01:00,7.984248657938899,43.47
2025-11-01 14:15:00+01:00,27.009748022280384,56.26
2025-11-01 14:30:00+01:00,39.60878782509975,57.32
2025-11-01 14:45:00+01:00,52.100650732629745,58.96
2025-11-01 15:00:00+01:00,34.162883888311896,47.19
2025-11-01 15:15:00+01:00,54.00615687520654,57.23
2025-11-01 15:30:00+01:00,78.80435404256237,63.51
2025-11-01 15:45:00+01:00,80.66254680069237,68.36
2025-11-01 16:00:00+01:00,38.44050415167896,59.8
2025-11-01 16:15:00+01:00,53.43807470730754,74.87
2025-11-01 16:30:00+01:00,79.42187427527783,84.76
2025-11-01 16:45:00+01:00,86.22732856152253,86.91
2025-11-01 17:00:00+01:00,78.25163476048047,86.94
2025-11-01 17:15:00+01:00,79.98693637562107,89.24
2025-11-01 17:30:00+01:00,82.95643521849503,89.72
2025-11-01 17:45:00+01:00,72.08630055624008,89.26
2025-11-01 18:00:00+01:00,112.9424881911326,87.21
2025-11-01 18:15:00+01:00,102.83446133688264,91.0
2025-11-01 18:30:00+01:00,69.10220110712221,91.92
2025-11-01 18:45:00+01:00,65.81909498113549,86.09
2025-11-01 19:00:00+01:00,86.09862147495608,85.29
2025-11-01 19:15:00+01:00,84.70821893065607,88.22
2025-11-01 19:30:00+01:00,83.15945181240511,86.06
2025-11-01 19:45:00+01:00,82.26067465464314,86.03
2025-11-01 20:00:00+01:00,86.7060672468916,90.11
2025-11-01 20:15:00+01:00,52.263378750818745,91.0
2025-11-01 20:30:00+01:00,44.944316894719705,86.93
2025-11-01 20:45:00+01:00,34.967903385112265,76.75
2025-11-01 21:00:00+01:00,87.11835579131142,86.94
2025-11-01 21:15:00+01:00,83.13510720008911,85.1
2025-11-01 21:30:00+01:00,89.82241198705948,81.19
2025-11-01 21:45:00+01:00,58.880078688489284,79.9
2025-11-01 22:00:00+01:00,87.36201726134242,87.04
2025-11-01 22:15:00+01:00,83.36576701750744,89.5
2025-11-01 22:30:00+01:00,83.84837318067889,82.49
2025-11-01 22:45:00+01:00,80.58749716388905,72.69
2025-11-01 23:00:00+01:00,81.01467161254533,85.73
2025-11-01 23:15:00+01:00,73.42171461145944,81.82
2025-11-01 23:30:00+01:00,72.82752090097924,72.29
2025-11-01 23:45:00+01:00,65.0939514972082,70.19
2025-11-02 00:00:00+01:00,80.24071126435251,58.1
2025-11-02 00:15:00+01:00,75.15047894382458,67.03
2025-11-02 00:30:00+01:00,70.51817277210898,65.7
2025-11-02 00:45:00+01:00,67.09549541488772,66.31
2025-11-02 01:00:00+01:00,72.55688111486239,62.34
2025-11-02 01:15:00+01:00,67.75111370392682,61.91
2025-11-02 01:30:00+01:00,63.672944681739764,57.42
2025-11-02 01:45:00+01:00,62.91795269251509,59.64
2025-11-02 02:00:00+01:00,67.48239623675522,60.82
2025-11-02 02:15:00+01:00,61.58364885371303,61.64
2025-11-02 02:30:00+01:00,62.642803754749494,60.11
2025-11-02 02:45:00+01:00,61.89535860484122,61.34
2025-11-02 03:00:00+01:00,62.38873765297065,61.98
2025-11-02 03:15:00+01:00,63.60550497802152,62.59
2025-11-02 03:30:00+01:00,66.64485453048385,64.15
2025-11-02 03:45:00+01:00,67.12147293348038,62.21
2025-11-02 04:00:00+01:00,66.04359495770656,62.64
2025-11-02 04:15:00+01:00,67.14568270311763,64.62
2025-11-02 04:30:00+01:00,69.97378702565084,66.55
2025-11-02 04:45:00+01:00,69.08746854522389,74.26
2025-11-02 05:00:00+01:00,69.26397972570108,66.09
2025-11-02 05:15:00+01:00,71.05156478823352,73.98
2025-11-02 05:30:00+01:00,73.3079849279942,64.93
2025-11-02 05:45:00+01:00,74.98562916947617,70.24
2025-11-02 06:00:00+01:00,67.90146905746549,61.28
2025-11-02 06:15:00+01:00,76.26107733012039,69.49
2025-11-02 06:30:00+01:00,79.64024803807384,73.3
2025-11-02 06:45:00+01:00,77.40299782501532,77.32
2025-11-02 07:00:00+01:00,83.74878058500892,77.17
2025-11-02 07:15:00+01:00,94.27445110770128,74.59
2025-11-02 07:30:00+01:00,87.02287205457472,74.93
2025-11-02 07:45:00+01:00,80.39717921581979,75.43
2025-11-02 08:00:00+01:00,79.39699325882488,81.48
2025-11-02 08:15:00+01:00,80.29984299627577,80.07
2025-11-02 08:30:00+01:00,75.88556815587498,73.77
2025-11-02 08:45:00+01:00,66.21277137244704,73.16
2025-11-02 09:00:00+01:00,84.0069701003053,91.61
2025-11-02 09:15:00+01:00,57.49787747693094,77.57
2025-11-02 09:30:00+01:00,53.791110840405565,75.62
2025-11-02 09:45:00+01:00,55.203342138857764,69.03
2025-11-02 10:00:00+01:00,49.81857440406954,81.6
2025-11-02 10:15:00+01:00,45.2954991684497,76.07
2025-11-02 10:30:00+01:00,38.70005582426652,72.26
2025-11-02 10:45:00+01:00,42.395412649970325,70.03
2025-11-02 11:00:00+01:00,50.805210814446674,75.39
2025-11-02 11:15:00+01:00,50.54985030953587,75.6
2025-11-02 11:30:00+01:00,70.16946755723247,75.07
2025-11-02 11:45:00+01:00,67.86578870847876,73.86
2025-11-02 12:00:00+01:00,38.82958931156401,73.94
2025-11-02 12:15:00+01:00,52.628238240141634,73.49
2025-11-02 12:30:00+01:00,55.39411880519298,73.3
2025-11-02 12:45:00+01:00,53.28372339308643,80.12
2025-11-02 13:00:00+01:00,62.345288986958224,76.4
2025-11-02 13:15:00+01:00,61.5675240858936,79.64
2025-11-02 13:30:00+01:00,57.872803640089906,85.57
2025-11-02 13:45:00+01:00,56.93056919439371,91.04
2025-11-02 14:00:00+01:00,54.04913248458001,82.83
2025-11-02 14:15:00+01:00,62.1922985553829,88.8
2025-11-02 14:30:00+01:00,74.43336413659766,96.4
2025-11-02 14:45:00+01:00,80.86931991460875,102.17
2025-11-02 15:00:00+01:00,64.0217731706349,95.98
2025-11-02 15:15:00+01:00,81.82941480767023,106.51
2025-11-02 15:30:00+01:00,99.89318816352191,112.42
2025-11-02 15:45:00+01:00,98.78715368799703,127.7
2025-11-02 16:00:00+01:00,82.66947662652534,101.92
2025-11-02 16:15:00+01:00,83.23218160331066,110.99
2025-11-02 16:30:00+01:00,97.55598901249202,119.03
2025-11-02 16:45:00+01:00,98.45784374280115,134.07
2025-11-02 17:00:00+01:00,96.50183559848195,118.0
2025-11-02 17:15:00+01:00,114.82350584323446,131.39
2025-11-02 17:30:00+01:00,119.11262859674999,138.83
2025-11-02 17:45:00+01:00,110.9313865556117,140.07
2025-11-02 18:00:00+01:00,131.81119373823793,137.52
2025-11-02 18:15:00+01:00,129.68845797683724,135.71
2025-11-02 18:30:00+01:00,131.1617535993372,130.5
2025-11-02 18:45:00+01:00,128.29460119672717,117.9
2025-11-02 19:00:00+01:00,152.42844044816798,127.2
2025-11-02 19:15:00+01:00,151.36651624955567,125.14
2025-11-02 19:30:00+01:00,148.23711830167753,108.0
2025-11-02 19:45:00+01:00,140.1933342169632,94.09
2025-11-02 20:00:00+01:00,128.66315581790843,110.97
2025-11-02 20:15:00+01:00,121.48039173029701,104.42
2025-11-02 20:30:00+01:00,100.20075872494232,92.1
2025-11-02 20:45:00+01:00,103.50805359892907,86.91
2025-11-02 21:00:00+01:00,103.83753065256965,100.06
2025-11-02 21:15:00+01:00,105.94752175639644,94.08
2025-11-02 21:30:00+01:00,102.24960830247876,95.1
2025-11-02 21:45:00+01:00,97.38148195760112,92.08
2025-11-02 22:00:00+01:00,99.1972006533353,97.54
2025-11-02 22:15:00+01:00,93.86150753576973,95.91
2025-11-02 22:30:00+01:00,93.2710155324511,95.9
2025-11-02 22:45:00+01:00,87.97581438048279,83.36
2025-11-02 23:00:00+01:00,89.50293446487287,99.08
2025-11-02 23:15:00+01:00,84.65851172636962,85.47
2025-11-02 23:30:00+01:00,80.38654118017499,83.02
2025-11-02 23:45:00+01:00,78.16916124236785,72.6
2025-11-03 00:00:00+01:00,83.79616617135578,85.52
2025-11-03 00:15:00+01:00,78.48763268152057,82.41
2025-11-03 00:30:00+01:00,74.53852159277099,86.91
2025-11-03 00:45:00+01:00,72.39849044325663,74.92
2025-11-03 01:00:00+01:00,75.8728389683285,85.73
2025-11-03 01:15:00+01:00,72.25199398497749,83.86
2025-11-03 01:30:00+01:00,71.35039150182041,78.12
2025-11-03 01:45:00+01:00,68.137547068421,72.71
2025-11-03 02:00:00+01:00,68.03612571134954,85.12
2025-11-03 02:15:00+01:00,65.95547607768523,74.74
2025-11-03 02:30:00+01:00,68.00420889711009,72.91
2025-11-03 02:45:00+01:00,65.46935284985113,67.22
2025-11-03 03:00:00+01:00,66.86513194315205,74.43
2025-11-03 03:15:00+01:00,66.35757908446693,72.06
2025-11-03 03:30:00+01:00,64.50560698537733,72.91
2025-11-03 03:45:00+01:00,64.23805996995345,73.16
2025-11-03 04:00:00+01:00,65.96624425459113,72.91
2025-11-03 04:15:00+01:00,65.7782980861743,73.58
2025-11-03 04:30:00+01:00,66.1218268061069,77.18
2025-11-03 04:45:00+01:00,66.78139305536341,76.22
2025-11-03 05:00:00+01:00,65.1283311419734,72.75
2025-11-03 05:15:00+01:00,69.92733267830889,74.93
2025-11-03 05:30:00+01:00,75.67482707740892,80.33
2025-11-03 05:45:00+01:00,79.85483565550172,71.99
2025-11-03 06:00:00+01:00,81.08135380349484,72.42
2025-11-03 06:15:00+01:00,95.4327975262944,89.31
2025-11-03 06:30:00+01:00,103.83511768563405,112.68
2025-11-03 06:45:00+01:00,107.9199107979479,106.91
2025-11-03 07:00:00+01:00,107.47122257645974,113.67
2025-11-03 07:15:00+01:00,111.39481409231,120.45
2025-11-03 07:30:00+01:00,113.03541151520331,119.79
2025-11-03 07:45:00+01:00,111.35806579086784,115.11
2025-11-03 08:00:00+01:00,129.73337982757337,139.25
2025-11-03 08:15:00+01:00,119.41347423361866,110.0
2025-11-03 08:30:00+01:00,111.96771664092566,90.08
2025-11-03 08:45:00+01:00,102.66172274364263,80.67
2025-11-03 09:00:00+01:00,108.62444486516793,103.89
2025-11-03 09:15:00+01:00,105.68993723072029,92.57
2025-11-03 09:30:00+01:00,94.95680964229965,79.73
2025-11-03 09:45:00+01:00,86.67515915013342,66.86
2025-11-03 10:00:00+01:00,89.61434667983791,95.04
2025-11-03 10:15:00+01:00,86.30916137137163,73.67
2025-11-03 10:30:00+01:00,73.99347889576998,68.59
2025-11-03 10:45:00+01:00,67.02434448906367,64.48
2025-11-03 11:00:00+01:00,73.47062327849962,73.35
2025-11-03 11:15:00+01:00,60.06363521327599,74.49
2025-11-03 11:30:00+01:00,53.10912846482091,67.03
2025-11-03 11:45:00+01:00,51.505954516232656,71.83
2025-11-03 12:00:00+01:00,47.180478851301224,69.95
2025-11-03 12:15:00+01:00,45.05069866310944,66.39
2025-11-03 12:30:00+01:00,45.57915902492308,67.17
2025-11-03 12:45:00+01:00,53.65000499890907,68.45
2025-11-03 13:00:00+01:00,43.44480276911216,66.23
2025-11-03 13:15:00+01:00,48.528383528515626,73.16
2025-11-03 13:30:00+01:00,47.692420561324404,74.84
2025-11-03 13:45:00+01:00,52.87150995972998,73.47
2025-11-03 14:00:00+01:00,52.533323769955494,64.13
2025-11-03 14:15:00+01:00,58.16927834438042,66.63
2025-11-03 14:30:00+01:00,73.03721530658721,74.77
2025-11-03 14:45:00+01:00,78.7146969538482,94.37
2025-11-03 15:00:00+01:00,63.15997056515811,68.07
2025-11-03 15:15:00+01:00,74.45411652496948,85.11
2025-11-03 15:30:00+01:00,78.44960871523665,84.38
2025-11-03 15:45:00+01:00,103.80087973919913,92.86
2025-11-03 16:00:00+01:00,75.1340590232511,85.06
2025-11-03 16:15:00+01:00,84.14154635752195,92.1
2025-11-03 16:30:00+01:00,102.69160582966714,90.09
2025-11-03 16:45:00+01:00,112.25803757583255,103.69
2025-11-03 17:00:00+01:00,86.71353772604616,96.21
2025-11-03 17:15:00+01:00,91.49965751027247,94.53
2025-11-03 17:30:00+01:00,95.72710687275688,87.4
2025-11-03 17:45:00+01:00,108.83407032853772,91.94
2025-11-03 18:00:00+01:00,103.78627768714036,92.37
2025-11-03 18:15:00+01:00,101.09447391503011,88.6
2025-11-03 18:30:00+01:00,97.62571317479232,91.25
2025-11-03 18:45:00+01:00,92.78615451121814,90.0
2025-11-03 19:00:00+01:00,98.79537418804824,90.71
2025-11-03 19:15:00+01:00,83.76420328417807,86.8
2025-11-03 19:30:00+01:00,85.21534136164018,82.08
2025-11-03 19:45:00+01:00,77.76083374946482,66.71
2025-11-03 20:00:00+01:00,85.78952995045654,90.04
2025-11-03 20:15:00+01:00,76.38017879524651,70.52
2025-11-03 20:30:00+01:00,81.1662012439123,68.34
2025-11-03 20:45:00+01:00,72.91026723602599,57.63
2025-11-03 21:00:00+01:00,81.97267414003716,63.76
2025-11-03 21:15:00+01:00,83.12289393398719,56.73
2025-11-03 21:30:00+01:00,71.06168905208148,65.24
2025-11-03 21:45:00+01:00,71.65087168452013,54.3
2025-11-03 22:00:00+01:00,80.42730512793158,66.41
2025-11-03 22:15:00+01:00,71.9292864577911,54.42
2025-11-03 22:30:00+01:00,73.01897544069077,47.99
2025-11-03 22:45:00+01:00,69.56599394786075,42.03
2025-11-03 23:00:00+01:00,72.28166892751943,50.65
2025-11-03 23:15:00+01:00,60.37447889256974,26.03
2025-11-03 23:30:00+01:00,55.992885637874586,28.98
2025-11-03 23:45:00+01:00,48.89660366425976,9.2
2025-11-04 00:00:00+01:00,54.86426713205754,35.1
2025-11-04 00:15:00+01:00,39.028459578235704,15.07
2025-11-04 00:30:00+01:00,26.72922374961974,9.95
2025-11-04 00:45:00+01:00,34.25343889923248,6.0
2025-11-04 01:00:00+01:00,38.950808654205666,9.0
2025-11-04 01:15:00+01:00,34.91022785536792,6.72
2025-11-04 01:30:00+01:00,29.16568068801041,7.42
2025-11-04 01:45:00+01:00,29.10667250625378,5.89
2025-11-04 02:00:00+01:00,32.951905661810706,5.14
2025-11-04 02:15:00+01:00,31.89322390175257,4.35
2025-11-04 02:30:00+01:00,36.066327300692926,5.05
2025-11-04 02:45:00+01:00,31.785649374269354,5.16
2025-11-04 03:00:00+01:00,41.06157691605042,5.11
2025-11-04 03:15:00+01:00,36.34227424843729,5.16
2025-11-04 03:30:00+01:00,43.288866775305664,5.76
2025-11-04 03:45:00+01:00,45.684503850419574,9.22
2025-11-04 04:00:00+01:00,41.83198798201421,5.19
2025-11-04 04:15:00+01:00,45.939676702669985,5.17
2025-11-04 04:30:00+01:00,50.07291302668257,39.5
2025-11-04 04:45:00+01:00,54.80288349521601,34.93
2025-11-04 05:00:00+01:00,50.60445966033962,18.77
2025-11-04 05:15:00+01:00,61.67645041943991,56.16
2025-11-04 05:30:00+01:00,66.80017600890764,69.89
2025-11-04 05:45:00+01:00,73.56820331413478,88.91
2025-11-04 06:00:00+01:00,54.77016897738449,33.92
2025-11-04 06:15:00+01:00,91.76957671570308,79.62
2025-11-04 06:30:00+01:00,99.94510914336706,99.44
2025-11-04 06:45:00+01:00,98.3337833868304,111.17
2025-11-04 07:00:00+01:00,103.54864879776848,106.88
2025-11-04 07:15:00+01:00,114.83261553513138,124.53
2025-11-04 07:30:00+01:00,103.27508467391876,118.01
2025-11-04 07:45:00+01:00,104.98163261823763,107.81
2025-11-04 08:00:00+01:00,125.07446692196369,130.78
2025-11-04 08:15:00+01:00,108.04106970520017,121.44
2025-11-04 08:30:00+01:00,94.44460922566043,102.96
2025-11-04 08:45:00+01:00,88.86715660562943,84.82
2025-11-04 09:00:00+01:00,108.71158764970916,98.0
2025-11-04 09:15:00+01:00,91.39374979340076,96.04
2025-11-04 09:30:00+01:00,80.30467567339122,72.95
2025-11-04 09:45:00+01:00,75.1523901662783,56.4
2025-11-04 10:00:00+01:00,87.12233960512874,73.02
2025-11-04 10:15:00+01:00,77.5625751876846,60.64
2025-11-04 10:30:00+01:00,66.12528911647982,57.45
2025-11-04 10:45:00+01:00,66.51649372660873,51.48
2025-11-04 11:00:00+01:00,68.58085858088754,57.79
2025-11-04 11:15:00+01:00,62.5635279634027,54.47
2025-11-04 11:30:00+01:00,59.47632384499524,50.23
2025-11-04 11:45:00+01:00,58.286825200946495,48.99
2025-11-04 12:00:00+01:00,58.59203214360763,47.13
2025-11-04 12:15:00+01:00,58.22215725603061,47.95
2025-11-04 12:30:00+01:00,60.91473065790128,50.1
2025-11-04 12:45:00+01:00,64.30490963641476,55.43
2025-11-04 13:00:00+01:00,61.012502596127604,44.99
2025-11-04 13:15:00+01:00,65.48364913875301,62.8
2025-11-04 13:30:00+01:00,69.40097597271485,75.52
2025-11-04 13:45:00+01:00,71.3274278517586,84.44
2025-11-04 14:00:00+01:00,59.527991756133964,52.89
2025-11-04 14:15:00+01:00,73.21642522908031,70.41
2025-11-04 14:30:00+01:00,81.3550577236993,86.89
2025-11-04 14:45:00+01:00,92.82180046097176,114.01
2025-11-04 15:00:00+01:00,73.21195165608475,84.19
2025-11-04 15:15:00+01:00,91.71574552801943,100.25
2025-11-04 15:30:00+01:00,95.36426924992878,114.35
2025-11-04 15:45:00+01:00,107.96723898942479,166.27
2025-11-04 16:00:00+01:00,91.00317234391403,92.23
2025-11-04 16:15:00+01:00,106.0022183268589,114.0
2025-11-04 16:30:00+01:00,116.73497260295125,131.29
2025-11-04 16:45:00+01:00,132.87141917251387,172.38
2025-11-04 17:00:00+01:00,107.9511555664297,132.0
2025-11-04 17:15:00+01:00,118.24369017927901,129.25
2025-11-04 17:30:00+01:00,126.03158025500755,131.85
2025-11-04 17:45:00+01:00,127.45570229189396,123.3
2025-11-04 18:00:00+01:00,133.3985762965301,153.06
2025-11-04 18:15:00+01:00,128.82244966861228,127.01
2025-11-04 18:30:00+01:00,127.94131372091367,118.0
2025-11-04 18:45:00+01:00,123.89656057113999,92.98
2025-11-04 19:00:00+01:00,142.27885350049513,132.3
2025-11-04 19:15:00+01:00,135.95470964478665,114.0
2025-11-04 19:30:00+01:00,130.55395349266456,95.0
2025-11-04 19:45:00+01:00,118.65150048038052,85.49
2025-11-04 20:00:00+01:00,120.52086154946929,106.01
2025-11-04 20:15:00+01:00,108.19618775735478,98.41
2025-11-04 20:30:00+01:00,103.14457840465457,87.68
2025-11-04 20:45:00+01:00,93.19359818234906,94.91
2025-11-04 21:00:00+01:00,97.1015956950938,105.76
2025-11-04 21:15:00+01:00,93.11109789715739,91.27
2025-11-04 21:30:00+01:00,91.81182292071115,88.9
2025-11-04 21:45:00+01:00,83.75542188156831,79.53
2025-11-04 22:00:00+01:00,94.0150600127269,91.06
2025-11-04 22:15:00+01:00,91.16991922396033,88.73
2025-11-04 22:30:00+01:00,90.18128573435611,86.82
2025-11-04 22:45:00+01:00,83.39023792171818,78.34
2025-11-04 23:00:00+01:00,94.2573469833588,80.65
2025-11-04 23:15:00+01:00,83.20830903957558,75.07
2025-11-04 23:30:00+01:00,78.88937869934523,79.53
2025-11-04 23:45:00+01:00,71.94028633970842,69.24
2025-11-05 00:00:00+01:00,81.34539886815267,80.4
2025-11-05 00:15:00+01:00,71.55453307466246,73.61
2025-11-05 00:30:00+01:00,73.20511661536406,78.24
2025-11-05 00:45:00+01:00,68.732915160006,77.07
2025-11-05 01:00:00+01:00,70.18531526231723,76.25
2025-11-05 01:15:00+01:00,67.04415622648557,75.14
2025-11-05 01:30:00+01:00,68.51698688862454,75.98
2025-11-05 01:45:00+01:00,68.60411416875796,75.92
2025-11-05 02:00:00+01:00,64.8858661726311,70.46
2025-11-05 02:15:00+01:00,67.755141016131,73.3
2025-11-05 02:30:00+01:00,67.37015184004632,75.42
2025-11-05 02:45:00+01:00,67.06924466544069,78.24
2025-11-05 03:00:00+01:00,67.31371781486536,73.31
2025-11-05 03:15:00+01:00,65.56983692607776,72.44
2025-11-05 03:30:00+01:00,65.6923021799708,78.0
2025-11-05 03:45:00+01:00,67.18473056333222,74.98
2025-11-05 04:00:00+01:00,68.33181665746547,73.3
2025-11-05 04:15:00+01:00,69.07284295871767,73.48
2025-11-05 04:30:00+01:00,71.4225984455925,82.79
2025-11-05 04:45:00+01:00,73.18806940045329,85.97
2025-11-05 05:00:00+01:00,74.12166353775312,71.43
2025-11-05 05:15:00+01:00,80.76681218197496,81.88
2025-11-05 05:30:00+01:00,86.5373349399776,90.84
2025-11-05 05:45:00+01:00,94.01629865939182,95.85
2025-11-05 06:00:00+01:00,68.10566531044262,82.31
2025-11-05 06:15:00+01:00,106.83661893333169,84.62
2025-11-05 06:30:00+01:00,118.02986379212341,90.38
2025-11-05 06:45:00+01:00,122.34251339379968,108.14
2025-11-05 07:00:00+01:00,122.26029730009725,108.8
2025-11-05 07:15:00+01:00,134.96075979417432,127.01
2025-11-05 07:30:00+01:00,132.9260876406667,122.25
2025-11-05 07:45:00+01:00,130.48688405011183,105.54
2025-11-05 08:00:00+01:00,155.0623482974879,140.29
2025-11-05 08:15:00+01:00,135.51085904129684,117.27
2025-11-05 08:30:00+01:00,119.94951764938415,103.44
2025-11-05 08:45:00+01:00,101.07214018890423,67.46
2025-11-05 09:00:00+01:00,122.0539301458823,89.48
2025-11-05 09:15:00+01:00,104.65826014743985,76.34
2025-11-05 09:30:00+01:00,97.95848501879584,67.65
2025-11-05 09:45:00+01:00,88.61988892209301,64.69
2025-11-05 10:00:00+01:00,94.3606425036603,70.15
2025-11-05 10:15:00+01:00,86.40041678198884,60.04
2025-11-05 10:30:00+01:00,83.26488735261441,61.69
2025-11-05 10:45:00+01:00,75.99141466325213,59.65
2025-11-05 11:00:00+01:00,90.51132188979366,61.31
2025-11-05 11:15:00+01:00,84.94101077751853,59.99
2025-11-05 11:30:00+01:00,76.67258842773752,61.03
2025-11-05 11:45:00+01:00,78.46047788545948,65.7
2025-11-05 12:00:00+01:00,81.74515738893479,50.89
2025-11-05 12:15:00+01:00,76.44141768721155,61.08
2025-11-05 12:30:00+01:00,74.69869868376895,65.41
2025-11-05 12:45:00+01:00,78.46342874384851,70.9
2025-11-05 13:00:00+01:00,79.56173617961093,60.79
2025-11-05 13:15:00+01:00,88.93293709681637,71.09
2025-11-05 13:30:00+01:00,103.82083562407396,83.15
2025-11-05 13:45:00+01:00,111.70482740148475,94.3
2025-11-05 14:00:00+01:00,93.11702181142773,73.28
2025-11-05 14:15:00+01:00,101.36306673839513,91.24
2025-11-05 14:30:00+01:00,123.4186555121547,102.7
2025-11-05 14:45:00+01:00,139.47759884207494,117.55
2025-11-05 15:00:00+01:00,99.23443366698217,81.02
2025-11-05 15:15:00+01:00,119.15996797995516,110.64
2025-11-05 15:30:00+01:00,135.57471444309746,125.9
2025-11-05 15:45:00+01:00,165.09614633515534,144.02
2025-11-05 16:00:00+01:00,113.08611775457703,123.07
2025-11-05 16:15:00+01:00,136.3703397537743,130.88
2025-11-05 16:30:00+01:00,162.852132541953,144.55
2025-11-05 16:45:00+01:00,182.91999009552256,167.03
2025-11-05 17:00:00+01:00,124.81979524006809,148.13
2025-11-05 17:15:00+01:00,141.60046980201696,153.09
2025-11-05 17:30:00+01:00,154.2347400211704,151.44
2025-11-05 17:45:00+01:00,170.67784407742425,137.01
2025-11-05 18:00:00+01:00,159.85793270109428,148.22
2025-11-05 18:15:00+01:00,146.8864147881033,134.77
2025-11-05 18:30:00+01:00,140.96860507765751,119.21
2025-11-05 18:45:00+01:00,136.59887091665635,108.12
2025-11-05 19:00:00+01:00,156.52113628843387,128.48
2025-11-05 19:15:00+01:00,142.93123771568844,116.72
2025-11-05 19:30:00+01:00,138.85571533096285,109.73
2025-11-05 19:45:00+01:00,123.40875597565012,104.09
2025-11-05 20:00:00+01:00,130.13224643014993,110.93
2025-11-05 20:15:00+01:00,110.65711483636832,103.37
2025-11-05 20:30:00+01:00,115.25680709689792,103.02
2025-11-05 20:45:00+01:00,99.76594730055545,101.84
2025-11-05 21:00:00+01:00,116.39398946331849,108.39
2025-11-05 21:15:00+01:00,100.62871531323663,102.83
2025-11-05 21:30:00+01:00,91.80970962913841,99.02
2025-11-05 21:45:00+01:00,91.44953210895443,85.43
2025-11-05 22:00:00+01:00,107.9408825448386,102.48
2025-11-05 22:15:00+01:00,103.08289541809897,89.89
2025-11-05 22:30:00+01:00,102.0675147375686,85.49
2025-11-05 22:45:00+01:00,95.00904115595326,77.53
2025-11-05 23:00:00+01:00,105.64339101202435,91.32
2025-11-05 23:15:00+01:00,94.45949668625354,91.86
2025-11-05 23:30:00+01:00,90.92892588848169,89.37
2025-11-05 23:45:00+01:00,84.83393234376588,78.25
2025-11-06 00:00:00+01:00,95.7744862830784,96.78
2025-11-06 00:15:00+01:00,89.43060888774403,93.11
2025-11-06 00:30:00+01:00,87.86352362021339,93.43
2025-11-06 00:45:00+01:00,84.63389607376719,90.17
2025-11-06 01:00:00+01:00,88.93484049311643,93.38
2025-11-06 01:15:00+01:00,86.4469154144659,91.08
2025-11-06 01:30:00+01:00,85.60591491431137,90.26
2025-11-06 01:45:00+01:00,84.5864859698228,88.6
2025-11-06 02:00:00+01:00,85.44915695815845,93.02
2025-11-06 02:15:00+01:00,84.73822449373625,90.54
2025-11-06 02:30:00+01:00,84.93506078368591,91.75
2025-11-06 02:45:00+01:00,84.11461465786017,90.28
2025-11-06 03:00:00+01:00,85.22503469031736,91.67
2025-11-06 03:15:00+01:00,83.21721423047175,91.09
2025-11-06 03:30:00+01:00,86.48272052911445,89.12
2025-11-06 03:45:00+01:00,88.57507891178814,90.14
2025-11-06 04:00:00+01:00,86.35343288975595,91.61
2025-11-06 04:15:00+01:00,87.75419775390665,91.08
2025-11-06 04:30:00+01:00,92.16550159562152,91.53
2025-11-06 04:45:00+01:00,95.50463724273992,93.38
2025-11-06 05:00:00+01:00,84.63809605575865,86.11
2025-11-06 05:15:00+01:00,94.27342883346837,88.76
2025-11-06 05:30:00+01:00,103.75256735489957,94.6
2025-11-06 05:45:00+01:00,112.37374137810183,99.21
2025-11-06 06:00:00+01:00,85.94339010939493,93.88
2025-11-06 06:15:00+01:00,119.574027951556,113.52
2025-11-06 06:30:00+01:00,132.75544805726386,121.99
2025-11-06 06:45:00+01:00,145.10764150823883,144.01
2025-11-06 07:00:00+01:00,141.04755088152388,127.72
2025-11-06 07:15:00+01:00,165.1395746907792,136.0
2025-11-06 07:30:00+01:00,161.0547024702277,136.0
2025-11-06 07:45:00+01:00,157.59064150381153,121.21
2025-11-06 08:00:00+01:00,167.53453426322542,144.97
2025-11-06 08:15:00+01:00,146.69225324899483,129.01
2025-11-06 08:30:00+01:00,127.6103339907431,111.68
2025-11-06 08:45:00+01:00,110.0425744069093,93.06
2025-11-06 09:00:00+01:00,120.54670396384827,110.73
2025-11-06 09:15:00+01:00,107.35615150096473,100.6
2025-11-06 09:30:00+01:00,122.52758086835544,86.29
2025-11-06 09:45:00+01:00,109.14781625798577,75.23
2025-11-06 10:00:00+01:00,97.74552204314256,94.8
2025-11-06 10:15:00+01:00,104.83826511190136,87.55
2025-11-06 10:30:00+01:00,103.02024213318599,80.34
2025-11-06 10:45:00+01:00,97.79647941297664,77.94
2025-11-06 11:00:00+01:00,75.8016798351685,86.9
2025-11-06 11:15:00+01:00,72.15088492760599,84.97
2025-11-06 11:30:00+01:00,72.62759168901172,82.93
2025-11-06 11:45:00+01:00,72.35532354890785,80.0
2025-11-06 12:00:00+01:00,69.25550114756335,81.13
2025-11-06 12:15:00+01:00,69.98361611387158,78.76
2025-11-06 12:30:00+01:00,86.99344939006525,86.64
2025-11-06 12:45:00+01:00,91.37990625938376,89.44
2025-11-06 13:00:00+01:00,67.49938784857001,80.8
2025-11-06 13:15:00+01:00,75.30552751028779,86.58
2025-11-06 13:30:00+01:00,86.97050535462041,87.6
2025-11-06 13:45:00+01:00,97.05832442083428,93.74
2025-11-06 14:00:00+01:00,73.37953700759243,78.51
2025-11-06 14:15:00+01:00,93.50687086358008,94.53
2025-11-06 14:30:00+01:00,109.16889232984738,102.9
2025-11-06 14:45:00+01:00,130.20482904241808,122.0
2025-11-06 15:00:00+01:00,104.3312990938131,101.31
2025-11-06 15:15:00+01:00,105.9048009287583,109.16
2025-11-06 15:30:00+01:00,122.0625272259137,135.32
2025-11-06 15:45:00+01:00,142.74106994827522,167.17
2025-11-06 16:00:00+01:00,132.28628176425502,123.1
2025-11-06 16:15:00+01:00,146.23581991847195,137.01
2025-11-06 16:30:00+01:00,156.84844583205586,156.79
2025-11-06 16:45:00+01:00,164.72784886379986,173.08
2025-11-06 17:00:00+01:00,146.40129491709465,165.46
2025-11-06 17:15:00+01:00,150.02317152811318,162.87
2025-11-06 17:30:00+01:00,160.43743090361582,150.19
2025-11-06 17:45:00+01:00,147.90041513095218,138.5
2025-11-06 18:00:00+01:00,172.84151122148134,149.09
2025-11-06 18:15:00+01:00,163.81644460393562,139.04
2025-11-06 18:30:00+01:00,148.71399267730945,134.82
2025-11-06 18:45:00+01:00,146.12419742043124,126.84
2025-11-06 19:00:00+01:00,161.6056840696475,138.15
2025-11-06 19:15:00+01:00,157.5204385343311,129.36
2025-11-06 19:30:00+01:00,155.926302704186,119.71
2025-11-06 19:45:00+01:00,145.3595758194366,118.63
2025-11-06 20:00:00+01:00,137.4246830693571,123.02
2025-11-06 20:15:00+01:00,125.58510442041232,119.85
2025-11-06 20:30:00+01:00,122.33638724813517,112.48
2025-11-06 20:45:00+01:00,105.70014605978483,104.53
2025-11-06 21:00:00+01:00,119.92467261139612,109.64
2025-11-06 21:15:00+01:00,102.31513102830628,103.66
2025-11-06 21:30:00+01:00,113.15784666999264,101.51
2025-11-06 21:45:00+01:00,101.42131067403307,89.11
2025-11-06 22:00:00+01:00,115.10849345454743,100.1
2025-11-06 22:15:00+01:00,101.0488513973667,93.67
2025-11-06 22:30:00+01:00,105.4240055505622,101.05
2025-11-06 22:45:00+01:00,99.27495481937473,95.12
2025-11-06 23:00:00+01:00,110.0860477776036,99.89
2025-11-06 23:15:00+01:00,99.33424607718776,95.0
2025-11-06 23:30:00+01:00,96.13203588001929,87.84
2025-11-06 23:45:00+01:00,90.38124278960714,79.48
2025-11-07 00:00:00+01:00,104.48627322559659,90.9
2025-11-07 00:15:00+01:00,95.50621548851761,88.27
2025-11-07 00:30:00+01:00,92.88519562009445,92.99
2025-11-07 00:45:00+01:00,87.639950669183,88.55
2025-11-07 01:00:00+01:00,96.57115202141992,90.53
2025-11-07 01:15:00+01:00,92.88801448083206,88.44
2025-11-07 01:30:00+01:00,89.69587175821103,88.45
2025-11-07 01:45:00+01:00,86.88389517632224,87.87
2025-11-07 02:00:00+01:00,91.90104291632116,90.59
2025-11-07 02:15:00+01:00,87.42680414999396,88.98
2025-11-07 02:30:00+01:00,88.47941712390097,89.89
2025-11-07 02:45:00+01:00,88.44625006238073,88.94
2025-11-07 03:00:00+01:00,89.23115671460675,89.9
2025-11-07 03:15:00+01:00,88.00554828540125,89.54
2025-11-07 03:30:00+01:00,89.26226963652395,89.08
2025-11-07 03:45:00+01:00,90.39840497836742,89.93
2025-11-07 04:00:00+01:00,87.68029530092468,87.07
2025-11-07 04:15:00+01:00,89.46780936245229,89.4
2025-11-07 04:30:00+01:00,95.02469316592241,92.39
2025-11-07 04:45:00+01:00,100.23048248205977,92.78
2025-11-07 05:00:00+01:00,89.84361733140375,85.06
2025-11-07 05:15:00+01:00,96.49364631198021,90.29
2025-11-07 05:30:00+01:00,105.44841101205326,97.89
2025-11-07 05:45:00+01:00,116.96133150801964,103.6
2025-11-07 06:00:00+01:00,102.15382531257531,89.47
2025-11-07 06:15:00+01:00,132.01764886338117,102.11
2025-11-07 06:30:00+01:00,149.72763867421068,113.11
2025-11-07 06:45:00+01:00,168.5095771762476,144.37
2025-11-07 07:00:00+01:00,153.0873341313969,120.36
2025-11-07 07:15:00+01:00,175.10900631429243,137.63
2025-11-07 07:30:00+01:00,180.2210738908495,136.49
2025-11-07 07:45:00+01:00,155.29110937526127,141.05
2025-11-07 08:00:00+01:00,181.89109296109655,157.49
2025-11-07 08:15:00+01:00,153.82620237123587,142.86
2025-11-07 08:30:00+01:00,140.60898839057037,117.62
2025-11-07 08:45:00+01:00,112.16483505665892,94.22
2025-11-07 09:00:00+01:00,139.83678472722585,126.3
2025-11-07 09:15:00+01:00,114.20921541509631,117.13
2025-11-07 09:30:00+01:00,104.60099475433701,99.71
2025-11-07 09:45:00+01:00,116.07735398377095,89.28
2025-11-07 10:00:00+01:00,119.04244717273869,102.85
2025-11-07 10:15:00+01:00,118.61824327662433,94.96
2025-11-07 10:30:00+01:00,115.4890115253045,89.23
2025-11-07 10:45:00+01:00,108.58287133112856,86.48
2025-11-07 11:00:00+01:00,104.67937208156656,92.54
2025-11-07 11:15:00+01:00,95.47252951301995,89.69
2025-11-07 11:30:00+01:00,97.99801342271721,89.83
2025-11-07 11:45:00+01:00,89.32440608676168,87.89
2025-11-07 12:00:00+01:00,94.15425919802827,88.29
2025-11-07 12:15:00+01:00,95.88977498221342,88.22
2025-11-07 12:30:00+01:00,96.13578542341428,88.8
2025-11-07 12:45:00+01:00,93.42054065006724,89.9
2025-11-07 13:00:00+01:00,103.16230610041325,88.23
2025-11-07 13:15:00+01:00,105.49220579595143,90.56
2025-11-07 13:30:00+01:00,116.7097185821375,93.54
2025-11-07 13:45:00+01:00,145.49261666972882,95.88
2025-11-07 14:00:00+01:00,104.80716214645355,80.82
2025-11-07 14:15:00+01:00,124.96532248016955,98.87
2025-11-07 14:30:00+01:00,146.9302228425699,106.81
2025-11-07 14:45:00+01:00,182.55993853895444,125.9
2025-11-07 15:00:00+01:00,107.14973228542421,91.87
2025-11-07 15:15:00+01:00,145.1623880763131,112.21
2025-11-07 15:30:00+01:00,171.45968480530829,133.5
2025-11-07 15:45:00+01:00,201.71397715734412,180.91
2025-11-07 16:00:00+01:00,140.840853284796,129.33
2025-11-07 16:15:00+01:00,168.35746416265022,144.57
2025-11-07 16:30:00+01:00,216.56549886103898,166.96
2025-11-07 16:45:00+01:00,251.40769381864922,219.63
2025-11-07 17:00:00+01:00,164.52342332813487,172.06
2025-11-07 17:15:00+01:00,166.86143387181266,184.76
2025-11-07 17:30:00+01:00,192.87719568613943,180.71
2025-11-07 17:45:00+01:00,183.83814214454856,176.62
2025-11-07 18:00:00+01:00,194.75206818291502,154.59
2025-11-07 18:15:00+01:00,196.97717266089063,141.42
2025-11-07 18:30:00+01:00,195.60801888656437,142.95
2025-11-07 18:45:00+01:00,191.30549678261266,143.77
2025-11-07 19:00:00+01:00,204.3679081018645,144.45
2025-11-07 19:15:00+01:00,190.34261125082878,136.28
2025-11-07 19:30:00+01:00,177.46901945355572,123.29
2025-11-07 19:45:00+01:00,162.55697651894403,121.91
2025-11-07 20:00:00+01:00,165.92183158397617,133.46
2025-11-07 20:15:00+01:00,123.67024650083289,120.71
2025-11-07 20:30:00+01:00,142.13516621846367,115.42
2025-11-07 20:45:00+01:00,118.20450652117165,108.12
2025-11-07 21:00:00+01:00,141.1376509081206,117.27
2025-11-07 21:15:00+01:00,130.89722160278833,109.6
2025-11-07 21:30:00+01:00,123.81747642938228,103.77
2025-11-07 21:45:00+01:00,106.54452361887883,95.97
2025-11-07 22:00:00+01:00,127.85401706425145,107.31
2025-11-07 22:15:00+01:00,109.66002289489013,104.51
2025-11-07 22:30:00+01:00,109.02890197536519,94.99
2025-11-07 22:45:00+01:00,109.85689137213147,86.29
2025-11-07 23:00:00+01:00,121.50411284197234,100.73
2025-11-07 23:15:00+01:00,108.39000815047703,94.99
2025-11-07 23:30:00+01:00,101.55384194737957,88.89
2025-11-07 23:45:00+01:00,92.47274699266953,83.6
2025-11-08 00:00:00+01:00,99.66950143922897,102.32
2025-11-08 00:15:00+01:00,96.44495081026358,101.1
2025-11-08 00:30:00+01:00,95.05116095762665,90.13
2025-11-08 00:45:00+01:00,91.71489585282009,92.57
2025-11-08 01:00:00+01:00,94.0671442415377,100.41
2025-11-08 01:15:00+01:00,90.29872105161475,96.56
2025-11-08 01:30:00+01:00,89.16136811920721,94.99
2025-11-08 01:45:00+01:00,87.64839519652045,93.34
2025-11-08 02:00:00+01:00,91.12865122931056,95.97
2025-11-08 02:15:00+01:00,90.33413144446895,93.29
2025-11-08 02:30:00+01:00,90.40857539165499,93.88
2025-11-08 02:45:00+01:00,89.97078376616095,92.85
2025-11-08 03:00:00+01:00,91.1162342467236,94.76
2025-11-08 03:15:00+01:00,90.24687372251823,94.22
2025-11-08 03:30:00+01:00,91.85861688803404,93.86
2025-11-08 03:45:00+01:00,93.16511117155952,93.05
2025-11-08 04:00:00+01:00,89.81285019506723,93.81
2025-11-08 04:15:00+01:00,91.29823624694905,95.56
2025-11-08 04:30:00+01:00,95.85253460480864,95.82
2025-11-08 04:45:00+01:00,96.28583801857376,94.96
2025-11-08 05:00:00+01:00,87.55290057889799,93.82
2025-11-08 05:15:00+01:00,92.84785759604915,93.65
2025-11-08 05:30:00+01:00,99.04823407193845,94.51
2025-11-08 05:45:00+01:00,102.5585246701977,94.8
2025-11-08 06:00:00+01:00,96.48506209028777,87.61
2025-11-08 06:15:00+01:00,108.35659980282702,90.7
2025-11-08 06:30:00+01:00,117.74082280110076,99.57
2025-11-08 06:45:00+01:00,131.32544114029974,103.23
2025-11-08 07:00:00+01:00,128.71949024978431,99.97
2025-11-08 07:15:00+01:00,154.35881924166205,102.67
2025-11-08 07:30:00+01:00,154.78421550826795,106.93
2025-11-08 07:45:00+01:00,145.79555172856422,105.8
2025-11-08 08:00:00+01:00,142.81548411272857,111.07
2025-11-08 08:15:00+01:00,131.17051072969883,108.31
2025-11-08 08:30:00+01:00,124.98821243721683,102.82
2025-11-08 08:45:00+01:00,101.75671134822899,99.8
2025-11-08 09:00:00+01:00,125.13740254490557,111.37
2025-11-08 09:15:00+01:00,112.15925499969785,103.77
2025-11-08 09:30:00+01:00,88.4737137663193,102.14
2025-11-08 09:45:00+01:00,74.13215133304236,97.2
2025-11-08 10:00:00+01:00,108.55445448710158,110.81
2025-11-08 10:15:00+01:00,94.6364020632131,102.83
2025-11-08 10:30:00+01:00,90.5186515230252,99.75
2025-11-08 10:45:00+01:00,89.59642967137165,95.32
2025-11-08 11:00:00+01:00,93.88929187634193,100.05
2025-11-08 11:15:00+01:00,92.50683151952364,97.89
2025-11-08 11:30:00+01:00,92.64498234226038,94.85
2025-11-08 11:45:00+01:00,93.18687361786564,95.0
2025-11-08 12:00:00+01:00,87.9294056093807,99.94
2025-11-08 12:15:00+01:00,87.48648973673878,95.84
2025-11-08 12:30:00+01:00,81.9169909943268,92.59
2025-11-08 12:45:00+01:00,85.43926822861216,92.27
2025-11-08 13:00:00+01:00,81.58771171673459,93.15
2025-11-08 13:15:00+01:00,79.16221052449652,93.59
2025-11-08 13:30:00+01:00,80.32730367706743,96.92
2025-11-08 13:45:00+01:00,88.55699495239291,99.99
2025-11-08 14:00:00+01:00,90.4348579610543,86.33
2025-11-08 14:15:00+01:00,90.21635121776298,97.21
2025-11-08 14:30:00+01:00,97.0441804620586,104.41
2025-11-08 14:45:00+01:00,106.19560484349952,118.22
2025-11-08 15:00:00+01:00,101.84699413299,95.68
2025-11-08 15:15:00+01:00,108.60523531319262,109.93
2025-11-08 15:30:00+01:00,121.77877985143417,127.0
2025-11-08 15:45:00+01:00,137.10429211331217,137.86
2025-11-08 16:00:00+01:00,99.60444545953655,112.51
2025-11-08 16:15:00+01:00,122.23067178457933,118.6
2025-11-08 16:30:00+01:00,129.37441388088934,124.42
2025-11-08 16:45:00+01:00,158.9315871794248,143.01
2025-11-08 17:00:00+01:00,119.35051207210418,123.9
2025-11-08 17:15:00+01:00,139.97685359813264,136.88
2025-11-08 17:30:00+01:00,155.4516170283775,138.04
2025-11-08 17:45:00+01:00,169.9776577989628,140.84
2025-11-08 18:00:00+01:00,163.02276386513512,137.72
2025-11-08 18:15:00+01:00,155.90309486351978,135.99
2025-11-08 18:30:00+01:00,175.94129323657893,136.78
2025-11-08 18:45:00+01:00,182.70616453463697,135.64
2025-11-08 19:00:00+01:00,181.73364341765173,136.15
2025-11-08 19:15:00+01:00,161.28792703976308,133.43
2025-11-08 19:30:00+01:00,132.43233562843147,131.0
2025-11-08 19:45:00+01:00,124.86474894920121,127.34
2025-11-08 20:00:00+01:00,146.1849598466446,132.7
2025-11-08 20:15:00+01:00,126.34166463293975,126.07
2025-11-08 20:30:00+01:00,105.88712653021241,121.83
2025-11-08 20:45:00+01:00,102.29386912706653,111.27
2025-11-08 21:00:00+01:00,128.80137784186311,122.6
2025-11-08 21:15:00+01:00,125.41123263195868,120.04
2025-11-08 21:30:00+01:00,117.95862626750463,108.39
2025-11-08 21:45:00+01:00,104.04365370393324,102.19
2025-11-08 22:00:00+01:00,123.73354805808867,112.3
2025-11-08 22:15:00+01:00,108.86736097301844,107.43
2025-11-08 22:30:00+01:00,112.15606437521555,104.69
2025-11-08 22:45:00+01:00,93.82735524535859,100.62
2025-11-08 23:00:00+01:00,117.86373575141633,104.41
2025-11-08 23:15:00+01:00,104.45809190986853,99.93
2025-11-08 23:30:00+01:00,98.68882173523771,95.0
2025-11-08 23:45:00+01:00,95.28053586339027,88.28
2025-11-09 00:00:00+01:00,103.12237463181043,99.33
2025-11-09 00:15:00+01:00,99.26310684434333,92.43
2025-11-09 00:30:00+01:00,97.13021401880758,97.99
2025-11-09 00:45:00+01:00,93.13523574759388,95.63
2025-11-09 01:00:00+01:00,98.35392546158876,100.39
2025-11-09 01:15:00+01:00,95.01166824020052,95.0
2025-11-09 01:30:00+01:00,94.57050222535605,92.42
2025-11-09 01:45:00+01:00,90.62658404598062,90.41
2025-11-09 02:00:00+01:00,96.75389201457561,95.08
2025-11-09 02:15:00+01:00,93.8345499994641,93.77
2025-11-09 02:30:00+01:00,94.09893264224141,92.07
2025-11-09 02:45:00+01:00,92.64792007232798,90.41
2025-11-09 03:00:00+01:00,95.12625253669145,91.52
2025-11-09 03:15:00+01:00,92.92586342819703,90.4
2025-11-09 03:30:00+01:00,93.36003359734367,89.99
2025-11-09 03:45:00+01:00,94.96466675894442,92.62
2025-11-09 04:00:00+01:00,92.64483109434542,90.49
2025-11-09 04:15:00+01:00,92.80517979908565,91.42
2025-11-09 04:30:00+01:00,94.75321132282147,90.98
2025-11-09 04:45:00+01:00,98.64562880322345,93.7
2025-11-09 05:00:00+01:00,87.13193676695663,91.83
2025-11-09 05:15:00+01:00,88.28792575981421,91.3
2025-11-09 05:30:00+01:00,93.6328344122991,93.2
2025-11-09 05:45:00+01:00,91.76766802726505,90.41
2025-11-09 06:00:00+01:00,87.81268451550835,90.18
2025-11-09 06:15:00+01:00,96.10306355168642,89.14
2025-11-09 06:30:00+01:00,102.44112599636495,90.4
2025-11-09 06:45:00+01:00,109.09804142800789,90.03
2025-11-09 07:00:00+01:00,110.85831349055941,89.97
2025-11-09 07:15:00+01:00,126.44260743289863,84.97
2025-11-09 07:30:00+01:00,134.50480685887553,88.56
2025-11-09 07:45:00+01:00,126.36256678038484,90.96
2025-11-09 08:00:00+01:00,110.3069241823745,93.75
2025-11-09 08:15:00+01:00,105.5800465903772,100.09
2025-11-09 08:30:00+01:00,108.4062965610207,98.75
2025-11-09 08:45:00+01:00,92.86627041352182,96.5
2025-11-09 09:00:00+01:00,118.25577569049588,101.01
2025-11-09 09:15:00+01:00,110.25342244819336,98.91
2025-11-09 09:30:00+01:00,91.3181207754915,96.23
2025-11-09 09:45:00+01:00,79.78704348285302,94.32
2025-11-09 10:00:00+01:00,111.14931135255188,99.49
2025-11-09 10:15:00+01:00,93.38933697316402,96.05
2025-11-09 10:30:00+01:00,83.54233772137594,97.19
2025-11-09 10:45:00+01:00,82.47734280135201,95.4
2025-11-09 11:00:00+01:00,95.44283739404695,99.69
2025-11-09 11:15:00+01:00,99.69710219885721,98.45
2025-11-09 11:30:00+01:00,97.36823349951328,96.33
2025-11-09 11:45:00+01:00,86.1232709065756,94.75
2025-11-09 12:00:00+01:00,97.7859555221572,98.79
2025-11-09 12:15:00+01:00,85.28789956140136,97.63
2025-11-09 12:30:00+01:00,83.40919610323782,96.69
2025-11-09 12:45:00+01:00,102.07369473996448,98.24
2025-11-09 13:00:00+01:00,91.22839663704254,99.38
2025-11-09 13:15:00+01:00,96.23595212501257,98.78
2025-11-09 13:30:00+01:00,88.04293051879574,93.88
2025-11-09 13:45:00+01:00,87.50711660799584,93.57
2025-11-09 14:00:00+01:00,92.15836503708431,93.93
2025-11-09 14:15:00+01:00,91.48933865557706,93.71
2025-11-09 14:30:00+01:00,99.78641329753091,98.58
2025-11-09 14:45:00+01:00,111.82812806827461,103.04
2025-11-09 15:00:00+01:00,83.53976976082558,89.97
2025-11-09 15:15:00+01:00,100.68881961865787,97.24
2025-11-09 15:30:00+01:00,118.7411531752085,99.87
2025-11-09 15:45:00+01:00,136.3130127819538,104.1
2025-11-09 16:00:00+01:00,85.17565556905585,102.66
2025-11-09 16:15:00+01:00,102.17488727873207,109.6
2025-11-09 16:30:00+01:00,125.70854883327158,112.63
2025-11-09 16:45:00+01:00,156.11154997628933,114.5
2025-11-09 17:00:00+01:00,98.70581693931933,112.92
2025-11-09 17:15:00+01:00,120.96813437390772,124.24
2025-11-09 17:30:00+01:00,139.43673544911917,130.73
2025-11-09 17:45:00+01:00,165.05421041217787,132.51
2025-11-09 18:00:00+01:00,133.82795763333135,125.56
2025-11-09 18:15:00+01:00,141.55330403539264,127.51
2025-11-09 18:30:00+01:00,147.37704107178882,126.71
2025-11-09 18:45:00+01:00,164.82745897344827,124.62
2025-11-09 19:00:00+01:00,156.35177104514196,122.09
2025-11-09 19:15:00+01:00,146.13507929218417,121.36
2025-11-09 19:30:00+01:00,139.1765360077415,114.5
2025-11-09 19:45:00+01:00,133.06365454127524,113.87
2025-11-09 20:00:00+01:00,141.1803987570523,115.16
2025-11-09 20:15:00+01:00,122.41102384833117,116.18
2025-11-09 20:30:00+01:00,112.8484232738659,102.88
2025-11-09 20:45:00+01:00,100.62509697733617,89.78
2025-11-09 21:00:00+01:00,119.20481306649836,102.84
2025-11-09 21:15:00+01:00,108.99646093955894,89.97
2025-11-09 21:30:00+01:00,103.15562819761996,93.05
2025-11-09 21:45:00+01:00,94.32224649349422,88.29
2025-11-09 22:00:00+01:00,115.81888982598171,102.83
2025-11-09 22:15:00+01:00,108.55077576225231,93.83
2025-11-09 22:30:00+01:00,104.21013656786921,89.5
2025-11-09 22:45:00+01:00,89.14393776712957,83.1
2025-11-09 23:00:00+01:00,107.12348897310764,95.11
2025-11-09 23:15:00+01:00,99.56575484534959,89.53
2025-11-09 23:30:00+01:00,94.1287489035909,89.49
2025-11-09 23:45:00+01:00,87.49446584941475,85.59
2025-11-10 00:00:00+01:00,93.4518734351817,92.38
2025-11-10 00:15:00+01:00,88.45539617196421,89.98
2025-11-10 00:30:00+01:00,86.19128415736253,87.4
2025-11-10 00:45:00+01:00,83.15109913065027,86.16
2025-11-10 01:00:00+01:00,87.38099777792048,88.71
2025-11-10 01:15:00+01:00,85.21700983151989,88.46
2025-11-10 01:30:00+01:00,84.46020162159105,86.43
2025-11-10 01:45:00+01:00,82.67856022183986,86.94
2025-11-10 02:00:00+01:00,85.33228518188041,90.65
2025-11-10 02:15:00+01:00,84.61349615858781,89.6
2025-11-10 02:30:00+01:00,83.66317361536488,88.25
2025-11-10 02:45:00+01:00,82.54833308231679,87.11
2025-11-10 03:00:00+01:00,85.20925812184069,88.17
2025-11-10 03:15:00+01:00,82.97398707395666,87.27
2025-11-10 03:30:00+01:00,82.87593111135772,87.63
2025-11-10 03:45:00+01:00,82.61327764110852,87.02
2025-11-10 04:00:00+01:00,83.51661246688268,85.32
2025-11-10 04:15:00+01:00,84.30244774197791,85.05
2025-11-10 04:30:00+01:00,87.93290649349119,87.02
2025-11-10 04:45:00+01:00,90.95987079490729,91.32
2025-11-10 05:00:00+01:00,85.57637831278191,86.07
2025-11-10 05:15:00+01:00,88.92252802477402,86.54
2025-11-10 05:30:00+01:00,98.55667344651114,94.57
2025-11-10 05:45:00+01:00,108.35789632365066,102.07
2025-11-10 06:00:00+01:00,84.07544062577529,88.27
2025-11-10 06:15:00+01:00,115.35559344956442,103.37
2025-11-10 06:30:00+01:00,136.71289717066642,122.25
2025-11-10 06:45:00+01:00,154.2542663854182,139.92
2025-11-10 07:00:00+01:00,152.44643772114298,125.13
2025-11-10 07:15:00+01:00,188.52539822145252,140.93
2025-11-10 07:30:00+01:00,167.56851279935694,149.45
2025-11-10 07:45:00+01:00,156.41969774726493,156.47
2025-11-10 08:00:00+01:00,201.48167951275585,176.4
2025-11-10 08:15:00+01:00,168.77939754540722,159.14
2025-11-10 08:30:00+01:00,129.74802146481736,156.15
2025-11-10 08:45:00+01:00,110.07905058976901,139.81
2025-11-10 09:00:00+01:00,147.94485035637013,175.95
2025-11-10 09:15:00+01:00,128.11259646830723,146.07
2025-11-10 09:30:00+01:00,106.16593953937426,132.6
2025-11-10 09:45:00+01:00,93.70574384261381,122.57
2025-11-10 10:00:00+01:00,102.81903442758933,145.7
2025-11-10 10:15:00+01:00,103.80272620435674,127.54
2025-11-10 10:30:00+01:00,94.62420708286263,123.34
2025-11-10 10:45:00+01:00,84.67920175820376,108.51
2025-11-10 11:00:00+01:00,114.69697546935726,122.57
2025-11-10 11:15:00+01:00,110.49437939773941,117.76
2025-11-10 11:30:00+01:00,109.26484818709369,111.81
2025-11-10 11:45:00+01:00,108.27763157786481,108.84
2025-11-10 12:00:00+01:00,123.98062372801829,109.43
2025-11-10 12:15:00+01:00,103.6189890710651,107.39
2025-11-10 12:30:00+01:00,99.75338768678188,102.83
2025-11-10 12:45:00+01:00,101.02618387652012,104.04
2025-11-10 13:00:00+01:00,116.21277098475835,107.91
2025-11-10 13:15:00+01:00,113.43314918468737,107.08
2025-11-10 13:30:00+01:00,116.77398117173888,105.47
2025-11-10 13:45:00+01:00,120.7542690431141,113.18
2025-11-10 14:00:00+01:00,115.49503571003997,102.38
2025-11-10 14:15:00+01:00,130.34403181412375,104.13
2025-11-10 14:30:00+01:00,128.70744290148798,118.62
2025-11-10 14:45:00+01:00,156.8632724778778,137.13
2025-11-10 15:00:00+01:00,107.21363022991687,102.85
2025-11-10 15:15:00+01:00,121.07571667237318,110.52
2025-11-10 15:30:00+01:00,143.27313601963016,128.94
2025-11-10 15:45:00+01:00,163.10200071582125,162.7
2025-11-10 16:00:00+01:00,109.28771866074337,125.11
2025-11-10 16:15:00+01:00,138.78699376066166,129.52
2025-11-10 16:30:00+01:00,150.29396260390502,131.96
2025-11-10 16:45:00+01:00,196.74907325482388,146.83
2025-11-10 17:00:00+01:00,136.93261273642744,146.44
2025-11-10 17:15:00+01:00,145.65189155050737,146.3
2025-11-10 17:30:00+01:00,145.0665807375672,136.77
2025-11-10 17:45:00+01:00,144.8264187052309,128.1
2025-11-10 18:00:00+01:00,161.75965815637278,154.37
2025-11-10 18:15:00+01:00,143.45658929170617,130.56
2025-11-10 18:30:00+01:00,147.72054415652298,103.39
2025-11-10 18:45:00+01:00,145.5274929633772,94.58
2025-11-10 19:00:00+01:00,157.04544321492145,133.08
2025-11-10 19:15:00+01:00,144.74021248423068,102.11
2025-11-10 19:30:00+01:00,134.5695588088009,90.58
2025-11-10 19:45:00+01:00,119.68196993214141,88.88
2025-11-10 20:00:00+01:00,130.74506882349573,89.7
2025-11-10 20:15:00+01:00,126.11226089853443,96.4
2025-11-10 20:30:00+01:00,87.7916685788345,88.44
2025-11-10 20:45:00+01:00,88.3295753153074,85.9
2025-11-10 21:00:00+01:00,107.6880545085409,94.0
2025-11-10 21:15:00+01:00,94.50106666898134,87.63
2025-11-10 21:30:00+01:00,75.15142204780977,88.63
2025-11-10 21:45:00+01:00,76.58406981728572,85.69
2025-11-10 22:00:00+01:00,95.5254053119439,92.18
2025-11-10 22:15:00+01:00,92.9728987337394,89.59
2025-11-10 22:30:00+01:00,82.69789212932777,85.9
2025-11-10 22:45:00+01:00,68.05055186475221,85.9
2025-11-10 23:00:00+01:00,87.1349566185918,92.91
2025-11-10 23:15:00+01:00,81.40955501145311,85.62
2025-11-10 23:30:00+01:00,76.07175403258675,81.24
2025-11-10 23:45:00+01:00,65.47687305189852,75.71
2025-11-11 00:00:00+01:00,84.17255297651772,89.65
2025-11-11 00:15:00+01:00,75.952867022954,86.47
2025-11-11 00:30:00+01:00,78.69452575270994,78.38
2025-11-11 00:45:00+01:00,70.68453857576615,78.26
2025-11-11 01:00:00+01:00,77.75088289515288,88.86
2025-11-11 01:15:00+01:00,76.46750840374844,80.93
2025-11-11 01:30:00+01:00,74.0546667659378,76.54
2025-11-11 01:45:00+01:00,70.94166164100547,73.6
2025-11-11 02:00:00+01:00,77.41999896763004,77.65
2025-11-11 02:15:00+01:00,72.1044254069709,76.9
2025-11-11 02:30:00+01:00,73.02801569282929,74.5
2025-11-11 02:45:00+01:00,68.81091811174754,74.16
2025-11-11 03:00:00+01:00,74.85828726167084,73.04
2025-11-11 03:15:00+01:00,70.69202878944904,75.86
2025-11-11 03:30:00+01:00,69.62920960254354,76.4
2025-11-11 03:45:00+01:00,68.20173678243702,74.18
2025-11-11 04:00:00+01:00,69.08071770102046,73.51
2025-11-11 04:15:00+01:00,67.98079153118358,75.37
2025-11-11 04:30:00+01:00,74.3498531900327,75.94
2025-11-11 04:45:00+01:00,76.50356722791835,77.16
2025-11-11 05:00:00+01:00,66.78871134546611,70.72
2025-11-11 05:15:00+01:00,77.96521030675295,76.63
2025-11-11 05:30:00+01:00,83.04980850789795,76.92
2025-11-11 05:45:00+01:00,87.6894917042265,84.02
2025-11-11 06:00:00+01:00,71.50566612016989,74.61
2025-11-11 06:15:00+01:00,91.13875880573647,77.76
2025-11-11 06:30:00+01:00,101.12676633252825,88.88
2025-11-11 06:45:00+01:00,112.36695894337305,105.9
2025-11-11 07:00:00+01:00,104.3753672645085,97.03
2025-11-11 07:15:00+01:00,128.8556497433628,103.94
2025-11-11 07:30:00+01:00,125.86161648224414,109.38
2025-11-11 07:45:00+01:00,113.52277055653903,110.49
2025-11-11 08:00:00+01:00,145.8173330287849,119.64
2025-11-11 08:15:00+01:00,118.78554064838788,115.42
2025-11-11 08:30:00+01:00,109.87389512682451,113.56
2025-11-11 08:45:00+01:00,96.31025470169138,106.57
2025-11-11 09:00:00+01:00,111.95110957193508,115.76
2025-11-11 09:15:00+01:00,100.52423257979041,98.64
2025-11-11 09:30:00+01:00,88.99226961838666,103.62
2025-11-11 09:45:00+01:00,80.28580230366876,94.44
2025-11-11 10:00:00+01:00,103.3745064894349,106.39
2025-11-11 10:15:00+01:00,84.98533767093875,90.83
2025-11-11 10:30:00+01:00,77.2158304465251,85.99
2025-11-11 10:45:00+01:00,66.3472716583681,82.68
2025-11-11 11:00:00+01:00,83.90782434100628,93.08
2025-11-11 11:15:00+01:00,73.65617067977053,88.87
2025-11-11 11:30:00+01:00,66.62525344874025,85.91
2025-11-11 11:45:00+01:00,57.18839946656015,83.83
2025-11-11 12:00:00+01:00,66.71745929327479,85.41
2025-11-11 12:15:00+01:00,58.88382133407834,83.58
2025-11-11 12:30:00+01:00,58.79880284413529,85.29
2025-11-11 12:45:00+01:00,57.90609823626499,92.36
2025-11-11 13:00:00+01:00,52.28500285445291,84.06
2025-11-11 13:15:00+01:00,60.85472213513092,86.7
2025-11-11 13:30:00+01:00,62.08555038239389,90.43
2025-11-11 13:45:00+01:00,59.914092569707506,98.53
2025-11-11 14:00:00+01:00,56.211875014076995,87.43
2025-11-11 14:15:00+01:00,58.864131520143836,94.24
2025-11-11 14:30:00+01:00,67.71577455320411,104.77
2025-11-11 14:45:00+01:00,88.63810923433276,118.5
2025-11-11 15:00:00+01:00,75.74182242752416,97.75
2025-11-11 15:15:00+01:00,87.64382243467263,117.05
2025-11-11 15:30:00+01:00,108.32971039972301,136.58
2025-11-11 15:45:00+01:00,146.08541707069588,145.72
2025-11-11 16:00:00+01:00,87.8196769495795,128.59
2025-11-11 16:15:00+01:00,103.25973471673919,141.12
2025-11-11 16:30:00+01:00,121.62933945079976,148.68
2025-11-11 16:45:00+01:00,170.03575299798524,153.9
2025-11-11 17:00:00+01:00,111.91643586613431,147.63
2025-11-11 17:15:00+01:00,132.34724525318165,149.49
2025-11-11 17:30:00+01:00,136.5963167131315,143.6
2025-11-11 17:45:00+01:00,139.10861293487898,132.31
2025-11-11 18:00:00+01:00,145.70041377084144,137.35
2025-11-11 18:15:00+01:00,138.01117683599392,122.31
2025-11-11 18:30:00+01:00,131.74318403363515,107.44
2025-11-11 18:45:00+01:00,128.3610348264818,92.89
2025-11-11 19:00:00+01:00,140.77942606280018,112.69
2025-11-11 19:15:00+01:00,123.79949204658851,96.44
2025-11-11 19:30:00+01:00,103.90255743690321,105.18
2025-11-11 19:45:00+01:00,104.76329075056441,105.82
2025-11-11 20:00:00+01:00,122.53268358492647,106.87
2025-11-11 20:15:00+01:00,112.28884486388937,103.73
2025-11-11 20:30:00+01:00,95.17382184475561,96.9
2025-11-11 20:45:00+01:00,92.63681530565785,85.2
2025-11-11 21:00:00+01:00,106.13103854999869,106.94
2025-11-11 21:15:00+01:00,96.74154814634042,96.91
2025-11-11 21:30:00+01:00,99.2833358614133,94.43
2025-11-11 21:45:00+01:00,80.29823828774734,87.25
2025-11-11 22:00:00+01:00,94.9724903990994,116.38
2025-11-11 22:15:00+01:00,87.71831950215507,94.56
2025-11-11 22:30:00+01:00,84.05324939669107,85.91
2025-11-11 22:45:00+01:00,78.50149065876644,71.39
2025-11-11 23:00:00+01:00,90.01151054469938,89.78
2025-11-11 23:15:00+01:00,82.48297796529977,79.84
2025-11-11 23:30:00+01:00,79.41179312570762,74.29
2025-11-11 23:45:00+01:00,68.9154810103174,58.09
2025-11-12 00:00:00+01:00,87.38248048748655,88.54
2025-11-12 00:15:00+01:00,77.23607719189262,76.66
2025-11-12 00:30:00+01:00,75.61103875252097,68.23
2025-11-12 00:45:00+01:00,69.80194251128748,66.48
2025-11-12 01:00:00+01:00,80.03634071142577,76.38
2025-11-12 01:15:00+01:00,73.60491225436957,69.06
2025-11-12 01:30:00+01:00,71.29568705790383,62.55
2025-11-12 01:45:00+01:00,69.29579642267238,65.27
2025-11-12 02:00:00+01:00,73.68109957372754,65.4
2025-11-12 02:15:00+01:00,73.48527793878351,64.06
2025-11-12 02:30:00+01:00,73.41883845796697,67.0
2025-11-12 02:45:00+01:00,72.35372013063892,61.18
2025-11-12 03:00:00+01:00,72.97078852688121,65.51
2025-11-12 03:15:00+01:00,72.54455604491983,62.12
2025-11-12 03:30:00+01:00,72.63287598447894,60.97
2025-11-12 03:45:00+01:00,69.5638874402076,61.0
2025-11-12 04:00:00+01:00,67.86605227260131,60.89
2025-11-12 04:15:00+01:00,68.6370329410795,63.22
2025-11-12 04:30:00+01:00,74.71083887022256,63.78
2025-11-12 04:45:00+01:00,78.1634034245995,61.31
2025-11-12 05:00:00+01:00,74.50556115599205,63.99
2025-11-12 05:15:00+01:00,75.38188736082176,66.28
2025-11-12 05:30:00+01:00,82.07431763846368,74.12
2025-11-12 05:45:00+01:00,95.10316122332299,72.81
2025-11-12 06:00:00+01:00,75.42536610877906,59.39
2025-11-12 06:15:00+01:00,90.97433251555856,77.21
2025-11-12 06:30:00+01:00,93.04079628178688,76.4
2025-11-12 06:45:00+01:00,111.65424446840058,94.99
2025-11-12 07:00:00+01:00,103.733239989949,105.94
2025-11-12 07:15:00+01:00,117.16379975827365,107.55
2025-11-12 07:30:00+01:00,115.06952172413051,110.46
2025-11-12 07:45:00+01:00,96.54510889131214,105.09
2025-11-12 08:00:00+01:00,117.70387461990708,134.39
2025-11-12 08:15:00+01:00,118.04031682070419,109.73
2025-11-12 08:30:00+01:00,103.4682070012409,103.55
2025-11-12 08:45:00+01:00,78.34860309157719,55.22
2025-11-12 09:00:00+01:00,102.95582974169746,107.02
2025-11-12 09:15:00+01:00,90.65718565732358,83.19
2025-11-12 09:30:00+01:00,80.4924016700712,71.36
2025-11-12 09:45:00+01:00,72.13848186853605,50.88
2025-11-12 10:00:00+01:00,91.72860941845222,88.59
2025-11-12 10:15:00+01:00,80.01066039696036,72.2
2025-11-12 10:30:00+01:00,75.7860462008358,70.99
2025-11-12 10:45:00+01:00,71.37538200654191,54.33
2025-11-12 11:00:00+01:00,78.64054033141123,72.22
2025-11-12 11:15:00+01:00,77.87677840221119,58.88
2025-11-12 11:30:00+01:00,71.41179397717968,55.06
2025-11-12 11:45:00+01:00,66.43504114336207,53.86
2025-11-12 12:00:00+01:00,62.39949134359407,52.5
2025-11-12 12:15:00+01:00,65.76958854327637,54.12
2025-11-12 12:30:00+01:00,69.37597815333778,58.91
2025-11-12 12:45:00+01:00,74.04324781876781,71.01
2025-11-12 13:00:00+01:00,69.49636413013984,53.0
2025-11-12 13:15:00+01:00,71.01295091866793,64.83
2025-11-12 13:30:00+01:00,77.27732956307236,83.87
2025-11-12 13:45:00+01:00,83.39534151351847,93.37
2025-11-12 14:00:00+01:00,74.21178779604028,61.48
2025-11-12 14:15:00+01:00,82.2200244128759,57.24
2025-11-12 14:30:00+01:00,91.07628188028963,80.0
2025-11-12 14:45:00+01:00,109.02763441970446,122.98
2025-11-12 15:00:00+01:00,83.94279347221864,65.85
2025-11-12 15:15:00+01:00,105.06584216884993,92.64
2025-11-12 15:30:00+01:00,121.54616496461219,127.0
2025-11-12 15:45:00+01:00,137.25477065984407,134.39
2025-11-12 16:00:00+01:00,121.9162290061339,100.0
2025-11-12 16:15:00+01:00,119.5334775772746,114.0
2025-11-12 16:30:00+01:00,140.34214654018984,116.0
2025-11-12 16:45:00+01:00,153.24715439371715,124.5
2025-11-12 17:00:00+01:00,129.7001154496162,117.21
2025-11-12 17:15:00+01:00,140.1422723869728,115.99
2025-11-12 17:30:00+01:00,132.0888243672457,119.0
2025-11-12 17:45:00+01:00,109.94132645242802,109.38
2025-11-12 18:00:00+01:00,141.7556880807121,115.99
2025-11-12 18:15:00+01:00,127.16941080053307,109.9
2025-11-12 18:30:00+01:00,87.07988882079923,99.05
2025-11-12 18:45:00+01:00,89.61918252791176,94.53
2025-11-12 19:00:00+01:00,102.85559505171562,99.35
2025-11-12 19:15:00+01:00,73.94903373316752,87.42
2025-11-12 19:30:00+01:00,26.29097161973087,87.21
2025-11-12 19:45:00+01:00,87.81409067615056,81.73
2025-11-12 20:00:00+01:00,77.91435556305692,85.5
2025-11-12 20:15:00+01:00,43.19503098006152,84.81
2025-11-12 20:30:00+01:00,78.26989861364174,86.03
2025-11-12 20:45:00+01:00,69.74718385859742,67.44
2025-11-12 21:00:00+01:00,101.86757529543688,106.53
2025-11-12 21:15:00+01:00,82.37746537341519,86.02
2025-11-12 21:30:00+01:00,80.48200875309279,63.0
2025-11-12 21:45:00+01:00,66.38854812596246,52.07
2025-11-12 22:00:00+01:00,95.31056919938555,102.13
2025-11-12 22:15:00+01:00,78.29235295249156,79.43
2025-11-12 22:30:00+01:00,68.38585817848087,64.63
2025-11-12 22:45:00+01:00,61.356438531307376,55.99
2025-11-12 23:00:00+01:00,86.07823360967025,73.57
2025-11-12 23:15:00+01:00,77.87926345710441,64.53
2025-11-12 23:30:00+01:00,71.43880660074288,51.41
2025-11-12 23:45:00+01:00,65.98928180143346,38.23
2025-11-13 00:00:00+01:00,77.35197269469182,44.57
2025-11-13 00:15:00+01:00,65.90170413707006,36.24
2025-11-13 00:30:00+01:00,61.48249777119794,30.88
2025-11-13 00:45:00+01:00,56.018978394577644,19.98
2025-11-13 01:00:00+01:00,64.88794015081655,25.37
2025-11-13 01:15:00+01:00,59.22455941770815,19.03
2025-11-13 01:30:00+01:00,53.87369366617858,17.26
2025-11-13 01:45:00+01:00,51.91661608763523,14.23
2025-11-13 02:00:00+01:00,57.14085961569069,14.2
2025-11-13 02:15:00+01:00,54.7733626785575,13.36
2025-11-13 02:30:00+01:00,55.83365868607715,9.25
2025-11-13 02:45:00+01:00,54.02732360008417,7.94
2025-11-13 03:00:00+01:00,56.83026705966802,8.57
2025-11-13 03:15:00+01:00,56.5636109472761,8.09
2025-11-13 03:30:00+01:00,56.32828557238197,7.91
2025-11-13 03:45:00+01:00,54.09153503201456,6.55
2025-11-13 04:00:00+01:00,53.965936145192565,5.64
2025-11-13 04:15:00+01:00,55.33990212778701,5.63
2025-11-13 04:30:00+01:00,62.083619587250794,5.63
2025-11-13 04:45:00+01:00,61.022851967698614,7.1
2025-11-13 05:00:00+01:00,46.5642024597827,9.18
2025-11-13 05:15:00+01:00,66.28846146509167,15.63
2025-11-13 05:30:00+01:00,71.97483222829503,32.1
2025-11-13 05:45:00+01:00,83.63649946284184,46.98
2025-11-13 06:00:00+01:00,43.17227732110638,33.77
2025-11-13 06:15:00+01:00,66.80954579406023,54.99
2025-11-13 06:30:00+01:00,75.1805619155416,57.17
2025-11-13 06:45:00+01:00,99.64639159690412,57.61
2025-11-13 07:00:00+01:00,89.47707566453892,56.18
2025-11-13 07:15:00+01:00,109.95309916959758,85.02
2025-11-13 07:30:00+01:00,108.2910151576281,86.11
2025-11-13 07:45:00+01:00,88.63515859905367,80.07
2025-11-13 08:00:00+01:00,111.46991849434116,85.29
2025-11-13 08:15:00+01:00,107.36401605253916,67.91
2025-11-13 08:30:00+01:00,97.0869137911655,51.65
2025-11-13 08:45:00+01:00,74.14616200527209,59.48
2025-11-13 09:00:00+01:00,109.33033878949652,58.79
2025-11-13 09:15:00+01:00,91.45935426898977,56.76
2025-11-13 09:30:00+01:00,81.89284324688515,50.6
2025-11-13 09:45:00+01:00,69.51012041863575,48.29
2025-11-13 10:00:00+01:00,89.90696135908091,58.51
2025-11-13 10:15:00+01:00,81.75150859286632,50.4
2025-11-13 10:30:00+01:00,70.64370999173458,47.59
2025-11-13 10:45:00+01:00,66.4711666147846,44.79
2025-11-13 11:00:00+01:00,81.65678969016678,47.25
2025-11-13 11:15:00+01:00,72.06920317151219,36.95
2025-11-13 11:30:00+01:00,69.00889979172302,40.07
2025-11-13 11:45:00+01:00,66.52873013036351,47.57
2025-11-13 12:00:00+01:00,67.68436341915742,42.05
2025-11-13 12:15:00+01:00,66.06613220555366,46.86
2025-11-13 12:30:00+01:00,72.42671333345088,51.23
2025-11-13 12:45:00+01:00,74.78955717135342,52.22
2025-11-13 13:00:00+01:00,63.16761275440837,50.41
2025-11-13 13:15:00+01:00,74.00602694817924,52.21
2025-11-13 13:30:00+01:00,78.15468207035643,68.01
2025-11-13 13:45:00+01:00,87.43576715605332,71.66
2025-11-13 14:00:00+01:00,76.18516284825611,48.49
2025-11-13 14:15:00+01:00,78.7608438972782,64.37
2025-11-13 14:30:00+01:00,88.58906723914666,80.27
2025-11-13 14:45:00+01:00,111.39145550094594,116.21
2025-11-13 15:00:00+01:00,74.7891676744723,66.94
2025-11-13 15:15:00+01:00,95.00887291107703,85.44
2025-11-13 15:30:00+01:00,109.29647564447265,118.21
2025-11-13 15:45:00+01:00,125.89141110603138,136.07
2025-11-13 16:00:00+01:00,98.32039617150248,75.35
2025-11-13 16:15:00+01:00,116.90883238341239,118.17
2025-11-13 16:30:00+01:00,131.14991225730472,129.6
2025-11-13 16:45:00+01:00,156.22916132138965,122.93
2025-11-13 17:00:00+01:00,122.93362338027686,114.95
2025-11-13 17:15:00+01:00,140.71522744619213,128.49
2025-11-13 17:30:00+01:00,146.93126638979376,134.41
2025-11-13 17:45:00+01:00,150.38279781586263,142.55
2025-11-13 18:00:00+01:00,144.07527245352296,125.67
2025-11-13 18:15:00+01:00,136.33141157247803,128.47
2025-11-13 18:30:00+01:00,130.52245281706,134.35
2025-11-13 18:45:00+01:00,137.84664828262657,138.72
2025-11-13 19:00:00+01:00,127.77510301119246,132.32
2025-11-13 19:15:00+01:00,132.53754054945,130.57
2025-11-13 19:30:00+01:00,131.2956549613294,130.15
2025-11-13 19:45:00+01:00,131.97107650351256,126.51
2025-11-13 20:00:00+01:00,127.58637151657435,122.99
2025-11-13 20:15:00+01:00,119.52603101627726,107.94
2025-11-13 20:30:00+01:00,121.82472032918832,102.16
2025-11-13 20:45:00+01:00,106.78363957731938,114.29
2025-11-13 21:00:00+01:00,128.45066536106117,131.32
2025-11-13 21:15:00+01:00,120.60444280857368,123.82
2025-11-13 21:30:00+01:00,107.26376943375486,111.33
2025-11-13 21:45:00+01:00,99.2403194052726,99.96
2025-11-13 22:00:00+01:00,122.69043059438786,127.32
2025-11-13 22:15:00+01:00,112.17458504838046,114.18
2025-11-13 22:30:00+01:00,107.63621296250616,103.83
2025-11-13 22:45:00+01:00,96.58481649066314,97.01
2025-11-13 23:00:00+01:00,104.22988327202323,117.09
2025-11-13 23:15:00+01:00,98.37741084670513,109.52
2025-11-13 23:30:00+01:00,97.49625473846898,100.01
2025-11-13 23:45:00+01:00,90.2778787050085,84.47
2025-11-14 00:00:00+01:00,109.3086821048554,97.96
2025-11-14 00:15:00+01:00,102.71255531435231,94.94
2025-11-14 00:30:00+01:00,94.79398932148865,101.3
2025-11-14 00:45:00+01:00,91.24483292580784,99.57
2025-11-14 01:00:00+01:00,101.23226410908227,96.96
2025-11-14 01:15:00+01:00,95.79582977956537,91.72
2025-11-14 01:30:00+01:00,92.50430291698953,98.89
2025-11-14 01:45:00+01:00,90.37421272375369,95.64
2025-11-14 02:00:00+01:00,97.93600586027821,98.65
2025-11-14 02:15:00+01:00,92.76592624687532,97.3
2025-11-14 02:30:00+01:00,90.56926168131909,97.09
2025-11-14 02:45:00+01:00,88.97939327903104,86.69
2025-11-14 03:00:00+01:00,92.70629737176574,90.79
2025-11-14 03:15:00+01:00,90.36414988805397,89.83
2025-11-14 03:30:00+01:00,90.66300255568302,90.62
2025-11-14 03:45:00+01:00,91.00694545316111,94.88
2025-11-14 04:00:00+01:00,86.99155722082371,88.83
2025-11-14 04:15:00+01:00,87.75339440428648,90.07
2025-11-14 04:30:00+01:00,99.07533239335905,93.05
2025-11-14 04:45:00+01:00,104.51420370367853,96.57
2025-11-14 05:00:00+01:00,85.72047312256488,95.69
2025-11-14 05:15:00+01:00,93.13468213341702,92.08
2025-11-14 05:30:00+01:00,103.5917568985666,86.08
2025-11-14 05:45:00+01:00,103.18789851579935,92.56
2025-11-14 06:00:00+01:00,110.87040073181845,97.64
2025-11-14 06:15:00+01:00,111.72744905260367,113.1
2025-11-14 06:30:00+01:00,123.86055283152108,112.87
2025-11-14 06:45:00+01:00,142.48391846986158,127.5
2025-11-14 07:00:00+01:00,119.08421259199773,131.0
2025-11-14 07:15:00+01:00,140.33432090523513,140.0
2025-11-14 07:30:00+01:00,148.45215070863193,139.99
2025-11-14 07:45:00+01:00,161.05885433809706,142.4
2025-11-14 08:00:00+01:00,197.26934376866512,153.68
2025-11-14 08:15:00+01:00,140.93185066945085,140.31
2025-11-14 08:30:00+01:00,114.42112758874362,132.54
2025-11-14 08:45:00+01:00,88.85412882095689,119.01
2025-11-14 09:00:00+01:00,124.65460141639461,134.74
2025-11-14 09:15:00+01:00,105.44386002899839,121.93
2025-11-14 09:30:00+01:00,98.23919147216458,119.9
2025-11-14 09:45:00+01:00,90.00888054885151,107.04
2025-11-14 10:00:00+01:00,107.72556381158273,122.8
2025-11-14 10:15:00+01:00,106.0150711524524,115.64
2025-11-14 10:30:00+01:00,91.0193395294743,106.17
2025-11-14 10:45:00+01:00,84.67682862599654,103.5
2025-11-14 11:00:00+01:00,88.13490606612079,110.37
2025-11-14 11:15:00+01:00,81.06177189877965,106.29
2025-11-14 11:30:00+01:00,78.1151078373164,105.23
2025-11-14 11:45:00+01:00,84.64769140820485,102.25
2025-11-14 12:00:00+01:00,73.77895914171847,102.1
2025-11-14 12:15:00+01:00,76.35532387602356,100.0
2025-11-14 12:30:00+01:00,81.91669555804961,99.55
2025-11-14 12:45:00+01:00,88.68018551090418,103.25
2025-11-14 13:00:00+01:00,81.84541758632659,102.19
2025-11-14 13:15:00+01:00,79.80703323156354,101.52
2025-11-14 13:30:00+01:00,85.75419110339726,105.28
2025-11-14 13:45:00+01:00,90.07457927711064,112.7
2025-11-14 14:00:00+01:00,80.40858187709027,103.69
2025-11-14 14:15:00+01:00,83.74098075750558,110.7
2025-11-14 14:30:00+01:00,91.27669980305039,101.27
2025-11-14 14:45:00+01:00,112.85411210214113,112.59
2025-11-14 15:00:00+01:00,85.83905258653704,112.71
2025-11-14 15:15:00+01:00,110.18396903268321,107.77
2025-11-14 15:30:00+01:00,130.81307368410936,117.26
2025-11-14 15:45:00+01:00,147.7710299527046,123.83
2025-11-14 16:00:00+01:00,104.51448784125688,117.04
2025-11-14 16:15:00+01:00,123.80646025426955,124.91
2025-11-14 16:30:00+01:00,148.76828577167504,106.9
2025-11-14 16:45:00+01:00,154.16753524229176,115.01
2025-11-14 17:00:00+01:00,122.19230826548808,135.55
2025-11-14 17:15:00+01:00,124.39095858156297,134.26
2025-11-14 17:30:00+01:00,127.96582924650247,130.94
2025-11-14 17:45:00+01:00,123.59204327726314,125.53
2025-11-14 18:00:00+01:00,131.03897083627905,121.17
2025-11-14 18:15:00+01:00,124.05903580095267,106.01
2025-11-14 18:30:00+01:00,123.2347031943536,117.06
2025-11-14 18:45:00+01:00,113.95813654155188,135.0
2025-11-14 19:00:00+01:00,121.66087248939348,124.96
2025-11-14 19:15:00+01:00,106.72063143826593,102.29
2025-11-14 19:30:00+01:00,93.38406980262987,100.0
2025-11-14 19:45:00+01:00,89.4869191849429,98.71
2025-11-14 20:00:00+01:00,85.83013129312388,101.25
2025-11-14 20:15:00+01:00,86.05645468762117,94.69
2025-11-14 20:30:00+01:00,79.90668287956998,98.42
2025-11-14 20:45:00+01:00,61.25750525749506,101.3
2025-11-14 21:00:00+01:00,92.02922820573303,102.7
2025-11-14 21:15:00+01:00,72.69099045823728,89.06
2025-11-14 21:30:00+01:00,45.26514016588112,92.94
2025-11-14 21:45:00+01:00,57.81324162251194,87.95
2025-11-14 22:00:00+01:00,93.69031456821885,103.2
2025-11-14 22:15:00+01:00,63.78309110803347,101.22
2025-11-14 22:30:00+01:00,50.77550011976566,99.72
2025-11-14 22:45:00+01:00,38.87528424512202,83.92
2025-11-14 23:00:00+01:00,86.11395446637977,98.68
2025-11-14 23:15:00+01:00,76.0991851722833,85.12
2025-11-14 23:30:00+01:00,60.587149206053226,72.97
2025-11-14 23:45:00+01:00,51.30927181657201,57.83
2025-11-15 00:00:00+01:00,84.67103495599471,85.67
2025-11-15 00:15:00+01:00,77.02237698264406,78.99
2025-11-15 00:30:00+01:00,70.01303456159667,78.58
2025-11-15 00:45:00+01:00,61.6812849851716,66.27
2025-11-15 01:00:00+01:00,76.38782023536652,83.9
2025-11-15 01:15:00+01:00,67.59292702549553,81.59
2025-11-15 01:30:00+01:00,62.56290705964119,75.97
2025-11-15 01:45:00+01:00,56.76372906546271,70.34
2025-11-15 02:00:00+01:00,67.83640895073151,81.24
2025-11-15 02:15:00+01:00,60.61239850328679,75.07
2025-11-15 02:30:00+01:00,59.970843000913156,73.9
2025-11-15 02:45:00+01:00,57.71250936728603,68.66
2025-11-15 03:00:00+01:00,61.74890168170256,76.0
2025-11-15 03:15:00+01:00,63.42649047600172,69.39
2025-11-15 03:30:00+01:00,62.669676990907234,74.16
2025-11-15 03:45:00+01:00,57.83015130129234,72.57
2025-11-15 04:00:00+01:00,58.02006426517852,77.16
2025-11-15 04:15:00+01:00,58.636188211452534,73.94
2025-11-15 04:30:00+01:00,64.78156031952521,68.64
2025-11-15 04:45:00+01:00,63.32948524265187,69.06
2025-11-15 05:00:00+01:00,34.16957662855476,66.21
2025-11-15 05:15:00+01:00,58.90031563519832,66.91
2025-11-15 05:30:00+01:00,62.32043911277026,69.23
2025-11-15 05:45:00+01:00,65.59168987692415,80.11
2025-11-15 06:00:00+01:00,30.163445920896557,55.15
2025-11-15 06:15:00+01:00,37.411940901044446,66.7
2025-11-15 06:30:00+01:00,35.09397637141309,70.26
2025-11-15 06:45:00+01:00,49.09092794720258,80.52
2025-11-15 07:00:00+01:00,26.98640705401317,77.02
2025-11-15 07:15:00+01:00,25.53819094319988,77.91
2025-11-15 07:30:00+01:00,62.83300819746908,77.87
2025-11-15 07:45:00+01:00,64.43055402453837,75.42
2025-11-15 08:00:00+01:00,73.53559077523335,74.37
2025-11-15 08:15:00+01:00,73.35449482845829,75.05
2025-11-15 08:30:00+01:00,68.07639592009775,86.93
2025-11-15 08:45:00+01:00,61.62643227338125,83.91
2025-11-15 09:00:00+01:00,92.39671881069827,85.34
2025-11-15 09:15:00+01:00,90.45957425302659,80.35
2025-11-15 09:30:00+01:00,67.04049953569381,89.91
2025-11-15 09:45:00+01:00,50.65039855463521,85.34
2025-11-15 10:00:00+01:00,87.53266060141975,86.85
2025-11-15 10:15:00+01:00,69.59395671589193,85.94
2025-11-15 10:30:00+01:00,61.749114392029,83.26
2025-11-15 10:45:00+01:00,58.322929874284384,86.4
2025-11-15 11:00:00+01:00,69.11202670845577,86.32
2025-11-15 11:15:00+01:00,46.07268622325564,85.68
2025-11-15 11:30:00+01:00,47.09691589438208,86.13
2025-11-15 11:45:00+01:00,29.571191250213936,83.56
2025-11-15 12:00:00+01:00,57.03960656341882,80.74
2025-11-15 12:15:00+01:00,41.48591584193296,81.24
2025-11-15 12:30:00+01:00,42.565268419663866,87.28
2025-11-15 12:45:00+01:00,41.15854142548967,87.51
2025-11-15 13:00:00+01:00,44.46547245133843,85.99
2025-11-15 13:15:00+01:00,53.24547495938684,93.42
2025-11-15 13:30:00+01:00,63.122887063979,89.31
2025-11-15 13:45:00+01:00,54.21702588500341,93.95
2025-11-15 14:00:00+01:00,46.25481015124383,89.91
2025-11-15 14:15:00+01:00,61.258295838295446,89.92
2025-11-15 14:30:00+01:00,58.63716901313603,89.91
2025-11-15 14:45:00+01:00,75.78734715387874,108.87
2025-11-15 15:00:00+01:00,75.77621854706152,95.82
2025-11-15 15:15:00+01:00,78.58061872987174,106.91
2025-11-15 15:30:00+01:00,88.09065010834001,91.28
2025-11-15 15:45:00+01:00,103.86519965836762,110.76
2025-11-15 16:00:00+01:00,74.02813880287559,106.37
2025-11-15 16:15:00+01:00,95.79018437884734,101.5
2025-11-15 16:30:00+01:00,105.89238367754562,110.3
2025-11-15 16:45:00+01:00,130.44178835618797,121.0
2025-11-15 17:00:00+01:00,98.50100138322395,114.26
2025-11-15 17:15:00+01:00,111.26510963683995,125.02
2025-11-15 17:30:00+01:00,123.33902898108465,125.01
2025-11-15 17:45:00+01:00,134.760753508805,122.91
2025-11-15 18:00:00+01:00,111.69724097449465,125.04
2025-11-15 18:15:00+01:00,115.51219819981134,126.39
2025-11-15 18:30:00+01:00,119.23821966541219,120.84
2025-11-15 18:45:00+01:00,132.57817367635693,113.82
2025-11-15 19:00:00+01:00,119.51590724584526,117.9
2025-11-15 19:15:00+01:00,104.25801396403085,110.6
2025-11-15 19:30:00+01:00,96.23076115943532,117.56
2025-11-15 19:45:00+01:00,97.33467656722316,110.2
2025-11-15 20:00:00+01:00,98.74700538620365,110.98
2025-11-15 20:15:00+01:00,100.81639079521224,118.68
2025-11-15 20:30:00+01:00,107.22446892595043,108.16
2025-11-15 20:45:00+01:00,90.98140728237709,98.68
2025-11-15 21:00:00+01:00,106.23547665196229,105.62
2025-11-15 21:15:00+01:00,103.28744643932846,103.29
2025-11-15 21:30:00+01:00,99.39834086230128,102.64
2025-11-15 21:45:00+01:00,84.85540409230282,99.99
2025-11-15 22:00:00+01:00,101.99582594218607,108.66
2025-11-15 22:15:00+01:00,103.17496747854173,103.21
2025-11-15 22:30:00+01:00,90.70437520055168,100.03
2025-11-15 22:45:00+01:00,83.32022179827005,94.97
2025-11-15 23:00:00+01:00,94.2038744394035,105.39
2025-11-15 23:15:00+01:00,87.03319424713426,100.0
2025-11-15 23:30:00+01:00,81.64257628920947,98.79
2025-11-15 23:45:00+01:00,69.13450370053404,87.29
2025-11-16 00:00:00+01:00,96.66096004271915,96.71
2025-11-16 00:15:00+01:00,94.56414331308278,93.15
2025-11-16 00:30:00+01:00,92.52294990007168,92.08
2025-11-16 00:45:00+01:00,90.28427753947022,93.05
2025-11-16 01:00:00+01:00,94.93140641656494,97.78
2025-11-16 01:15:00+01:00,91.4422155111855,91.71
2025-11-16 01:30:00+01:00,92.41450030088565,96.65
2025-11-16 01:45:00+01:00,90.03050131942126,93.86
2025-11-16 02:00:00+01:00,94.001676742024,93.27
2025-11-16 02:15:00+01:00,92.18939147450321,88.56
2025-11-16 02:30:00+01:00,91.04207447052377,95.81
2025-11-16 02:45:00+01:00,87.1077589047107,95.76
2025-11-16 03:00:00+01:00,90.53409330085361,96.81
2025-11-16 03:15:00+01:00,86.43288252775969,94.75
2025-11-16 03:30:00+01:00,87.74264877634452,87.09
2025-11-16 03:45:00+01:00,89.82178362607632,87.15
2025-11-16 04:00:00+01:00,87.70124339320716,90.81
2025-11-16 04:15:00+01:00,86.87936415948305,88.21
2025-11-16 04:30:00+01:00,89.77464235241042,87.1
2025-11-16 04:45:00+01:00,94.4363121912772,86.74
2025-11-16 05:00:00+01:00,84.53929862863966,97.99
2025-11-16 05:15:00+01:00,83.59227676679743,90.41
2025-11-16 05:30:00+01:00,86.5603841394231,89.05
2025-11-16 05:45:00+01:00,87.63156090189204,87.07
2025-11-16 06:00:00+01:00,77.40764856233174,81.65
2025-11-16 06:15:00+01:00,73.81556679989994,86.92
2025-11-16 06:30:00+01:00,67.09062965431863,87.03
2025-11-16 06:45:00+01:00,62.97713000273751,87.09
2025-11-16 07:00:00+01:00,69.85791039814762,87.08
2025-11-16 07:15:00+01:00,63.08693048756835,98.16
2025-11-16 07:30:00+01:00,85.57072992188235,88.34
2025-11-16 07:45:00+01:00,89.73431383679107,96.37
2025-11-16 08:00:00+01:00,85.9669202420205,99.1
2025-11-16 08:15:00+01:00,82.92550938046757,99.1
2025-11-16 08:30:00+01:00,92.12843087816911,99.83
2025-11-16 08:45:00+01:00,87.12388430715211,95.93
2025-11-16 09:00:00+01:00,105.50848849778356,102.31
2025-11-16 09:15:00+01:00,88.47319877164487,101.76
2025-11-16 09:30:00+01:00,92.35732398883277,100.73
2025-11-16 09:45:00+01:00,85.1737310955326,99.94
2025-11-16 10:00:00+01:00,95.78467167767234,100.3
2025-11-16 10:15:00+01:00,100.14117874574262,99.55
2025-11-16 10:30:00+01:00,88.7498570286191,97.84
2025-11-16 10:45:00+01:00,80.65885515928076,99.42
2025-11-16 11:00:00+01:00,88.70755269063302,102.12
2025-11-16 11:15:00+01:00,79.93977847624588,103.86
2025-11-16 11:30:00+01:00,76.4729357860648,103.62
2025-11-16 11:45:00+01:00,74.22385906600904,100.67
2025-11-16 12:00:00+01:00,73.89179684237205,105.58
2025-11-16 12:15:00+01:00,78.3579690522224,101.2
2025-11-16 12:30:00+01:00,81.45626426295034,101.82
2025-11-16 12:45:00+01:00,73.89959331763298,101.27
2025-11-16 13:00:00+01:00,63.684173100231206,103.21
2025-11-16 13:15:00+01:00,71.07634306402343,106.63
2025-11-16 13:30:00+01:00,71.42659364393909,102.18
2025-11-16 13:45:00+01:00,68.09211719805543,103.97
2025-11-16 14:00:00+01:00,69.58064980962216,100.78
2025-11-16 14:15:00+01:00,75.03655737051652,109.6
2025-11-16 14:30:00+01:00,77.76253255028095,112.81
2025-11-16 14:45:00+01:00,88.57580538455619,113.87
2025-11-16 15:00:00+01:00,77.24210277721967,107.38
2025-11-16 15:15:00+01:00,87.14100695177036,113.55
2025-11-16 15:30:00+01:00,92.459223667725,118.89
2025-11-16 15:45:00+01:00,109.08280318757384,127.06
2025-11-16 16:00:00+01:00,87.36266067328854,116.32
2025-11-16 16:15:00+01:00,97.2007497538344,121.55
2025-11-16 16:30:00+01:00,106.00998600019471,124.93
2025-11-16 16:45:00+01:00,127.4362171251301,135.18
2025-11-16 17:00:00+01:00,109.07348901111547,123.83
2025-11-16 17:15:00+01:00,117.33345275953552,128.9
2025-11-16 17:30:00+01:00,128.73352313350796,132.94
2025-11-16 17:45:00+01:00,128.07700765696777,131.82
2025-11-16 18:00:00+01:00,129.98998575901672,129.5
2025-11-16 18:15:00+01:00,135.9734283981025,125.13
2025-11-16 18:30:00+01:00,116.66101636006312,124.71
2025-11-16 18:45:00+01:00,105.32378009232417,121.5
2025-11-16 19:00:00+01:00,123.57950463378153,120.2
2025-11-16 19:15:00+01:00,107.57648937140445,116.98
2025-11-16 19:30:00+01:00,107.36835997035543,116.05
2025-11-16 19:45:00+01:00,108.86569799742631,108.09
2025-11-16 20:00:00+01:00,116.30835766473825,111.96
2025-11-16 20:15:00+01:00,107.40170452807963,103.27
2025-11-16 20:30:00+01:00,99.75350851189198,100.0
2025-11-16 20:45:00+01:00,93.48081062161496,95.64
2025-11-16 21:00:00+01:00,101.23959846432413,94.38
2025-11-16 21:15:00+01:00,82.42565888677127,91.04
2025-11-16 21:30:00+01:00,92.99231858970599,93.03
2025-11-16 21:45:00+01:00,87.714819246197,87.19
2025-11-16 22:00:00+01:00,98.8043737196252,99.99
2025-11-16 22:15:00+01:00,92.54063046959946,96.31
2025-11-16 22:30:00+01:00,89.73525059472311,90.74
2025-11-16 22:45:00+01:00,82.8452631572396,90.5
2025-11-16 23:00:00+01:00,90.0887224489896,100.02
2025-11-16 23:15:00+01:00,83.86291783560581,86.78
2025-11-16 23:30:00+01:00,79.96919547488815,84.78
2025-11-16 23:45:00+01:00,73.95308538901826,74.53
2025-11-17 00:00:00+01:00,79.68897203827169,90.05
2025-11-17 00:15:00+01:00,81.30398806091563,88.84
2025-11-17 00:30:00+01:00,77.95682265119407,90.04
2025-11-17 00:45:00+01:00,73.17821369362979,84.23
2025-11-17 01:00:00+01:00,82.40892706053697,86.36
2025-11-17 01:15:00+01:00,80.83910568761635,82.26
2025-11-17 01:30:00+01:00,76.74221331626785,79.7
2025-11-17 01:45:00+01:00,77.8714046036219,73.91
2025-11-17 02:00:00+01:00,78.9592764464154,78.13
2025-11-17 02:15:00+01:00,78.64467376833468,74.67
2025-11-17 02:30:00+01:00,75.85952089528084,72.7
2025-11-17 02:45:00+01:00,77.14903920724477,70.85
2025-11-17 03:00:00+01:00,77.43052663656432,72.35
2025-11-17 03:15:00+01:00,76.37949956425726,70.61
2025-11-17 03:30:00+01:00,73.17019768663582,71.24
2025-11-17 03:45:00+01:00,70.87963941052986,71.09
2025-11-17 04:00:00+01:00,72.9062309729449,71.39
2025-11-17 04:15:00+01:00,72.94920892760102,71.5
2025-11-17 04:30:00+01:00,73.74144395286523,74.01
2025-11-17 04:45:00+01:00,73.2043748915063,79.48
2025-11-17 05:00:00+01:00,73.2269662332989,71.71
2025-11-17 05:15:00+01:00,76.02805162620612,82.86
2025-11-17 05:30:00+01:00,80.75759448162721,87.78
2025-11-17 05:45:00+01:00,72.37791531610357,92.05
2025-11-17 06:00:00+01:00,68.45224949096813,85.87
2025-11-17 06:15:00+01:00,85.250659981851,94.13
2025-11-17 06:30:00+01:00,86.2466467072237,86.31
2025-11-17 06:45:00+01:00,102.47526989817298,92.05
2025-11-17 07:00:00+01:00,101.90589124117363,110.05
2025-11-17 07:15:00+01:00,103.63793813110159,115.3
2025-11-17 07:30:00+01:00,119.57989617189611,114.98
2025-11-17 07:45:00+01:00,105.59669849522989,119.14
2025-11-17 08:00:00+01:00,127.4690665289335,123.04
2025-11-17 08:15:00+01:00,123.56184042981536,130.09
2025-11-17 08:30:00+01:00,116.20827622561609,129.16
2025-11-17 08:45:00+01:00,87.21767875237282,125.68
2025-11-17 09:00:00+01:00,117.09472678050228,122.44
2025-11-17 09:15:00+01:00,99.40762968938341,128.78
2025-11-17 09:30:00+01:00,94.26847460540363,126.31
2025-11-17 09:45:00+01:00,84.99456723220973,109.22
2025-11-17 10:00:00+01:00,102.23717621349422,124.89
2025-11-17 10:15:00+01:00,96.55605506215448,110.1
2025-11-17 10:30:00+01:00,90.76971083484985,96.55
2025-11-17 10:45:00+01:00,72.92940756839755,89.32
2025-11-17 11:00:00+01:00,93.83514304680618,91.35
2025-11-17 11:15:00+01:00,91.19458833608415,84.19
2025-11-17 11:30:00+01:00,91.69730723541831,83.81
2025-11-17 11:45:00+01:00,78.27822607607692,78.22
2025-11-17 12:00:00+01:00,89.75964917658949,81.78
2025-11-17 12:15:00+01:00,96.25869929506035,77.5
2025-11-17 12:30:00+01:00,108.52041283020404,77.04
2025-11-17 12:45:00+01:00,105.13719851099845,74.9
2025-11-17 13:00:00+01:00,135.67927800428913,73.22
2025-11-17 13:15:00+01:00,126.5527754334901,76.31
2025-11-17 13:30:00+01:00,158.82250005483485,77.92
2025-11-17 13:45:00+01:00,112.24627148990582,83.69
2025-11-17 14:00:00+01:00,99.93113284367146,85.04
2025-11-17 14:15:00+01:00,110.4829035381818,85.07
2025-11-17 14:30:00+01:00,113.08304726434545,84.54
2025-11-17 14:45:00+01:00,105.23236992788748,93.49
2025-11-17 15:00:00+01:00,85.70559449972023,84.15
2025-11-17 15:15:00+01:00,99.31908297781193,96.3
2025-11-17 15:30:00+01:00,92.60182855428675,101.99
2025-11-17 15:45:00+01:00,108.10790320597836,107.64
2025-11-17 16:00:00+01:00,93.20308069420827,101.79
2025-11-17 16:15:00+01:00,99.93265961202381,108.31
2025-11-17 16:30:00+01:00,93.45605653508211,106.98
2025-11-17 16:45:00+01:00,114.04437195052788,112.2
2025-11-17 17:00:00+01:00,109.07029878835989,114.3
2025-11-17 17:15:00+01:00,119.62658105455866,118.26
2025-11-17 17:30:00+01:00,129.66454552462812,117.86
2025-11-17 17:45:00+01:00,125.29858315776313,119.0
2025-11-17 18:00:00+01:00,132.41582202714505,119.7
2025-11-17 18:15:00+01:00,126.55512931066987,114.32
2025-11-17 18:30:00+01:00,123.99539771956297,115.85
2025-11-17 18:45:00+01:00,130.04830816180427,116.1
2025-11-17 19:00:00+01:00,131.91349264378673,114.59
2025-11-17 19:15:00+01:00,122.63496804356848,112.22
2025-11-17 19:30:00+01:00,125.8009295244442,108.72
2025-11-17 19:45:00+01:00,125.94343148461124,107.28
2025-11-17 20:00:00+01:00,119.06040115847468,107.98
2025-11-17 20:15:00+01:00,108.90931630254497,107.28
2025-11-17 20:30:00+01:00,106.58172722942852,104.32
2025-11-17 20:45:00+01:00,89.44194889964038,91.98
2025-11-17 21:00:00+01:00,107.10974376339342,101.42
2025-11-17 21:15:00+01:00,87.37887812172832,94.42
2025-11-17 21:30:00+01:00,88.09890699731362,90.24
2025-11-17 21:45:00+01:00,77.005241579507,84.71
2025-11-17 22:00:00+01:00,97.2755321875775,93.6
2025-11-17 22:15:00+01:00,90.72447609963005,90.5
2025-11-17 22:30:00+01:00,88.61130450272344,90.01
2025-11-17 22:45:00+01:00,75.41381968241593,84.72
2025-11-17 23:00:00+01:00,86.52058239196916,90.45
2025-11-17 23:15:00+01:00,83.70781307268517,83.72
2025-11-17 23:30:00+01:00,79.94105426896596,78.39
2025-11-17 23:45:00+01:00,72.75420276152222,72.0
2025-11-18 00:00:00+01:00,85.49032628046902,89.07
2025-11-18 00:15:00+01:00,81.94631251557037,83.52
2025-11-18 00:30:00+01:00,78.86628117595818,85.98
2025-11-18 00:45:00+01:00,72.0338006283526,80.97
2025-11-18 01:00:00+01:00,81.17819919260268,86.66
2025-11-18 01:15:00+01:00,77.88806596151598,82.94
2025-11-18 01:30:00+01:00,74.71465356533184,82.33
2025-11-18 01:45:00+01:00,70.9088380070676,79.39
2025-11-18 02:00:00+01:00,75.87053120562283,81.29
2025-11-18 02:15:00+01:00,73.36513111854643,79.15
2025-11-18 02:30:00+01:00,73.38575359054441,78.88
2025-11-18 02:45:00+01:00,70.53033138966575,76.83
2025-11-18 03:00:00+01:00,73.13391222567007,78.21
2025-11-18 03:15:00+01:00,72.96208338511181,77.69
2025-11-18 03:30:00+01:00,71.40367460295852,77.62
2025-11-18 03:45:00+01:00,70.24850439183732,77.35
2025-11-18 04:00:00+01:00,71.86685064951368,76.88
2025-11-18 04:15:00+01:00,70.54479243092611,78.9
2025-11-18 04:30:00+01:00,72.46585956452383,81.58
2025-11-18 04:45:00+01:00,72.00577654554662,84.69
2025-11-18 05:00:00+01:00,70.16515495442901,76.78
2025-11-18 05:15:00+01:00,76.93624079662627,82.95
2025-11-18 05:30:00+01:00,81.0132587870293,86.06
2025-11-18 05:45:00+01:00,87.49992850684815,88.1
2025-11-18 06:00:00+01:00,79.94476289177287,87.15
2025-11-18 06:15:00+01:00,97.67758474331222,95.11
2025-11-18 06:30:00+01:00,99.10319468854904,91.55
2025-11-18 06:45:00+01:00,120.44719876659566,90.38
2025-11-18 07:00:00+01:00,96.3263148391849,102.37
2025-11-18 07:15:00+01:00,118.75126042631133,98.89
2025-11-18 07:30:00+01:00,128.63954539764526,107.79
2025-11-18 07:45:00+01:00,119.69724786102081,109.89
2025-11-18 08:00:00+01:00,150.82607414014325,132.09
2025-11-18 08:15:00+01:00,124.39507417422206,125.6
2025-11-18 08:30:00+01:00,119.75632087921292,118.92
2025-11-18 08:45:00+01:00,115.15384637638338,102.75
2025-11-18 09:00:00+01:00,115.34002153305326,133.83
2025-11-18 09:15:00+01:00,120.66454567805854,110.46
2025-11-18 09:30:00+01:00,105.67014779915168,97.72
2025-11-18 09:45:00+01:00,86.38105556132972,87.79
2025-11-18 10:00:00+01:00,94.92852852340665,101.55
2025-11-18 10:15:00+01:00,88.66941297445646,89.74
2025-11-18 10:30:00+01:00,87.24438825759111,89.31
2025-11-18 10:45:00+01:00,82.83212688943657,87.91
2025-11-18 11:00:00+01:00,85.89801197316817,87.13
2025-11-18 11:15:00+01:00,76.75544201696574,88.17
2025-11-18 11:30:00+01:00,84.27332282255227,89.55
2025-11-18 11:45:00+01:00,77.74586445056958,90.34
2025-11-18 12:00:00+01:00,72.57625057428687,89.11
2025-11-18 12:15:00+01:00,76.42947541752446,88.81
2025-11-18 12:30:00+01:00,75.13854607586045,89.36
2025-11-18 12:45:00+01:00,78.54678683311926,89.52
2025-11-18 13:00:00+01:00,76.23288474191989,90.46
2025-11-18 13:15:00+01:00,80.35364841564937,92.47
2025-11-18 13:30:00+01:00,88.98598094767289,89.12
2025-11-18 13:45:00+01:00,94.35872932402896,90.35
2025-11-18 14:00:00+01:00,73.68688345619736,89.11
2025-11-18 14:15:00+01:00,70.53555027310034,90.62
2025-11-18 14:30:00+01:00,87.91439924220424,101.93
2025-11-18 14:45:00+01:00,115.07860043454005,104.64
2025-11-18 15:00:00+01:00,78.0992527478818,106.38
2025-11-18 15:15:00+01:00,95.27102128596995,114.28
2025-11-18 15:30:00+01:00,95.85940121223062,125.73
2025-11-18 15:45:00+01:00,129.8158405145369,135.99
2025-11-18 16:00:00+01:00,97.32967011291848,122.07
2025-11-18 16:15:00+01:00,109.79654629939506,136.0
2025-11-18 16:30:00+01:00,113.35080685519674,145.01
2025-11-18 16:45:00+01:00,121.77183723994906,164.57
2025-11-18 17:00:00+01:00,120.98668011664402,146.75
2025-11-18 17:15:00+01:00,118.20301741391664,155.29
2025-11-18 17:30:00+01:00,124.45727589801453,153.94
2025-11-18 17:45:00+01:00,116.17989633328106,150.66
2025-11-18 18:00:00+01:00,123.13508865930696,151.31
2025-11-18 18:15:00+01:00,113.72799659644409,144.51
2025-11-18 18:30:00+01:00,111.75366495139674,139.67
2025-11-18 18:45:00+01:00,114.9647328470182,139.72
2025-11-18 19:00:00+01:00,111.70313615735581,134.64
2025-11-18 19:15:00+01:00,105.74649583689464,132.76
2025-11-18 19:30:00+01:00,108.75385582000744,130.93
2025-11-18 19:45:00+01:00,108.27735997409931,126.27
2025-11-18 20:00:00+01:00,116.6567504375409,122.59
2025-11-18 20:15:00+01:00,110.6402543173209,104.66
2025-11-18 20:30:00+01:00,104.16542845771949,103.76
2025-11-18 20:45:00+01:00,105.67394962975393,97.51
2025-11-18 21:00:00+01:00,107.86954604013756,100.38
2025-11-18 21:15:00+01:00,105.4616279217121,92.61
2025-11-18 21:30:00+01:00,102.2284722858615,95.01
2025-11-18 21:45:00+01:00,96.57648776153258,90.57
2025-11-18 22:00:00+01:00,113.17002235581447,102.29
2025-11-18 22:15:00+01:00,102.0762264263345,96.24
2025-11-18 22:30:00+01:00,97.81858145231081,100.08
2025-11-18 22:45:00+01:00,88.88656735498516,91.32
2025-11-18 23:00:00+01:00,96.33884895577377,97.35
2025-11-18 23:15:00+01:00,89.40692513053378,89.12
2025-11-18 23:30:00+01:00,87.73659260062385,88.85
2025-11-18 23:45:00+01:00,75.75269693350413,84.53
2025-11-19 00:00:00+01:00,88.75449854569611,91.46
2025-11-19 00:15:00+01:00,86.70577308904709,87.18
2025-11-19 00:30:00+01:00,85.36812928501,86.52
2025-11-19 00:45:00+01:00,83.61818213072699,84.35
2025-11-19 01:00:00+01:00,88.69314923637316,86.85
2025-11-19 01:15:00+01:00,85.10325645559098,84.7
2025-11-19 01:30:00+01:00,85.40779775028433,87.12
2025-11-19 01:45:00+01:00,82.90841206083826,86.23
2025-11-19 02:00:00+01:00,83.6664327682202,85.77
2025-11-19 02:15:00+01:00,84.60933852102225,82.58
2025-11-19 02:30:00+01:00,83.91868270262285,84.4
2025-11-19 02:45:00+01:00,83.00600138807569,83.92
2025-11-19 03:00:00+01:00,83.2619363789617,82.07
2025-11-19 03:15:00+01:00,82.49356243476576,82.88
2025-11-19 03:30:00+01:00,79.73218390506736,83.55
2025-11-19 03:45:00+01:00,75.98969046778932,84.24
2025-11-19 04:00:00+01:00,79.48928349901209,81.16
2025-11-19 04:15:00+01:00,80.01275278335336,83.49
2025-11-19 04:30:00+01:00,82.23404247031587,85.6
2025-11-19 04:45:00+01:00,83.72874618175267,87.32
2025-11-19 05:00:00+01:00,76.83001183927487,87.23
2025-11-19 05:15:00+01:00,82.9105220359239,87.99
2025-11-19 05:30:00+01:00,84.11475147932059,87.44
2025-11-19 05:45:00+01:00,82.37016404486228,85.35
2025-11-19 06:00:00+01:00,79.17255616834574,88.6
2025-11-19 06:15:00+01:00,92.8475606977195,97.74
2025-11-19 06:30:00+01:00,78.9221960185762,100.4
2025-11-19 06:45:00+01:00,99.7991950665806,109.38
2025-11-19 07:00:00+01:00,101.97171737936131,123.3
2025-11-19 07:15:00+01:00,114.85443708190684,125.69
2025-11-19 07:30:00+01:00,124.25412410369916,128.64
2025-11-19 07:45:00+01:00,116.60770584588944,130.49
2025-11-19 08:00:00+01:00,135.7389903596156,156.84
2025-11-19 08:15:00+01:00,112.28347892867218,141.52
2025-11-19 08:30:00+01:00,113.64477558080571,132.76
2025-11-19 08:45:00+01:00,100.22861273336991,115.56
2025-11-19 09:00:00+01:00,116.93741566886523,129.58
2025-11-19 09:15:00+01:00,104.69046183294799,119.34
2025-11-19 09:30:00+01:00,90.79254564216498,114.32
2025-11-19 09:45:00+01:00,75.8839088389543,97.41
2025-11-19 10:00:00+01:00,91.2604305006435,110.98
2025-11-19 10:15:00+01:00,85.08812326871873,97.28
2025-11-19 10:30:00+01:00,76.91716407846666,93.33
2025-11-19 10:45:00+01:00,71.6563704893538,88.5
2025-11-19 11:00:00+01:00,79.37217202361813,94.82
2025-11-19 11:15:00+01:00,79.68909445466895,91.34
2025-11-19 11:30:00+01:00,73.70671115222278,89.62
2025-11-19 11:45:00+01:00,71.44655548215685,90.7
2025-11-19 12:00:00+01:00,75.14735245679135,89.07
2025-11-19 12:15:00+01:00,73.3805442286427,89.53
2025-11-19 12:30:00+01:00,70.06279155737779,90.19
2025-11-19 12:45:00+01:00,71.68568754985276,89.57
2025-11-19 13:00:00+01:00,66.09299516106518,87.95
2025-11-19 13:15:00+01:00,68.1086407234061,89.31
2025-11-19 13:30:00+01:00,68.25060445586865,94.93
2025-11-19 13:45:00+01:00,66.29008065895748,102.2
2025-11-19 14:00:00+01:00,54.10364620796685,89.03
2025-11-19 14:15:00+01:00,72.65089250433783,101.15
2025-11-19 14:30:00+01:00,87.67177943090154,109.3
2025-11-19 14:45:00+01:00,93.37415686132694,119.0
2025-11-19 15:00:00+01:00,75.84099409205604,103.39
2025-11-19 15:15:00+01:00,83.48701552774392,117.81
2025-11-19 15:30:00+01:00,107.64937044357028,110.0
2025-11-19 15:45:00+01:00,118.90800169656237,121.0
2025-11-19 16:00:00+01:00,83.881401187337,108.22
2025-11-19 16:15:00+01:00,108.09159616572042,121.0
2025-11-19 16:30:00+01:00,115.9539094125518,121.0
2025-11-19 16:45:00+01:00,131.4822949081478,121.01
2025-11-19 17:00:00+01:00,113.96408293461191,121.01
2025-11-19 17:15:00+01:00,131.25631907381384,127.0
2025-11-19 17:30:00+01:00,140.27848316277817,130.07
2025-11-19 17:45:00+01:00,142.42971743283186,132.19
2025-11-19 18:00:00+01:00,136.26048434880525,116.99
2025-11-19 18:15:00+01:00,126.79325204826496,117.76
2025-11-19 18:30:00+01:00,127.76056455951355,121.0
2025-11-19 18:45:00+01:00,134.43028709211703,121.01
2025-11-19 19:00:00+01:00,129.67668969282187,119.76
2025-11-19 19:15:00+01:00,122.61449474764474,116.85
2025-11-19 19:30:00+01:00,122.90660959348521,118.59
2025-11-19 19:45:00+01:00,118.78799810635708,121.0
2025-11-19 20:00:00+01:00,119.50087656830966,119.5
2025-11-19 20:15:00+01:00,115.14595796267317,108.32
2025-11-19 20:30:00+01:00,106.21564860603233,101.84
2025-11-19 20:45:00+01:00,98.74184614950343,93.09
2025-11-19 21:00:00+01:00,114.8269503692067,103.57
2025-11-19 21:15:00+01:00,112.76822515732944,102.32
2025-11-19 21:30:00+01:00,101.87807168003648,101.08
2025-11-19 21:45:00+01:00,89.01617014715433,93.93
2025-11-19 22:00:00+01:00,108.56308634374228,100.03
2025-11-19 22:15:00+01:00,99.2086640167041,99.38
2025-11-19 22:30:00+01:00,96.8749248566356,101.66
2025-11-19 22:45:00+01:00,86.54205679603277,95.61
2025-11-19 23:00:00+01:00,98.30406522988956,95.75
2025-11-19 23:15:00+01:00,91.2808164148551,93.48
2025-11-19 23:30:00+01:00,88.40617567564698,90.19
2025-11-19 23:45:00+01:00,77.46428451675699,88.12
2025-11-20 00:00:00+01:00,92.59369009397408,93.39
2025-11-20 00:15:00+01:00,87.42151549621954,92.39
2025-11-20 00:30:00+01:00,82.71332617193963,89.12
2025-11-20 00:45:00+01:00,78.64444174832121,87.61
2025-11-20 01:00:00+01:00,85.31023171097989,89.49
2025-11-20 01:15:00+01:00,82.49839558739848,88.28
2025-11-20 01:30:00+01:00,81.01270416292364,87.61
2025-11-20 01:45:00+01:00,80.8639743395172,86.99
2025-11-20 02:00:00+01:00,82.23988547179525,88.11
2025-11-20 02:15:00+01:00,76.29664189500548,87.2
2025-11-20 02:30:00+01:00,78.90447953978895,86.52
2025-11-20 02:45:00+01:00,79.75054640864843,86.3
2025-11-20 03:00:00+01:00,76.63411944404591,86.3
2025-11-20 03:15:00+01:00,76.68715919638582,87.14
2025-11-20 03:30:00+01:00,73.78290801472667,86.88
2025-11-20 03:45:00+01:00,69.38136319215299,86.86
2025-11-20 04:00:00+01:00,81.00541328518433,85.99
2025-11-20 04:15:00+01:00,75.55769939749013,86.51
2025-11-20 04:30:00+01:00,70.53625784932612,87.24
2025-11-20 04:45:00+01:00,72.57644268296568,88.76
2025-11-20 05:00:00+01:00,77.0607560971695,87.84
2025-11-20 05:15:00+01:00,82.72665764174388,92.45
2025-11-20 05:30:00+01:00,81.7439237690757,89.5
2025-11-20 05:45:00+01:00,83.7137844674453,92.22
2025-11-20 06:00:00+01:00,72.06507395591575,91.08
2025-11-20 06:15:00+01:00,84.98244102490688,98.92
2025-11-20 06:30:00+01:00,112.93092003782212,104.75
2025-11-20 06:45:00+01:00,112.05368733274037,119.98
2025-11-20 07:00:00+01:00,126.656537240437,137.72
2025-11-20 07:15:00+01:00,126.37486014658103,136.0
2025-11-20 07:30:00+01:00,124.31408627935046,146.76
2025-11-20 07:45:00+01:00,138.65014289526923,157.15
2025-11-20 08:00:00+01:00,122.13874112107696,153.93
2025-11-20 08:15:00+01:00,120.05282547094116,162.18
2025-11-20 08:30:00+01:00,119.26075636290784,157.08
2025-11-20 08:45:00+01:00,92.15635244076401,149.67
2025-11-20 09:00:00+01:00,99.41133816420293,174.53
2025-11-20 09:15:00+01:00,101.96191093439673,153.75
2025-11-20 09:30:00+01:00,105.5155289250587,150.82
2025-11-20 09:45:00+01:00,95.63287202765596,135.52
2025-11-20 10:00:00+01:00,111.01186246640138,162.52
2025-11-20 10:15:00+01:00,103.91356888213673,141.54
2025-11-20 10:30:00+01:00,87.75452915872987,136.0
2025-11-20 10:45:00+01:00,77.01960646654472,125.02
2025-11-20 11:00:00+01:00,107.56743646923493,135.39
2025-11-20 11:15:00+01:00,80.65110996515618,130.9
2025-11-20 11:30:00+01:00,70.48374235028666,128.0
2025-11-20 11:45:00+01:00,67.50845988752603,122.92
2025-11-20 12:00:00+01:00,72.27704228343623,127.89
2025-11-20 12:15:00+01:00,73.23768183822168,123.37
2025-11-20 12:30:00+01:00,72.25178641160915,124.66
2025-11-20 12:45:00+01:00,74.44876234459366,124.3
2025-11-20 13:00:00+01:00,71.03019974383577,120.79
2025-11-20 13:15:00+01:00,75.63248201823073,125.17
2025-11-20 13:30:00+01:00,71.87274351962427,128.0
2025-11-20 13:45:00+01:00,66.89059782788978,130.44
2025-11-20 14:00:00+01:00,65.17157268852961,124.97
2025-11-20 14:15:00+01:00,73.39229873747306,133.67
2025-11-20 14:30:00+01:00,74.70562756359712,138.51
2025-11-20 14:45:00+01:00,80.66516319309932,139.66
2025-11-20 15:00:00+01:00,61.489083349289984,132.18
2025-11-20 15:15:00+01:00,72.55304871545496,145.12
2025-11-20 15:30:00+01:00,102.87836425886542,150.0
2025-11-20 15:45:00+01:00,131.69712738570297,171.44
2025-11-20 16:00:00+01:00,92.19472654802483,152.0
2025-11-20 16:15:00+01:00,103.52462583584327,164.51
2025-11-20 16:30:00+01:00,115.27063380698252,188.46
2025-11-20 16:45:00+01:00,140.89035587890976,198.35
2025-11-20 17:00:00+01:00,114.38665865055347,176.57
2025-11-20 17:15:00+01:00,122.06259335332183,178.53
2025-11-20 17:30:00+01:00,126.30444228077694,175.46
2025-11-20 17:45:00+01:00,126.52344173758826,171.33
2025-11-20 18:00:00+01:00,136.67219054865473,170.61
2025-11-20 18:15:00+01:00,133.13038719020562,164.4
2025-11-20 18:30:00+01:00,133.31116375945066,159.67
2025-11-20 18:45:00+01:00,141.6885284930461,158.32
2025-11-20 19:00:00+01:00,135.91536711918786,166.7
2025-11-20 19:15:00+01:00,138.55312650984607,156.79
2025-11-20 19:30:00+01:00,152.3812527791475,154.52
2025-11-20 19:45:00+01:00,135.77620417012025,146.06
2025-11-20 20:00:00+01:00,124.43399682944447,146.05
2025-11-20 20:15:00+01:00,123.13294334195825,147.17
2025-11-20 20:30:00+01:00,122.37251001132188,135.6
2025-11-20 20:45:00+01:00,113.28038947623155,119.59
2025-11-20 21:00:00+01:00,133.8180795948007,136.0
2025-11-20 21:15:00+01:00,118.6087929657021,128.07
2025-11-20 21:30:00+01:00,109.99506065284444,114.9
2025-11-20 21:45:00+01:00,99.43107102789028,104.04
2025-11-20 22:00:00+01:00,109.6939999012907,116.03
2025-11-20 22:15:00+01:00,106.85500265321528,111.27
2025-11-20 22:30:00+01:00,101.75019512045115,105.54
2025-11-20 22:45:00+01:00,94.26404309984059,100.1
2025-11-20 23:00:00+01:00,103.48314154466327,105.67
2025-11-20 23:15:00+01:00,91.27840892541253,93.49
2025-11-20 23:30:00+01:00,85.89053526745417,90.0
2025-11-20 23:45:00+01:00,77.99049878895313,85.89
2025-11-21 00:00:00+01:00,99.18604664525778,104.02
2025-11-21 00:15:00+01:00,95.43171127417965,104.49
2025-11-21 00:30:00+01:00,91.57906598955404,102.03
2025-11-21 00:45:00+01:00,90.04649123795413,95.67
2025-11-21 01:00:00+01:00,92.81586385688395,102.71
2025-11-21 01:15:00+01:00,91.77395097791266,95.35
2025-11-21 01:30:00+01:00,88.89200874851589,90.08
2025-11-21 01:45:00+01:00,87.27729029007479,88.42
2025-11-21 02:00:00+01:00,91.61445384364175,93.99
2025-11-21 02:15:00+01:00,92.6390262067153,89.09
2025-11-21 02:30:00+01:00,87.84983397409243,88.86
2025-11-21 02:45:00+01:00,88.47939375997369,89.19
2025-11-21 03:00:00+01:00,88.55263732695693,90.0
2025-11-21 03:15:00+01:00,87.8119524391537,89.29
2025-11-21 03:30:00+01:00,88.40294684418006,90.39
2025-11-21 03:45:00+01:00,87.90948814137585,91.06
2025-11-21 04:00:00+01:00,87.3646943559258,88.7
2025-11-21 04:15:00+01:00,89.20689044635326,90.08
2025-11-21 04:30:00+01:00,87.28345207896204,94.32
2025-11-21 04:45:00+01:00,93.69188927435185,101.4
2025-11-21 05:00:00+01:00,86.1310894544545,90.77
2025-11-21 05:15:00+01:00,89.88188552431536,98.91
2025-11-21 05:30:00+01:00,94.27120534173854,103.14
2025-11-21 05:45:00+01:00,100.77885609337746,114.64
2025-11-21 06:00:00+01:00,94.42314619783775,108.49
2025-11-21 06:15:00+01:00,113.51436451340263,121.51
2025-11-21 06:30:00+01:00,110.81688054701846,133.6
2025-11-21 06:45:00+01:00,139.1743470986708,170.5
2025-11-21 07:00:00+01:00,134.1909322699673,149.32
2025-11-21 07:15:00+01:00,153.90469709940226,182.25
2025-11-21 07:30:00+01:00,174.0614836942033,190.11
2025-11-21 07:45:00+01:00,163.70614208996588,200.0
2025-11-21 08:00:00+01:00,202.31503017872217,229.62
2025-11-21 08:15:00+01:00,177.00521654581766,223.39
2025-11-21 08:30:00+01:00,141.71344027941814,200.0
2025-11-21 08:45:00+01:00,126.93375486442854,168.52
2025-11-21 09:00:00+01:00,149.95396752846892,220.0
2025-11-21 09:15:00+01:00,147.4252685047331,190.32
2025-11-21 09:30:00+01:00,133.23658177475664,168.3
2025-11-21 09:45:00+01:00,116.94121517036561,148.7
2025-11-21 10:00:00+01:00,168.1267018271664,179.32
2025-11-21 10:15:00+01:00,145.66116972246547,155.78
2025-11-21 10:30:00+01:00,123.14237216023787,143.51
2025-11-21 10:45:00+01:00,110.93835199783032,125.45
2025-11-21 11:00:00+01:00,114.78873844825489,152.43
2025-11-21 11:15:00+01:00,102.10524726132358,140.0
2025-11-21 11:30:00+01:00,99.5959055842131,132.49
2025-11-21 11:45:00+01:00,95.26343241000546,125.96
2025-11-21 12:00:00+01:00,95.88859452486476,132.8
2025-11-21 12:15:00+01:00,94.90415107404014,128.75
2025-11-21 12:30:00+01:00,94.00506493501904,129.27
2025-11-21 12:45:00+01:00,90.86015019410817,130.55
2025-11-21 13:00:00+01:00,91.22900447321207,125.98
2025-11-21 13:15:00+01:00,90.87922437238194,130.74
2025-11-21 13:30:00+01:00,89.78732702690354,135.25
2025-11-21 13:45:00+01:00,93.69216630408424,150.33
2025-11-21 14:00:00+01:00,85.43117734406215,120.8
2025-11-21 14:15:00+01:00,92.85046957495106,147.57
2025-11-21 14:30:00+01:00,101.38420828471632,172.74
2025-11-21 14:45:00+01:00,115.25561056170649,173.9
2025-11-21 15:00:00+01:00,93.1769401268498,148.82
2025-11-21 15:15:00+01:00,113.02051749868937,172.03
2025-11-21 15:30:00+01:00,129.71821721533559,202.58
2025-11-21 15:45:00+01:00,167.8517034927487,263.92
2025-11-21 16:00:00+01:00,100.29449339814266,196.83
2025-11-21 16:15:00+01:00,129.77858513972816,237.86
2025-11-21 16:30:00+01:00,139.88519002427046,259.52
2025-11-21 16:45:00+01:00,144.25627105178543,313.27
2025-11-21 17:00:00+01:00,124.46823541047144,258.17
2025-11-21 17:15:00+01:00,134.10073004492185,269.78
2025-11-21 17:30:00+01:00,147.1445837323162,245.7
2025-11-21 17:45:00+01:00,162.15377930173906,226.38
2025-11-21 18:00:00+01:00,153.67955549037063,230.04
2025-11-21 18:15:00+01:00,154.57240040643063,214.6
2025-11-21 18:30:00+01:00,155.9929652179751,193.8
2025-11-21 18:45:00+01:00,177.97943829883616,181.91
2025-11-21 19:00:00+01:00,160.45747838499227,184.35
2025-11-21 19:15:00+01:00,167.44015876001183,166.06
2025-11-21 19:30:00+01:00,147.39304693881252,167.7
2025-11-21 19:45:00+01:00,139.61808583920867,167.36
2025-11-21 20:00:00+01:00,151.1743810271645,174.2
2025-11-21 20:15:00+01:00,132.4851893404497,153.41
2025-11-21 20:30:00+01:00,123.27077798911245,123.98
2025-11-21 20:45:00+01:00,110.81237869369393,116.21
2025-11-21 21:00:00+01:00,126.11641424680205,133.6
2025-11-21 21:15:00+01:00,123.1247881132689,120.27
2025-11-21 21:30:00+01:00,111.930497221032,112.35
2025-11-21 21:45:00+01:00,100.35578596150098,103.01
2025-11-21 22:00:00+01:00,115.16645960316211,115.68
2025-11-21 22:15:00+01:00,109.81036873305989,110.43
2025-11-21 22:30:00+01:00,106.84125377723691,100.59
2025-11-21 22:45:00+01:00,95.3291176234182,92.9
2025-11-21 23:00:00+01:00,100.69514101857457,108.7
2025-11-21 23:15:00+01:00,93.28525504365864,95.0
2025-11-21 23:30:00+01:00,92.23815502385492,90.37
2025-11-21 23:45:00+01:00,85.56043106360292,86.06
2025-11-22 00:00:00+01:00,102.39598699474905,122.49
2025-11-22 00:15:00+01:00,95.25095386864065,106.86
2025-11-22 00:30:00+01:00,88.60467833676034,93.44
2025-11-22 00:45:00+01:00,85.49882522056592,86.2
2025-11-22 01:00:00+01:00,94.58591630179072,98.95
2025-11-22 01:15:00+01:00,90.6317341602624,93.73
2025-11-22 01:30:00+01:00,85.38100353243117,92.22
2025-11-22 01:45:00+01:00,82.16037864088545,93.5
2025-11-22 02:00:00+01:00,91.41447854052682,90.37
2025-11-22 02:15:00+01:00,84.90729247291384,89.16
2025-11-22 02:30:00+01:00,85.17295747939453,87.23
2025-11-22 02:45:00+01:00,84.60238452901062,87.0
2025-11-22 03:00:00+01:00,86.24142553832725,86.64
2025-11-22 03:15:00+01:00,85.58774121556101,85.07
2025-11-22 03:30:00+01:00,83.90323100974499,85.49
2025-11-22 03:45:00+01:00,82.19664518948535,83.91
2025-11-22 04:00:00+01:00,83.76930678734787,82.19
2025-11-22 04:15:00+01:00,83.98731223367703,86.59
2025-11-22 04:30:00+01:00,86.9463971937131,86.93
2025-11-22 04:45:00+01:00,88.16283169009515,88.68
2025-11-22 05:00:00+01:00,78.75136712571408,85.05
2025-11-22 05:15:00+01:00,84.13659099995866,84.64
2025-11-22 05:30:00+01:00,90.59922226836053,84.6
2025-11-22 05:45:00+01:00,90.01049422222682,86.82
2025-11-22 06:00:00+01:00,81.89554580117309,85.5
2025-11-22 06:15:00+01:00,83.74739826634472,87.04
2025-11-22 06:30:00+01:00,73.52484886283565,89.77
2025-11-22 06:45:00+01:00,96.48895442698189,99.78
2025-11-22 07:00:00+01:00,101.65056078172621,98.17
2025-11-22 07:15:00+01:00,111.18287504576712,104.62
2025-11-22 07:30:00+01:00,116.27946811728563,110.63
2025-11-22 07:45:00+01:00,107.87502419475783,113.57
2025-11-22 08:00:00+01:00,130.57047409468086,121.0
2025-11-22 08:15:00+01:00,119.99817388189706,114.43
2025-11-22 08:30:00+01:00,105.80779371007173,96.64
2025-11-22 08:45:00+01:00,95.00170347644821,84.77
2025-11-22 09:00:00+01:00,125.53798188156874,115.24
2025-11-22 09:15:00+01:00,101.39803916249642,84.93
2025-11-22 09:30:00+01:00,97.06497708421898,85.29
2025-11-22 09:45:00+01:00,89.09390664279164,71.01
2025-11-22 10:00:00+01:00,109.11353333109467,87.16
2025-11-22 10:15:00+01:00,91.0939057173118,79.53
2025-11-22 10:30:00+01:00,82.54598854987599,80.66
2025-11-22 10:45:00+01:00,79.92293299738904,80.69
2025-11-22 11:00:00+01:00,90.55221212975997,79.77
2025-11-22 11:15:00+01:00,82.61488677911224,79.09
2025-11-22 11:30:00+01:00,84.4656756459293,78.74
2025-11-22 11:45:00+01:00,73.8992030758702,76.72
2025-11-22 12:00:00+01:00,78.21557561402437,76.96
2025-11-22 12:15:00+01:00,72.89101764491798,75.92
2025-11-22 12:30:00+01:00,71.48698062173905,76.42
2025-11-22 12:45:00+01:00,87.27965264003988,75.83
2025-11-22 13:00:00+01:00,80.8308336233552,74.0
2025-11-22 13:15:00+01:00,96.82161244936849,74.01
2025-11-22 13:30:00+01:00,99.5479090012015,74.94
2025-11-22 13:45:00+01:00,103.94935402794381,78.52
2025-11-22 14:00:00+01:00,83.02671731404035,76.87
2025-11-22 14:15:00+01:00,94.41648944763544,75.91
2025-11-22 14:30:00+01:00,85.09368597405013,80.71
2025-11-22 14:45:00+01:00,121.34170918273435,93.09
2025-11-22 15:00:00+01:00,86.57378521469145,83.9
2025-11-22 15:15:00+01:00,113.45302018202277,82.78
2025-11-22 15:30:00+01:00,115.58548354636855,98.28
2025-11-22 15:45:00+01:00,134.9609452444595,90.9
2025-11-22 16:00:00+01:00,118.01817331448225,100.45
2025-11-22 16:15:00+01:00,120.77918261891162,102.65
2025-11-22 16:30:00+01:00,124.3938108119465,103.19
2025-11-22 16:45:00+01:00,132.20251058144814,113.71
2025-11-22 17:00:00+01:00,107.84693516393637,112.24
2025-11-22 17:15:00+01:00,122.54728501214997,117.26
2025-11-22 17:30:00+01:00,125.28380531284594,115.11
2025-11-22 17:45:00+01:00,142.21528874393132,113.21
2025-11-22 18:00:00+01:00,124.42252920675203,118.94
2025-11-22 18:15:00+01:00,122.04695761302143,113.23
2025-11-22 18:30:00+01:00,114.72051716484678,106.11
2025-11-22 18:45:00+01:00,109.58925757061772,98.73
2025-11-22 19:00:00+01:00,111.69326833032535,101.99
2025-11-22 19:15:00+01:00,97.93067860559509,101.07
2025-11-22 19:30:00+01:00,84.54344301195601,96.61
2025-11-22 19:45:00+01:00,66.96970087301224,93.65
2025-11-22 20:00:00+01:00,114.02167834933421,88.75
2025-11-22 20:15:00+01:00,99.46701024914165,84.19
2025-11-22 20:30:00+01:00,88.26290987159766,87.17
2025-11-22 20:45:00+01:00,71.2481492818371,86.33
2025-11-22 21:00:00+01:00,100.4912809614176,94.33
2025-11-22 21:15:00+01:00,80.2964329704188,92.37
2025-11-22 21:30:00+01:00,75.67044589876559,87.86
2025-11-22 21:45:00+01:00,68.14646002373978,82.43
2025-11-22 22:00:00+01:00,84.86557291172502,94.48
2025-11-22 22:15:00+01:00,79.51310437077254,90.02
2025-11-22 22:30:00+01:00,73.14602728274713,89.16
2025-11-22 22:45:00+01:00,64.74195234533175,84.05
2025-11-22 23:00:00+01:00,77.13222496387777,87.99
2025-11-22 23:15:00+01:00,68.7034216353299,83.9
2025-11-22 23:30:00+01:00,60.70011026876581,79.69
2025-11-22 23:45:00+01:00,51.33987112814872,77.34
2025-11-23 00:00:00+01:00,82.74814266929927,95.06
2025-11-23 00:15:00+01:00,76.59459933657305,88.83
2025-11-23 00:30:00+01:00,77.4863869611836,75.0
2025-11-23 00:45:00+01:00,72.31794238765633,67.22
2025-11-23 01:00:00+01:00,77.99427621814374,81.22
2025-11-23 01:15:00+01:00,76.59913676955607,73.54
2025-11-23 01:30:00+01:00,74.13810924850281,71.46
2025-11-23 01:45:00+01:00,70.30185420204839,71.19
2025-11-23 02:00:00+01:00,74.14925869306543,74.84
2025-11-23 02:15:00+01:00,72.5744474578089,71.42
2025-11-23 02:30:00+01:00,70.14722197483924,68.69
2025-11-23 02:45:00+01:00,69.23702607679155,66.81
2025-11-23 03:00:00+01:00,72.45272263755012,65.18
2025-11-23 03:15:00+01:00,69.18810289238338,63.01
2025-11-23 03:30:00+01:00,68.02760703627393,63.38
2025-11-23 03:45:00+01:00,67.7011690037316,61.35
2025-11-23 04:00:00+01:00,67.11772414560097,62.74
2025-11-23 04:15:00+01:00,66.0784578100858,61.43
2025-11-23 04:30:00+01:00,70.50039723775171,60.66
2025-11-23 04:45:00+01:00,71.69541956390998,58.71
2025-11-23 05:00:00+01:00,67.56211025492165,63.89
2025-11-23 05:15:00+01:00,73.73032500153226,64.22
2025-11-23 05:30:00+01:00,74.20663551741205,65.0
2025-11-23 05:45:00+01:00,81.1295266943941,63.73
2025-11-23 06:00:00+01:00,66.69161770938244,60.4
2025-11-23 06:15:00+01:00,71.9602615667856,60.99
2025-11-23 06:30:00+01:00,64.35970148010792,62.49
2025-11-23 06:45:00+01:00,61.752389436129114,64.24
2025-11-23 07:00:00+01:00,49.16537826878062,64.26
2025-11-23 07:15:00+01:00,67.66056565672932,68.71
2025-11-23 07:30:00+01:00,39.42062292768021,68.59
2025-11-23 07:45:00+01:00,68.855786284457,70.37
2025-11-23 08:00:00+01:00,80.10702191222296,71.56
2025-11-23 08:15:00+01:00,87.82385283237325,67.95
2025-11-23 08:30:00+01:00,59.88530870481465,69.34
2025-11-23 08:45:00+01:00,42.15510540513483,62.48
2025-11-23 09:00:00+01:00,85.26248250081096,69.3
2025-11-23 09:15:00+01:00,63.90717686724177,65.74
2025-11-23 09:30:00+01:00,63.68965064912696,66.85
2025-11-23 09:45:00+01:00,56.67987848199043,61.95
2025-11-23 10:00:00+01:00,72.1526667939476,68.88
2025-11-23 10:15:00+01:00,42.11367881518421,68.38
2025-11-23 10:30:00+01:00,61.05008882042884,63.25
2025-11-23 10:45:00+01:00,46.2597296996245,63.43
2025-11-23 11:00:00+01:00,52.27601075904922,64.31
2025-11-23 11:15:00+01:00,48.18680618882048,66.75
2025-11-23 11:30:00+01:00,41.677490358629136,67.16
2025-11-23 11:45:00+01:00,40.38432211282849,68.54
2025-11-23 12:00:00+01:00,52.29685932913844,66.76
2025-11-23 12:15:00+01:00,52.20420456119447,67.46
2025-11-23 12:30:00+01:00,52.3717337885994,68.51
2025-11-23 12:45:00+01:00,52.514287330364425,68.72
2025-11-23 13:00:00+01:00,51.48377352460493,69.37
2025-11-23 13:15:00+01:00,52.92418698166408,64.57
2025-11-23 13:30:00+01:00,58.153836837830355,63.85
2025-11-23 13:45:00+01:00,60.516497534346826,64.04
2025-11-23 14:00:00+01:00,49.020831790610515,66.48
2025-11-23 14:15:00+01:00,54.98061774491225,66.8
2025-11-23 14:30:00+01:00,63.93854094829561,71.09
2025-11-23 14:45:00+01:00,84.70413800531256,73.34
2025-11-23 15:00:00+01:00,55.59814225839862,71.3
2025-11-23 15:15:00+01:00,68.3508980316686,74.44
2025-11-23 15:30:00+01:00,89.37002037944038,80.21
2025-11-23 15:45:00+01:00,96.79730657870918,83.21
2025-11-23 16:00:00+01:00,91.42693853181386,82.39
2025-11-23 16:15:00+01:00,102.34570674384395,75.58
2025-11-23 16:30:00+01:00,95.3834731646999,75.42
2025-11-23 16:45:00+01:00,104.60442008523657,78.16
2025-11-23 17:00:00+01:00,91.24599683386921,78.9
2025-11-23 17:15:00+01:00,91.6268066321702,82.15
2025-11-23 17:30:00+01:00,96.88461937638303,80.93
2025-11-23 17:45:00+01:00,71.67910954371928,81.38
2025-11-23 18:00:00+01:00,101.41308118075116,82.35
2025-11-23 18:15:00+01:00,98.19102209878335,81.09
2025-11-23 18:30:00+01:00,61.41698837618948,78.63
2025-11-23 18:45:00+01:00,7.2516087899348065,88.1
2025-11-23 19:00:00+01:00,44.660016153484946,87.37
2025-11-23 19:15:00+01:00,-0.6078545710859089,86.22
2025-11-23 19:30:00+01:00,30.590059680274535,82.11
2025-11-23 19:45:00+01:00,33.49715702623334,79.49
2025-11-23 20:00:00+01:00,50.17369503540786,82.17
2025-11-23 20:15:00+01:00,37.311474155938356,79.08
2025-11-23 20:30:00+01:00,44.33933417805839,76.77
2025-11-23 20:45:00+01:00,56.699802942195575,71.63
2025-11-23 21:00:00+01:00,75.62658572698992,79.2
2025-11-23 21:15:00+01:00,55.67030689637244,74.2
2025-11-23 21:30:00+01:00,38.7228528488909,72.58
2025-11-23 21:45:00+01:00,49.48907037920969,70.66
2025-11-23 22:00:00+01:00,78.05036353833225,77.46
2025-11-23 22:15:00+01:00,65.62770365367336,76.76
2025-11-23 22:30:00+01:00,57.94499353409565,74.62
2025-11-23 22:45:00+01:00,58.28203039043575,71.83
2025-11-23 23:00:00+01:00,64.51401671081041,72.51
2025-11-23 23:15:00+01:00,60.47942442476789,71.86
2025-11-23 23:30:00+01:00,26.758670703951594,71.74
2025-11-23 23:45:00+01:00,34.28467630126446,68.94
2025-11-24 00:00:00+01:00,75.49704325116873,80.12
2025-11-24 00:15:00+01:00,70.5914020611066,70.96
2025-11-24 00:30:00+01:00,70.3047212896208,69.38
2025-11-24 00:45:00+01:00,65.00479762991817,69.37
2025-11-24 01:00:00+01:00,68.95127703149184,70.15
2025-11-24 01:15:00+01:00,64.9741724888879,69.59
2025-11-24 01:30:00+01:00,67.37036406224138,70.13
2025-11-24 01:45:00+01:00,64.56218188638877,70.38
2025-11-24 02:00:00+01:00,62.76254081041549,69.0
2025-11-24 02:15:00+01:00,63.553170029474174,73.02
2025-11-24 02:30:00+01:00,64.81576454715619,72.91
2025-11-24 02:45:00+01:00,66.43630616493635,74.09
2025-11-24 03:00:00+01:00,63.87164847482038,71.25
2025-11-24 03:15:00+01:00,67.6476265415194,71.87
2025-11-24 03:30:00+01:00,66.68203152002472,74.98
2025-11-24 03:45:00+01:00,65.26461289988193,75.0
2025-11-24 04:00:00+01:00,64.20290002465364,70.74
2025-11-24 04:15:00+01:00,63.38927164914101,73.97
2025-11-24 04:30:00+01:00,68.84161706496386,72.15
2025-11-24 04:45:00+01:00,72.12003091856911,78.16
2025-11-24 05:00:00+01:00,63.7976495457671,70.71
2025-11-24 05:15:00+01:00,71.55573395335014,73.88
2025-11-24 05:30:00+01:00,77.66423920560364,83.76
2025-11-24 05:45:00+01:00,88.91543702215107,91.91
2025-11-24 06:00:00+01:00,68.4703870226018,76.08
2025-11-24 06:15:00+01:00,93.23364492934276,90.03
2025-11-24 06:30:00+01:00,100.3702408876463,92.38
2025-11-24 06:45:00+01:00,122.58277418705003,102.74
2025-11-24 07:00:00+01:00,111.79257172736705,94.86
2025-11-24 07:15:00+01:00,125.08233365590883,104.42
2025-11-24 07:30:00+01:00,120.84366945258466,107.07
2025-11-24 07:45:00+01:00,134.8935409495808,111.22
2025-11-24 08:00:00+01:00,143.1593121887049,114.99
2025-11-24 08:15:00+01:00,141.2419803416667,104.74
2025-11-24 08:30:00+01:00,135.15137356840017,105.66
2025-11-24 08:45:00+01:00,118.24473378558591,105.75
2025-11-24 09:00:00+01:00,136.49193997433446,110.0
2025-11-24 09:15:00+01:00,122.65522409298103,106.38
2025-11-24 09:30:00+01:00,119.98251678408872,114.17
2025-11-24 09:45:00+01:00,104.4835925794618,110.49
2025-11-24 10:00:00+01:00,123.9418505855864,115.97
2025-11-24 10:15:00+01:00,108.33171170553709,112.53
2025-11-24 10:30:00+01:00,97.69451275163694,116.27
2025-11-24 10:45:00+01:00,91.58394055671093,125.02
2025-11-24 11:00:00+01:00,111.19080501694496,121.42
2025-11-24 11:15:00+01:00,100.5155032814118,126.91
2025-11-24 11:30:00+01:00,94.09790381137083,130.01
2025-11-24 11:45:00+01:00,91.05940118423116,133.81
2025-11-24 12:00:00+01:00,95.07498747645116,122.88
2025-11-24 12:15:00+01:00,81.50427653918726,131.95
2025-11-24 12:30:00+01:00,83.29451284863227,135.49
2025-11-24 12:45:00+01:00,87.03356700098396,146.62
2025-11-24 13:00:00+01:00,82.75721356492681,131.81
2025-11-24 13:15:00+01:00,88.0940341575351,141.0
2025-11-24 13:30:00+01:00,93.43891036458956,155.82
2025-11-24 13:45:00+01:00,100.99013012841117,171.34
2025-11-24 14:00:00+01:00,86.021808970128,171.09
2025-11-24 14:15:00+01:00,93.2077436096031,192.76
2025-11-24 14:30:00+01:00,109.16919618915719,159.95
2025-11-24 14:45:00+01:00,132.88300500550986,170.35
2025-11-24 15:00:00+01:00,105.51517762206994,172.13
2025-11-24 15:15:00+01:00,122.8512711267567,190.93
2025-11-24 15:30:00+01:00,138.52954525470875,210.19
2025-11-24 15:45:00+01:00,163.30904521456648,210.0
2025-11-24 16:00:00+01:00,130.74907830446065,176.56
2025-11-24 16:15:00+01:00,148.0528201826226,202.53
2025-11-24 16:30:00+01:00,153.10505968611483,224.97
2025-11-24 16:45:00+01:00,169.450599374923,299.04
2025-11-24 17:00:00+01:00,162.991893146,232.05
2025-11-24 17:15:00+01:00,155.9290767183491,264.98
2025-11-24 17:30:00+01:00,159.55663062013662,275.19
2025-11-24 17:45:00+01:00,157.9218781416388,281.71
2025-11-24 18:00:00+01:00,163.30788389952485,270.1
2025-11-24 18:15:00+01:00,152.88586824672527,229.97
2025-11-24 18:30:00+01:00,152.2040292280295,219.96
2025-11-24 18:45:00+01:00,167.21685606494657,202.32
2025-11-24 19:00:00+01:00,167.27108568167063,213.21
2025-11-24 19:15:00+01:00,152.70575160564232,184.54
2025-11-24 19:30:00+01:00,167.76132436930692,187.55
2025-11-24 19:45:00+01:00,140.31107915959447,167.92
2025-11-24 20:00:00+01:00,146.11195194922988,163.26
2025-11-24 20:15:00+01:00,127.98052685028415,145.0
2025-11-24 20:30:00+01:00,116.27344829649957,155.43
2025-11-24 20:45:00+01:00,104.22912537142673,141.05
2025-11-24 21:00:00+01:00,126.20260597241398,155.33
2025-11-24 21:15:00+01:00,125.20070658394026,137.77
2025-11-24 21:30:00+01:00,113.64172039674547,128.89
2025-11-24 21:45:00+01:00,100.93012900593193,118.95
2025-11-24 22:00:00+01:00,112.87397441291843,134.87
2025-11-24 22:15:00+01:00,128.75823854298616,130.29
2025-11-24 22:30:00+01:00,99.35056516456847,119.2
2025-11-24 22:45:00+01:00,92.11666511651548,107.78
2025-11-24 23:00:00+01:00,101.03914034680487,115.1
2025-11-24 23:15:00+01:00,98.49997952742072,106.19
2025-11-24 23:30:00+01:00,95.27919708429945,103.2
2025-11-24 23:45:00+01:00,85.86318371496026,97.13
2025-11-25 00:00:00+01:00,112.78045196647619,101.75
2025-11-25 00:15:00+01:00,108.82233310645096,99.93
2025-11-25 00:30:00+01:00,104.3701125634935,101.91
2025-11-25 00:45:00+01:00,103.81130175505297,100.01
2025-11-25 01:00:00+01:00,105.42430396009826,102.08
2025-11-25 01:15:00+01:00,103.22147712457267,101.55
2025-11-25 01:30:00+01:00,100.74203449256895,96.6
2025-11-25 01:45:00+01:00,98.64823476884828,96.38
2025-11-25 02:00:00+01:00,103.46487008274606,98.69
2025-11-25 02:15:00+01:00,101.02603555125525,97.01
2025-11-25 02:30:00+01:00,98.35195100614364,97.13
2025-11-25 02:45:00+01:00,95.88098208242916,97.52
2025-11-25 03:00:00+01:00,99.98744383090148,99.02
2025-11-25 03:15:00+01:00,98.33054412113871,94.23
2025-11-25 03:30:00+01:00,95.4072594575724,95.01
2025-11-25 03:45:00+01:00,96.33281530795956,96.13
2025-11-25 04:00:00+01:00,94.1697085443797,97.69
2025-11-25 04:15:00+01:00,95.94477226853374,100.32
2025-11-25 04:30:00+01:00,99.73250745854416,97.52
2025-11-25 04:45:00+01:00,103.90320962623079,102.51
2025-11-25 05:00:00+01:00,94.81967529939821,99.2
2025-11-25 05:15:00+01:00,104.74239054998057,101.27
2025-11-25 05:30:00+01:00,108.39833446547156,111.96
2025-11-25 05:45:00+01:00,108.9574534454731,114.49
2025-11-25 06:00:00+01:00,100.21597575173809,89.2
2025-11-25 06:15:00+01:00,115.59924520898991,106.16
2025-11-25 06:30:00+01:00,134.57618547019683,124.0
2025-11-25 06:45:00+01:00,148.08632166943917,170.27
2025-11-25 07:00:00+01:00,147.74354173186512,157.69
2025-11-25 07:15:00+01:00,185.39884639941184,252.88
2025-11-25 07:30:00+01:00,198.22058552072286,361.36
2025-11-25 07:45:00+01:00,209.76740489443347,392.15
2025-11-25 08:00:00+01:00,258.8745841183851,289.17
2025-11-25 08:15:00+01:00,219.84722664607145,351.94
2025-11-25 08:30:00+01:00,194.62083680578792,350.01
2025-11-25 08:45:00+01:00,137.2629111514752,341.98
2025-11-25 09:00:00+01:00,191.54182169261952,296.04
2025-11-25 09:15:00+01:00,167.3371642650613,333.01
2025-11-25 09:30:00+01:00,145.27802645136464,271.45
2025-11-25 09:45:00+01:00,122.236610494319,270.1
2025-11-25 10:00:00+01:00,187.49226303659574,321.3
2025-11-25 10:15:00+01:00,140.8561638589279,271.34
2025-11-25 10:30:00+01:00,165.2784656745012,254.26
2025-11-25 10:45:00+01:00,165.03050503801083,245.44
2025-11-25 11:00:00+01:00,205.74773005333367,283.79
2025-11-25 11:15:00+01:00,180.14493700558228,333.01
2025-11-25 11:30:00+01:00,231.42679000903416,345.98
2025-11-25 11:45:00+01:00,260.03284301188694,343.73
2025-11-25 12:00:00+01:00,171.77541740465344,333.01
2025-11-25 12:15:00+01:00,227.47333634544128,333.01
2025-11-25 12:30:00+01:00,129.21936351603256,344.12
2025-11-25 12:45:00+01:00,171.46964171150952,393.86
2025-11-25 13:00:00+01:00,119.88566947091738,341.3
2025-11-25 13:15:00+01:00,121.61511164766193,333.01
2025-11-25 13:30:00+01:00,127.26595599929487,307.61
2025-11-25 13:45:00+01:00,198.04306377032566,288.69
2025-11-25 14:00:00+01:00,136.92791010807332,270.09
2025-11-25 14:15:00+01:00,117.49824713771571,316.36
2025-11-25 14:30:00+01:00,137.74554246149944,280.54
2025-11-25 14:45:00+01:00,173.79175968239917,333.01
2025-11-25 15:00:00+01:00,142.69093529901997,310.48
2025-11-25 15:15:00+01:00,157.72038048482656,333.88
2025-11-25 15:30:00+01:00,194.2581742225956,290.98
2025-11-25 15:45:00+01:00,208.19732399092476,304.64
2025-11-25 16:00:00+01:00,215.58242794307466,266.2
2025-11-25 16:15:00+01:00,215.71384758898324,306.42
2025-11-25 16:30:00+01:00,200.7008948334379,350.01
2025-11-25 16:45:00+01:00,199.460134780346,377.7
2025-11-25 17:00:00+01:00,197.08401825119506,348.7
2025-11-25 17:15:00+01:00,192.95721754831743,399.93
2025-11-25 17:30:00+01:00,178.78499279036032,395.01
2025-11-25 17:45:00+01:00,177.40093014780157,349.61
2025-11-25 18:00:00+01:00,175.31300209317683,333.01
2025-11-25 18:15:00+01:00,170.03418419968838,300.42
2025-11-25 18:30:00+01:00,173.28211168467104,308.78
2025-11-25 18:45:00+01:00,170.64492363116693,249.41
2025-11-25 19:00:00+01:00,185.35167351416263,357.06
2025-11-25 19:15:00+01:00,167.27325248971724,266.61
2025-11-25 19:30:00+01:00,150.34283044551697,205.81
2025-11-25 19:45:00+01:00,141.986740559369,168.01
2025-11-25 20:00:00+01:00,146.41697431543113,223.67
2025-11-25 20:15:00+01:00,134.70161569183028,175.87
2025-11-25 20:30:00+01:00,131.95154074898642,155.8
2025-11-25 20:45:00+01:00,117.0971516403881,136.0
2025-11-25 21:00:00+01:00,135.12104855422902,168.0
2025-11-25 21:15:00+01:00,122.94516465527417,141.87
2025-11-25 21:30:00+01:00,119.56961472495144,122.15
2025-11-25 21:45:00+01:00,102.42831477689751,108.06
2025-11-25 22:00:00+01:00,115.29958752950036,130.41
2025-11-25 22:15:00+01:00,115.4030735727746,123.86
2025-11-25 22:30:00+01:00,102.15324056076683,116.8
2025-11-25 22:45:00+01:00,101.82898943157804,105.55
2025-11-25 23:00:00+01:00,102.38979442948556,117.11
2025-11-25 23:15:00+01:00,98.51987835018136,105.59
2025-11-25 23:30:00+01:00,93.85245903145977,97.14
2025-11-25 23:45:00+01:00,88.46185222130265,88.3
2025-11-26 00:00:00+01:00,104.8908066516561,102.07
2025-11-26 00:15:00+01:00,101.30511426223319,90.14
2025-11-26 00:30:00+01:00,103.0629652109839,90.5
2025-11-26 00:45:00+01:00,98.10280451612444,88.71
2025-11-26 01:00:00+01:00,101.39160910208257,92.32
2025-11-26 01:15:00+01:00,99.4214657674877,89.41
2025-11-26 01:30:00+01:00,95.98275151082116,89.07
2025-11-26 01:45:00+01:00,92.65059009145553,89.0
2025-11-26 02:00:00+01:00,100.33253717760189,89.5
2025-11-26 02:15:00+01:00,93.29366050496886,88.98
2025-11-26 02:30:00+01:00,94.30232582529294,87.42
2025-11-26 02:45:00+01:00,93.79436394480646,87.4
2025-11-26 03:00:00+01:00,95.10458395990977,88.93
2025-11-26 03:15:00+01:00,97.26284132930321,88.99
2025-11-26 03:30:00+01:00,97.50453846880356,90.07
2025-11-26 03:45:00+01:00,96.00004343461123,89.75
2025-11-26 04:00:00+01:00,94.24022147458416,87.28
2025-11-26 04:15:00+01:00,96.00007505331355,88.74
2025-11-26 04:30:00+01:00,99.48911119930872,90.26
2025-11-26 04:45:00+01:00,97.78006686238801,92.93
2025-11-26 05:00:00+01:00,93.3305664840522,87.09
2025-11-26 05:15:00+01:00,96.06783416319897,90.59
2025-11-26 05:30:00+01:00,99.48316675777697,101.19
2025-11-26 05:45:00+01:00,97.81954836983802,110.13
2025-11-26 06:00:00+01:00,101.96432156393095,100.89
2025-11-26 06:15:00+01:00,107.72613767589894,118.84
2025-11-26 06:30:00+01:00,105.46071161442069,133.26
2025-11-26 06:45:00+01:00,149.69379096393402,166.3
2025-11-26 07:00:00+01:00,141.16371630504872,146.66
2025-11-26 07:15:00+01:00,143.16380479327054,182.57
2025-11-26 07:30:00+01:00,170.84018143489783,204.0
2025-11-26 07:45:00+01:00,177.11063763688202,231.45
2025-11-26 08:00:00+01:00,199.58643860292676,213.04
2025-11-26 08:15:00+01:00,161.88387327451147,220.62
2025-11-26 08:30:00+01:00,153.46778717491324,270.1
2025-11-26 08:45:00+01:00,142.80922675353906,245.13
2025-11-26 09:00:00+01:00,200.41841658299853,240.51
2025-11-26 09:15:00+01:00,177.96639748240773,204.08
2025-11-26 09:30:00+01:00,155.52689080409147,206.85
2025-11-26 09:45:00+01:00,177.24372331226488,195.95
2025-11-26 10:00:00+01:00,175.18117495510154,240.4
2025-11-26 10:15:00+01:00,137.80317823210913,199.52
2025-11-26 10:30:00+01:00,176.17536470798268,179.53
2025-11-26 10:45:00+01:00,158.77116187493942,169.1
2025-11-26 11:00:00+01:00,151.55965521983586,177.09
2025-11-26 11:15:00+01:00,163.69973440832797,175.28
2025-11-26 11:30:00+01:00,151.27048594215938,169.82
2025-11-26 11:45:00+01:00,180.13766554637235,159.8
2025-11-26 12:00:00+01:00,181.61864377277794,166.55
2025-11-26 12:15:00+01:00,195.34126305138662,160.43
2025-11-26 12:30:00+01:00,182.98613317467016,165.76
2025-11-26 12:45:00+01:00,171.43987469653038,165.99
2025-11-26 13:00:00+01:00,173.10913817180494,169.65
2025-11-26 13:15:00+01:00,163.95323654539658,177.18
2025-11-26 13:30:00+01:00,160.2464035144435,167.44
2025-11-26 13:45:00+01:00,155.25084974140668,158.68
2025-11-26 14:00:00+01:00,158.59000705730824,161.77
2025-11-26 14:15:00+01:00,148.39740572261155,171.43
2025-11-26 14:30:00+01:00,149.69836472738507,196.7
2025-11-26 14:45:00+01:00,133.69359466369255,208.06
2025-11-26 15:00:00+01:00,158.5665987939928,169.44
2025-11-26 15:15:00+01:00,128.56607975776353,200.04
2025-11-26 15:30:00+01:00,142.5348548381294,236.81
2025-11-26 15:45:00+01:00,161.54580954695976,288.6
2025-11-26 16:00:00+01:00,162.39418130199812,214.95
2025-11-26 16:15:00+01:00,153.1273477944567,277.29
2025-11-26 16:30:00+01:00,159.80139380149794,314.03
2025-11-26 16:45:00+01:00,175.1758152061125,371.24
2025-11-26 17:00:00+01:00,159.05552615801966,291.5
2025-11-26 17:15:00+01:00,173.47497469300987,298.58
2025-11-26 17:30:00+01:00,166.29263159863888,295.42
2025-11-26 17:45:00+01:00,179.99446934750534,292.94
2025-11-26 18:00:00+01:00,158.28085579165239,267.96
2025-11-26 18:15:00+01:00,158.7775576566025,213.57
2025-11-26 18:30:00+01:00,153.53236044177353,226.25
2025-11-26 18:45:00+01:00,160.85839803218778,207.94
2025-11-26 19:00:00+01:00,151.9842995878767,219.26
2025-11-26 19:15:00+01:00,169.70434427955678,190.0
2025-11-26 19:30:00+01:00,151.19689406259022,169.81
2025-11-26 19:45:00+01:00,142.17953600569723,155.63
2025-11-26 20:00:00+01:00,129.9601096480153,175.01
2025-11-26 20:15:00+01:00,127.55254185539147,149.99
2025-11-26 20:30:00+01:00,122.8891736884784,128.89
2025-11-26 20:45:00+01:00,117.27330841651188,111.15
2025-11-26 21:00:00+01:00,119.59256930950978,141.0
2025-11-26 21:15:00+01:00,112.51698491757362,124.33
2025-11-26 21:30:00+01:00,104.11824132865789,103.06
2025-11-26 21:45:00+01:00,101.72508481928237,91.4
2025-11-26 22:00:00+01:00,111.57306268191121,118.94
2025-11-26 22:15:00+01:00,108.51618821192687,105.08
2025-11-26 22:30:00+01:00,104.30779374538722,94.27
2025-11-26 22:45:00+01:00,95.62464896429849,89.68
2025-11-26 23:00:00+01:00,106.06224437706673,99.79
2025-11-26 23:15:00+01:00,95.41819552833623,90.9
2025-11-26 23:30:00+01:00,89.96524150312058,88.06
2025-11-26 23:45:00+01:00,85.0118699446898,82.0
2025-11-27 00:00:00+01:00,100.37688962671197,94.07
2025-11-27 00:15:00+01:00,94.07533672306393,91.21
2025-11-27 00:30:00+01:00,86.92546767850598,87.81
2025-11-27 00:45:00+01:00,78.35698614688549,86.69
2025-11-27 01:00:00+01:00,90.58988537562655,88.91
2025-11-27 01:15:00+01:00,88.26973809271482,85.62
2025-11-27 01:30:00+01:00,82.58969555029591,82.62
2025-11-27 01:45:00+01:00,79.09894503091144,79.95
2025-11-27 02:00:00+01:00,85.95831715999377,83.73
2025-11-27 02:15:00+01:00,81.46655948163549,81.09
2025-11-27 02:30:00+01:00,80.37442128058666,79.37
2025-11-27 02:45:00+01:00,77.41999643798411,75.6
2025-11-27 03:00:00+01:00,80.60021006462124,80.85
2025-11-27 03:15:00+01:00,76.60773609502445,79.37
2025-11-27 03:30:00+01:00,77.20287072574715,77.42
2025-11-27 03:45:00+01:00,72.36825523206063,71.73
2025-11-27 04:00:00+01:00,70.51180814137554,76.69
2025-11-27 04:15:00+01:00,69.82478946193581,76.92
2025-11-27 04:30:00+01:00,75.89488481355349,82.83
2025-11-27 04:45:00+01:00,77.0259770927361,83.35
2025-11-27 05:00:00+01:00,73.25223708696488,83.19
2025-11-27 05:15:00+01:00,77.84972025474605,73.46
2025-11-27 05:30:00+01:00,82.71268623126447,84.35
2025-11-27 05:45:00+01:00,84.29039513458511,87.31
2025-11-27 06:00:00+01:00,77.55061449995507,86.98
2025-11-27 06:15:00+01:00,86.82965779456322,111.57
2025-11-27 06:30:00+01:00,96.91246679330146,119.44
2025-11-27 06:45:00+01:00,103.08370623899403,130.89
2025-11-27 07:00:00+01:00,108.61753142248233,116.39
2025-11-27 07:15:00+01:00,119.15333064547235,120.6
2025-11-27 07:30:00+01:00,141.82758528983703,125.98
2025-11-27 07:45:00+01:00,135.91273309703038,125.03
2025-11-27 08:00:00+01:00,144.54789907130723,132.01
2025-11-27 08:15:00+01:00,134.37813211987987,126.84
2025-11-27 08:30:00+01:00,127.69442477783281,119.91
2025-11-27 08:45:00+01:00,110.2395019840912,113.66
2025-11-27 09:00:00+01:00,147.32440111519318,116.5
2025-11-27 09:15:00+01:00,121.03008515074058,119.82
2025-11-27 09:30:00+01:00,102.16501126225712,103.4
2025-11-27 09:45:00+01:00,91.80169904655196,88.09
2025-11-27 10:00:00+01:00,110.30513235821124,103.09
2025-11-27 10:15:00+01:00,96.1926062390127,87.54
2025-11-27 10:30:00+01:00,85.2630628378845,86.49
2025-11-27 10:45:00+01:00,81.18066084921212,86.67
2025-11-27 11:00:00+01:00,92.22496020425012,92.82
2025-11-27 11:15:00+01:00,88.16410622519457,89.39
2025-11-27 11:30:00+01:00,86.31147512956012,86.61
2025-11-27 11:45:00+01:00,88.88308804147997,85.84
2025-11-27 12:00:00+01:00,88.71203440630877,90.38
2025-11-27 12:15:00+01:00,93.04471139066874,85.72
2025-11-27 12:30:00+01:00,89.20797442270737,85.75
2025-11-27 12:45:00+01:00,86.3911534045062,86.4
2025-11-27 13:00:00+01:00,96.62042423363953,86.45
2025-11-27 13:15:00+01:00,89.73568103144042,85.06
2025-11-27 13:30:00+01:00,90.14382457070397,85.32
2025-11-27 13:45:00+01:00,95.2989778240286,86.21
2025-11-27 14:00:00+01:00,94.73685210117382,86.32
2025-11-27 14:15:00+01:00,89.3328192476164,86.52
2025-11-27 14:30:00+01:00,92.88138484489541,90.0
2025-11-27 14:45:00+01:00,110.23600904672733,94.15
2025-11-27 15:00:00+01:00,100.57811943215572,86.61
2025-11-27 15:15:00+01:00,102.78873315749951,88.82
2025-11-27 15:30:00+01:00,116.55221512122635,97.13
2025-11-27 15:45:00+01:00,124.86757772715414,89.84
2025-11-27 16:00:00+01:00,115.59384274380521,94.1
2025-11-27 16:15:00+01:00,120.41376100428344,86.32
2025-11-27 16:30:00+01:00,130.95150284654994,88.21
2025-11-27 16:45:00+01:00,141.37962721962134,93.09
2025-11-27 17:00:00+01:00,126.17945563683931,85.47
2025-11-27 17:15:00+01:00,139.56212984649184,92.01
2025-11-27 17:30:00+01:00,135.64366602958145,100.19
2025-11-27 17:45:00+01:00,137.9018261304551,112.36
2025-11-27 18:00:00+01:00,134.32385336665573,103.57
2025-11-27 18:15:00+01:00,129.3550133356536,99.75
2025-11-27 18:30:00+01:00,123.60203047540989,101.78
2025-11-27 18:45:00+01:00,117.92326896417018,100.47
2025-11-27 19:00:00+01:00,131.5363862309752,98.54
2025-11-27 19:15:00+01:00,115.98152435947054,88.66
2025-11-27 19:30:00+01:00,105.9674581981138,85.3
2025-11-27 19:45:00+01:00,99.79987719503474,80.58
2025-11-27 20:00:00+01:00,99.80922382835335,91.42
2025-11-27 20:15:00+01:00,87.1463409728153,90.83
2025-11-27 20:30:00+01:00,86.38669486254071,82.01
2025-11-27 20:45:00+01:00,80.25552023980839,77.33
2025-11-27 21:00:00+01:00,94.72892844444601,88.62
2025-11-27 21:15:00+01:00,81.13384166193177,75.77
2025-11-27 21:30:00+01:00,73.08092387390978,80.57
2025-11-27 21:45:00+01:00,62.33894166476107,77.54
2025-11-27 22:00:00+01:00,82.10560986055754,90.43
2025-11-27 22:15:00+01:00,71.98073164093584,83.69
2025-11-27 22:30:00+01:00,69.45885468825176,87.03
2025-11-27 22:45:00+01:00,67.47383222018541,79.27
2025-11-27 23:00:00+01:00,74.82077427896824,84.9
2025-11-27 23:15:00+01:00,61.16630148219642,74.68
2025-11-27 23:30:00+01:00,60.23303551181547,66.89
2025-11-27 23:45:00+01:00,59.86929917348351,51.36
2025-11-28 00:00:00+01:00,74.88305118584638,70.39
2025-11-28 00:15:00+01:00,65.14737598217442,65.07
2025-11-28 00:30:00+01:00,68.52530193628988,55.81
2025-11-28 00:45:00+01:00,63.209344878106705,52.09
2025-11-28 01:00:00+01:00,67.17767817801843,65.16
2025-11-28 01:15:00+01:00,64.44289265900545,52.5
2025-11-28 01:30:00+01:00,64.9095534387121,53.72
2025-11-28 01:45:00+01:00,61.95481021010066,48.62
2025-11-28 02:00:00+01:00,61.52629484628058,54.94
2025-11-28 02:15:00+01:00,59.98372365157664,53.41
2025-11-28 02:30:00+01:00,62.84483627113966,52.71
2025-11-28 02:45:00+01:00,60.86668077028346,50.66
2025-11-28 03:00:00+01:00,60.42954998723586,46.88
2025-11-28 03:15:00+01:00,61.7370793172198,48.21
2025-11-28 03:30:00+01:00,62.503344924063484,47.88
2025-11-28 03:45:00+01:00,61.89913407028949,48.56
2025-11-28 04:00:00+01:00,63.28174524908083,52.1
2025-11-28 04:15:00+01:00,65.51944694344814,51.42
2025-11-28 04:30:00+01:00,63.51096522270474,60.07
2025-11-28 04:45:00+01:00,67.18970490104431,69.91
2025-11-28 05:00:00+01:00,64.95535983761096,51.5
2025-11-28 05:15:00+01:00,68.67486202763794,54.6
2025-11-28 05:30:00+01:00,77.2729406238005,59.93
2025-11-28 05:45:00+01:00,85.96685306597882,78.13
2025-11-28 06:00:00+01:00,66.50129009355068,63.73
2025-11-28 06:15:00+01:00,90.03398485523772,78.11
2025-11-28 06:30:00+01:00,108.20464582004892,87.33
2025-11-28 06:45:00+01:00,107.82335237462995,102.28
2025-11-28 07:00:00+01:00,101.25607173114459,78.23
2025-11-28 07:15:00+01:00,120.13873432077355,90.96
2025-11-28 07:30:00+01:00,127.15459822812812,95.0
2025-11-28 07:45:00+01:00,142.8026505006882,87.09
2025-11-28 08:00:00+01:00,133.75572135167005,102.89
2025-11-28 08:15:00+01:00,136.2961122349837,98.63
2025-11-28 08:30:00+01:00,118.75031609945201,100.37
2025-11-28 08:45:00+01:00,102.42903782606956,100.01
2025-11-28 09:00:00+01:00,120.86576759563499,114.3
2025-11-28 09:15:00+01:00,108.05857759243813,102.25
2025-11-28 09:30:00+01:00,103.8615734084264,100.1
2025-11-28 09:45:00+01:00,101.63639051664357,96.95
2025-11-28 10:00:00+01:00,117.3604197442439,102.24
2025-11-28 10:15:00+01:00,99.44752442163042,96.07
2025-11-28 10:30:00+01:00,95.78038175456562,97.01
2025-11-28 10:45:00+01:00,96.83019583457207,96.06
2025-11-28 11:00:00+01:00,99.46659160688057,104.5
2025-11-28 11:15:00+01:00,97.95111856282318,102.98
2025-11-28 11:30:00+01:00,95.31346641772453,102.83
2025-11-28 11:45:00+01:00,99.04994044594427,100.97
2025-11-28 12:00:00+01:00,96.81483241066653,94.73
2025-11-28 12:15:00+01:00,104.62354935266393,94.2
2025-11-28 12:30:00+01:00,104.12718532040859,102.74
2025-11-28 12:45:00+01:00,102.62895896509121,103.18
2025-11-28 13:00:00+01:00,106.45943578230214,97.56
2025-11-28 13:15:00+01:00,93.15837611705022,99.96
2025-11-28 13:30:00+01:00,97.1132779057389,100.96
2025-11-28 13:45:00+01:00,99.19241600846745,99.32
2025-11-28 14:00:00+01:00,92.22944059989496,92.35
2025-11-28 14:15:00+01:00,99.56348062578311,94.54
2025-11-28 14:30:00+01:00,105.76175541411081,102.32
2025-11-28 14:45:00+01:00,119.75446559656363,105.95
2025-11-28 15:00:00+01:00,112.66940096923142,94.63
2025-11-28 15:15:00+01:00,104.8455588246537,104.02
2025-11-28 15:30:00+01:00,128.28165180014304,117.63
2025-11-28 15:45:00+01:00,136.1279939494317,102.4
2025-11-28 16:00:00+01:00,115.66911530711111,106.13
2025-11-28 16:15:00+01:00,126.24881855128564,103.0
2025-11-28 16:30:00+01:00,134.33076245052487,101.42
2025-11-28 16:45:00+01:00,148.14778256210167,103.05
2025-11-28 17:00:00+01:00,127.86919882908352,94.32
2025-11-28 17:15:00+01:00,143.05274378572452,96.95
2025-11-28 17:30:00+01:00,139.95898405968478,96.47
2025-11-28 17:45:00+01:00,139.69040249653798,96.89
2025-11-28 18:00:00+01:00,139.67484032008437,101.04
2025-11-28 18:15:00+01:00,128.3365857010764,95.41
2025-11-28 18:30:00+01:00,120.09944110687032,98.03
2025-11-28 18:45:00+01:00,112.65323697466951,98.02
2025-11-28 19:00:00+01:00,119.73008971623295,102.32
2025-11-28 19:15:00+01:00,103.00675002786775,96.1
2025-11-28 19:30:00+01:00,100.79861474959375,91.57
2025-11-28 19:45:00+01:00,92.88682508146005,83.29
2025-11-28 20:00:00+01:00,98.2903654702385,102.8
2025-11-28 20:15:00+01:00,87.49921286552322,87.62
2025-11-28 20:30:00+01:00,84.67951072975507,85.29
2025-11-28 20:45:00+01:00,85.83654906858165,78.12
2025-11-28 21:00:00+01:00,95.31112924705738,91.34
2025-11-28 21:15:00+01:00,83.69657922161376,89.37
2025-11-28 21:30:00+01:00,74.13112253881819,86.05
2025-11-28 21:45:00+01:00,70.04551769142944,74.88
2025-11-28 22:00:00+01:00,93.89691500188285,91.61
2025-11-28 22:15:00+01:00,82.24038519491452,84.73
2025-11-28 22:30:00+01:00,80.7502056939947,88.43
2025-11-28 22:45:00+01:00,73.85958130297169,77.41
2025-11-28 23:00:00+01:00,83.62080324995286,85.83
2025-11-28 23:15:00+01:00,74.0435361948216,77.69
2025-11-28 23:30:00+01:00,74.90572203726664,75.84
2025-11-28 23:45:00+01:00,60.86105181942923,71.96
2025-11-29 00:00:00+01:00,82.98977694145273,95.22
2025-11-29 00:15:00+01:00,78.61678122276776,83.55
2025-11-29 00:30:00+01:00,74.08105180929023,77.91
2025-11-29 00:45:00+01:00,70.22377808393131,70.24
2025-11-29 01:00:00+01:00,76.6423441805944,83.48
2025-11-29 01:15:00+01:00,74.45216967692551,78.65
2025-11-29 01:30:00+01:00,70.98760646750318,80.62
2025-11-29 01:45:00+01:00,69.65126341138264,80.84
2025-11-29 02:00:00+01:00,72.64151286894067,84.28
2025-11-29 02:15:00+01:00,71.13088904441707,83.11
2025-11-29 02:30:00+01:00,69.9858757166149,78.97
2025-11-29 02:45:00+01:00,70.74191962761827,78.98
2025-11-29 03:00:00+01:00,70.62540841581578,84.07
2025-11-29 03:15:00+01:00,69.87316007174601,80.89
2025-11-29 03:30:00+01:00,69.73891621695455,82.18
2025-11-29 03:45:00+01:00,68.37033182666525,83.09
2025-11-29 04:00:00+01:00,68.10858235156556,83.02
2025-11-29 04:15:00+01:00,69.32967116358293,85.4
2025-11-29 04:30:00+01:00,71.82085771371867,86.79
2025-11-29 04:45:00+01:00,72.07314094350615,87.58
2025-11-29 05:00:00+01:00,69.1428253023298,90.25
2025-11-29 05:15:00+01:00,72.18816306298108,91.88
2025-11-29 05:30:00+01:00,76.08242582301662,84.93
2025-11-29 05:45:00+01:00,74.75377512821949,92.93
2025-11-29 06:00:00+01:00,68.8402518966233,81.1
2025-11-29 06:15:00+01:00,53.65099036790572,87.26
2025-11-29 06:30:00+01:00,62.724748308001416,93.64
2025-11-29 06:45:00+01:00,87.81333833721085,101.55
2025-11-29 07:00:00+01:00,64.68366778841994,79.12
2025-11-29 07:15:00+01:00,83.00253496418844,88.55
2025-11-29 07:30:00+01:00,78.66064612038579,104.37
2025-11-29 07:45:00+01:00,90.32264088255863,112.66
2025-11-29 08:00:00+01:00,106.9916085974391,92.7
2025-11-29 08:15:00+01:00,106.19245176635837,85.78
2025-11-29 08:30:00+01:00,92.371718630673,89.8
2025-11-29 08:45:00+01:00,81.2335362658759,88.32
2025-11-29 09:00:00+01:00,95.17592947084826,99.87
2025-11-29 09:15:00+01:00,85.69230766498463,101.78
2025-11-29 09:30:00+01:00,91.25463924160995,101.98
2025-11-29 09:45:00+01:00,91.60886209695443,102.7
2025-11-29 10:00:00+01:00,93.78408386469255,109.99
2025-11-29 10:15:00+01:00,88.73017320202757,103.69
2025-11-29 10:30:00+01:00,99.97631689257777,99.74
2025-11-29 10:45:00+01:00,97.85351534831871,92.34
2025-11-29 11:00:00+01:00,102.73288521877701,100.8
2025-11-29 11:15:00+01:00,103.45486462513483,99.76
2025-11-29 11:30:00+01:00,102.75950485160584,94.8
2025-11-29 11:45:00+01:00,89.8328938673775,85.69
2025-11-29 12:00:00+01:00,86.42466299639787,91.03
2025-11-29 12:15:00+01:00,84.59923034030328,85.22
2025-11-29 12:30:00+01:00,89.28089846418443,85.25
2025-11-29 12:45:00+01:00,94.88643254047693,82.89
2025-11-29 13:00:00+01:00,86.14766946334527,93.16
2025-11-29 13:15:00+01:00,77.5165399138071,85.26
2025-11-29 13:30:00+01:00,80.67280893179316,85.52
2025-11-29 13:45:00+01:00,86.24669339304415,87.89
2025-11-29 14:00:00+01:00,83.66653384939728,86.1
2025-11-29 14:15:00+01:00,88.77524380053634,88.82
2025-11-29 14:30:00+01:00,90.30693023097697,93.64
2025-11-29 14:45:00+01:00,102.71793889013658,98.35
2025-11-29 15:00:00+01:00,87.98216378495538,97.31
2025-11-29 15:15:00+01:00,102.11276982068358,107.93
2025-11-29 15:30:00+01:00,112.14686243257113,102.44
2025-11-29 15:45:00+01:00,114.31816660781868,103.21
2025-11-29 16:00:00+01:00,99.4769674484512,91.77
2025-11-29 16:15:00+01:00,114.94667886854236,100.12
2025-11-29 16:30:00+01:00,110.87931718693633,104.57
2025-11-29 16:45:00+01:00,117.06499801638842,114.12
2025-11-29 17:00:00+01:00,119.03512022239885,107.43
2025-11-29 17:15:00+01:00,117.39680066097013,109.38
2025-11-29 17:30:00+01:00,110.49519802298309,108.14
2025-11-29 17:45:00+01:00,99.84661161538992,103.39
2025-11-29 18:00:00+01:00,113.80106211509869,107.41
2025-11-29 18:15:00+01:00,102.61233756012193,98.0
2025-11-29 18:30:00+01:00,89.53812117750127,95.02
2025-11-29 18:45:00+01:00,77.34514737527903,92.09
2025-11-29 19:00:00+01:00,84.92051234134053,92.17
2025-11-29 19:15:00+01:00,77.90387581879007,89.88
2025-11-29 19:30:00+01:00,76.7638461801944,85.61
2025-11-29 19:45:00+01:00,64.95911309468092,86.06
2025-11-29 20:00:00+01:00,80.08973257151382,89.88
2025-11-29 20:15:00+01:00,67.10098956264565,83.11
2025-11-29 20:30:00+01:00,74.00700004131701,76.91
2025-11-29 20:45:00+01:00,72.88184201166659,74.55
2025-11-29 21:00:00+01:00,77.47124369667404,85.61
2025-11-29 21:15:00+01:00,73.82233001779018,82.58
2025-11-29 21:30:00+01:00,79.59289952181433,78.31
2025-11-29 21:45:00+01:00,73.87005989162546,76.7
2025-11-29 22:00:00+01:00,89.01512668446054,86.95
2025-11-29 22:15:00+01:00,78.73853295441995,83.91
2025-11-29 22:30:00+01:00,76.43532926490646,86.43
2025-11-29 22:45:00+01:00,70.73275149982314,76.67
2025-11-29 23:00:00+01:00,77.94019207602764,83.1
2025-11-29 23:15:00+01:00,73.18829507300336,76.95
2025-11-29 23:30:00+01:00,69.62726798835644,76.0
2025-11-29 23:45:00+01:00,57.72694560117863,74.86
2025-11-30 00:00:00+01:00,83.36351786091235,84.65
2025-11-30 00:15:00+01:00,77.66193386185437,78.22
2025-11-30 00:30:00+01:00,68.96523326898429,71.64
2025-11-30 00:45:00+01:00,63.9521063762498,69.38
2025-11-30 01:00:00+01:00,74.88399020409604,74.13
2025-11-30 01:15:00+01:00,73.19804976106354,68.56
2025-11-30 01:30:00+01:00,70.05729568594369,68.38
2025-11-30 01:45:00+01:00,69.08229333181025,68.06
2025-11-30 02:00:00+01:00,69.08188961231082,69.34
2025-11-30 02:15:00+01:00,70.36915983501854,68.74
2025-11-30 02:30:00+01:00,69.34017158805798,67.74
2025-11-30 02:45:00+01:00,71.07677741532834,63.93
2025-11-30 03:00:00+01:00,70.53842444223073,68.56
2025-11-30 03:15:00+01:00,70.65522735236203,67.03
2025-11-30 03:30:00+01:00,72.35676007562067,65.14
2025-11-30 03:45:00+01:00,68.1588851030235,60.69
2025-11-30 04:00:00+01:00,69.708755612489,65.55
2025-11-30 04:15:00+01:00,71.56571035995061,67.09
2025-11-30 04:30:00+01:00,70.13432205247435,68.7
2025-11-30 04:45:00+01:00,71.48033458279946,66.66
2025-11-30 05:00:00+01:00,65.20525653525877,72.04
2025-11-30 05:15:00+01:00,72.44390348368498,71.48
2025-11-30 05:30:00+01:00,72.75197720189723,75.74
2025-11-30 05:45:00+01:00,76.53904935591909,77.91
2025-11-30 06:00:00+01:00,65.94007104955372,71.32
2025-11-30 06:15:00+01:00,70.7749270489008,72.86
2025-11-30 06:30:00+01:00,67.03419563868874,77.18
2025-11-30 06:45:00+01:00,76.71547956967356,80.95
2025-11-30 07:00:00+01:00,75.15103935173101,72.4
2025-11-30 07:15:00+01:00,83.8451618076519,71.46
2025-11-30 07:30:00+01:00,82.37681962121404,77.91
2025-11-30 07:45:00+01:00,81.97086247247101,82.13
2025-11-30 08:00:00+01:00,80.57686734583635,75.79
2025-11-30 08:15:00+01:00,73.65163092937144,83.06
2025-11-30 08:30:00+01:00,75.38129768256857,79.77
2025-11-30 08:45:00+01:00,68.73451490771367,80.74
2025-11-30 09:00:00+01:00,86.08896580671365,82.06
2025-11-30 09:15:00+01:00,79.74369947489468,82.4
2025-11-30 09:30:00+01:00,80.84386098328065,82.0
2025-11-30 09:45:00+01:00,82.68519388239142,76.14
2025-11-30 10:00:00+01:00,82.52858714834606,87.79
2025-11-30 10:15:00+01:00,84.05314823708777,85.1
2025-11-30 10:30:00+01:00,76.37418263941022,83.74
2025-11-30 10:45:00+01:00,81.68143950398343,81.06
2025-11-30 11:00:00+01:00,78.01616051635963,77.9
2025-11-30 11:15:00+01:00,84.69407763178073,80.16
2025-11-30 11:30:00+01:00,83.42857595369044,84.11
2025-11-30 11:45:00+01:00,80.87903244842141,84.0
2025-11-30 12:00:00+01:00,78.40009653342247,78.81
2025-11-30 12:15:00+01:00,71.78611405256959,76.41
2025-11-30 12:30:00+01:00,82.48855516661041,82.48
2025-11-30 12:45:00+01:00,87.5159829993138,85.08
2025-11-30 13:00:00+01:00,76.62266792998437,77.91
2025-11-30 13:15:00+01:00,85.08598044884604,80.74
2025-11-30 13:30:00+01:00,84.66605317050632,83.68
2025-11-30 13:45:00+01:00,86.48802193369853,87.74
2025-11-30 14:00:00+01:00,86.33314321094296,78.32
2025-11-30 14:15:00+01:00,89.79484134055478,87.18
2025-11-30 14:30:00+01:00,90.07480179629592,89.08
2025-11-30 14:45:00+01:00,99.52082284974846,95.61
2025-11-30 15:00:00+01:00,93.2800113005531,81.82
2025-11-30 15:15:00+01:00,104.05837562622719,88.59
2025-11-30 15:30:00+01:00,111.70093425413627,103.14
2025-11-30 15:45:00+01:00,123.32634262252654,100.76
2025-11-30 16:00:00+01:00,106.29722216154,82.79
2025-11-30 16:15:00+01:00,113.79446172147368,86.61
2025-11-30 16:30:00+01:00,115.52408212854007,99.94
2025-11-30 16:45:00+01:00,123.86854319274089,101.9
2025-11-30 17:00:00+01:00,133.0727039327707,103.02
2025-11-30 17:15:00+01:00,125.9279607830876,103.09
2025-11-30 17:30:00+01:00,117.11597787787815,105.03
2025-11-30 17:45:00+01:00,109.8387100078765,105.05
2025-11-30 18:00:00+01:00,116.25762403045894,106.37
2025-11-30 18:15:00+01:00,113.87206421434149,105.07
2025-11-30 18:30:00+01:00,103.67244178528881,105.1
2025-11-30 18:45:00+01:00,96.9220516505692,108.31
2025-11-30 19:00:00+01:00,110.46770324201927,103.08
2025-11-30 19:15:00+01:00,97.89548468146651,105.01
2025-11-30 19:30:00+01:00,95.9292205786215,103.28
2025-11-30 19:45:00+01:00,87.001900651852,105.14
2025-11-30 20:00:00+01:00,103.81714049667029,97.27
2025-11-30 20:15:00+01:00,101.52357279964365,97.7
2025-11-30 20:30:00+01:00,93.55958646667804,96.74
2025-11-30 20:45:00+01:00,92.55009317934736,98.39
2025-11-30 21:00:00+01:00,97.82643878414011,95.94
2025-11-30 21:15:00+01:00,99.38507331565411,96.66
2025-11-30 21:30:00+01:00,90.68730841938003,90.92
2025-11-30 21:45:00+01:00,84.4045791521407,88.2
2025-11-30 22:00:00+01:00,97.70954111118024,95.51
2025-11-30 22:15:00+01:00,93.49247177049465,93.93
2025-11-30 22:30:00+01:00,90.58107947564532,91.64
2025-11-30 22:45:00+01:00,83.82066295319788,89.31
2025-11-30 23:00:00+01:00,91.78117415923427,88.51
2025-11-30 23:15:00+01:00,86.85965688005096,86.44
2025-11-30 23:30:00+01:00,82.52871193119917,87.27
2025-11-30 23:45:00+01:00,72.06838050173464,86.29
2025-12-01 00:00:00+01:00,93.5368508417743,90.91
2025-12-01 00:15:00+01:00,89.82520197340253,90.44
2025-12-01 00:30:00+01:00,85.46495373478244,86.29
2025-12-01 00:45:00+01:00,81.85313472448492,84.34
2025-12-01 01:00:00+01:00,86.59780843135388,90.79
2025-12-01 01:15:00+01:00,82.98651804261303,85.05
2025-12-01 01:30:00+01:00,82.74786711045088,85.46
2025-12-01 01:45:00+01:00,81.175927237066,82.79
2025-12-01 02:00:00+01:00,82.72964472464602,85.03
2025-12-01 02:15:00+01:00,82.77889280109376,81.35
2025-12-01 02:30:00+01:00,80.76279549223347,78.91
2025-12-01 02:45:00+01:00,79.38922714918318,80.07
2025-12-01 03:00:00+01:00,80.51845986803787,86.29
2025-12-01 03:15:00+01:00,78.5118835137829,85.02
2025-12-01 03:30:00+01:00,76.7553878428274,82.8
2025-12-01 03:45:00+01:00,74.4937389541266,86.45
2025-12-01 04:00:00+01:00,77.67594453415163,80.08
2025-12-01 04:15:00+01:00,77.73103497994528,81.32
2025-12-01 04:30:00+01:00,79.93478285267885,76.83
2025-12-01 04:45:00+01:00,84.06241438388668,82.8
2025-12-01 05:00:00+01:00,78.65609649042597,81.36
2025-12-01 05:15:00+01:00,80.82589363118242,79.44
2025-12-01 05:30:00+01:00,85.84012388941024,90.9
2025-12-01 05:45:00+01:00,90.08643593775054,103.28
2025-12-01 06:00:00+01:00,80.58718448962257,77.9
2025-12-01 06:15:00+01:00,99.36657385576552,81.33
2025-12-01 06:30:00+01:00,103.3632736436271,92.36
2025-12-01 06:45:00+01:00,113.0321792403972,102.91
2025-12-01 07:00:00+01:00,117.95065026820912,119.01
2025-12-01 07:15:00+01:00,118.9865980135057,119.06
2025-12-01 07:30:00+01:00,128.77132716206916,130.98
2025-12-01 07:45:00+01:00,137.70354254099942,142.39
2025-12-01 08:00:00+01:00,155.99491962856288,170.36
2025-12-01 08:15:00+01:00,133.6467204185822,146.72
2025-12-01 08:30:00+01:00,117.67192963993546,122.86
2025-12-01 08:45:00+01:00,104.89866963409764,117.39
2025-12-01 09:00:00+01:00,114.64818784988019,117.0
2025-12-01 09:15:00+01:00,109.28031661260557,112.59
2025-12-01 09:30:00+01:00,102.94507846994476,104.5
2025-12-01 09:45:00+01:00,88.7273497699648,86.29
2025-12-01 10:00:00+01:00,102.64537518941799,97.71
2025-12-01 10:15:00+01:00,97.79304957289477,95.05
2025-12-01 10:30:00+01:00,94.67556922731623,95.02
2025-12-01 10:45:00+01:00,90.91044274445954,87.15
2025-12-01 11:00:00+01:00,100.8161005342975,90.58
2025-12-01 11:15:00+01:00,95.97631232929463,86.3
2025-12-01 11:30:00+01:00,91.59320839295012,83.32
2025-12-01 11:45:00+01:00,93.07290607068867,83.64
2025-12-01 12:00:00+01:00,89.5272274998228,86.29
2025-12-01 12:15:00+01:00,90.4941207622575,81.4
2025-12-01 12:30:00+01:00,93.57044433633303,84.9
2025-12-01 12:45:00+01:00,96.95221170842333,87.48
2025-12-01 13:00:00+01:00,88.85328607113563,86.19
2025-12-01 13:15:00+01:00,94.25015969993319,86.98
2025-12-01 13:30:00+01:00,97.62366527350754,89.91
2025-12-01 13:45:00+01:00,98.57380376923123,97.2
2025-12-01 14:00:00+01:00,97.55097200113596,98.21
2025-12-01 14:15:00+01:00,93.95434601051556,106.89
2025-12-01 14:30:00+01:00,94.64134382540199,114.77
2025-12-01 14:45:00+01:00,112.68318596552646,109.0
2025-12-01 15:00:00+01:00,94.41039120723357,117.43
2025-12-01 15:15:00+01:00,104.48946240602541,122.89
2025-12-01 15:30:00+01:00,116.84023887844995,126.75
2025-12-01 15:45:00+01:00,122.80822370878177,114.22
2025-12-01 16:00:00+01:00,114.47873540425938,118.92
2025-12-01 16:15:00+01:00,111.69162321066598,119.94
2025-12-01 16:30:00+01:00,117.00082899422479,112.45
2025-12-01 16:45:00+01:00,122.65908206940892,100.55
2025-12-01 17:00:00+01:00,123.73086986101144,89.91
2025-12-01 17:15:00+01:00,124.53688301052526,97.82
2025-12-01 17:30:00+01:00,118.69005373442504,100.56
2025-12-01 17:45:00+01:00,105.78320221499524,89.36
2025-12-01 18:00:00+01:00,124.15838118934875,86.91
2025-12-01 18:15:00+01:00,104.79618473074754,89.7
2025-12-01 18:30:00+01:00,102.84162746548732,91.08
2025-12-01 18:45:00+01:00,99.11813318389204,88.28
2025-12-01 19:00:00+01:00,117.18126257780486,95.08
2025-12-01 19:15:00+01:00,93.2717617768842,85.38
2025-12-01 19:30:00+01:00,76.7623156217453,85.91
2025-12-01 19:45:00+01:00,69.02402894652333,80.7
2025-12-01 20:00:00+01:00,68.20880119186498,91.99
2025-12-01 20:15:00+01:00,57.42196156944002,84.07
2025-12-01 20:30:00+01:00,80.10016690219251,75.91
2025-12-01 20:45:00+01:00,78.85566310990572,77.23
2025-12-01 21:00:00+01:00,84.11504694959808,86.86
2025-12-01 21:15:00+01:00,75.44584844963195,80.98
2025-12-01 21:30:00+01:00,72.07701050320996,69.87
2025-12-01 21:45:00+01:00,72.3558818494953,66.09
2025-12-01 22:00:00+01:00,81.13465525859554,84.08
2025-12-01 22:15:00+01:00,76.31338898586404,72.56
2025-12-01 22:30:00+01:00,77.1660634126832,79.69
2025-12-01 22:45:00+01:00,65.8239477504068,69.39
2025-12-01 23:00:00+01:00,65.80922431562033,82.47
2025-12-01 23:15:00+01:00,50.03409466329983,70.76
2025-12-01 23:30:00+01:00,53.59215156235924,71.18
2025-12-01 23:45:00+01:00,53.594472426360035,62.8
2025-12-02 00:00:00+01:00,77.05334230569386,74.08
2025-12-02 00:15:00+01:00,71.13681311024986,69.92
2025-12-02 00:30:00+01:00,69.7405242075013,63.16
2025-12-02 00:45:00+01:00,70.2058662358838,55.95
2025-12-02 01:00:00+01:00,70.40374683718201,65.41
2025-12-02 01:15:00+01:00,67.13720346936603,58.49
2025-12-02 01:30:00+01:00,70.70883615172306,56.59
2025-12-02 01:45:00+01:00,67.76937260179442,54.79
2025-12-02 02:00:00+01:00,66.78663721949272,55.08
2025-12-02 02:15:00+01:00,65.92519772326538,54.24
2025-12-02 02:30:00+01:00,67.60619054539194,54.69
2025-12-02 02:45:00+01:00,68.11709547319093,55.73
2025-12-02 03:00:00+01:00,65.24183616317207,55.16
2025-12-02 03:15:00+01:00,67.40187489140492,53.71
2025-12-02 03:30:00+01:00,67.92892450591353,54.16
2025-12-02 03:45:00+01:00,66.601374329746,51.9
2025-12-02 04:00:00+01:00,65.95267585938089,48.96
2025-12-02 04:15:00+01:00,68.0837868354624,49.78
2025-12-02 04:30:00+01:00,67.17289777829002,51.02
2025-12-02 04:45:00+01:00,73.32237371016507,52.11
2025-12-02 05:00:00+01:00,60.9855443418161,50.29
2025-12-02 05:15:00+01:00,77.89916761351465,59.31
2025-12-02 05:30:00+01:00,78.80670536400248,69.17
2025-12-02 05:45:00+01:00,90.60404383729983,79.57
2025-12-02 06:00:00+01:00,71.874064989415,62.56
2025-12-02 06:15:00+01:00,81.78535414800736,76.7
2025-12-02 06:30:00+01:00,89.27462972782949,90.05
2025-12-02 06:45:00+01:00,103.30368879659625,84.74
2025-12-02 07:00:00+01:00,100.61451549154398,74.21
2025-12-02 07:15:00+01:00,107.48794682715578,80.8
2025-12-02 07:30:00+01:00,110.8447516006727,92.82
2025-12-02 07:45:00+01:00,110.76006257947249,103.32
2025-12-02 08:00:00+01:00,142.40350301968175,84.2
2025-12-02 08:15:00+01:00,124.41556668004642,87.9
2025-12-02 08:30:00+01:00,115.96747810177413,88.12
2025-12-02 08:45:00+01:00,100.31750992556125,90.38
2025-12-02 09:00:00+01:00,111.63057899176812,88.79
2025-12-02 09:15:00+01:00,106.12828989390077,89.98
2025-12-02 09:30:00+01:00,106.29180110564079,89.16
2025-12-02 09:45:00+01:00,93.05816119806255,85.19
2025-12-02 10:00:00+01:00,110.11822773121253,87.61
2025-12-02 10:15:00+01:00,95.2892446160273,85.38
2025-12-02 10:30:00+01:00,97.15323745710357,84.61
2025-12-02 10:45:00+01:00,97.28505882215072,85.73
2025-12-02 11:00:00+01:00,99.30713275064582,85.07
2025-12-02 11:15:00+01:00,98.2520802555116,85.2
2025-12-02 11:30:00+01:00,98.40147342973401,87.84
2025-12-02 11:45:00+01:00,98.63885655329273,88.78
2025-12-02 12:00:00+01:00,101.3474280573491,87.01
2025-12-02 12:15:00+01:00,95.8575308681204,86.99
2025-12-02 12:30:00+01:00,102.4244369344299,87.58
2025-12-02 12:45:00+01:00,97.47756655152213,88.21
2025-12-02 13:00:00+01:00,100.08890837360659,94.84
2025-12-02 13:15:00+01:00,110.60055598762364,91.79
2025-12-02 13:30:00+01:00,103.38402614857057,94.84
2025-12-02 13:45:00+01:00,109.8551438043906,106.67
2025-12-02 14:00:00+01:00,92.04340080576056,84.49
2025-12-02 14:15:00+01:00,103.43271448847015,86.75
2025-12-02 14:30:00+01:00,106.81288611296755,116.52
2025-12-02 14:45:00+01:00,138.81648607002728,132.27
2025-12-02 15:00:00+01:00,103.04915956141835,122.27
2025-12-02 15:15:00+01:00,133.69856295469077,137.87
2025-12-02 15:30:00+01:00,170.2000036176546,150.35
2025-12-02 15:45:00+01:00,174.06799703849896,150.99
2025-12-02 16:00:00+01:00,144.9480259467967,130.07
2025-12-02 16:15:00+01:00,163.6993712204051,126.39
2025-12-02 16:30:00+01:00,184.14462510377552,136.63
2025-12-02 16:45:00+01:00,214.38107273722204,152.27
2025-12-02 17:00:00+01:00,184.24960071776377,142.01
2025-12-02 17:15:00+01:00,170.12015313164517,152.91
2025-12-02 17:30:00+01:00,176.5602018007095,157.84
2025-12-02 17:45:00+01:00,207.76398299719617,153.8
2025-12-02 18:00:00+01:00,209.93581382372486,154.72
2025-12-02 18:15:00+01:00,215.838383656566,153.97
2025-12-02 18:30:00+01:00,196.7818295675192,160.89
2025-12-02 18:45:00+01:00,187.85042592014491,178.99
2025-12-02 19:00:00+01:00,204.2465750642836,165.42
2025-12-02 19:15:00+01:00,169.77159913860788,157.12
2025-12-02 19:30:00+01:00,158.72739428289088,172.28
2025-12-02 19:45:00+01:00,145.72927879540651,157.99
2025-12-02 20:00:00+01:00,182.14941247719088,181.42
2025-12-02 20:15:00+01:00,143.18908086156628,160.01
2025-12-02 20:30:00+01:00,118.71402302342554,147.98
2025-12-02 20:45:00+01:00,111.72318272375946,130.13
2025-12-02 21:00:00+01:00,123.51458679426166,140.25
2025-12-02 21:15:00+01:00,123.26756049395911,135.99
2025-12-02 21:30:00+01:00,101.04255686988168,127.03
2025-12-02 21:45:00+01:00,91.3001740030417,114.12
2025-12-02 22:00:00+01:00,113.27698459856455,129.63
2025-12-02 22:15:00+01:00,101.9350964003096,122.53
2025-12-02 22:30:00+01:00,99.11261431456349,116.06
2025-12-02 22:45:00+01:00,91.01033817298587,108.67
2025-12-02 23:00:00+01:00,99.67808600988742,108.06
2025-12-02 23:15:00+01:00,94.35370641083331,105.04
2025-12-02 23:30:00+01:00,95.30359479790657,96.24
2025-12-02 23:45:00+01:00,81.22061382394769,87.21
2025-12-03 00:00:00+01:00,101.22583157807628,92.22
2025-12-03 00:15:00+01:00,97.38105712790457,89.98
2025-12-03 00:30:00+01:00,97.70626422407969,90.88
2025-12-03 00:45:00+01:00,100.91590084177858,90.26
2025-12-03 01:00:00+01:00,104.13809954347622,87.22
2025-12-03 01:15:00+01:00,102.93556088830324,86.51
2025-12-03 01:30:00+01:00,99.56877862108324,91.3
2025-12-03 01:45:00+01:00,98.636555052199,91.26
2025-12-03 02:00:00+01:00,103.12684745414508,89.98
2025-12-03 02:15:00+01:00,95.69081625847213,89.87
2025-12-03 02:30:00+01:00,103.31714699934136,90.64
2025-12-03 02:45:00+01:00,96.08337512539602,90.54
2025-12-03 03:00:00+01:00,93.85751189163298,91.39
2025-12-03 03:15:00+01:00,94.85628848516824,90.75
2025-12-03 03:30:00+01:00,96.51920729247931,88.66
2025-12-03 03:45:00+01:00,101.8037913182828,88.71
2025-12-03 04:00:00+01:00,94.71592949764178,90.24
2025-12-03 04:15:00+01:00,95.39573818262892,89.02
2025-12-03 04:30:00+01:00,101.04821728739165,89.89
2025-12-03 04:45:00+01:00,105.06517839267147,90.93
2025-12-03 05:00:00+01:00,99.20941615227332,89.37
2025-12-03 05:15:00+01:00,102.73240383938949,90.83
2025-12-03 05:30:00+01:00,107.12996576743512,99.82
2025-12-03 05:45:00+01:00,113.96547908357081,115.9
2025-12-03 06:00:00+01:00,101.3094433008405,111.45
2025-12-03 06:15:00+01:00,114.33776757902518,131.89
2025-12-03 06:30:00+01:00,127.77222194573118,160.34
2025-12-03 06:45:00+01:00,150.217197275991,200.1
2025-12-03 07:00:00+01:00,166.8224807292482,153.9
2025-12-03 07:15:00+01:00,157.588099995367,184.0
2025-12-03 07:30:00+01:00,168.69609886780256,236.0
2025-12-03 07:45:00+01:00,172.35288855665857,226.1
2025-12-03 08:00:00+01:00,167.3355985437491,236.03
2025-12-03 08:15:00+01:00,161.0310626322161,260.8
2025-12-03 08:30:00+01:00,147.6249786766202,270.09
2025-12-03 08:45:00+01:00,112.54351010209339,233.07
2025-12-03 09:00:00+01:00,142.72677301795912,263.7
2025-12-03 09:15:00+01:00,147.99477422436422,240.76
2025-12-03 09:30:00+01:00,124.58203739995687,187.07
2025-12-03 09:45:00+01:00,140.87139617575733,188.03
2025-12-03 10:00:00+01:00,140.64290758050043,209.82
2025-12-03 10:15:00+01:00,155.67494690209944,184.12
2025-12-03 10:30:00+01:00,163.3027940160959,178.24
2025-12-03 10:45:00+01:00,124.474859541954,176.54
2025-12-03 11:00:00+01:00,137.40588930542367,176.76
2025-12-03 11:15:00+01:00,149.3381084213573,172.13
2025-12-03 11:30:00+01:00,139.6148610478359,170.79
2025-12-03 11:45:00+01:00,139.03521608490797,173.81
2025-12-03 12:00:00+01:00,151.9680918248649,165.0
2025-12-03 12:15:00+01:00,143.06027206977322,157.01
2025-12-03 12:30:00+01:00,132.7226065684955,169.05
2025-12-03 12:45:00+01:00,133.33182417307734,179.84
2025-12-03 13:00:00+01:00,163.40594763385315,171.62
2025-12-03 13:15:00+01:00,139.87775924645183,175.55
2025-12-03 13:30:00+01:00,136.16170852460812,188.46
2025-12-03 13:45:00+01:00,138.61200254258134,190.0
2025-12-03 14:00:00+01:00,116.04882407691437,176.28
2025-12-03 14:15:00+01:00,123.01988012184643,190.0
2025-12-03 14:30:00+01:00,158.94531369974032,220.0
2025-12-03 14:45:00+01:00,156.97642657954347,213.47
2025-12-03 15:00:00+01:00,144.0124566747823,194.49
2025-12-03 15:15:00+01:00,165.06266557462948,214.67
2025-12-03 15:30:00+01:00,185.7766330723768,268.25
2025-12-03 15:45:00+01:00,186.40063944253512,292.84
2025-12-03 16:00:00+01:00,164.4736064776086,239.89
2025-12-03 16:15:00+01:00,171.0552678460138,304.99
2025-12-03 16:30:00+01:00,197.63934253512554,330.24
2025-12-03 16:45:00+01:00,220.9180790255055,358.28
2025-12-03 17:00:00+01:00,190.9532587312915,276.81
2025-12-03 17:15:00+01:00,186.11125569685254,288.07
2025-12-03 17:30:00+01:00,188.6696646193418,254.45
2025-12-03 17:45:00+01:00,211.56270992612352,219.08
2025-12-03 18:00:00+01:00,228.67525085758024,219.69
2025-12-03 18:15:00+01:00,191.57324933419272,220.59
2025-12-03 18:30:00+01:00,193.5308621060931,197.5
2025-12-03 18:45:00+01:00,185.3279683926191,178.7
2025-12-03 19:00:00+01:00,215.66143253747865,202.14
2025-12-03 19:15:00+01:00,170.00958144270618,175.13
2025-12-03 19:30:00+01:00,161.12052089487565,161.16
2025-12-03 19:45:00+01:00,150.8264052234902,152.08
2025-12-03 20:00:00+01:00,170.25813214523328,173.3
2025-12-03 20:15:00+01:00,142.29577244135714,151.23
2025-12-03 20:30:00+01:00,133.53005045124587,135.8
2025-12-03 20:45:00+01:00,117.33351592283829,124.63
2025-12-03 21:00:00+01:00,128.66804793937587,140.13
2025-12-03 21:15:00+01:00,115.48520767376682,133.67
2025-12-03 21:30:00+01:00,110.62143490899317,117.18
2025-12-03 21:45:00+01:00,97.62360196035424,108.32
2025-12-03 22:00:00+01:00,115.83431240867543,128.84
2025-12-03 22:15:00+01:00,107.20367968354503,117.17
2025-12-03 22:30:00+01:00,102.62116759839627,106.77
2025-12-03 22:45:00+01:00,94.44710475221858,100.84
2025-12-03 23:00:00+01:00,102.76827931752601,116.78
2025-12-03 23:15:00+01:00,96.64676475860648,105.61
2025-12-03 23:30:00+01:00,90.0386243008324,99.72
2025-12-03 23:45:00+01:00,80.35494475331937,94.43
2025-12-04 00:00:00+01:00,103.30399679754792,100.72
2025-12-04 00:15:00+01:00,99.35858747563123,99.64
2025-12-04 00:30:00+01:00,95.77585703518204,96.84
2025-12-04 00:45:00+01:00,94.99966952737938,92.33
2025-12-04 01:00:00+01:00,99.50915554328931,99.99
2025-12-04 01:15:00+01:00,95.29619013674004,95.23
2025-12-04 01:30:00+01:00,92.81855815188962,91.26
2025-12-04 01:45:00+01:00,92.37166090114316,89.05
2025-12-04 02:00:00+01:00,97.58840357258278,93.32
2025-12-04 02:15:00+01:00,93.24048776185698,89.9
2025-12-04 02:30:00+01:00,93.33471990030434,89.5
2025-12-04 02:45:00+01:00,92.47206675152373,90.61
2025-12-04 03:00:00+01:00,93.63487022128498,92.25
2025-12-04 03:15:00+01:00,92.61669485967958,90.52
2025-12-04 03:30:00+01:00,89.71798060201078,89.91
2025-12-04 03:45:00+01:00,87.47320697284455,88.75
2025-12-04 04:00:00+01:00,89.23103016734359,89.81
2025-12-04 04:15:00+01:00,89.64827833743823,91.73
2025-12-04 04:30:00+01:00,90.96746889570812,92.82
2025-12-04 04:45:00+01:00,94.19876624397813,94.95
2025-12-04 05:00:00+01:00,90.43059982596262,91.17
2025-12-04 05:15:00+01:00,90.5233440729589,95.63
2025-12-04 05:30:00+01:00,93.4888386087647,99.74
2025-12-04 05:45:00+01:00,100.04031672115269,100.48
2025-12-04 06:00:00+01:00,94.93723239836008,106.86
2025-12-04 06:15:00+01:00,113.27040352065148,108.98
2025-12-04 06:30:00+01:00,120.97385033265135,130.01
2025-12-04 06:45:00+01:00,150.1735479419071,153.61
2025-12-04 07:00:00+01:00,136.06546866642225,129.0
2025-12-04 07:15:00+01:00,157.97051856043163,130.04
2025-12-04 07:30:00+01:00,170.4453927645384,121.66
2025-12-04 07:45:00+01:00,170.02241547569037,132.94
2025-12-04 08:00:00+01:00,186.95295623272466,140.21
2025-12-04 08:15:00+01:00,176.1183268334594,150.0
2025-12-04 08:30:00+01:00,162.36148147318508,148.39
2025-12-04 08:45:00+01:00,137.40927337626437,140.21
2025-12-04 09:00:00+01:00,159.26295872211423,166.1
2025-12-04 09:15:00+01:00,140.00364598204737,169.95
2025-12-04 09:30:00+01:00,125.30515684121347,159.9
2025-12-04 09:45:00+01:00,117.16730824999414,159.99
2025-12-04 10:00:00+01:00,133.0413049899645,136.0
2025-12-04 10:15:00+01:00,115.73762089556473,136.9
2025-12-04 10:30:00+01:00,109.17168903969147,140.21
2025-12-04 10:45:00+01:00,105.33667890968118,140.51
2025-12-04 11:00:00+01:00,112.46643082326008,149.68
2025-12-04 11:15:00+01:00,110.40111603803896,148.16
2025-12-04 11:30:00+01:00,113.81287175615073,145.78
2025-12-04 11:45:00+01:00,111.05729518095924,148.75
2025-12-04 12:00:00+01:00,109.91422665592046,140.99
2025-12-04 12:15:00+01:00,109.33153340439547,136.0
2025-12-04 12:30:00+01:00,112.69190714519019,140.86
2025-12-04 12:45:00+01:00,116.6575586997572,150.0
2025-12-04 13:00:00+01:00,109.4913713471639,142.01
2025-12-04 13:15:00+01:00,112.82813066661281,144.4
2025-12-04 13:30:00+01:00,119.36705226639546,146.32
2025-12-04 13:45:00+01:00,118.96385424812888,148.0
2025-12-04 14:00:00+01:00,114.30986111551111,142.62
2025-12-04 14:15:00+01:00,120.18424934981823,151.16
2025-12-04 14:30:00+01:00,127.41118500754692,158.57
2025-12-04 14:45:00+01:00,143.90710720798313,155.92
2025-12-04 15:00:00+01:00,129.73735873188326,151.66
2025-12-04 15:15:00+01:00,117.43388259533354,160.55
2025-12-04 15:30:00+01:00,153.39371402173927,149.76
2025-12-04 15:45:00+01:00,179.18360339408542,142.0
2025-12-04 16:00:00+01:00,141.6127093350173,152.0
2025-12-04 16:15:00+01:00,153.4100237815327,150.68
2025-12-04 16:30:00+01:00,175.974820609073,137.81
2025-12-04 16:45:00+01:00,186.41024074510955,140.3
2025-12-04 17:00:00+01:00,175.03726492916257,149.99
2025-12-04 17:15:00+01:00,181.08158596007985,146.13
2025-12-04 17:30:00+01:00,174.3486918117272,141.32
2025-12-04 17:45:00+01:00,166.60784445962378,141.35
2025-12-04 18:00:00+01:00,168.04363274959533,139.32
2025-12-04 18:15:00+01:00,155.41544926158247,138.01
2025-12-04 18:30:00+01:00,145.7705050305048,142.01
2025-12-04 18:45:00+01:00,139.94037087160507,149.99
2025-12-04 19:00:00+01:00,151.024636153272,150.05
2025-12-04 19:15:00+01:00,135.98205150715157,139.78
2025-12-04 19:30:00+01:00,134.53273262639377,130.0
2025-12-04 19:45:00+01:00,130.99164629892834,120.11
2025-12-04 20:00:00+01:00,137.67057379599484,134.1
2025-12-04 20:15:00+01:00,123.89630993286028,124.04
2025-12-04 20:30:00+01:00,113.2384319748795,111.51
2025-12-04 20:45:00+01:00,103.66093529962082,104.76
2025-12-04 21:00:00+01:00,123.01285281994308,108.35
2025-12-04 21:15:00+01:00,108.60911683096778,106.88
2025-12-04 21:30:00+01:00,104.30948107246473,102.99
2025-12-04 21:45:00+01:00,92.43745031877555,95.19
2025-12-04 22:00:00+01:00,107.14849094808041,113.02
2025-12-04 22:15:00+01:00,101.33875574231192,111.95
2025-12-04 22:30:00+01:00,96.11866311796132,108.71
2025-12-04 22:45:00+01:00,88.52090322999933,102.47
2025-12-04 23:00:00+01:00,98.83187918666255,105.94
2025-12-04 23:15:00+01:00,90.56458518588758,102.46
2025-12-04 23:30:00+01:00,84.03887328279603,96.7
2025-12-04 23:45:00+01:00,78.90306115132054,87.93
2025-12-05 00:00:00+01:00,101.28669142147596,99.6
2025-12-05 00:15:00+01:00,96.62967382999983,98.0
2025-12-05 00:30:00+01:00,93.57176549420441,94.7
2025-12-05 00:45:00+01:00,93.24747981474708,90.67
2025-12-05 01:00:00+01:00,98.24567427033547,97.42
2025-12-05 01:15:00+01:00,93.01826965908384,94.78
2025-12-05 01:30:00+01:00,92.84323098673391,92.79
2025-12-05 01:45:00+01:00,92.19379892019889,90.46
2025-12-05 02:00:00+01:00,95.27594999203319,92.0
2025-12-05 02:15:00+01:00,92.53046875304989,91.83
2025-12-05 02:30:00+01:00,91.78263733031521,91.84
2025-12-05 02:45:00+01:00,90.59065980075707,88.01
2025-12-05 03:00:00+01:00,92.29908354313785,87.67
2025-12-05 03:15:00+01:00,90.6439538148838,89.41
2025-12-05 03:30:00+01:00,89.3214142910051,90.09
2025-12-05 03:45:00+01:00,89.31382167031391,95.1
2025-12-05 04:00:00+01:00,88.7798885234486,90.79
2025-12-05 04:15:00+01:00,89.45525613712441,91.1
2025-12-05 04:30:00+01:00,92.01773485477773,95.78
2025-12-05 04:45:00+01:00,97.1722103946018,98.45
2025-12-05 05:00:00+01:00,92.13198174651545,91.22
2025-12-05 05:15:00+01:00,93.16170705267943,96.11
2025-12-05 05:30:00+01:00,98.8441719915081,102.1
2025-12-05 05:45:00+01:00,105.67486705170873,114.06
2025-12-05 06:00:00+01:00,93.69604024759069,99.16
2025-12-05 06:15:00+01:00,109.55997679109551,114.0
2025-12-05 06:30:00+01:00,125.1509045397992,125.8
2025-12-05 06:45:00+01:00,145.10166108822784,157.0
2025-12-05 07:00:00+01:00,135.18708553264128,152.67
2025-12-05 07:15:00+01:00,155.73170774956927,168.45
2025-12-05 07:30:00+01:00,166.63261440577432,165.13
2025-12-05 07:45:00+01:00,168.66628561104199,163.42
2025-12-05 08:00:00+01:00,181.14005015247517,160.73
2025-12-05 08:15:00+01:00,173.44114192692822,182.13
2025-12-05 08:30:00+01:00,162.69800035563,198.71
2025-12-05 08:45:00+01:00,141.7185689285827,196.16
2025-12-05 09:00:00+01:00,164.79841624773587,197.6
2025-12-05 09:15:00+01:00,152.9019523958478,192.33
2025-12-05 09:30:00+01:00,147.0364372699425,177.47
2025-12-05 09:45:00+01:00,146.5985020305462,169.18
2025-12-05 10:00:00+01:00,170.04157418511534,177.77
2025-12-05 10:15:00+01:00,157.55677266384686,177.74
2025-12-05 10:30:00+01:00,155.16593350466087,168.31
2025-12-05 10:45:00+01:00,132.30568164780493,161.57
2025-12-05 11:00:00+01:00,168.7818032820694,172.43
2025-12-05 11:15:00+01:00,145.12527069983057,168.43
2025-12-05 11:30:00+01:00,143.66997815435397,169.87
2025-12-05 11:45:00+01:00,140.40882523874933,159.33
2025-12-05 12:00:00+01:00,140.61223407056016,166.37
2025-12-05 12:15:00+01:00,143.85204695668898,157.45
2025-12-05 12:30:00+01:00,140.23593823968716,158.61
2025-12-05 12:45:00+01:00,146.8903411627467,163.81
2025-12-05 13:00:00+01:00,142.55736015547143,162.4
2025-12-05 13:15:00+01:00,142.1223417534335,160.04
2025-12-05 13:30:00+01:00,154.64215819475982,157.36
2025-12-05 13:45:00+01:00,156.57136836065436,149.99
2025-12-05 14:00:00+01:00,140.55394326884615,158.7
2025-12-05 14:15:00+01:00,144.322628052271,155.66
2025-12-05 14:30:00+01:00,165.51725010335977,160.49
2025-12-05 14:45:00+01:00,161.41289543973778,169.86
2025-12-05 15:00:00+01:00,136.1807366035224,158.61
2025-12-05 15:15:00+01:00,144.87052925771675,156.09
2025-12-05 15:30:00+01:00,174.76314254309818,169.87
2025-12-05 15:45:00+01:00,182.02236175312032,164.82
2025-12-05 16:00:00+01:00,179.2329454930773,157.91
2025-12-05 16:15:00+01:00,185.30879141124015,171.11
2025-12-05 16:30:00+01:00,180.1521999701498,173.9
2025-12-05 16:45:00+01:00,195.69987337668732,175.07
2025-12-05 17:00:00+01:00,172.63026161892876,165.04
2025-12-05 17:15:00+01:00,181.44610100413777,156.7
2025-12-05 17:30:00+01:00,175.5453228971811,162.5
2025-12-05 17:45:00+01:00,161.2140693344646,148.98
2025-12-05 18:00:00+01:00,172.1633628207797,161.06
2025-12-05 18:15:00+01:00,153.16109173035653,151.4
2025-12-05 18:30:00+01:00,142.73224516170364,143.79
2025-12-05 18:45:00+01:00,134.84250125005596,132.74
2025-12-05 19:00:00+01:00,150.9431573464252,147.5
2025-12-05 19:15:00+01:00,135.785316174451,136.3
2025-12-05 19:30:00+01:00,129.04076114871975,130.07
2025-12-05 19:45:00+01:00,122.99798412273061,112.29
2025-12-05 20:00:00+01:00,128.78535293723255,125.69
2025-12-05 20:15:00+01:00,120.08761844290544,122.11
2025-12-05 20:30:00+01:00,115.49355211249603,112.36
2025-12-05 20:45:00+01:00,103.16795393858193,100.44
2025-12-05 21:00:00+01:00,114.8613703636092,107.07
2025-12-05 21:15:00+01:00,104.85924986971193,102.44
2025-12-05 21:30:00+01:00,103.1572932174494,92.41
2025-12-05 21:45:00+01:00,95.76332438166516,88.3
2025-12-05 22:00:00+01:00,115.50679356136052,100.07
2025-12-05 22:15:00+01:00,104.40526455107052,94.71
2025-12-05 22:30:00+01:00,98.82758755959557,90.8
2025-12-05 22:45:00+01:00,94.78614848239117,86.74
2025-12-05 23:00:00+01:00,101.72399626702027,98.57
2025-12-05 23:15:00+01:00,94.18134239339251,88.02
2025-12-05 23:30:00+01:00,89.96390828136413,78.65
2025-12-05 23:45:00+01:00,80.77777834198608,71.25
2025-12-06 00:00:00+01:00,87.97070086325432,94.19
2025-12-06 00:15:00+01:00,80.07641839974113,81.12
2025-12-06 00:30:00+01:00,73.57280679747906,76.96
2025-12-06 00:45:00+01:00,71.85277265506473,76.05
2025-12-06 01:00:00+01:00,80.79419291525885,85.24
2025-12-06 01:15:00+01:00,73.1231080494799,78.47
2025-12-06 01:30:00+01:00,69.44638314129924,75.8
2025-12-06 01:45:00+01:00,66.12129273171412,68.38
2025-12-06 02:00:00+01:00,70.45633564248638,79.57
2025-12-06 02:15:00+01:00,66.71606877667038,75.33
2025-12-06 02:30:00+01:00,68.47077074095154,70.65
2025-12-06 02:45:00+01:00,64.65239518066615,68.97
2025-12-06 03:00:00+01:00,68.94871103884444,75.31
2025-12-06 03:15:00+01:00,66.57276508098298,69.13
2025-12-06 03:30:00+01:00,63.69366855020266,70.84
2025-12-06 03:45:00+01:00,60.93844733952236,64.76
2025-12-06 04:00:00+01:00,63.078751702970436,67.54
2025-12-06 04:15:00+01:00,64.38111431175443,66.25
2025-12-06 04:30:00+01:00,64.96271773637962,68.31
2025-12-06 04:45:00+01:00,60.55920069834297,67.61
2025-12-06 05:00:00+01:00,64.83879459459044,67.6
2025-12-06 05:15:00+01:00,67.28285087279752,64.68
2025-12-06 05:30:00+01:00,64.84193733827605,65.35
2025-12-06 05:45:00+01:00,70.80718418424618,62.26
2025-12-06 06:00:00+01:00,64.96369343801491,61.66
2025-12-06 06:15:00+01:00,71.87398770829438,63.98
2025-12-06 06:30:00+01:00,76.92803858489671,66.63
2025-12-06 06:45:00+01:00,81.76425222706413,66.07
2025-12-06 07:00:00+01:00,76.91177462445964,64.29
2025-12-06 07:15:00+01:00,86.4961687344856,67.61
2025-12-06 07:30:00+01:00,90.53936707358542,67.36
2025-12-06 07:45:00+01:00,80.46065232304532,72.22
2025-12-06 08:00:00+01:00,107.47068285719212,75.12
2025-12-06 08:15:00+01:00,98.48089484935264,76.53
2025-12-06 08:30:00+01:00,84.04428266410815,80.78
2025-12-06 08:45:00+01:00,85.3577674992086,82.02
2025-12-06 09:00:00+01:00,93.4456504658631,82.31
2025-12-06 09:15:00+01:00,87.62494046605539,82.64
2025-12-06 09:30:00+01:00,88.75932660033806,82.42
2025-12-06 09:45:00+01:00,85.86207854214707,76.39
2025-12-06 10:00:00+01:00,87.58131011149973,80.55
2025-12-06 10:15:00+01:00,80.71597036344899,84.09
2025-12-06 10:30:00+01:00,78.89748292916119,83.5
2025-12-06 10:45:00+01:00,82.31649964501895,81.04
2025-12-06 11:00:00+01:00,88.12627937499609,80.58
2025-12-06 11:15:00+01:00,86.31964060744832,82.12
2025-12-06 11:30:00+01:00,83.78065013365891,79.98
2025-12-06 11:45:00+01:00,77.67680513723467,79.77
2025-12-06 12:00:00+01:00,81.8029633608481,79.17
2025-12-06 12:15:00+01:00,79.60893151364046,78.61
2025-12-06 12:30:00+01:00,79.5608122088198,78.91
2025-12-06 12:45:00+01:00,80.44187752756173,85.77
2025-12-06 13:00:00+01:00,78.28802591502966,78.57
2025-12-06 13:15:00+01:00,79.24230962172311,77.65
2025-12-06 13:30:00+01:00,78.33924177192428,82.39
2025-12-06 13:45:00+01:00,83.28635069668759,86.69
2025-12-06 14:00:00+01:00,73.6853318838217,82.6
2025-12-06 14:15:00+01:00,74.97241841337643,86.6
2025-12-06 14:30:00+01:00,83.67518128823195,87.5
2025-12-06 14:45:00+01:00,93.699681076004,87.99
2025-12-06 15:00:00+01:00,83.37103862686459,88.54
2025-12-06 15:15:00+01:00,95.47722176970272,89.27
2025-12-06 15:30:00+01:00,96.5889538726328,91.23
2025-12-06 15:45:00+01:00,97.83040422734977,95.05
2025-12-06 16:00:00+01:00,96.71688136717097,90.01
2025-12-06 16:15:00+01:00,91.4305350231091,94.55
2025-12-06 16:30:00+01:00,100.21412310189586,93.17
2025-12-06 16:45:00+01:00,114.54506243460446,104.62
2025-12-06 17:00:00+01:00,95.92964736349265,93.09
2025-12-06 17:15:00+01:00,106.43994144895893,97.14
2025-12-06 17:30:00+01:00,111.5217465374077,99.0
2025-12-06 17:45:00+01:00,121.3855141262463,91.24
2025-12-06 18:00:00+01:00,110.52100128041897,95.0
2025-12-06 18:15:00+01:00,107.70352952843086,88.1
2025-12-06 18:30:00+01:00,110.66658145659814,90.08
2025-12-06 18:45:00+01:00,102.88904327973079,83.55
2025-12-06 19:00:00+01:00,112.10411428298893,103.11
2025-12-06 19:15:00+01:00,103.67990270134815,85.58
2025-12-06 19:30:00+01:00,90.98347568447792,84.68
2025-12-06 19:45:00+01:00,78.42631099169415,85.25
2025-12-06 20:00:00+01:00,96.20343450675207,88.97
2025-12-06 20:15:00+01:00,89.14465696017136,80.12
2025-12-06 20:30:00+01:00,78.93631324733785,85.43
2025-12-06 20:45:00+01:00,70.05665797017824,79.02
2025-12-06 21:00:00+01:00,70.30581410773257,88.98
2025-12-06 21:15:00+01:00,79.3458719014192,83.69
2025-12-06 21:30:00+01:00,78.4857722502204,79.44
2025-12-06 21:45:00+01:00,72.61911014059535,70.33
2025-12-06 22:00:00+01:00,91.58181364836223,86.89
2025-12-06 22:15:00+01:00,84.19559458669782,76.03
2025-12-06 22:30:00+01:00,83.24060322432854,72.62
2025-12-06 22:45:00+01:00,70.5041708532702,70.44
2025-12-06 23:00:00+01:00,81.9293179063521,74.61
2025-12-06 23:15:00+01:00,75.24035510592313,74.63
2025-12-06 23:30:00+01:00,61.77103258879219,71.62
2025-12-06 23:45:00+01:00,53.595802462016735,65.4
2025-12-07 00:00:00+01:00,77.67005640528839,76.6
2025-12-07 00:15:00+01:00,70.22197280966944,68.61
2025-12-07 00:30:00+01:00,70.02002283017487,63.44
2025-12-07 00:45:00+01:00,66.91428980628044,60.64
2025-12-07 01:00:00+01:00,70.82510285303003,61.89
2025-12-07 01:15:00+01:00,67.31882089461098,60.77
2025-12-07 01:30:00+01:00,72.40039685851755,60.93
2025-12-07 01:45:00+01:00,65.34949213391451,60.39
2025-12-07 02:00:00+01:00,73.18219859514144,59.99
2025-12-07 02:15:00+01:00,74.07283794799432,59.55
2025-12-07 02:30:00+01:00,65.87161641176917,59.13
2025-12-07 02:45:00+01:00,65.25163679726975,59.02
2025-12-07 03:00:00+01:00,67.01618510933113,58.38
2025-12-07 03:15:00+01:00,67.20116140954686,58.38
2025-12-07 03:30:00+01:00,69.82981406185688,58.57
2025-12-07 03:45:00+01:00,69.4505919200554,58.91
2025-12-07 04:00:00+01:00,66.36189022285294,60.74
2025-12-07 04:15:00+01:00,68.72352876815958,61.94
2025-12-07 04:30:00+01:00,66.47036688415771,62.62
2025-12-07 04:45:00+01:00,66.67548061636846,63.0
2025-12-07 05:00:00+01:00,63.487466052444006,60.91
2025-12-07 05:15:00+01:00,66.89737511961651,61.51
2025-12-07 05:30:00+01:00,67.30611274425092,64.6
2025-12-07 05:45:00+01:00,75.9723765001883,61.0
2025-12-07 06:00:00+01:00,60.812238130217075,60.47
2025-12-07 06:15:00+01:00,63.364472334056444,65.14
2025-12-07 06:30:00+01:00,62.64152233631914,64.46
2025-12-07 06:45:00+01:00,70.19603910724588,64.81
2025-12-07 07:00:00+01:00,42.13228435103392,71.23
2025-12-07 07:15:00+01:00,72.4856504725974,65.21
2025-12-07 07:30:00+01:00,71.0497584170167,72.59
2025-12-07 07:45:00+01:00,66.74216788846309,78.31
2025-12-07 08:00:00+01:00,69.7155001309589,70.08
2025-12-07 08:15:00+01:00,73.4093164061357,72.74
2025-12-07 08:30:00+01:00,74.3431926158932,82.59
2025-12-07 08:45:00+01:00,94.57677422380537,86.58
2025-12-07 09:00:00+01:00,76.71338198161928,85.01
2025-12-07 09:15:00+01:00,89.63435699837248,89.35
2025-12-07 09:30:00+01:00,90.72471693868015,84.99
2025-12-07 09:45:00+01:00,95.70875995145065,82.87
2025-12-07 10:00:00+01:00,103.71560224549505,91.89
2025-12-07 10:15:00+01:00,92.76269320838237,91.21
2025-12-07 10:30:00+01:00,96.85092731607837,87.83
2025-12-07 10:45:00+01:00,92.2915685571833,91.19
2025-12-07 11:00:00+01:00,99.91341448608355,86.88
2025-12-07 11:15:00+01:00,102.70442855060698,90.63
2025-12-07 11:30:00+01:00,103.86211609524585,91.97
2025-12-07 11:45:00+01:00,95.35282261377561,98.21
2025-12-07 12:00:00+01:00,105.24854035082143,97.11
2025-12-07 12:15:00+01:00,98.5565412401831,95.99
2025-12-07 12:30:00+01:00,97.29518701279318,98.61
2025-12-07 12:45:00+01:00,105.76395220789637,98.04
2025-12-07 13:00:00+01:00,105.85886392118834,97.66
2025-12-07 13:15:00+01:00,100.3307825227774,96.62
2025-12-07 13:30:00+01:00,107.34447211696705,99.41
2025-12-07 13:45:00+01:00,107.988633689132,104.6
2025-12-07 14:00:00+01:00,98.78825423439511,101.59
2025-12-07 14:15:00+01:00,110.01301232298552,104.22
2025-12-07 14:30:00+01:00,104.65966038873513,102.82
2025-12-07 14:45:00+01:00,107.89082907741516,107.95
2025-12-07 15:00:00+01:00,105.52274835876239,102.78
2025-12-07 15:15:00+01:00,111.22613538543034,105.38
2025-12-07 15:30:00+01:00,121.11083392672029,106.29
2025-12-07 15:45:00+01:00,114.52734643291002,108.49
2025-12-07 16:00:00+01:00,105.8299207127575,106.0
2025-12-07 16:15:00+01:00,119.66905011898363,107.01
2025-12-07 16:30:00+01:00,126.8573798947954,109.42
2025-12-07 16:45:00+01:00,135.79893103905096,116.0
2025-12-07 17:00:00+01:00,130.80128293208534,116.01
2025-12-07 17:15:00+01:00,135.64991693060597,116.27
2025-12-07 17:30:00+01:00,121.90602873434302,109.56
2025-12-07 17:45:00+01:00,127.24547940917766,105.44
2025-12-07 18:00:00+01:00,124.01562439038666,106.6
2025-12-07 18:15:00+01:00,127.46125668472986,98.53
2025-12-07 18:30:00+01:00,123.81362624109164,95.9
2025-12-07 18:45:00+01:00,105.05011926320451,86.49
2025-12-07 19:00:00+01:00,129.17679296813634,94.69
2025-12-07 19:15:00+01:00,111.52494585564445,83.14
2025-12-07 19:30:00+01:00,104.64753989289673,90.12
2025-12-07 19:45:00+01:00,89.9674981070076,81.9
2025-12-07 20:00:00+01:00,97.7114071018672,83.62
2025-12-07 20:15:00+01:00,92.93502013903812,94.52
2025-12-07 20:30:00+01:00,91.30529061087552,83.35
2025-12-07 20:45:00+01:00,85.71153069336697,73.55
2025-12-07 21:00:00+01:00,86.94180972125707,89.21
2025-12-07 21:15:00+01:00,90.84946223997598,75.86
2025-12-07 21:30:00+01:00,82.48161973038523,72.88
2025-12-07 21:45:00+01:00,77.57946026618042,56.93
2025-12-07 22:00:00+01:00,95.70387841739421,78.54
2025-12-07 22:15:00+01:00,84.9234133817503,67.74
2025-12-07 22:30:00+01:00,79.93954090450504,62.87
2025-12-07 22:45:00+01:00,74.91460219054846,53.24
2025-12-07 23:00:00+01:00,86.27337937204274,57.76
2025-12-07 23:15:00+01:00,76.48387265421503,45.86
2025-12-07 23:30:00+01:00,71.06223576962272,38.3
2025-12-07 23:45:00+01:00,71.87016519557484,25.03
2025-12-08 00:00:00+01:00,62.76974383559493,22.03
2025-12-08 00:15:00+01:00,49.52724662789695,26.49
2025-12-08 00:30:00+01:00,33.62594654069772,20.03
2025-12-08 00:45:00+01:00,23.757266753870994,8.53
2025-12-08 01:00:00+01:00,45.35354240943913,15.38
2025-12-08 01:15:00+01:00,41.16991236677591,15.72
2025-12-08 01:30:00+01:00,32.81007729081266,9.26
2025-12-08 01:45:00+01:00,29.435760287474153,4.0
2025-12-08 02:00:00+01:00,32.690616120450265,16.81
2025-12-08 02:15:00+01:00,31.213743973147295,12.36
2025-12-08 02:30:00+01:00,34.341791141094745,9.21
2025-12-08 02:45:00+01:00,36.89728160511225,8.27
2025-12-08 03:00:00+01:00,36.59623645754898,5.94
2025-12-08 03:15:00+01:00,35.011582019621606,5.55
2025-12-08 03:30:00+01:00,41.304462094564386,5.4
2025-12-08 03:45:00+01:00,39.05487448115439,5.47
2025-12-08 04:00:00+01:00,38.8599973839135,6.91
2025-12-08 04:15:00+01:00,39.56612311442506,9.32
2025-12-08 04:30:00+01:00,49.97632951708604,13.83
2025-12-08 04:45:00+01:00,45.926525663709825,21.5
2025-12-08 05:00:00+01:00,39.52710234716681,8.97
2025-12-08 05:15:00+01:00,55.70799837898822,18.56
2025-12-08 05:30:00+01:00,63.12185403584686,35.09
2025-12-08 05:45:00+01:00,72.93965073613539,52.0
2025-12-08 06:00:00+01:00,50.68937664829295,34.84
2025-12-08 06:15:00+01:00,73.0808227988137,69.46
2025-12-08 06:30:00+01:00,83.23083911712881,68.06
2025-12-08 06:45:00+01:00,83.26527160388048,84.91
2025-12-08 07:00:00+01:00,75.26464571142478,64.23
2025-12-08 07:15:00+01:00,91.89695584982391,87.29
2025-12-08 07:30:00+01:00,97.94447825527048,91.85
2025-12-08 07:45:00+01:00,96.99973777848835,87.99
2025-12-08 08:00:00+01:00,95.19574273430453,95.03
2025-12-08 08:15:00+01:00,102.36293876951132,100.37
2025-12-08 08:30:00+01:00,100.45577265996073,103.79
2025-12-08 08:45:00+01:00,94.18849131952445,100.81
2025-12-08 09:00:00+01:00,103.92109331423713,105.35
2025-12-08 09:15:00+01:00,96.6531296502172,102.9
2025-12-08 09:30:00+01:00,96.21910840537724,97.05
2025-12-08 09:45:00+01:00,91.47365096721583,88.05
2025-12-08 10:00:00+01:00,102.13279687059648,95.35
2025-12-08 10:15:00+01:00,92.24075552782887,85.96
2025-12-08 10:30:00+01:00,91.26396242201088,82.91
2025-12-08 10:45:00+01:00,93.18012806118168,79.93
2025-12-08 11:00:00+01:00,92.62687617453845,82.01
2025-12-08 11:15:00+01:00,95.29836957520058,77.98
2025-12-08 11:30:00+01:00,94.74202470776571,77.92
2025-12-08 11:45:00+01:00,86.67855908625728,82.05
2025-12-08 12:00:00+01:00,95.51080056134278,76.31
2025-12-08 12:15:00+01:00,81.72924970106024,77.31
2025-12-08 12:30:00+01:00,85.24332382384866,79.42
2025-12-08 12:45:00+01:00,92.90201291561239,84.35
2025-12-08 13:00:00+01:00,100.14608831927039,83.92
2025-12-08 13:15:00+01:00,99.12654874895169,87.79
2025-12-08 13:30:00+01:00,104.6062122872821,88.29
2025-12-08 13:45:00+01:00,104.9351993902937,87.38
2025-12-08 14:00:00+01:00,102.28843084231448,80.49
2025-12-08 14:15:00+01:00,96.26811211889884,93.61
2025-12-08 14:30:00+01:00,106.19312214438669,100.55
2025-12-08 14:45:00+01:00,116.85667427625316,101.67
2025-12-08 15:00:00+01:00,100.34613984501486,104.08
2025-12-08 15:15:00+01:00,122.00292779965615,94.4
2025-12-08 15:30:00+01:00,122.7761693335136,100.1
2025-12-08 15:45:00+01:00,116.88091398296302,102.0
2025-12-08 16:00:00+01:00,113.12814369748905,95.94
2025-12-08 16:15:00+01:00,138.0080165579103,103.02
2025-12-08 16:30:00+01:00,147.20774525922096,102.93
2025-12-08 16:45:00+01:00,151.50158072026295,102.41
2025-12-08 17:00:00+01:00,148.0485556263452,110.03
2025-12-08 17:15:00+01:00,137.62185703319963,111.45
2025-12-08 17:30:00+01:00,118.64225422298846,108.84
2025-12-08 17:45:00+01:00,121.47177190589206,109.08
2025-12-08 18:00:00+01:00,120.64075101692463,103.52
2025-12-08 18:15:00+01:00,115.7947891218982,98.48
2025-12-08 18:30:00+01:00,126.32159502459412,103.12
2025-12-08 18:45:00+01:00,124.37748578897946,95.93
2025-12-08 19:00:00+01:00,115.28459987742828,98.7
2025-12-08 19:15:00+01:00,121.05020673251971,94.74
2025-12-08 19:30:00+01:00,127.34675373510149,98.03
2025-12-08 19:45:00+01:00,118.20134446879308,95.07
2025-12-08 20:00:00+01:00,116.42418992131378,97.85
2025-12-08 20:15:00+01:00,105.70207596159514,94.47
2025-12-08 20:30:00+01:00,104.6162448981287,85.79
2025-12-08 20:45:00+01:00,93.63152185431258,79.27
2025-12-08 21:00:00+01:00,104.69599045830142,89.08
2025-12-08 21:15:00+01:00,92.96882326908545,91.27
2025-12-08 21:30:00+01:00,87.55950161465333,81.95
2025-12-08 21:45:00+01:00,75.02827220263148,71.77
2025-12-08 22:00:00+01:00,90.50339590276363,94.6
2025-12-08 22:15:00+01:00,84.28355758338611,86.49
2025-12-08 22:30:00+01:00,78.32510606579079,75.85
2025-12-08 22:45:00+01:00,75.2984284517574,63.9
2025-12-08 23:00:00+01:00,82.36675468000506,85.37
2025-12-08 23:15:00+01:00,74.8368711553948,73.36
2025-12-08 23:30:00+01:00,77.33325155953456,71.0
2025-12-08 23:45:00+01:00,69.9320397133107,63.28
2025-12-09 00:00:00+01:00,77.24385947275769,77.32
2025-12-09 00:15:00+01:00,72.80042715774974,71.49
2025-12-09 00:30:00+01:00,69.3033520120113,71.92
2025-12-09 00:45:00+01:00,68.16195650147213,74.06
2025-12-09 01:00:00+01:00,69.44169888863308,71.22
2025-12-09 01:15:00+01:00,67.09788108064471,71.55
2025-12-09 01:30:00+01:00,68.75514732444981,73.98
2025-12-09 01:45:00+01:00,65.14240807965449,74.39
2025-12-09 02:00:00+01:00,67.84435911206216,70.25
2025-12-09 02:15:00+01:00,67.78518122852975,71.71
2025-12-09 02:30:00+01:00,65.56641050406796,73.3
2025-12-09 02:45:00+01:00,64.00658360201837,79.59
2025-12-09 03:00:00+01:00,66.62299359382715,72.28
2025-12-09 03:15:00+01:00,65.51433685857954,72.86
2025-12-09 03:30:00+01:00,65.90593813658829,75.94
2025-12-09 03:45:00+01:00,67.48174992264455,78.3
2025-12-09 04:00:00+01:00,64.01642220989343,68.65
2025-12-09 04:15:00+01:00,65.1235440682593,72.12
2025-12-09 04:30:00+01:00,70.99502806333558,75.77
2025-12-09 04:45:00+01:00,71.80332580975434,78.34
2025-12-09 05:00:00+01:00,67.50718951264392,61.32
2025-12-09 05:15:00+01:00,72.22089419575892,70.09
2025-12-09 05:30:00+01:00,76.81797461051417,82.41
2025-12-09 05:45:00+01:00,83.8651218726284,107.0
2025-12-09 06:00:00+01:00,73.10553618954891,74.22
2025-12-09 06:15:00+01:00,86.76609232585515,98.19
2025-12-09 06:30:00+01:00,96.99611300238416,110.99
2025-12-09 06:45:00+01:00,120.28886594818358,111.99
2025-12-09 07:00:00+01:00,112.83032428113847,94.03
2025-12-09 07:15:00+01:00,111.1727997668311,102.6
2025-12-09 07:30:00+01:00,116.16769161984195,108.53
2025-12-09 07:45:00+01:00,118.41431640474067,118.0
2025-12-09 08:00:00+01:00,148.1558421911776,135.99
2025-12-09 08:15:00+01:00,122.45595460733614,133.61
2025-12-09 08:30:00+01:00,116.1889393626103,129.8
2025-12-09 08:45:00+01:00,103.92250154274652,119.6
2025-12-09 09:00:00+01:00,118.927942666607,126.08
2025-12-09 09:15:00+01:00,105.95459906106902,111.45
2025-12-09 09:30:00+01:00,114.79192054164008,107.74
2025-12-09 09:45:00+01:00,103.9577284781079,100.07
2025-12-09 10:00:00+01:00,107.87908345578897,107.52
2025-12-09 10:15:00+01:00,97.42631030133599,102.68
2025-12-09 10:30:00+01:00,98.62000871798337,102.2
2025-12-09 10:45:00+01:00,92.86226030163198,99.84
2025-12-09 11:00:00+01:00,104.72015092989915,105.35
2025-12-09 11:15:00+01:00,99.46629794326695,103.92
2025-12-09 11:30:00+01:00,100.26050826227576,103.22
2025-12-09 11:45:00+01:00,96.03550874090533,100.87
2025-12-09 12:00:00+01:00,101.06586732287192,99.21
2025-12-09 12:15:00+01:00,94.5030100788309,96.04
2025-12-09 12:30:00+01:00,98.42746263763149,97.91
2025-12-09 12:45:00+01:00,101.3053864552832,98.16
2025-12-09 13:00:00+01:00,94.81603241647458,99.26
2025-12-09 13:15:00+01:00,109.92807833959112,99.83
2025-12-09 13:30:00+01:00,111.64331469030208,101.96
2025-12-09 13:45:00+01:00,117.62558118257809,103.35
2025-12-09 14:00:00+01:00,103.98056400224608,91.74
2025-12-09 14:15:00+01:00,113.14896486628815,99.32
2025-12-09 14:30:00+01:00,134.84830022104072,103.99
2025-12-09 14:45:00+01:00,136.43343821000218,105.83
2025-12-09 15:00:00+01:00,113.46741950885797,104.32
2025-12-09 15:15:00+01:00,121.4304203278036,108.71
2025-12-09 15:30:00+01:00,123.55547125509742,116.6
2025-12-09 15:45:00+01:00,123.43998403065693,113.91
2025-12-09 16:00:00+01:00,114.29054569724174,105.46
2025-12-09 16:15:00+01:00,122.88313414424934,110.79
2025-12-09 16:30:00+01:00,118.394642283799,109.95
2025-12-09 16:45:00+01:00,125.83610384799098,107.0
2025-12-09 17:00:00+01:00,123.45521767374444,105.17
2025-12-09 17:15:00+01:00,126.25705766238838,104.78
2025-12-09 17:30:00+01:00,119.3753457910973,106.25
2025-12-09 17:45:00+01:00,98.09278232958918,102.07
2025-12-09 18:00:00+01:00,118.46662014206831,101.72
2025-12-09 18:15:00+01:00,103.5470752647905,97.71
2025-12-09 18:30:00+01:00,95.83260562788112,101.85
2025-12-09 18:45:00+01:00,83.89792527766193,86.36
2025-12-09 19:00:00+01:00,100.86836483489563,95.9
2025-12-09 19:15:00+01:00,85.76196731541954,86.65
2025-12-09 19:30:00+01:00,83.25682626637233,81.11
2025-12-09 19:45:00+01:00,76.47085861779622,76.75
2025-12-09 20:00:00+01:00,90.12161671754274,96.06
2025-12-09 20:15:00+01:00,79.58503941949839,82.99
2025-12-09 20:30:00+01:00,77.56330061767031,79.55
2025-12-09 20:45:00+01:00,77.98072828527665,76.08
2025-12-09 21:00:00+01:00,87.16018814750608,93.47
2025-12-09 21:15:00+01:00,81.1629961581468,81.16
2025-12-09 21:30:00+01:00,77.19801440527394,75.83
2025-12-09 21:45:00+01:00,72.22850230185036,66.96
2025-12-09 22:00:00+01:00,87.45616180602087,82.46
2025-12-09 22:15:00+01:00,79.22724688776647,77.93
2025-12-09 22:30:00+01:00,79.58704370679621,69.88
2025-12-09 22:45:00+01:00,74.34218732793184,63.06
2025-12-09 23:00:00+01:00,80.89381509474877,66.62
2025-12-09 23:15:00+01:00,69.13430377401833,59.14
2025-12-09 23:30:00+01:00,70.56378974022354,52.6
2025-12-09 23:45:00+01:00,61.34448837380681,43.32
2025-12-10 00:00:00+01:00,72.11907442064425,54.31
2025-12-10 00:15:00+01:00,62.70962210360507,50.51
2025-12-10 00:30:00+01:00,55.22012705987271,41.06
2025-12-10 00:45:00+01:00,52.995799793304876,29.72
2025-12-10 01:00:00+01:00,59.842978007339156,43.68
2025-12-10 01:15:00+01:00,61.141591949239846,36.59
2025-12-10 01:30:00+01:00,52.9958913176984,35.21
2025-12-10 01:45:00+01:00,51.150378618986046,30.44
2025-12-10 02:00:00+01:00,52.705491920013856,34.43
2025-12-10 02:15:00+01:00,51.224778271189805,29.7
2025-12-10 02:30:00+01:00,52.572297003698544,31.43
2025-12-10 02:45:00+01:00,53.48170004319803,28.44
2025-12-10 03:00:00+01:00,54.32261318947508,40.08
2025-12-10 03:15:00+01:00,50.93823936704631,38.13
2025-12-10 03:30:00+01:00,56.01707475597108,30.02
2025-12-10 03:45:00+01:00,56.58862608242878,32.22
2025-12-10 04:00:00+01:00,50.92268648582664,31.77
2025-12-10 04:15:00+01:00,52.849161402433026,41.01
2025-12-10 04:30:00+01:00,60.99784725806385,52.95
2025-12-10 04:45:00+01:00,63.52363306843511,66.63
2025-12-10 05:00:00+01:00,53.612169271946115,51.9
2025-12-10 05:15:00+01:00,64.95388166732121,65.63
2025-12-10 05:30:00+01:00,74.17186982091786,70.37
2025-12-10 05:45:00+01:00,88.31076034743299,90.7
2025-12-10 06:00:00+01:00,64.03913126564069,44.18
2025-12-10 06:15:00+01:00,86.74644790694141,68.22
2025-12-10 06:30:00+01:00,97.73993940287042,90.79
2025-12-10 06:45:00+01:00,113.1183378908442,113.29
2025-12-10 07:00:00+01:00,94.8515773455363,81.01
2025-12-10 07:15:00+01:00,110.33455312770097,89.77
2025-12-10 07:30:00+01:00,116.34404975446387,92.34
2025-12-10 07:45:00+01:00,117.35991256459168,86.9
2025-12-10 08:00:00+01:00,122.72357634209827,91.17
2025-12-10 08:15:00+01:00,121.61125850198705,101.54
2025-12-10 08:30:00+01:00,120.23428115007438,96.9
2025-12-10 08:45:00+01:00,123.20844481453894,87.72
2025-12-10 09:00:00+01:00,122.0890585929125,106.45
2025-12-10 09:15:00+01:00,130.35121547210443,97.34
2025-12-10 09:30:00+01:00,121.99582519194728,91.09
2025-12-10 09:45:00+01:00,116.95994483444925,82.02
2025-12-10 10:00:00+01:00,119.13603727868026,103.38
2025-12-10 10:15:00+01:00,108.9958007013192,88.65
2025-12-10 10:30:00+01:00,97.78791879613377,81.88
2025-12-10 10:45:00+01:00,96.29305689398035,77.0
2025-12-10 11:00:00+01:00,96.08825379996874,84.42
2025-12-10 11:15:00+01:00,91.31094544485148,80.7
2025-12-10 11:30:00+01:00,96.24114826369708,78.87
2025-12-10 11:45:00+01:00,91.78527229987294,80.0
2025-12-10 12:00:00+01:00,93.92625676325054,80.47
2025-12-10 12:15:00+01:00,90.07060481971563,75.45
2025-12-10 12:30:00+01:00,96.83616911568188,81.01
2025-12-10 12:45:00+01:00,95.33909753155949,81.07
2025-12-10 13:00:00+01:00,96.48318229168828,81.38
2025-12-10 13:15:00+01:00,96.60701011746617,80.91
2025-12-10 13:30:00+01:00,95.26092729531288,80.92
2025-12-10 13:45:00+01:00,97.5990668590214,82.56
2025-12-10 14:00:00+01:00,85.02600864456485,82.79
2025-12-10 14:15:00+01:00,90.45114717561101,87.9
2025-12-10 14:30:00+01:00,110.40705489721911,92.0
2025-12-10 14:45:00+01:00,119.14021969600184,98.2
2025-12-10 15:00:00+01:00,101.57790760477704,97.23
2025-12-10 15:15:00+01:00,115.38920883194263,101.11
2025-12-10 15:30:00+01:00,126.29266349329744,102.84
2025-12-10 15:45:00+01:00,134.85042354865533,101.48
2025-12-10 16:00:00+01:00,109.05112170940374,101.76
2025-12-10 16:15:00+01:00,125.75303780585435,103.17
2025-12-10 16:30:00+01:00,126.50069619076386,102.41
2025-12-10 16:45:00+01:00,133.56330725041724,108.67
2025-12-10 17:00:00+01:00,129.8498593544965,107.93
2025-12-10 17:15:00+01:00,133.28667182652424,104.24
2025-12-10 17:30:00+01:00,133.34655573501038,104.11
2025-12-10 17:45:00+01:00,141.33536365461987,106.41
2025-12-10 18:00:00+01:00,127.55684740789943,104.46
2025-12-10 18:15:00+01:00,124.0558790737823,104.54
2025-12-10 18:30:00+01:00,132.73158027815347,104.67
2025-12-10 18:45:00+01:00,135.13414648397665,105.11
2025-12-10 19:00:00+01:00,132.58182905412644,105.06
2025-12-10 19:15:00+01:00,124.83262331558888,98.8
2025-12-10 19:30:00+01:00,123.7725388751367,100.54
2025-12-10 19:45:00+01:00,113.63992301222305,82.69
2025-12-10 20:00:00+01:00,131.10633711208166,94.71
2025-12-10 20:15:00+01:00,111.04552412236542,83.36
2025-12-10 20:30:00+01:00,101.44249964795871,82.56
2025-12-10 20:45:00+01:00,96.3896967605572,90.37
2025-12-10 21:00:00+01:00,105.85707694786844,95.23
2025-12-10 21:15:00+01:00,97.37720023023839,86.0
2025-12-10 21:30:00+01:00,91.59533089390082,83.31
2025-12-10 21:45:00+01:00,83.57660361742361,80.7
2025-12-10 22:00:00+01:00,100.66529114565228,86.53
2025-12-10 22:15:00+01:00,93.93703397368172,80.12
2025-12-10 22:30:00+01:00,89.6673194368535,83.68
2025-12-10 22:45:00+01:00,84.16554740110809,79.61
2025-12-10 23:00:00+01:00,89.99743590182979,75.55
2025-12-10 23:15:00+01:00,84.44065852942694,79.89
2025-12-10 23:30:00+01:00,80.76968464332859,78.6
2025-12-10 23:45:00+01:00,71.37967768611038,71.66
2025-12-11 00:00:00+01:00,85.73682808006821,81.42
2025-12-11 00:15:00+01:00,81.63034083368143,73.09
2025-12-11 00:30:00+01:00,78.77119864187162,72.06
2025-12-11 00:45:00+01:00,73.97396052980437,69.33
2025-12-11 01:00:00+01:00,80.13901853338628,79.38
2025-12-11 01:15:00+01:00,76.67676286067021,72.2
2025-12-11 01:30:00+01:00,75.66495442611607,72.27
2025-12-11 01:45:00+01:00,74.69015507681236,69.82
2025-12-11 02:00:00+01:00,76.60230631881808,71.67
2025-12-11 02:15:00+01:00,73.40467288078925,71.1
2025-12-11 02:30:00+01:00,73.20415211326595,73.3
2025-12-11 02:45:00+01:00,71.57412394445853,73.99
2025-12-11 03:00:00+01:00,74.55479983025165,73.21
2025-12-11 03:15:00+01:00,72.36888583027856,72.91
2025-12-11 03:30:00+01:00,73.12554240901352,74.69
2025-12-11 03:45:00+01:00,71.89065752262914,80.02
2025-12-11 04:00:00+01:00,72.31346266742248,70.57
2025-12-11 04:15:00+01:00,72.99243159498886,74.65
2025-12-11 04:30:00+01:00,75.69517862824118,79.0
2025-12-11 04:45:00+01:00,79.73496334675399,83.43
2025-12-11 05:00:00+01:00,72.0001604704415,79.02
2025-12-11 05:15:00+01:00,77.31621589192186,78.95
2025-12-11 05:30:00+01:00,86.68656040862197,79.02
2025-12-11 05:45:00+01:00,94.40740409543734,85.38
2025-12-11 06:00:00+01:00,79.48325668586861,75.9
2025-12-11 06:15:00+01:00,91.91678909250503,89.48
2025-12-11 06:30:00+01:00,100.59898143833524,91.46
2025-12-11 06:45:00+01:00,103.49630324976668,103.52
2025-12-11 07:00:00+01:00,103.25636584976277,89.09
2025-12-11 07:15:00+01:00,110.08037857456245,94.53
2025-12-11 07:30:00+01:00,113.19399052782953,101.85
2025-12-11 07:45:00+01:00,117.88860502297868,106.97
2025-12-11 08:00:00+01:00,136.5434626475562,102.97
2025-12-11 08:15:00+01:00,123.61147288933267,112.96
2025-12-11 08:30:00+01:00,114.04085935585246,113.99
2025-12-11 08:45:00+01:00,103.08926328093925,111.51
2025-12-11 09:00:00+01:00,119.70931118958804,118.17
2025-12-11 09:15:00+01:00,108.12917088784103,110.63
2025-12-11 09:30:00+01:00,102.1796044512227,104.87
2025-12-11 09:45:00+01:00,90.2513332874623,91.0
2025-12-11 10:00:00+01:00,102.68714735685307,106.19
2025-12-11 10:15:00+01:00,96.01360612736725,93.83
2025-12-11 10:30:00+01:00,98.30678519269034,86.8
2025-12-11 10:45:00+01:00,86.13048959416268,85.9
2025-12-11 11:00:00+01:00,91.41291421744819,96.39
2025-12-11 11:15:00+01:00,90.98188661736525,95.06
2025-12-11 11:30:00+01:00,88.0783413961448,90.12
2025-12-11 11:45:00+01:00,85.64731486914322,86.1
2025-12-11 12:00:00+01:00,88.03615368761565,92.43
2025-12-11 12:15:00+01:00,82.44796488087277,87.01
2025-12-11 12:30:00+01:00,85.57240764140731,88.78
2025-12-11 12:45:00+01:00,89.08933040096544,89.38
2025-12-11 13:00:00+01:00,92.00889063933845,85.19
2025-12-11 13:15:00+01:00,88.2377376740584,86.45
2025-12-11 13:30:00+01:00,92.2351323450531,92.63
2025-12-11 13:45:00+01:00,96.86931721839385,96.61
2025-12-11 14:00:00+01:00,92.98610969987574,84.78
2025-12-11 14:15:00+01:00,95.919105418071,94.02
2025-12-11 14:30:00+01:00,103.94671314871147,99.56
2025-12-11 14:45:00+01:00,120.84137472133855,112.79
2025-12-11 15:00:00+01:00,103.57152231773273,98.15
2025-12-11 15:15:00+01:00,116.09914022256922,106.06
2025-12-11 15:30:00+01:00,140.8209664839715,115.95
2025-12-11 15:45:00+01:00,148.21550047110503,124.9
2025-12-11 16:00:00+01:00,106.54266042254692,109.05
2025-12-11 16:15:00+01:00,127.18948332894543,109.54
2025-12-11 16:30:00+01:00,142.57421658337145,118.12
2025-12-11 16:45:00+01:00,160.40427372014688,122.09
2025-12-11 17:00:00+01:00,140.97994147111322,110.65
2025-12-11 17:15:00+01:00,149.71592499971183,116.93
2025-12-11 17:30:00+01:00,149.58772698973178,117.95
2025-12-11 17:45:00+01:00,154.6055173350601,116.09
2025-12-11 18:00:00+01:00,155.4927527223714,116.59
2025-12-11 18:15:00+01:00,142.98208949292672,112.51
2025-12-11 18:30:00+01:00,142.91024730294572,111.03
2025-12-11 18:45:00+01:00,147.60355637980982,110.14
2025-12-11 19:00:00+01:00,143.7760121139032,108.3
2025-12-11 19:15:00+01:00,137.2267704401084,105.69
2025-12-11 19:30:00+01:00,141.65506956544746,109.08
2025-12-11 19:45:00+01:00,129.8481277436649,108.09
2025-12-11 20:00:00+01:00,140.50432883101922,113.96
2025-12-11 20:15:00+01:00,125.1968652231904,103.82
2025-12-11 20:30:00+01:00,119.83754087613866,99.79
2025-12-11 20:45:00+01:00,120.80639483793398,97.0
2025-12-11 21:00:00+01:00,124.8015484927078,103.57
2025-12-11 21:15:00+01:00,114.56363843407522,99.04
2025-12-11 21:30:00+01:00,106.51212261367132,92.27
2025-12-11 21:45:00+01:00,99.90508360376765,82.69
2025-12-11 22:00:00+01:00,112.96868464679783,100.59
2025-12-11 22:15:00+01:00,110.10775762451274,91.53
2025-12-11 22:30:00+01:00,105.13890207774179,92.79
2025-12-11 22:45:00+01:00,100.95558279688393,89.43
2025-12-11 23:00:00+01:00,107.31120541151489,101.03
2025-12-11 23:15:00+01:00,100.31887971995847,95.01
2025-12-11 23:30:00+01:00,100.81674317224525,91.31
2025-12-11 23:45:00+01:00,89.53377262807237,87.59
2025-12-12 00:00:00+01:00,96.09137968838145,88.14
2025-12-12 00:15:00+01:00,92.84425364052983,86.91
2025-12-12 00:30:00+01:00,91.12566416043529,79.0
2025-12-12 00:45:00+01:00,89.14268767146292,81.07
2025-12-12 01:00:00+01:00,93.79813405766315,84.34
2025-12-12 01:15:00+01:00,88.54024695133654,83.57
2025-12-12 01:30:00+01:00,88.26467928916414,89.23
2025-12-12 01:45:00+01:00,87.18171263452597,87.74
2025-12-12 02:00:00+01:00,89.5778399531335,88.09
2025-12-12 02:15:00+01:00,87.52470616537163,84.58
2025-12-12 02:30:00+01:00,87.93498269196608,88.8
2025-12-12 02:45:00+01:00,86.6004999205912,90.13
2025-12-12 03:00:00+01:00,87.98239522547497,90.81
2025-12-12 03:15:00+01:00,87.75111202775096,88.92
2025-12-12 03:30:00+01:00,87.33954758076169,90.48
2025-12-12 03:45:00+01:00,86.90115188464452,90.52
2025-12-12 04:00:00+01:00,86.73436537961626,87.83
2025-12-12 04:15:00+01:00,86.74534391327632,89.9
2025-12-12 04:30:00+01:00,88.10448836256526,95.1
2025-12-12 04:45:00+01:00,89.59072606925184,90.0
2025-12-12 05:00:00+01:00,88.3037619039019,84.67
2025-12-12 05:15:00+01:00,90.30851540847432,87.11
2025-12-12 05:30:00+01:00,94.42773374831509,97.06
2025-12-12 05:45:00+01:00,103.45998496237257,100.01
2025-12-12 06:00:00+01:00,91.85706866712461,84.46
2025-12-12 06:15:00+01:00,102.9311867389697,97.09
2025-12-12 06:30:00+01:00,119.2564799767959,110.28
2025-12-12 06:45:00+01:00,130.39489677955174,113.08
2025-12-12 07:00:00+01:00,114.53530680274059,108.32
2025-12-12 07:15:00+01:00,131.5755189573773,125.3
2025-12-12 07:30:00+01:00,136.6709029866234,122.78
2025-12-12 07:45:00+01:00,137.02931256956668,128.9
2025-12-12 08:00:00+01:00,149.71075048048544,128.79
2025-12-12 08:15:00+01:00,145.06392307042518,132.96
2025-12-12 08:30:00+01:00,133.56670276182928,133.52
2025-12-12 08:45:00+01:00,122.50698607755864,128.14
2025-12-12 09:00:00+01:00,138.23623740508316,133.97
2025-12-12 09:15:00+01:00,130.36660832134683,127.0
2025-12-12 09:30:00+01:00,116.33478131399096,124.64
2025-12-12 09:45:00+01:00,110.4774862211633,122.0
2025-12-12 10:00:00+01:00,124.63960425945439,129.2
2025-12-12 10:15:00+01:00,112.57451670677467,126.92
2025-12-12 10:30:00+01:00,112.38864098569569,118.18
2025-12-12 10:45:00+01:00,104.79334468229311,113.52
2025-12-12 11:00:00+01:00,110.19335436616424,122.1
2025-12-12 11:15:00+01:00,105.50684821245727,118.52
2025-12-12 11:30:00+01:00,103.61748719861242,117.91
2025-12-12 11:45:00+01:00,99.95158641516498,114.69
2025-12-12 12:00:00+01:00,103.96790073169699,111.63
2025-12-12 12:15:00+01:00,95.28943549117338,112.75
2025-12-12 12:30:00+01:00,101.88605971694898,113.29
2025-12-12 12:45:00+01:00,103.48146289473547,114.6
2025-12-12 13:00:00+01:00,103.78179106288079,114.22
2025-12-12 13:15:00+01:00,105.06247583832264,115.04
2025-12-12 13:30:00+01:00,102.5204843850181,119.81
2025-12-12 13:45:00+01:00,107.6415329636397,123.97
2025-12-12 14:00:00+01:00,92.1732911813607,114.08
2025-12-12 14:15:00+01:00,108.7031496425738,121.73
2025-12-12 14:30:00+01:00,123.59837299616125,133.05
2025-12-12 14:45:00+01:00,141.1983866784388,138.43
2025-12-12 15:00:00+01:00,120.63520537498827,122.1
2025-12-12 15:15:00+01:00,131.13399132046948,127.3
2025-12-12 15:30:00+01:00,153.38930707218373,135.99
2025-12-12 15:45:00+01:00,167.53785839896813,142.4
2025-12-12 16:00:00+01:00,143.83682091287054,134.03
2025-12-12 16:15:00+01:00,150.4173074700218,138.1
2025-12-12 16:30:00+01:00,159.41771973307854,148.95
2025-12-12 16:45:00+01:00,178.1231422133711,160.87
2025-12-12 17:00:00+01:00,159.21002625619354,150.0
2025-12-12 17:15:00+01:00,164.24251504782475,151.81
2025-12-12 17:30:00+01:00,166.24634279758527,144.79
2025-12-12 17:45:00+01:00,169.8374552709946,140.7
2025-12-12 18:00:00+01:00,159.64231116806738,138.83
2025-12-12 18:15:00+01:00,154.5955642614453,133.66
2025-12-12 18:30:00+01:00,159.87583003404123,131.01
2025-12-12 18:45:00+01:00,156.69304552344266,128.9
2025-12-12 19:00:00+01:00,157.05633700945316,129.0
2025-12-12 19:15:00+01:00,148.15868248131096,127.3
2025-12-12 19:30:00+01:00,146.6614045187195,128.63
2025-12-12 19:45:00+01:00,133.5709064560854,127.3
2025-12-12 20:00:00+01:00,133.87613307471256,122.0
2025-12-12 20:15:00+01:00,122.2908084445042,122.0
2025-12-12 20:30:00+01:00,119.43067996223903,119.9
2025-12-12 20:45:00+01:00,112.82741439098248,104.11
2025-12-12 21:00:00+01:00,122.49266638857159,130.57
2025-12-12 21:15:00+01:00,114.9963397046386,117.33
2025-12-12 21:30:00+01:00,106.6245385238534,109.22
2025-12-12 21:45:00+01:00,95.6738980936026,102.6
2025-12-12 22:00:00+01:00,112.47563280481734,109.92
2025-12-12 22:15:00+01:00,107.23616894096247,107.64
2025-12-12 22:30:00+01:00,103.98726788902235,103.58
2025-12-12 22:45:00+01:00,96.58349465621328,94.14
2025-12-12 23:00:00+01:00,110.32354384254971,102.95
2025-12-12 23:15:00+01:00,100.95999496396087,95.31
2025-12-12 23:30:00+01:00,96.73001296118488,87.68
2025-12-12 23:45:00+01:00,90.7251918033894,81.07
2025-12-13 00:00:00+01:00,94.5519152074493,103.81
2025-12-13 00:15:00+01:00,89.26788222736116,93.33
2025-12-13 00:30:00+01:00,87.76426024389491,89.21
2025-12-13 00:45:00+01:00,84.29931385981101,82.78
2025-12-13 01:00:00+01:00,90.3349949243744,99.35
2025-12-13 01:15:00+01:00,86.52651454448515,92.78
2025-12-13 01:30:00+01:00,86.61978215321415,87.52
2025-12-13 01:45:00+01:00,85.3976478704926,82.36
2025-12-13 02:00:00+01:00,86.75983994940086,92.52
2025-12-13 02:15:00+01:00,85.04541645666787,85.52
2025-12-13 02:30:00+01:00,86.40249448563526,87.48
2025-12-13 02:45:00+01:00,84.09257370932863,84.04
2025-12-13 03:00:00+01:00,85.72636488740719,92.19
2025-12-13 03:15:00+01:00,85.2357534965585,87.23
2025-12-13 03:30:00+01:00,84.42272980677386,85.95
2025-12-13 03:45:00+01:00,84.12007770800426,82.8
2025-12-13 04:00:00+01:00,84.43672336991602,86.51
2025-12-13 04:15:00+01:00,84.84818429031134,84.34
2025-12-13 04:30:00+01:00,85.59365269787885,84.91
2025-12-13 04:45:00+01:00,86.40588975520069,84.24
2025-12-13 05:00:00+01:00,85.82093514092357,85.07
2025-12-13 05:15:00+01:00,86.86939606279778,84.38
2025-12-13 05:30:00+01:00,85.99526384478621,83.53
2025-12-13 05:45:00+01:00,84.83512687032771,85.69
2025-12-13 06:00:00+01:00,87.23093675962784,81.77
2025-12-13 06:15:00+01:00,88.57227995952634,75.9
2025-12-13 06:30:00+01:00,90.24922915503555,78.93
2025-12-13 06:45:00+01:00,95.32969659711443,79.97
2025-12-13 07:00:00+01:00,100.37850264055996,74.83
2025-12-13 07:15:00+01:00,100.76557837564502,76.48
2025-12-13 07:30:00+01:00,100.51861595579602,84.93
2025-12-13 07:45:00+01:00,103.7135399915922,88.3
2025-12-13 08:00:00+01:00,111.77707164522396,85.42
2025-12-13 08:15:00+01:00,108.94236638271616,90.79
2025-12-13 08:30:00+01:00,102.58732553861906,100.06
2025-12-13 08:45:00+01:00,97.58930035827069,107.54
2025-12-13 09:00:00+01:00,112.44257681627835,107.27
2025-12-13 09:15:00+01:00,102.552742796507,107.33
2025-12-13 09:30:00+01:00,102.00906097491155,107.93
2025-12-13 09:45:00+01:00,93.60814340767466,104.55
2025-12-13 10:00:00+01:00,101.79186661588429,108.27
2025-12-13 10:15:00+01:00,94.98115890591666,105.62
2025-12-13 10:30:00+01:00,92.80093142349796,101.14
2025-12-13 10:45:00+01:00,91.66831744389164,95.31
2025-12-13 11:00:00+01:00,97.91524598666405,102.85
2025-12-13 11:15:00+01:00,89.73464807924529,100.7
2025-12-13 11:30:00+01:00,89.21512142722459,97.77
2025-12-13 11:45:00+01:00,88.64367498817388,91.05
2025-12-13 12:00:00+01:00,91.33936987540554,98.95
2025-12-13 12:15:00+01:00,86.89002852455033,93.59
2025-12-13 12:30:00+01:00,85.53400461716286,92.78
2025-12-13 12:45:00+01:00,87.66911615847751,89.71
2025-12-13 13:00:00+01:00,85.39062221496269,94.98
2025-12-13 13:15:00+01:00,87.29274364548502,91.95
2025-12-13 13:30:00+01:00,91.6067932803727,91.78
2025-12-13 13:45:00+01:00,93.68559399158421,93.03
2025-12-13 14:00:00+01:00,88.19871963980331,85.37
2025-12-13 14:15:00+01:00,92.00188223397016,87.98
2025-12-13 14:30:00+01:00,101.69248274512115,100.15
2025-12-13 14:45:00+01:00,118.08543402508886,109.53
2025-12-13 15:00:00+01:00,104.61255573199804,102.45
2025-12-13 15:15:00+01:00,114.83692870162132,115.63
2025-12-13 15:30:00+01:00,121.28703870510192,119.19
2025-12-13 15:45:00+01:00,137.22161997874517,121.36
2025-12-13 16:00:00+01:00,109.93810888938344,113.99
2025-12-13 16:15:00+01:00,125.09095191766934,118.0
2025-12-13 16:30:00+01:00,135.6099727420011,121.99
2025-12-13 16:45:00+01:00,155.32821666827866,124.85
2025-12-13 17:00:00+01:00,136.51866948097523,120.03
2025-12-13 17:15:00+01:00,145.20091854055468,120.67
2025-12-13 17:30:00+01:00,147.38125959185297,118.78
2025-12-13 17:45:00+01:00,147.66072086289608,114.31
2025-12-13 18:00:00+01:00,138.2010552643463,118.0
2025-12-13 18:15:00+01:00,138.98013848351312,115.05
2025-12-13 18:30:00+01:00,129.58181235508044,111.39
2025-12-13 18:45:00+01:00,121.01467095139274,104.58
2025-12-13 19:00:00+01:00,132.05814760752125,116.77
2025-12-13 19:15:00+01:00,125.95876510381137,106.7
2025-12-13 19:30:00+01:00,117.87981482993365,98.24
2025-12-13 19:45:00+01:00,110.75159129729691,92.81
2025-12-13 20:00:00+01:00,113.47915644330513,100.19
2025-12-13 20:15:00+01:00,111.90026140184003,93.59
2025-12-13 20:30:00+01:00,103.55868962128848,86.78
2025-12-13 20:45:00+01:00,97.29727095350934,86.27
2025-12-13 21:00:00+01:00,107.19793596654851,94.46
2025-12-13 21:15:00+01:00,99.01955872420316,94.71
2025-12-13 21:30:00+01:00,95.09875179362142,88.16
2025-12-13 21:45:00+01:00,89.7977330114796,84.9
2025-12-13 22:00:00+01:00,104.37603081992881,107.87
2025-12-13 22:15:00+01:00,97.30274912077583,96.29
2025-12-13 22:30:00+01:00,92.97719702408558,88.25
2025-12-13 22:45:00+01:00,88.88911002045356,82.33
2025-12-13 23:00:00+01:00,98.70142972390246,93.76
2025-12-13 23:15:00+01:00,90.80422337194491,89.73
2025-12-13 23:30:00+01:00,86.61304782188813,82.71
2025-12-13 23:45:00+01:00,82.56572189921013,71.35
2025-12-14 00:00:00+01:00,89.56303180790498,97.5
2025-12-14 00:15:00+01:00,85.08702940605234,91.92
2025-12-14 00:30:00+01:00,82.43599624253999,88.47
2025-12-14 00:45:00+01:00,77.44750087526344,86.89
2025-12-14 01:00:00+01:00,85.8977009612941,99.02
2025-12-14 01:15:00+01:00,80.96356919050739,95.24
2025-12-14 01:30:00+01:00,79.06101221717212,85.9
2025-12-14 01:45:00+01:00,75.80671572654504,81.93
2025-12-14 02:00:00+01:00,80.6741025884855,89.4
2025-12-14 02:15:00+01:00,77.38912839353154,83.34
2025-12-14 02:30:00+01:00,76.93181801723689,78.86
2025-12-14 02:45:00+01:00,73.76430631825617,76.0
2025-12-14 03:00:00+01:00,73.6986195560401,78.67
2025-12-14 03:15:00+01:00,75.02549483226683,81.7
2025-12-14 03:30:00+01:00,73.13504645211538,80.87
2025-12-14 03:45:00+01:00,70.37027482651081,78.56
2025-12-14 04:00:00+01:00,73.06860667441589,77.9
2025-12-14 04:15:00+01:00,72.54945352896921,76.84
2025-12-14 04:30:00+01:00,71.65715267820062,77.28
2025-12-14 04:45:00+01:00,75.0512176686266,77.2
2025-12-14 05:00:00+01:00,71.31829227809402,81.5
2025-12-14 05:15:00+01:00,76.6826213321377,78.68
2025-12-14 05:30:00+01:00,76.19696403826578,77.53
2025-12-14 05:45:00+01:00,71.4544561836035,77.34
2025-12-14 06:00:00+01:00,72.59412673369772,76.33
2025-12-14 06:15:00+01:00,68.5032927830278,76.47
2025-12-14 06:30:00+01:00,67.61747417951119,77.33
2025-12-14 06:45:00+01:00,65.86365708786072,78.57
2025-12-14 07:00:00+01:00,71.89926434097087,80.86
2025-12-14 07:15:00+01:00,73.48653474964948,76.06
2025-12-14 07:30:00+01:00,77.373757108348,76.89
2025-12-14 07:45:00+01:00,82.46776525655224,76.08
2025-12-14 08:00:00+01:00,83.59532837240943,77.91
2025-12-14 08:15:00+01:00,78.72561435072633,81.65
2025-12-14 08:30:00+01:00,73.7989326257594,82.67
2025-12-14 08:45:00+01:00,76.33531565343472,84.81
2025-12-14 09:00:00+01:00,78.72515111840816,80.17
2025-12-14 09:15:00+01:00,80.13302500580988,85.91
2025-12-14 09:30:00+01:00,70.25645008962134,84.91
2025-12-14 09:45:00+01:00,65.40699211472341,78.39
2025-12-14 10:00:00+01:00,79.80418331518058,82.19
2025-12-14 10:15:00+01:00,77.63607820910744,79.91
2025-12-14 10:30:00+01:00,74.78644292670742,79.9
2025-12-14 10:45:00+01:00,69.38972581100398,78.02
2025-12-14 11:00:00+01:00,74.52893690243992,83.76
2025-12-14 11:15:00+01:00,71.75379714695194,85.09
2025-12-14 11:30:00+01:00,68.97577219537854,84.9
2025-12-14 11:45:00+01:00,64.88513735793272,82.56
2025-12-14 12:00:00+01:00,70.02062572995797,88.69
2025-12-14 12:15:00+01:00,64.84538791824696,87.43
2025-12-14 12:30:00+01:00,62.749247084418414,87.31
2025-12-14 12:45:00+01:00,68.3371679412342,85.66
2025-12-14 13:00:00+01:00,65.81871629447271,87.43
2025-12-14 13:15:00+01:00,66.65318632624025,85.9
2025-12-14 13:30:00+01:00,72.83180270353805,84.69
2025-12-14 13:45:00+01:00,78.44612681137578,89.81
2025-12-14 14:00:00+01:00,64.78586982862232,85.9
2025-12-14 14:15:00+01:00,64.4580827563816,80.69
2025-12-14 14:30:00+01:00,79.00657909554198,88.85
2025-12-14 14:45:00+01:00,94.94386769548385,99.16
2025-12-14 15:00:00+01:00,79.36703730765048,83.0
2025-12-14 15:15:00+01:00,88.02847642168773,88.91
2025-12-14 15:30:00+01:00,100.41905866133683,99.53
2025-12-14 15:45:00+01:00,101.47876145431965,96.95
2025-12-14 16:00:00+01:00,95.35037277398423,99.09
2025-12-14 16:15:00+01:00,94.5340585540927,101.83
2025-12-14 16:30:00+01:00,100.72535225937081,95.62
2025-12-14 16:45:00+01:00,109.81865038683318,100.59
2025-12-14 17:00:00+01:00,106.70137725654261,99.71
2025-12-14 17:15:00+01:00,107.94232630115121,105.28
2025-12-14 17:30:00+01:00,109.39331737269524,104.87
2025-12-14 17:45:00+01:00,105.13685519616236,101.28
2025-12-14 18:00:00+01:00,112.6606539982797,111.25
2025-12-14 18:15:00+01:00,107.26154072950929,106.04
2025-12-14 18:30:00+01:00,95.70287267795993,99.9
2025-12-14 18:45:00+01:00,92.27744156234017,95.98
2025-12-14 19:00:00+01:00,104.20221410921488,103.63
2025-12-14 19:15:00+01:00,96.39955754101341,98.04
2025-12-14 19:30:00+01:00,86.70864383297378,89.13
2025-12-14 19:45:00+01:00,79.41219829555448,81.16
2025-12-14 20:00:00+01:00,83.48996615680545,103.14
2025-12-14 20:15:00+01:00,89.33978488867145,92.47
2025-12-14 20:30:00+01:00,84.72892154212816,86.86
2025-12-14 20:45:00+01:00,80.04039170211945,79.12
2025-12-14 21:00:00+01:00,82.42877039383714,88.62
2025-12-14 21:15:00+01:00,76.13750512032695,85.38
2025-12-14 21:30:00+01:00,78.52715918913786,84.91
2025-12-14 21:45:00+01:00,75.0663002931319,78.7
2025-12-14 22:00:00+01:00,87.1299923945898,88.14
2025-12-14 22:15:00+01:00,81.57683275276199,83.3
2025-12-14 22:30:00+01:00,77.54544280820481,81.38
2025-12-14 22:45:00+01:00,72.123719378215,77.78
2025-12-14 23:00:00+01:00,83.93951545436754,85.0
2025-12-14 23:15:00+01:00,75.51544781728091,74.7
2025-12-14 23:30:00+01:00,71.81555602706645,77.34
2025-12-14 23:45:00+01:00,63.83797201109301,65.96
2025-12-15 00:00:00+01:00,83.12956236385412,72.17
2025-12-15 00:15:00+01:00,78.93601472551356,75.04
2025-12-15 00:30:00+01:00,74.49860457736317,66.89
2025-12-15 00:45:00+01:00,71.43010331709523,75.9
2025-12-15 01:00:00+01:00,77.83553723203546,75.34
2025-12-15 01:15:00+01:00,72.9425507974217,72.69
2025-12-15 01:30:00+01:00,72.30129783221798,70.91
2025-12-15 01:45:00+01:00,68.70178733734531,68.57
2025-12-15 02:00:00+01:00,73.28036767826487,72.07
2025-12-15 02:15:00+01:00,69.89457417234782,70.57
2025-12-15 02:30:00+01:00,69.69552073112003,70.54
2025-12-15 02:45:00+01:00,68.24664731244135,70.97
2025-12-15 03:00:00+01:00,69.71144133042789,70.91
2025-12-15 03:15:00+01:00,68.32239542354283,69.76
2025-12-15 03:30:00+01:00,68.77868825318083,70.13
2025-12-15 03:45:00+01:00,68.19068206825631,71.87
2025-12-15 04:00:00+01:00,67.55479307257218,70.22
2025-12-15 04:15:00+01:00,67.31650387344301,72.71
2025-12-15 04:30:00+01:00,68.69394256036732,76.28
2025-12-15 04:45:00+01:00,71.72583496875961,81.91
2025-12-15 05:00:00+01:00,67.32760089583476,70.46
2025-12-15 05:15:00+01:00,70.66297557264136,70.39
2025-12-15 05:30:00+01:00,79.98041375397136,77.49
2025-12-15 05:45:00+01:00,86.8412065497556,88.87
2025-12-15 06:00:00+01:00,72.29025003433094,71.0
2025-12-15 06:15:00+01:00,87.14385244405811,84.02
2025-12-15 06:30:00+01:00,97.99618649684231,85.8
2025-12-15 06:45:00+01:00,110.0738842350555,105.28
2025-12-15 07:00:00+01:00,105.02258947721594,78.89
2025-12-15 07:15:00+01:00,119.38221360113948,92.88
2025-12-15 07:30:00+01:00,123.5814209084774,104.39
2025-12-15 07:45:00+01:00,126.92967761520632,119.0
2025-12-15 08:00:00+01:00,131.21707479606457,104.08
2025-12-15 08:15:00+01:00,124.11067177115818,104.85
2025-12-15 08:30:00+01:00,117.25245283920106,104.37
2025-12-15 08:45:00+01:00,107.9895636097579,91.21
2025-12-15 09:00:00+01:00,117.04750793980226,103.02
2025-12-15 09:15:00+01:00,113.38555133445932,105.41
2025-12-15 09:30:00+01:00,108.83655289982875,97.82
2025-12-15 09:45:00+01:00,96.83987625123237,80.35
2025-12-15 10:00:00+01:00,105.43048715253163,112.79
2025-12-15 10:15:00+01:00,95.34994269768411,93.64
2025-12-15 10:30:00+01:00,98.6944044418753,80.3
2025-12-15 10:45:00+01:00,94.90949103469833,71.73
2025-12-15 11:00:00+01:00,97.24071182616322,86.93
2025-12-15 11:15:00+01:00,97.98026695699741,77.05
2025-12-15 11:30:00+01:00,99.22429364183009,77.58
2025-12-15 11:45:00+01:00,98.91345625742913,77.33
2025-12-15 12:00:00+01:00,95.27184510859993,76.17
2025-12-15 12:15:00+01:00,94.85831078233628,75.35
2025-12-15 12:30:00+01:00,96.53296656043273,81.1
2025-12-15 12:45:00+01:00,98.71045830824902,86.46
2025-12-15 13:00:00+01:00,96.08002693586012,83.59
2025-12-15 13:15:00+01:00,99.80072053859679,86.09
2025-12-15 13:30:00+01:00,102.84316504631944,87.04
2025-12-15 13:45:00+01:00,129.1634807330065,96.32
2025-12-15 14:00:00+01:00,98.94142776595238,83.12
2025-12-15 14:15:00+01:00,104.95158592331761,88.24
2025-12-15 14:30:00+01:00,113.60171126564205,104.96
2025-12-15 14:45:00+01:00,125.03313280547279,105.43
2025-12-15 15:00:00+01:00,109.90250173889402,103.51
2025-12-15 15:15:00+01:00,122.344741537186,105.69
2025-12-15 15:30:00+01:00,135.36980537867004,105.0
2025-12-15 15:45:00+01:00,144.15673270447036,115.0
2025-12-15 16:00:00+01:00,124.66041076458777,100.55
2025-12-15 16:15:00+01:00,135.4088354002978,110.12
2025-12-15 16:30:00+01:00,135.89758382591685,111.35
2025-12-15 16:45:00+01:00,148.1971137361316,112.6
2025-12-15 17:00:00+01:00,138.37546719527012,103.71
2025-12-15 17:15:00+01:00,147.2790026668527,105.05
2025-12-15 17:30:00+01:00,143.3898900755188,104.07
2025-12-15 17:45:00+01:00,134.82487285124986,104.02
2025-12-15 18:00:00+01:00,140.2695068221435,103.07
2025-12-15 18:15:00+01:00,128.98969552557136,98.27
2025-12-15 18:30:00+01:00,120.10916518304478,99.51
2025-12-15 18:45:00+01:00,112.62383958885478,91.78
2025-12-15 19:00:00+01:00,129.3904301924608,100.05
2025-12-15 19:15:00+01:00,114.11645275451608,91.82
2025-12-15 19:30:00+01:00,110.7044090074965,86.75
2025-12-15 19:45:00+01:00,104.75137080267392,83.05
2025-12-15 20:00:00+01:00,111.75206936470599,93.24
2025-12-15 20:15:00+01:00,106.02246821717294,86.78
2025-12-15 20:30:00+01:00,99.62857223856376,80.29
2025-12-15 20:45:00+01:00,97.66102171324695,76.69
2025-12-15 21:00:00+01:00,106.0167481099042,87.36
2025-12-15 21:15:00+01:00,97.74794302116479,87.32
2025-12-15 21:30:00+01:00,93.84993175328653,86.08
2025-12-15 21:45:00+01:00,83.75886460394929,79.92
2025-12-15 22:00:00+01:00,97.34218864102176,92.0
2025-12-15 22:15:00+01:00,93.61593497039773,83.08
2025-12-15 22:30:00+01:00,89.47367177776661,82.93
2025-12-15 22:45:00+01:00,80.00134504411267,81.9
2025-12-15 23:00:00+01:00,92.2944145875064,81.9
2025-12-15 23:15:00+01:00,80.95726795624797,84.38
2025-12-15 23:30:00+01:00,77.02067242448118,80.12
2025-12-15 23:45:00+01:00,66.1418863834112,75.45
2025-12-16 00:00:00+01:00,85.76910884654846,80.91
2025-12-16 00:15:00+01:00,81.24215659457798,83.07
2025-12-16 00:30:00+01:00,79.09653406699996,81.91
2025-12-16 00:45:00+01:00,76.01229562049741,76.79
2025-12-16 01:00:00+01:00,81.39535321189341,82.17
2025-12-16 01:15:00+01:00,77.33936804193316,79.02
2025-12-16 01:30:00+01:00,76.6347895386076,78.18
2025-12-16 01:45:00+01:00,73.61795965254201,76.84
2025-12-16 02:00:00+01:00,78.39631228021096,77.84
2025-12-16 02:15:00+01:00,75.0285157300589,76.26
2025-12-16 02:30:00+01:00,75.04870041138479,77.19
2025-12-16 02:45:00+01:00,74.69734988496472,77.1
2025-12-16 03:00:00+01:00,74.90993557616991,77.41
2025-12-16 03:15:00+01:00,74.2562488716956,77.19
2025-12-16 03:30:00+01:00,76.90396053521626,80.29
2025-12-16 03:45:00+01:00,79.29711645165087,81.32
2025-12-16 04:00:00+01:00,74.89888555095912,78.08
2025-12-16 04:15:00+01:00,76.39219023700797,82.12
2025-12-16 04:30:00+01:00,80.92278527641467,79.15
2025-12-16 04:45:00+01:00,85.1676882039134,82.2
2025-12-16 05:00:00+01:00,76.0687673214434,78.6
2025-12-16 05:15:00+01:00,80.60724860741544,79.27
2025-12-16 05:30:00+01:00,88.46708465143432,82.1
2025-12-16 05:45:00+01:00,97.20270822221043,89.28
2025-12-16 06:00:00+01:00,81.41776633456176,80.29
2025-12-16 06:15:00+01:00,98.04179574656838,87.44
2025-12-16 06:30:00+01:00,106.24247229654877,89.8
2025-12-16 06:45:00+01:00,121.56466177864422,96.07
2025-12-16 07:00:00+01:00,114.69149253077019,89.91
2025-12-16 07:15:00+01:00,125.30336989043948,90.52
2025-12-16 07:30:00+01:00,131.30558941850128,90.31
2025-12-16 07:45:00+01:00,140.13473067068225,94.8
2025-12-16 08:00:00+01:00,142.94846637352833,100.54
2025-12-16 08:15:00+01:00,137.65520147479623,104.48
2025-12-16 08:30:00+01:00,133.88658819355254,104.31
2025-12-16 08:45:00+01:00,125.14319753340413,92.54
2025-12-16 09:00:00+01:00,134.531900043051,108.42
2025-12-16 09:15:00+01:00,128.80903880210207,108.37
2025-12-16 09:30:00+01:00,122.95416538612405,98.27
2025-12-16 09:45:00+01:00,113.1872309993583,90.0
2025-12-16 10:00:00+01:00,124.90379833929467,100.69
2025-12-16 10:15:00+01:00,116.06188345733914,93.96
2025-12-16 10:30:00+01:00,110.88011050584329,88.78
2025-12-16 10:45:00+01:00,109.33999605393772,85.95
2025-12-16 11:00:00+01:00,118.45279608745057,91.58
2025-12-16 11:15:00+01:00,115.70435129655954,90.03
2025-12-16 11:30:00+01:00,114.32704936632966,90.14
2025-12-16 11:45:00+01:00,118.55304852110733,90.68
2025-12-16 12:00:00+01:00,114.35905878765087,89.72
2025-12-16 12:15:00+01:00,111.8588752751366,87.92
2025-12-16 12:30:00+01:00,116.39852358248999,91.32
2025-12-16 12:45:00+01:00,121.72555923575487,97.09
2025-12-16 13:00:00+01:00,119.69103550405173,87.76
2025-12-16 13:15:00+01:00,123.96658942617529,90.75
2025-12-16 13:30:00+01:00,123.33155061155009,100.58
2025-12-16 13:45:00+01:00,130.6713079215529,120.45
2025-12-16 14:00:00+01:00,116.25283131204516,100.83
2025-12-16 14:15:00+01:00,122.95635055187938,115.01
2025-12-16 14:30:00+01:00,132.31846936942878,139.36
2025-12-16 14:45:00+01:00,146.50010068034317,142.39
2025-12-16 15:00:00+01:00,140.50648999201863,122.14
2025-12-16 15:15:00+01:00,145.80830967791792,138.8
2025-12-16 15:30:00+01:00,159.47354265011367,143.69
2025-12-16 15:45:00+01:00,174.442456859368,152.88
2025-12-16 16:00:00+01:00,148.01274043888415,140.01
2025-12-16 16:15:00+01:00,154.65147085817364,140.95
2025-12-16 16:30:00+01:00,162.80805161391177,162.35
2025-12-16 16:45:00+01:00,186.65848430952448,177.94
2025-12-16 17:00:00+01:00,170.39584683292762,157.92
2025-12-16 17:15:00+01:00,170.0978107767707,168.54
2025-12-16 17:30:00+01:00,168.73235345001558,165.22
2025-12-16 17:45:00+01:00,160.4733787991536,157.14
2025-12-16 18:00:00+01:00,169.52157205866288,151.11
2025-12-16 18:15:00+01:00,152.40141148738874,142.03
2025-12-16 18:30:00+01:00,144.39872953444967,138.93
2025-12-16 18:45:00+01:00,135.78614203933253,136.93
2025-12-16 19:00:00+01:00,149.4092843092986,147.29
2025-12-16 19:15:00+01:00,137.69799835801052,140.41
2025-12-16 19:30:00+01:00,130.88295132581624,131.7
2025-12-16 19:45:00+01:00,126.81674186190702,128.99
2025-12-16 20:00:00+01:00,137.54244298016278,130.62
2025-12-16 20:15:00+01:00,125.07906411875419,138.77
2025-12-16 20:30:00+01:00,116.51682337349949,127.0
2025-12-16 20:45:00+01:00,109.17449032227972,119.01
2025-12-16 21:00:00+01:00,120.68303390261107,133.59
2025-12-16 21:15:00+01:00,120.78900325274691,123.13
2025-12-16 21:30:00+01:00,107.13238433987269,115.6
2025-12-16 21:45:00+01:00,98.37818492692149,103.45
2025-12-16 22:00:00+01:00,110.4128178994783,127.33
2025-12-16 22:15:00+01:00,106.60592807239298,116.56
2025-12-16 22:30:00+01:00,99.93688247083485,112.72
2025-12-16 22:45:00+01:00,92.00717869516257,105.69
2025-12-16 23:00:00+01:00,104.2009711177965,113.71
2025-12-16 23:15:00+01:00,94.15773573247026,106.54
2025-12-16 23:30:00+01:00,89.03861298635205,101.42
2025-12-16 23:45:00+01:00,79.76784738605372,92.01
2025-12-17 00:00:00+01:00,104.10669244223737,89.9
2025-12-17 00:15:00+01:00,100.60126263886599,89.12
2025-12-17 00:30:00+01:00,100.0827813156937,89.12
2025-12-17 00:45:00+01:00,100.12631485178042,87.87
2025-12-17 01:00:00+01:00,101.79920014377416,93.78
2025-12-17 01:15:00+01:00,99.22790570019485,90.09
2025-12-17 01:30:00+01:00,100.20373476470081,88.34
2025-12-17 01:45:00+01:00,98.42868022778708,86.95
2025-12-17 02:00:00+01:00,100.09300495753635,87.93
2025-12-17 02:15:00+01:00,98.88597126206678,85.55
2025-12-17 02:30:00+01:00,100.20851080991812,86.05
2025-12-17 02:45:00+01:00,98.47633526654022,86.44
2025-12-17 03:00:00+01:00,105.02358450285533,85.15
2025-12-17 03:15:00+01:00,102.02683002538842,84.91
2025-12-17 03:30:00+01:00,96.40194290263571,84.91
2025-12-17 03:45:00+01:00,97.05325604556369,85.13
2025-12-17 04:00:00+01:00,94.41852058638963,86.76
2025-12-17 04:15:00+01:00,98.17880779365328,85.74
2025-12-17 04:30:00+01:00,98.68644975622956,88.82
2025-12-17 04:45:00+01:00,98.79147612176878,90.99
2025-12-17 05:00:00+01:00,94.8253605462783,89.53
2025-12-17 05:15:00+01:00,95.75451023987884,87.61
2025-12-17 05:30:00+01:00,101.94190720571288,91.27
2025-12-17 05:45:00+01:00,106.49284172730444,93.58
2025-12-17 06:00:00+01:00,98.86929604524948,76.71
2025-12-17 06:15:00+01:00,108.14479632089062,85.1
2025-12-17 06:30:00+01:00,115.30561830382462,95.24
2025-12-17 06:45:00+01:00,131.9779927160963,124.9
2025-12-17 07:00:00+01:00,128.04892135761375,86.26
2025-12-17 07:15:00+01:00,135.28184454925272,97.26
2025-12-17 07:30:00+01:00,138.95008030294963,121.63
2025-12-17 07:45:00+01:00,139.14456790813335,130.15
2025-12-17 08:00:00+01:00,154.36066958160944,128.99
2025-12-17 08:15:00+01:00,150.402446431716,137.0
2025-12-17 08:30:00+01:00,143.74815784493362,135.88
2025-12-17 08:45:00+01:00,121.8549022474747,131.97
2025-12-17 09:00:00+01:00,151.03051780458668,132.0
2025-12-17 09:15:00+01:00,132.73017219884252,133.61
2025-12-17 09:30:00+01:00,122.33441862500572,123.95
2025-12-17 09:45:00+01:00,110.11873141193144,115.62
2025-12-17 10:00:00+01:00,125.95794883576302,135.48
2025-12-17 10:15:00+01:00,114.91413215940229,126.34
2025-12-17 10:30:00+01:00,104.06420083348027,120.98
2025-12-17 10:45:00+01:00,103.16869374555469,115.34
2025-12-17 11:00:00+01:00,113.70042173033126,125.37
2025-12-17 11:15:00+01:00,112.30815009283529,119.0
2025-12-17 11:30:00+01:00,110.2324398448632,116.0
2025-12-17 11:45:00+01:00,111.60956431584073,112.23
2025-12-17 12:00:00+01:00,114.68944741890593,109.66
2025-12-17 12:15:00+01:00,112.91604108314654,108.34
2025-12-17 12:30:00+01:00,109.94013602475596,113.0
2025-12-17 12:45:00+01:00,111.40116921528511,116.58
2025-12-17 13:00:00+01:00,117.1085559798048,118.1
2025-12-17 13:15:00+01:00,114.63274026871213,119.01
2025-12-17 13:30:00+01:00,110.69195353045288,126.4
2025-12-17 13:45:00+01:00,113.18955643052601,127.12
2025-12-17 14:00:00+01:00,108.88228471728043,120.65
2025-12-17 14:15:00+01:00,110.89660456874162,121.66
2025-12-17 14:30:00+01:00,120.76919130658446,129.0
2025-12-17 14:45:00+01:00,134.17840269498274,148.57
2025-12-17 15:00:00+01:00,117.42192035219239,116.92
2025-12-17 15:15:00+01:00,127.68173738715336,124.98
2025-12-17 15:30:00+01:00,144.9691223604866,133.29
2025-12-17 15:45:00+01:00,153.04001420654095,134.82
2025-12-17 16:00:00+01:00,137.95048632757565,121.61
2025-12-17 16:15:00+01:00,148.9258623488053,125.56
2025-12-17 16:30:00+01:00,155.49341731628093,128.63
2025-12-17 16:45:00+01:00,165.69680502122424,130.19
2025-12-17 17:00:00+01:00,146.29434376449962,129.91
2025-12-17 17:15:00+01:00,147.10885879470527,126.37
2025-12-17 17:30:00+01:00,146.64810834939726,122.99
2025-12-17 17:45:00+01:00,134.02516806914113,112.03
2025-12-17 18:00:00+01:00,141.18619272577612,131.4
2025-12-17 18:15:00+01:00,131.78632490017048,118.56
2025-12-17 18:30:00+01:00,128.8916707590744,104.78
2025-12-17 18:45:00+01:00,118.28020044307756,90.86
2025-12-17 19:00:00+01:00,135.61189735672818,114.24
2025-12-17 19:15:00+01:00,119.54270089888412,95.63
2025-12-17 19:30:00+01:00,109.84541053305051,92.98
2025-12-17 19:45:00+01:00,104.56279633406463,87.17
2025-12-17 20:00:00+01:00,108.16798178741047,112.26
2025-12-17 20:15:00+01:00,105.31009357928988,98.28
2025-12-17 20:30:00+01:00,101.9604247520253,84.9
2025-12-17 20:45:00+01:00,94.19743329496873,83.4
2025-12-17 21:00:00+01:00,104.25213128262604,112.56
2025-12-17 21:15:00+01:00,98.27982672564193,94.64
2025-12-17 21:30:00+01:00,94.10334321317339,88.67
2025-12-17 21:45:00+01:00,87.8097935547384,82.94
2025-12-17 22:00:00+01:00,101.968556001731,105.17
2025-12-17 22:15:00+01:00,92.73098499836864,99.91
2025-12-17 22:30:00+01:00,90.74286311678078,87.28
2025-12-17 22:45:00+01:00,80.60232900795734,80.51
2025-12-17 23:00:00+01:00,91.75187228682434,105.74
2025-12-17 23:15:00+01:00,83.87588494771425,88.41
2025-12-17 23:30:00+01:00,80.47030661846071,74.76
2025-12-17 23:45:00+01:00,73.19625020836017,71.09
2025-12-18 00:00:00+01:00,86.95607575572988,83.56
2025-12-18 00:15:00+01:00,79.21517342509327,84.15
2025-12-18 00:30:00+01:00,71.53820432108529,73.79
2025-12-18 00:45:00+01:00,67.57648135643467,69.52
2025-12-18 01:00:00+01:00,77.74341031405812,82.91
2025-12-18 01:15:00+01:00,70.90306483352228,69.55
2025-12-18 01:30:00+01:00,67.80541383306132,64.33
2025-12-18 01:45:00+01:00,66.14063954155296,59.47
2025-12-18 02:00:00+01:00,67.71540299409703,63.68
2025-12-18 02:15:00+01:00,65.61391126742615,59.17
2025-12-18 02:30:00+01:00,64.70420808728429,59.6
2025-12-18 02:45:00+01:00,59.510117702628136,58.06
2025-12-18 03:00:00+01:00,63.324626046902935,57.35
2025-12-18 03:15:00+01:00,63.53089320949172,52.06
2025-12-18 03:30:00+01:00,63.15849612633326,44.59
2025-12-18 03:45:00+01:00,60.758314657368196,41.56
2025-12-18 04:00:00+01:00,62.77161896094821,46.52
2025-12-18 04:15:00+01:00,61.1936311189613,43.19
2025-12-18 04:30:00+01:00,62.42245390992986,46.51
2025-12-18 04:45:00+01:00,64.26561374291174,43.05
2025-12-18 05:00:00+01:00,61.661194491410555,34.58
2025-12-18 05:15:00+01:00,66.07606478947726,39.87
2025-12-18 05:30:00+01:00,72.98147353266813,63.22
2025-12-18 05:45:00+01:00,76.01168409701592,65.64
2025-12-18 06:00:00+01:00,66.76689033607428,58.69
2025-12-18 06:15:00+01:00,79.94329850145573,60.26
2025-12-18 06:30:00+01:00,86.29678563453471,66.01
2025-12-18 06:45:00+01:00,96.96457186409462,68.01
2025-12-18 07:00:00+01:00,86.39229280140529,69.25
2025-12-18 07:15:00+01:00,93.55593711521993,77.87
2025-12-18 07:30:00+01:00,98.25933526167981,91.94
2025-12-18 07:45:00+01:00,93.35518235818763,87.04
2025-12-18 08:00:00+01:00,110.79526865909017,99.82
2025-12-18 08:15:00+01:00,99.35230221744149,86.1
2025-12-18 08:30:00+01:00,96.67337855086433,93.34
2025-12-18 08:45:00+01:00,86.17578409463064,83.71
2025-12-18 09:00:00+01:00,99.0143554124126,118.01
2025-12-18 09:15:00+01:00,91.3914857664276,88.61
2025-12-18 09:30:00+01:00,88.75113682568703,72.46
2025-12-18 09:45:00+01:00,79.40615069583879,75.15
2025-12-18 10:00:00+01:00,94.00045087282923,82.91
2025-12-18 10:15:00+01:00,84.106400302461,91.61
2025-12-18 10:30:00+01:00,82.46694265317308,74.64
2025-12-18 10:45:00+01:00,78.03005893086879,63.97
2025-12-18 11:00:00+01:00,84.24421915498483,85.17
2025-12-18 11:15:00+01:00,80.53298498705648,76.22
2025-12-18 11:30:00+01:00,78.63695559528381,78.39
2025-12-18 11:45:00+01:00,77.04397098323264,73.37
2025-12-18 12:00:00+01:00,77.52882846626578,73.71
2025-12-18 12:15:00+01:00,79.8443830958936,73.15
2025-12-18 12:30:00+01:00,79.12584531966526,77.95
2025-12-18 12:45:00+01:00,80.24004189171379,84.88
2025-12-18 13:00:00+01:00,85.36650359136416,68.67
2025-12-18 13:15:00+01:00,78.77995533541504,74.08
2025-12-18 13:30:00+01:00,79.70467205467358,85.0
2025-12-18 13:45:00+01:00,86.7926740815873,90.16
2025-12-18 14:00:00+01:00,83.39136960354621,82.48
2025-12-18 14:15:00+01:00,78.40138929252181,98.0
2025-12-18 14:30:00+01:00,92.86337502166079,120.8
2025-12-18 14:45:00+01:00,103.300618932074,113.74
2025-12-18 15:00:00+01:00,88.49426000008955,106.66
2025-12-18 15:15:00+01:00,93.40530050014252,107.89
2025-12-18 15:30:00+01:00,108.87990716338376,115.52
2025-12-18 15:45:00+01:00,106.00668356792738,127.9
2025-12-18 16:00:00+01:00,100.1350662208854,102.75
2025-12-18 16:15:00+01:00,103.46111394771977,110.28
2025-12-18 16:30:00+01:00,104.0744691662716,120.77
2025-12-18 16:45:00+01:00,106.74154651318528,109.73
2025-12-18 17:00:00+01:00,100.9965250310154,108.49
2025-12-18 17:15:00+01:00,94.91464828954045,104.54
2025-12-18 17:30:00+01:00,104.99570371422003,103.4
2025-12-18 17:45:00+01:00,85.73058212840726,97.24
2025-12-18 18:00:00+01:00,103.86090615161154,84.61
2025-12-18 18:15:00+01:00,87.37375739435893,86.82
2025-12-18 18:30:00+01:00,87.96024543133252,96.5
2025-12-18 18:45:00+01:00,80.04487952966227,85.09
2025-12-18 19:00:00+01:00,100.93111733619486,97.12
2025-12-18 19:15:00+01:00,86.32466835737797,84.2
2025-12-18 19:30:00+01:00,79.09013341515146,74.39
2025-12-18 19:45:00+01:00,70.43412031024656,64.85
2025-12-18 20:00:00+01:00,87.76259859697126,77.0
2025-12-18 20:15:00+01:00,77.23343121693405,74.14
2025-12-18 20:30:00+01:00,73.15096140333446,65.5
2025-12-18 20:45:00+01:00,74.83099528459604,54.09
2025-12-18 21:00:00+01:00,91.9632145936005,60.02
2025-12-18 21:15:00+01:00,77.56379474147124,58.8
2025-12-18 21:30:00+01:00,72.48417133699927,50.23
2025-12-18 21:45:00+01:00,68.32512635324007,43.97
2025-12-18 22:00:00+01:00,86.09151392539115,61.73
2025-12-18 22:15:00+01:00,77.6581327957336,53.73
2025-12-18 22:30:00+01:00,74.17422129113656,52.38
2025-12-18 22:45:00+01:00,68.30450375544973,39.36
2025-12-18 23:00:00+01:00,74.65062659337443,32.0
2025-12-18 23:15:00+01:00,67.2420498669918,21.07
2025-12-18 23:30:00+01:00,65.15724888057538,14.46
2025-12-18 23:45:00+01:00,60.92687424725631,7.08
2025-12-19 00:00:00+01:00,38.190238054328226,12.77
2025-12-19 00:15:00+01:00,-1.515570008409341,10.35
2025-12-19 00:30:00+01:00,10.591934857252241,9.24
2025-12-19 00:45:00+01:00,6.137845772828925,7.0
2025-12-19 01:00:00+01:00,15.731200431621204,8.1
2025-12-19 01:15:00+01:00,8.703841663534078,5.89
2025-12-19 01:30:00+01:00,10.45137039224359,5.05
2025-12-19 01:45:00+01:00,10.181930768302351,4.39
2025-12-19 02:00:00+01:00,8.77581526643759,4.35
2025-12-19 02:15:00+01:00,16.772240034813528,4.32
2025-12-19 02:30:00+01:00,17.60101802340334,4.33
2025-12-19 02:45:00+01:00,20.180838543147182,4.32
2025-12-19 03:00:00+01:00,5.184608237786549,3.69
2025-12-19 03:15:00+01:00,-2.259124474059888,3.47
2025-12-19 03:30:00+01:00,13.702082664318858,3.28
2025-12-19 03:45:00+01:00,6.57045284419182,3.62
2025-12-19 04:00:00+01:00,16.904933704950224,3.4
2025-12-19 04:15:00+01:00,8.714254488904317,4.01
2025-12-19 04:30:00+01:00,23.338738365236168,4.32
2025-12-19 04:45:00+01:00,39.222785729200304,4.73
2025-12-19 05:00:00+01:00,9.559936386956764,4.64
2025-12-19 05:15:00+01:00,32.54649079388953,8.52
2025-12-19 05:30:00+01:00,53.21890649379405,10.0
2025-12-19 05:45:00+01:00,76.46496634165896,19.94
2025-12-19 06:00:00+01:00,36.79942047671703,15.0
2025-12-19 06:15:00+01:00,70.116039368227,37.71
2025-12-19 06:30:00+01:00,83.75786835065114,43.81
2025-12-19 06:45:00+01:00,93.75074704936712,64.6
2025-12-19 07:00:00+01:00,75.78398175036124,53.75
2025-12-19 07:15:00+01:00,91.34342639669065,69.84
2025-12-19 07:30:00+01:00,97.24996725678692,88.13
2025-12-19 07:45:00+01:00,91.27648661978452,95.13
2025-12-19 08:00:00+01:00,105.98253007724236,87.59
2025-12-19 08:15:00+01:00,96.0985012123756,89.44
2025-12-19 08:30:00+01:00,86.63997521795062,92.22
2025-12-19 08:45:00+01:00,74.1767289983532,88.92
2025-12-19 09:00:00+01:00,89.63547287968183,92.81
2025-12-19 09:15:00+01:00,79.67783078458368,89.8
2025-12-19 09:30:00+01:00,64.50103059930716,88.77
2025-12-19 09:45:00+01:00,63.79707118063669,86.16
2025-12-19 10:00:00+01:00,80.34894835237782,93.11
2025-12-19 10:15:00+01:00,66.85430692305266,90.13
2025-12-19 10:30:00+01:00,66.53475617640585,87.68
2025-12-19 10:45:00+01:00,62.48861358856197,86.0
2025-12-19 11:00:00+01:00,78.18543790190189,87.23
2025-12-19 11:15:00+01:00,62.575009280654214,86.14
2025-12-19 11:30:00+01:00,63.30557085384956,87.94
2025-12-19 11:45:00+01:00,60.8651502462693,88.65
2025-12-19 12:00:00+01:00,55.41240738306567,79.91
2025-12-19 12:15:00+01:00,57.590661481178145,81.69
2025-12-19 12:30:00+01:00,68.1439196979346,87.31
2025-12-19 12:45:00+01:00,70.0604668339692,89.38
2025-12-19 13:00:00+01:00,70.2775197956506,89.2
2025-12-19 13:15:00+01:00,70.4313731986234,86.6
2025-12-19 13:30:00+01:00,79.72184717932794,86.08
2025-12-19 13:45:00+01:00,89.05147321169484,88.62
2025-12-19 14:00:00+01:00,57.05539777378242,86.6
2025-12-19 14:15:00+01:00,80.43817708605366,92.59
2025-12-19 14:30:00+01:00,98.77303227575356,98.86
2025-12-19 14:45:00+01:00,121.14719467556475,95.34
2025-12-19 15:00:00+01:00,90.87395751039641,92.26
2025-12-19 15:15:00+01:00,106.55947388901899,97.1
2025-12-19 15:30:00+01:00,125.55227397442684,100.1
2025-12-19 15:45:00+01:00,138.91855548851902,100.15
2025-12-19 16:00:00+01:00,110.32744519004758,94.28
2025-12-19 16:15:00+01:00,128.1000199605038,95.78
2025-12-19 16:30:00+01:00,133.9803440531905,103.25
2025-12-19 16:45:00+01:00,144.8499113144078,108.02
2025-12-19 17:00:00+01:00,129.30123344903004,103.56
2025-12-19 17:15:00+01:00,132.52469914428437,107.71
2025-12-19 17:30:00+01:00,128.6296980205215,107.4
2025-12-19 17:45:00+01:00,112.34199380379177,108.95
2025-12-19 18:00:00+01:00,130.84196881788833,108.07
2025-12-19 18:15:00+01:00,127.0688238594087,108.04
2025-12-19 18:30:00+01:00,110.61718713901908,108.04
2025-12-19 18:45:00+01:00,110.63628481383836,105.77
2025-12-19 19:00:00+01:00,120.0664143557721,108.08
2025-12-19 19:15:00+01:00,107.2226012254503,105.44
2025-12-19 19:30:00+01:00,107.95753570867215,106.63
2025-12-19 19:45:00+01:00,99.03900032685432,100.34
2025-12-19 20:00:00+01:00,107.73185529996186,107.29
2025-12-19 20:15:00+01:00,100.00735941087079,107.45
2025-12-19 20:30:00+01:00,100.70501661418632,98.88
2025-12-19 20:45:00+01:00,94.63857190483462,98.02
2025-12-19 21:00:00+01:00,105.86349125623119,104.52
2025-12-19 21:15:00+01:00,98.70606675464745,101.24
2025-12-19 21:30:00+01:00,96.77491883962549,96.19
2025-12-19 21:45:00+01:00,90.17220565522933,91.9
2025-12-19 22:00:00+01:00,104.66221590464019,100.25
2025-12-19 22:15:00+01:00,98.21390917071824,98.33
2025-12-19 22:30:00+01:00,95.05293345680121,95.59
2025-12-19 22:45:00+01:00,89.70568228655827,90.94
2025-12-19 23:00:00+01:00,99.64436416972706,97.14
2025-12-19 23:15:00+01:00,93.35996283907964,89.15
2025-12-19 23:30:00+01:00,87.9313722894507,90.12
2025-12-19 23:45:00+01:00,78.67808432826733,84.31
2025-12-20 00:00:00+01:00,91.48156893891435,90.36
2025-12-20 00:15:00+01:00,88.5543738435212,86.46
2025-12-20 00:30:00+01:00,89.94880540090345,81.19
2025-12-20 00:45:00+01:00,86.87319909739013,81.24
2025-12-20 01:00:00+01:00,92.36941832647383,87.0
2025-12-20 01:15:00+01:00,90.91929864612224,83.37
2025-12-20 01:30:00+01:00,88.46876229884533,81.9
2025-12-20 01:45:00+01:00,86.41583155012987,81.33
2025-12-20 02:00:00+01:00,89.67320647685922,86.88
2025-12-20 02:15:00+01:00,87.17301386949958,85.28
2025-12-20 02:30:00+01:00,87.7452301014133,82.94
2025-12-20 02:45:00+01:00,86.42329640607032,84.91
2025-12-20 03:00:00+01:00,90.6647629689231,86.56
2025-12-20 03:15:00+01:00,87.31912461362744,85.86
2025-12-20 03:30:00+01:00,88.17025131653163,87.97
2025-12-20 03:45:00+01:00,89.46309507070526,89.56
2025-12-20 04:00:00+01:00,87.43303709259979,86.91
2025-12-20 04:15:00+01:00,92.33287765499085,86.93
2025-12-20 04:30:00+01:00,97.75785487386852,88.18
2025-12-20 04:45:00+01:00,93.17344120370336,91.82
2025-12-20 05:00:00+01:00,88.7774076283871,86.9
2025-12-20 05:15:00+01:00,96.23970591865931,85.51
2025-12-20 05:30:00+01:00,90.2877728113424,89.25
2025-12-20 05:45:00+01:00,98.82784339702701,98.0
2025-12-20 06:00:00+01:00,87.19664887862575,92.07
2025-12-20 06:15:00+01:00,87.2669452097539,94.38
2025-12-20 06:30:00+01:00,89.35560951042008,95.18
2025-12-20 06:45:00+01:00,96.8546236709423,102.27
2025-12-20 07:00:00+01:00,95.52481557843896,98.84
2025-12-20 07:15:00+01:00,100.4245857149865,102.21
2025-12-20 07:30:00+01:00,102.62119322429321,105.0
2025-12-20 07:45:00+01:00,105.13442639203976,109.95
2025-12-20 08:00:00+01:00,107.02329727173435,108.88
2025-12-20 08:15:00+01:00,107.82000735817746,110.44
2025-12-20 08:30:00+01:00,101.97599984353924,115.51
2025-12-20 08:45:00+01:00,100.49133305874828,118.0
2025-12-20 09:00:00+01:00,109.389028334234,114.87
2025-12-20 09:15:00+01:00,104.77432206816924,116.97
2025-12-20 09:30:00+01:00,100.30939947360704,114.37
2025-12-20 09:45:00+01:00,110.33710981630259,112.99
2025-12-20 10:00:00+01:00,109.62239733722403,114.33
2025-12-20 10:15:00+01:00,103.36573299491316,115.19
2025-12-20 10:30:00+01:00,108.66193001952877,112.1
2025-12-20 10:45:00+01:00,100.31712074903966,109.05
2025-12-20 11:00:00+01:00,111.42904326450179,113.15
2025-12-20 11:15:00+01:00,99.77506722044355,110.33
2025-12-20 11:30:00+01:00,97.4517395649568,110.82
2025-12-20 11:45:00+01:00,91.4935201308242,109.65
2025-12-20 12:00:00+01:00,96.10667630464562,108.74
2025-12-20 12:15:00+01:00,91.36514205831745,107.55
2025-12-20 12:30:00+01:00,92.79668953677717,111.63
2025-12-20 12:45:00+01:00,94.21638465289914,113.15
2025-12-20 13:00:00+01:00,97.52483874072757,109.33
2025-12-20 13:15:00+01:00,95.21738025853597,111.7
2025-12-20 13:30:00+01:00,104.84000554175518,117.97
2025-12-20 13:45:00+01:00,100.18793042825264,120.93
2025-12-20 14:00:00+01:00,94.33251371754378,115.62
2025-12-20 14:15:00+01:00,98.99356558758393,121.53
2025-12-20 14:30:00+01:00,115.02988319277341,120.39
2025-12-20 14:45:00+01:00,101.72208689884823,120.39
2025-12-20 15:00:00+01:00,114.52088109294543,116.59
2025-12-20 15:15:00+01:00,115.57136046150075,118.0
2025-12-20 15:30:00+01:00,122.55257615973105,121.01
2025-12-20 15:45:00+01:00,134.91460164524864,126.95
2025-12-20 16:00:00+01:00,120.08164337863442,114.25
2025-12-20 16:15:00+01:00,133.45033449597474,120.39
2025-12-20 16:30:00+01:00,130.41286748355859,120.4
2025-12-20 16:45:00+01:00,132.7853313547413,125.78
2025-12-20 17:00:00+01:00,138.13658905722616,127.0
2025-12-20 17:15:00+01:00,135.21554203820506,122.46
2025-12-20 17:30:00+01:00,132.00077316860722,120.4
2025-12-20 17:45:00+01:00,120.1708035528021,119.71
2025-12-20 18:00:00+01:00,128.03822180207646,128.99
2025-12-20 18:15:00+01:00,119.32201724340308,120.6
2025-12-20 18:30:00+01:00,115.25811438608113,113.7
2025-12-20 18:45:00+01:00,107.78745968750403,109.77
2025-12-20 19:00:00+01:00,121.34477108434866,113.48
2025-12-20 19:15:00+01:00,108.96391379556363,104.49
2025-12-20 19:30:00+01:00,100.1707455172668,103.38
2025-12-20 19:45:00+01:00,95.52830764943533,95.09
2025-12-20 20:00:00+01:00,102.30121456207902,104.08
2025-12-20 20:15:00+01:00,95.72217097100874,96.55
2025-12-20 20:30:00+01:00,93.40710996964876,95.04
2025-12-20 20:45:00+01:00,91.7895280051779,89.86
2025-12-20 21:00:00+01:00,97.26550000975992,95.03
2025-12-20 21:15:00+01:00,92.88480540956186,91.54
2025-12-20 21:30:00+01:00,89.99164774821205,94.5
2025-12-20 21:45:00+01:00,84.86394415731026,90.97
2025-12-20 22:00:00+01:00,97.61264792628575,101.53
2025-12-20 22:15:00+01:00,91.22214637383922,90.73
2025-12-20 22:30:00+01:00,88.12974333959413,86.01
2025-12-20 22:45:00+01:00,82.53260678659628,90.71
2025-12-20 23:00:00+01:00,90.9068453960876,104.36
2025-12-20 23:15:00+01:00,86.90678012648463,90.86
2025-12-20 23:30:00+01:00,82.70819096212135,84.5
2025-12-20 23:45:00+01:00,75.29649340182264,82.97
2025-12-21 00:00:00+01:00,93.80549589362595,103.92
2025-12-21 00:15:00+01:00,90.10287453023467,98.0
2025-12-21 00:30:00+01:00,86.11718443931507,93.13
2025-12-21 00:45:00+01:00,80.23372694009736,87.75
2025-12-21 01:00:00+01:00,88.63188620143876,98.99
2025-12-21 01:15:00+01:00,84.07205655783197,90.05
2025-12-21 01:30:00+01:00,80.59397598979427,86.14
2025-12-21 01:45:00+01:00,78.13042249024474,85.0
2025-12-21 02:00:00+01:00,82.31300928468116,90.75
2025-12-21 02:15:00+01:00,78.70216922879365,86.56
2025-12-21 02:30:00+01:00,79.18195170730725,85.69
2025-12-21 02:45:00+01:00,78.24683505950838,82.94
2025-12-21 03:00:00+01:00,82.64481745383073,85.73
2025-12-21 03:15:00+01:00,79.08440254379174,86.41
2025-12-21 03:30:00+01:00,80.14851416284667,85.51
2025-12-21 03:45:00+01:00,77.4794848259322,83.93
2025-12-21 04:00:00+01:00,80.06338706492971,85.54
2025-12-21 04:15:00+01:00,81.0329348037638,84.29
2025-12-21 04:30:00+01:00,80.16698286753616,87.03
2025-12-21 04:45:00+01:00,80.10300922170573,85.65
2025-12-21 05:00:00+01:00,78.71897913862281,87.24
2025-12-21 05:15:00+01:00,82.15449288036692,86.28
2025-12-21 05:30:00+01:00,83.09700399496127,87.11
2025-12-21 05:45:00+01:00,88.99038354973531,86.67
2025-12-21 06:00:00+01:00,80.25021436825283,84.34
2025-12-21 06:15:00+01:00,81.93601634992854,86.87
2025-12-21 06:30:00+01:00,90.64669474602266,87.6
2025-12-21 06:45:00+01:00,88.85841729178813,93.75
2025-12-21 07:00:00+01:00,91.54765358040805,87.89
2025-12-21 07:15:00+01:00,89.18971218551715,90.57
2025-12-21 07:30:00+01:00,90.04352394044622,92.95
2025-12-21 07:45:00+01:00,91.12509794084431,100.0
2025-12-21 08:00:00+01:00,98.21636738333333,98.98
2025-12-21 08:15:00+01:00,97.83495468853816,102.42
2025-12-21 08:30:00+01:00,99.91082564756623,103.09
2025-12-21 08:45:00+01:00,100.9651459033637,104.1
2025-12-21 09:00:00+01:00,109.51262837916,106.7
2025-12-21 09:15:00+01:00,107.20105457324163,109.99
2025-12-21 09:30:00+01:00,105.30818534816028,107.39
2025-12-21 09:45:00+01:00,96.55427955474285,103.96
2025-12-21 10:00:00+01:00,109.08296728113257,111.83
2025-12-21 10:15:00+01:00,100.54321822555285,105.54
2025-12-21 10:30:00+01:00,87.68207868519596,99.37
2025-12-21 10:45:00+01:00,90.07637224492912,93.59
2025-12-21 11:00:00+01:00,80.15020763566497,104.58
2025-12-21 11:15:00+01:00,84.73550995370525,103.52
2025-12-21 11:30:00+01:00,86.69336051954073,99.29
2025-12-21 11:45:00+01:00,83.48411297396736,97.81
2025-12-21 12:00:00+01:00,84.40794138407871,101.95
2025-12-21 12:15:00+01:00,80.00578554614057,98.06
2025-12-21 12:30:00+01:00,85.48181006698401,97.47
2025-12-21 12:45:00+01:00,80.89686584420579,96.45
2025-12-21 13:00:00+01:00,79.79518089163732,99.32
2025-12-21 13:15:00+01:00,81.7676126569387,96.87
2025-12-21 13:30:00+01:00,90.94896881628536,92.86
2025-12-21 13:45:00+01:00,94.20268477557163,90.42
2025-12-21 14:00:00+01:00,85.22889165548277,94.39
2025-12-21 14:15:00+01:00,95.17134382786206,96.15
2025-12-21 14:30:00+01:00,100.32663543098653,101.07
2025-12-21 14:45:00+01:00,87.32010379045651,103.96
2025-12-21 15:00:00+01:00,98.22757818784714,94.03
2025-12-21 15:15:00+01:00,105.65907653913669,103.08
2025-12-21 15:30:00+01:00,103.10933272694044,102.63
2025-12-21 15:45:00+01:00,105.13555966252935,103.74
2025-12-21 16:00:00+01:00,108.68480546729305,91.64
2025-12-21 16:15:00+01:00,112.76590019060163,100.11
2025-12-21 16:30:00+01:00,98.40582467059838,98.56
2025-12-21 16:45:00+01:00,104.56688206393636,99.75
2025-12-21 17:00:00+01:00,114.48236642818271,102.1
2025-12-21 17:15:00+01:00,112.17039515564397,99.94
2025-12-21 17:30:00+01:00,108.73307174453703,95.53
2025-12-21 17:45:00+01:00,107.59578668573891,90.7
2025-12-21 18:00:00+01:00,109.93344884803597,100.83
2025-12-21 18:15:00+01:00,105.55487203148871,90.75
2025-12-21 18:30:00+01:00,103.00233356408943,86.03
2025-12-21 18:45:00+01:00,107.17969550844812,85.57
2025-12-21 19:00:00+01:00,103.86026325619666,88.15
2025-12-21 19:15:00+01:00,104.06249162239983,87.19
2025-12-21 19:30:00+01:00,96.08054833370923,85.28
2025-12-21 19:45:00+01:00,88.42084833030994,83.94
2025-12-21 20:00:00+01:00,88.32515785132644,84.8
2025-12-21 20:15:00+01:00,90.23702505437679,82.28
2025-12-21 20:30:00+01:00,86.42494534056326,80.61
2025-12-21 20:45:00+01:00,79.28703917942248,78.93
2025-12-21 21:00:00+01:00,86.00962775269669,83.51
2025-12-21 21:15:00+01:00,73.05824304269339,77.7
2025-12-21 21:30:00+01:00,80.12038730187827,79.94
2025-12-21 21:45:00+01:00,80.0662578136862,74.3
2025-12-21 22:00:00+01:00,77.18726136040476,83.4
2025-12-21 22:15:00+01:00,85.68961509863603,78.77
2025-12-21 22:30:00+01:00,83.57910303165501,76.24
2025-12-21 22:45:00+01:00,77.42498320357441,71.57
2025-12-21 23:00:00+01:00,87.6715895549331,78.03
2025-12-21 23:15:00+01:00,78.66593459195036,72.29
2025-12-21 23:30:00+01:00,73.06122325854689,69.17
2025-12-21 23:45:00+01:00,65.99878438920787,64.13
2025-12-22 00:00:00+01:00,77.30622416235043,72.5
2025-12-22 00:15:00+01:00,75.55247269139944,70.49
2025-12-22 00:30:00+01:00,70.88103970959172,69.35
2025-12-22 00:45:00+01:00,65.02899681419173,68.57
2025-12-22 01:00:00+01:00,72.22488065511328,71.27
2025-12-22 01:15:00+01:00,68.44014066980523,68.33
2025-12-22 01:30:00+01:00,64.8394554419607,68.67
2025-12-22 01:45:00+01:00,61.478567149763975,67.04
2025-12-22 02:00:00+01:00,65.99554104425945,69.22
2025-12-22 02:15:00+01:00,61.99192604920884,67.47
2025-12-22 02:30:00+01:00,62.54949393216725,67.23
2025-12-22 02:45:00+01:00,62.7885836872329,67.22
2025-12-22 03:00:00+01:00,63.783133710012905,65.92
2025-12-22 03:15:00+01:00,62.768919694276306,65.87
2025-12-22 03:30:00+01:00,64.76731113407067,66.33
2025-12-22 03:45:00+01:00,63.82192319226455,67.12
2025-12-22 04:00:00+01:00,62.79021952125018,70.97
2025-12-22 04:15:00+01:00,67.49413326225671,70.04
2025-12-22 04:30:00+01:00,73.29903212866165,71.59
2025-12-22 04:45:00+01:00,74.71727889753674,73.47
2025-12-22 05:00:00+01:00,72.69732689367581,70.44
2025-12-22 05:15:00+01:00,73.23074964194892,72.85
2025-12-22 05:30:00+01:00,76.33570985783824,77.1
2025-12-22 05:45:00+01:00,86.31797549526542,76.06
2025-12-22 06:00:00+01:00,72.63852551626584,71.37
2025-12-22 06:15:00+01:00,91.89920622848263,75.47
2025-12-22 06:30:00+01:00,93.45291927533488,78.52
2025-12-22 06:45:00+01:00,97.25498956296323,87.39
2025-12-22 07:00:00+01:00,91.53658070658409,80.9
2025-12-22 07:15:00+01:00,98.11316988330975,81.24
2025-12-22 07:30:00+01:00,101.35872808386614,95.53
2025-12-22 07:45:00+01:00,99.53898493696889,104.12
2025-12-22 08:00:00+01:00,110.72010930175782,88.57
2025-12-22 08:15:00+01:00,107.66040090738028,90.65
2025-12-22 08:30:00+01:00,106.52912881682788,100.69
2025-12-22 08:45:00+01:00,96.86526336677991,93.46
2025-12-22 09:00:00+01:00,112.0065344087693,93.55
2025-12-22 09:15:00+01:00,106.09022534986845,90.66
2025-12-22 09:30:00+01:00,99.02648877247033,89.66
2025-12-22 09:45:00+01:00,90.11750184204153,89.3
2025-12-22 10:00:00+01:00,108.15508672445671,101.54
2025-12-22 10:15:00+01:00,95.34439520570567,90.7
2025-12-22 10:30:00+01:00,87.60423830773402,86.89
2025-12-22 10:45:00+01:00,84.44792518145444,77.86
2025-12-22 11:00:00+01:00,87.35394055819715,86.43
2025-12-22 11:15:00+01:00,84.97217813192933,82.42
2025-12-22 11:30:00+01:00,84.45128615038212,84.96
2025-12-22 11:45:00+01:00,85.71595699226945,86.19
2025-12-22 12:00:00+01:00,86.43998103752055,87.72
2025-12-22 12:15:00+01:00,81.17634642659975,84.13
2025-12-22 12:30:00+01:00,84.5493661536609,86.88
2025-12-22 12:45:00+01:00,84.44033912135797,86.63
2025-12-22 13:00:00+01:00,84.59307762776253,90.0
2025-12-22 13:15:00+01:00,86.04277234009444,88.32
2025-12-22 13:30:00+01:00,86.89383598436433,87.14
2025-12-22 13:45:00+01:00,93.11780787743908,89.0
2025-12-22 14:00:00+01:00,86.7037981758364,91.07
2025-12-22 14:15:00+01:00,90.81746081306461,91.82
2025-12-22 14:30:00+01:00,102.13335386111882,92.07
2025-12-22 14:45:00+01:00,111.26324303420638,93.53
2025-12-22 15:00:00+01:00,100.87001368092426,91.55
2025-12-22 15:15:00+01:00,108.9554110741638,102.91
2025-12-22 15:30:00+01:00,111.71637429248989,101.0
2025-12-22 15:45:00+01:00,119.25093422921185,102.69
2025-12-22 16:00:00+01:00,106.82445426771834,94.53
2025-12-22 16:15:00+01:00,115.75016264791415,101.39
2025-12-22 16:30:00+01:00,108.60833012546277,103.49
2025-12-22 16:45:00+01:00,113.54527645410886,105.31
2025-12-22 17:00:00+01:00,118.1494675331465,107.04
2025-12-22 17:15:00+01:00,114.8460146449598,108.96
2025-12-22 17:30:00+01:00,111.71804732056749,109.31
2025-12-22 17:45:00+01:00,107.54565744494204,106.26
2025-12-22 18:00:00+01:00,115.83523956279579,104.31
2025-12-22 18:15:00+01:00,103.26439817680135,102.1
2025-12-22 18:30:00+01:00,86.52817440693993,98.73
2025-12-22 18:45:00+01:00,100.20855768178656,98.46
2025-12-22 19:00:00+01:00,95.57708761145989,94.95
2025-12-22 19:15:00+01:00,95.61377545406141,95.04
2025-12-22 19:30:00+01:00,91.84483550865981,93.07
2025-12-22 19:45:00+01:00,88.50451587470832,92.1
2025-12-22 20:00:00+01:00,91.72019893503607,92.07
2025-12-22 20:15:00+01:00,85.16853455225164,91.21
2025-12-22 20:30:00+01:00,83.2711951806603,88.14
2025-12-22 20:45:00+01:00,80.17006228426975,86.49
2025-12-22 21:00:00+01:00,89.60714100742858,91.64
2025-12-22 21:15:00+01:00,79.8838767132111,84.84
2025-12-22 21:30:00+01:00,83.09095357678302,83.16
2025-12-22 21:45:00+01:00,77.9406297261609,79.8
2025-12-22 22:00:00+01:00,88.14767165690387,91.68
2025-12-22 22:15:00+01:00,84.2240404373365,87.89
2025-12-22 22:30:00+01:00,84.25681470858086,82.98
2025-12-22 22:45:00+01:00,80.31907937650391,76.74
2025-12-22 23:00:00+01:00,85.39417255195956,89.0
2025-12-22 23:15:00+01:00,75.02209228920401,80.21
2025-12-22 23:30:00+01:00,69.98749972948897,74.14
2025-12-22 23:45:00+01:00,63.80365686236889,68.52
2025-12-23 00:00:00+01:00,74.80569112397423,80.33
2025-12-23 00:15:00+01:00,74.05297617467113,73.4
2025-12-23 00:30:00+01:00,73.87484215104186,71.0
2025-12-23 00:45:00+01:00,70.17304972728253,64.2
2025-12-23 01:00:00+01:00,73.67546467922378,66.6
2025-12-23 01:15:00+01:00,70.22997964058496,64.71
2025-12-23 01:30:00+01:00,67.79623408747808,64.88
2025-12-23 01:45:00+01:00,64.60310766270958,63.94
2025-12-23 02:00:00+01:00,68.53862235588956,64.1
2025-12-23 02:15:00+01:00,65.89616384136946,62.06
2025-12-23 02:30:00+01:00,64.4523558606605,60.99
2025-12-23 02:45:00+01:00,63.70165873480701,60.87
2025-12-23 03:00:00+01:00,65.69486773428201,59.53
2025-12-23 03:15:00+01:00,63.36903313478798,59.59
2025-12-23 03:30:00+01:00,64.65597121395467,59.58
2025-12-23 03:45:00+01:00,63.22326923931527,57.54
2025-12-23 04:00:00+01:00,63.77803285938188,58.37
2025-12-23 04:15:00+01:00,65.41371059608743,58.12
2025-12-23 04:30:00+01:00,66.3428553596662,58.13
2025-12-23 04:45:00+01:00,70.0113954289004,57.83
2025-12-23 05:00:00+01:00,66.17693957749377,58.21
2025-12-23 05:15:00+01:00,71.42834431197447,58.36
2025-12-23 05:30:00+01:00,73.6947842335199,59.35
2025-12-23 05:45:00+01:00,77.22460081081518,60.17
2025-12-23 06:00:00+01:00,67.80862334883476,63.59
2025-12-23 06:15:00+01:00,79.35450809979818,64.34
2025-12-23 06:30:00+01:00,88.12723973568238,70.75
2025-12-23 06:45:00+01:00,86.34176250425041,72.71
2025-12-23 07:00:00+01:00,84.97258668140617,72.08
2025-12-23 07:15:00+01:00,89.96360299648079,76.38
2025-12-23 07:30:00+01:00,94.88172493740348,79.99
2025-12-23 07:45:00+01:00,103.01367092631432,83.62
2025-12-23 08:00:00+01:00,105.48859255938602,79.2
2025-12-23 08:15:00+01:00,98.49871155100209,84.35
2025-12-23 08:30:00+01:00,103.38860612733309,84.23
2025-12-23 08:45:00+01:00,98.39565903515697,87.72
2025-12-23 09:00:00+01:00,106.82006260693693,85.38
2025-12-23 09:15:00+01:00,104.96448120166407,86.19
2025-12-23 09:30:00+01:00,97.30870996218884,86.78
2025-12-23 09:45:00+01:00,86.03473457480615,83.51
2025-12-23 10:00:00+01:00,104.97669947514953,84.82
2025-12-23 10:15:00+01:00,96.59995202199936,86.45
2025-12-23 10:30:00+01:00,87.26966723102564,84.08
2025-12-23 10:45:00+01:00,78.96867851303807,80.0
2025-12-23 11:00:00+01:00,85.23802964155587,86.11
2025-12-23 11:15:00+01:00,80.14471888762156,82.46
2025-12-23 11:30:00+01:00,81.23997125383806,80.6
2025-12-23 11:45:00+01:00,86.21339477854906,78.3
2025-12-23 12:00:00+01:00,83.79044289474072,83.33
2025-12-23 12:15:00+01:00,80.11744935967249,79.9
2025-12-23 12:30:00+01:00,81.86026002615803,80.12
2025-12-23 12:45:00+01:00,86.10063460259562,78.59
2025-12-23 13:00:00+01:00,81.10633618749821,80.86
2025-12-23 13:15:00+01:00,82.30874393041312,79.0
2025-12-23 13:30:00+01:00,87.18088066881869,78.25
2025-12-23 13:45:00+01:00,86.94009710869115,78.74
2025-12-23 14:00:00+01:00,91.84777441594069,76.59
2025-12-23 14:15:00+01:00,94.98963352436368,78.35
2025-12-23 14:30:00+01:00,92.90812361959294,80.54
2025-12-23 14:45:00+01:00,101.43025333931222,81.38
2025-12-23 15:00:00+01:00,82.89727943354664,76.15
2025-12-23 15:15:00+01:00,97.9170551092192,80.6
2025-12-23 15:30:00+01:00,98.79980369094186,84.3
2025-12-23 15:45:00+01:00,112.26241072759584,86.26
2025-12-23 16:00:00+01:00,93.99614224980316,81.81
2025-12-23 16:15:00+01:00,104.71222237850628,79.75
2025-12-23 16:30:00+01:00,110.48616296854092,84.59
2025-12-23 16:45:00+01:00,117.51956849599597,88.6
2025-12-23 17:00:00+01:00,106.48293404284921,80.07
2025-12-23 17:15:00+01:00,118.19886915009631,80.59
2025-12-23 17:30:00+01:00,119.16626625582596,84.49
2025-12-23 17:45:00+01:00,120.0111259514081,84.72
2025-12-23 18:00:00+01:00,114.27972839549699,84.11
2025-12-23 18:15:00+01:00,111.5964471465385,82.32
2025-12-23 18:30:00+01:00,108.30461791452379,84.99
2025-12-23 18:45:00+01:00,99.89806198643667,84.36
2025-12-23 19:00:00+01:00,107.96390788700157,83.37
2025-12-23 19:15:00+01:00,100.53528589649682,82.66
2025-12-23 19:30:00+01:00,95.02412832805314,82.08
2025-12-23 19:45:00+01:00,89.05752485540083,81.75
2025-12-23 20:00:00+01:00,106.571416518045,86.6
2025-12-23 20:15:00+01:00,98.85603797149331,83.1
2025-12-23 20:30:00+01:00,88.11901848451211,74.18
2025-12-23 20:45:00+01:00,73.10382298834864,68.14
2025-12-23 21:00:00+01:00,90.33202895923199,76.69
2025-12-23 21:15:00+01:00,85.49485827743617,73.84
2025-12-23 21:30:00+01:00,77.7009260379613,68.15
2025-12-23 21:45:00+01:00,68.97282727926684,61.04
2025-12-23 22:00:00+01:00,83.79293615498219,77.36
2025-12-23 22:15:00+01:00,79.9273512020066,70.83
2025-12-23 22:30:00+01:00,76.85444704175995,72.5
2025-12-23 22:45:00+01:00,70.33266150985276,66.65
2025-12-23 23:00:00+01:00,75.9747187953708,71.56
2025-12-23 23:15:00+01:00,66.27621295848172,63.89
2025-12-23 23:30:00+01:00,63.799639123256995,63.57
2025-12-23 23:45:00+01:00,56.13871296746774,57.35
2025-12-24 00:00:00+01:00,57.980070479355334,66.41
2025-12-24 00:15:00+01:00,52.138355090767156,66.21
2025-12-24 00:30:00+01:00,68.08825390638691,56.85
2025-12-24 00:45:00+01:00,58.46099130546909,51.52
2025-12-24 01:00:00+01:00,48.12021457316136,58.47
2025-12-24 01:15:00+01:00,50.086033086571206,55.7
2025-12-24 01:30:00+01:00,52.316097562086064,54.17
2025-12-24 01:45:00+01:00,47.548313213529674,55.11
2025-12-24 02:00:00+01:00,51.82927310367846,56.03
2025-12-24 02:15:00+01:00,47.797440902516044,56.92
2025-12-24 02:30:00+01:00,44.83860357837615,57.42
2025-12-24 02:45:00+01:00,42.53633393207797,56.83
2025-12-24 03:00:00+01:00,42.73337157836621,57.02
2025-12-24 03:15:00+01:00,38.65790832192254,56.15
2025-12-24 03:30:00+01:00,43.84623752672761,56.09
2025-12-24 03:45:00+01:00,40.70534742584477,54.1
2025-12-24 04:00:00+01:00,43.81047428259714,55.64
2025-12-24 04:15:00+01:00,47.573036769763554,56.16
2025-12-24 04:30:00+01:00,42.473769799791114,55.84
2025-12-24 04:45:00+01:00,41.97778763817611,55.75
2025-12-24 05:00:00+01:00,39.61958508087933,56.49
2025-12-24 05:15:00+01:00,43.24382435872202,53.1
2025-12-24 05:30:00+01:00,43.46570216654663,56.5
2025-12-24 05:45:00+01:00,20.026496436097872,57.31
2025-12-24 06:00:00+01:00,54.53871919213434,54.3
2025-12-24 06:15:00+01:00,51.80235841804085,54.39
2025-12-24 06:30:00+01:00,52.13528132416554,59.73
2025-12-24 06:45:00+01:00,34.89697987853614,60.44
2025-12-24 07:00:00+01:00,58.98540517603152,59.24
2025-12-24 07:15:00+01:00,69.22684330515901,66.76
2025-12-24 07:30:00+01:00,77.2410696174104,67.47
2025-12-24 07:45:00+01:00,82.39292571879423,76.31
2025-12-24 08:00:00+01:00,81.939905822346,74.89
2025-12-24 08:15:00+01:00,78.96091469086502,75.01
2025-12-24 08:30:00+01:00,78.1373462382517,85.54
2025-12-24 08:45:00+01:00,80.15326474780446,88.56
2025-12-24 09:00:00+01:00,70.95770191465974,89.37
2025-12-24 09:15:00+01:00,78.6575979451171,84.95
2025-12-24 09:30:00+01:00,76.6743349564953,80.96
2025-12-24 09:45:00+01:00,73.96597695784146,74.6
2025-12-24 10:00:00+01:00,87.701783656899,80.22
2025-12-24 10:15:00+01:00,81.08691887372706,75.9
2025-12-24 10:30:00+01:00,71.24235153424976,75.08
2025-12-24 10:45:00+01:00,68.21531588252208,72.89
2025-12-24 11:00:00+01:00,60.62274224019204,71.47
2025-12-24 11:15:00+01:00,63.96475925307729,69.71
2025-12-24 11:30:00+01:00,57.41847696388771,68.5
2025-12-24 11:45:00+01:00,66.2180723913884,67.47
2025-12-24 12:00:00+01:00,70.41028705739129,69.92
2025-12-24 12:15:00+01:00,69.38736560283144,68.75
2025-12-24 12:30:00+01:00,55.99454442530299,68.23
2025-12-24 12:45:00+01:00,52.27664235376361,67.15
2025-12-24 13:00:00+01:00,62.39379389800739,67.17
2025-12-24 13:15:00+01:00,55.75989990863605,67.26
2025-12-24 13:30:00+01:00,44.71709429782437,68.36
2025-12-24 13:45:00+01:00,57.348922233706205,69.16
2025-12-24 14:00:00+01:00,74.58450155737229,69.24
2025-12-24 14:15:00+01:00,83.67695553241535,70.68
2025-12-24 14:30:00+01:00,79.4593987411978,73.91
2025-12-24 14:45:00+01:00,39.34399577049014,81.2
2025-12-24 15:00:00+01:00,16.920279498280067,72.63
2025-12-24 15:15:00+01:00,75.83263110021284,87.51
2025-12-24 15:30:00+01:00,46.70730059543074,86.83
2025-12-24 15:45:00+01:00,85.95107760513602,85.24
2025-12-24 16:00:00+01:00,65.02338640986625,83.23
2025-12-24 16:15:00+01:00,85.02072667391728,88.82
2025-12-24 16:30:00+01:00,88.03450851811291,90.74
2025-12-24 16:45:00+01:00,94.39186642095564,88.81
2025-12-24 17:00:00+01:00,91.7537800803484,89.8
2025-12-24 17:15:00+01:00,106.35518675004819,89.0
2025-12-24 17:30:00+01:00,105.38928696487304,90.1
2025-12-24 17:45:00+01:00,100.79162611004743,87.63
2025-12-24 18:00:00+01:00,83.02486239883112,88.82
2025-12-24 18:15:00+01:00,79.82072132957401,76.36
2025-12-24 18:30:00+01:00,93.51516787159157,77.16
2025-12-24 18:45:00+01:00,96.96692423133399,73.29
2025-12-24 19:00:00+01:00,70.57499163236609,73.86
2025-12-24 19:15:00+01:00,95.3180301228181,72.29
2025-12-24 19:30:00+01:00,98.1636046323351,71.75
2025-12-24 19:45:00+01:00,95.49362262946275,69.19
2025-12-24 20:00:00+01:00,103.57398939601815,71.18
2025-12-24 20:15:00+01:00,95.92159838168047,69.49
2025-12-24 20:30:00+01:00,85.62758624639653,68.01
2025-12-24 20:45:00+01:00,65.2734561662676,63.95
2025-12-24 21:00:00+01:00,86.23532888441844,71.13
2025-12-24 21:15:00+01:00,80.20286268273512,67.49
2025-12-24 21:30:00+01:00,72.6595301775057,67.55
2025-12-24 21:45:00+01:00,59.58755985699581,65.78
2025-12-24 22:00:00+01:00,57.94221711504169,71.81
2025-12-24 22:15:00+01:00,61.443259718848886,69.31
2025-12-24 22:30:00+01:00,62.2196061004243,68.6
2025-12-24 22:45:00+01:00,37.432528971908326,66.31
2025-12-24 23:00:00+01:00,45.67977546931277,70.3
2025-12-24 23:15:00+01:00,45.298029009645006,70.85
2025-12-24 23:30:00+01:00,42.44624968805079,64.95
2025-12-24 23:45:00+01:00,34.26430244356278,54.55
2025-12-25 00:00:00+01:00,66.59624211319455,66.14
2025-12-25 00:15:00+01:00,61.366664334644405,61.29
2025-12-25 00:30:00+01:00,59.668494571417014,61.36
2025-12-25 00:45:00+01:00,52.532028694319905,64.09
2025-12-25 01:00:00+01:00,54.961643688906825,60.03
2025-12-25 01:15:00+01:00,51.99008646702963,59.0
2025-12-25 01:30:00+01:00,54.741712786807454,57.45
2025-12-25 01:45:00+01:00,51.988148102364434,57.29
2025-12-25 02:00:00+01:00,54.25467325069555,57.86
2025-12-25 02:15:00+01:00,52.62464663762381,56.63
2025-12-25 02:30:00+01:00,52.312905934886615,56.64
2025-12-25 02:45:00+01:00,54.907984788618464,56.3
2025-12-25 03:00:00+01:00,48.67640967046492,56.94
2025-12-25 03:15:00+01:00,50.812869135433786,55.87
2025-12-25 03:30:00+01:00,53.828286270036806,55.54
2025-12-25 03:45:00+01:00,56.52900302180903,55.03
2025-12-25 04:00:00+01:00,54.79105570201302,54.67
2025-12-25 04:15:00+01:00,61.05062218813062,54.33
2025-12-25 04:30:00+01:00,68.49672952427981,54.57
2025-12-25 04:45:00+01:00,67.25487698896099,54.55
2025-12-25 05:00:00+01:00,52.76004643120241,53.89
2025-12-25 05:15:00+01:00,57.052870589105815,53.99
2025-12-25 05:30:00+01:00,54.734170478256374,50.92
2025-12-25 05:45:00+01:00,48.71309341861072,51.62
2025-12-25 06:00:00+01:00,60.26963019846171,47.49
2025-12-25 06:15:00+01:00,58.507243316241585,51.02
2025-12-25 06:30:00+01:00,63.98422014297839,51.0
2025-12-25 06:45:00+01:00,27.06586421035321,47.15
2025-12-25 07:00:00+01:00,39.305577873357294,46.55
2025-12-25 07:15:00+01:00,29.94008386112195,50.99
2025-12-25 07:30:00+01:00,16.685866080413945,58.13
2025-12-25 07:45:00+01:00,33.43235335985098,60.44
2025-12-25 08:00:00+01:00,34.45674530348548,64.0
2025-12-25 08:15:00+01:00,23.041097215066017,64.43
2025-12-25 08:30:00+01:00,29.811129734073788,67.49
2025-12-25 08:45:00+01:00,47.65959750097174,60.9
2025-12-25 09:00:00+01:00,44.37678093882874,67.6
2025-12-25 09:15:00+01:00,20.97808132908169,65.45
2025-12-25 09:30:00+01:00,42.82653422608303,64.08
2025-12-25 09:45:00+01:00,64.92900669542483,61.7
2025-12-25 10:00:00+01:00,44.19157968476497,58.07
2025-12-25 10:15:00+01:00,56.733526006478314,53.55
2025-12-25 10:30:00+01:00,67.9861574993868,49.46
2025-12-25 10:45:00+01:00,65.4726671623797,53.98
2025-12-25 11:00:00+01:00,36.99045793579567,50.0
2025-12-25 11:15:00+01:00,63.40073689144512,46.22
2025-12-25 11:30:00+01:00,65.46693677903174,48.71
2025-12-25 11:45:00+01:00,70.34678584486883,51.0
2025-12-25 12:00:00+01:00,63.00466259527157,54.85
2025-12-25 12:15:00+01:00,63.14939889151094,50.01
2025-12-25 12:30:00+01:00,62.33193473258987,45.04
2025-12-25 12:45:00+01:00,60.8236581253601,44.05
2025-12-25 13:00:00+01:00,65.9915983394856,42.15
2025-12-25 13:15:00+01:00,66.9374055514384,42.55
2025-12-25 13:30:00+01:00,61.514257539723204,47.02
2025-12-25 13:45:00+01:00,64.53592282137433,59.74
2025-12-25 14:00:00+01:00,73.0390773657404,51.79
2025-12-25 14:15:00+01:00,80.35171323151094,66.39
2025-12-25 14:30:00+01:00,58.70047992403705,71.54
2025-12-25 14:45:00+01:00,46.28926904571182,84.47
2025-12-25 15:00:00+01:00,75.3988644063031,74.94
2025-12-25 15:15:00+01:00,65.24718226477772,83.89
2025-12-25 15:30:00+01:00,59.49362880478768,97.89
2025-12-25 15:45:00+01:00,90.05467689148632,100.94
2025-12-25 16:00:00+01:00,76.24189236616355,89.96
2025-12-25 16:15:00+01:00,78.22732521372865,85.11
2025-12-25 16:30:00+01:00,82.07631107696362,96.94
2025-12-25 16:45:00+01:00,103.51288713374467,96.93
2025-12-25 17:00:00+01:00,100.96144998319143,88.02
2025-12-25 17:15:00+01:00,108.38418351348285,94.11
2025-12-25 17:30:00+01:00,107.71460130616882,96.91
2025-12-25 17:45:00+01:00,100.8022861164982,96.98
2025-12-25 18:00:00+01:00,100.80228903815572,95.15
2025-12-25 18:15:00+01:00,83.9372212520428,94.92
2025-12-25 18:30:00+01:00,96.1356225812496,93.92
2025-12-25 18:45:00+01:00,93.83341206807452,92.23
2025-12-25 19:00:00+01:00,58.755178948034086,92.03
2025-12-25 19:15:00+01:00,93.4135425838888,91.79
2025-12-25 19:30:00+01:00,98.0911761976091,90.71
2025-12-25 19:45:00+01:00,96.72905146763541,92.33
2025-12-25 20:00:00+01:00,80.75579262028758,95.69
2025-12-25 20:15:00+01:00,92.72574669524732,96.37
2025-12-25 20:30:00+01:00,89.43185183615486,87.55
2025-12-25 20:45:00+01:00,81.24133972085568,84.52
2025-12-25 21:00:00+01:00,88.7295517657747,89.71
2025-12-25 21:15:00+01:00,87.50994705269595,96.15
2025-12-25 21:30:00+01:00,88.34224926711751,94.52
2025-12-25 21:45:00+01:00,84.26598349191273,90.42
2025-12-25 22:00:00+01:00,92.84140692860808,97.65
2025-12-25 22:15:00+01:00,84.06548828326756,96.98
2025-12-25 22:30:00+01:00,83.8948331621019,96.92
2025-12-25 22:45:00+01:00,82.75866368348177,93.06
2025-12-25 23:00:00+01:00,86.44790227556904,95.85
2025-12-25 23:15:00+01:00,79.49290958224358,91.49
2025-12-25 23:30:00+01:00,74.50847667111688,90.53
2025-12-25 23:45:00+01:00,64.39737096054304,88.01
2025-12-26 00:00:00+01:00,87.80116084211714,106.45
2025-12-26 00:15:00+01:00,88.85965074002885,99.96
2025-12-26 00:30:00+01:00,87.64963683144629,91.46
2025-12-26 00:45:00+01:00,85.82828945463231,90.53
2025-12-26 01:00:00+01:00,90.05068677809243,95.66
2025-12-26 01:15:00+01:00,85.67707177635029,91.35
2025-12-26 01:30:00+01:00,85.68756643573828,90.74
2025-12-26 01:45:00+01:00,84.79723769815877,86.46
2025-12-26 02:00:00+01:00,86.89767585229998,90.74
2025-12-26 02:15:00+01:00,85.20414578283685,86.28
2025-12-26 02:30:00+01:00,85.3649810039165,84.53
2025-12-26 02:45:00+01:00,86.53971943958933,81.72
2025-12-26 03:00:00+01:00,84.52856213491648,85.0
2025-12-26 03:15:00+01:00,83.5732414243905,83.09
2025-12-26 03:30:00+01:00,84.69968135416843,82.12
2025-12-26 03:45:00+01:00,85.06096031119971,82.0
2025-12-26 04:00:00+01:00,85.39205123315963,80.26
2025-12-26 04:15:00+01:00,90.91826144515615,81.84
2025-12-26 04:30:00+01:00,86.73990223351448,83.15
2025-12-26 04:45:00+01:00,89.05615502968215,84.32
2025-12-26 05:00:00+01:00,82.74740138171768,81.04
2025-12-26 05:15:00+01:00,85.8114247410873,81.33
2025-12-26 05:30:00+01:00,83.64968920722568,83.44
2025-12-26 05:45:00+01:00,88.46409397124877,85.53
2025-12-26 06:00:00+01:00,77.51224869912338,80.38
2025-12-26 06:15:00+01:00,79.3115381731431,81.35
2025-12-26 06:30:00+01:00,77.292746605888,87.89
2025-12-26 06:45:00+01:00,84.78979780205924,90.46
2025-12-26 07:00:00+01:00,82.09737904169407,86.82
2025-12-26 07:15:00+01:00,77.67450739084718,91.01
2025-12-26 07:30:00+01:00,78.78018580458433,94.04
2025-12-26 07:45:00+01:00,85.69272701609512,100.59
2025-12-26 08:00:00+01:00,87.60567217195364,94.74
2025-12-26 08:15:00+01:00,89.91786964036504,97.11
2025-12-26 08:30:00+01:00,91.51398122117202,101.95
2025-12-26 08:45:00+01:00,87.113662312425,101.8
2025-12-26 09:00:00+01:00,98.55876677475489,103.68
2025-12-26 09:15:00+01:00,91.08510815664593,103.44
2025-12-26 09:30:00+01:00,86.9345787721506,94.57
2025-12-26 09:45:00+01:00,84.37198764721192,85.23
2025-12-26 10:00:00+01:00,86.3135513548064,96.0
2025-12-26 10:15:00+01:00,82.52926981891187,91.22
2025-12-26 10:30:00+01:00,72.09399854933056,86.9
2025-12-26 10:45:00+01:00,82.1010353124759,82.88
2025-12-26 11:00:00+01:00,85.60281636569515,89.0
2025-12-26 11:15:00+01:00,88.04723329772823,85.28
2025-12-26 11:30:00+01:00,86.29376721579256,83.71
2025-12-26 11:45:00+01:00,76.17711301728758,81.98
2025-12-26 12:00:00+01:00,89.57792785941825,83.11
2025-12-26 12:15:00+01:00,89.15525010883417,82.0
2025-12-26 12:30:00+01:00,85.62655059364789,81.83
2025-12-26 12:45:00+01:00,89.84033769071767,82.31
2025-12-26 13:00:00+01:00,84.42016484466058,80.0
2025-12-26 13:15:00+01:00,83.70266700142483,80.68
2025-12-26 13:30:00+01:00,89.18884058429497,85.92
2025-12-26 13:45:00+01:00,91.77675894653089,85.79
2025-12-26 14:00:00+01:00,84.63477146359264,75.12
2025-12-26 14:15:00+01:00,92.6884971818492,85.68
2025-12-26 14:30:00+01:00,97.4395835571624,94.0
2025-12-26 14:45:00+01:00,110.10398573795233,116.0
2025-12-26 15:00:00+01:00,103.98776649530076,90.52
2025-12-26 15:15:00+01:00,101.18762193342668,107.97
2025-12-26 15:30:00+01:00,111.40322576030897,116.44
2025-12-26 15:45:00+01:00,134.2855081928783,121.64
2025-12-26 16:00:00+01:00,110.6726719693824,110.82
2025-12-26 16:15:00+01:00,118.18492724185622,117.29
2025-12-26 16:30:00+01:00,129.37041963604798,118.34
2025-12-26 16:45:00+01:00,144.4436106411362,120.64
2025-12-26 17:00:00+01:00,129.28000511433802,119.02
2025-12-26 17:15:00+01:00,139.6326564979516,121.34
2025-12-26 17:30:00+01:00,140.5980201590072,121.71
2025-12-26 17:45:00+01:00,130.87519260976592,119.81
2025-12-26 18:00:00+01:00,141.63306755923165,118.83
2025-12-26 18:15:00+01:00,135.22946828895812,117.48
2025-12-26 18:30:00+01:00,124.11491584623909,117.76
2025-12-26 18:45:00+01:00,118.93833258347605,113.82
2025-12-26 19:00:00+01:00,126.46143516502298,117.66
2025-12-26 19:15:00+01:00,117.71110107516729,116.29
2025-12-26 19:30:00+01:00,114.23398272060442,116.58
2025-12-26 19:45:00+01:00,102.73428420836879,114.52
2025-12-26 20:00:00+01:00,113.84048960332757,121.69
2025-12-26 20:15:00+01:00,116.45077226807811,116.97
2025-12-26 20:30:00+01:00,105.61949005955313,110.58
2025-12-26 20:45:00+01:00,96.9725642802573,105.66
2025-12-26 21:00:00+01:00,104.57928344473478,118.29
2025-12-26 21:15:00+01:00,104.02409898299321,115.42
2025-12-26 21:30:00+01:00,106.04130783538483,109.07
2025-12-26 21:45:00+01:00,96.30221886102969,103.22
2025-12-26 22:00:00+01:00,106.37547197541261,117.25
2025-12-26 22:15:00+01:00,101.83335522779991,114.03
2025-12-26 22:30:00+01:00,93.91812492699609,105.25
2025-12-26 22:45:00+01:00,89.5648036101924,96.49
2025-12-26 23:00:00+01:00,104.21804900409869,110.83
2025-12-26 23:15:00+01:00,94.03784488325168,103.96
2025-12-26 23:30:00+01:00,89.18724333063551,94.41
2025-12-26 23:45:00+01:00,79.80223053642415,88.27
2025-12-27 00:00:00+01:00,100.03141252418078,103.6
2025-12-27 00:15:00+01:00,95.4403217726264,99.39
2025-12-27 00:30:00+01:00,91.88577033716174,93.92
2025-12-27 00:45:00+01:00,90.83205251588508,89.85
2025-12-27 01:00:00+01:00,97.44103674081636,102.48
2025-12-27 01:15:00+01:00,91.36617200391092,91.15
2025-12-27 01:30:00+01:00,90.56862265311949,88.66
2025-12-27 01:45:00+01:00,89.57187844387036,84.61
2025-12-27 02:00:00+01:00,91.53183020453407,88.61
2025-12-27 02:15:00+01:00,90.24498407775837,85.57
2025-12-27 02:30:00+01:00,91.3319500808983,83.67
2025-12-27 02:45:00+01:00,87.96666039426682,80.98
2025-12-27 03:00:00+01:00,90.50935346033214,85.11
2025-12-27 03:15:00+01:00,90.56469606373217,83.09
2025-12-27 03:30:00+01:00,91.21915878705316,82.33
2025-12-27 03:45:00+01:00,90.6438943720256,80.34
2025-12-27 04:00:00+01:00,92.03259818253666,84.18
2025-12-27 04:15:00+01:00,91.8208577573621,84.34
2025-12-27 04:30:00+01:00,93.58318351739922,83.86
2025-12-27 04:45:00+01:00,91.03681772700041,83.61
2025-12-27 05:00:00+01:00,90.46430977845797,79.45
2025-12-27 05:15:00+01:00,92.15446001625727,81.68
2025-12-27 05:30:00+01:00,90.51561995383983,83.01
2025-12-27 05:45:00+01:00,81.06316496240281,88.54
2025-12-27 06:00:00+01:00,68.89223662680642,77.61
2025-12-27 06:15:00+01:00,88.5283029925514,85.45
2025-12-27 06:30:00+01:00,72.69156980043901,90.82
2025-12-27 06:45:00+01:00,94.86110805817749,98.18
2025-12-27 07:00:00+01:00,88.93518763270289,93.3
2025-12-27 07:15:00+01:00,97.3829339592296,96.53
2025-12-27 07:30:00+01:00,101.99285377998267,103.13
2025-12-27 07:45:00+01:00,105.1628969454782,105.06
2025-12-27 08:00:00+01:00,111.32916601911859,104.95
2025-12-27 08:15:00+01:00,104.88963166170255,104.96
2025-12-27 08:30:00+01:00,89.9456135106033,104.27
2025-12-27 08:45:00+01:00,88.9063661614144,95.1
2025-12-27 09:00:00+01:00,105.36984506918043,108.96
2025-12-27 09:15:00+01:00,92.45079983520732,103.54
2025-12-27 09:30:00+01:00,82.99611191817142,87.84
2025-12-27 09:45:00+01:00,82.14270133309039,74.9
2025-12-27 10:00:00+01:00,92.32258058994434,102.1
2025-12-27 10:15:00+01:00,86.30582772164101,77.61
2025-12-27 10:30:00+01:00,88.38219021452751,71.15
2025-12-27 10:45:00+01:00,76.04114382645022,69.27
2025-12-27 11:00:00+01:00,87.34908089869089,77.86
2025-12-27 11:15:00+01:00,89.27496357980682,77.0
2025-12-27 11:30:00+01:00,86.57589926424139,75.34
2025-12-27 11:45:00+01:00,83.48813502785586,71.38
2025-12-27 12:00:00+01:00,87.71557963372702,77.51
2025-12-27 12:15:00+01:00,85.71867717468588,71.15
2025-12-27 12:30:00+01:00,86.80213459086647,74.43
2025-12-27 12:45:00+01:00,86.82079187600603,75.07
2025-12-27 13:00:00+01:00,89.59402631665635,70.9
2025-12-27 13:15:00+01:00,88.01332706007683,73.83
2025-12-27 13:30:00+01:00,89.73173859205588,77.61
2025-12-27 13:45:00+01:00,82.06963882233596,84.61
2025-12-27 14:00:00+01:00,69.12597934291163,69.16
2025-12-27 14:15:00+01:00,83.21395371811104,78.91
2025-12-27 14:30:00+01:00,92.16485326389287,82.32
2025-12-27 14:45:00+01:00,106.3813761376965,94.41
2025-12-27 15:00:00+01:00,90.33282265836041,76.03
2025-12-27 15:15:00+01:00,97.35515757869646,88.66
2025-12-27 15:30:00+01:00,105.22335600731745,100.3
2025-12-27 15:45:00+01:00,126.37876652544708,113.18
2025-12-27 16:00:00+01:00,107.41571874573455,92.25
2025-12-27 16:15:00+01:00,116.95568966036099,99.16
2025-12-27 16:30:00+01:00,122.16285736023198,107.64
2025-12-27 16:45:00+01:00,130.7496028783723,112.98
2025-12-27 17:00:00+01:00,122.64675261475185,95.79
2025-12-27 17:15:00+01:00,134.05586028352351,108.99
2025-12-27 17:30:00+01:00,129.64395678400652,110.13
2025-12-27 17:45:00+01:00,129.4052880154935,108.79
2025-12-27 18:00:00+01:00,129.9140864765727,109.4
2025-12-27 18:15:00+01:00,129.19035737670413,108.82
2025-12-27 18:30:00+01:00,130.30578524661877,107.63
2025-12-27 18:45:00+01:00,126.36311785117725,107.86
2025-12-27 19:00:00+01:00,124.86839355936793,109.33
2025-12-27 19:15:00+01:00,124.36671195348355,104.94
2025-12-27 19:30:00+01:00,126.65835387076652,100.83
2025-12-27 19:45:00+01:00,127.91011954662288,104.9
2025-12-27 20:00:00+01:00,118.85405792597642,115.05
2025-12-27 20:15:00+01:00,111.2234328287818,105.09
2025-12-27 20:30:00+01:00,108.91714281890921,99.0
2025-12-27 20:45:00+01:00,105.89318085306382,91.21
2025-12-27 21:00:00+01:00,112.1616843910269,102.67
2025-12-27 21:15:00+01:00,114.56430008509153,96.26
2025-12-27 21:30:00+01:00,108.14948887328829,91.51
2025-12-27 21:45:00+01:00,98.76585525821845,85.14
2025-12-27 22:00:00+01:00,110.91524408610694,105.23
2025-12-27 22:15:00+01:00,104.24906231874502,99.81
2025-12-27 22:30:00+01:00,106.41506954309007,90.29
2025-12-27 22:45:00+01:00,95.5221366163857,86.34
2025-12-27 23:00:00+01:00,104.44853132166408,102.86
2025-12-27 23:15:00+01:00,106.83760535619443,95.2
2025-12-27 23:30:00+01:00,95.14693344101681,88.07
2025-12-27 23:45:00+01:00,83.10193175251594,79.05
2025-12-28 00:00:00+01:00,92.24609701335345,91.17
2025-12-28 00:15:00+01:00,89.44875163150208,88.36
2025-12-28 00:30:00+01:00,87.29331963028135,83.0
2025-12-28 00:45:00+01:00,85.45918380417545,74.81
2025-12-28 01:00:00+01:00,89.23267686537515,91.22
2025-12-28 01:15:00+01:00,86.84720303597886,85.54
2025-12-28 01:30:00+01:00,84.76326174253029,81.73
2025-12-28 01:45:00+01:00,83.26517542512154,74.99
2025-12-28 02:00:00+01:00,87.29254097080431,85.64
2025-12-28 02:15:00+01:00,83.66070914287661,80.37
2025-12-28 02:30:00+01:00,83.69910578338033,76.76
2025-12-28 02:45:00+01:00,82.41726847586443,77.07
2025-12-28 03:00:00+01:00,84.48391314278653,77.0
2025-12-28 03:15:00+01:00,83.15309283777664,76.14
2025-12-28 03:30:00+01:00,84.50805525374547,80.13
2025-12-28 03:45:00+01:00,85.83821356987417,82.0
2025-12-28 04:00:00+01:00,88.99227107332015,78.14
2025-12-28 04:15:00+01:00,84.75931089910868,79.41
2025-12-28 04:30:00+01:00,90.00986787919152,82.56
2025-12-28 04:45:00+01:00,90.73068179606007,81.68
2025-12-28 05:00:00+01:00,103.15011544720076,79.94
2025-12-28 05:15:00+01:00,89.74553534742763,80.82
2025-12-28 05:30:00+01:00,89.02920072466816,84.61
2025-12-28 05:45:00+01:00,92.35543542191574,89.07
2025-12-28 06:00:00+01:00,88.42677125362508,79.21
2025-12-28 06:15:00+01:00,87.69916028717024,84.61
2025-12-28 06:30:00+01:00,92.50004425505364,88.28
2025-12-28 06:45:00+01:00,98.98080152154252,93.81
2025-12-28 07:00:00+01:00,92.58550063430644,81.78
2025-12-28 07:15:00+01:00,99.45745951884479,89.81
2025-12-28 07:30:00+01:00,100.17545144674519,95.11
2025-12-28 07:45:00+01:00,107.39515028406214,101.9
2025-12-28 08:00:00+01:00,111.1385688020703,93.06
2025-12-28 08:15:00+01:00,103.46959839939183,97.75
2025-12-28 08:30:00+01:00,104.91962828666996,99.76
2025-12-28 08:45:00+01:00,103.17508237324813,98.88
2025-12-28 09:00:00+01:00,108.52757531587115,103.62
2025-12-28 09:15:00+01:00,111.61710970367693,100.05
2025-12-28 09:30:00+01:00,102.01114554532244,98.0
2025-12-28 09:45:00+01:00,94.85461132891216,84.59
2025-12-28 10:00:00+01:00,109.45976710948224,99.99
2025-12-28 10:15:00+01:00,102.39453426796024,89.53
2025-12-28 10:30:00+01:00,94.85287598523183,83.33
2025-12-28 10:45:00+01:00,85.40301029796352,80.0
2025-12-28 11:00:00+01:00,97.09056466148212,95.35
2025-12-28 11:15:00+01:00,101.4410389674538,90.58
2025-12-28 11:30:00+01:00,96.73310717117184,86.54
2025-12-28 11:45:00+01:00,91.67074352373734,81.0
2025-12-28 12:00:00+01:00,95.58571551972756,82.71
2025-12-28 12:15:00+01:00,93.46035021325866,78.74
2025-12-28 12:30:00+01:00,95.59437099500876,79.55
2025-12-28 12:45:00+01:00,91.38951872231596,79.09
2025-12-28 13:00:00+01:00,90.45606240798794,76.6
2025-12-28 13:15:00+01:00,84.07713858505504,77.72
2025-12-28 13:30:00+01:00,96.63985553812653,80.97
2025-12-28 13:45:00+01:00,105.19488791983767,84.81
2025-12-28 14:00:00+01:00,86.37542482624754,80.01
2025-12-28 14:15:00+01:00,114.78827739947668,82.02
2025-12-28 14:30:00+01:00,113.26336560607123,87.3
2025-12-28 14:45:00+01:00,118.88806070141497,97.38
2025-12-28 15:00:00+01:00,102.80932937382318,87.45
2025-12-28 15:15:00+01:00,112.07457789464158,96.11
2025-12-28 15:30:00+01:00,123.01899348826791,111.24
2025-12-28 15:45:00+01:00,128.17681426128263,108.68
2025-12-28 16:00:00+01:00,110.55112022677397,102.54
2025-12-28 16:15:00+01:00,110.26964321693538,111.0
2025-12-28 16:30:00+01:00,110.85559880231966,114.39
2025-12-28 16:45:00+01:00,117.1272030734129,115.6
2025-12-28 17:00:00+01:00,106.63336396051614,112.16
2025-12-28 17:15:00+01:00,108.35257777470514,114.66
2025-12-28 17:30:00+01:00,110.57970018632906,114.07
2025-12-28 17:45:00+01:00,114.53789284704246,113.92
2025-12-28 18:00:00+01:00,108.50660110155985,120.51
2025-12-28 18:15:00+01:00,103.80616340548924,115.97
2025-12-28 18:30:00+01:00,108.50559782316905,113.56
2025-12-28 18:45:00+01:00,125.72426893409767,107.78
2025-12-28 19:00:00+01:00,117.00563956701592,114.25
2025-12-28 19:15:00+01:00,106.64892758604022,109.73
2025-12-28 19:30:00+01:00,103.90354049030779,107.59
2025-12-28 19:45:00+01:00,105.08998973355997,105.76
2025-12-28 20:00:00+01:00,105.3843187023532,108.44
2025-12-28 20:15:00+01:00,104.99367011758653,107.0
2025-12-28 20:30:00+01:00,94.29568819774468,103.66
2025-12-28 20:45:00+01:00,96.97027895396113,100.94
2025-12-28 21:00:00+01:00,98.648323647412,101.08
2025-12-28 21:15:00+01:00,95.8033831863439,100.01
2025-12-28 21:30:00+01:00,102.69966376007433,99.04
2025-12-28 21:45:00+01:00,95.6323266450857,95.98
2025-12-28 22:00:00+01:00,102.42445949997465,100.01
2025-12-28 22:15:00+01:00,99.4619965603229,98.7
2025-12-28 22:30:00+01:00,98.70381302399406,98.22
2025-12-28 22:45:00+01:00,108.74364215012552,96.2
2025-12-28 23:00:00+01:00,102.03910682711417,97.74
2025-12-28 23:15:00+01:00,94.31884857756165,93.01
2025-12-28 23:30:00+01:00,92.49810201948925,85.71
2025-12-28 23:45:00+01:00,86.68962628260697,77.3
2025-12-29 00:00:00+01:00,92.67207045786802,100.75
2025-12-29 00:15:00+01:00,88.64523137174953,94.69
2025-12-29 00:30:00+01:00,86.47481502023277,85.01
2025-12-29 00:45:00+01:00,81.31761365175095,79.07
2025-12-29 01:00:00+01:00,89.20377783948302,89.99
2025-12-29 01:15:00+01:00,85.8777113843338,79.35
2025-12-29 01:30:00+01:00,83.40036046664984,84.6
2025-12-29 01:45:00+01:00,80.37383068937429,85.99
2025-12-29 02:00:00+01:00,84.73639190222302,89.89
2025-12-29 02:15:00+01:00,81.12035658442308,85.28
2025-12-29 02:30:00+01:00,80.86114304664594,81.48
2025-12-29 02:45:00+01:00,79.16352813504975,80.08
2025-12-29 03:00:00+01:00,81.25230523739089,84.38
2025-12-29 03:15:00+01:00,80.3587458470161,82.0
2025-12-29 03:30:00+01:00,80.61208945015937,81.05
2025-12-29 03:45:00+01:00,79.16916316749194,81.33
2025-12-29 04:00:00+01:00,85.72652602631524,80.95
2025-12-29 04:15:00+01:00,80.96402940949207,80.65
2025-12-29 04:30:00+01:00,83.8490813332877,84.79
2025-12-29 04:45:00+01:00,84.0868366312505,88.1
2025-12-29 05:00:00+01:00,81.16924100976823,84.67
2025-12-29 05:15:00+01:00,86.10519812943357,89.0
2025-12-29 05:30:00+01:00,87.54240964810862,92.0
2025-12-29 05:45:00+01:00,89.74448060081801,97.5
2025-12-29 06:00:00+01:00,86.85507953661303,87.64
2025-12-29 06:15:00+01:00,90.6627909716523,95.17
2025-12-29 06:30:00+01:00,92.48362987941523,97.3
2025-12-29 06:45:00+01:00,99.71192227103776,105.22
2025-12-29 07:00:00+01:00,106.81070043169545,96.63
2025-12-29 07:15:00+01:00,110.1955780027799,105.85
2025-12-29 07:30:00+01:00,114.80099785783149,106.62
2025-12-29 07:45:00+01:00,116.53626402876537,109.77
2025-12-29 08:00:00+01:00,123.66825953033552,119.18
2025-12-29 08:15:00+01:00,120.75881778785948,113.83
2025-12-29 08:30:00+01:00,117.21218576953596,112.5
2025-12-29 08:45:00+01:00,108.52173451953404,110.0
2025-12-29 09:00:00+01:00,122.01897064499913,120.05
2025-12-29 09:15:00+01:00,114.28965934294773,112.26
2025-12-29 09:30:00+01:00,114.68718721900566,109.29
2025-12-29 09:45:00+01:00,105.36564508157875,102.44
2025-12-29 10:00:00+01:00,120.73282650720043,107.33
2025-12-29 10:15:00+01:00,109.38620148381999,103.95
2025-12-29 10:30:00+01:00,96.37220654930248,94.9
2025-12-29 10:45:00+01:00,89.64298850005777,84.4
2025-12-29 11:00:00+01:00,102.9800480802241,94.06
2025-12-29 11:15:00+01:00,98.05893030699309,88.09
2025-12-29 11:30:00+01:00,99.4173641669237,91.23
2025-12-29 11:45:00+01:00,98.34766521441769,88.0
2025-12-29 12:00:00+01:00,99.59177625927353,87.45
2025-12-29 12:15:00+01:00,97.2452166145274,86.55
2025-12-29 12:30:00+01:00,103.01555890226751,88.06
2025-12-29 12:45:00+01:00,101.12766504874511,88.57
2025-12-29 13:00:00+01:00,96.4864086711816,87.05
2025-12-29 13:15:00+01:00,103.07691575552629,88.08
2025-12-29 13:30:00+01:00,101.33585488876687,87.73
2025-12-29 13:45:00+01:00,101.02599999632402,91.23
2025-12-29 14:00:00+01:00,97.06546709407712,90.38
2025-12-29 14:15:00+01:00,107.8228307122837,94.27
2025-12-29 14:30:00+01:00,103.23665673497035,97.34
2025-12-29 14:45:00+01:00,104.01716908071533,102.42
2025-12-29 15:00:00+01:00,101.40808131986236,94.51
2025-12-29 15:15:00+01:00,104.33315566072666,104.31
2025-12-29 15:30:00+01:00,109.98913428423683,108.8
2025-12-29 15:45:00+01:00,117.8321397472949,106.41
2025-12-29 16:00:00+01:00,103.41493609509783,105.7
2025-12-29 16:15:00+01:00,112.20565024598247,109.46
2025-12-29 16:30:00+01:00,111.70438147428136,112.48
2025-12-29 16:45:00+01:00,118.25661705809419,106.98
2025-12-29 17:00:00+01:00,110.94278764409451,107.27
2025-12-29 17:15:00+01:00,119.1650428494107,106.52
2025-12-29 17:30:00+01:00,124.75664807520698,107.92
2025-12-29 17:45:00+01:00,121.60005776175011,106.32
2025-12-29 18:00:00+01:00,125.32895540496902,106.44
2025-12-29 18:15:00+01:00,119.83589556822581,106.01
2025-12-29 18:30:00+01:00,117.14298455037463,100.56
2025-12-29 18:45:00+01:00,105.09608861731635,100.22
2025-12-29 19:00:00+01:00,117.34316716430554,105.12
2025-12-29 19:15:00+01:00,109.6837458337672,96.34
2025-12-29 19:30:00+01:00,97.5392745293462,89.51
2025-12-29 19:45:00+01:00,93.89381340662698,89.62
2025-12-29 20:00:00+01:00,105.20700382968121,97.21
2025-12-29 20:15:00+01:00,95.38900169328738,91.72
2025-12-29 20:30:00+01:00,92.4885193173042,88.17
2025-12-29 20:45:00+01:00,85.08742392404874,84.39
2025-12-29 21:00:00+01:00,88.97368766729191,84.61
2025-12-29 21:15:00+01:00,83.18507788353578,83.75
2025-12-29 21:30:00+01:00,83.47666198719308,84.6
2025-12-29 21:45:00+01:00,75.7665059834395,80.02
2025-12-29 22:00:00+01:00,95.40851739818676,90.03
2025-12-29 22:15:00+01:00,86.63635638577234,86.66
2025-12-29 22:30:00+01:00,83.36518089098878,88.64
2025-12-29 22:45:00+01:00,73.17381246430395,86.33
2025-12-29 23:00:00+01:00,89.6044747928826,90.29
2025-12-29 23:15:00+01:00,80.87439937377124,85.48
2025-12-29 23:30:00+01:00,75.49996061326482,83.62
2025-12-29 23:45:00+01:00,68.32478585514463,73.98
2025-12-30 00:00:00+01:00,88.83693414318694,87.0
2025-12-30 00:15:00+01:00,86.01378182010109,81.5
2025-12-30 00:30:00+01:00,82.13674843202311,73.24
2025-12-30 00:45:00+01:00,78.13726092445073,69.71
2025-12-30 01:00:00+01:00,83.69969951603913,76.66
2025-12-30 01:15:00+01:00,82.93886397131895,72.76
2025-12-30 01:30:00+01:00,81.1712487290257,71.95
2025-12-30 01:45:00+01:00,77.68681361710391,71.49
2025-12-30 02:00:00+01:00,81.03795082119254,73.89
2025-12-30 02:15:00+01:00,79.06463976347626,73.42
2025-12-30 02:30:00+01:00,77.86091435506174,70.41
2025-12-30 02:45:00+01:00,74.060062493313,69.7
2025-12-30 03:00:00+01:00,76.94550951352672,70.63
2025-12-30 03:15:00+01:00,76.66806048906736,69.4
2025-12-30 03:30:00+01:00,78.49997331495491,69.19
2025-12-30 03:45:00+01:00,77.78836455218783,68.21
2025-12-30 04:00:00+01:00,79.35607541954312,68.29
2025-12-30 04:15:00+01:00,80.3428831223459,67.91
2025-12-30 04:30:00+01:00,80.12938768582013,69.15
2025-12-30 04:45:00+01:00,82.22883132907418,68.8
2025-12-30 05:00:00+01:00,77.04948127025972,69.1
2025-12-30 05:15:00+01:00,82.1998653775734,72.09
2025-12-30 05:30:00+01:00,87.68768639473468,69.91
2025-12-30 05:45:00+01:00,90.78276251802052,76.86
2025-12-30 06:00:00+01:00,83.35505441338924,68.85
2025-12-30 06:15:00+01:00,90.45386912068115,78.25
2025-12-30 06:30:00+01:00,92.49967085548214,85.79
2025-12-30 06:45:00+01:00,104.308505884287,87.19
2025-12-30 07:00:00+01:00,109.497093945885,79.59
2025-12-30 07:15:00+01:00,115.87493455893318,87.02
2025-12-30 07:30:00+01:00,117.15948823934038,93.26
2025-12-30 07:45:00+01:00,120.31705648206587,92.01
2025-12-30 08:00:00+01:00,130.75348142326555,93.18
2025-12-30 08:15:00+01:00,129.150605412435,99.0
2025-12-30 08:30:00+01:00,119.97969507727365,95.35
2025-12-30 08:45:00+01:00,98.17434236808563,91.98
2025-12-30 09:00:00+01:00,122.43951860442507,104.6
2025-12-30 09:15:00+01:00,120.73903649655557,99.87
2025-12-30 09:30:00+01:00,99.7135511297001,93.55
2025-12-30 09:45:00+01:00,79.45570692738806,79.55
2025-12-30 10:00:00+01:00,112.36133774293987,96.73
2025-12-30 10:15:00+01:00,86.42097825023188,86.34
2025-12-30 10:30:00+01:00,79.34201835577352,81.14
2025-12-30 10:45:00+01:00,70.19914270358204,79.07
2025-12-30 11:00:00+01:00,87.0754579167132,81.4
2025-12-30 11:15:00+01:00,82.63413197670782,80.23
2025-12-30 11:30:00+01:00,77.09610710936731,79.0
2025-12-30 11:45:00+01:00,79.08427733705393,76.89
2025-12-30 12:00:00+01:00,76.09287562260401,78.97
2025-12-30 12:15:00+01:00,80.15218472255268,76.99
2025-12-30 12:30:00+01:00,78.50120684316224,76.11
2025-12-30 12:45:00+01:00,86.99574917563135,72.55
2025-12-30 13:00:00+01:00,82.21924485930217,72.83
2025-12-30 13:15:00+01:00,88.39171360158271,74.76
2025-12-30 13:30:00+01:00,88.27718107223625,74.89
2025-12-30 13:45:00+01:00,100.03229579133773,84.55
2025-12-30 14:00:00+01:00,88.75900057029648,71.54
2025-12-30 14:15:00+01:00,97.18327734042633,86.4
2025-12-30 14:30:00+01:00,110.20090872739297,93.54
2025-12-30 14:45:00+01:00,112.22975494050333,104.39
2025-12-30 15:00:00+01:00,104.54716085006666,90.16
2025-12-30 15:15:00+01:00,126.11723492979357,96.62
2025-12-30 15:30:00+01:00,135.27033544428178,110.52
2025-12-30 15:45:00+01:00,151.55394048126766,112.0
2025-12-30 16:00:00+01:00,129.7620892116609,100.66
2025-12-30 16:15:00+01:00,142.21816648558197,107.72
2025-12-30 16:30:00+01:00,155.99894443244006,108.09
2025-12-30 16:45:00+01:00,158.40823580221448,119.93
2025-12-30 17:00:00+01:00,140.34692041181216,108.96
2025-12-30 17:15:00+01:00,136.02075850529792,114.24
2025-12-30 17:30:00+01:00,141.99690610959914,109.72
2025-12-30 17:45:00+01:00,130.91270721114844,109.94
2025-12-30 18:00:00+01:00,156.76962743943528,115.28
2025-12-30 18:15:00+01:00,151.57182892710236,108.9
2025-12-30 18:30:00+01:00,138.57503182909446,106.05
2025-12-30 18:45:00+01:00,123.46010007442699,106.25
2025-12-30 19:00:00+01:00,131.46493384252457,106.9
2025-12-30 19:15:00+01:00,138.66461486649357,105.75
2025-12-30 19:30:00+01:00,134.15813865630236,105.03
2025-12-30 19:45:00+01:00,132.48844666291959,104.75
2025-12-30 20:00:00+01:00,126.06868925534042,104.97
2025-12-30 20:15:00+01:00,115.222773807314,103.16
2025-12-30 20:30:00+01:00,105.83323427570205,100.92
2025-12-30 20:45:00+01:00,103.50350558190397,95.11
2025-12-30 21:00:00+01:00,108.28285580466192,101.83
2025-12-30 21:15:00+01:00,107.23421735534978,94.98
2025-12-30 21:30:00+01:00,99.05556586853565,90.06
2025-12-30 21:45:00+01:00,89.48118740982002,86.42
2025-12-30 22:00:00+01:00,105.71047901689256,101.49
2025-12-30 22:15:00+01:00,97.44485132325835,93.92
2025-12-30 22:30:00+01:00,97.65058857662996,89.48
2025-12-30 22:45:00+01:00,88.88415668004612,83.29
2025-12-30 23:00:00+01:00,96.10832983931654,94.86
2025-12-30 23:15:00+01:00,94.70956029762962,88.45
2025-12-30 23:30:00+01:00,91.50618285306551,82.19
2025-12-30 23:45:00+01:00,87.8231566405571,77.73
2025-12-31 00:00:00+01:00,94.5546055216028,77.73
2025-12-31 00:15:00+01:00,88.49991366531037,90.31
2025-12-31 00:30:00+01:00,82.37520015548328,86.19
2025-12-31 00:45:00+01:00,78.74520518969972,80.96
2025-12-31 01:00:00+01:00,85.76342527650874,90.11
2025-12-31 01:15:00+01:00,81.38803651821013,83.48
2025-12-31 01:30:00+01:00,80.631052839343,82.67
2025-12-31 01:45:00+01:00,79.69968485645394,81.09
2025-12-31 02:00:00+01:00,83.40750615137294,83.54
2025-12-31 02:15:00+01:00,80.30967055828177,81.06
2025-12-31 02:30:00+01:00,80.0226318936888,79.25
2025-12-31 02:45:00+01:00,79.23915097127085,77.0
2025-12-31 03:00:00+01:00,80.78350840013356,80.0
2025-12-31 03:15:00+01:00,79.75371112130169,76.19
2025-12-31 03:30:00+01:00,79.75649063956132,75.03
2025-12-31 03:45:00+01:00,77.4997998819027,75.1
2025-12-31 04:00:00+01:00,78.777296881103,74.41
2025-12-31 04:15:00+01:00,79.97921752309173,75.01
2025-12-31 04:30:00+01:00,81.15296203758561,74.71
2025-12-31 04:45:00+01:00,81.79050673372828,75.6
2025-12-31 05:00:00+01:00,79.21747010785604,75.05
2025-12-31 05:15:00+01:00,84.6545195191133,75.62
2025-12-31 05:30:00+01:00,86.33638956256607,78.1
2025-12-31 05:45:00+01:00,85.88611609845915,80.74
2025-12-31 06:00:00+01:00,91.51097712836874,77.82
2025-12-31 06:15:00+01:00,84.5881019593377,82.36
2025-12-31 06:30:00+01:00,81.32776982953742,82.83
2025-12-31 06:45:00+01:00,74.39894769764848,84.46
2025-12-31 07:00:00+01:00,83.27865619140081,79.56
2025-12-31 07:15:00+01:00,82.83449545492061,82.15
2025-12-31 07:30:00+01:00,85.26203597356478,87.17
2025-12-31 07:45:00+01:00,88.79447316949543,92.25
2025-12-31 08:00:00+01:00,97.10291362739781,90.79
2025-12-31 08:15:00+01:00,85.11963773443067,98.39
2025-12-31 08:30:00+01:00,95.68490680529817,97.08
2025-12-31 08:45:00+01:00,89.27763823882329,96.91
2025-12-31 09:00:00+01:00,94.29055888451497,102.79
2025-12-31 09:15:00+01:00,85.47564630517459,99.8
2025-12-31 09:30:00+01:00,91.66393357804247,94.0
2025-12-31 09:45:00+01:00,88.52364460125504,84.75
2025-12-31 10:00:00+01:00,88.66285130838475,97.25
2025-12-31 10:15:00+01:00,105.73993939386565,89.82
2025-12-31 10:30:00+01:00,90.51687571468577,87.24
2025-12-31 10:45:00+01:00,79.28341118024423,82.74
2025-12-31 11:00:00+01:00,86.91563178405303,87.93
2025-12-31 11:15:00+01:00,77.15050392938656,83.93
2025-12-31 11:30:00+01:00,80.9540682683044,82.06
2025-12-31 11:45:00+01:00,77.64054776671222,80.0
2025-12-31 12:00:00+01:00,78.38095568267852,83.3
2025-12-31 12:15:00+01:00,75.47913310014202,82.0
2025-12-31 12:30:00+01:00,77.66824372173875,82.0
2025-12-31 12:45:00+01:00,74.41198414674456,84.89
2025-12-31 13:00:00+01:00,73.86316465439882,83.1
2025-12-31 13:15:00+01:00,79.71032932611212,84.14
2025-12-31 13:30:00+01:00,75.55230822159925,85.0
2025-12-31 13:45:00+01:00,70.5060436530451,88.44
2025-12-31 14:00:00+01:00,78.79151942347816,82.62
2025-12-31 14:15:00+01:00,83.68179044942873,85.39
2025-12-31 14:30:00+01:00,86.29387610924131,85.2
2025-12-31 14:45:00+01:00,89.74959834036787,87.5
2025-12-31 15:00:00+01:00,84.80497182960785,84.99
2025-12-31 15:15:00+01:00,92.57091722938601,89.76
2025-12-31 15:30:00+01:00,92.9071895628597,91.7
2025-12-31 15:45:00+01:00,89.12803085874225,96.88
2025-12-31 16:00:00+01:00,94.24197174193806,90.6
2025-12-31 16:15:00+01:00,90.85839065394683,100.66
2025-12-31 16:30:00+01:00,94.13187847236436,103.69
2025-12-31 16:45:00+01:00,91.55660230041164,107.87
2025-12-31 17:00:00+01:00,88.24108827349477,105.81
2025-12-31 17:15:00+01:00,114.79865413389295,106.33
2025-12-31 17:30:00+01:00,101.64000586954337,109.02
2025-12-31 17:45:00+01:00,101.04605484920633,119.24
2025-12-31 18:00:00+01:00,110.0509152050839,110.11
2025-12-31 18:15:00+01:00,85.62741481931113,112.85
2025-12-31 18:30:00+01:00,70.4910485799446,105.65
2025-12-31 18:45:00+01:00,57.98604813814262,101.5
2025-12-31 19:00:00+01:00,55.74395295807631,100.83
2025-12-31 19:15:00+01:00,82.45924260591333,94.67
2025-12-31 19:30:00+01:00,85.42552634244038,97.87
2025-12-31 19:45:00+01:00,84.41888536308306,90.59
2025-12-31 20:00:00+01:00,64.2609661444834,96.22
2025-12-31 20:15:00+01:00,83.39490657966319,88.39
2025-12-31 20:30:00+01:00,56.13801379215126,84.27
2025-12-31 20:45:00+01:00,60.1427558064812,78.33
2025-12-31 21:00:00+01:00,75.7375695452299,89.07
2025-12-31 21:15:00+01:00,59.4459625469927,83.71
2025-12-31 21:30:00+01:00,52.47613967338517,76.72
2025-12-31 21:45:00+01:00,57.42199111492112,69.69
2025-12-31 22:00:00+01:00,73.64571743590554,87.95
2025-12-31 22:15:00+01:00,51.55443816927427,81.37
2025-12-31 22:30:00+01:00,73.6631428000412,82.47
2025-12-31 22:45:00+01:00,63.35437108628979,73.77
2025-12-31 23:00:00+01:00,68.57035779555314,86.3
2025-12-31 23:15:00+01:00,51.25760715366422,76.48
2025-12-31 23:30:00+01:00,59.691241060685726,75.75
2025-12-31 23:45:00+01:00,55.860955320867674,67.26
2026-01-01 00:00:00+01:00,86.24150922486879,63.64
2026-01-01 00:15:00+01:00,70.86431428948534,61.48
2026-01-01 00:30:00+01:00,69.03923194803076,58.0
2026-01-01 00:45:00+01:00,66.40520878886983,49.99
2026-01-01 01:00:00+01:00,72.37044055174499,60.01
2026-01-01 01:15:00+01:00,66.7377493252221,48.9
2026-01-01 01:30:00+01:00,64.94549810062077,36.74
2026-01-01 01:45:00+01:00,60.78236282599941,23.93
2026-01-01 02:00:00+01:00,64.66147348362952,36.01
2026-01-01 02:15:00+01:00,60.02748985145241,19.92
2026-01-01 02:30:00+01:00,59.713067240345325,14.99
2026-01-01 02:45:00+01:00,56.691478061858135,7.36
2026-01-01 03:00:00+01:00,56.763825700606006,10.08
2026-01-01 03:15:00+01:00,55.77471365751648,6.69
2026-01-01 03:30:00+01:00,51.494994609301095,4.5
2026-01-01 03:45:00+01:00,39.0092578154479,3.87
2026-01-01 04:00:00+01:00,51.79501508178943,4.5
2026-01-01 04:15:00+01:00,49.752920241260966,4.29
2026-01-01 04:30:00+01:00,50.94095207401027,3.48
2026-01-01 04:45:00+01:00,45.19213856384888,0.1
2026-01-01 05:00:00+01:00,55.94433334633254,3.05
2026-01-01 05:15:00+01:00,56.41371328790691,0.1
2026-01-01 05:30:00+01:00,40.26024777021807,0.1
2026-01-01 05:45:00+01:00,6.808575892738716,0.07
2026-01-01 06:00:00+01:00,59.620667055166194,0.01
2026-01-01 06:15:00+01:00,46.31910500569405,0.1
2026-01-01 06:30:00+01:00,5.221005372521617,0.1
2026-01-01 06:45:00+01:00,-29.530516162583623,0.0
2026-01-01 07:00:00+01:00,44.00853611303686,0.09
2026-01-01 07:15:00+01:00,-40.280797577291196,0.01
2026-01-01 07:30:00+01:00,-51.76394243604557,0.0
2026-01-01 07:45:00+01:00,-29.13881523188732,0.0
2026-01-01 08:00:00+01:00,37.56422731372116,0.04
2026-01-01 08:15:00+01:00,-46.44439233831551,0.1
2026-01-01 08:30:00+01:00,-163.28238239982505,0.09
2026-01-01 08:45:00+01:00,-22.831871290420636,0.0
2026-01-01 09:00:00+01:00,-50.036666637973525,0.0
2026-01-01 09:15:00+01:00,-1.3244449922924701,0.0
2026-01-01 09:30:00+01:00,-65.95069467465696,0.0
2026-01-01 09:45:00+01:00,-56.22936865226785,0.0
2026-01-01 10:00:00+01:00,-187.72467834476592,0.0
2026-01-01 10:15:00+01:00,-222.1605202024242,0.0
2026-01-01 10:30:00+01:00,-133.27551450717547,0.0
2026-01-01 10:45:00+01:00,-84.75455780399543,-0.01
2026-01-01 11:00:00+01:00,-132.08568730230618,0.0
2026-01-01 11:15:00+01:00,-123.86070302956699,0.0
2026-01-01 11:30:00+01:00,-157.90202873170892,0.0
2026-01-01 11:45:00+01:00,-193.99365167869755,-0.01
2026-01-01 12:00:00+01:00,-96.86823569790357,-0.01
2026-01-01 12:15:00+01:00,-117.38716261549398,-0.01
2026-01-01 12:30:00+01:00,-109.97071817684079,-0.01
2026-01-01 12:45:00+01:00,-180.96358781095313,-0.01
2026-01-01 13:00:00+01:00,-103.88676084487439,-0.01
2026-01-01 13:15:00+01:00,-113.80093037925414,-0.01
2026-01-01 13:30:00+01:00,-121.59839063100203,-0.01
2026-01-01 13:45:00+01:00,-91.78197593963941,0.0
2026-01-01 14:00:00+01:00,-83.72592355500717,-0.01
2026-01-01 14:15:00+01:00,-160.35679571687558,0.0
2026-01-01 14:30:00+01:00,-81.48893243605661,0.0
2026-01-01 14:45:00+01:00,-150.56476168489104,0.08
2026-01-01 15:00:00+01:00,9.455467303827447,0.1
2026-01-01 15:15:00+01:00,-60.807358981628624,0.1
2026-01-01 15:30:00+01:00,-94.08412996793857,3.85
2026-01-01 15:45:00+01:00,-164.026450408218,9.99
2026-01-01 16:00:00+01:00,-116.47803020501775,4.51
2026-01-01 16:15:00+01:00,-153.1043561914772,10.0
2026-01-01 16:30:00+01:00,-196.44615795385675,12.42
2026-01-01 16:45:00+01:00,-186.0560631351489,14.45
2026-01-01 17:00:00+01:00,-281.5158916998986,20.08
2026-01-01 17:15:00+01:00,-670.370413807945,14.99
2026-01-01 17:30:00+01:00,-156.98176588690535,32.08
2026-01-01 17:45:00+01:00,-434.12004605924454,20.03
2026-01-01 18:00:00+01:00,-469.85003773879237,27.76
2026-01-01 18:15:00+01:00,-61.39451060496961,30.0
2026-01-01 18:30:00+01:00,-175.31320946298777,22.17
2026-01-01 18:45:00+01:00,-63.84549185157458,12.58
2026-01-01 19:00:00+01:00,-124.60916383898316,28.96
2026-01-01 19:15:00+01:00,-117.07853144096853,18.27
2026-01-01 19:30:00+01:00,-101.10251765428778,12.58
2026-01-01 19:45:00+01:00,-49.8956555726857,12.56
2026-01-01 20:00:00+01:00,-113.13943503343366,12.53
2026-01-01 20:15:00+01:00,-160.65866467287842,10.05
2026-01-01 20:30:00+01:00,-34.06147859521266,10.08
2026-01-01 20:45:00+01:00,-16.74568432510435,7.51
2026-01-01 21:00:00+01:00,-407.28544956724005,10.01
2026-01-01 21:15:00+01:00,-158.83521596762037,10.1
2026-01-01 21:30:00+01:00,9.796195130004094,9.86
2026-01-01 21:45:00+01:00,13.889461497957,5.83
2026-01-01 22:00:00+01:00,6.309898707590548,15.28
2026-01-01 22:15:00+01:00,26.66657615609593,9.61
2026-01-01 22:30:00+01:00,40.48046109250995,4.5
2026-01-01 22:45:00+01:00,-0.03390911425556453,0.1
2026-01-01 23:00:00+01:00,38.327752894961336,1.14
2026-01-01 23:15:00+01:00,-2.1043408754169945,0.0
2026-01-01 23:30:00+01:00,13.09068090686091,0.0
2026-01-01 23:45:00+01:00,21.01653068467055,0.0
2026-01-02 00:00:00+01:00,-30.534748834473376,13.75
2026-01-02 00:15:00+01:00,-12.058178348609317,11.87
2026-01-02 00:30:00+01:00,7.554323082780684,10.58
2026-01-02 00:45:00+01:00,-14.423588169252525,2.52
2026-01-02 01:00:00+01:00,-23.75636359387717,6.64
2026-01-02 01:15:00+01:00,-40.07293505195962,3.92
2026-01-02 01:30:00+01:00,-39.04150025370278,1.38
2026-01-02 01:45:00+01:00,-37.626567334225655,0.1
2026-01-02 02:00:00+01:00,-50.08737761311879,4.51
2026-01-02 02:15:00+01:00,-55.36065971128926,2.58
2026-01-02 02:30:00+01:00,-48.47464761754479,0.1
2026-01-02 02:45:00+01:00,-18.199850178104015,0.04
2026-01-02 03:00:00+01:00,-56.560357225097306,0.83
2026-01-02 03:15:00+01:00,-41.54260929169496,0.1
2026-01-02 03:30:00+01:00,-35.73037041199761,0.05
2026-01-02 03:45:00+01:00,-39.968140003022654,0.0
2026-01-02 04:00:00+01:00,-26.731834525104958,0.1
2026-01-02 04:15:00+01:00,-20.44689685638312,0.1
2026-01-02 04:30:00+01:00,-38.93740027600461,2.06
2026-01-02 04:45:00+01:00,-31.065375821861977,4.64
2026-01-02 05:00:00+01:00,-34.833610415493055,4.99
2026-01-02 05:15:00+01:00,8.762059910684698,9.8
2026-01-02 05:30:00+01:00,-22.88481256938124,11.41
2026-01-02 05:45:00+01:00,14.553423201874153,21.79
2026-01-02 06:00:00+01:00,9.801648198739343,5.54
2026-01-02 06:15:00+01:00,31.46708238794637,17.16
2026-01-02 06:30:00+01:00,25.598034238373927,25.72
2026-01-02 06:45:00+01:00,-9.496510892466588,38.76
2026-01-02 07:00:00+01:00,14.933624557572898,32.93
2026-01-02 07:15:00+01:00,37.20240464830793,44.26
2026-01-02 07:30:00+01:00,36.165766593284104,59.99
2026-01-02 07:45:00+01:00,37.83967678335523,66.68
2026-01-02 08:00:00+01:00,46.574805039400204,66.33
2026-01-02 08:15:00+01:00,42.52106909465438,68.58
2026-01-02 08:30:00+01:00,67.50201161812367,69.93
2026-01-02 08:45:00+01:00,70.91162261017735,70.63
2026-01-02 09:00:00+01:00,57.714134316721115,70.51
2026-01-02 09:15:00+01:00,64.15314635129832,70.5
2026-01-02 09:30:00+01:00,68.59201267637582,71.63
2026-01-02 09:45:00+01:00,73.46906346825293,72.15
2026-01-02 10:00:00+01:00,69.70667722585796,62.59
2026-01-02 10:15:00+01:00,75.16157599512702,58.53
2026-01-02 10:30:00+01:00,72.71812468480547,55.35
2026-01-02 10:45:00+01:00,69.27191662771997,55.08
2026-01-02 11:00:00+01:00,39.04845984912253,53.87
2026-01-02 11:15:00+01:00,46.381460582217954,57.71
2026-01-02 11:30:00+01:00,61.5452123698983,57.35
2026-01-02 11:45:00+01:00,70.07686890369676,54.78
2026-01-02 12:00:00+01:00,56.38449161815027,54.82
2026-01-02 12:15:00+01:00,60.58663058583223,57.5
2026-01-02 12:30:00+01:00,63.570844892250975,60.0
2026-01-02 12:45:00+01:00,63.86178371744192,59.69
2026-01-02 13:00:00+01:00,60.58129300864282,68.6
2026-01-02 13:15:00+01:00,69.87087619039858,65.84
2026-01-02 13:30:00+01:00,72.04646469226535,64.71
2026-01-02 13:45:00+01:00,75.98176064122683,68.64
2026-01-02 14:00:00+01:00,57.18247485802534,65.51
2026-01-02 14:15:00+01:00,85.60496429550498,71.01
2026-01-02 14:30:00+01:00,79.5815909329591,70.01
2026-01-02 14:45:00+01:00,69.51454305247341,73.95
2026-01-02 15:00:00+01:00,90.08899213416205,69.63
2026-01-02 15:15:00+01:00,86.59588309770166,76.93
2026-01-02 15:30:00+01:00,74.78920188427709,81.04
2026-01-02 15:45:00+01:00,77.93687032744012,82.38
2026-01-02 16:00:00+01:00,89.42084488494058,74.28
2026-01-02 16:15:00+01:00,87.53193133404683,81.85
2026-01-02 16:30:00+01:00,84.23028382757212,85.79
2026-01-02 16:45:00+01:00,94.76096904816114,87.9
2026-01-02 17:00:00+01:00,103.12800376377012,83.84
2026-01-02 17:15:00+01:00,98.99984003678861,85.94
2026-01-02 17:30:00+01:00,101.51838248406214,85.98
2026-01-02 17:45:00+01:00,115.06779773488834,85.98
2026-01-02 18:00:00+01:00,89.25277485981022,87.98
2026-01-02 18:15:00+01:00,84.29920894604112,87.96
2026-01-02 18:30:00+01:00,113.09448088921295,89.44
2026-01-02 18:45:00+01:00,106.13828939274299,87.99
2026-01-02 19:00:00+01:00,82.2979758167163,89.95
2026-01-02 19:15:00+01:00,109.55897234632656,89.9
2026-01-02 19:30:00+01:00,110.23024293247106,88.01
2026-01-02 19:45:00+01:00,107.24785463174402,86.43
2026-01-02 20:00:00+01:00,102.57211409363933,94.95
2026-01-02 20:15:00+01:00,98.2234523131887,89.83
2026-01-02 20:30:00+01:00,85.24965059975887,86.65
2026-01-02 20:45:00+01:00,86.60988879511234,85.18
2026-01-02 21:00:00+01:00,87.72155927635896,84.84
2026-01-02 21:15:00+01:00,83.29636784840697,84.41
2026-01-02 21:30:00+01:00,78.34963616223935,84.13
2026-01-02 21:45:00+01:00,58.45533290402737,80.69
2026-01-02 22:00:00+01:00,76.98867058631103,87.25
2026-01-02 22:15:00+01:00,77.40646086796613,84.19
2026-01-02 22:30:00+01:00,83.17069139861337,86.52
2026-01-02 22:45:00+01:00,79.02504978721802,84.41
2026-01-02 23:00:00+01:00,66.39617845048349,83.65
2026-01-02 23:15:00+01:00,71.54924706003175,82.99
2026-01-02 23:30:00+01:00,75.45284913001782,81.72
2026-01-02 23:45:00+01:00,69.79611158162251,78.97
2026-01-03 00:00:00+01:00,78.33769086637399,84.34
2026-01-03 00:15:00+01:00,72.03093465054954,82.79
2026-01-03 00:30:00+01:00,75.18212636219494,78.69
2026-01-03 00:45:00+01:00,70.91285571072892,74.84
2026-01-03 01:00:00+01:00,73.6530691130396,80.9
2026-01-03 01:15:00+01:00,70.2729102778128,77.99
2026-01-03 01:30:00+01:00,71.59572034276326,77.54
2026-01-03 01:45:00+01:00,69.9579742338768,76.89
2026-01-03 02:00:00+01:00,70.38257615155744,77.96
2026-01-03 02:15:00+01:00,69.09589734772747,76.39
2026-01-03 02:30:00+01:00,68.03894830669778,75.24
2026-01-03 02:45:00+01:00,71.08886922739741,73.69
2026-01-03 03:00:00+01:00,69.11483080188647,76.49
2026-01-03 03:15:00+01:00,67.19831244187311,75.16
2026-01-03 03:30:00+01:00,67.73565420338788,74.01
2026-01-03 03:45:00+01:00,69.05373755130209,73.62
2026-01-03 04:00:00+01:00,66.41285567621655,73.18
2026-01-03 04:15:00+01:00,68.3355246688798,72.93
2026-01-03 04:30:00+01:00,73.06515086428247,73.06
2026-01-03 04:45:00+01:00,73.5223736030045,72.92
2026-01-03 05:00:00+01:00,66.19068319949677,73.95
2026-01-03 05:15:00+01:00,68.79871654188096,73.82
2026-01-03 05:30:00+01:00,72.09805838537176,75.3
2026-01-03 05:45:00+01:00,72.33894398424015,76.89
2026-01-03 06:00:00+01:00,71.97702829114982,72.55
2026-01-03 06:15:00+01:00,72.57152872000316,74.5
2026-01-03 06:30:00+01:00,76.12961360396312,77.03
2026-01-03 06:45:00+01:00,73.59013595835009,79.56
2026-01-03 07:00:00+01:00,71.47603918684426,78.56
2026-01-03 07:15:00+01:00,76.49818535841118,76.83
2026-01-03 07:30:00+01:00,82.22682030967046,79.59
2026-01-03 07:45:00+01:00,86.3178961606143,82.27
2026-01-03 08:00:00+01:00,99.32835941343792,87.85
2026-01-03 08:15:00+01:00,92.08410545690381,90.35
2026-01-03 08:30:00+01:00,97.08949635327906,91.91
2026-01-03 08:45:00+01:00,93.28148204340657,92.65
2026-01-03 09:00:00+01:00,104.16866649588128,95.35
2026-01-03 09:15:00+01:00,99.3406752045175,95.63
2026-01-03 09:30:00+01:00,90.65703200035476,94.34
2026-01-03 09:45:00+01:00,89.47033623167492,91.04
2026-01-03 10:00:00+01:00,87.60367969151795,98.94
2026-01-03 10:15:00+01:00,81.76247727379516,95.0
2026-01-03 10:30:00+01:00,81.81899888579596,91.45
2026-01-03 10:45:00+01:00,79.69842318811946,87.85
2026-01-03 11:00:00+01:00,79.94351591754202,91.95
2026-01-03 11:15:00+01:00,84.20833579383482,89.0
2026-01-03 11:30:00+01:00,83.1238967492004,87.85
2026-01-03 11:45:00+01:00,77.78685735525022,86.03
2026-01-03 12:00:00+01:00,79.33088341658262,87.85
2026-01-03 12:15:00+01:00,78.85618802617222,87.06
2026-01-03 12:30:00+01:00,78.99407267887788,87.16
2026-01-03 12:45:00+01:00,72.8224372144937,87.58
2026-01-03 13:00:00+01:00,79.38661506550774,85.85
2026-01-03 13:15:00+01:00,75.76719327505221,85.55
2026-01-03 13:30:00+01:00,82.66325499957549,86.03
2026-01-03 13:45:00+01:00,84.06182951680377,88.99
2026-01-03 14:00:00+01:00,66.23041367092989,85.11
2026-01-03 14:15:00+01:00,91.18615706868928,88.15
2026-01-03 14:30:00+01:00,90.1986480658284,90.7
2026-01-03 14:45:00+01:00,92.13507398325079,94.77
2026-01-03 15:00:00+01:00,99.72046364212827,90.0
2026-01-03 15:15:00+01:00,101.62160002389234,94.01
2026-01-03 15:30:00+01:00,99.55118194833807,96.68
2026-01-03 15:45:00+01:00,103.74005481736617,97.71
2026-01-03 16:00:00+01:00,102.5360626455385,94.78
2026-01-03 16:15:00+01:00,111.57806442630087,99.39
2026-01-03 16:30:00+01:00,107.25140619988113,100.98
2026-01-03 16:45:00+01:00,105.7959790953619,104.37
2026-01-03 17:00:00+01:00,113.81745807064549,105.95
2026-01-03 17:15:00+01:00,107.13944279177156,109.99
2026-01-03 17:30:00+01:00,102.79492649509699,111.01
2026-01-03 17:45:00+01:00,86.2433414704866,111.91
2026-01-03 18:00:00+01:00,101.47615601516635,112.8
2026-01-03 18:15:00+01:00,99.20460965406392,111.01
2026-01-03 18:30:00+01:00,93.8363874957129,110.0
2026-01-03 18:45:00+01:00,82.55076466362965,109.49
2026-01-03 19:00:00+01:00,92.53257838733842,111.01
2026-01-03 19:15:00+01:00,84.56739663019977,105.92
2026-01-03 19:30:00+01:00,83.76039058464025,102.53
2026-01-03 19:45:00+01:00,90.31786504066575,99.58
2026-01-03 20:00:00+01:00,103.51249687605134,99.28
2026-01-03 20:15:00+01:00,87.35956269899638,99.03
2026-01-03 20:30:00+01:00,80.4468024166411,97.84
2026-01-03 20:45:00+01:00,81.15338460767603,94.35
2026-01-03 21:00:00+01:00,83.68843653596254,95.79
2026-01-03 21:15:00+01:00,79.13108005061204,92.02
2026-01-03 21:30:00+01:00,82.29099080542841,91.18
2026-01-03 21:45:00+01:00,78.61660209478546,85.48
2026-01-03 22:00:00+01:00,90.06814270478827,94.04
2026-01-03 22:15:00+01:00,84.15329210824784,90.99
2026-01-03 22:30:00+01:00,99.60584622088294,90.83
2026-01-03 22:45:00+01:00,86.63732114726672,86.99
2026-01-03 23:00:00+01:00,91.80432662808722,91.44
2026-01-03 23:15:00+01:00,84.49084256673181,86.48
2026-01-03 23:30:00+01:00,82.98126479488171,84.8
2026-01-03 23:45:00+01:00,77.16670096835303,81.34
2026-01-04 00:00:00+01:00,83.40575025436166,94.01
2026-01-04 00:15:00+01:00,80.35456314838044,89.42
2026-01-04 00:30:00+01:00,79.24039215482568,87.78
2026-01-04 00:45:00+01:00,76.08553370042108,84.08
2026-01-04 01:00:00+01:00,82.06916419725881,87.72
2026-01-04 01:15:00+01:00,77.42563098771846,85.43
2026-01-04 01:30:00+01:00,77.22520347707932,84.24
2026-01-04 01:45:00+01:00,74.61075869790756,83.93
2026-01-04 02:00:00+01:00,76.00482098475142,87.13
2026-01-04 02:15:00+01:00,73.4260195868034,84.85
2026-01-04 02:30:00+01:00,73.28670372204697,84.18
2026-01-04 02:45:00+01:00,73.48513632113448,84.01
2026-01-04 03:00:00+01:00,72.50314827124139,84.6
2026-01-04 03:15:00+01:00,72.79288234477752,83.87
2026-01-04 03:30:00+01:00,72.64423605352863,83.43
2026-01-04 03:45:00+01:00,72.99519745656615,83.05
2026-01-04 04:00:00+01:00,71.01328599679051,82.6
2026-01-04 04:15:00+01:00,72.98750360597316,82.19
2026-01-04 04:30:00+01:00,74.56248466638971,82.41
2026-01-04 04:45:00+01:00,76.37239485573451,83.03
2026-01-04 05:00:00+01:00,72.56614537453854,82.51
2026-01-04 05:15:00+01:00,75.33308776485559,83.18
2026-01-04 05:30:00+01:00,78.09157735442211,84.01
2026-01-04 05:45:00+01:00,80.7438915526722,83.93
2026-01-04 06:00:00+01:00,76.04286163167157,82.71
2026-01-04 06:15:00+01:00,79.458237668531,83.99
2026-01-04 06:30:00+01:00,83.21984650087799,83.69
2026-01-04 06:45:00+01:00,87.63236344184298,84.79
2026-01-04 07:00:00+01:00,77.93915492612715,84.46
2026-01-04 07:15:00+01:00,78.95907305152059,84.47
2026-01-04 07:30:00+01:00,85.41206265327969,86.9
2026-01-04 07:45:00+01:00,86.78441091734136,90.1
2026-01-04 08:00:00+01:00,86.48027739980483,86.51
2026-01-04 08:15:00+01:00,94.9977679111206,87.54
2026-01-04 08:30:00+01:00,96.88445979810281,88.85
2026-01-04 08:45:00+01:00,96.39305541632622,89.59
2026-01-04 09:00:00+01:00,99.38143034926537,94.02
2026-01-04 09:15:00+01:00,99.39151019717504,96.0
2026-01-04 09:30:00+01:00,94.49696987075642,95.99
2026-01-04 09:45:00+01:00,104.14644947044728,91.19
2026-01-04 10:00:00+01:00,101.67125145142452,103.94
2026-01-04 10:15:00+01:00,96.62732630147218,97.19
2026-01-04 10:30:00+01:00,96.71244443550756,90.92
2026-01-04 10:45:00+01:00,93.57406204927857,86.97
2026-01-04 11:00:00+01:00,87.39140879326082,93.85
2026-01-04 11:15:00+01:00,92.77347534145444,89.99
2026-01-04 11:30:00+01:00,92.08711631162365,89.96
2026-01-04 11:45:00+01:00,89.62471265854413,89.71
2026-01-04 12:00:00+01:00,88.92631302119634,91.3
2026-01-04 12:15:00+01:00,88.6998468322074,89.7
2026-01-04 12:30:00+01:00,88.67988374322731,89.94
2026-01-04 12:45:00+01:00,82.90591982738637,87.23
2026-01-04 13:00:00+01:00,89.66552200992146,86.2
2026-01-04 13:15:00+01:00,88.5857030085829,85.27
2026-01-04 13:30:00+01:00,97.92843559357662,86.19
2026-01-04 13:45:00+01:00,88.67112524613812,89.45
2026-01-04 14:00:00+01:00,81.98483895575872,83.5
2026-01-04 14:15:00+01:00,89.36172644595854,89.51
2026-01-04 14:30:00+01:00,101.44676139565586,95.8
2026-01-04 14:45:00+01:00,103.40251439932587,101.89
2026-01-04 15:00:00+01:00,100.39620645679226,83.71
2026-01-04 15:15:00+01:00,109.1852598730501,90.62
2026-01-04 15:30:00+01:00,110.34515829463639,95.88
2026-01-04 15:45:00+01:00,115.22559184656053,102.58
2026-01-04 16:00:00+01:00,110.4873880585201,87.61
2026-01-04 16:15:00+01:00,117.52045965580933,99.08
2026-01-04 16:30:00+01:00,119.0837202764646,103.39
2026-01-04 16:45:00+01:00,122.66023457003024,112.29
2026-01-04 17:00:00+01:00,118.15861690022174,113.99
2026-01-04 17:15:00+01:00,126.134322178263,119.02
2026-01-04 17:30:00+01:00,129.50633645371462,117.5
2026-01-04 17:45:00+01:00,125.42485832259375,123.19
2026-01-04 18:00:00+01:00,121.65988591718677,121.0
2026-01-04 18:15:00+01:00,119.83651167847786,120.93
2026-01-04 18:30:00+01:00,122.40927234646944,119.49
2026-01-04 18:45:00+01:00,120.69703361687239,123.3
2026-01-04 19:00:00+01:00,122.37682612241159,123.5
2026-01-04 19:15:00+01:00,109.98517771085595,120.92
2026-01-04 19:30:00+01:00,104.73266505418793,119.38
2026-01-04 19:45:00+01:00,126.76672124012396,115.06
2026-01-04 20:00:00+01:00,108.17600942150996,121.3
2026-01-04 20:15:00+01:00,103.19842026385048,115.33
2026-01-04 20:30:00+01:00,96.3437100841998,110.0
2026-01-04 20:45:00+01:00,95.49997124405914,103.17
2026-01-04 21:00:00+01:00,96.44465860975458,106.87
2026-01-04 21:15:00+01:00,88.88912300562605,101.72
2026-01-04 21:30:00+01:00,96.61774069591509,97.57
2026-01-04 21:45:00+01:00,95.98241105631487,92.64
2026-01-04 22:00:00+01:00,103.12018938637522,98.04
2026-01-04 22:15:00+01:00,100.02433243654848,96.51
2026-01-04 22:30:00+01:00,109.72767207045938,97.83
2026-01-04 22:45:00+01:00,102.96964498537221,90.68
2026-01-04 23:00:00+01:00,102.08348877708843,97.61
2026-01-04 23:15:00+01:00,92.8081416672389,89.73
2026-01-04 23:30:00+01:00,91.8034575012469,86.33
2026-01-04 23:45:00+01:00,86.1555230197438,83.17
2026-01-05 00:00:00+01:00,91.78233603805916,107.81
2026-01-05 00:15:00+01:00,89.4575688018626,91.48
2026-01-05 00:30:00+01:00,85.22170012378243,87.94
2026-01-05 00:45:00+01:00,82.59040092235962,82.58
2026-01-05 01:00:00+01:00,88.71100582777154,92.96
2026-01-05 01:15:00+01:00,82.41685869347168,90.0
2026-01-05 01:30:00+01:00,83.2350812728256,86.74
2026-01-05 01:45:00+01:00,81.6558743745654,85.69
2026-01-05 02:00:00+01:00,83.53560728946233,87.21
2026-01-05 02:15:00+01:00,81.61123431753641,86.61
2026-01-05 02:30:00+01:00,81.67423300315937,86.93
2026-01-05 02:45:00+01:00,83.78410206620185,85.28
2026-01-05 03:00:00+01:00,82.4317817637396,86.36
2026-01-05 03:15:00+01:00,81.93907378627353,85.97
2026-01-05 03:30:00+01:00,82.94968330080656,85.74
2026-01-05 03:45:00+01:00,84.67216705247995,87.18
2026-01-05 04:00:00+01:00,80.21321071862724,86.25
2026-01-05 04:15:00+01:00,82.75827241985004,86.73
2026-01-05 04:30:00+01:00,83.31919515448546,87.01
2026-01-05 04:45:00+01:00,87.54213071394716,89.99
2026-01-05 05:00:00+01:00,80.98404797825815,87.46
2026-01-05 05:15:00+01:00,86.22352997208972,88.35
2026-01-05 05:30:00+01:00,90.89749750905642,89.11
2026-01-05 05:45:00+01:00,87.11775130177269,98.51
2026-01-05 06:00:00+01:00,83.0949004814929,87.38
2026-01-05 06:15:00+01:00,92.89451733940288,104.9
2026-01-05 06:30:00+01:00,97.05352530892755,118.71
2026-01-05 06:45:00+01:00,90.77183380955373,125.1
2026-01-05 07:00:00+01:00,102.1736269958716,114.46
2026-01-05 07:15:00+01:00,104.36170167439137,120.92
2026-01-05 07:30:00+01:00,110.6729972569707,132.96
2026-01-05 07:45:00+01:00,115.04507864310939,148.91
2026-01-05 08:00:00+01:00,121.78142324549617,145.35
2026-01-05 08:15:00+01:00,113.3279011610127,156.49
2026-01-05 08:30:00+01:00,117.97678786384311,148.97
2026-01-05 08:45:00+01:00,120.00233428068992,153.89
2026-01-05 09:00:00+01:00,131.0439657328992,162.99
2026-01-05 09:15:00+01:00,128.1099273018618,161.49
2026-01-05 09:30:00+01:00,127.05614325997105,147.22
2026-01-05 09:45:00+01:00,119.36795647272541,136.9
2026-01-05 10:00:00+01:00,127.1151545851771,162.46
2026-01-05 10:15:00+01:00,118.27510172850847,145.86
2026-01-05 10:30:00+01:00,117.69996614573787,139.99
2026-01-05 10:45:00+01:00,105.57238039100493,134.2
2026-01-05 11:00:00+01:00,117.87356917696549,139.9
2026-01-05 11:15:00+01:00,112.98269342764006,136.33
2026-01-05 11:30:00+01:00,110.39350639879677,135.99
2026-01-05 11:45:00+01:00,108.3676037940781,134.06
2026-01-05 12:00:00+01:00,107.27877411581086,134.4
2026-01-05 12:15:00+01:00,109.28757723306481,132.97
2026-01-05 12:30:00+01:00,104.30423734754945,133.84
2026-01-05 12:45:00+01:00,116.9402524611476,136.0
2026-01-05 13:00:00+01:00,112.23141985578674,131.59
2026-01-05 13:15:00+01:00,104.79422647335649,131.33
2026-01-05 13:30:00+01:00,106.71329226464732,135.52
2026-01-05 13:45:00+01:00,110.02918499665692,138.77
2026-01-05 14:00:00+01:00,111.69683917463578,128.2
2026-01-05 14:15:00+01:00,124.95013999950004,131.22
2026-01-05 14:30:00+01:00,130.4315164523923,139.9
2026-01-05 14:45:00+01:00,144.63290920025273,161.28
2026-01-05 15:00:00+01:00,120.22571789211244,133.09
2026-01-05 15:15:00+01:00,142.96820235596337,140.02
2026-01-05 15:30:00+01:00,138.93428305909634,166.43
2026-01-05 15:45:00+01:00,145.60515012116426,156.42
2026-01-05 16:00:00+01:00,138.54857534607066,164.87
2026-01-05 16:15:00+01:00,140.65867507809244,166.06
2026-01-05 16:30:00+01:00,147.1121431912466,193.19
2026-01-05 16:45:00+01:00,150.40658417962723,198.71
2026-01-05 17:00:00+01:00,141.82706600904353,198.13
2026-01-05 17:15:00+01:00,146.68142557279123,208.0
2026-01-05 17:30:00+01:00,148.8052615956951,244.39
2026-01-05 17:45:00+01:00,146.43246585283032,243.18
2026-01-05 18:00:00+01:00,149.67845306513894,219.44
2026-01-05 18:15:00+01:00,144.03575191698593,216.52
2026-01-05 18:30:00+01:00,129.81981881325726,217.38
2026-01-05 18:45:00+01:00,133.48927134789508,201.0
2026-01-05 19:00:00+01:00,149.156500518148,222.12
2026-01-05 19:15:00+01:00,136.54565919257024,208.97
2026-01-05 19:30:00+01:00,129.5680391206523,162.0
2026-01-05 19:45:00+01:00,120.10413778462515,138.11
2026-01-05 20:00:00+01:00,129.7484407848579,171.3
2026-01-05 20:15:00+01:00,106.37700105990521,146.73
2026-01-05 20:30:00+01:00,105.90747101530141,138.09
2026-01-05 20:45:00+01:00,100.3805244985806,132.01
2026-01-05 21:00:00+01:00,110.57027364289598,137.82
2026-01-05 21:15:00+01:00,105.543189526452,135.05
2026-01-05 21:30:00+01:00,97.50420425652368,125.76
2026-01-05 21:45:00+01:00,90.34706827918308,117.78
2026-01-05 22:00:00+01:00,99.33278791254993,128.71
2026-01-05 22:15:00+01:00,100.81785503234454,122.48
2026-01-05 22:30:00+01:00,97.5685737047835,124.17
2026-01-05 22:45:00+01:00,91.27913480249846,120.04
2026-01-05 23:00:00+01:00,102.93235596362122,119.51
2026-01-05 23:15:00+01:00,94.53435830731415,112.41
2026-01-05 23:30:00+01:00,89.34995345139325,107.26
2026-01-05 23:45:00+01:00,83.0061859866103,106.02
2026-01-06 00:00:00+01:00,112.63382351462622,114.77
2026-01-06 00:15:00+01:00,106.09565494542841,107.38
2026-01-06 00:30:00+01:00,104.04821440556483,100.9
2026-01-06 00:45:00+01:00,101.91533183419918,95.73
2026-01-06 01:00:00+01:00,108.19957922447168,110.0
2026-01-06 01:15:00+01:00,102.28736736678859,106.42
2026-01-06 01:30:00+01:00,102.23249049866052,102.27
2026-01-06 01:45:00+01:00,101.52617612878915,99.71
2026-01-06 02:00:00+01:00,101.45451898702775,104.37
2026-01-06 02:15:00+01:00,101.02136188363428,100.84
2026-01-06 02:30:00+01:00,101.90718085692072,100.86
2026-01-06 02:45:00+01:00,102.83313740522573,100.11
2026-01-06 03:00:00+01:00,101.67585350205773,101.03
2026-01-06 03:15:00+01:00,101.2865233823286,100.05
2026-01-06 03:30:00+01:00,100.5521857063588,100.01
2026-01-06 03:45:00+01:00,101.11923644501621,99.26
2026-01-06 04:00:00+01:00,99.09264588764205,99.11
2026-01-06 04:15:00+01:00,102.29289315292402,99.88
2026-01-06 04:30:00+01:00,102.93076270805454,104.01
2026-01-06 04:45:00+01:00,105.43489803660559,106.81
2026-01-06 05:00:00+01:00,97.90745155313715,100.39
2026-01-06 05:15:00+01:00,105.92656396770613,102.33
2026-01-06 05:30:00+01:00,110.50224361311413,110.78
2026-01-06 05:45:00+01:00,109.76907708943664,114.5
2026-01-06 06:00:00+01:00,106.74826825261049,112.07
2026-01-06 06:15:00+01:00,112.02087604973015,117.75
2026-01-06 06:30:00+01:00,135.3530967119413,121.42
2026-01-06 06:45:00+01:00,147.68462178458293,133.91
2026-01-06 07:00:00+01:00,121.93761152793564,121.67
2026-01-06 07:15:00+01:00,134.2612378172218,137.9
2026-01-06 07:30:00+01:00,138.29715002789032,147.43
2026-01-06 07:45:00+01:00,151.0891842477881,146.99
2026-01-06 08:00:00+01:00,145.80490277204785,153.51
2026-01-06 08:15:00+01:00,171.66062880382657,168.72
2026-01-06 08:30:00+01:00,168.87642573985693,170.95
2026-01-06 08:45:00+01:00,185.26682684067168,163.56
2026-01-06 09:00:00+01:00,167.8282616710071,189.91
2026-01-06 09:15:00+01:00,191.67650178136373,169.97
2026-01-06 09:30:00+01:00,187.80038646008168,166.34
2026-01-06 09:45:00+01:00,164.19077600290916,149.06
2026-01-06 10:00:00+01:00,170.47788036483826,176.85
2026-01-06 10:15:00+01:00,167.7902145562187,150.1
2026-01-06 10:30:00+01:00,161.1512265645767,150.02
2026-01-06 10:45:00+01:00,143.57118812737107,142.4
2026-01-06 11:00:00+01:00,167.2577988852127,161.63
2026-01-06 11:15:00+01:00,173.78120958759877,148.46
2026-01-06 11:30:00+01:00,175.4169384585864,142.97
2026-01-06 11:45:00+01:00,169.35464158387325,136.0
2026-01-06 12:00:00+01:00,153.50041191836635,140.92
2026-01-06 12:15:00+01:00,150.2340373427442,135.03
2026-01-06 12:30:00+01:00,162.93091692935388,131.86
2026-01-06 12:45:00+01:00,158.7030877122751,129.92
2026-01-06 13:00:00+01:00,156.48650031018417,133.66
2026-01-06 13:15:00+01:00,153.63259580672806,131.3
2026-01-06 13:30:00+01:00,143.8489396226442,127.72
2026-01-06 13:45:00+01:00,148.42128349830298,128.13
2026-01-06 14:00:00+01:00,143.32000214447135,127.07
2026-01-06 14:15:00+01:00,158.01320238892504,130.0
2026-01-06 14:30:00+01:00,157.17991473679984,130.01
2026-01-06 14:45:00+01:00,151.8611578372492,135.73
2026-01-06 15:00:00+01:00,143.87553203750895,127.73
2026-01-06 15:15:00+01:00,150.20602972807552,134.31
2026-01-06 15:30:00+01:00,141.40261705473768,137.37
2026-01-06 15:45:00+01:00,142.4058489419728,148.53
2026-01-06 16:00:00+01:00,156.44744122338324,128.83
2026-01-06 16:15:00+01:00,150.5697250918956,142.62
2026-01-06 16:30:00+01:00,151.55809193836424,147.96
2026-01-06 16:45:00+01:00,173.50885541300542,160.62
2026-01-06 17:00:00+01:00,160.99018864924344,142.17
2026-01-06 17:15:00+01:00,174.5593732381426,147.1
2026-01-06 17:30:00+01:00,175.1916446336968,162.0
2026-01-06 17:45:00+01:00,165.98713021977628,160.7
2026-01-06 18:00:00+01:00,157.0896705159324,159.94
2026-01-06 18:15:00+01:00,151.14631231682287,150.29
2026-01-06 18:30:00+01:00,141.2000262109977,146.85
2026-01-06 18:45:00+01:00,142.3055661713105,135.99
2026-01-06 19:00:00+01:00,150.78186998505674,154.98
2026-01-06 19:15:00+01:00,134.47342410848012,139.88
2026-01-06 19:30:00+01:00,127.03280547251202,133.88
2026-01-06 19:45:00+01:00,119.10417751867107,127.73
2026-01-06 20:00:00+01:00,131.8568043978427,133.99
2026-01-06 20:15:00+01:00,117.93855652274175,123.88
2026-01-06 20:30:00+01:00,111.73957909933713,117.76
2026-01-06 20:45:00+01:00,103.538646374368,110.78
2026-01-06 21:00:00+01:00,115.56495085723132,120.86
2026-01-06 21:15:00+01:00,109.89078737158724,111.69
2026-01-06 21:30:00+01:00,104.29352176701494,102.58
2026-01-06 21:45:00+01:00,98.93277805865016,99.12
2026-01-06 22:00:00+01:00,105.67750873466268,108.14
2026-01-06 22:15:00+01:00,105.24792691945552,105.41
2026-01-06 22:30:00+01:00,106.34616987468078,100.5
2026-01-06 22:45:00+01:00,96.05791160669709,94.84
2026-01-06 23:00:00+01:00,99.36250019856152,102.93
2026-01-06 23:15:00+01:00,91.51411396096488,94.02
2026-01-06 23:30:00+01:00,84.25749225305469,90.11
2026-01-06 23:45:00+01:00,78.06226303527103,84.21
2026-01-07 00:00:00+01:00,100.3688717883733,101.28
2026-01-07 00:15:00+01:00,92.19822358366817,98.99
2026-01-07 00:30:00+01:00,86.64277436953061,89.62
2026-01-07 00:45:00+01:00,83.08284078760012,86.06
2026-01-07 01:00:00+01:00,92.43109918394063,92.96
2026-01-07 01:15:00+01:00,87.83421865224915,90.1
2026-01-07 01:30:00+01:00,82.65528836787865,86.35
2026-01-07 01:45:00+01:00,79.70366796644394,85.03
2026-01-07 02:00:00+01:00,83.91901990582015,86.77
2026-01-07 02:15:00+01:00,80.29347194539307,84.75
2026-01-07 02:30:00+01:00,79.37871467544466,85.51
2026-01-07 02:45:00+01:00,76.51631969495486,83.15
2026-01-07 03:00:00+01:00,79.71390576642652,83.6
2026-01-07 03:15:00+01:00,76.63452811261347,81.69
2026-01-07 03:30:00+01:00,76.25712180114735,81.01
2026-01-07 03:45:00+01:00,73.92063051869735,80.29
2026-01-07 04:00:00+01:00,74.31290291581259,80.79
2026-01-07 04:15:00+01:00,74.21825853022574,80.67
2026-01-07 04:30:00+01:00,74.92474519642298,80.36
2026-01-07 04:45:00+01:00,75.9344289877613,81.31
2026-01-07 05:00:00+01:00,76.03744874836866,84.09
2026-01-07 05:15:00+01:00,71.08929638085657,83.44
2026-01-07 05:30:00+01:00,78.5563446457009,84.69
2026-01-07 05:45:00+01:00,80.45539818730333,87.31
2026-01-07 06:00:00+01:00,74.08561378071151,87.45
2026-01-07 06:15:00+01:00,80.84914458050835,91.01
2026-01-07 06:30:00+01:00,86.13489177360935,95.59
2026-01-07 06:45:00+01:00,98.01019228912688,97.03
2026-01-07 07:00:00+01:00,93.62203092168855,100.1
2026-01-07 07:15:00+01:00,93.07214877506874,98.19
2026-01-07 07:30:00+01:00,101.18653010389703,100.09
2026-01-07 07:45:00+01:00,103.7231732010621,98.42
2026-01-07 08:00:00+01:00,112.15598688788869,106.77
2026-01-07 08:15:00+01:00,107.11066261503149,107.68
2026-01-07 08:30:00+01:00,105.1243060470667,113.68
2026-01-07 08:45:00+01:00,93.88310709687676,109.27
2026-01-07 09:00:00+01:00,118.23521936299126,115.44
2026-01-07 09:15:00+01:00,99.43499389705025,115.58
2026-01-07 09:30:00+01:00,93.3802288341784,114.9
2026-01-07 09:45:00+01:00,86.27488168575636,102.59
2026-01-07 10:00:00+01:00,92.25320718355361,116.56
2026-01-07 10:15:00+01:00,93.58223111260176,109.01
2026-01-07 10:30:00+01:00,87.42407668455829,105.84
2026-01-07 10:45:00+01:00,83.46132532675466,101.84
2026-01-07 11:00:00+01:00,91.209101157386,102.11
2026-01-07 11:15:00+01:00,87.36008540841658,99.6
2026-01-07 11:30:00+01:00,86.90170107711093,98.3
2026-01-07 11:45:00+01:00,83.59457384614826,99.73
2026-01-07 12:00:00+01:00,82.55749714464386,98.86
2026-01-07 12:15:00+01:00,81.37829353783553,96.01
2026-01-07 12:30:00+01:00,81.0330049113833,96.35
2026-01-07 12:45:00+01:00,86.44571618487026,94.14
2026-01-07 13:00:00+01:00,82.63799084899044,97.91
2026-01-07 13:15:00+01:00,78.51986044548953,93.62
2026-01-07 13:30:00+01:00,85.04912597580619,89.78
2026-01-07 13:45:00+01:00,89.19759316609921,91.31
2026-01-07 14:00:00+01:00,88.44464453188255,91.19
2026-01-07 14:15:00+01:00,90.98768968042502,94.36
2026-01-07 14:30:00+01:00,96.34221472619252,94.09
2026-01-07 14:45:00+01:00,97.42018870441599,101.27
2026-01-07 15:00:00+01:00,93.46020039196958,95.86
2026-01-07 15:15:00+01:00,96.96930025975566,102.81
2026-01-07 15:30:00+01:00,103.89680193634827,105.76
2026-01-07 15:45:00+01:00,100.20363761976381,102.92
2026-01-07 16:00:00+01:00,100.9153963488576,101.86
2026-01-07 16:15:00+01:00,97.77614077823168,101.84
2026-01-07 16:30:00+01:00,97.81105400642085,107.6
2026-01-07 16:45:00+01:00,91.0897053064792,114.24
2026-01-07 17:00:00+01:00,92.62775880456385,118.18
2026-01-07 17:15:00+01:00,91.86839410299756,122.0
2026-01-07 17:30:00+01:00,97.2558717941354,129.0
2026-01-07 17:45:00+01:00,94.47380976573277,131.57
2026-01-07 18:00:00+01:00,91.0752260430339,123.01
2026-01-07 18:15:00+01:00,85.85633000685426,124.05
2026-01-07 18:30:00+01:00,90.9674043683563,123.85
2026-01-07 18:45:00+01:00,88.38167972730938,125.49
2026-01-07 19:00:00+01:00,93.73490713902103,115.51
2026-01-07 19:15:00+01:00,81.4983053185594,119.87
2026-01-07 19:30:00+01:00,80.71686075978421,116.55
2026-01-07 19:45:00+01:00,73.6121324105864,115.0
2026-01-07 20:00:00+01:00,76.07149295348293,107.77
2026-01-07 20:15:00+01:00,81.70489550104588,113.93
2026-01-07 20:30:00+01:00,75.33502590192847,108.25
2026-01-07 20:45:00+01:00,75.51125935808912,104.96
2026-01-07 21:00:00+01:00,77.33181611423623,105.26
2026-01-07 21:15:00+01:00,70.64464130463492,101.54
2026-01-07 21:30:00+01:00,71.81241664052209,96.01
2026-01-07 21:45:00+01:00,75.87219949334992,91.01
2026-01-07 22:00:00+01:00,74.66157576811351,90.73
2026-01-07 22:15:00+01:00,80.432130092274,95.44
2026-01-07 22:30:00+01:00,79.84889427407148,96.56
2026-01-07 22:45:00+01:00,73.17260979286233,93.11
2026-01-07 23:00:00+01:00,70.95044336283135,95.11
2026-01-07 23:15:00+01:00,65.1717977566116,89.01
2026-01-07 23:30:00+01:00,64.05826462182921,86.83
2026-01-07 23:45:00+01:00,58.3454710290395,84.1
2026-01-08 00:00:00+01:00,95.4481435232021,86.88
2026-01-08 00:15:00+01:00,89.1759820090272,85.94
2026-01-08 00:30:00+01:00,84.2799011738051,82.7
2026-01-08 00:45:00+01:00,80.26333637286547,80.8
2026-01-08 01:00:00+01:00,88.06632988910759,85.0
2026-01-08 01:15:00+01:00,83.63557754943506,82.59
2026-01-08 01:30:00+01:00,80.35611507186722,83.18
2026-01-08 01:45:00+01:00,79.07810912202733,81.56
2026-01-08 02:00:00+01:00,83.29656461725077,84.7
2026-01-08 02:15:00+01:00,80.43348995981576,84.94
2026-01-08 02:30:00+01:00,79.5982218167588,83.59
2026-01-08 02:45:00+01:00,77.11785391406382,84.86
2026-01-08 03:00:00+01:00,77.6018094522598,82.64
2026-01-08 03:15:00+01:00,76.88187438577424,83.01
2026-01-08 03:30:00+01:00,76.6401730776924,81.76
2026-01-08 03:45:00+01:00,75.55009289858052,82.48
2026-01-08 04:00:00+01:00,76.93496597545656,81.04
2026-01-08 04:15:00+01:00,77.0429712297846,85.0
2026-01-08 04:30:00+01:00,77.37469158344366,87.39
2026-01-08 04:45:00+01:00,79.16963510004837,87.63
2026-01-08 05:00:00+01:00,77.24225134833446,85.26
2026-01-08 05:15:00+01:00,81.44280473912448,87.05
2026-01-08 05:30:00+01:00,82.92901712651907,88.6
2026-01-08 05:45:00+01:00,83.79296903851012,90.64
2026-01-08 06:00:00+01:00,76.59177873243472,86.36
2026-01-08 06:15:00+01:00,86.28283034204118,88.53
2026-01-08 06:30:00+01:00,83.74214380547184,103.79
2026-01-08 06:45:00+01:00,100.71806862268177,112.84
2026-01-08 07:00:00+01:00,97.98810081779374,103.27
2026-01-08 07:15:00+01:00,106.19350216021923,109.04
2026-01-08 07:30:00+01:00,112.47334892511864,132.52
2026-01-08 07:45:00+01:00,111.2871333328021,162.02
2026-01-08 08:00:00+01:00,115.8698072133947,167.87
2026-01-08 08:15:00+01:00,116.4086780604019,166.53
2026-01-08 08:30:00+01:00,135.9077645879907,168.53
2026-01-08 08:45:00+01:00,127.39587767573094,172.31
2026-01-08 09:00:00+01:00,128.96191304633422,181.0
2026-01-08 09:15:00+01:00,128.62349244019563,193.48
2026-01-08 09:30:00+01:00,125.4879550008222,211.96
2026-01-08 09:45:00+01:00,149.86476254920967,184.44
2026-01-08 10:00:00+01:00,128.275101116963,204.01
2026-01-08 10:15:00+01:00,170.92925967054856,222.98
2026-01-08 10:30:00+01:00,121.01173574327082,202.4
2026-01-08 10:45:00+01:00,110.79073257777891,202.34
2026-01-08 11:00:00+01:00,113.96560224273446,222.59
2026-01-08 11:15:00+01:00,117.0377240254333,204.1
2026-01-08 11:30:00+01:00,115.4737901567353,212.95
2026-01-08 11:45:00+01:00,125.18889918032696,212.81
2026-01-08 12:00:00+01:00,134.46870428059853,215.16
2026-01-08 12:15:00+01:00,127.21393402942905,215.93
2026-01-08 12:30:00+01:00,123.48763496434904,217.17
2026-01-08 12:45:00+01:00,123.76766274952689,232.82
2026-01-08 13:00:00+01:00,127.0973271483004,217.09
2026-01-08 13:15:00+01:00,117.83677539686514,236.59
2026-01-08 13:30:00+01:00,122.61693181049648,243.96
2026-01-08 13:45:00+01:00,129.6269295218145,247.22
2026-01-08 14:00:00+01:00,109.20082959499422,229.02
2026-01-08 14:15:00+01:00,118.91642495304913,263.05
2026-01-08 14:30:00+01:00,126.75649786651434,291.21
2026-01-08 14:45:00+01:00,127.17951639507525,275.06
2026-01-08 15:00:00+01:00,128.2271654717089,251.17
2026-01-08 15:15:00+01:00,127.85791917258942,270.38
2026-01-08 15:30:00+01:00,132.14710185089646,265.0
2026-01-08 15:45:00+01:00,133.31285193991772,271.13
2026-01-08 16:00:00+01:00,128.6002390191518,224.46
2026-01-08 16:15:00+01:00,132.35675013136853,241.01
2026-01-08 16:30:00+01:00,131.83832047916098,272.44
2026-01-08 16:45:00+01:00,146.39085175851446,300.05
2026-01-08 17:00:00+01:00,150.38708354964652,254.57
2026-01-08 17:15:00+01:00,145.05457818000838,261.06
2026-01-08 17:30:00+01:00,139.90267387998912,224.84
2026-01-08 17:45:00+01:00,131.57989377222808,194.94
2026-01-08 18:00:00+01:00,134.61476527493843,270.09
2026-01-08 18:15:00+01:00,124.40361169809833,200.99
2026-01-08 18:30:00+01:00,120.33007057355044,181.0
2026-01-08 18:45:00+01:00,111.45340630767066,145.51
2026-01-08 19:00:00+01:00,120.73044426419133,176.16
2026-01-08 19:15:00+01:00,113.35027661849189,168.0
2026-01-08 19:30:00+01:00,109.76029419459668,116.85
2026-01-08 19:45:00+01:00,100.89096166705889,95.98
2026-01-08 20:00:00+01:00,105.26789824975499,129.8
2026-01-08 20:15:00+01:00,109.26121691297344,105.6
2026-01-08 20:30:00+01:00,94.08874991433409,88.29
2026-01-08 20:45:00+01:00,80.56434030577705,84.81
2026-01-08 21:00:00+01:00,98.36353001361178,104.36
2026-01-08 21:15:00+01:00,92.01056069614808,97.63
2026-01-08 21:30:00+01:00,85.12621509056518,90.77
2026-01-08 21:45:00+01:00,74.1824213433119,85.17
2026-01-08 22:00:00+01:00,91.27577748073585,103.93
2026-01-08 22:15:00+01:00,79.48960024627289,91.23
2026-01-08 22:30:00+01:00,78.41333008432092,88.72
2026-01-08 22:45:00+01:00,70.91216254012387,81.34
2026-01-08 23:00:00+01:00,77.01865529697334,94.51
2026-01-08 23:15:00+01:00,70.68880253925,82.48
2026-01-08 23:30:00+01:00,65.55337778143048,70.6
2026-01-08 23:45:00+01:00,61.07882977951873,68.55
2026-01-09 00:00:00+01:00,80.91587060836,95.56
2026-01-09 00:15:00+01:00,76.15704014305116,80.23
2026-01-09 00:30:00+01:00,73.58721374771807,70.1
2026-01-09 00:45:00+01:00,63.28772256809419,69.96
2026-01-09 01:00:00+01:00,74.42803658808172,75.48
2026-01-09 01:15:00+01:00,71.56268354982411,74.24
2026-01-09 01:30:00+01:00,60.5274750669214,69.98
2026-01-09 01:45:00+01:00,52.72069852666806,63.06
2026-01-09 02:00:00+01:00,66.95361813113132,64.21
2026-01-09 02:15:00+01:00,62.16911638236171,58.11
2026-01-09 02:30:00+01:00,54.416626602383005,54.79
2026-01-09 02:45:00+01:00,45.27374220829357,52.29
2026-01-09 03:00:00+01:00,56.22197843569484,55.75
2026-01-09 03:15:00+01:00,50.42846941918293,51.03
2026-01-09 03:30:00+01:00,48.663564450166845,50.09
2026-01-09 03:45:00+01:00,35.811992234652784,46.49
2026-01-09 04:00:00+01:00,53.2079765429811,45.81
2026-01-09 04:15:00+01:00,53.612140225932585,45.81
2026-01-09 04:30:00+01:00,47.0461580379476,48.22
2026-01-09 04:45:00+01:00,52.7191656898581,51.54
2026-01-09 05:00:00+01:00,56.86650885197425,49.91
2026-01-09 05:15:00+01:00,54.618741046852804,53.35
2026-01-09 05:30:00+01:00,59.13302510993846,59.38
2026-01-09 05:45:00+01:00,38.01623394016685,63.66
2026-01-09 06:00:00+01:00,57.63504759810068,65.02
2026-01-09 06:15:00+01:00,49.45940721667927,72.64
2026-01-09 06:30:00+01:00,56.180582978064976,74.43
2026-01-09 06:45:00+01:00,70.24395462864088,78.33
2026-01-09 07:00:00+01:00,76.22305066195197,77.25
2026-01-09 07:15:00+01:00,74.3740382206687,83.33
2026-01-09 07:30:00+01:00,86.60159050926188,87.63
2026-01-09 07:45:00+01:00,91.7474402542766,89.0
2026-01-09 08:00:00+01:00,97.57409379973461,87.17
2026-01-09 08:15:00+01:00,89.52858228402376,91.48
2026-01-09 08:30:00+01:00,89.26598346555988,92.18
2026-01-09 08:45:00+01:00,86.96287054123768,88.22
2026-01-09 09:00:00+01:00,96.36316135907543,91.28
2026-01-09 09:15:00+01:00,93.63176360945397,88.99
2026-01-09 09:30:00+01:00,99.30616155725183,86.57
2026-01-09 09:45:00+01:00,87.41401753832442,89.75
2026-01-09 10:00:00+01:00,92.59374464105292,93.49
2026-01-09 10:15:00+01:00,92.19666395238644,89.57
2026-01-09 10:30:00+01:00,83.79451072111385,98.93
2026-01-09 10:45:00+01:00,83.04586857596117,93.73
2026-01-09 11:00:00+01:00,82.23195892192231,88.94
2026-01-09 11:15:00+01:00,80.90813221192275,87.18
2026-01-09 11:30:00+01:00,84.93358166662247,85.06
2026-01-09 11:45:00+01:00,79.36397187519037,82.0
2026-01-09 12:00:00+01:00,78.81337028199998,83.83
2026-01-09 12:15:00+01:00,80.78946652519942,82.17
2026-01-09 12:30:00+01:00,78.09049995323203,83.96
2026-01-09 12:45:00+01:00,81.93195363649336,82.1
2026-01-09 13:00:00+01:00,81.23438466603783,84.92
2026-01-09 13:15:00+01:00,84.81938612284866,82.75
2026-01-09 13:30:00+01:00,87.31895211019255,82.12
2026-01-09 13:45:00+01:00,88.23057718354406,81.61
2026-01-09 14:00:00+01:00,81.55087133203786,81.94
2026-01-09 14:15:00+01:00,85.22922751609354,82.31
2026-01-09 14:30:00+01:00,80.90051569505084,82.3
2026-01-09 14:45:00+01:00,92.26752985517425,84.79
2026-01-09 15:00:00+01:00,85.54528264171581,82.15
2026-01-09 15:15:00+01:00,85.41460578849379,84.91
2026-01-09 15:30:00+01:00,76.76550709031515,84.59
2026-01-09 15:45:00+01:00,85.25434728651351,89.33
2026-01-09 16:00:00+01:00,90.99489098312652,82.39
2026-01-09 16:15:00+01:00,84.31298943734103,86.87
2026-01-09 16:30:00+01:00,58.11238766364113,91.04
2026-01-09 16:45:00+01:00,60.289563859386355,89.99
2026-01-09 17:00:00+01:00,85.05866450979696,92.78
2026-01-09 17:15:00+01:00,88.07574676807013,92.77
2026-01-09 17:30:00+01:00,90.07260788056101,91.07
2026-01-09 17:45:00+01:00,88.09160453984867,93.46
2026-01-09 18:00:00+01:00,83.27399764486961,89.98
2026-01-09 18:15:00+01:00,61.992523191144144,93.62
2026-01-09 18:30:00+01:00,83.48276830500666,93.87
2026-01-09 18:45:00+01:00,50.008768500609406,89.18
2026-01-09 19:00:00+01:00,86.22738152167926,89.94
2026-01-09 19:15:00+01:00,61.18272254686569,86.95
2026-01-09 19:30:00+01:00,48.9426615759171,85.66
2026-01-09 19:45:00+01:00,68.16963275295285,86.57
2026-01-09 20:00:00+01:00,52.007944401732,83.55
2026-01-09 20:15:00+01:00,73.30875184479768,82.79
2026-01-09 20:30:00+01:00,48.01862344418124,82.15
2026-01-09 20:45:00+01:00,52.545072669220474,82.72
2026-01-09 21:00:00+01:00,66.63153960172474,84.21
2026-01-09 21:15:00+01:00,53.870342181521536,82.14
2026-01-09 21:30:00+01:00,52.41559726644415,79.48
2026-01-09 21:45:00+01:00,46.71183734899791,75.61
2026-01-09 22:00:00+01:00,53.19899936057605,84.33
2026-01-09 22:15:00+01:00,60.508172387810326,80.73
2026-01-09 22:30:00+01:00,53.7815524522769,80.06
2026-01-09 22:45:00+01:00,21.61847733324224,76.28
2026-01-09 23:00:00+01:00,43.2060737569682,77.71
2026-01-09 23:15:00+01:00,20.15775027116605,73.45
2026-01-09 23:30:00+01:00,-14.33637014548573,74.09
2026-01-09 23:45:00+01:00,2.0939722173470443,72.79
2026-01-10 00:00:00+01:00,83.50907271329666,78.94
2026-01-10 00:15:00+01:00,80.00061770151744,73.53
2026-01-10 00:30:00+01:00,73.48257864442074,70.08
2026-01-10 00:45:00+01:00,67.18317918854227,68.61
2026-01-10 01:00:00+01:00,70.86257223660968,71.44
2026-01-10 01:15:00+01:00,66.90511573981867,70.55
2026-01-10 01:30:00+01:00,69.72292744820496,69.4
2026-01-10 01:45:00+01:00,67.69539510181075,67.71
2026-01-10 02:00:00+01:00,73.60369442962939,67.69
2026-01-10 02:15:00+01:00,67.39183838468634,66.11
2026-01-10 02:30:00+01:00,67.07676981749587,65.63
2026-01-10 02:45:00+01:00,64.43132847238289,65.52
2026-01-10 03:00:00+01:00,66.65222583492367,67.12
2026-01-10 03:15:00+01:00,63.479210895638644,66.38
2026-01-10 03:30:00+01:00,60.96908010200933,66.94
2026-01-10 03:45:00+01:00,59.30659918107089,65.7
2026-01-10 04:00:00+01:00,58.49080476869972,66.72
2026-01-10 04:15:00+01:00,60.965322410415084,66.41
2026-01-10 04:30:00+01:00,53.5287735112716,65.99
2026-01-10 04:45:00+01:00,56.354189122745815,66.93
2026-01-10 05:00:00+01:00,66.77978453478306,66.27
2026-01-10 05:15:00+01:00,62.58490575995458,67.29
2026-01-10 05:30:00+01:00,70.66794751467374,69.47
2026-01-10 05:45:00+01:00,64.5695416615384,70.81
2026-01-10 06:00:00+01:00,60.77675026010712,66.4
2026-01-10 06:15:00+01:00,63.03856220604638,68.6
2026-01-10 06:30:00+01:00,61.220744495459215,71.4
2026-01-10 06:45:00+01:00,61.12692767831101,73.44
2026-01-10 07:00:00+01:00,76.57604770590459,70.19
2026-01-10 07:15:00+01:00,81.61700451709612,75.61
2026-01-10 07:30:00+01:00,85.08890091849415,79.04
2026-01-10 07:45:00+01:00,82.20486335117596,81.82
2026-01-10 08:00:00+01:00,82.94939353751037,79.96
2026-01-10 08:15:00+01:00,70.97525772399126,81.42
2026-01-10 08:30:00+01:00,76.67752909390776,87.58
2026-01-10 08:45:00+01:00,87.64213831307461,91.15
2026-01-10 09:00:00+01:00,85.42409905230868,90.41
2026-01-10 09:15:00+01:00,85.40319612974804,93.37
2026-01-10 09:30:00+01:00,98.85902430131726,93.41
2026-01-10 09:45:00+01:00,94.15077562268638,92.26
2026-01-10 10:00:00+01:00,86.66092674346491,91.85
2026-01-10 10:15:00+01:00,90.71604673917665,94.72
2026-01-10 10:30:00+01:00,91.38253187723524,100.78
2026-01-10 10:45:00+01:00,91.37640125104934,103.03
2026-01-10 11:00:00+01:00,94.80989538210257,94.82
2026-01-10 11:15:00+01:00,89.32790950805656,101.79
2026-01-10 11:30:00+01:00,91.23875240061136,103.59
2026-01-10 11:45:00+01:00,88.52009485737274,106.03
2026-01-10 12:00:00+01:00,89.67446677473403,100.48
2026-01-10 12:15:00+01:00,89.59018072543658,103.43
2026-01-10 12:30:00+01:00,90.95202762441443,100.2
2026-01-10 12:45:00+01:00,89.85274888201792,102.17
2026-01-10 13:00:00+01:00,89.1835888200989,101.42
2026-01-10 13:15:00+01:00,88.19852223179142,103.07
2026-01-10 13:30:00+01:00,93.75052979465578,104.4
2026-01-10 13:45:00+01:00,100.93524816265877,110.41
2026-01-10 14:00:00+01:00,94.17540803198919,107.85
2026-01-10 14:15:00+01:00,94.3313290053467,107.65
2026-01-10 14:30:00+01:00,108.40376785076279,114.71
2026-01-10 14:45:00+01:00,115.74023670397284,115.56
2026-01-10 15:00:00+01:00,110.53109914303627,109.89
2026-01-10 15:15:00+01:00,113.21233392174308,115.21
2026-01-10 15:30:00+01:00,118.01580170336175,116.88
2026-01-10 15:45:00+01:00,127.99842489199659,128.89
2026-01-10 16:00:00+01:00,123.5615817434036,120.75
2026-01-10 16:15:00+01:00,120.65468445276116,124.95
2026-01-10 16:30:00+01:00,131.77405973230296,123.59
2026-01-10 16:45:00+01:00,138.01079285488427,142.74
2026-01-10 17:00:00+01:00,132.31835741872538,133.99
2026-01-10 17:15:00+01:00,136.36231953006126,139.07
2026-01-10 17:30:00+01:00,131.18060953229985,142.08
2026-01-10 17:45:00+01:00,126.65653365915486,142.97
2026-01-10 18:00:00+01:00,141.32723130582127,143.57
2026-01-10 18:15:00+01:00,136.70637354231755,137.99
2026-01-10 18:30:00+01:00,121.28823156081663,136.56
2026-01-10 18:45:00+01:00,119.20646026491997,129.52
2026-01-10 19:00:00+01:00,121.08735112462723,134.87
2026-01-10 19:15:00+01:00,119.53727951951701,129.52
2026-01-10 19:30:00+01:00,119.78036330652586,125.36
2026-01-10 19:45:00+01:00,116.27773649656963,123.47
2026-01-10 20:00:00+01:00,120.30031883118191,129.05
2026-01-10 20:15:00+01:00,165.55077684042516,120.72
2026-01-10 20:30:00+01:00,111.66471495897986,118.96
2026-01-10 20:45:00+01:00,101.98935402860151,113.23
2026-01-10 21:00:00+01:00,106.39976176177309,118.49
2026-01-10 21:15:00+01:00,110.88119717784049,114.44
2026-01-10 21:30:00+01:00,103.37052914650162,114.39
2026-01-10 21:45:00+01:00,92.84353312535363,105.52
2026-01-10 22:00:00+01:00,107.41037389074957,114.46
2026-01-10 22:15:00+01:00,93.13718602616304,113.81
2026-01-10 22:30:00+01:00,93.76794952332232,103.33
2026-01-10 22:45:00+01:00,104.76407210768177,99.12
2026-01-10 23:00:00+01:00,98.38183948761954,101.76
2026-01-10 23:15:00+01:00,90.33614881368386,97.5
2026-01-10 23:30:00+01:00,99.23032456574862,97.75
2026-01-10 23:45:00+01:00,92.49970968672518,95.78
2026-01-11 00:00:00+01:00,100.41996369345519,108.2
2026-01-11 00:15:00+01:00,100.67197228503909,97.72
2026-01-11 00:30:00+01:00,96.72958689623853,93.7
2026-01-11 00:45:00+01:00,91.49151457755354,87.99
2026-01-11 01:00:00+01:00,96.52686253273991,98.99
2026-01-11 01:15:00+01:00,93.11250486474987,92.55
2026-01-11 01:30:00+01:00,96.33025696347997,90.91
2026-01-11 01:45:00+01:00,95.26646712088368,88.54
2026-01-11 02:00:00+01:00,95.56482596181783,91.99
2026-01-11 02:15:00+01:00,93.60376761617468,89.09
2026-01-11 02:30:00+01:00,92.85895285144454,86.2
2026-01-11 02:45:00+01:00,94.74264803825258,84.86
2026-01-11 03:00:00+01:00,95.07659194919077,84.18
2026-01-11 03:15:00+01:00,95.7415423606133,84.52
2026-01-11 03:30:00+01:00,93.6136395654504,84.56
2026-01-11 03:45:00+01:00,94.65407039059858,86.18
2026-01-11 04:00:00+01:00,93.00705598700547,85.04
2026-01-11 04:15:00+01:00,94.42289357180667,83.03
2026-01-11 04:30:00+01:00,92.98449714885811,81.42
2026-01-11 04:45:00+01:00,93.7161335342303,81.23
2026-01-11 05:00:00+01:00,95.58096951492261,81.64
2026-01-11 05:15:00+01:00,94.91710677969306,81.64
2026-01-11 05:30:00+01:00,96.34178086342314,82.2
2026-01-11 05:45:00+01:00,93.89948600820559,83.56
2026-01-11 06:00:00+01:00,92.44865758053436,80.93
2026-01-11 06:15:00+01:00,94.88003575917087,81.64
2026-01-11 06:30:00+01:00,99.19614598983992,81.64
2026-01-11 06:45:00+01:00,106.5241107293771,82.2
2026-01-11 07:00:00+01:00,107.72397502097877,81.13
2026-01-11 07:15:00+01:00,109.23256002772212,82.46
2026-01-11 07:30:00+01:00,115.35075549059476,85.68
2026-01-11 07:45:00+01:00,123.29661631254082,87.77
2026-01-11 08:00:00+01:00,128.50325863425024,87.02
2026-01-11 08:15:00+01:00,128.12890273544056,89.97
2026-01-11 08:30:00+01:00,120.80574868224038,92.84
2026-01-11 08:45:00+01:00,108.2791870299771,98.41
2026-01-11 09:00:00+01:00,126.13658787442854,103.91
2026-01-11 09:15:00+01:00,116.45240282887987,103.39
2026-01-11 09:30:00+01:00,103.98863716563258,103.19
2026-01-11 09:45:00+01:00,88.58744350212812,101.92
2026-01-11 10:00:00+01:00,109.1361248322522,103.93
2026-01-11 10:15:00+01:00,95.56968087701517,101.68
2026-01-11 10:30:00+01:00,92.43276549411046,100.48
2026-01-11 10:45:00+01:00,91.18722137135155,96.64
2026-01-11 11:00:00+01:00,87.33568880104391,102.68
2026-01-11 11:15:00+01:00,88.19015578938536,100.64
2026-01-11 11:30:00+01:00,94.07888943067998,99.97
2026-01-11 11:45:00+01:00,88.37729067691801,96.38
2026-01-11 12:00:00+01:00,87.72645403155374,99.71
2026-01-11 12:15:00+01:00,86.75467208773662,97.97
2026-01-11 12:30:00+01:00,89.7867933371181,98.33
2026-01-11 12:45:00+01:00,91.36549421237527,92.34
2026-01-11 13:00:00+01:00,87.00618981066738,98.66
2026-01-11 13:15:00+01:00,95.38284468891788,93.73
2026-01-11 13:30:00+01:00,92.25575340051319,96.36
2026-01-11 13:45:00+01:00,115.02077565473917,97.32
2026-01-11 14:00:00+01:00,89.32959447694363,96.3
2026-01-11 14:15:00+01:00,106.57912810967994,98.31
2026-01-11 14:30:00+01:00,113.47032840903908,100.9
2026-01-11 14:45:00+01:00,116.96663813499055,100.0
2026-01-11 15:00:00+01:00,103.5386937324459,90.21
2026-01-11 15:15:00+01:00,109.96532264105632,99.0
2026-01-11 15:30:00+01:00,120.19906901392787,107.23
2026-01-11 15:45:00+01:00,125.08358753342445,108.66
2026-01-11 16:00:00+01:00,113.26078826380189,102.72
2026-01-11 16:15:00+01:00,128.31886131077508,110.56
2026-01-11 16:30:00+01:00,117.61726963700218,113.1
2026-01-11 16:45:00+01:00,123.0034413730191,120.64
2026-01-11 17:00:00+01:00,118.42929443590958,114.29
2026-01-11 17:15:00+01:00,122.12354356177998,117.86
2026-01-11 17:30:00+01:00,120.41319771026542,117.52
2026-01-11 17:45:00+01:00,115.91785364851773,115.33
2026-01-11 18:00:00+01:00,125.38637363687243,118.28
2026-01-11 18:15:00+01:00,116.10532944855512,115.19
2026-01-11 18:30:00+01:00,112.85330857682041,109.17
2026-01-11 18:45:00+01:00,106.10633693341738,106.35
2026-01-11 19:00:00+01:00,117.21614011110364,107.54
2026-01-11 19:15:00+01:00,96.48899926655423,107.43
2026-01-11 19:30:00+01:00,99.0790295234834,106.22
2026-01-11 19:45:00+01:00,91.90428604125034,103.64
2026-01-11 20:00:00+01:00,102.25917868035012,104.1
2026-01-11 20:15:00+01:00,86.78289462279366,97.82
2026-01-11 20:30:00+01:00,89.94035113619645,93.97
2026-01-11 20:45:00+01:00,83.22363837883306,88.27
2026-01-11 21:00:00+01:00,98.25863468527264,100.9
2026-01-11 21:15:00+01:00,92.98970151675817,94.54
2026-01-11 21:30:00+01:00,85.25355653953801,94.17
2026-01-11 21:45:00+01:00,61.85476880486853,90.41
2026-01-11 22:00:00+01:00,95.78571825108557,97.1
2026-01-11 22:15:00+01:00,72.05612711513812,93.15
2026-01-11 22:30:00+01:00,80.44807328640991,92.54
2026-01-11 22:45:00+01:00,48.7286891622028,89.29
2026-01-11 23:00:00+01:00,92.28240232161443,90.38
2026-01-11 23:15:00+01:00,79.63054124677427,85.94
2026-01-11 23:30:00+01:00,75.82320250790877,83.66
2026-01-11 23:45:00+01:00,59.32408568573807,80.94
2026-01-12 00:00:00+01:00,89.69549548015878,80.72
2026-01-12 00:15:00+01:00,86.04352581872708,80.99
2026-01-12 00:30:00+01:00,80.27553132731248,82.37
2026-01-12 00:45:00+01:00,78.57647231829337,80.95
2026-01-12 01:00:00+01:00,83.76399300242171,82.46
2026-01-12 01:15:00+01:00,80.32480436716881,81.86
2026-01-12 01:30:00+01:00,78.4886756479525,80.94
2026-01-12 01:45:00+01:00,76.22394043239444,79.51
2026-01-12 02:00:00+01:00,77.10637972381905,80.14
2026-01-12 02:15:00+01:00,75.62801640825022,79.61
2026-01-12 02:30:00+01:00,76.37445618464915,79.33
2026-01-12 02:45:00+01:00,74.53604351923555,77.09
2026-01-12 03:00:00+01:00,76.91112273631731,77.86
2026-01-12 03:15:00+01:00,74.78742454155909,77.25
2026-01-12 03:30:00+01:00,73.65009851168429,77.55
2026-01-12 03:45:00+01:00,71.73832287659476,76.58
2026-01-12 04:00:00+01:00,72.95325389176266,75.3
2026-01-12 04:15:00+01:00,72.26484291455236,76.23
2026-01-12 04:30:00+01:00,71.79425777436498,76.95
2026-01-12 04:45:00+01:00,71.85805252818787,77.86
2026-01-12 05:00:00+01:00,72.33673437342506,75.3
2026-01-12 05:15:00+01:00,70.5783823617692,75.71
2026-01-12 05:30:00+01:00,76.35926543530577,82.2
2026-01-12 05:45:00+01:00,78.61087789769392,87.44
2026-01-12 06:00:00+01:00,72.81245632851558,78.6
2026-01-12 06:15:00+01:00,76.77622022558,90.17
2026-01-12 06:30:00+01:00,86.41086533626715,86.63
2026-01-12 06:45:00+01:00,92.43613355914836,92.29
2026-01-12 07:00:00+01:00,93.23348497576158,89.46
2026-01-12 07:15:00+01:00,100.15482818054747,95.8
2026-01-12 07:30:00+01:00,112.91882422515135,102.73
2026-01-12 07:45:00+01:00,109.78521390872618,103.5
2026-01-12 08:00:00+01:00,117.03154699082457,109.49
2026-01-12 08:15:00+01:00,124.46337718603732,117.08
2026-01-12 08:30:00+01:00,140.5621331178017,126.9
2026-01-12 08:45:00+01:00,131.00881436434932,109.0
2026-01-12 09:00:00+01:00,127.78356926902045,126.93
2026-01-12 09:15:00+01:00,130.84728466529867,137.58
2026-01-12 09:30:00+01:00,119.8607631121778,133.99
2026-01-12 09:45:00+01:00,120.25482752136438,120.89
2026-01-12 10:00:00+01:00,113.82628397509905,125.07
2026-01-12 10:15:00+01:00,121.81110900422046,115.27
2026-01-12 10:30:00+01:00,110.92070480379056,129.96
2026-01-12 10:45:00+01:00,98.01665351089359,127.29
2026-01-12 11:00:00+01:00,109.9590883759108,124.01
2026-01-12 11:15:00+01:00,103.03830747095259,136.0
2026-01-12 11:30:00+01:00,104.49348479298548,140.09
2026-01-12 11:45:00+01:00,96.93231019354724,119.37
2026-01-12 12:00:00+01:00,98.49641374661608,111.23
2026-01-12 12:15:00+01:00,96.5824035750588,134.28
2026-01-12 12:30:00+01:00,99.28283398209527,136.0
2026-01-12 12:45:00+01:00,95.52890701597373,138.34
2026-01-12 13:00:00+01:00,95.070387443748,136.34
2026-01-12 13:15:00+01:00,103.4518354092516,138.71
2026-01-12 13:30:00+01:00,98.58013900736057,135.99
2026-01-12 13:45:00+01:00,103.998391114529,120.0
2026-01-12 14:00:00+01:00,95.12131523692997,119.08
2026-01-12 14:15:00+01:00,100.72441480864218,127.98
2026-01-12 14:30:00+01:00,111.04003879091469,132.09
2026-01-12 14:45:00+01:00,124.01813717325996,134.33
2026-01-12 15:00:00+01:00,104.52239099746991,135.99
2026-01-12 15:15:00+01:00,116.31072923254634,135.98
2026-01-12 15:30:00+01:00,130.5271446327407,126.92
2026-01-12 15:45:00+01:00,132.50856132253458,127.96
2026-01-12 16:00:00+01:00,112.9098303493601,108.53
2026-01-12 16:15:00+01:00,118.35717488531692,129.9
2026-01-12 16:30:00+01:00,126.57137069506675,121.52
2026-01-12 16:45:00+01:00,131.7390553113092,118.37
2026-01-12 17:00:00+01:00,127.27710973690061,123.0
2026-01-12 17:15:00+01:00,127.0280292883175,120.56
2026-01-12 17:30:00+01:00,123.59734928153797,117.01
2026-01-12 17:45:00+01:00,121.68043823388133,117.83
2026-01-12 18:00:00+01:00,125.9831063936202,124.81
2026-01-12 18:15:00+01:00,121.69487182677176,117.0
2026-01-12 18:30:00+01:00,119.56403312242816,107.19
2026-01-12 18:45:00+01:00,120.53808048233833,117.0
2026-01-12 19:00:00+01:00,120.65409933451389,105.0
2026-01-12 19:15:00+01:00,116.85236886341356,104.15
2026-01-12 19:30:00+01:00,114.35046239017943,102.54
2026-01-12 19:45:00+01:00,110.46193098191672,97.66
2026-01-12 20:00:00+01:00,117.12271323075215,102.72
2026-01-12 20:15:00+01:00,122.32801434890634,94.64
2026-01-12 20:30:00+01:00,104.06119714382581,90.1
2026-01-12 20:45:00+01:00,95.5483775162802,86.46
2026-01-12 21:00:00+01:00,106.68740092444868,96.09
2026-01-12 21:15:00+01:00,99.19539130844977,91.02
2026-01-12 21:30:00+01:00,100.5058453157585,87.81
2026-01-12 21:45:00+01:00,92.06101027920984,92.26
2026-01-12 22:00:00+01:00,101.38699534714227,95.35
2026-01-12 22:15:00+01:00,102.18004326823578,92.44
2026-01-12 22:30:00+01:00,93.92103191512722,90.19
2026-01-12 22:45:00+01:00,87.82867556473634,90.68
2026-01-12 23:00:00+01:00,94.92437408577753,90.45
2026-01-12 23:15:00+01:00,88.83339917829245,86.99
2026-01-12 23:30:00+01:00,83.77156023413157,85.0
2026-01-12 23:45:00+01:00,75.92115164616102,81.75
2026-01-13 00:00:00+01:00,92.21555422487951,87.46
2026-01-13 00:15:00+01:00,86.43328952924242,85.0
2026-01-13 00:30:00+01:00,83.96307303791329,83.1
2026-01-13 00:45:00+01:00,80.38950221586661,81.66
2026-01-13 01:00:00+01:00,84.7683912818017,84.96
2026-01-13 01:15:00+01:00,82.91909314936031,83.07
2026-01-13 01:30:00+01:00,83.00074719682006,82.22
2026-01-13 01:45:00+01:00,81.18891359706102,80.51
2026-01-13 02:00:00+01:00,83.51481900258177,83.51
2026-01-13 02:15:00+01:00,81.37395594944948,82.26
2026-01-13 02:30:00+01:00,81.40468288770926,82.36
2026-01-13 02:45:00+01:00,80.46180332841914,82.61
2026-01-13 03:00:00+01:00,82.24571465184702,83.45
2026-01-13 03:15:00+01:00,80.68712560813817,83.88
2026-01-13 03:30:00+01:00,81.34282510427012,84.57
2026-01-13 03:45:00+01:00,80.66300553722975,84.56
2026-01-13 04:00:00+01:00,80.36076273562615,84.6
2026-01-13 04:15:00+01:00,81.40881558430497,85.23
2026-01-13 04:30:00+01:00,83.34616263811273,85.87
2026-01-13 04:45:00+01:00,86.3716655481953,91.29
2026-01-13 05:00:00+01:00,80.7407401811879,84.95
2026-01-13 05:15:00+01:00,83.18604293836323,86.46
2026-01-13 05:30:00+01:00,92.91703148734224,90.0
2026-01-13 05:45:00+01:00,103.04272127077519,93.49
2026-01-13 06:00:00+01:00,85.5446747086057,86.5
2026-01-13 06:15:00+01:00,97.70117602115415,96.01
2026-01-13 06:30:00+01:00,110.46561518143773,98.47
2026-01-13 06:45:00+01:00,120.09032153896528,109.23
2026-01-13 07:00:00+01:00,114.21336023762493,95.13
2026-01-13 07:15:00+01:00,132.3455414291494,120.69
2026-01-13 07:30:00+01:00,147.12906463339428,122.05
2026-01-13 07:45:00+01:00,150.96867350190868,126.25
2026-01-13 08:00:00+01:00,148.7089509190302,122.05
2026-01-13 08:15:00+01:00,142.9779717249737,128.2
2026-01-13 08:30:00+01:00,153.16167649350695,138.95
2026-01-13 08:45:00+01:00,138.50540634000782,130.02
2026-01-13 09:00:00+01:00,151.14682977454734,141.13
2026-01-13 09:15:00+01:00,161.3133153678608,134.0
2026-01-13 09:30:00+01:00,141.38719010353003,129.93
2026-01-13 09:45:00+01:00,142.3073202472748,125.01
2026-01-13 10:00:00+01:00,134.20470677026645,153.99
2026-01-13 10:15:00+01:00,134.44357727228632,147.13
2026-01-13 10:30:00+01:00,138.97777862862233,137.68
2026-01-13 10:45:00+01:00,145.64663801070301,129.99
2026-01-13 11:00:00+01:00,140.23409588009014,125.0
2026-01-13 11:15:00+01:00,153.12319130815672,126.23
2026-01-13 11:30:00+01:00,151.83753913133614,125.0
2026-01-13 11:45:00+01:00,157.21608280397402,119.18
2026-01-13 12:00:00+01:00,157.89292673029047,122.07
2026-01-13 12:15:00+01:00,145.78771685008644,117.59
2026-01-13 12:30:00+01:00,154.39803026344097,115.98
2026-01-13 12:45:00+01:00,161.59005207921217,115.06
2026-01-13 13:00:00+01:00,172.66840379100222,117.43
2026-01-13 13:15:00+01:00,165.00142900266417,114.77
2026-01-13 13:30:00+01:00,166.82066046391253,111.33
2026-01-13 13:45:00+01:00,200.17431341944064,108.38
2026-01-13 14:00:00+01:00,211.05303835119173,119.24
2026-01-13 14:15:00+01:00,196.39044252081882,120.02
2026-01-13 14:30:00+01:00,186.43284163830856,122.29
2026-01-13 14:45:00+01:00,182.97552531463998,127.31
2026-01-13 15:00:00+01:00,187.23618405125524,112.98
2026-01-13 15:15:00+01:00,184.07700291098166,125.0
2026-01-13 15:30:00+01:00,183.5560508944355,122.0
2026-01-13 15:45:00+01:00,166.9339690563022,122.08
2026-01-13 16:00:00+01:00,166.2360912894098,113.87
2026-01-13 16:15:00+01:00,182.38718673906993,122.05
2026-01-13 16:30:00+01:00,170.50024728420408,122.04
2026-01-13 16:45:00+01:00,187.0840813274196,130.64
2026-01-13 17:00:00+01:00,186.20751978995781,122.05
2026-01-13 17:15:00+01:00,186.73224124506115,123.22
2026-01-13 17:30:00+01:00,179.9869627486514,122.04
2026-01-13 17:45:00+01:00,181.19306310678454,122.01
2026-01-13 18:00:00+01:00,180.18505704166535,120.31
2026-01-13 18:15:00+01:00,164.81326583676412,115.53
2026-01-13 18:30:00+01:00,165.0959061571714,110.41
2026-01-13 18:45:00+01:00,162.98878658784352,107.16
2026-01-13 19:00:00+01:00,171.28902848909377,113.21
2026-01-13 19:15:00+01:00,154.70222258854002,102.16
2026-01-13 19:30:00+01:00,141.37570068215157,92.15
2026-01-13 19:45:00+01:00,139.29928130382112,87.42
2026-01-13 20:00:00+01:00,139.37885922387926,100.85
2026-01-13 20:15:00+01:00,131.07308444066734,89.03
2026-01-13 20:30:00+01:00,117.96965539603775,87.82
2026-01-13 20:45:00+01:00,108.09933019628302,86.1
2026-01-13 21:00:00+01:00,126.23887168947542,96.72
2026-01-13 21:15:00+01:00,111.34076084539787,96.89
2026-01-13 21:30:00+01:00,104.56765129146393,90.11
2026-01-13 21:45:00+01:00,104.92537239923192,85.11
2026-01-13 22:00:00+01:00,114.84785860041372,92.43
2026-01-13 22:15:00+01:00,102.34954457337408,89.5
2026-01-13 22:30:00+01:00,104.3239888497385,91.25
2026-01-13 22:45:00+01:00,94.87409347284013,86.82
2026-01-13 23:00:00+01:00,100.22425510199511,92.94
2026-01-13 23:15:00+01:00,94.14471241733794,83.83
2026-01-13 23:30:00+01:00,86.9823648604549,79.91
2026-01-13 23:45:00+01:00,77.84066071873634,74.01
2026-01-14 00:00:00+01:00,85.3912342094481,89.4
2026-01-14 00:15:00+01:00,81.98710291820238,87.32
2026-01-14 00:30:00+01:00,77.42636222517298,82.96
2026-01-14 00:45:00+01:00,74.06193338540669,82.57
2026-01-14 01:00:00+01:00,81.07146367457416,84.93
2026-01-14 01:15:00+01:00,76.61222128700173,83.92
2026-01-14 01:30:00+01:00,75.38096114694198,84.53
2026-01-14 01:45:00+01:00,73.88356242225203,83.8
2026-01-14 02:00:00+01:00,77.1362073567767,86.48
2026-01-14 02:15:00+01:00,75.17549532501295,85.85
2026-01-14 02:30:00+01:00,73.6747786363017,85.9
2026-01-14 02:45:00+01:00,74.10494953801262,85.28
2026-01-14 03:00:00+01:00,74.02139623940629,86.01
2026-01-14 03:15:00+01:00,72.75054014942988,86.29
2026-01-14 03:30:00+01:00,74.20473717702968,86.15
2026-01-14 03:45:00+01:00,74.19971057146267,86.2
2026-01-14 04:00:00+01:00,72.27085696927367,85.47
2026-01-14 04:15:00+01:00,73.61844532646226,86.5
2026-01-14 04:30:00+01:00,79.97840342243182,88.24
2026-01-14 04:45:00+01:00,82.28042825088215,90.37
2026-01-14 05:00:00+01:00,74.11301015099751,89.67
2026-01-14 05:15:00+01:00,78.71800954946778,89.77
2026-01-14 05:30:00+01:00,84.11700510898923,89.62
2026-01-14 05:45:00+01:00,89.42605035996046,90.38
2026-01-14 06:00:00+01:00,83.60651541024914,87.64
2026-01-14 06:15:00+01:00,90.41145498248736,93.93
2026-01-14 06:30:00+01:00,98.29830376670202,97.23
2026-01-14 06:45:00+01:00,112.16386469117612,101.78
2026-01-14 07:00:00+01:00,95.75330805412541,95.59
2026-01-14 07:15:00+01:00,106.98737810843292,100.05
2026-01-14 07:30:00+01:00,116.69500221613305,104.6
2026-01-14 07:45:00+01:00,123.70277837233353,120.32
2026-01-14 08:00:00+01:00,122.75575993786526,121.72
2026-01-14 08:15:00+01:00,119.62169552220524,130.94
2026-01-14 08:30:00+01:00,124.85115450850185,131.71
2026-01-14 08:45:00+01:00,120.21056624537785,131.46
2026-01-14 09:00:00+01:00,135.13055639246133,143.02
2026-01-14 09:15:00+01:00,129.6133709423247,137.45
2026-01-14 09:30:00+01:00,134.2733566349492,128.26
2026-01-14 09:45:00+01:00,141.12143506943823,119.4
2026-01-14 10:00:00+01:00,135.4212332703677,125.43
2026-01-14 10:15:00+01:00,137.8432497080491,117.41
2026-01-14 10:30:00+01:00,135.2798158213662,112.3
2026-01-14 10:45:00+01:00,152.92701277524057,110.67
2026-01-14 11:00:00+01:00,139.47381062639428,111.85
2026-01-14 11:15:00+01:00,145.04425137788158,109.05
2026-01-14 11:30:00+01:00,151.90613773250365,105.4
2026-01-14 11:45:00+01:00,149.8282966433816,103.83
2026-01-14 12:00:00+01:00,139.7456128353486,104.67
2026-01-14 12:15:00+01:00,140.45502905112176,102.86
2026-01-14 12:30:00+01:00,147.25363417789987,103.61
2026-01-14 12:45:00+01:00,126.06838716639199,102.76
2026-01-14 13:00:00+01:00,126.43099287512166,102.74
2026-01-14 13:15:00+01:00,125.53912335986415,101.9
2026-01-14 13:30:00+01:00,129.05078375517888,103.02
2026-01-14 13:45:00+01:00,130.81066989273228,106.74
2026-01-14 14:00:00+01:00,115.97450178818036,102.77
2026-01-14 14:15:00+01:00,125.5547725057225,110.01
2026-01-14 14:30:00+01:00,135.12836250656272,124.72
2026-01-14 14:45:00+01:00,142.3164319086544,135.37
2026-01-14 15:00:00+01:00,126.69938056263352,120.46
2026-01-14 15:15:00+01:00,140.61193272473633,131.0
2026-01-14 15:30:00+01:00,158.47487784965296,161.89
2026-01-14 15:45:00+01:00,164.51366709233008,165.17
2026-01-14 16:00:00+01:00,140.51214830926696,112.43
2026-01-14 16:15:00+01:00,144.27301421330867,132.52
2026-01-14 16:30:00+01:00,167.32860143076368,158.21
2026-01-14 16:45:00+01:00,183.33598885884584,208.27
2026-01-14 17:00:00+01:00,157.5967811035956,164.99
2026-01-14 17:15:00+01:00,163.91318528952468,203.99
2026-01-14 17:30:00+01:00,161.39484714106203,224.16
2026-01-14 17:45:00+01:00,159.8732901287047,206.95
2026-01-14 18:00:00+01:00,161.60289435520573,190.89
2026-01-14 18:15:00+01:00,147.56700994936918,181.04
2026-01-14 18:30:00+01:00,146.92060793266066,175.45
2026-01-14 18:45:00+01:00,148.03487136332723,182.04
2026-01-14 19:00:00+01:00,156.8779827652614,189.65
2026-01-14 19:15:00+01:00,142.46890336968954,161.35
2026-01-14 19:30:00+01:00,136.07496341924968,147.38
2026-01-14 19:45:00+01:00,122.51591756792637,136.69
2026-01-14 20:00:00+01:00,139.0528966791834,152.32
2026-01-14 20:15:00+01:00,130.24694812640536,136.0
2026-01-14 20:30:00+01:00,116.07178385908648,129.16
2026-01-14 20:45:00+01:00,106.89434185986914,118.56
2026-01-14 21:00:00+01:00,120.24927252978145,139.99
2026-01-14 21:15:00+01:00,111.93565459526137,132.0
2026-01-14 21:30:00+01:00,102.82598577825145,112.38
2026-01-14 21:45:00+01:00,95.03077592961209,102.78
2026-01-14 22:00:00+01:00,107.31634585103394,125.7
2026-01-14 22:15:00+01:00,102.23559262515742,129.22
2026-01-14 22:30:00+01:00,101.43146417007858,102.53
2026-01-14 22:45:00+01:00,96.53660936038189,98.0
2026-01-14 23:00:00+01:00,100.12663935519541,106.33
2026-01-14 23:15:00+01:00,92.37030024259047,98.2
2026-01-14 23:30:00+01:00,85.6498399286956,94.07
2026-01-14 23:45:00+01:00,83.25756692967823,89.75
2026-01-15 00:00:00+01:00,97.68169327988223,110.34
2026-01-15 00:15:00+01:00,93.2799972867756,103.51
2026-01-15 00:30:00+01:00,91.51676651692583,95.77
2026-01-15 00:45:00+01:00,88.67213149852745,92.84
2026-01-15 01:00:00+01:00,92.36134020396959,98.48
2026-01-15 01:15:00+01:00,89.9911491734058,95.02
2026-01-15 01:30:00+01:00,89.57533015474769,92.65
2026-01-15 01:45:00+01:00,87.39421666545789,90.04
2026-01-15 02:00:00+01:00,88.73722325202144,94.23
2026-01-15 02:15:00+01:00,85.83849819813337,89.63
2026-01-15 02:30:00+01:00,84.44604007599949,87.0
2026-01-15 02:45:00+01:00,83.31372786190465,86.5
2026-01-15 03:00:00+01:00,87.14137347585049,86.56
2026-01-15 03:15:00+01:00,85.8355797867648,85.7
2026-01-15 03:30:00+01:00,84.89509212268331,84.5
2026-01-15 03:45:00+01:00,83.71563385417375,82.47
2026-01-15 04:00:00+01:00,82.30122343275671,82.52
2026-01-15 04:15:00+01:00,82.67072171000491,82.36
2026-01-15 04:30:00+01:00,80.97609489861307,82.77
2026-01-15 04:45:00+01:00,85.70939167475278,84.07
2026-01-15 05:00:00+01:00,81.38283879954646,84.0
2026-01-15 05:15:00+01:00,79.93308513909874,84.0
2026-01-15 05:30:00+01:00,92.13767075670965,86.51
2026-01-15 05:45:00+01:00,95.15854860757914,89.49
2026-01-15 06:00:00+01:00,88.94091400924714,93.61
2026-01-15 06:15:00+01:00,101.07593757665137,96.5
2026-01-15 06:30:00+01:00,111.3716454985453,97.97
2026-01-15 06:45:00+01:00,132.81231447825758,104.73
2026-01-15 07:00:00+01:00,117.3483104483276,100.71
2026-01-15 07:15:00+01:00,138.36500622999503,103.24
2026-01-15 07:30:00+01:00,143.9053372921959,105.79
2026-01-15 07:45:00+01:00,144.1898366474466,110.72
2026-01-15 08:00:00+01:00,151.54569491983807,105.0
2026-01-15 08:15:00+01:00,152.1639805622393,107.74
2026-01-15 08:30:00+01:00,154.56983031678666,105.0
2026-01-15 08:45:00+01:00,149.3588861275272,102.16
2026-01-15 09:00:00+01:00,151.22207198121822,106.77
2026-01-15 09:15:00+01:00,169.47920476623,103.21
2026-01-15 09:30:00+01:00,150.3663605805276,99.68
2026-01-15 09:45:00+01:00,125.86553509440769,96.0
2026-01-15 10:00:00+01:00,134.68640351207088,107.29
2026-01-15 10:15:00+01:00,115.04906037906787,101.74
2026-01-15 10:30:00+01:00,125.41002252240176,97.51
2026-01-15 10:45:00+01:00,120.61898704075645,95.06
2026-01-15 11:00:00+01:00,122.2563356691404,101.67
2026-01-15 11:15:00+01:00,125.8895539473476,98.28
2026-01-15 11:30:00+01:00,109.9331951017287,96.51
2026-01-15 11:45:00+01:00,108.75165878716595,94.99
2026-01-15 12:00:00+01:00,124.7121117704302,96.51
2026-01-15 12:15:00+01:00,110.51266565494467,93.97
2026-01-15 12:30:00+01:00,109.22029487466,94.15
2026-01-15 12:45:00+01:00,111.30005727980561,96.5
2026-01-15 13:00:00+01:00,115.1803047687089,98.44
2026-01-15 13:15:00+01:00,109.16246799937181,100.14
2026-01-15 13:30:00+01:00,113.11609391660835,101.68
2026-01-15 13:45:00+01:00,129.23549051686294,102.2
2026-01-15 14:00:00+01:00,132.24662712603717,101.4
2026-01-15 14:15:00+01:00,126.71430288500974,105.0
2026-01-15 14:30:00+01:00,142.45438955987925,104.19
2026-01-15 14:45:00+01:00,146.53504723012907,111.99
2026-01-15 15:00:00+01:00,134.11027936470407,103.21
2026-01-15 15:15:00+01:00,142.2669354112224,120.08
2026-01-15 15:30:00+01:00,148.05828984469642,127.09
2026-01-15 15:45:00+01:00,153.3364386811545,142.0
2026-01-15 16:00:00+01:00,139.89084181638955,124.09
2026-01-15 16:15:00+01:00,143.1679824817486,134.66
2026-01-15 16:30:00+01:00,149.09264874013687,138.34
2026-01-15 16:45:00+01:00,156.68795348834954,144.4
2026-01-15 17:00:00+01:00,145.9895163249108,151.18
2026-01-15 17:15:00+01:00,147.9627714123569,154.92
2026-01-15 17:30:00+01:00,149.04917828485665,143.88
2026-01-15 17:45:00+01:00,150.10107961492182,132.0
2026-01-15 18:00:00+01:00,143.49246522758708,133.49
2026-01-15 18:15:00+01:00,136.56024611331173,116.49
2026-01-15 18:30:00+01:00,130.92419195502924,117.52
2026-01-15 18:45:00+01:00,125.01035566900393,111.48
2026-01-15 19:00:00+01:00,136.67913603251841,112.21
2026-01-15 19:15:00+01:00,121.23454164461168,104.08
2026-01-15 19:30:00+01:00,109.24985074489005,103.3
2026-01-15 19:45:00+01:00,96.77754905873644,102.38
2026-01-15 20:00:00+01:00,115.18649061747902,101.1
2026-01-15 20:15:00+01:00,101.36457391569775,100.15
2026-01-15 20:30:00+01:00,93.68415944018292,97.87
2026-01-15 20:45:00+01:00,88.41441258507835,93.52
2026-01-15 21:00:00+01:00,103.86618950066793,93.36
2026-01-15 21:15:00+01:00,96.1791292860195,90.49
2026-01-15 21:30:00+01:00,87.45923696679834,90.08
2026-01-15 21:45:00+01:00,85.73151837102928,90.05
2026-01-15 22:00:00+01:00,97.90623478015587,94.12
2026-01-15 22:15:00+01:00,88.68301370474084,88.99
2026-01-15 22:30:00+01:00,86.49745755512095,87.74
2026-01-15 22:45:00+01:00,83.7418797301432,82.72
2026-01-15 23:00:00+01:00,91.64024812497348,90.0
2026-01-15 23:15:00+01:00,82.75121504446712,84.12
2026-01-15 23:30:00+01:00,75.48947755726385,81.9
2026-01-15 23:45:00+01:00,66.92827257101794,68.6
2026-01-16 00:00:00+01:00,83.49704699053618,89.62
2026-01-16 00:15:00+01:00,79.63590395744247,83.6
2026-01-16 00:30:00+01:00,75.77143746085777,76.33
2026-01-16 00:45:00+01:00,75.70013626142774,74.65
2026-01-16 01:00:00+01:00,80.85952338651538,78.99
2026-01-16 01:15:00+01:00,77.6763903970775,75.16
2026-01-16 01:30:00+01:00,74.74071280249359,74.2
2026-01-16 01:45:00+01:00,73.15997178122048,71.65
2026-01-16 02:00:00+01:00,77.91623415904557,72.88
2026-01-16 02:15:00+01:00,75.71653693484112,72.14
2026-01-16 02:30:00+01:00,72.13763144811368,69.1
2026-01-16 02:45:00+01:00,70.51539489664981,68.17
2026-01-16 03:00:00+01:00,71.87869555315524,67.46
2026-01-16 03:15:00+01:00,71.66912415238156,66.76
2026-01-16 03:30:00+01:00,72.15692088047287,67.11
2026-01-16 03:45:00+01:00,70.27885796755486,67.59
2026-01-16 04:00:00+01:00,70.7100656860636,68.91
2026-01-16 04:15:00+01:00,70.83796914504144,69.07
2026-01-16 04:30:00+01:00,73.56565908760705,71.5
2026-01-16 04:45:00+01:00,75.78101190910155,76.04
2026-01-16 05:00:00+01:00,69.56499064852363,75.54
2026-01-16 05:15:00+01:00,73.21317418503634,79.25
2026-01-16 05:30:00+01:00,77.21133007224323,83.48
2026-01-16 05:45:00+01:00,83.17326729289799,89.93
2026-01-16 06:00:00+01:00,75.44919593042833,82.21
2026-01-16 06:15:00+01:00,85.03019215823171,88.04
2026-01-16 06:30:00+01:00,90.08445687613123,93.48
2026-01-16 06:45:00+01:00,97.9559387488634,99.16
2026-01-16 07:00:00+01:00,88.4992032591269,94.39
2026-01-16 07:15:00+01:00,97.77282594927887,99.09
2026-01-16 07:30:00+01:00,107.28279296526827,96.5
2026-01-16 07:45:00+01:00,115.71096735953711,104.42
2026-01-16 08:00:00+01:00,117.80450166924462,103.25
2026-01-16 08:15:00+01:00,118.88860096565537,115.78
2026-01-16 08:30:00+01:00,116.2249324401289,113.0
2026-01-16 08:45:00+01:00,110.15363563699572,105.2
2026-01-16 09:00:00+01:00,120.47359592322346,119.03
2026-01-16 09:15:00+01:00,120.90828984646656,113.07
2026-01-16 09:30:00+01:00,119.13648598632636,104.78
2026-01-16 09:45:00+01:00,105.81727504631274,98.83
2026-01-16 10:00:00+01:00,118.6133561049437,108.82
2026-01-16 10:15:00+01:00,112.91333160730045,103.8
2026-01-16 10:30:00+01:00,112.76696236514438,99.61
2026-01-16 10:45:00+01:00,117.22413185855078,99.88
2026-01-16 11:00:00+01:00,110.46747530466118,102.19
2026-01-16 11:15:00+01:00,116.70742310333037,98.99
2026-01-16 11:30:00+01:00,128.83148046867632,98.06
2026-01-16 11:45:00+01:00,124.04397755636614,99.91
2026-01-16 12:00:00+01:00,113.97542398699858,97.13
2026-01-16 12:15:00+01:00,113.22581618724091,98.42
2026-01-16 12:30:00+01:00,133.96983824182382,98.7
2026-01-16 12:45:00+01:00,132.46406327853416,102.54
2026-01-16 13:00:00+01:00,106.10185241205936,95.81
2026-01-16 13:15:00+01:00,121.98108036437168,98.35
2026-01-16 13:30:00+01:00,113.1618106074612,100.68
2026-01-16 13:45:00+01:00,127.00865886660065,102.41
2026-01-16 14:00:00+01:00,108.25211932326567,101.54
2026-01-16 14:15:00+01:00,122.19074297313416,110.31
2026-01-16 14:30:00+01:00,141.17155481990264,114.93
2026-01-16 14:45:00+01:00,144.7271804974078,126.02
2026-01-16 15:00:00+01:00,132.9761023606249,116.08
2026-01-16 15:15:00+01:00,139.6709726127935,136.5
2026-01-16 15:30:00+01:00,152.3149123297103,146.98
2026-01-16 15:45:00+01:00,162.3741696985841,164.44
2026-01-16 16:00:00+01:00,134.94032268762078,129.99
2026-01-16 16:15:00+01:00,141.72257332938494,149.17
2026-01-16 16:30:00+01:00,148.42405058484138,161.59
2026-01-16 16:45:00+01:00,177.624960134126,209.97
2026-01-16 17:00:00+01:00,154.02882388572027,160.46
2026-01-16 17:15:00+01:00,160.58981512682442,177.17
2026-01-16 17:30:00+01:00,164.8379664276404,180.9
2026-01-16 17:45:00+01:00,167.1918794911257,162.77
2026-01-16 18:00:00+01:00,158.01391224098373,168.02
2026-01-16 18:15:00+01:00,152.66433874131258,158.32
2026-01-16 18:30:00+01:00,150.29035329348946,163.1
2026-01-16 18:45:00+01:00,145.3516250409994,160.33
2026-01-16 19:00:00+01:00,160.7746869715291,165.06
2026-01-16 19:15:00+01:00,139.44096604740483,154.4
2026-01-16 19:30:00+01:00,129.75938361673605,149.94
2026-01-16 19:45:00+01:00,119.90195865206368,147.32
2026-01-16 20:00:00+01:00,138.4994923379371,142.6
2026-01-16 20:15:00+01:00,126.02810701350224,141.0
2026-01-16 20:30:00+01:00,123.49539323076385,135.35
2026-01-16 20:45:00+01:00,109.09551740461345,117.05
2026-01-16 21:00:00+01:00,125.29342376705559,124.97
2026-01-16 21:15:00+01:00,120.11070144147544,124.56
2026-01-16 21:30:00+01:00,108.85941236702072,115.62
2026-01-16 21:45:00+01:00,106.34252704851934,105.3
2026-01-16 22:00:00+01:00,121.71269173421074,125.76
2026-01-16 22:15:00+01:00,115.16730317376211,116.83
2026-01-16 22:30:00+01:00,103.95298477064065,117.0
2026-01-16 22:45:00+01:00,94.48392878573611,111.23
2026-01-16 23:00:00+01:00,102.85346043645333,119.66
2026-01-16 23:15:00+01:00,99.36249724827343,104.32
2026-01-16 23:30:00+01:00,90.5705441888905,98.09
2026-01-16 23:45:00+01:00,85.25344392141189,94.61
2026-01-17 00:00:00+01:00,103.70200702128385,117.99
2026-01-17 00:15:00+01:00,98.72415742476693,109.01
2026-01-17 00:30:00+01:00,96.6096675685121,98.0
2026-01-17 00:45:00+01:00,91.61120266836292,93.64
2026-01-17 01:00:00+01:00,99.28134796993211,107.96
2026-01-17 01:15:00+01:00,94.82316060188076,102.58
2026-01-17 01:30:00+01:00,91.92197779280116,98.62
2026-01-17 01:45:00+01:00,89.32277298123952,95.99
2026-01-17 02:00:00+01:00,92.45694351262534,102.23
2026-01-17 02:15:00+01:00,89.30996124101708,100.03
2026-01-17 02:30:00+01:00,89.06614550175337,96.46
2026-01-17 02:45:00+01:00,86.84616048680418,94.22
2026-01-17 03:00:00+01:00,89.20599503132549,95.34
2026-01-17 03:15:00+01:00,87.13182193775792,98.38
2026-01-17 03:30:00+01:00,86.31314754963448,95.24
2026-01-17 03:45:00+01:00,85.51324087393024,95.59
2026-01-17 04:00:00+01:00,86.79877100511348,95.3
2026-01-17 04:15:00+01:00,86.91936212558667,95.01
2026-01-17 04:30:00+01:00,87.32796555402068,95.07
2026-01-17 04:45:00+01:00,85.58678816838096,95.37
2026-01-17 05:00:00+01:00,84.51773812703054,95.3
2026-01-17 05:15:00+01:00,84.66717963572259,94.31
2026-01-17 05:30:00+01:00,88.87041896187863,95.94
2026-01-17 05:45:00+01:00,88.99333778461292,95.42
2026-01-17 06:00:00+01:00,87.39952540984399,97.87
2026-01-17 06:15:00+01:00,92.94551007859988,92.11
2026-01-17 06:30:00+01:00,94.9702249669566,96.47
2026-01-17 06:45:00+01:00,102.17984234782354,96.96
2026-01-17 07:00:00+01:00,98.49126012985501,94.18
2026-01-17 07:15:00+01:00,103.39906919573562,97.76
2026-01-17 07:30:00+01:00,109.2708017580176,99.88
2026-01-17 07:45:00+01:00,116.1619322422667,104.93
2026-01-17 08:00:00+01:00,116.12609633843941,95.98
2026-01-17 08:15:00+01:00,119.821423464114,106.85
2026-01-17 08:30:00+01:00,119.21097893669695,109.94
2026-01-17 08:45:00+01:00,118.69361523017638,111.11
2026-01-17 09:00:00+01:00,122.25107090335835,118.56
2026-01-17 09:15:00+01:00,120.13980289540993,120.86
2026-01-17 09:30:00+01:00,117.80382635369475,116.45
2026-01-17 09:45:00+01:00,110.23645958956769,110.75
2026-01-17 10:00:00+01:00,120.71949979082952,123.43
2026-01-17 10:15:00+01:00,108.35734120262258,116.03
2026-01-17 10:30:00+01:00,103.13276584614685,111.71
2026-01-17 10:45:00+01:00,101.2496542322818,109.23
2026-01-17 11:00:00+01:00,108.93067153886099,112.84
2026-01-17 11:15:00+01:00,110.01034598456161,112.11
2026-01-17 11:30:00+01:00,99.38747956583906,111.6
2026-01-17 11:45:00+01:00,96.72172562446383,109.88
2026-01-17 12:00:00+01:00,102.22508800393855,112.91
2026-01-17 12:15:00+01:00,102.23445669257589,110.99
2026-01-17 12:30:00+01:00,101.635474081571,112.92
2026-01-17 12:45:00+01:00,98.05764797995747,110.97
2026-01-17 13:00:00+01:00,98.06096141938575,109.9
2026-01-17 13:15:00+01:00,94.54235117587841,108.78
2026-01-17 13:30:00+01:00,100.04828176254048,107.9
2026-01-17 13:45:00+01:00,99.06858382876842,107.98
2026-01-17 14:00:00+01:00,96.47091608226049,107.81
2026-01-17 14:15:00+01:00,97.99414918452149,109.78
2026-01-17 14:30:00+01:00,103.81399394388302,113.77
2026-01-17 14:45:00+01:00,116.0006809323792,119.91
2026-01-17 15:00:00+01:00,100.26511217322191,115.01
2026-01-17 15:15:00+01:00,109.46141128040681,120.89
2026-01-17 15:30:00+01:00,124.6931505390328,126.62
2026-01-17 15:45:00+01:00,128.12395059429412,128.56
2026-01-17 16:00:00+01:00,113.77849778056648,127.1
2026-01-17 16:15:00+01:00,127.03572998233568,137.98
2026-01-17 16:30:00+01:00,129.00814318893302,138.86
2026-01-17 16:45:00+01:00,136.7075105003006,139.16
2026-01-17 17:00:00+01:00,126.72591564946738,137.3
2026-01-17 17:15:00+01:00,132.79490229326206,139.91
2026-01-17 17:30:00+01:00,128.62566415006702,140.94
2026-01-17 17:45:00+01:00,124.89429254119509,145.5
2026-01-17 18:00:00+01:00,132.62844644202983,140.49
2026-01-17 18:15:00+01:00,128.28981207878948,140.49
2026-01-17 18:30:00+01:00,122.17901880393192,145.61
2026-01-17 18:45:00+01:00,119.28246962311577,144.8
2026-01-17 19:00:00+01:00,127.89336873785528,141.8
2026-01-17 19:15:00+01:00,119.82370076984724,141.05
2026-01-17 19:30:00+01:00,112.00448682070203,140.14
2026-01-17 19:45:00+01:00,113.14794068648698,131.36
2026-01-17 20:00:00+01:00,118.30428801295803,136.66
2026-01-17 20:15:00+01:00,110.98398397896976,120.35
2026-01-17 20:30:00+01:00,106.38473137804718,118.19
2026-01-17 20:45:00+01:00,101.81426349391415,107.96
2026-01-17 21:00:00+01:00,110.79789567158525,116.81
2026-01-17 21:15:00+01:00,105.33889767991602,111.64
2026-01-17 21:30:00+01:00,98.26509912580997,103.76
2026-01-17 21:45:00+01:00,84.81014982494933,99.01
2026-01-17 22:00:00+01:00,100.1566196757847,108.97
2026-01-17 22:15:00+01:00,98.32587005404856,104.34
2026-01-17 22:30:00+01:00,89.62755880326763,109.96
2026-01-17 22:45:00+01:00,90.76253791419381,113.33
2026-01-17 23:00:00+01:00,101.20457503867695,115.99
2026-01-17 23:15:00+01:00,90.93126306327571,109.0
2026-01-17 23:30:00+01:00,84.49659692797192,104.13
2026-01-17 23:45:00+01:00,80.8927103488949,98.97
2026-01-18 00:00:00+01:00,106.6498664925232,115.24
2026-01-18 00:15:00+01:00,101.63911096782206,112.95
2026-01-18 00:30:00+01:00,97.72481559853573,108.67
2026-01-18 00:45:00+01:00,92.08909496922782,106.0
2026-01-18 01:00:00+01:00,101.95778377749329,112.99
2026-01-18 01:15:00+01:00,96.51136368778837,109.16
2026-01-18 01:30:00+01:00,94.95963685760225,107.09
2026-01-18 01:45:00+01:00,93.7817947566452,107.52
2026-01-18 02:00:00+01:00,94.47911572444667,111.23
2026-01-18 02:15:00+01:00,93.249197691765,109.17
2026-01-18 02:30:00+01:00,92.55809747834135,104.94
2026-01-18 02:45:00+01:00,88.15424998512962,104.22
2026-01-18 03:00:00+01:00,90.89310079364236,103.83
2026-01-18 03:15:00+01:00,90.79364066063962,103.0
2026-01-18 03:30:00+01:00,87.6652267498096,101.73
2026-01-18 03:45:00+01:00,86.61087185384211,101.6
2026-01-18 04:00:00+01:00,89.2338392807969,102.99
2026-01-18 04:15:00+01:00,87.4849819864957,102.62
2026-01-18 04:30:00+01:00,91.85435431021216,101.73
2026-01-18 04:45:00+01:00,91.11433871183715,101.6
2026-01-18 05:00:00+01:00,91.78481515579999,101.43
2026-01-18 05:15:00+01:00,91.59430089693268,101.6
2026-01-18 05:30:00+01:00,96.54933184836663,102.3
2026-01-18 05:45:00+01:00,92.1413854408042,102.99
2026-01-18 06:00:00+01:00,95.92346293957436,100.2
2026-01-18 06:15:00+01:00,93.68848752853305,101.22
2026-01-18 06:30:00+01:00,93.85001646003897,101.22
2026-01-18 06:45:00+01:00,99.90422971070262,101.56
2026-01-18 07:00:00+01:00,96.37071061854706,100.28
2026-01-18 07:15:00+01:00,96.94686317375077,99.32
2026-01-18 07:30:00+01:00,100.31403907273845,100.5
2026-01-18 07:45:00+01:00,105.01467131443022,102.32
2026-01-18 08:00:00+01:00,100.60929751177213,104.12
2026-01-18 08:15:00+01:00,108.88651036315163,105.57
2026-01-18 08:30:00+01:00,110.38819646378921,107.37
2026-01-18 08:45:00+01:00,111.73698448292468,105.66
2026-01-18 09:00:00+01:00,117.22142895823171,114.96
2026-01-18 09:15:00+01:00,115.07157380158793,106.96
2026-01-18 09:30:00+01:00,113.51969990233358,105.18
2026-01-18 09:45:00+01:00,118.5485817940835,102.59
2026-01-18 10:00:00+01:00,135.34365038371251,105.31
2026-01-18 10:15:00+01:00,118.69623708359194,103.2
2026-01-18 10:30:00+01:00,111.86915363959287,101.03
2026-01-18 10:45:00+01:00,107.93478732453565,98.1
2026-01-18 11:00:00+01:00,107.05626320016607,98.35
2026-01-18 11:15:00+01:00,109.54416626296177,99.72
2026-01-18 11:30:00+01:00,109.6527661408355,98.1
2026-01-18 11:45:00+01:00,105.528198052901,97.76
2026-01-18 12:00:00+01:00,108.9440181750225,98.0
2026-01-18 12:15:00+01:00,111.35823833563262,96.59
2026-01-18 12:30:00+01:00,109.75079996158425,96.53
2026-01-18 12:45:00+01:00,107.27942265119282,96.3
2026-01-18 13:00:00+01:00,99.96741726257889,96.13
2026-01-18 13:15:00+01:00,103.4027817669323,96.74
2026-01-18 13:30:00+01:00,101.50124177251817,97.2
2026-01-18 13:45:00+01:00,100.52582200480717,97.78
2026-01-18 14:00:00+01:00,105.69880194661481,98.0
2026-01-18 14:15:00+01:00,99.88887352637099,100.37
2026-01-18 14:30:00+01:00,102.46136907981284,102.17
2026-01-18 14:45:00+01:00,110.63838314721225,102.84
2026-01-18 15:00:00+01:00,97.98025696807753,101.46
2026-01-18 15:15:00+01:00,107.81771476316814,103.4
2026-01-18 15:30:00+01:00,121.7199129209163,105.43
2026-01-18 15:45:00+01:00,124.44776157427708,111.91
2026-01-18 16:00:00+01:00,115.24304911274614,106.1
2026-01-18 16:15:00+01:00,126.8816755276312,116.89
2026-01-18 16:30:00+01:00,129.4280072875719,117.15
2026-01-18 16:45:00+01:00,143.73932094571842,119.36
2026-01-18 17:00:00+01:00,133.14427004996642,117.67
2026-01-18 17:15:00+01:00,139.32933816191476,127.19
2026-01-18 17:30:00+01:00,141.16532112789156,134.47
2026-01-18 17:45:00+01:00,150.54645667018852,140.64
2026-01-18 18:00:00+01:00,142.74680299728936,139.09
2026-01-18 18:15:00+01:00,142.70154327160785,142.49
2026-01-18 18:30:00+01:00,140.59971617900462,146.2
2026-01-18 18:45:00+01:00,134.05851165029242,141.0
2026-01-18 19:00:00+01:00,139.19345928347832,144.22
2026-01-18 19:15:00+01:00,140.16692712031696,141.0
2026-01-18 19:30:00+01:00,132.9531382249395,136.37
2026-01-18 19:45:00+01:00,131.4289077038847,125.1
2026-01-18 20:00:00+01:00,129.6922297556307,125.16
2026-01-18 20:15:00+01:00,120.18002721506346,127.11
2026-01-18 20:30:00+01:00,124.23276846009881,125.43
2026-01-18 20:45:00+01:00,114.40945798286258,114.51
2026-01-18 21:00:00+01:00,110.90211991319381,120.9
2026-01-18 21:15:00+01:00,110.89110098297044,114.08
2026-01-18 21:30:00+01:00,110.10254829430082,106.01
2026-01-18 21:45:00+01:00,105.4779846448616,101.53
2026-01-18 22:00:00+01:00,106.37244544505381,121.3
2026-01-18 22:15:00+01:00,107.91737950839709,114.95
2026-01-18 22:30:00+01:00,110.23549467977082,113.03
2026-01-18 22:45:00+01:00,116.1618486674503,107.84
2026-01-18 23:00:00+01:00,108.88566951170066,110.0
2026-01-18 23:15:00+01:00,106.35423810214644,104.59
2026-01-18 23:30:00+01:00,111.2244485379026,100.33
2026-01-18 23:45:00+01:00,102.47342599544464,100.01
2026-01-19 00:00:00+01:00,103.15281854465823,104.8
2026-01-19 00:15:00+01:00,101.34438154233368,101.6
2026-01-19 00:30:00+01:00,98.29374290979105,99.92
2026-01-19 00:45:00+01:00,93.5849113776603,98.28
2026-01-19 01:00:00+01:00,100.59062717934872,100.2
2026-01-19 01:15:00+01:00,97.18536362358188,101.08
2026-01-19 01:30:00+01:00,97.15556178188115,100.89
2026-01-19 01:45:00+01:00,96.3023955862916,99.59
2026-01-19 02:00:00+01:00,98.57044991630144,102.12
2026-01-19 02:15:00+01:00,96.79190796889505,100.99
2026-01-19 02:30:00+01:00,96.03808061053071,100.21
2026-01-19 02:45:00+01:00,94.41479150557456,100.01
2026-01-19 03:00:00+01:00,95.44364692955807,100.48
2026-01-19 03:15:00+01:00,96.05985059560112,100.54
2026-01-19 03:30:00+01:00,93.52088096092757,100.21
2026-01-19 03:45:00+01:00,93.16610170844162,100.52
2026-01-19 04:00:00+01:00,94.44416152851608,99.45
2026-01-19 04:15:00+01:00,94.92702629888952,100.22
2026-01-19 04:30:00+01:00,93.4069076966081,100.52
2026-01-19 04:45:00+01:00,95.05972304347351,100.35
2026-01-19 05:00:00+01:00,94.1728865383652,97.7
2026-01-19 05:15:00+01:00,95.6725896985389,100.16
2026-01-19 05:30:00+01:00,103.55381665228133,101.05
2026-01-19 05:45:00+01:00,102.81221291470146,111.21
2026-01-19 06:00:00+01:00,103.73111477208937,108.04
2026-01-19 06:15:00+01:00,104.94157348113703,122.76
2026-01-19 06:30:00+01:00,105.61727989460017,130.57
2026-01-19 06:45:00+01:00,122.1891848871632,144.15
2026-01-19 07:00:00+01:00,117.22634113919301,142.29
2026-01-19 07:15:00+01:00,121.16506076572247,157.41
2026-01-19 07:30:00+01:00,126.40323056030465,171.84
2026-01-19 07:45:00+01:00,132.45999599139134,172.79
2026-01-19 08:00:00+01:00,134.25040090549535,177.34
2026-01-19 08:15:00+01:00,142.1070258399813,184.48
2026-01-19 08:30:00+01:00,135.9129076761537,177.11
2026-01-19 08:45:00+01:00,122.35399366901181,165.0
2026-01-19 09:00:00+01:00,135.41725938875706,190.2
2026-01-19 09:15:00+01:00,128.94909659837444,171.03
2026-01-19 09:30:00+01:00,115.97476866547474,151.85
2026-01-19 09:45:00+01:00,106.95008170880617,134.67
2026-01-19 10:00:00+01:00,122.92672444827829,156.81
2026-01-19 10:15:00+01:00,112.76267819619879,139.35
2026-01-19 10:30:00+01:00,108.0273986260549,128.13
2026-01-19 10:45:00+01:00,102.72445360656032,119.4
2026-01-19 11:00:00+01:00,101.3015486716378,126.08
2026-01-19 11:15:00+01:00,102.47242786234918,119.84
2026-01-19 11:30:00+01:00,102.97153596502747,119.07
2026-01-19 11:45:00+01:00,105.12948241846183,117.12
2026-01-19 12:00:00+01:00,108.68562833254825,118.08
2026-01-19 12:15:00+01:00,106.56426178901746,114.59
2026-01-19 12:30:00+01:00,103.50547424502419,117.46
2026-01-19 12:45:00+01:00,110.58667008849412,120.11
2026-01-19 13:00:00+01:00,106.00181619089824,119.0
2026-01-19 13:15:00+01:00,102.58819106443491,121.34
2026-01-19 13:30:00+01:00,111.81601383436552,125.91
2026-01-19 13:45:00+01:00,123.43406298805198,133.76
2026-01-19 14:00:00+01:00,124.51271710573121,120.68
2026-01-19 14:15:00+01:00,124.36540840000488,139.0
2026-01-19 14:30:00+01:00,134.77846772333766,147.67
2026-01-19 14:45:00+01:00,137.90188038581655,170.05
2026-01-19 15:00:00+01:00,127.59300981424312,135.0
2026-01-19 15:15:00+01:00,137.60509343274444,159.78
2026-01-19 15:30:00+01:00,151.88245691953287,176.26
2026-01-19 15:45:00+01:00,158.32397971339458,209.13
2026-01-19 16:00:00+01:00,135.04724956540952,168.3
2026-01-19 16:15:00+01:00,153.26573517532367,192.76
2026-01-19 16:30:00+01:00,163.0032099629868,206.93
2026-01-19 16:45:00+01:00,178.04874461617408,211.57
2026-01-19 17:00:00+01:00,150.21603249129979,192.34
2026-01-19 17:15:00+01:00,174.02753610764142,218.25
2026-01-19 17:30:00+01:00,178.82009556629055,216.31
2026-01-19 17:45:00+01:00,178.82152175452381,206.01
2026-01-19 18:00:00+01:00,176.65260598589478,209.99
2026-01-19 18:15:00+01:00,183.9879652038503,191.93
2026-01-19 18:30:00+01:00,182.21819046288783,198.83
2026-01-19 18:45:00+01:00,178.76553759341175,199.47
2026-01-19 19:00:00+01:00,185.71874295937022,192.93
2026-01-19 19:15:00+01:00,179.7184350195368,182.96
2026-01-19 19:30:00+01:00,161.45367272172717,177.63
2026-01-19 19:45:00+01:00,165.70043995742668,170.33
2026-01-19 20:00:00+01:00,161.44513311526367,166.52
2026-01-19 20:15:00+01:00,158.05087582655034,160.21
2026-01-19 20:30:00+01:00,155.8403018912644,158.35
2026-01-19 20:45:00+01:00,140.9833008144649,144.46
2026-01-19 21:00:00+01:00,144.6387657550425,141.01
2026-01-19 21:15:00+01:00,140.5332223538722,137.95
2026-01-19 21:30:00+01:00,129.8994017814844,134.72
2026-01-19 21:45:00+01:00,133.59275490489102,127.0
2026-01-19 22:00:00+01:00,137.4213636228577,131.46
2026-01-19 22:15:00+01:00,130.6259635908818,127.76
2026-01-19 22:30:00+01:00,139.43628282163698,126.47
2026-01-19 22:45:00+01:00,137.68724287219817,119.92
2026-01-19 23:00:00+01:00,137.84844292253183,122.64
2026-01-19 23:15:00+01:00,125.48408690769438,115.01
2026-01-19 23:30:00+01:00,122.42483980047837,107.94
2026-01-19 23:45:00+01:00,115.23089030337997,104.29
2026-01-20 00:00:00+01:00,111.8223486545491,114.06
2026-01-20 00:15:00+01:00,106.4183443946565,117.5
2026-01-20 00:30:00+01:00,104.54900083186273,115.14
2026-01-20 00:45:00+01:00,100.66352159847067,113.54
2026-01-20 01:00:00+01:00,107.53244872361358,115.04
2026-01-20 01:15:00+01:00,103.91171096556874,114.97
2026-01-20 01:30:00+01:00,105.99213797778492,114.9
2026-01-20 01:45:00+01:00,103.72268052726622,112.43
2026-01-20 02:00:00+01:00,104.83183144043372,110.04
2026-01-20 02:15:00+01:00,105.25842656616068,109.68
2026-01-20 02:30:00+01:00,106.62751781371729,110.76
2026-01-20 02:45:00+01:00,105.13062995984423,110.94
2026-01-20 03:00:00+01:00,103.30272821648273,108.91
2026-01-20 03:15:00+01:00,101.38393475243349,109.25
2026-01-20 03:30:00+01:00,98.89165218226998,109.9
2026-01-20 03:45:00+01:00,99.09817152469341,111.41
2026-01-20 04:00:00+01:00,100.38480509415336,108.91
2026-01-20 04:15:00+01:00,100.28313805948929,110.01
2026-01-20 04:30:00+01:00,104.60633181762098,115.52
2026-01-20 04:45:00+01:00,104.53796271616535,118.25
2026-01-20 05:00:00+01:00,100.59341624767534,122.43
2026-01-20 05:15:00+01:00,104.54942282150424,110.91
2026-01-20 05:30:00+01:00,115.23254937111182,128.61
2026-01-20 05:45:00+01:00,115.85064386216985,139.17
2026-01-20 06:00:00+01:00,119.21360087207081,126.45
2026-01-20 06:15:00+01:00,122.63029077554384,159.43
2026-01-20 06:30:00+01:00,134.23877768608935,191.71
2026-01-20 06:45:00+01:00,151.78840543791014,282.83
2026-01-20 07:00:00+01:00,144.93956916577682,176.09
2026-01-20 07:15:00+01:00,158.35112370778597,224.33
2026-01-20 07:30:00+01:00,168.597459285759,268.09
2026-01-20 07:45:00+01:00,173.01178522341112,295.0
2026-01-20 08:00:00+01:00,177.38950523373273,327.01
2026-01-20 08:15:00+01:00,189.12522846930585,302.01
2026-01-20 08:30:00+01:00,186.42705945638963,236.3
2026-01-20 08:45:00+01:00,173.1785578708792,185.82
2026-01-20 09:00:00+01:00,189.92752504440483,246.84
2026-01-20 09:15:00+01:00,180.26454609955084,194.13
2026-01-20 09:30:00+01:00,157.19514059390983,168.0
2026-01-20 09:45:00+01:00,159.98012646497,109.17
2026-01-20 10:00:00+01:00,172.3861803823631,168.57
2026-01-20 10:15:00+01:00,161.68622083864022,133.43
2026-01-20 10:30:00+01:00,155.78278722913487,121.3
2026-01-20 10:45:00+01:00,155.61245778255412,105.38
2026-01-20 11:00:00+01:00,148.1615356057701,119.0
2026-01-20 11:15:00+01:00,141.76560856543728,106.22
2026-01-20 11:30:00+01:00,154.20326780621605,104.36
2026-01-20 11:45:00+01:00,149.9473359313632,102.23
2026-01-20 12:00:00+01:00,143.57695619996326,104.35
2026-01-20 12:15:00+01:00,145.09723227509826,102.16
2026-01-20 12:30:00+01:00,147.34792017298727,103.02
2026-01-20 12:45:00+01:00,157.96012682159272,104.96
2026-01-20 13:00:00+01:00,142.7629933097001,104.59
2026-01-20 13:15:00+01:00,146.17134850499363,105.76
2026-01-20 13:30:00+01:00,156.1220436877836,105.33
2026-01-20 13:45:00+01:00,159.96063651211097,107.34
2026-01-20 14:00:00+01:00,153.49451580069416,106.18
2026-01-20 14:15:00+01:00,151.9429411095057,123.76
2026-01-20 14:30:00+01:00,171.23855708628315,149.45
2026-01-20 14:45:00+01:00,173.39082038844137,167.5
2026-01-20 15:00:00+01:00,150.29581826858941,136.08
2026-01-20 15:15:00+01:00,168.1624248324829,158.99
2026-01-20 15:30:00+01:00,183.82254973516808,204.43
2026-01-20 15:45:00+01:00,182.54214330210024,213.54
2026-01-20 16:00:00+01:00,176.87165108706216,202.99
2026-01-20 16:15:00+01:00,191.26084126191122,253.17
2026-01-20 16:30:00+01:00,196.6715484452007,291.93
2026-01-20 16:45:00+01:00,224.36202106921235,358.85
2026-01-20 17:00:00+01:00,196.9049176382154,242.97
2026-01-20 17:15:00+01:00,200.50943493741372,266.24
2026-01-20 17:30:00+01:00,208.5196954662925,260.7
2026-01-20 17:45:00+01:00,197.39534127804137,228.61
2026-01-20 18:00:00+01:00,200.30519379034087,221.52
2026-01-20 18:15:00+01:00,193.39511608053695,194.52
2026-01-20 18:30:00+01:00,193.16766426978367,181.95
2026-01-20 18:45:00+01:00,184.43591745037307,177.71
2026-01-20 19:00:00+01:00,197.75888286254536,208.81
2026-01-20 19:15:00+01:00,171.14157562635955,186.84
2026-01-20 19:30:00+01:00,189.48464092318332,171.5
2026-01-20 19:45:00+01:00,172.24975052850328,160.52
2026-01-20 20:00:00+01:00,163.3330639830633,182.37
2026-01-20 20:15:00+01:00,157.46056459780354,158.99
2026-01-20 20:30:00+01:00,149.13701570470846,144.99
2026-01-20 20:45:00+01:00,140.67902269968812,134.05
2026-01-20 21:00:00+01:00,158.1655579625982,163.73
2026-01-20 21:15:00+01:00,152.18358670573642,152.44
2026-01-20 21:30:00+01:00,150.60482843457476,132.43
2026-01-20 21:45:00+01:00,126.97453569229302,110.96
2026-01-20 22:00:00+01:00,129.67403009462495,131.99
2026-01-20 22:15:00+01:00,139.59458735520445,121.64
2026-01-20 22:30:00+01:00,153.77036828843228,110.09
2026-01-20 22:45:00+01:00,107.66776680312408,105.05
2026-01-20 23:00:00+01:00,128.41890191166348,116.14
2026-01-20 23:15:00+01:00,112.42664749223707,109.65
2026-01-20 23:30:00+01:00,105.34021029111005,107.42
2026-01-20 23:45:00+01:00,98.78874393276143,98.14
2026-01-21 00:00:00+01:00,106.71083681406321,99.93
2026-01-21 00:15:00+01:00,104.17683038221213,99.75
2026-01-21 00:30:00+01:00,100.67864584785563,102.13
2026-01-21 00:45:00+01:00,99.91879816753215,104.15
2026-01-21 01:00:00+01:00,103.15561374849844,104.56
2026-01-21 01:15:00+01:00,101.41163879175305,102.45
2026-01-21 01:30:00+01:00,100.03996171897819,101.02
2026-01-21 01:45:00+01:00,96.05105799452183,98.84
2026-01-21 02:00:00+01:00,97.60532173093114,98.66
2026-01-21 02:15:00+01:00,92.88336858071763,99.12
2026-01-21 02:30:00+01:00,95.83447686573274,98.56
2026-01-21 02:45:00+01:00,96.18050574027629,98.69
2026-01-21 03:00:00+01:00,97.49366547238273,104.42
2026-01-21 03:15:00+01:00,95.85593564038118,100.99
2026-01-21 03:30:00+01:00,94.89829505204133,100.01
2026-01-21 03:45:00+01:00,93.34155571762267,98.22
2026-01-21 04:00:00+01:00,94.80160708649615,100.48
2026-01-21 04:15:00+01:00,94.61606345477111,98.02
2026-01-21 04:30:00+01:00,96.48389938580257,98.02
2026-01-21 04:45:00+01:00,97.41493366729219,98.86
2026-01-21 05:00:00+01:00,96.61047506009632,96.54
2026-01-21 05:15:00+01:00,95.09669984173163,97.56
2026-01-21 05:30:00+01:00,102.69096415711196,101.07
2026-01-21 05:45:00+01:00,107.49637184534708,99.6
2026-01-21 06:00:00+01:00,101.22781164084927,105.76
2026-01-21 06:15:00+01:00,114.83907164156916,107.2
2026-01-21 06:30:00+01:00,125.15927501049256,110.95
2026-01-21 06:45:00+01:00,138.69455191976363,107.58
2026-01-21 07:00:00+01:00,130.34764179604835,144.66
2026-01-21 07:15:00+01:00,137.34695164869734,149.94
2026-01-21 07:30:00+01:00,143.96063075907682,166.12
2026-01-21 07:45:00+01:00,145.31331797331944,179.28
2026-01-21 08:00:00+01:00,154.39960455855856,185.77
2026-01-21 08:15:00+01:00,155.35202505398493,199.49
2026-01-21 08:30:00+01:00,151.64338067530255,170.76
2026-01-21 08:45:00+01:00,135.3661507824211,149.57
2026-01-21 09:00:00+01:00,148.63584698946386,161.78
2026-01-21 09:15:00+01:00,142.62128486065671,149.2
2026-01-21 09:30:00+01:00,129.36837016038714,137.69
2026-01-21 09:45:00+01:00,112.6389052752569,122.9
2026-01-21 10:00:00+01:00,127.90184959980854,146.19
2026-01-21 10:15:00+01:00,114.90109696917723,120.44
2026-01-21 10:30:00+01:00,113.17421934847012,106.27
2026-01-21 10:45:00+01:00,113.91859326091,100.3
2026-01-21 11:00:00+01:00,109.5887357914175,103.12
2026-01-21 11:15:00+01:00,110.54504442614792,101.54
2026-01-21 11:30:00+01:00,108.94472553923367,99.76
2026-01-21 11:45:00+01:00,112.97567329235615,99.55
2026-01-21 12:00:00+01:00,108.24641687130364,98.89
2026-01-21 12:15:00+01:00,108.34695517048603,98.9
2026-01-21 12:30:00+01:00,110.5261715409314,97.41
2026-01-21 12:45:00+01:00,117.81177438108715,101.32
2026-01-21 13:00:00+01:00,111.05893575887401,101.82
2026-01-21 13:15:00+01:00,112.88377693758709,102.37
2026-01-21 13:30:00+01:00,114.18007442252576,102.46
2026-01-21 13:45:00+01:00,120.2177164535089,107.25
2026-01-21 14:00:00+01:00,119.54655930915885,105.05
2026-01-21 14:15:00+01:00,125.8430066927779,105.37
2026-01-21 14:30:00+01:00,131.89534256362407,106.93
2026-01-21 14:45:00+01:00,131.39826942737562,117.14
2026-01-21 15:00:00+01:00,127.25585200050094,106.87
2026-01-21 15:15:00+01:00,137.85313832212128,122.93
2026-01-21 15:30:00+01:00,146.48058553946856,131.74
2026-01-21 15:45:00+01:00,145.11756789369508,146.17
2026-01-21 16:00:00+01:00,136.03901386526155,145.01
2026-01-21 16:15:00+01:00,149.69868201579965,146.13
2026-01-21 16:30:00+01:00,145.4585871410975,141.0
2026-01-21 16:45:00+01:00,155.4912949438276,148.0
2026-01-21 17:00:00+01:00,144.3123518219826,135.99
2026-01-21 17:15:00+01:00,151.95557674066004,142.9
2026-01-21 17:30:00+01:00,152.1290803413371,141.61
2026-01-21 17:45:00+01:00,156.01409993862083,135.94
2026-01-21 18:00:00+01:00,148.99131172984224,144.97
2026-01-21 18:15:00+01:00,142.2218364204485,142.59
2026-01-21 18:30:00+01:00,136.64002371831728,139.06
2026-01-21 18:45:00+01:00,143.5487330663803,129.01
2026-01-21 19:00:00+01:00,135.56702408281416,132.9
2026-01-21 19:15:00+01:00,129.08314680030549,141.33
2026-01-21 19:30:00+01:00,132.02971813205843,129.01
2026-01-21 19:45:00+01:00,132.05412862939045,108.08
2026-01-21 20:00:00+01:00,120.40482893603166,114.05
2026-01-21 20:15:00+01:00,115.14970083219409,103.22
2026-01-21 20:30:00+01:00,111.84320096482014,104.17
2026-01-21 20:45:00+01:00,108.96211154796502,100.35
2026-01-21 21:00:00+01:00,112.45198305243333,108.81
2026-01-21 21:15:00+01:00,114.42262585558743,102.46
2026-01-21 21:30:00+01:00,109.03123011627454,101.96
2026-01-21 21:45:00+01:00,96.41335145924074,96.53
2026-01-21 22:00:00+01:00,112.55805792437684,113.0
2026-01-21 22:15:00+01:00,108.06785428376985,106.29
2026-01-21 22:30:00+01:00,103.39624952431598,100.85
2026-01-21 22:45:00+01:00,96.97422096800764,98.9
2026-01-21 23:00:00+01:00,99.3073316535143,106.5
2026-01-21 23:15:00+01:00,96.24374583561334,98.89
2026-01-21 23:30:00+01:00,94.16329802296774,96.5
2026-01-21 23:45:00+01:00,83.23655415491113,95.61
2026-01-23 00:00:00+01:00,99.12461752860531,99.35
2026-01-23 00:15:00+01:00,96.23594306061514,97.69
2026-01-23 00:30:00+01:00,91.86476903175209,97.0
2026-01-23 00:45:00+01:00,88.62357326035114,97.51
2026-01-23 01:00:00+01:00,95.60333461116423,99.78
2026-01-23 01:15:00+01:00,91.34261041081446,96.62
2026-01-23 01:30:00+01:00,89.79311924114543,97.04
2026-01-23 01:45:00+01:00,87.23610539088007,95.54
2026-01-23 02:00:00+01:00,90.70552121229956,99.41
2026-01-23 02:15:00+01:00,86.93359438265665,94.92
2026-01-23 02:30:00+01:00,84.65050541731414,95.03
2026-01-23 02:45:00+01:00,84.06049654920696,94.43
2026-01-23 03:00:00+01:00,85.79702279366745,95.35
2026-01-23 03:15:00+01:00,84.95830844013938,95.3
2026-01-23 03:30:00+01:00,84.00623137798222,94.78
2026-01-23 03:45:00+01:00,83.24070543775547,94.58
2026-01-23 04:00:00+01:00,83.33801169040655,95.52
2026-01-23 04:15:00+01:00,82.88081826412308,95.1
2026-01-23 04:30:00+01:00,83.9349876598671,95.83
2026-01-23 04:45:00+01:00,86.14088880375886,96.04
2026-01-23 05:00:00+01:00,84.9745485095739,96.13
2026-01-23 05:15:00+01:00,84.90282913238455,97.21
2026-01-23 05:30:00+01:00,90.24944313754973,97.55
2026-01-23 05:45:00+01:00,94.38643486795846,97.1
2026-01-23 06:00:00+01:00,91.87909146896793,97.66
2026-01-23 06:15:00+01:00,95.12966697343317,104.27
2026-01-23 06:30:00+01:00,99.02420363105713,114.29
2026-01-23 06:45:00+01:00,106.6832905346975,116.57
2026-01-23 07:00:00+01:00,106.38725868039315,116.58
2026-01-23 07:15:00+01:00,109.36309071344692,136.98
2026-01-23 07:30:00+01:00,118.25278259663075,135.31
2026-01-23 07:45:00+01:00,122.12279331993366,143.13
2026-01-23 08:00:00+01:00,123.11498134999815,154.59
2026-01-23 08:15:00+01:00,123.24117522466001,160.4
2026-01-23 08:30:00+01:00,118.57482238287831,153.76
2026-01-23 08:45:00+01:00,113.60341227279969,143.0
2026-01-23 09:00:00+01:00,125.33256608834098,162.67
2026-01-23 09:15:00+01:00,118.52467049382514,149.84
2026-01-23 09:30:00+01:00,111.9878065491301,140.49
2026-01-23 09:45:00+01:00,104.75031253438692,116.95
2026-01-23 10:00:00+01:00,114.74040841908898,132.71
2026-01-23 10:15:00+01:00,106.19578644968462,116.55
2026-01-23 10:30:00+01:00,102.6354738269503,110.13
2026-01-23 10:45:00+01:00,98.93978080650714,102.12
2026-01-23 11:00:00+01:00,103.19467347690977,103.21
2026-01-23 11:15:00+01:00,101.70900597297745,100.02
2026-01-23 11:30:00+01:00,99.85486322131244,99.41
2026-01-23 11:45:00+01:00,97.11413508959963,97.87
2026-01-23 12:00:00+01:00,97.55345829056513,96.83
2026-01-23 12:15:00+01:00,96.21731103261352,95.78
2026-01-23 12:30:00+01:00,97.60792850562132,96.28
2026-01-23 12:45:00+01:00,96.15063156821219,95.96
2026-01-23 13:00:00+01:00,98.30668168566012,95.92
2026-01-23 13:15:00+01:00,96.81479982684915,95.65
2026-01-23 13:30:00+01:00,95.12601837111214,95.55
2026-01-23 13:45:00+01:00,100.52545519655398,95.92
2026-01-23 14:00:00+01:00,96.3071895790674,95.95
2026-01-23 14:15:00+01:00,100.87181201518706,96.53
2026-01-23 14:30:00+01:00,108.95043625714229,96.7
2026-01-23 14:45:00+01:00,110.41491073249566,99.14
2026-01-23 15:00:00+01:00,107.09717037538766,97.87
2026-01-23 15:15:00+01:00,113.894009988203,101.96
2026-01-23 15:30:00+01:00,122.92294922744458,112.46
2026-01-23 15:45:00+01:00,125.48515932217265,122.78
2026-01-23 16:00:00+01:00,117.15729037432256,111.25
2026-01-23 16:15:00+01:00,120.50973015639278,122.94
2026-01-23 16:30:00+01:00,124.59311841329713,128.14
2026-01-23 16:45:00+01:00,127.26903804220132,133.86
2026-01-23 17:00:00+01:00,116.56276014642413,132.17
2026-01-23 17:15:00+01:00,123.04506965053542,138.22
2026-01-23 17:30:00+01:00,124.25996326855878,137.53
2026-01-23 17:45:00+01:00,121.60554305445164,136.42
2026-01-23 18:00:00+01:00,122.37909228432483,132.0
2026-01-23 18:15:00+01:00,122.28309667405236,127.17
2026-01-23 18:30:00+01:00,116.84564205731637,124.78
2026-01-23 18:45:00+01:00,135.3360841975766,129.98
2026-01-23 19:00:00+01:00,115.81515034690521,125.38
2026-01-23 19:15:00+01:00,114.02052102943308,117.77
2026-01-23 19:30:00+01:00,122.30793921474616,114.16
2026-01-23 19:45:00+01:00,102.61610208230164,109.9
2026-01-23 20:00:00+01:00,107.41953926263614,113.04
2026-01-23 20:15:00+01:00,96.91879661526316,107.9
2026-01-23 20:30:00+01:00,102.32156360465527,105.26
2026-01-23 20:45:00+01:00,96.52404453745478,102.69
2026-01-23 21:00:00+01:00,101.75596562971975,108.73
2026-01-23 21:15:00+01:00,103.67409743975053,105.79
2026-01-23 21:30:00+01:00,104.14971067236586,102.25
2026-01-23 21:45:00+01:00,100.04955493987761,99.07
2026-01-23 22:00:00+01:00,108.25778804128927,105.79
2026-01-23 22:15:00+01:00,101.6090896251056,102.19
2026-01-23 22:30:00+01:00,103.46032425448644,106.89
2026-01-23 22:45:00+01:00,92.07089055609646,104.29
2026-01-23 23:00:00+01:00,98.90217624961313,99.13
2026-01-23 23:15:00+01:00,90.80522289104141,96.23
2026-01-23 23:30:00+01:00,98.54679348690799,97.32
2026-01-23 23:45:00+01:00,91.13546948677002,95.3
2026-01-24 00:00:00+01:00,103.66690067904528,104.19
2026-01-24 00:15:00+01:00,97.48959205057822,101.41
2026-01-24 00:30:00+01:00,94.47061131902022,98.9
2026-01-24 00:45:00+01:00,90.85360890573449,94.7
2026-01-24 01:00:00+01:00,98.11091059466271,103.08
2026-01-24 01:15:00+01:00,95.2925485323091,98.64
2026-01-24 01:30:00+01:00,95.66837954102024,97.5
2026-01-24 01:45:00+01:00,94.46561690816283,96.92
2026-01-24 02:00:00+01:00,96.06919281299474,97.64
2026-01-24 02:15:00+01:00,94.09201384279909,98.3
2026-01-24 02:30:00+01:00,92.89048576212603,98.87
2026-01-24 02:45:00+01:00,91.01566343515513,98.45
2026-01-24 03:00:00+01:00,93.42901871447857,97.36
2026-01-24 03:15:00+01:00,92.2461317726095,98.16
2026-01-24 03:30:00+01:00,91.63251130390458,97.79
2026-01-24 03:45:00+01:00,89.80406205919715,97.99
2026-01-24 04:00:00+01:00,91.80796878863572,98.34
2026-01-24 04:15:00+01:00,89.15848681234083,96.86
2026-01-24 04:30:00+01:00,89.49800614321163,97.49
2026-01-24 04:45:00+01:00,88.57696250073913,97.5
2026-01-24 05:00:00+01:00,95.07697667171331,97.86
2026-01-24 05:15:00+01:00,94.84613556689607,99.36
2026-01-24 05:30:00+01:00,91.74702256408378,98.51
2026-01-24 05:45:00+01:00,92.66973291889167,99.91
2026-01-24 06:00:00+01:00,98.08142817781626,97.5
2026-01-24 06:15:00+01:00,92.89537815360576,100.93
2026-01-24 06:30:00+01:00,95.01681672690052,101.09
2026-01-24 06:45:00+01:00,98.64701540229628,102.07
2026-01-24 07:00:00+01:00,95.47150088630846,102.67
2026-01-24 07:15:00+01:00,96.72490306687884,103.19
2026-01-24 07:30:00+01:00,101.22695370779692,104.42
2026-01-24 07:45:00+01:00,109.61987864158628,105.96
2026-01-24 08:00:00+01:00,104.04074118220878,109.24
2026-01-24 08:15:00+01:00,104.60491616575752,109.7
2026-01-24 08:30:00+01:00,108.43813426116091,112.15
2026-01-24 08:45:00+01:00,107.78889911267859,112.9
2026-01-24 09:00:00+01:00,115.39919713465481,124.9
2026-01-24 09:15:00+01:00,113.91408820215756,126.23
2026-01-24 09:30:00+01:00,110.04444869041168,121.17
2026-01-24 09:45:00+01:00,104.97780292373905,120.07
2026-01-24 10:00:00+01:00,111.94130268238334,135.3
2026-01-24 10:15:00+01:00,106.7908693912218,120.06
2026-01-24 10:30:00+01:00,105.45828765932448,115.22
2026-01-24 10:45:00+01:00,99.84470147433953,106.38
2026-01-24 11:00:00+01:00,104.4372937758785,114.77
2026-01-24 11:15:00+01:00,102.78626088206104,110.46
2026-01-24 11:30:00+01:00,98.50396414846702,109.7
2026-01-24 11:45:00+01:00,93.66493375325544,106.26
2026-01-24 12:00:00+01:00,98.81971961334773,108.21
2026-01-24 12:15:00+01:00,93.87654455897572,106.75
2026-01-24 12:30:00+01:00,94.1437279214789,106.3
2026-01-24 12:45:00+01:00,92.12707445412683,103.61
2026-01-24 13:00:00+01:00,96.59958993347111,103.0
2026-01-24 13:15:00+01:00,92.08691074605177,101.6
2026-01-24 13:30:00+01:00,91.91909510982961,101.59
2026-01-24 13:45:00+01:00,98.51559962296751,101.3
2026-01-24 14:00:00+01:00,92.93775856675688,102.3
2026-01-24 14:15:00+01:00,96.81746949096058,103.25
2026-01-24 14:30:00+01:00,106.94079589135974,105.54
2026-01-24 14:45:00+01:00,113.82413083584048,109.39
2026-01-24 15:00:00+01:00,102.40719410040974,104.22
2026-01-24 15:15:00+01:00,112.45485877082197,112.02
2026-01-24 15:30:00+01:00,121.83095113432178,125.55
2026-01-24 15:45:00+01:00,129.42772563166264,131.12
2026-01-24 16:00:00+01:00,115.71757929586009,118.39
2026-01-24 16:15:00+01:00,121.56483157146742,126.95
2026-01-24 16:30:00+01:00,131.91478765174702,141.47
2026-01-24 16:45:00+01:00,141.5003340037161,140.81
2026-01-24 17:00:00+01:00,145.08014400443852,141.21
2026-01-24 17:15:00+01:00,160.46095120238468,147.9
2026-01-24 17:30:00+01:00,136.6647705968168,148.95
2026-01-24 17:45:00+01:00,135.49815309180417,148.83
2026-01-24 18:00:00+01:00,135.88294916117508,146.17
2026-01-24 18:15:00+01:00,134.47338433195569,146.25
2026-01-24 18:30:00+01:00,131.1121660968045,140.59
2026-01-24 18:45:00+01:00,155.0259171984621,133.98
2026-01-24 19:00:00+01:00,131.01604904448314,139.18
2026-01-24 19:15:00+01:00,126.51919730330637,134.99
2026-01-24 19:30:00+01:00,139.5710164348681,130.13
2026-01-24 19:45:00+01:00,124.08743467557227,123.43
2026-01-24 20:00:00+01:00,119.73390039285667,129.56
2026-01-24 20:15:00+01:00,113.52382539817187,122.23
2026-01-24 20:30:00+01:00,118.30807680855877,113.34
2026-01-24 20:45:00+01:00,116.72800273502477,109.56
2026-01-24 21:00:00+01:00,111.75208700502371,112.76
2026-01-24 21:15:00+01:00,116.33626335282426,112.15
2026-01-24 21:30:00+01:00,116.70024681424889,109.92
2026-01-24 21:45:00+01:00,115.03084256312533,107.32
2026-01-24 22:00:00+01:00,115.41701227873332,111.79
2026-01-24 22:15:00+01:00,116.59343201575851,108.3
2026-01-24 22:30:00+01:00,114.5621369437595,112.12
2026-01-24 22:45:00+01:00,107.45331885268308,109.03
2026-01-24 23:00:00+01:00,104.99347755568941,107.98
2026-01-24 23:15:00+01:00,101.47881200479245,104.22
2026-01-24 23:30:00+01:00,99.14982673943997,103.47
2026-01-24 23:45:00+01:00,97.75700760816949,100.93
2026-01-25 00:00:00+01:00,105.8155630015435,101.5
2026-01-25 00:15:00+01:00,103.09700356463335,102.31
2026-01-25 00:30:00+01:00,100.1054406497723,101.59
2026-01-25 00:45:00+01:00,96.31122453918526,100.37
2026-01-25 01:00:00+01:00,103.99937035462747,102.21
2026-01-25 01:15:00+01:00,99.5135509533811,101.59
2026-01-25 01:30:00+01:00,98.57276038234676,102.07
2026-01-25 01:45:00+01:00,96.58207780121667,101.16
2026-01-25 02:00:00+01:00,100.17083091109117,102.03
2026-01-25 02:15:00+01:00,95.72064453967248,100.97
2026-01-25 02:30:00+01:00,95.01656681973151,100.94
2026-01-25 02:45:00+01:00,93.7034820579787,101.32
2026-01-25 03:00:00+01:00,95.76973159834391,102.02
2026-01-25 03:15:00+01:00,95.68473958979966,101.6
2026-01-25 03:30:00+01:00,95.82480079074564,102.71
2026-01-25 03:45:00+01:00,94.85731641722127,100.75
2026-01-25 04:00:00+01:00,95.73880322382374,101.19
2026-01-25 04:15:00+01:00,95.5227173384508,100.69
2026-01-25 04:30:00+01:00,95.87597653314994,100.88
2026-01-25 04:45:00+01:00,95.70266887230872,100.69
2026-01-25 05:00:00+01:00,96.25930313135039,98.99
2026-01-25 05:15:00+01:00,95.35695679766116,101.59
2026-01-25 05:30:00+01:00,98.8405261874513,100.84
2026-01-25 05:45:00+01:00,99.10173987094973,100.63
2026-01-25 06:00:00+01:00,96.4306964253418,99.29
2026-01-25 06:15:00+01:00,97.71271142619945,100.09
2026-01-25 06:30:00+01:00,99.39656156018233,100.3
2026-01-25 06:45:00+01:00,100.17851098250304,100.18
2026-01-25 07:00:00+01:00,98.31047238208902,100.05
2026-01-25 07:15:00+01:00,98.68330377432196,101.01
2026-01-25 07:30:00+01:00,100.16495017670923,103.43
2026-01-25 07:45:00+01:00,106.11249789650272,103.75
2026-01-25 08:00:00+01:00,105.0029506739528,101.59
2026-01-25 08:15:00+01:00,106.28692728415871,103.19
2026-01-25 08:30:00+01:00,108.09885416968639,104.98
2026-01-25 08:45:00+01:00,108.93142020300934,105.27
2026-01-25 09:00:00+01:00,115.19948425410992,109.07
2026-01-25 09:15:00+01:00,114.02378020745849,108.93
2026-01-25 09:30:00+01:00,109.64416773200907,109.75
2026-01-25 09:45:00+01:00,103.98179331933166,107.8
2026-01-25 10:00:00+01:00,114.55432672991267,112.77
2026-01-25 10:15:00+01:00,112.40025370639539,114.77
2026-01-25 10:30:00+01:00,105.27049381569816,112.3
2026-01-25 10:45:00+01:00,99.35993394567119,112.93
2026-01-25 11:00:00+01:00,108.95010936448529,117.41
2026-01-25 11:15:00+01:00,107.95246441942194,116.57
2026-01-25 11:30:00+01:00,104.96045687931118,116.59
2026-01-25 11:45:00+01:00,99.01827888537159,113.5
2026-01-25 12:00:00+01:00,104.19658444162496,123.74
2026-01-25 12:15:00+01:00,100.6353026910289,119.86
2026-01-25 12:30:00+01:00,99.8281963201516,120.09
2026-01-25 12:45:00+01:00,99.00761672279867,116.43
2026-01-25 13:00:00+01:00,98.21723094560417,119.87
2026-01-25 13:15:00+01:00,94.91021082190233,116.8
2026-01-25 13:30:00+01:00,97.04743835564395,114.65
2026-01-25 13:45:00+01:00,99.34366525679854,113.11
2026-01-25 14:00:00+01:00,101.5396368477361,112.9
2026-01-25 14:15:00+01:00,103.21819096409867,112.9
2026-01-25 14:30:00+01:00,102.8866401120475,114.42
2026-01-25 14:45:00+01:00,108.32431356788618,117.04
2026-01-25 15:00:00+01:00,98.31580778802928,107.6
2026-01-25 15:15:00+01:00,106.07172516867183,109.3
2026-01-25 15:30:00+01:00,113.45413135692937,113.27
2026-01-25 15:45:00+01:00,116.58771709153747,116.84
2026-01-25 16:00:00+01:00,114.0878777938546,107.79
2026-01-25 16:15:00+01:00,119.72967666031604,111.73
2026-01-25 16:30:00+01:00,124.72231893897869,120.38
2026-01-25 16:45:00+01:00,123.41905521655475,127.7
2026-01-25 17:00:00+01:00,117.5040819793957,123.99
2026-01-25 17:15:00+01:00,121.60959348296801,132.91
2026-01-25 17:30:00+01:00,122.53379275115827,133.37
2026-01-25 17:45:00+01:00,121.56412185937242,134.58
2026-01-25 18:00:00+01:00,121.88352276353994,138.83
2026-01-25 18:15:00+01:00,121.6915641413417,139.33
2026-01-25 18:30:00+01:00,117.50509848670968,137.97
2026-01-25 18:45:00+01:00,116.86980927663471,133.37
2026-01-25 19:00:00+01:00,120.1121437766215,136.74
2026-01-25 19:15:00+01:00,114.59313266941179,133.13
2026-01-25 19:30:00+01:00,105.43059301718154,130.77
2026-01-25 19:45:00+01:00,106.9671708867023,129.66
2026-01-25 20:00:00+01:00,112.42001629817719,132.65
2026-01-25 20:15:00+01:00,103.6723785786357,129.26
2026-01-25 20:30:00+01:00,99.46293479350939,120.89
2026-01-25 20:45:00+01:00,97.04175566933077,113.27
2026-01-25 21:00:00+01:00,101.70746228627452,120.37
2026-01-25 21:15:00+01:00,96.81999748198149,116.53
2026-01-25 21:30:00+01:00,93.4373558595951,111.85
2026-01-25 21:45:00+01:00,83.43093060769824,107.34
2026-01-25 22:00:00+01:00,100.03575867592667,119.05
2026-01-25 22:15:00+01:00,93.34206619826877,112.79
2026-01-25 22:30:00+01:00,95.64799424510576,109.47
2026-01-25 22:45:00+01:00,96.37799188438915,106.46
2026-01-25 23:00:00+01:00,98.41288129670934,108.3
2026-01-25 23:15:00+01:00,94.55518390533105,104.76
2026-01-25 23:30:00+01:00,93.53396688385023,102.74
2026-01-25 23:45:00+01:00,91.41363291144235,102.16
2026-01-26 00:00:00+01:00,103.17479339802524,109.76
2026-01-26 00:15:00+01:00,101.71088640425911,105.42
2026-01-26 00:30:00+01:00,98.65763253348271,101.11
2026-01-26 00:45:00+01:00,96.35123883182527,99.41
2026-01-26 01:00:00+01:00,99.47915253826838,102.49
2026-01-26 01:15:00+01:00,98.03192760581382,101.24
2026-01-26 01:30:00+01:00,100.09236058607559,100.85
2026-01-26 01:45:00+01:00,100.52878858831492,99.87
2026-01-26 02:00:00+01:00,98.16367061179653,100.8
2026-01-26 02:15:00+01:00,98.3836285056102,99.4
2026-01-26 02:30:00+01:00,98.29880677938279,96.92
2026-01-26 02:45:00+01:00,99.48337976504148,97.79
2026-01-26 03:00:00+01:00,99.10074000029732,95.44
2026-01-26 03:15:00+01:00,98.16675608725552,96.38
2026-01-26 03:30:00+01:00,98.77326387781885,95.55
2026-01-26 03:45:00+01:00,100.85221381899538,96.04
2026-01-26 04:00:00+01:00,97.31589970907876,94.69
2026-01-26 04:15:00+01:00,96.7223069246445,94.85
2026-01-26 04:30:00+01:00,103.12308357565824,95.29
2026-01-26 04:45:00+01:00,98.76252064025978,95.3
2026-01-26 05:00:00+01:00,95.43715742452258,93.64
2026-01-26 05:15:00+01:00,101.35284115708745,94.2
2026-01-26 05:30:00+01:00,107.26985475830696,99.48
2026-01-26 05:45:00+01:00,102.2421383870103,101.45
2026-01-26 06:00:00+01:00,129.25791589461846,103.55
2026-01-26 06:15:00+01:00,108.53339342048979,110.03
2026-01-26 06:30:00+01:00,106.73574987137857,113.57
2026-01-26 06:45:00+01:00,115.5372675449699,129.96
2026-01-26 07:00:00+01:00,128.09958592177537,131.83
2026-01-26 07:15:00+01:00,138.4913165094218,145.83
2026-01-26 07:30:00+01:00,140.1317485788228,159.19
2026-01-26 07:45:00+01:00,142.38450203287482,175.94
2026-01-26 08:00:00+01:00,149.606894566113,163.86
2026-01-26 08:15:00+01:00,152.91737818753512,177.32
2026-01-26 08:30:00+01:00,142.61705662858287,184.51
2026-01-26 08:45:00+01:00,130.38229505534187,174.84
2026-01-26 09:00:00+01:00,136.53100004745903,191.5
2026-01-26 09:15:00+01:00,138.13560436844153,184.5
2026-01-26 09:30:00+01:00,125.35166333852457,172.9
2026-01-26 09:45:00+01:00,124.8970839878167,162.97
2026-01-26 10:00:00+01:00,125.00009053501492,186.82
2026-01-26 10:15:00+01:00,118.55302244154203,184.64
2026-01-26 10:30:00+01:00,122.83726822755123,177.18
2026-01-26 10:45:00+01:00,111.16690553760577,163.41
2026-01-26 11:00:00+01:00,116.1944185380078,177.78
2026-01-26 11:15:00+01:00,107.37102432084043,171.99
2026-01-26 11:30:00+01:00,104.34430507037267,167.9
2026-01-26 11:45:00+01:00,106.31165092452225,163.7
2026-01-26 12:00:00+01:00,107.37730225478141,168.65
2026-01-26 12:15:00+01:00,107.16076693233055,158.57
2026-01-26 12:30:00+01:00,102.99810671219244,151.0
2026-01-26 12:45:00+01:00,104.1083608031188,145.9
2026-01-26 13:00:00+01:00,109.63037406308797,158.13
2026-01-26 13:15:00+01:00,110.8521833630094,150.89
2026-01-26 13:30:00+01:00,111.63882037295316,147.57
2026-01-26 13:45:00+01:00,113.63268608823502,140.99
2026-01-26 14:00:00+01:00,113.28783701166176,141.83
2026-01-26 14:15:00+01:00,105.57182215213304,149.99
2026-01-26 14:30:00+01:00,119.63150465011799,147.6
2026-01-26 14:45:00+01:00,123.06646233562708,151.7
2026-01-26 15:00:00+01:00,120.45542281990726,152.67
2026-01-26 15:15:00+01:00,130.20680283576712,151.94
2026-01-26 15:30:00+01:00,131.51810774836355,163.7
2026-01-26 15:45:00+01:00,132.07398323743678,171.57
2026-01-26 16:00:00+01:00,125.97675672313116,151.97
2026-01-26 16:15:00+01:00,143.54800443080347,153.0
2026-01-26 16:30:00+01:00,132.2412003652571,170.0
2026-01-26 16:45:00+01:00,138.3182428151987,190.35
2026-01-26 17:00:00+01:00,136.1648802838829,152.12
2026-01-26 17:15:00+01:00,140.68514570538912,170.5
2026-01-26 17:30:00+01:00,142.59365898596508,192.14
2026-01-26 17:45:00+01:00,147.75701985012157,200.03
2026-01-26 18:00:00+01:00,146.03094205143435,187.36
2026-01-26 18:15:00+01:00,137.8004982509748,175.96
2026-01-26 18:30:00+01:00,132.33497659864275,178.59
2026-01-26 18:45:00+01:00,130.6155660290239,170.18
2026-01-26 19:00:00+01:00,131.56379726720044,182.77
2026-01-26 19:15:00+01:00,130.5225464081503,179.57
2026-01-26 19:30:00+01:00,128.26015491253852,164.59
2026-01-26 19:45:00+01:00,123.0371085676633,152.96
2026-01-26 20:00:00+01:00,118.56363274537998,167.85
2026-01-26 20:15:00+01:00,121.5880327273746,153.27
2026-01-26 20:30:00+01:00,114.89453396020572,151.02
2026-01-26 20:45:00+01:00,112.91667041650793,144.52
2026-01-26 21:00:00+01:00,114.46246204136666,149.95
2026-01-26 21:15:00+01:00,109.78018109120723,141.05
2026-01-26 21:30:00+01:00,116.40076641933102,140.99
2026-01-26 21:45:00+01:00,100.62127399826966,116.46
2026-01-26 22:00:00+01:00,114.67220598139558,138.28
2026-01-26 22:15:00+01:00,111.60693140377604,124.03
2026-01-26 22:30:00+01:00,111.93937426491607,113.75
2026-01-26 22:45:00+01:00,104.83475587031307,109.94
2026-01-26 23:00:00+01:00,106.82723824236496,118.32
2026-01-26 23:15:00+01:00,103.51251022576702,115.87
2026-01-26 23:30:00+01:00,102.77347056368934,107.72
2026-01-26 23:45:00+01:00,99.2796318677672,104.83
2026-01-27 00:00:00+01:00,112.32986634825812,123.39
2026-01-27 00:15:00+01:00,108.47623011477359,119.09
2026-01-27 00:30:00+01:00,106.53504616854181,117.52
2026-01-27 00:45:00+01:00,103.91137071340015,115.07
2026-01-27 01:00:00+01:00,106.73600666783236,116.8
2026-01-27 01:15:00+01:00,105.1715494973904,114.88
2026-01-27 01:30:00+01:00,104.86109458969257,113.13
2026-01-27 01:45:00+01:00,101.75183086356239,110.0
2026-01-27 02:00:00+01:00,102.75674409879412,113.07
2026-01-27 02:15:00+01:00,100.99335322576164,112.25
2026-01-27 02:30:00+01:00,101.15313778702179,111.96
2026-01-27 02:45:00+01:00,102.40733431279769,111.35
2026-01-27 03:00:00+01:00,100.91616067465506,113.09
2026-01-27 03:15:00+01:00,100.55738210828225,110.98
2026-01-27 03:30:00+01:00,100.60651676366311,110.95
2026-01-27 03:45:00+01:00,99.55825683789564,110.93
2026-01-27 04:00:00+01:00,100.0962955907865,110.5
2026-01-27 04:15:00+01:00,98.8461195280839,110.59
2026-01-27 04:30:00+01:00,99.89901205070342,110.04
2026-01-27 04:45:00+01:00,102.60349706405947,111.05
2026-01-27 05:00:00+01:00,97.28485560938884,107.0
2026-01-27 05:15:00+01:00,101.1616925104187,109.98
2026-01-27 05:30:00+01:00,109.07643122609556,112.8
2026-01-27 05:45:00+01:00,104.3697668695631,116.82
2026-01-27 06:00:00+01:00,113.666582237584,113.92
2026-01-27 06:15:00+01:00,124.87951670568052,122.68
2026-01-27 06:30:00+01:00,135.24041894597156,140.17
2026-01-27 06:45:00+01:00,142.93624615580575,157.67
2026-01-27 07:00:00+01:00,149.67606895226857,133.03
2026-01-27 07:15:00+01:00,157.17940581706506,152.98
2026-01-27 07:30:00+01:00,161.4481387030687,167.0
2026-01-27 07:45:00+01:00,169.56068953801866,186.49
2026-01-27 08:00:00+01:00,178.24307550554272,186.4
2026-01-27 08:15:00+01:00,187.109560324526,185.95
2026-01-27 08:30:00+01:00,178.00639287931637,170.7
2026-01-27 08:45:00+01:00,155.975372115144,163.49
2026-01-27 09:00:00+01:00,179.38533760720014,188.69
2026-01-27 09:15:00+01:00,158.26101482721063,173.11
2026-01-27 09:30:00+01:00,146.6040707864825,169.99
2026-01-27 09:45:00+01:00,131.5066065926761,152.99
2026-01-27 10:00:00+01:00,160.50287714808363,169.94
2026-01-27 10:15:00+01:00,130.44931900053172,152.64
2026-01-27 10:30:00+01:00,128.2778422804514,138.16
2026-01-27 10:45:00+01:00,130.08702389968934,133.09
2026-01-27 11:00:00+01:00,123.91324054575318,141.89
2026-01-27 11:15:00+01:00,125.01372540663115,135.24
2026-01-27 11:30:00+01:00,119.4152267313747,133.01
2026-01-27 11:45:00+01:00,111.95516486828973,123.02
2026-01-27 12:00:00+01:00,116.41878398945975,131.25
2026-01-27 12:15:00+01:00,114.44879953586246,127.0
2026-01-27 12:30:00+01:00,112.46539406328296,119.79
2026-01-27 12:45:00+01:00,122.16053243312243,114.08
2026-01-27 13:00:00+01:00,120.98492761593116,114.95
2026-01-27 13:15:00+01:00,128.3346947157522,112.28
2026-01-27 13:30:00+01:00,119.41335210560936,110.03
2026-01-27 13:45:00+01:00,115.30380787611195,112.69
2026-01-27 14:00:00+01:00,116.24083878840929,124.87
2026-01-27 14:15:00+01:00,121.90780974163368,129.44
2026-01-27 14:30:00+01:00,121.76905983941168,133.77
2026-01-27 14:45:00+01:00,127.00318402768525,136.25
2026-01-27 15:00:00+01:00,119.82846440698894,131.72
2026-01-27 15:15:00+01:00,119.03594881480491,126.43
2026-01-27 15:30:00+01:00,129.40542018183191,124.64
2026-01-27 15:45:00+01:00,137.45022355131982,127.0
2026-01-27 16:00:00+01:00,135.93722565970987,136.98
2026-01-27 16:15:00+01:00,139.95539883967132,127.01
2026-01-27 16:30:00+01:00,144.33922016583483,129.03
2026-01-27 16:45:00+01:00,143.70196962585186,138.9
2026-01-27 17:00:00+01:00,142.99457330676728,137.49
2026-01-27 17:15:00+01:00,146.9247567376318,158.07
2026-01-27 17:30:00+01:00,144.9517800204501,170.01
2026-01-27 17:45:00+01:00,144.57741046145338,144.91
2026-01-27 18:00:00+01:00,136.8788675799196,133.6
2026-01-27 18:15:00+01:00,133.8748790143657,135.77
2026-01-27 18:30:00+01:00,132.49621233170316,143.64
2026-01-27 18:45:00+01:00,135.90774096978825,151.55
2026-01-27 19:00:00+01:00,131.34220037172247,149.81
2026-01-27 19:15:00+01:00,126.2078341930187,138.37
2026-01-27 19:30:00+01:00,133.002782454845,136.34
2026-01-27 19:45:00+01:00,126.79757550440537,131.01
2026-01-27 20:00:00+01:00,117.67988505165344,134.38
2026-01-27 20:15:00+01:00,117.27347064759107,123.24
2026-01-27 20:30:00+01:00,116.77480140438058,115.88
2026-01-27 20:45:00+01:00,111.81706194411287,112.85
2026-01-27 21:00:00+01:00,119.49210567913373,117.99
2026-01-27 21:15:00+01:00,110.06132565184087,119.36
2026-01-27 21:30:00+01:00,108.73377748650107,123.01
2026-01-27 21:45:00+01:00,99.35132992625633,117.11
2026-01-27 22:00:00+01:00,113.45342166731433,122.79
2026-01-27 22:15:00+01:00,101.80174405222165,120.0
2026-01-27 22:30:00+01:00,105.93502874951645,122.29
2026-01-27 22:45:00+01:00,103.3900935830529,117.72
2026-01-27 23:00:00+01:00,113.38261860441006,119.11
2026-01-27 23:15:00+01:00,102.05005188081293,111.58
2026-01-27 23:30:00+01:00,106.18726736841248,110.03
2026-01-27 23:45:00+01:00,100.05024889782649,106.68
2026-01-28 00:00:00+01:00,112.5390187129705,111.06
2026-01-28 00:15:00+01:00,110.234081515847,109.12
2026-01-28 00:30:00+01:00,108.69668524493783,101.32
2026-01-28 00:45:00+01:00,102.82502762886391,100.4
2026-01-28 01:00:00+01:00,108.4024922110095,109.29
2026-01-28 01:15:00+01:00,106.78563781480166,105.51
2026-01-28 01:30:00+01:00,107.20355841638018,102.66
2026-01-28 01:45:00+01:00,106.73545959510608,100.4
2026-01-28 02:00:00+01:00,106.54539973504738,106.72
2026-01-28 02:15:00+01:00,105.70616854255913,105.6
2026-01-28 02:30:00+01:00,103.15746255701109,102.91
2026-01-28 02:45:00+01:00,103.62738267923996,102.63
2026-01-28 03:00:00+01:00,104.4157430960322,102.34
2026-01-28 03:15:00+01:00,103.4406294918548,101.25
2026-01-28 03:30:00+01:00,102.80678685814958,102.38
2026-01-28 03:45:00+01:00,102.37431068582222,102.99
2026-01-28 04:00:00+01:00,103.99957944472318,103.23
2026-01-28 04:15:00+01:00,103.37647815920113,103.46
2026-01-28 04:30:00+01:00,103.79726591588137,104.91
2026-01-28 04:45:00+01:00,104.69705619129827,107.25
2026-01-28 05:00:00+01:00,104.65639557723381,104.59
2026-01-28 05:15:00+01:00,107.13804818752263,106.18
2026-01-28 05:30:00+01:00,101.64478643054174,109.92
2026-01-28 05:45:00+01:00,98.57990535351018,105.71
2026-01-28 06:00:00+01:00,115.43965065862514,105.44
2026-01-28 06:15:00+01:00,118.32856140251324,109.29
2026-01-28 06:30:00+01:00,119.68575416102227,117.32
2026-01-28 06:45:00+01:00,132.23034367792508,122.74
2026-01-28 07:00:00+01:00,122.76965662051842,132.01
2026-01-28 07:15:00+01:00,134.81674367311345,142.03
2026-01-28 07:30:00+01:00,135.73631030537123,144.4
2026-01-28 07:45:00+01:00,138.4103435537487,155.95
2026-01-28 08:00:00+01:00,140.8891668912246,158.21
2026-01-28 08:15:00+01:00,146.10659862689764,168.21
2026-01-28 08:30:00+01:00,141.21266824651252,174.19
2026-01-28 08:45:00+01:00,136.64652910863185,183.4
2026-01-28 09:00:00+01:00,153.24690228500629,182.38
2026-01-28 09:15:00+01:00,143.2574403337332,179.82
2026-01-28 09:30:00+01:00,134.90969507460068,167.78
2026-01-28 09:45:00+01:00,128.45850178828425,164.6
2026-01-28 10:00:00+01:00,139.84665893984481,188.34
2026-01-28 10:15:00+01:00,133.70416877941014,174.74
2026-01-28 10:30:00+01:00,121.93545626138885,169.37
2026-01-28 10:45:00+01:00,114.49040210042378,156.85
2026-01-28 11:00:00+01:00,121.82465838237758,170.97
2026-01-28 11:15:00+01:00,116.88484381499796,164.35
2026-01-28 11:30:00+01:00,114.32616029979027,165.6
2026-01-28 11:45:00+01:00,114.2273320596785,164.04
2026-01-28 12:00:00+01:00,119.15404357065205,162.75
2026-01-28 12:15:00+01:00,114.86728782628477,158.34
2026-01-28 12:30:00+01:00,116.14677698059681,154.27
2026-01-28 12:45:00+01:00,113.41060383886395,152.99
2026-01-28 13:00:00+01:00,116.71550230836702,152.99
2026-01-28 13:15:00+01:00,114.32697542791338,155.44
2026-01-28 13:30:00+01:00,113.47860154952346,145.1
2026-01-28 13:45:00+01:00,115.46367051694443,138.12
2026-01-28 14:00:00+01:00,119.91182796974019,145.6
2026-01-28 14:15:00+01:00,120.71328047357221,142.02
2026-01-28 14:30:00+01:00,121.54586967153202,143.52
2026-01-28 14:45:00+01:00,122.68187871885264,149.0
2026-01-28 15:00:00+01:00,117.52340738051292,143.24
2026-01-28 15:15:00+01:00,122.18142675383125,136.33
2026-01-28 15:30:00+01:00,129.41265846489154,139.61
2026-01-28 15:45:00+01:00,138.58068407287308,145.37
2026-01-28 16:00:00+01:00,124.75249479237903,140.46
2026-01-28 16:15:00+01:00,130.21734054826055,143.15
2026-01-28 16:30:00+01:00,144.32773337868642,148.1
2026-01-28 16:45:00+01:00,150.7955350733207,156.8
2026-01-28 17:00:00+01:00,148.27354610803692,150.01
2026-01-28 17:15:00+01:00,150.81828411138156,168.4
2026-01-28 17:30:00+01:00,152.50771749987697,168.49
2026-01-28 17:45:00+01:00,150.41620192240615,169.99
2026-01-28 18:00:00+01:00,147.55806996333726,173.56
2026-01-28 18:15:00+01:00,151.65772274214385,171.5
2026-01-28 18:30:00+01:00,139.2217116072698,168.4
2026-01-28 18:45:00+01:00,142.3020427169755,168.24
2026-01-28 19:00:00+01:00,141.62082207335155,169.73
2026-01-28 19:15:00+01:00,134.61422914590486,166.8
2026-01-28 19:30:00+01:00,136.7260216178468,161.2
2026-01-28 19:45:00+01:00,114.03880329087642,147.17
2026-01-28 20:00:00+01:00,123.29451603476666,145.15
2026-01-28 20:15:00+01:00,113.21222930252983,137.14
2026-01-28 20:30:00+01:00,112.1378109950512,133.9
2026-01-28 20:45:00+01:00,109.57696305001812,120.87
2026-01-28 21:00:00+01:00,109.79434916059344,132.0
2026-01-28 21:15:00+01:00,113.73116444986026,121.05
2026-01-28 21:30:00+01:00,101.83655585365376,113.08
2026-01-28 21:45:00+01:00,99.48473327723974,109.91
2026-01-28 22:00:00+01:00,109.44245926033794,123.43
2026-01-28 22:15:00+01:00,107.87343853391901,115.41
2026-01-28 22:30:00+01:00,102.34458607165394,117.84
2026-01-28 22:45:00+01:00,98.10666218586312,111.32
2026-01-28 23:00:00+01:00,103.90608207094326,119.23
2026-01-28 23:15:00+01:00,95.1694539287038,110.54
2026-01-28 23:30:00+01:00,94.21505594940034,110.05
2026-01-28 23:45:00+01:00,93.68031813257377,104.01
2026-01-29 00:00:00+01:00,109.7400299950578,107.89
2026-01-29 00:15:00+01:00,104.84714494021242,104.58
2026-01-29 00:30:00+01:00,103.61121493678269,103.82
2026-01-29 00:45:00+01:00,100.38470758557148,101.91
2026-01-29 01:00:00+01:00,106.58863159396098,105.8
2026-01-29 01:15:00+01:00,104.8187048626979,104.03
2026-01-29 01:30:00+01:00,102.79228999354608,103.74
2026-01-29 01:45:00+01:00,100.48586795889715,102.43
2026-01-29 02:00:00+01:00,103.40745073640011,103.01
2026-01-29 02:15:00+01:00,100.74202829241175,102.6
2026-01-29 02:30:00+01:00,99.72419130652231,101.68
2026-01-29 02:45:00+01:00,99.69469237261728,100.23
2026-01-29 03:00:00+01:00,99.98214150479362,100.03
2026-01-29 03:15:00+01:00,99.84235460596918,100.0
2026-01-29 03:30:00+01:00,99.66609456309101,99.98
2026-01-29 03:45:00+01:00,99.44345421323096,100.08
2026-01-29 04:00:00+01:00,99.72408688364338,99.48
2026-01-29 04:15:00+01:00,99.61308736625338,100.29
2026-01-29 04:30:00+01:00,100.47699412624695,100.53
2026-01-29 04:45:00+01:00,101.514152997423,103.43
2026-01-29 05:00:00+01:00,99.41460473700778,101.36
2026-01-29 05:15:00+01:00,101.44400002694564,102.82
2026-01-29 05:30:00+01:00,111.12940769155966,107.52
2026-01-29 05:45:00+01:00,101.32912007447783,106.85
2026-01-29 06:00:00+01:00,105.79316591318798,103.85
2026-01-29 06:15:00+01:00,111.02208839098734,108.74
2026-01-29 06:30:00+01:00,110.95851143843232,118.35
2026-01-29 06:45:00+01:00,119.04405501481999,133.54
2026-01-29 07:00:00+01:00,116.33193179982254,126.9
2026-01-29 07:15:00+01:00,125.88649001369843,145.84
2026-01-29 07:30:00+01:00,131.03419887739727,161.36
2026-01-29 07:45:00+01:00,140.38647263232673,164.28
2026-01-29 08:00:00+01:00,138.88302871169822,163.58
2026-01-29 08:15:00+01:00,143.79247975428726,165.62
2026-01-29 08:30:00+01:00,143.35858822307532,167.25
2026-01-29 08:45:00+01:00,148.31092795313543,166.28
2026-01-29 09:00:00+01:00,148.8645672078494,173.07
2026-01-29 09:15:00+01:00,160.86936467545883,166.21
2026-01-29 09:30:00+01:00,163.50795229379273,168.33
2026-01-29 09:45:00+01:00,155.0132528753133,164.53
2026-01-29 10:00:00+01:00,146.0185198390484,168.34
2026-01-29 10:15:00+01:00,156.51597949054656,163.72
2026-01-29 10:30:00+01:00,184.4920673299086,158.04
2026-01-29 10:45:00+01:00,152.661194181792,152.6
2026-01-29 11:00:00+01:00,159.82076883164206,159.49
2026-01-29 11:15:00+01:00,181.21697760344222,154.32
2026-01-29 11:30:00+01:00,186.47061951148123,151.17
2026-01-29 11:45:00+01:00,136.3964135832532,146.19
2026-01-29 12:00:00+01:00,151.2131686434263,147.59
2026-01-29 12:15:00+01:00,145.41188544844044,143.91
2026-01-29 12:30:00+01:00,137.78304572600706,141.57
2026-01-29 12:45:00+01:00,135.00902330985429,139.07
2026-01-29 13:00:00+01:00,142.44241684772254,148.88
2026-01-29 13:15:00+01:00,137.5299053837303,141.24
2026-01-29 13:30:00+01:00,137.26226875888148,140.29
2026-01-29 13:45:00+01:00,137.52860416831794,140.85
2026-01-29 14:00:00+01:00,123.94669956353763,140.77
2026-01-29 14:15:00+01:00,129.98478553539067,141.38
2026-01-29 14:30:00+01:00,133.0535090288702,143.86
2026-01-29 14:45:00+01:00,135.48428104142835,145.96
2026-01-29 15:00:00+01:00,131.94632228656246,143.31
2026-01-29 15:15:00+01:00,132.83262583981448,145.35
2026-01-29 15:30:00+01:00,133.90085139805484,148.25
2026-01-29 15:45:00+01:00,139.08419011985706,153.54
2026-01-29 16:00:00+01:00,133.51592739622907,145.47
2026-01-29 16:15:00+01:00,141.0926331180102,151.21
2026-01-29 16:30:00+01:00,143.59935529610198,153.07
2026-01-29 16:45:00+01:00,152.8628969928536,162.66
2026-01-29 17:00:00+01:00,145.23912130623356,155.66
2026-01-29 17:15:00+01:00,156.2671164436009,159.21
2026-01-29 17:30:00+01:00,162.22690101258,161.82
2026-01-29 17:45:00+01:00,157.53517947510764,161.22
2026-01-29 18:00:00+01:00,156.94331688869573,158.94
2026-01-29 18:15:00+01:00,157.21835077466858,157.74
2026-01-29 18:30:00+01:00,145.8369499511642,155.81
2026-01-29 18:45:00+01:00,142.17292336833094,156.47
2026-01-29 19:00:00+01:00,148.4864499790216,152.24
2026-01-29 19:15:00+01:00,142.83630692529306,154.7
2026-01-29 19:30:00+01:00,133.87425227047373,152.99
2026-01-29 19:45:00+01:00,121.75068166279745,140.22
2026-01-29 20:00:00+01:00,139.02843187517206,144.57
2026-01-29 20:15:00+01:00,125.2901129783068,129.66
2026-01-29 20:30:00+01:00,111.91687121148017,120.03
2026-01-29 20:45:00+01:00,104.5058134737846,111.97
2026-01-29 21:00:00+01:00,117.85779489903436,121.98
2026-01-29 21:15:00+01:00,107.44127678478375,115.19
2026-01-29 21:30:00+01:00,104.8663744698362,109.65
2026-01-29 21:45:00+01:00,101.31619723852404,107.46
2026-01-29 22:00:00+01:00,113.17970461444341,113.21
2026-01-29 22:15:00+01:00,104.64393473438801,109.51
2026-01-29 22:30:00+01:00,106.15831855984689,109.06
2026-01-29 22:45:00+01:00,104.11089568902499,105.48
2026-01-29 23:00:00+01:00,106.74273931182614,110.93
2026-01-29 23:15:00+01:00,99.91088719589806,101.4
2026-01-29 23:30:00+01:00,96.37821453228355,103.12
2026-01-29 23:45:00+01:00,96.30002508248329,96.46
2026-01-30 00:00:00+01:00,104.35515218495931,125.08
2026-01-30 00:15:00+01:00,100.87177025338985,114.0
2026-01-30 00:30:00+01:00,96.28382622051062,104.21
2026-01-30 00:45:00+01:00,93.31629904094298,100.97
2026-01-30 01:00:00+01:00,100.6303225144581,106.22
2026-01-30 01:15:00+01:00,97.83945879715097,104.65
2026-01-30 01:30:00+01:00,94.86908902193377,102.47
2026-01-30 01:45:00+01:00,91.86063728203628,99.91
2026-01-30 02:00:00+01:00,96.71431425254812,104.26
2026-01-30 02:15:00+01:00,93.10447039175607,101.87
2026-01-30 02:30:00+01:00,91.86094814081014,99.12
2026-01-30 02:45:00+01:00,90.78543164221125,98.16
2026-01-30 03:00:00+01:00,91.86396939159671,99.22
2026-01-30 03:15:00+01:00,90.30640739312055,96.9
2026-01-30 03:30:00+01:00,89.63649818375197,96.71
2026-01-30 03:45:00+01:00,89.46835821015787,96.72
2026-01-30 04:00:00+01:00,89.38180922127007,97.32
2026-01-30 04:15:00+01:00,88.4723340013354,95.66
2026-01-30 04:30:00+01:00,89.11922262278635,96.82
2026-01-30 04:45:00+01:00,90.34940166559221,99.4
2026-01-30 05:00:00+01:00,89.70014100745007,94.3
2026-01-30 05:15:00+01:00,90.06993392652107,93.4
2026-01-30 05:30:00+01:00,92.71129862955124,93.74
2026-01-30 05:45:00+01:00,95.29660577299674,103.67
2026-01-30 06:00:00+01:00,92.089126678013,99.41
2026-01-30 06:15:00+01:00,97.5187618860601,108.44
2026-01-30 06:30:00+01:00,102.76117751879451,116.71
2026-01-30 06:45:00+01:00,111.85841043748562,119.94
2026-01-30 07:00:00+01:00,104.60820871077443,118.64
2026-01-30 07:15:00+01:00,113.96295244308077,132.46
2026-01-30 07:30:00+01:00,123.07518009360003,134.32
2026-01-30 07:45:00+01:00,131.00288430180188,141.69
2026-01-30 08:00:00+01:00,129.78701387081006,141.86
2026-01-30 08:15:00+01:00,131.2794386757155,150.01
2026-01-30 08:30:00+01:00,130.26444985420176,145.36
2026-01-30 08:45:00+01:00,127.57818331573412,137.79
2026-01-30 09:00:00+01:00,139.30432311385863,152.99
2026-01-30 09:15:00+01:00,133.94744222422648,149.05
2026-01-30 09:30:00+01:00,125.32769268126148,145.48
2026-01-30 09:45:00+01:00,127.42737554871373,140.62
2026-01-30 10:00:00+01:00,132.38737465140514,145.01
2026-01-30 10:15:00+01:00,130.3244914315211,136.36
2026-01-30 10:30:00+01:00,130.31282927071553,127.0
2026-01-30 10:45:00+01:00,117.48346874039227,122.15
2026-01-30 11:00:00+01:00,125.22542331203289,134.07
2026-01-30 11:15:00+01:00,119.91801740493253,125.28
2026-01-30 11:30:00+01:00,120.96441674890286,126.13
2026-01-30 11:45:00+01:00,119.59172916823178,118.92
2026-01-30 12:00:00+01:00,123.8413468294963,127.01
2026-01-30 12:15:00+01:00,117.43611161432014,117.8
2026-01-30 12:30:00+01:00,116.78068952010749,115.32
2026-01-30 12:45:00+01:00,112.17382066497137,112.69
2026-01-30 13:00:00+01:00,118.92987761698036,114.11
2026-01-30 13:15:00+01:00,113.20859098717484,111.01
2026-01-30 13:30:00+01:00,110.83898491290594,108.24
2026-01-30 13:45:00+01:00,108.28905859716971,108.2
2026-01-30 14:00:00+01:00,114.7775574506222,109.94
2026-01-30 14:15:00+01:00,112.56327352065169,109.38
2026-01-30 14:30:00+01:00,113.21754741851458,111.07
2026-01-30 14:45:00+01:00,117.10561185266164,110.88
2026-01-30 15:00:00+01:00,111.28132284089773,108.03
2026-01-30 15:15:00+01:00,113.86845289032914,109.3
2026-01-30 15:30:00+01:00,123.92374653896272,111.23
2026-01-30 15:45:00+01:00,133.2588846808344,116.22
2026-01-30 16:00:00+01:00,116.98850132772003,110.35
2026-01-30 16:15:00+01:00,127.79253095324894,113.16
2026-01-30 16:30:00+01:00,134.68797395984103,117.21
2026-01-30 16:45:00+01:00,139.5462780527257,119.03
2026-01-30 17:00:00+01:00,145.72914528700844,118.64
2026-01-30 17:15:00+01:00,143.32104193979004,124.0
2026-01-30 17:30:00+01:00,161.80256954754026,129.6
2026-01-30 17:45:00+01:00,153.25013270707709,127.0
2026-01-30 18:00:00+01:00,143.18456133529418,129.43
2026-01-30 18:15:00+01:00,143.48155291370728,122.56
2026-01-30 18:30:00+01:00,139.41477107365554,123.56
2026-01-30 18:45:00+01:00,140.6708163367141,116.0
2026-01-30 19:00:00+01:00,146.44777816689992,117.3
2026-01-30 19:15:00+01:00,136.29649927931064,112.05
2026-01-30 19:30:00+01:00,130.3265576714123,112.5
2026-01-30 19:45:00+01:00,122.42486380362124,110.5
2026-01-30 20:00:00+01:00,122.01052891129953,113.76
2026-01-30 20:15:00+01:00,125.12900581081834,108.66
2026-01-30 20:30:00+01:00,122.00106313220638,106.27
2026-01-30 20:45:00+01:00,115.35950810998736,105.7
2026-01-30 21:00:00+01:00,117.22194815820177,107.77
2026-01-30 21:15:00+01:00,108.18640312820223,104.99
2026-01-30 21:30:00+01:00,102.57933132457995,98.56
2026-01-30 21:45:00+01:00,99.05072914447852,95.41
2026-01-30 22:00:00+01:00,106.009027434451,105.32
2026-01-30 22:15:00+01:00,100.43014125595539,101.15
2026-01-30 22:30:00+01:00,100.94312835208618,100.68
2026-01-30 22:45:00+01:00,99.99090785334374,97.21
2026-01-30 23:00:00+01:00,95.46979494132086,95.78
2026-01-30 23:15:00+01:00,94.26081727273734,92.77
2026-01-30 23:30:00+01:00,96.53147699478413,92.67
2026-01-30 23:45:00+01:00,95.32033861096448,89.56
2026-01-31 00:00:00+01:00,97.36418304828176,108.65
2026-01-31 00:15:00+01:00,92.68380648452569,96.71
2026-01-31 00:30:00+01:00,89.25110169113186,92.11
2026-01-31 00:45:00+01:00,87.40730989664786,90.34
2026-01-31 01:00:00+01:00,92.12024092621569,99.41
2026-01-31 01:15:00+01:00,90.49059964440508,95.75
2026-01-31 01:30:00+01:00,89.30051586018502,98.84
2026-01-31 01:45:00+01:00,87.98237730378835,95.51
2026-01-31 02:00:00+01:00,89.21003198142895,92.72
2026-01-31 02:15:00+01:00,88.04964074070588,89.96
2026-01-31 02:30:00+01:00,87.99430669145306,98.78
2026-01-31 02:45:00+01:00,87.13641571380717,96.57
2026-01-31 03:00:00+01:00,87.59145498129223,93.95
2026-01-31 03:15:00+01:00,90.81636300593026,94.15
2026-01-31 03:30:00+01:00,91.5325981577341,93.84
2026-01-31 03:45:00+01:00,91.24396894722597,94.38
2026-01-31 04:00:00+01:00,85.94118871947548,92.88
2026-01-31 04:15:00+01:00,85.37271733332615,93.35
2026-01-31 04:30:00+01:00,87.52631571195967,93.43
2026-01-31 04:45:00+01:00,85.25195790114594,93.64
2026-01-31 05:00:00+01:00,86.45933951871962,93.62
2026-01-31 05:15:00+01:00,87.24759910353461,93.99
2026-01-31 05:30:00+01:00,87.01275908564432,94.03
2026-01-31 05:45:00+01:00,88.01916654182227,94.59
2026-01-31 06:00:00+01:00,88.24818660319733,92.15
2026-01-31 06:15:00+01:00,90.00270523690293,92.8
2026-01-31 06:30:00+01:00,93.16526231867597,94.62
2026-01-31 06:45:00+01:00,92.96231975199565,94.23
2026-01-31 07:00:00+01:00,98.1511751535597,93.44
2026-01-31 07:15:00+01:00,98.68778975636336,94.64
2026-01-31 07:30:00+01:00,97.91128172376682,91.61
2026-01-31 07:45:00+01:00,100.16678736339966,91.92
2026-01-31 08:00:00+01:00,100.97286486534125,100.96
2026-01-31 08:15:00+01:00,102.97076407791624,103.67
2026-01-31 08:30:00+01:00,104.2915431034911,105.25
2026-01-31 08:45:00+01:00,102.04649576693349,105.94
2026-01-31 09:00:00+01:00,112.21219740132753,106.97
2026-01-31 09:15:00+01:00,111.11220556692747,107.86
2026-01-31 09:30:00+01:00,106.43231499792485,111.35
2026-01-31 09:45:00+01:00,104.79184143508874,110.07
2026-01-31 10:00:00+01:00,112.12011901475238,119.86
2026-01-31 10:15:00+01:00,106.97273647855494,114.87
2026-01-31 10:30:00+01:00,105.80552477504989,113.84
2026-01-31 10:45:00+01:00,103.93707972912557,108.29
2026-01-31 11:00:00+01:00,107.82656145649445,118.79
2026-01-31 11:15:00+01:00,107.25725133386321,112.62
2026-01-31 11:30:00+01:00,103.58073980273689,113.18
2026-01-31 11:45:00+01:00,106.99243944381568,109.29
2026-01-31 12:00:00+01:00,103.54555546872885,115.42
2026-01-31 12:15:00+01:00,102.83704984148385,109.42
2026-01-31 12:30:00+01:00,105.42686943987512,110.94
2026-01-31 12:45:00+01:00,101.00638893714213,109.33
2026-01-31 13:00:00+01:00,99.50581202871965,109.49
2026-01-31 13:15:00+01:00,98.38040940314093,107.55
2026-01-31 13:30:00+01:00,98.03981900592251,106.65
2026-01-31 13:45:00+01:00,97.9683796638648,105.87
2026-01-31 14:00:00+01:00,101.82691136534676,109.06
2026-01-31 14:15:00+01:00,93.63955679160067,108.51
2026-01-31 14:30:00+01:00,96.70547596878455,111.76
2026-01-31 14:45:00+01:00,102.36602808039144,111.89
2026-01-31 15:00:00+01:00,93.70537036421929,107.59
2026-01-31 15:15:00+01:00,102.89354576622688,112.09
2026-01-31 15:30:00+01:00,115.62939134883793,114.45
2026-01-31 15:45:00+01:00,122.80441403001741,118.54
2026-01-31 16:00:00+01:00,108.42747260148498,105.07
2026-01-31 16:15:00+01:00,114.80392429541698,119.27
2026-01-31 16:30:00+01:00,124.84422355766927,123.72
2026-01-31 16:45:00+01:00,131.76323347716576,129.37
2026-01-31 17:00:00+01:00,125.71839619680651,129.5
2026-01-31 17:15:00+01:00,135.7992837011622,130.38
2026-01-31 17:30:00+01:00,141.88507700727806,137.53
2026-01-31 17:45:00+01:00,137.7774366490128,141.01
2026-01-31 18:00:00+01:00,139.19441750738014,139.72
2026-01-31 18:15:00+01:00,138.27786024919007,140.08
2026-01-31 18:30:00+01:00,134.0467998000073,138.66
2026-01-31 18:45:00+01:00,140.55463035341134,133.69
2026-01-31 19:00:00+01:00,132.99287855462038,142.09
2026-01-31 19:15:00+01:00,136.32165824979646,134.72
2026-01-31 19:30:00+01:00,135.60432476629376,130.94
2026-01-31 19:45:00+01:00,129.71749408821768,128.05
2026-01-31 20:00:00+01:00,126.16174493475296,134.12
2026-01-31 20:15:00+01:00,124.21344331918203,129.05
2026-01-31 20:30:00+01:00,120.59465004406667,125.07
2026-01-31 20:45:00+01:00,116.44905668531284,114.34
2026-01-31 21:00:00+01:00,119.41886943910387,121.58
2026-01-31 21:15:00+01:00,117.02253304787409,115.79
2026-01-31 21:30:00+01:00,110.23824792760843,112.82
2026-01-31 21:45:00+01:00,106.54845195069272,106.64
2026-01-31 22:00:00+01:00,114.51483597649013,120.41
2026-01-31 22:15:00+01:00,110.42390397491347,113.65
2026-01-31 22:30:00+01:00,114.79340977262659,115.7
2026-01-31 22:45:00+01:00,109.51176110037053,106.82
2026-01-31 23:00:00+01:00,103.74359710840389,109.8
2026-01-31 23:15:00+01:00,101.74690384970097,108.99
2026-01-31 23:30:00+01:00,103.32588653685228,104.28
2026-01-31 23:45:00+01:00,100.56845057732654,100.53
2026-02-01 00:00:00+01:00,114.69690514652854,100.0
2026-02-01 00:15:00+01:00,105.99244795543243,95.14
2026-02-01 00:30:00+01:00,102.27902686976856,95.01
2026-02-01 00:45:00+01:00,98.16379132322405,94.21
2026-02-01 01:00:00+01:00,106.3204779054535,94.63
2026-02-01 01:15:00+01:00,103.51811777773887,94.32
2026-02-01 01:30:00+01:00,102.8017748369832,94.15
2026-02-01 01:45:00+01:00,101.73509256387243,92.93
2026-02-01 02:00:00+01:00,102.84186460503084,98.36
2026-02-01 02:15:00+01:00,98.41139608316716,98.69
2026-02-01 02:30:00+01:00,96.04165906891305,99.09
2026-02-01 02:45:00+01:00,103.7074517240559,97.47
2026-02-01 03:00:00+01:00,98.49641832366498,93.39
2026-02-01 03:15:00+01:00,100.39189764637109,96.77
2026-02-01 03:30:00+01:00,101.85243529752785,95.33
2026-02-01 03:45:00+01:00,108.64575112786945,98.74
2026-02-01 04:00:00+01:00,103.4462128316222,98.85
2026-02-01 04:15:00+01:00,98.4882439880825,98.69
2026-02-01 04:30:00+01:00,99.34847564988183,98.0
2026-02-01 04:45:00+01:00,100.51205991311345,97.71
2026-02-01 05:00:00+01:00,96.83766071997766,97.71
2026-02-01 05:15:00+01:00,99.69080113291231,95.41
2026-02-01 05:30:00+01:00,97.47778061127009,99.89
2026-02-01 05:45:00+01:00,96.82493687778866,99.88
2026-02-01 06:00:00+01:00,100.16928341201452,94.47
2026-02-01 06:15:00+01:00,103.84360090768489,96.68
2026-02-01 06:30:00+01:00,99.78513686954908,95.46
2026-02-01 06:45:00+01:00,102.83614925365256,97.45
2026-02-01 07:00:00+01:00,100.57434813098342,96.84
2026-02-01 07:15:00+01:00,105.21129612369919,96.56
2026-02-01 07:30:00+01:00,100.48543527718255,101.34
2026-02-01 07:45:00+01:00,103.40338029614024,103.26
2026-02-01 08:00:00+01:00,107.52153196203074,102.95
2026-02-01 08:15:00+01:00,106.36772159223725,104.77
2026-02-01 08:30:00+01:00,109.99231606643254,107.23
2026-02-01 08:45:00+01:00,111.43159006162298,106.07
2026-02-01 09:00:00+01:00,117.24140319267812,110.16
2026-02-01 09:15:00+01:00,116.0857576040291,109.3
2026-02-01 09:30:00+01:00,125.18998372705676,108.57
2026-02-01 09:45:00+01:00,113.04838185629988,108.91
2026-02-01 10:00:00+01:00,116.41719425519396,114.07
2026-02-01 10:15:00+01:00,115.22829079303531,109.72
2026-02-01 10:30:00+01:00,125.6399190003498,108.95
2026-02-01 10:45:00+01:00,126.42263702975835,106.64
2026-02-01 11:00:00+01:00,128.40893649227334,108.66
2026-02-01 11:15:00+01:00,122.38473138010114,108.12
2026-02-01 11:30:00+01:00,125.11795459198044,108.1
2026-02-01 11:45:00+01:00,122.08888789755427,107.75
2026-02-01 12:00:00+01:00,121.94883562895951,110.16
2026-02-01 12:15:00+01:00,122.76972440085191,106.27
2026-02-01 12:30:00+01:00,130.81879081538787,107.56
2026-02-01 12:45:00+01:00,120.96137465923064,104.51
2026-02-01 13:00:00+01:00,126.21278426650522,102.81
2026-02-01 13:15:00+01:00,108.09180927870155,99.93
2026-02-01 13:30:00+01:00,109.55595012722387,99.41
2026-02-01 13:45:00+01:00,99.93400789544086,99.4
2026-02-01 14:00:00+01:00,116.24871405394197,100.05
2026-02-01 14:15:00+01:00,98.00280469737237,101.03
2026-02-01 14:30:00+01:00,97.95394983799794,103.42
2026-02-01 14:45:00+01:00,102.55957672072559,104.44
2026-02-01 15:00:00+01:00,93.84163850261922,103.26
2026-02-01 15:15:00+01:00,97.66150758674969,107.36
2026-02-01 15:30:00+01:00,103.65929203807626,111.5
2026-02-01 15:45:00+01:00,113.56668889962803,113.71
2026-02-01 16:00:00+01:00,106.27882363324599,106.35
2026-02-01 16:15:00+01:00,112.34935426116941,112.32
2026-02-01 16:30:00+01:00,120.24505578928516,115.0
2026-02-01 16:45:00+01:00,124.13645789884852,125.0
2026-02-01 17:00:00+01:00,119.72129811423021,123.73
2026-02-01 17:15:00+01:00,127.57547936893266,126.23
2026-02-01 17:30:00+01:00,131.6311375031281,132.01
2026-02-01 17:45:00+01:00,135.78622536081213,135.98
2026-02-01 18:00:00+01:00,133.36385568607687,133.24
2026-02-01 18:15:00+01:00,131.7224603334803,133.81
2026-02-01 18:30:00+01:00,128.6859387423802,141.96
2026-02-01 18:45:00+01:00,126.7186149981423,138.36
2026-02-01 19:00:00+01:00,128.24321941404986,141.0
2026-02-01 19:15:00+01:00,122.55902934350436,136.22
2026-02-01 19:30:00+01:00,120.52511225595535,137.51
2026-02-01 19:45:00+01:00,118.9739539073703,134.83
2026-02-01 20:00:00+01:00,126.02152590877753,131.0
2026-02-01 20:15:00+01:00,119.79798809237651,132.0
2026-02-01 20:30:00+01:00,110.90449526324055,123.74
2026-02-01 20:45:00+01:00,107.79223449404003,115.63
2026-02-01 21:00:00+01:00,110.0705050835131,122.15
2026-02-01 21:15:00+01:00,108.07779445763623,118.56
2026-02-01 21:30:00+01:00,106.3362031158389,111.96
2026-02-01 21:45:00+01:00,103.84017446695199,102.76
2026-02-01 22:00:00+01:00,106.13515588424802,117.52
2026-02-01 22:15:00+01:00,102.7913632498735,113.49
2026-02-01 22:30:00+01:00,105.17370731086783,115.49
2026-02-01 22:45:00+01:00,105.02189422287954,109.04
2026-02-01 23:00:00+01:00,104.53760981411301,113.88
2026-02-01 23:15:00+01:00,100.59569692446242,106.17
2026-02-01 23:30:00+01:00,98.88404184881338,106.44
2026-02-01 23:45:00+01:00,96.65363001741605,99.72
2026-02-02 00:00:00+01:00,106.2469586028761,100.41
2026-02-02 00:15:00+01:00,103.7421969439043,101.91
2026-02-02 00:30:00+01:00,99.92807283874117,100.04
2026-02-02 00:45:00+01:00,96.26448923664793,96.01
2026-02-02 01:00:00+01:00,102.74603751153366,99.41
2026-02-02 01:15:00+01:00,100.40487395642566,95.0
2026-02-02 01:30:00+01:00,96.97830503226434,99.62
2026-02-02 01:45:00+01:00,97.55835184340296,97.94
2026-02-02 02:00:00+01:00,100.52216291226196,96.59
2026-02-02 02:15:00+01:00,95.83315880225155,95.2
2026-02-02 02:30:00+01:00,98.27208329444206,94.28
2026-02-02 02:45:00+01:00,97.49944687208496,94.3
2026-02-02 03:00:00+01:00,92.8753189947516,93.01
2026-02-02 03:15:00+01:00,95.94774436495977,90.52
2026-02-02 03:30:00+01:00,95.60100343907698,90.41
2026-02-02 03:45:00+01:00,97.28637395216609,90.06
2026-02-02 04:00:00+01:00,96.57520829732158,91.0
2026-02-02 04:15:00+01:00,99.59964827794153,91.63
2026-02-02 04:30:00+01:00,99.19779431322813,92.05
2026-02-02 04:45:00+01:00,97.045164369539,92.25
2026-02-02 05:00:00+01:00,94.08122030360424,94.65
2026-02-02 05:15:00+01:00,99.06718439205673,90.57
2026-02-02 05:30:00+01:00,96.06768930125517,95.85
2026-02-02 05:45:00+01:00,94.91318088376161,97.82
2026-02-02 06:00:00+01:00,101.73581673817756,89.78
2026-02-02 06:15:00+01:00,99.57903939598955,103.31
2026-02-02 06:30:00+01:00,101.01891904390178,112.82
2026-02-02 06:45:00+01:00,107.25165707635,120.39
2026-02-02 07:00:00+01:00,102.13131035104553,112.97
2026-02-02 07:15:00+01:00,108.19013882932917,117.19
2026-02-02 07:30:00+01:00,115.54036694120381,131.19
2026-02-02 07:45:00+01:00,119.10731763368288,130.19
2026-02-02 08:00:00+01:00,119.2093647910893,132.06
2026-02-02 08:15:00+01:00,118.7493172889761,139.01
2026-02-02 08:30:00+01:00,123.41543408467862,139.83
2026-02-02 08:45:00+01:00,116.44471540793633,136.57
2026-02-02 09:00:00+01:00,127.33813545700197,154.13
2026-02-02 09:15:00+01:00,123.67105887500051,142.7
2026-02-02 09:30:00+01:00,121.59332258999676,136.03
2026-02-02 09:45:00+01:00,116.58833843394275,127.76
2026-02-02 10:00:00+01:00,126.54882642670145,132.26
2026-02-02 10:15:00+01:00,119.74863526896449,128.66
2026-02-02 10:30:00+01:00,113.80813556156554,123.15
2026-02-02 10:45:00+01:00,115.12477326680627,114.09
2026-02-02 11:00:00+01:00,106.99441344570326,124.83
2026-02-02 11:15:00+01:00,117.23719275036707,116.25
2026-02-02 11:30:00+01:00,115.7925486564045,110.01
2026-02-02 11:45:00+01:00,111.01245321500501,107.58
2026-02-02 12:00:00+01:00,109.76992731882964,112.69
2026-02-02 12:15:00+01:00,111.75291163256455,107.5
2026-02-02 12:30:00+01:00,116.26699331716773,109.15
2026-02-02 12:45:00+01:00,108.69504244052514,107.51
2026-02-02 13:00:00+01:00,107.74005088503552,105.2
2026-02-02 13:15:00+01:00,107.22500754295791,104.1
2026-02-02 13:30:00+01:00,105.07659783415546,103.44
2026-02-02 13:45:00+01:00,101.16645164233732,103.26
2026-02-02 14:00:00+01:00,105.81936736143604,101.49
2026-02-02 14:15:00+01:00,106.61560302052419,101.98
2026-02-02 14:30:00+01:00,102.28096840293605,103.45
2026-02-02 14:45:00+01:00,104.09446782079607,104.69
2026-02-02 15:00:00+01:00,104.53667366721206,101.43
2026-02-02 15:15:00+01:00,107.49901594945459,103.45
2026-02-02 15:30:00+01:00,101.81579704380395,104.75
2026-02-02 15:45:00+01:00,107.72837546096171,110.68
2026-02-02 16:00:00+01:00,104.57647784942421,101.8
2026-02-02 16:15:00+01:00,110.36595750699925,107.3
2026-02-02 16:30:00+01:00,111.76446184526033,112.37
2026-02-02 16:45:00+01:00,110.50494695414085,117.64
2026-02-02 17:00:00+01:00,112.52979346166838,108.94
2026-02-02 17:15:00+01:00,115.76802421017925,117.57
2026-02-02 17:30:00+01:00,118.40810723551493,125.54
2026-02-02 17:45:00+01:00,121.6975932491766,120.74
2026-02-02 18:00:00+01:00,115.5121212664467,123.41
2026-02-02 18:15:00+01:00,116.30328629030059,117.7
2026-02-02 18:30:00+01:00,119.53225948193862,118.83
2026-02-02 18:45:00+01:00,117.10639258895185,115.93
2026-02-02 19:00:00+01:00,116.4418253216685,105.95
2026-02-02 19:15:00+01:00,111.82164665709512,105.35
2026-02-02 19:30:00+01:00,116.7907503462459,106.08
2026-02-02 19:45:00+01:00,115.01009415173836,102.62
2026-02-02 20:00:00+01:00,109.28914330321686,105.23
2026-02-02 20:15:00+01:00,103.68859611497122,103.45
2026-02-02 20:30:00+01:00,114.55192368534685,100.93
2026-02-02 20:45:00+01:00,109.18018286301428,99.41
2026-02-02 21:00:00+01:00,100.09264987414521,107.12
2026-02-02 21:15:00+01:00,101.3353578827363,103.98
2026-02-02 21:30:00+01:00,102.44177045166893,100.0
2026-02-02 21:45:00+01:00,96.68543004152049,96.96
2026-02-02 22:00:00+01:00,100.312773474328,103.9
2026-02-02 22:15:00+01:00,91.75953150819993,101.22
2026-02-02 22:30:00+01:00,102.01558635483798,100.86
2026-02-02 22:45:00+01:00,98.61142806332431,98.93
2026-02-02 23:00:00+01:00,93.91897112138828,98.56
2026-02-02 23:15:00+01:00,91.35962711242844,90.96
2026-02-02 23:30:00+01:00,93.73382460312583,90.41
2026-02-02 23:45:00+01:00,91.9937456701897,85.61
2026-02-03 00:00:00+01:00,95.05113126624401,97.41
2026-02-03 00:15:00+01:00,91.34490533008555,92.88
2026-02-03 00:30:00+01:00,87.19673999243487,89.07
2026-02-03 00:45:00+01:00,83.39963402693031,87.51
2026-02-03 01:00:00+01:00,90.703657049413,91.84
2026-02-03 01:15:00+01:00,86.03186571508043,89.62
2026-02-03 01:30:00+01:00,84.42556715060137,88.49
2026-02-03 01:45:00+01:00,82.59319625214813,87.51
2026-02-03 02:00:00+01:00,86.62572604319993,89.08
2026-02-03 02:15:00+01:00,81.85168446126914,85.01
2026-02-03 02:30:00+01:00,82.28355379262521,82.55
2026-02-03 02:45:00+01:00,81.91921056262878,79.39
2026-02-03 03:00:00+01:00,80.39446004150535,82.8
2026-02-03 03:15:00+01:00,79.11465730759474,80.16
2026-02-03 03:30:00+01:00,77.95630589581015,79.37
2026-02-03 03:45:00+01:00,78.08507274441564,77.42
2026-02-03 04:00:00+01:00,78.85208625646224,76.67
2026-02-03 04:15:00+01:00,78.16625959274363,76.02
2026-02-03 04:30:00+01:00,78.90401257584705,76.41
2026-02-03 04:45:00+01:00,81.70990672982934,78.26
2026-02-03 05:00:00+01:00,84.33744500396766,78.29
2026-02-03 05:15:00+01:00,81.89977502265658,78.08
2026-02-03 05:30:00+01:00,84.25458361317767,82.27
2026-02-03 05:45:00+01:00,85.05368977815321,90.0
2026-02-03 06:00:00+01:00,83.88564602331651,84.03
2026-02-03 06:15:00+01:00,89.04762458801288,87.11
2026-02-03 06:30:00+01:00,91.68774473314161,92.58
2026-02-03 06:45:00+01:00,95.94646637195342,100.92
2026-02-03 07:00:00+01:00,94.17686665547525,92.5
2026-02-03 07:15:00+01:00,100.16669279687319,97.01
2026-02-03 07:30:00+01:00,103.08427390890533,99.26
2026-02-03 07:45:00+01:00,105.27554647898319,102.0
2026-02-03 08:00:00+01:00,113.44952947845138,104.03
2026-02-03 08:15:00+01:00,114.5817208126592,107.01
2026-02-03 08:30:00+01:00,115.23864394200062,109.15
2026-02-03 08:45:00+01:00,110.06704549737185,104.9
2026-02-03 09:00:00+01:00,125.3218725300265,118.45
2026-02-03 09:15:00+01:00,119.1759600921706,110.16
2026-02-03 09:30:00+01:00,121.68941322838297,106.32
2026-02-03 09:45:00+01:00,108.21983020284988,97.97
2026-02-03 10:00:00+01:00,120.98437188688894,105.92
2026-02-03 10:15:00+01:00,110.64890313060671,100.01
2026-02-03 10:30:00+01:00,86.66188534743156,98.6
2026-02-03 10:45:00+01:00,98.91951779868846,95.23
2026-02-03 11:00:00+01:00,104.33449630113081,97.07
2026-02-03 11:15:00+01:00,101.62672805998339,93.1
2026-02-03 11:30:00+01:00,100.78651077995403,89.4
2026-02-03 11:45:00+01:00,98.33630027131355,83.75
2026-02-03 12:00:00+01:00,98.15682356785793,89.77
2026-02-03 12:15:00+01:00,97.23934919377673,85.35
2026-02-03 12:30:00+01:00,79.27773216714816,87.29
2026-02-03 12:45:00+01:00,93.91189020084735,89.38
2026-02-03 13:00:00+01:00,95.19189395948509,89.81
2026-02-03 13:15:00+01:00,92.61646354685,89.39
2026-02-03 13:30:00+01:00,91.05030688424229,90.02
2026-02-03 13:45:00+01:00,93.59306345266363,90.4
2026-02-03 14:00:00+01:00,75.14522588860008,86.52
2026-02-03 14:15:00+01:00,97.13247755394481,92.02
2026-02-03 14:30:00+01:00,99.57525407096978,95.69
2026-02-03 14:45:00+01:00,96.64895105098687,98.38
2026-02-03 15:00:00+01:00,99.04286793130892,93.09
2026-02-03 15:15:00+01:00,87.93290571082453,99.89
2026-02-03 15:30:00+01:00,97.49483138544065,102.27
2026-02-03 15:45:00+01:00,99.57603038858485,106.39
2026-02-03 16:00:00+01:00,96.01229764478218,98.5
2026-02-03 16:15:00+01:00,98.40660074049426,103.4
2026-02-03 16:30:00+01:00,105.05931101785212,107.05
2026-02-03 16:45:00+01:00,108.63665265292491,117.51
2026-02-03 17:00:00+01:00,104.85798379800113,112.95
2026-02-03 17:15:00+01:00,111.78864744901027,124.96
2026-02-03 17:30:00+01:00,121.11201230402784,132.58
2026-02-03 17:45:00+01:00,121.77975512951383,132.6
2026-02-03 18:00:00+01:00,113.74114129131407,125.52
2026-02-03 18:15:00+01:00,110.42743690088714,125.55
2026-02-03 18:30:00+01:00,113.90196759511387,126.89
2026-02-03 18:45:00+01:00,114.44962119517075,127.43
2026-02-03 19:00:00+01:00,109.62438094596381,124.38
2026-02-03 19:15:00+01:00,105.0929649953238,124.35
2026-02-03 19:30:00+01:00,106.0117007522371,123.96
2026-02-03 19:45:00+01:00,109.64570535933875,120.22
2026-02-03 20:00:00+01:00,101.56186294292608,118.72
2026-02-03 20:15:00+01:00,104.23836039714776,115.9
2026-02-03 20:30:00+01:00,96.38360573847149,110.84
2026-02-03 20:45:00+01:00,98.40113820611084,106.14
2026-02-03 21:00:00+01:00,103.22093210015062,108.04
2026-02-03 21:15:00+01:00,98.0200784188658,104.82
2026-02-03 21:30:00+01:00,96.58108328233952,101.87
2026-02-03 21:45:00+01:00,95.8174571793844,98.44
2026-02-03 22:00:00+01:00,97.3002902733456,105.86
2026-02-03 22:15:00+01:00,96.08101040002305,101.46
2026-02-03 22:30:00+01:00,102.14391418019751,100.21
2026-02-03 22:45:00+01:00,99.25906534089619,96.05
2026-02-03 23:00:00+01:00,86.56872386473123,98.12
2026-02-03 23:15:00+01:00,93.95077307362119,97.33
2026-02-03 23:30:00+01:00,94.4012850410411,94.88
2026-02-03 23:45:00+01:00,93.82487629773742,88.92
2026-02-04 00:00:00+01:00,100.13787626569209,96.79
2026-02-04 00:15:00+01:00,97.68826628027192,93.22
2026-02-04 00:30:00+01:00,92.44292823228035,94.59
2026-02-04 00:45:00+01:00,87.65524265789008,95.41
2026-02-04 01:00:00+01:00,96.43166232329787,93.65
2026-02-04 01:15:00+01:00,91.95358830132716,92.79
2026-02-04 01:30:00+01:00,91.32523731905805,92.75
2026-02-04 01:45:00+01:00,89.43809895026007,91.96
2026-02-04 02:00:00+01:00,91.75093990098486,92.71
2026-02-04 02:15:00+01:00,89.1679674068886,91.83
2026-02-04 02:30:00+01:00,88.32029275811294,92.85
2026-02-04 02:45:00+01:00,88.27811889587426,94.46
2026-02-04 03:00:00+01:00,87.51982011171708,94.63
2026-02-04 03:15:00+01:00,87.76073623585634,93.53
2026-02-04 03:30:00+01:00,87.65306439175242,95.5
2026-02-04 03:45:00+01:00,87.9585526507165,94.83
2026-02-04 04:00:00+01:00,87.01896638377242,92.53
2026-02-04 04:15:00+01:00,87.36766030657414,92.54
2026-02-04 04:30:00+01:00,87.18810953173823,94.56
2026-02-04 04:45:00+01:00,89.421671139011,96.2
2026-02-04 05:00:00+01:00,88.19943048944461,92.95
2026-02-04 05:15:00+01:00,87.90259873739626,95.01
2026-02-04 05:30:00+01:00,90.96079785953513,96.98
2026-02-04 05:45:00+01:00,95.53477310865743,101.4
2026-02-04 06:00:00+01:00,89.97774646792905,98.61
2026-02-04 06:15:00+01:00,97.1319263490917,102.56
2026-02-04 06:30:00+01:00,101.58554413358245,108.01
2026-02-04 06:45:00+01:00,111.81393427984172,111.96
2026-02-04 07:00:00+01:00,103.8328919392014,115.02
2026-02-04 07:15:00+01:00,113.08728905775664,120.22
2026-02-04 07:30:00+01:00,115.75479070536488,126.29
2026-02-04 07:45:00+01:00,119.48930902281931,130.21
2026-02-04 08:00:00+01:00,122.72777044444561,133.59
2026-02-04 08:15:00+01:00,129.07776060399328,137.49
2026-02-04 08:30:00+01:00,124.98685884875728,131.01
2026-02-04 08:45:00+01:00,122.18510059352705,124.33
2026-02-04 09:00:00+01:00,133.10099824507444,135.94
2026-02-04 09:15:00+01:00,128.61215023842468,123.76
2026-02-04 09:30:00+01:00,124.53017108077324,118.63
2026-02-04 09:45:00+01:00,118.67293437301146,112.36
2026-02-04 10:00:00+01:00,126.92891191308915,119.73
2026-02-04 10:15:00+01:00,117.74915370793308,113.9
2026-02-04 10:30:00+01:00,115.73386025599646,105.54
2026-02-04 10:45:00+01:00,111.49650169031176,100.83
2026-02-04 11:00:00+01:00,115.20021876309212,102.53
2026-02-04 11:15:00+01:00,113.54471504663627,100.29
2026-02-04 11:30:00+01:00,110.78411207311086,96.54
2026-02-04 11:45:00+01:00,107.75169510833378,95.47
2026-02-04 12:00:00+01:00,110.34991285732383,94.67
2026-02-04 12:15:00+01:00,106.91517081009452,92.14
2026-02-04 12:30:00+01:00,107.84738424761947,90.46
2026-02-04 12:45:00+01:00,107.81797979875265,90.39
2026-02-04 13:00:00+01:00,107.68924831772446,91.4
2026-02-04 13:15:00+01:00,105.67198966717633,90.27
2026-02-04 13:30:00+01:00,103.57031439067254,90.4
2026-02-04 13:45:00+01:00,101.69962372394144,93.46
2026-02-04 14:00:00+01:00,104.08396420145995,92.75
2026-02-04 14:15:00+01:00,104.08512937955605,93.56
2026-02-04 14:30:00+01:00,111.48622788585443,95.41
2026-02-04 14:45:00+01:00,106.28471380013913,102.59
2026-02-04 15:00:00+01:00,104.19828203729149,95.24
2026-02-04 15:15:00+01:00,105.84186891506313,100.56
2026-02-04 15:30:00+01:00,112.34047565501098,106.66
2026-02-04 15:45:00+01:00,117.34494345663116,109.04
2026-02-04 16:00:00+01:00,109.23341806787326,105.65
2026-02-04 16:15:00+01:00,116.96984171615512,109.41
2026-02-04 16:30:00+01:00,124.62066916979293,116.85
2026-02-04 16:45:00+01:00,131.28797705210718,124.83
2026-02-04 17:00:00+01:00,125.27017428180778,117.9
2026-02-04 17:15:00+01:00,132.43698761434825,124.13
2026-02-04 17:30:00+01:00,138.31182852532274,128.43
2026-02-04 17:45:00+01:00,137.24509262221434,128.01
2026-02-04 18:00:00+01:00,132.64632454480966,119.38
2026-02-04 18:15:00+01:00,129.62920685068815,117.03
2026-02-04 18:30:00+01:00,128.50900393407696,116.69
2026-02-04 18:45:00+01:00,123.9038656999476,115.06
2026-02-04 19:00:00+01:00,124.78846306368433,116.57
2026-02-04 19:15:00+01:00,119.29287377029252,105.28
2026-02-04 19:30:00+01:00,122.89706870082692,99.98
2026-02-04 19:45:00+01:00,118.33918719735776,96.25
2026-02-04 20:00:00+01:00,116.64029644550796,103.89
2026-02-04 20:15:00+01:00,113.08278549831611,96.23
2026-02-04 20:30:00+01:00,110.23829858394964,93.58
2026-02-04 20:45:00+01:00,105.86226891266791,91.45
2026-02-04 21:00:00+01:00,111.84006904108392,99.22
2026-02-04 21:15:00+01:00,107.56368039304691,95.29
2026-02-04 21:30:00+01:00,106.14142259950927,92.96
2026-02-04 21:45:00+01:00,101.81213111150298,91.54
2026-02-04 22:00:00+01:00,109.99376673983569,98.24
2026-02-04 22:15:00+01:00,105.36255524721581,95.4
2026-02-04 22:30:00+01:00,109.60638057269878,93.71
2026-02-04 22:45:00+01:00,100.1607794952111,87.94
2026-02-04 23:00:00+01:00,104.98934057699971,92.4
2026-02-04 23:15:00+01:00,95.51913031974307,87.98
2026-02-04 23:30:00+01:00,94.74694756894866,85.09
2026-02-04 23:45:00+01:00,91.6180882137651,79.76
2026-02-05 00:00:00+01:00,94.12398124225986,90.11
2026-02-05 00:15:00+01:00,88.4508056076888,90.55
2026-02-05 00:30:00+01:00,85.44959888997975,90.25
2026-02-05 00:45:00+01:00,84.18385684148225,90.3
2026-02-05 01:00:00+01:00,88.83940865535561,89.79
2026-02-05 01:15:00+01:00,85.90208726221593,88.89
2026-02-05 01:30:00+01:00,84.46569319268148,88.61
2026-02-05 01:45:00+01:00,82.9892561568576,86.46
2026-02-05 02:00:00+01:00,84.12944170299197,87.06
2026-02-05 02:15:00+01:00,82.76346381228132,87.12
2026-02-05 02:30:00+01:00,83.59480256956006,88.17
2026-02-05 02:45:00+01:00,83.14677954187016,87.38
2026-02-05 03:00:00+01:00,83.76689806409021,86.59
2026-02-05 03:15:00+01:00,82.18476966782018,88.2
2026-02-05 03:30:00+01:00,83.50755102214549,88.18
2026-02-05 03:45:00+01:00,83.7309460159051,88.21
2026-02-05 04:00:00+01:00,82.81398338394635,87.44
2026-02-05 04:15:00+01:00,82.55926622869329,88.99
2026-02-05 04:30:00+01:00,83.2379169190393,90.17
2026-02-05 04:45:00+01:00,86.20585366072042,91.66
2026-02-05 05:00:00+01:00,83.79143677237263,88.3
2026-02-05 05:15:00+01:00,84.80647074841231,90.56
2026-02-05 05:30:00+01:00,88.1874102386796,92.26
2026-02-05 05:45:00+01:00,93.53635628929712,94.92
2026-02-05 06:00:00+01:00,87.13724200743243,93.33
2026-02-05 06:15:00+01:00,96.55516152723635,104.99
2026-02-05 06:30:00+01:00,102.34343217696791,105.0
2026-02-05 06:45:00+01:00,105.47886402552874,108.06
2026-02-05 07:00:00+01:00,103.36732828358281,103.15
2026-02-05 07:15:00+01:00,111.05253402417348,110.05
2026-02-05 07:30:00+01:00,111.37505371690315,118.63
2026-02-05 07:45:00+01:00,116.09673475931079,121.45
2026-02-05 08:00:00+01:00,120.13155466000393,122.62
2026-02-05 08:15:00+01:00,124.7876458968444,125.34
2026-02-05 08:30:00+01:00,124.49211310973438,127.65
2026-02-05 08:45:00+01:00,117.36964611666801,125.85
2026-02-05 09:00:00+01:00,130.6018802153727,127.66
2026-02-05 09:15:00+01:00,125.14850568682668,122.98
2026-02-05 09:30:00+01:00,119.00048517835555,119.63
2026-02-05 09:45:00+01:00,108.85319736143222,115.81
2026-02-05 10:00:00+01:00,125.20689491243074,127.01
2026-02-05 10:15:00+01:00,110.3742727012835,121.37
2026-02-05 10:30:00+01:00,102.40939197500536,115.5
2026-02-05 10:45:00+01:00,95.82410070465029,108.89
2026-02-05 11:00:00+01:00,99.19227611044272,128.26
2026-02-05 11:15:00+01:00,97.61698988717738,121.58
2026-02-05 11:30:00+01:00,93.79819696013219,120.13
2026-02-05 11:45:00+01:00,87.75733367377235,114.3
2026-02-05 12:00:00+01:00,89.28959340761553,110.44
2026-02-05 12:15:00+01:00,88.6966452825774,108.08
2026-02-05 12:30:00+01:00,90.85105838905324,107.56
2026-02-05 12:45:00+01:00,92.51759588192466,106.93
2026-02-05 13:00:00+01:00,86.83572649233354,108.38
2026-02-05 13:15:00+01:00,88.27291321214709,110.0
2026-02-05 13:30:00+01:00,86.08480201261327,110.21
2026-02-05 13:45:00+01:00,92.27261763289079,110.44
2026-02-05 14:00:00+01:00,85.92153612258602,105.28
2026-02-05 14:15:00+01:00,96.55251388868724,108.71
2026-02-05 14:30:00+01:00,118.91631654008849,110.51
2026-02-05 14:45:00+01:00,110.62022919449376,115.91
2026-02-05 15:00:00+01:00,101.09253382373952,107.75
2026-02-05 15:15:00+01:00,111.72681999739473,111.99
2026-02-05 15:30:00+01:00,118.44541523606911,119.87
2026-02-05 15:45:00+01:00,125.26496748143882,128.31
2026-02-05 16:00:00+01:00,110.72920889680988,118.01
2026-02-05 16:15:00+01:00,118.79944350361235,124.01
2026-02-05 16:30:00+01:00,126.84929752485925,130.57
2026-02-05 16:45:00+01:00,140.24284087301245,131.41
2026-02-05 17:00:00+01:00,130.00018478741194,127.82
2026-02-05 17:15:00+01:00,141.19853220634698,134.93
2026-02-05 17:30:00+01:00,152.70115572651375,147.94
2026-02-05 17:45:00+01:00,149.66484989875568,151.31
2026-02-05 18:00:00+01:00,138.4623127079334,139.82
2026-02-05 18:15:00+01:00,138.4823863932921,135.23
2026-02-05 18:30:00+01:00,138.96733281614456,137.98
2026-02-05 18:45:00+01:00,137.34099483592547,133.55
2026-02-05 19:00:00+01:00,139.63548775384703,138.04
2026-02-05 19:15:00+01:00,132.70787669045058,133.45
2026-02-05 19:30:00+01:00,132.28041013242407,131.66
2026-02-05 19:45:00+01:00,129.28318340983262,128.48
2026-02-05 20:00:00+01:00,127.96517808675212,131.0
2026-02-05 20:15:00+01:00,120.93875723830837,124.39
2026-02-05 20:30:00+01:00,122.65406387037474,118.14
2026-02-05 20:45:00+01:00,114.77795997402784,109.71
2026-02-05 21:00:00+01:00,113.83237479631465,113.44
2026-02-05 21:15:00+01:00,116.75359382732759,109.22
2026-02-05 21:30:00+01:00,110.54388949694345,106.98
2026-02-05 21:45:00+01:00,102.45283944767364,101.49
2026-02-05 22:00:00+01:00,112.37529318398575,110.95
2026-02-05 22:15:00+01:00,105.81832135509231,106.57
2026-02-05 22:30:00+01:00,116.31912426989712,104.26
2026-02-05 22:45:00+01:00,104.74651192064763,101.74
2026-02-05 23:00:00+01:00,107.68812561240262,107.33
2026-02-05 23:15:00+01:00,100.93337783269774,103.9
2026-02-05 23:30:00+01:00,102.20533769871595,97.52
2026-02-05 23:45:00+01:00,96.8266594879487,91.4
2026-02-06 00:00:00+01:00,104.75093216368325,100.52
2026-02-06 00:15:00+01:00,100.21997316787393,98.45
2026-02-06 00:30:00+01:00,95.03564904036838,98.16
2026-02-06 00:45:00+01:00,93.15307509907716,100.11
2026-02-06 01:00:00+01:00,100.55300298228917,101.13
2026-02-06 01:15:00+01:00,96.26647106634655,99.4
2026-02-06 01:30:00+01:00,94.75497275134748,98.31
2026-02-06 01:45:00+01:00,92.9810881195207,97.67
2026-02-06 02:00:00+01:00,95.48901697297516,98.8
2026-02-06 02:15:00+01:00,94.76741389020705,97.88
2026-02-06 02:30:00+01:00,95.23747104990065,97.27
2026-02-06 02:45:00+01:00,96.80882230307267,98.4
2026-02-06 03:00:00+01:00,94.84900871114519,96.86
2026-02-06 03:15:00+01:00,95.66000646148376,98.74
2026-02-06 03:30:00+01:00,97.928088719668,98.4
2026-02-06 03:45:00+01:00,98.05920492636426,98.91
2026-02-06 04:00:00+01:00,96.54981655187285,97.26
2026-02-06 04:15:00+01:00,97.23301931256658,98.78
2026-02-06 04:30:00+01:00,98.62243486872848,98.98
2026-02-06 04:45:00+01:00,101.19694664196902,99.95
2026-02-06 05:00:00+01:00,97.52907719663813,99.36
2026-02-06 05:15:00+01:00,98.11952736473535,100.5
2026-02-06 05:30:00+01:00,102.11182754837242,101.32
2026-02-06 05:45:00+01:00,104.88544519081607,108.15
2026-02-06 06:00:00+01:00,100.2458728037088,99.09
2026-02-06 06:15:00+01:00,108.07348300998437,109.67
2026-02-06 06:30:00+01:00,118.89693661512726,116.35
2026-02-06 06:45:00+01:00,134.23816509905015,136.58
2026-02-06 07:00:00+01:00,117.96276153117061,126.87
2026-02-06 07:15:00+01:00,127.44326169161111,136.82
2026-02-06 07:30:00+01:00,137.00745584086448,147.99
2026-02-06 07:45:00+01:00,146.97507149689937,146.17
2026-02-06 08:00:00+01:00,149.41747853113063,138.67
2026-02-06 08:15:00+01:00,154.63545775430742,145.7
2026-02-06 08:30:00+01:00,157.08508440035112,146.6
2026-02-06 08:45:00+01:00,151.4957752631133,147.99
2026-02-06 09:00:00+01:00,157.05808797442697,148.13
2026-02-06 09:15:00+01:00,155.662154281386,147.99
2026-02-06 09:30:00+01:00,159.79387331451446,141.71
2026-02-06 09:45:00+01:00,153.82106495269204,138.98
2026-02-06 10:00:00+01:00,151.1894426719579,148.06
2026-02-06 10:15:00+01:00,158.23892217588826,143.59
2026-02-06 10:30:00+01:00,164.16995236153974,140.04
2026-02-06 10:45:00+01:00,146.94726791352903,136.68
2026-02-06 11:00:00+01:00,155.41991758707056,143.66
2026-02-06 11:15:00+01:00,154.3162073933729,141.19
2026-02-06 11:30:00+01:00,151.38650283618384,137.77
2026-02-06 11:45:00+01:00,146.22614994419868,133.02
2026-02-06 12:00:00+01:00,138.5514463384946,138.8
2026-02-06 12:15:00+01:00,147.33819759967412,135.34
2026-02-06 12:30:00+01:00,137.97796372622207,136.68
2026-02-06 12:45:00+01:00,136.39219317066525,134.02
2026-02-06 13:00:00+01:00,138.95381372241627,137.76
2026-02-06 13:15:00+01:00,139.8968928028741,135.66
2026-02-06 13:30:00+01:00,133.34931273574716,136.96
2026-02-06 13:45:00+01:00,127.26694782940405,133.19
2026-02-06 14:00:00+01:00,135.24670916668975,128.35
2026-02-06 14:15:00+01:00,139.19914493136136,134.05
2026-02-06 14:30:00+01:00,142.8689827432225,137.9
2026-02-06 14:45:00+01:00,159.24108197794646,142.37
2026-02-06 15:00:00+01:00,138.5826749440549,132.03
2026-02-06 15:15:00+01:00,158.31674124666472,136.86
2026-02-06 15:30:00+01:00,166.45855879066065,142.29
2026-02-06 15:45:00+01:00,157.62512484625805,146.71
2026-02-06 16:00:00+01:00,142.05315425035064,131.82
2026-02-06 16:15:00+01:00,156.23256672854492,133.74
2026-02-06 16:30:00+01:00,160.04051522056596,135.28
2026-02-06 16:45:00+01:00,181.23726455073435,135.01
2026-02-06 17:00:00+01:00,185.1532682507705,128.16
2026-02-06 17:15:00+01:00,178.8592547198964,136.04
2026-02-06 17:30:00+01:00,185.2506665529711,141.27
2026-02-06 17:45:00+01:00,179.96442747988294,143.28
2026-02-06 18:00:00+01:00,183.95474311246258,140.19
2026-02-06 18:15:00+01:00,176.9772354187199,137.62
2026-02-06 18:30:00+01:00,157.1613059033716,125.95
2026-02-06 18:45:00+01:00,149.1865202071191,125.0
2026-02-06 19:00:00+01:00,165.2887685286745,137.26
2026-02-06 19:15:00+01:00,147.48416761013897,124.73
2026-02-06 19:30:00+01:00,137.86007758640966,125.56
2026-02-06 19:45:00+01:00,127.86343340793428,114.96
2026-02-06 20:00:00+01:00,143.7605892805884,119.51
2026-02-06 20:15:00+01:00,126.43014252239628,110.53
2026-02-06 20:30:00+01:00,123.01349623453362,107.55
2026-02-06 20:45:00+01:00,117.19072507113886,106.34
2026-02-06 21:00:00+01:00,130.7252886494223,114.35
2026-02-06 21:15:00+01:00,128.68942939445262,109.83
2026-02-06 21:30:00+01:00,116.48578641055286,107.01
2026-02-06 21:45:00+01:00,118.11403324110714,104.21
2026-02-06 22:00:00+01:00,120.84694691461658,109.8
2026-02-06 22:15:00+01:00,127.22747565629768,106.06
2026-02-06 22:30:00+01:00,111.90193235653312,105.06
2026-02-06 22:45:00+01:00,109.57784843045042,104.13
2026-02-06 23:00:00+01:00,116.74885957502516,107.05
2026-02-06 23:15:00+01:00,108.5317309789997,103.65
2026-02-06 23:30:00+01:00,101.03515369793057,101.41
2026-02-06 23:45:00+01:00,97.00577633838141,96.84
2026-02-07 00:00:00+01:00,106.95314074418985,104.57
2026-02-07 00:15:00+01:00,102.51604744056507,101.03
2026-02-07 00:30:00+01:00,100.09715904745225,100.53
2026-02-07 00:45:00+01:00,99.46101186713649,99.84
2026-02-07 01:00:00+01:00,103.31495413718378,100.25
2026-02-07 01:15:00+01:00,103.4419700534055,98.78
2026-02-07 01:30:00+01:00,101.41564865670732,100.7
2026-02-07 01:45:00+01:00,98.08874336724513,100.27
2026-02-07 02:00:00+01:00,100.85400984868245,100.17
2026-02-07 02:15:00+01:00,100.89099811191403,99.41
2026-02-07 02:30:00+01:00,100.81576186231958,96.89
2026-02-07 02:45:00+01:00,101.61755299985613,95.7
2026-02-07 03:00:00+01:00,100.91672104562963,98.28
2026-02-07 03:15:00+01:00,101.31003983370606,96.5
2026-02-07 03:30:00+01:00,101.58555106302454,97.31
2026-02-07 03:45:00+01:00,102.7783175188138,95.45
2026-02-07 04:00:00+01:00,101.40429333133662,95.86
2026-02-07 04:15:00+01:00,101.34169646153461,96.58
2026-02-07 04:30:00+01:00,102.3974834704825,96.8
2026-02-07 04:45:00+01:00,101.94974648627311,96.34
2026-02-07 05:00:00+01:00,102.02473043171935,94.57
2026-02-07 05:15:00+01:00,101.43516580314503,96.34
2026-02-07 05:30:00+01:00,100.81098176393952,96.74
2026-02-07 05:45:00+01:00,99.29388548305329,99.25
2026-02-07 06:00:00+01:00,98.48623682483172,90.06
2026-02-07 06:15:00+01:00,96.16923530079819,95.97
2026-02-07 06:30:00+01:00,97.04047762689899,98.97
2026-02-07 06:45:00+01:00,103.03537437160858,103.38
2026-02-07 07:00:00+01:00,108.98778978233126,100.28
2026-02-07 07:15:00+01:00,115.40884599532706,102.39
2026-02-07 07:30:00+01:00,118.31768780050662,107.13
2026-02-07 07:45:00+01:00,126.13064067213978,112.39
2026-02-07 08:00:00+01:00,128.08458297162386,108.15
2026-02-07 08:15:00+01:00,130.8458058563693,113.61
2026-02-07 08:30:00+01:00,131.37637440043187,116.99
2026-02-07 08:45:00+01:00,126.03608462304504,117.57
2026-02-07 09:00:00+01:00,139.1630689084507,125.0
2026-02-07 09:15:00+01:00,132.96775418045473,119.51
2026-02-07 09:30:00+01:00,129.3628926966134,117.06
2026-02-07 09:45:00+01:00,133.99603869593366,110.33
2026-02-07 10:00:00+01:00,140.44933839519754,117.03
2026-02-07 10:15:00+01:00,131.23256650599794,109.37
2026-02-07 10:30:00+01:00,127.70105403344621,107.78
2026-02-07 10:45:00+01:00,127.07231085876559,106.07
2026-02-07 11:00:00+01:00,131.38604049068172,106.89
2026-02-07 11:15:00+01:00,131.23685540527862,105.84
2026-02-07 11:30:00+01:00,130.82268362704215,103.76
2026-02-07 11:45:00+01:00,126.50054665562021,101.64
2026-02-07 12:00:00+01:00,136.6332588902619,103.69
2026-02-07 12:15:00+01:00,127.60302040225318,101.15
2026-02-07 12:30:00+01:00,123.17965323715984,98.1
2026-02-07 12:45:00+01:00,117.2449332350943,97.53
2026-02-07 13:00:00+01:00,121.38719178287138,97.92
2026-02-07 13:15:00+01:00,117.61509300524254,97.32
2026-02-07 13:30:00+01:00,116.9802659932231,96.89
2026-02-07 13:45:00+01:00,117.5392214556752,97.42
2026-02-07 14:00:00+01:00,122.10077697348308,96.46
2026-02-07 14:15:00+01:00,126.5590775391666,97.68
2026-02-07 14:30:00+01:00,132.1357047918585,101.43
2026-02-07 14:45:00+01:00,134.19261484076188,104.14
2026-02-07 15:00:00+01:00,129.13681824818087,101.41
2026-02-07 15:15:00+01:00,132.97122003838012,103.59
2026-02-07 15:30:00+01:00,145.43828904335805,108.77
2026-02-07 15:45:00+01:00,149.1594130910403,111.56
2026-02-07 16:00:00+01:00,137.76781850422583,108.08
2026-02-07 16:15:00+01:00,142.00313222430006,116.82
2026-02-07 16:30:00+01:00,150.04154195376995,124.21
2026-02-07 16:45:00+01:00,164.25114990624877,132.05
2026-02-07 17:00:00+01:00,152.35667685354238,127.43
2026-02-07 17:15:00+01:00,160.77240699933478,131.08
2026-02-07 17:30:00+01:00,159.18927237969586,137.11
2026-02-07 17:45:00+01:00,146.8995863803903,140.53
2026-02-07 18:00:00+01:00,150.82701140821806,137.98
2026-02-07 18:15:00+01:00,148.70213673915694,136.38
2026-02-07 18:30:00+01:00,147.96605220694397,134.22
2026-02-07 18:45:00+01:00,133.16822196186664,132.75
2026-02-07 19:00:00+01:00,153.8303866247669,131.43
2026-02-07 19:15:00+01:00,139.82539372357766,132.13
2026-02-07 19:30:00+01:00,129.09959303214944,126.72
2026-02-07 19:45:00+01:00,118.54105801617781,119.71
2026-02-07 20:00:00+01:00,133.405896172665,125.25
2026-02-07 20:15:00+01:00,121.80952992456143,115.47
2026-02-07 20:30:00+01:00,114.8460137617104,108.07
2026-02-07 20:45:00+01:00,106.37614228845831,104.79
2026-02-07 21:00:00+01:00,116.59061267083797,109.19
2026-02-07 21:15:00+01:00,114.147581518171,105.36
2026-02-07 21:30:00+01:00,108.90313478115421,102.94
2026-02-07 21:45:00+01:00,103.15450932749698,100.07
2026-02-07 22:00:00+01:00,119.25958463908628,107.6
2026-02-07 22:15:00+01:00,111.78826905041768,105.41
2026-02-07 22:30:00+01:00,108.96843658442516,103.25
2026-02-07 22:45:00+01:00,106.03622640236537,100.03
2026-02-07 23:00:00+01:00,113.8556207243172,105.96
2026-02-07 23:15:00+01:00,105.11670949100329,101.17
2026-02-07 23:30:00+01:00,100.4705098636041,96.11
2026-02-07 23:45:00+01:00,98.08023190722277,91.8
2026-02-08 00:00:00+01:00,103.35208264648345,110.04
2026-02-08 00:15:00+01:00,101.11665816773946,101.13
2026-02-08 00:30:00+01:00,96.116945792487,99.99
2026-02-08 00:45:00+01:00,93.8129952973527,96.98
2026-02-08 01:00:00+01:00,99.75271367886036,101.51
2026-02-08 01:15:00+01:00,96.37262092711367,101.37
2026-02-08 01:30:00+01:00,94.95434358669172,97.1
2026-02-08 01:45:00+01:00,92.35488652850921,96.2
2026-02-08 02:00:00+01:00,96.28292003695648,99.9
2026-02-08 02:15:00+01:00,94.23831788011623,97.49
2026-02-08 02:30:00+01:00,92.81488741943039,96.63
2026-02-08 02:45:00+01:00,91.30386134213369,96.25
2026-02-08 03:00:00+01:00,92.21525891204766,97.43
2026-02-08 03:15:00+01:00,92.88723835417599,96.7
2026-02-08 03:30:00+01:00,92.8575417201524,95.64
2026-02-08 03:45:00+01:00,92.0260705477805,95.93
2026-02-08 04:00:00+01:00,91.91146091277271,94.9
2026-02-08 04:15:00+01:00,91.22095386684961,94.5
2026-02-08 04:30:00+01:00,91.54436233491586,95.05
2026-02-08 04:45:00+01:00,92.08108175730277,94.99
2026-02-08 05:00:00+01:00,90.30497575758676,95.59
2026-02-08 05:15:00+01:00,90.76629700068938,95.41
2026-02-08 05:30:00+01:00,92.73072591679411,95.49
2026-02-08 05:45:00+01:00,98.78245978323483,96.51
2026-02-08 06:00:00+01:00,92.55049822563004,90.28
2026-02-08 06:15:00+01:00,94.00933625276802,92.8
2026-02-08 06:30:00+01:00,99.83528533697843,96.45
2026-02-08 06:45:00+01:00,99.9304180360563,100.47
2026-02-08 07:00:00+01:00,100.4962962401981,91.09
2026-02-08 07:15:00+01:00,104.0809386779341,94.71
2026-02-08 07:30:00+01:00,107.2479218355853,96.3
2026-02-08 07:45:00+01:00,111.84765853018413,101.12
2026-02-08 08:00:00+01:00,107.15544277921404,96.05
2026-02-08 08:15:00+01:00,109.1927571614597,101.24
2026-02-08 08:30:00+01:00,109.95314108923404,101.57
2026-02-08 08:45:00+01:00,111.32094823140339,102.53
2026-02-08 09:00:00+01:00,118.46010780618592,101.92
2026-02-08 09:15:00+01:00,113.58694325684152,102.84
2026-02-08 09:30:00+01:00,114.50131604271641,102.36
2026-02-08 09:45:00+01:00,108.9710909016115,100.83
2026-02-08 10:00:00+01:00,117.63933228927505,104.37
2026-02-08 10:15:00+01:00,111.01757719041272,103.81
2026-02-08 10:30:00+01:00,108.52386851013628,101.62
2026-02-08 10:45:00+01:00,107.51766474648313,100.78
2026-02-08 11:00:00+01:00,112.00276829615969,102.14
2026-02-08 11:15:00+01:00,113.47507833444519,100.85
2026-02-08 11:30:00+01:00,112.0182713398693,98.64
2026-02-08 11:45:00+01:00,108.74419479021836,96.77
2026-02-08 12:00:00+01:00,110.24021720809608,97.86
2026-02-08 12:15:00+01:00,110.65067885869796,96.77
2026-02-08 12:30:00+01:00,107.90733697884103,96.97
2026-02-08 12:45:00+01:00,105.06345829739753,94.69
2026-02-08 13:00:00+01:00,108.41000788039261,95.1
2026-02-08 13:15:00+01:00,105.05298333121524,94.01
2026-02-08 13:30:00+01:00,104.4340730634985,96.26
2026-02-08 13:45:00+01:00,101.60018777367628,96.43
2026-02-08 14:00:00+01:00,105.1122878795548,94.09
2026-02-08 14:15:00+01:00,102.7243572250094,96.62
2026-02-08 14:30:00+01:00,106.51934931219759,97.71
2026-02-08 14:45:00+01:00,111.78062462360018,100.46
2026-02-08 15:00:00+01:00,106.02824507781926,98.03
2026-02-08 15:15:00+01:00,109.64616977582119,100.52
2026-02-08 15:30:00+01:00,116.47441945501139,104.32
2026-02-08 15:45:00+01:00,116.53176752917356,110.42
2026-02-08 16:00:00+01:00,114.37709196475399,100.84
2026-02-08 16:15:00+01:00,122.44660760219236,107.64
2026-02-08 16:30:00+01:00,124.57635204826482,115.03
2026-02-08 16:45:00+01:00,128.9141517796116,123.63
2026-02-08 17:00:00+01:00,127.40542556679922,119.54
2026-02-08 17:15:00+01:00,132.44884895519746,125.98
2026-02-08 17:30:00+01:00,132.3182512354584,131.0
2026-02-08 17:45:00+01:00,121.67749232126359,134.01
2026-02-08 18:00:00+01:00,131.81668012559902,129.79
2026-02-08 18:15:00+01:00,117.04537596399284,132.89
2026-02-08 18:30:00+01:00,129.2717610425171,132.55
2026-02-08 18:45:00+01:00,123.60850088889786,129.84
2026-02-08 19:00:00+01:00,127.536051580652,132.96
2026-02-08 19:15:00+01:00,123.9952400059827,129.56
2026-02-08 19:30:00+01:00,118.15553335530433,125.09
2026-02-08 19:45:00+01:00,117.33186209040986,120.02
2026-02-08 20:00:00+01:00,121.67705618576099,122.86
2026-02-08 20:15:00+01:00,116.324419235916,114.26
2026-02-08 20:30:00+01:00,110.56361721594492,109.93
2026-02-08 20:45:00+01:00,106.6636441834672,106.08
2026-02-08 21:00:00+01:00,113.5911125882249,110.84
2026-02-08 21:15:00+01:00,108.9714705198518,109.25
2026-02-08 21:30:00+01:00,105.51970100893841,106.93
2026-02-08 21:45:00+01:00,101.18918700693112,103.49
2026-02-08 22:00:00+01:00,110.43114815157523,108.08
2026-02-08 22:15:00+01:00,106.61877936115808,106.56
2026-02-08 22:30:00+01:00,103.0025256841001,104.14
2026-02-08 22:45:00+01:00,98.38803130473957,101.78
2026-02-08 23:00:00+01:00,102.40354752868461,103.42
2026-02-08 23:15:00+01:00,96.51329302673444,101.71
2026-02-08 23:30:00+01:00,94.98127679383187,100.28
2026-02-08 23:45:00+01:00,89.58462093756133,94.52
2026-02-09 00:00:00+01:00,101.9724252636389,99.98
2026-02-09 00:15:00+01:00,99.63974541228731,97.44
2026-02-09 00:30:00+01:00,97.9288692071627,95.51
2026-02-09 00:45:00+01:00,95.84859911380624,94.05
2026-02-09 01:00:00+01:00,98.38844985463597,97.68
2026-02-09 01:15:00+01:00,98.06755984140165,95.58
2026-02-09 01:30:00+01:00,96.61767305184543,94.9
2026-02-09 01:45:00+01:00,94.64918128753634,93.65
2026-02-09 02:00:00+01:00,97.03582572459402,95.32
2026-02-09 02:15:00+01:00,96.76602918830706,95.17
2026-02-09 02:30:00+01:00,94.99130346972021,96.54
2026-02-09 02:45:00+01:00,94.83586519714484,95.78
2026-02-09 03:00:00+01:00,93.79344119531993,95.71
2026-02-09 03:15:00+01:00,93.63097099068118,94.67
2026-02-09 03:30:00+01:00,93.99353761221539,95.34
2026-02-09 03:45:00+01:00,94.18544211545053,96.15
2026-02-09 04:00:00+01:00,94.25508224314349,93.42
2026-02-09 04:15:00+01:00,94.77135338494662,95.12
2026-02-09 04:30:00+01:00,95.1162434719167,96.81
2026-02-09 04:45:00+01:00,97.88580152087385,100.91
2026-02-09 05:00:00+01:00,95.23202708360708,95.7
2026-02-09 05:15:00+01:00,96.24908033172285,100.99
2026-02-09 05:30:00+01:00,97.35993319806876,105.65
2026-02-09 05:45:00+01:00,108.05164868425618,116.6
2026-02-09 06:00:00+01:00,96.33556250735356,105.0
2026-02-09 06:15:00+01:00,110.89052425703439,121.37
2026-02-09 06:30:00+01:00,120.31351214818015,136.18
2026-02-09 06:45:00+01:00,120.82671454952049,166.39
2026-02-09 07:00:00+01:00,117.20880826696799,137.14
2026-02-09 07:15:00+01:00,118.1371465323869,159.03
2026-02-09 07:30:00+01:00,131.52103411429425,168.26
2026-02-09 07:45:00+01:00,146.71121235020956,169.95
2026-02-09 08:00:00+01:00,129.3279678099988,170.29
2026-02-09 08:15:00+01:00,134.875196755491,188.94
2026-02-09 08:30:00+01:00,146.00112628120473,185.46
2026-02-09 08:45:00+01:00,139.610278828188,186.15
2026-02-09 09:00:00+01:00,148.29292713231615,183.9
2026-02-09 09:15:00+01:00,138.55077922543376,174.8
2026-02-09 09:30:00+01:00,136.01669579160694,160.07
2026-02-09 09:45:00+01:00,128.81540723267972,158.06
2026-02-09 10:00:00+01:00,137.2499092997894,166.23
2026-02-09 10:15:00+01:00,129.4541844083035,164.12
2026-02-09 10:30:00+01:00,121.71280491579344,153.99
2026-02-09 10:45:00+01:00,115.47427131106406,144.82
2026-02-09 11:00:00+01:00,123.77533235777028,151.01
2026-02-09 11:15:00+01:00,119.89482589742406,146.46
2026-02-09 11:30:00+01:00,117.16182157663023,142.9
2026-02-09 11:45:00+01:00,112.95082757721885,137.15
2026-02-09 12:00:00+01:00,113.27341316372772,143.19
2026-02-09 12:15:00+01:00,111.82832467761831,138.08
2026-02-09 12:30:00+01:00,111.5498380884351,135.18
2026-02-09 12:45:00+01:00,111.46355313499272,131.84
2026-02-09 13:00:00+01:00,110.1338439393977,136.23
2026-02-09 13:15:00+01:00,110.99755449524574,137.59
2026-02-09 13:30:00+01:00,111.1301098796792,134.26
2026-02-09 13:45:00+01:00,111.45534770083735,132.02
2026-02-09 14:00:00+01:00,108.0110574680213,123.66
2026-02-09 14:15:00+01:00,115.78174917532522,133.63
2026-02-09 14:30:00+01:00,119.31433062784937,142.14
2026-02-09 14:45:00+01:00,130.53974136977087,151.2
2026-02-09 15:00:00+01:00,116.66266482380118,128.85
2026-02-09 15:15:00+01:00,124.9198521828521,138.68
2026-02-09 15:30:00+01:00,129.26606372697543,157.78
2026-02-09 15:45:00+01:00,136.72995225057602,171.0
2026-02-09 16:00:00+01:00,124.71366972108189,141.73
2026-02-09 16:15:00+01:00,133.660985822144,160.39
2026-02-09 16:30:00+01:00,138.1102548195797,183.82
2026-02-09 16:45:00+01:00,142.67571234679104,189.99
2026-02-09 17:00:00+01:00,136.17660683396144,186.86
2026-02-09 17:15:00+01:00,137.69590554412562,233.57
2026-02-09 17:30:00+01:00,145.30397376131228,244.77
2026-02-09 17:45:00+01:00,144.6061820083535,243.65
2026-02-09 18:00:00+01:00,145.29648995638047,196.61
2026-02-09 18:15:00+01:00,140.31220232230464,186.03
2026-02-09 18:30:00+01:00,140.1781063538039,171.0
2026-02-09 18:45:00+01:00,131.38679265873364,175.26
2026-02-09 19:00:00+01:00,134.59859755923407,187.92
2026-02-09 19:15:00+01:00,138.32153470209397,170.54
2026-02-09 19:30:00+01:00,133.62786845607818,160.74
2026-02-09 19:45:00+01:00,132.03697788874206,144.04
2026-02-09 20:00:00+01:00,134.6659591575178,162.88
2026-02-09 20:15:00+01:00,129.29754814549614,148.31
2026-02-09 20:30:00+01:00,122.58887545912442,139.51
2026-02-09 20:45:00+01:00,126.03490518411036,125.81
2026-02-09 21:00:00+01:00,124.0733926577213,146.31
2026-02-09 21:15:00+01:00,123.520401644153,142.66
2026-02-09 21:30:00+01:00,131.05238771105593,131.05
2026-02-09 21:45:00+01:00,117.11202499671555,118.38
2026-02-09 22:00:00+01:00,118.40082465195286,130.45
2026-02-09 22:15:00+01:00,115.40534710458397,124.32
2026-02-09 22:30:00+01:00,114.81614849784674,123.09
2026-02-09 22:45:00+01:00,114.34274841271605,113.72
2026-02-09 23:00:00+01:00,108.33727458397871,117.03
2026-02-09 23:15:00+01:00,112.08798351374433,109.09
2026-02-09 23:30:00+01:00,103.21671672797913,107.19
2026-02-09 23:45:00+01:00,100.53768833822996,102.38
2026-02-10 00:00:00+01:00,111.34630720433468,106.37
2026-02-10 00:15:00+01:00,110.63463632687582,104.65
2026-02-10 00:30:00+01:00,103.12954172123536,103.98
2026-02-10 00:45:00+01:00,100.85809776362574,103.57
2026-02-10 01:00:00+01:00,105.48943826788124,105.03
2026-02-10 01:15:00+01:00,105.65469790176313,104.03
2026-02-10 01:30:00+01:00,103.86629149449497,103.04
2026-02-10 01:45:00+01:00,101.79191797990839,102.88
2026-02-10 02:00:00+01:00,103.19369609354365,103.21
2026-02-10 02:15:00+01:00,102.97678089324819,102.54
2026-02-10 02:30:00+01:00,101.06884898429482,102.51
2026-02-10 02:45:00+01:00,99.9815763006126,102.73
2026-02-10 03:00:00+01:00,101.41768580788512,102.83
2026-02-10 03:15:00+01:00,100.56850739358826,102.58
2026-02-10 03:30:00+01:00,99.91536293279214,102.23
2026-02-10 03:45:00+01:00,94.85963497695117,102.1
2026-02-10 04:00:00+01:00,98.36448129388248,102.02
2026-02-10 04:15:00+01:00,94.80364186554799,100.7
2026-02-10 04:30:00+01:00,96.99319351056863,102.95
2026-02-10 04:45:00+01:00,100.78921312983269,104.07
2026-02-10 05:00:00+01:00,99.05423076019643,103.59
2026-02-10 05:15:00+01:00,100.10812343779158,103.2
2026-02-10 05:30:00+01:00,103.48507195731676,104.81
2026-02-10 05:45:00+01:00,113.39314158307631,110.11
2026-02-10 06:00:00+01:00,107.64835483221489,102.5
2026-02-10 06:15:00+01:00,120.84562679255853,112.26
2026-02-10 06:30:00+01:00,131.91892773495672,124.49
2026-02-10 06:45:00+01:00,142.6228718811516,140.42
2026-02-10 07:00:00+01:00,127.25688833164955,122.95
2026-02-10 07:15:00+01:00,139.17178285327867,130.57
2026-02-10 07:30:00+01:00,151.19101916083187,141.2
2026-02-10 07:45:00+01:00,155.62504100602155,144.84
2026-02-10 08:00:00+01:00,164.40978029318228,146.49
2026-02-10 08:15:00+01:00,196.0339827447637,150.1
2026-02-10 08:30:00+01:00,180.25851317084988,141.92
2026-02-10 08:45:00+01:00,165.2306891732058,136.8
2026-02-10 09:00:00+01:00,179.5938187827019,141.6
2026-02-10 09:15:00+01:00,163.65772818460997,135.57
2026-02-10 09:30:00+01:00,153.92444461103662,129.51
2026-02-10 09:45:00+01:00,132.627944138507,121.65
2026-02-10 10:00:00+01:00,156.44925795531972,141.67
2026-02-10 10:15:00+01:00,145.18997614385566,131.0
2026-02-10 10:30:00+01:00,138.1066427648923,126.16
2026-02-10 10:45:00+01:00,131.43331872954064,117.52
2026-02-10 11:00:00+01:00,137.4887714596263,129.96
2026-02-10 11:15:00+01:00,134.2285092940243,124.03
2026-02-10 11:30:00+01:00,123.87648267492162,115.04
2026-02-10 11:45:00+01:00,122.68059676862055,108.74
2026-02-10 12:00:00+01:00,129.06370557251495,112.55
2026-02-10 12:15:00+01:00,124.17498658912895,107.28
2026-02-10 12:30:00+01:00,123.06417597682153,109.13
2026-02-10 12:45:00+01:00,117.01209832927589,107.93
2026-02-10 13:00:00+01:00,123.66000292765548,110.26
2026-02-10 13:15:00+01:00,123.2434179186196,107.42
2026-02-10 13:30:00+01:00,119.19909273164271,109.36
2026-02-10 13:45:00+01:00,117.90472315879262,110.84
2026-02-10 14:00:00+01:00,114.67721110513905,108.79
2026-02-10 14:15:00+01:00,128.72378304828223,112.4
2026-02-10 14:30:00+01:00,125.29781911217468,119.12
2026-02-10 14:45:00+01:00,148.09145848574394,124.58
2026-02-10 15:00:00+01:00,131.84915356162975,118.74
2026-02-10 15:15:00+01:00,136.01513408714413,122.28
2026-02-10 15:30:00+01:00,152.7359938165664,134.65
2026-02-10 15:45:00+01:00,157.76202166236936,136.79
2026-02-10 16:00:00+01:00,145.08320998314474,120.09
2026-02-10 16:15:00+01:00,154.761541332034,127.42
2026-02-10 16:30:00+01:00,165.21826261909007,126.16
2026-02-10 16:45:00+01:00,176.9967838452137,136.98
2026-02-10 17:00:00+01:00,157.5009003822553,130.45
2026-02-10 17:15:00+01:00,167.6172681442576,131.01
2026-02-10 17:30:00+01:00,175.85502821935705,138.89
2026-02-10 17:45:00+01:00,173.72209592448363,140.62
2026-02-10 18:00:00+01:00,175.517523737356,141.29
2026-02-10 18:15:00+01:00,166.6066672727514,135.94
2026-02-10 18:30:00+01:00,161.348066978276,129.53
2026-02-10 18:45:00+01:00,143.27702892922855,120.09
2026-02-10 19:00:00+01:00,170.71414432845978,130.44
2026-02-10 19:15:00+01:00,142.8704881510767,124.28
2026-02-10 19:30:00+01:00,144.25567740592572,118.48
2026-02-10 19:45:00+01:00,132.91203408109268,108.11
2026-02-10 20:00:00+01:00,141.50778141591888,122.78
2026-02-10 20:15:00+01:00,128.12399820120103,112.57
2026-02-10 20:30:00+01:00,123.27389728084859,105.28
2026-02-10 20:45:00+01:00,116.10611718448466,104.38
2026-02-10 21:00:00+01:00,131.44842556431578,110.52
2026-02-10 21:15:00+01:00,122.26836066599625,107.38
2026-02-10 21:30:00+01:00,113.16244730673215,106.56
2026-02-10 21:45:00+01:00,102.81140874823214,104.17
2026-02-10 22:00:00+01:00,117.87913902004138,109.33
2026-02-10 22:15:00+01:00,112.74649897231953,107.91
2026-02-10 22:30:00+01:00,103.74255585360578,106.32
2026-02-10 22:45:00+01:00,100.12028637066788,103.2
2026-02-10 23:00:00+01:00,108.96189327056769,106.03
2026-02-10 23:15:00+01:00,102.81866184491665,103.42
2026-02-10 23:30:00+01:00,95.91478691989595,99.4
2026-02-10 23:45:00+01:00,90.67892353159677,93.26
2026-02-11 00:00:00+01:00,102.76147771464943,96.96
2026-02-11 00:15:00+01:00,101.59103847780207,97.18
2026-02-11 00:30:00+01:00,98.4863239072303,97.03
2026-02-11 00:45:00+01:00,97.03268513849211,95.96
2026-02-11 01:00:00+01:00,96.93020290519672,97.12
2026-02-11 01:15:00+01:00,95.9307673331557,96.99
2026-02-11 01:30:00+01:00,96.40763672225341,96.7
2026-02-11 01:45:00+01:00,96.56020096461022,95.71
2026-02-11 02:00:00+01:00,96.35891922184413,96.84
2026-02-11 02:15:00+01:00,95.41067089416016,95.37
2026-02-11 02:30:00+01:00,92.94804954756394,95.1
2026-02-11 02:45:00+01:00,96.05236992927695,95.11
2026-02-11 03:00:00+01:00,95.0497716330937,94.87
2026-02-11 03:15:00+01:00,93.74176772877776,94.87
2026-02-11 03:30:00+01:00,93.22823555146485,94.87
2026-02-11 03:45:00+01:00,94.33591009038297,94.11
2026-02-11 04:00:00+01:00,91.68940697727373,94.87
2026-02-11 04:15:00+01:00,95.02181129862892,94.77
2026-02-11 04:30:00+01:00,96.69921231589576,94.87
2026-02-11 04:45:00+01:00,102.05226643351851,94.87
2026-02-11 05:00:00+01:00,94.70517366089388,94.83
2026-02-11 05:15:00+01:00,97.57434943833653,96.05
2026-02-11 05:30:00+01:00,103.59184872637593,100.65
2026-02-11 05:45:00+01:00,106.12934050089845,105.04
2026-02-11 06:00:00+01:00,96.99506766568504,98.4
2026-02-11 06:15:00+01:00,100.20861556858472,106.74
2026-02-11 06:30:00+01:00,117.5506784020749,112.91
2026-02-11 06:45:00+01:00,120.68483580158977,123.86
2026-02-11 07:00:00+01:00,115.81014381115286,113.26
2026-02-11 07:15:00+01:00,127.01503991951505,130.5
2026-02-11 07:30:00+01:00,129.3941975587919,136.21
2026-02-11 07:45:00+01:00,145.4205880543899,136.03
2026-02-11 08:00:00+01:00,143.44049625848342,134.48
2026-02-11 08:15:00+01:00,151.3189625191528,136.9
2026-02-11 08:30:00+01:00,151.81519773288264,141.0
2026-02-11 08:45:00+01:00,149.53826434792936,135.89
2026-02-11 09:00:00+01:00,165.54181306854235,134.36
2026-02-11 09:15:00+01:00,148.44712825622497,132.83
2026-02-11 09:30:00+01:00,141.19204772194414,131.64
2026-02-11 09:45:00+01:00,127.95841572102785,126.92
2026-02-11 10:00:00+01:00,136.68246019753744,131.0
2026-02-11 10:15:00+01:00,132.25426851639423,128.93
2026-02-11 10:30:00+01:00,129.16927301577445,125.52
2026-02-11 10:45:00+01:00,130.71309030606542,124.55
2026-02-11 11:00:00+01:00,135.8260568377249,131.42
2026-02-11 11:15:00+01:00,137.55762094873762,130.61
2026-02-11 11:30:00+01:00,130.07476297019718,123.17
2026-02-11 11:45:00+01:00,128.13405423203446,118.56
2026-02-11 12:00:00+01:00,114.38254114241366,119.87
2026-02-11 12:15:00+01:00,123.06566525666099,116.05
2026-02-11 12:30:00+01:00,115.06740312079518,113.82
2026-02-11 12:45:00+01:00,113.58701456852724,113.71
2026-02-11 13:00:00+01:00,107.1116438486755,119.17
2026-02-11 13:15:00+01:00,118.13129402669708,118.05
2026-02-11 13:30:00+01:00,121.58901646219088,116.01
2026-02-11 13:45:00+01:00,114.15201324911926,113.57
2026-02-11 14:00:00+01:00,119.87203133645767,114.28
2026-02-11 14:15:00+01:00,116.54022381149576,116.5
2026-02-11 14:30:00+01:00,123.84416990990978,117.14
2026-02-11 14:45:00+01:00,129.8237614114632,118.88
2026-02-11 15:00:00+01:00,138.83208744615925,116.37
2026-02-11 15:15:00+01:00,138.87659255145428,116.34
2026-02-11 15:30:00+01:00,146.25522421932936,119.0
2026-02-11 15:45:00+01:00,154.30806377300374,121.03
2026-02-11 16:00:00+01:00,138.73673546461734,117.25
2026-02-11 16:15:00+01:00,150.8781531810949,118.26
2026-02-11 16:30:00+01:00,154.95500214034865,121.99
2026-02-11 16:45:00+01:00,186.96323306868385,131.76
2026-02-11 17:00:00+01:00,153.91757732323302,119.71
2026-02-11 17:15:00+01:00,162.65109994187466,129.83
2026-02-11 17:30:00+01:00,173.2172981031076,130.14
2026-02-11 17:45:00+01:00,171.33050968023718,131.92
2026-02-11 18:00:00+01:00,179.03926806349696,131.01
2026-02-11 18:15:00+01:00,163.69063309677838,128.06
2026-02-11 18:30:00+01:00,160.41013605463547,123.4
2026-02-11 18:45:00+01:00,144.93384930894783,119.39
2026-02-11 19:00:00+01:00,158.14507723017934,122.96
2026-02-11 19:15:00+01:00,162.02513190496933,111.77
2026-02-11 19:30:00+01:00,142.06688801383137,107.41
2026-02-11 19:45:00+01:00,123.48506946818182,105.94
2026-02-11 20:00:00+01:00,136.35137002552165,109.17
2026-02-11 20:15:00+01:00,113.23542359243967,106.36
2026-02-11 20:30:00+01:00,118.47038757350346,103.59
2026-02-11 20:45:00+01:00,109.32922571253263,100.59
2026-02-11 21:00:00+01:00,118.02858860470374,107.41
2026-02-11 21:15:00+01:00,111.6539451562621,106.93
2026-02-11 21:30:00+01:00,103.838456957341,104.67
2026-02-11 21:45:00+01:00,98.47463669390733,98.51
2026-02-11 22:00:00+01:00,115.64661142389458,106.11
2026-02-11 22:15:00+01:00,110.51582580209367,103.51
2026-02-11 22:30:00+01:00,100.41836031795057,99.99
2026-02-11 22:45:00+01:00,96.98209825348675,98.38
2026-02-11 23:00:00+01:00,97.13183809547601,102.31
2026-02-11 23:15:00+01:00,100.79366807574033,96.33
2026-02-11 23:30:00+01:00,91.61334819206452,93.89
2026-02-11 23:45:00+01:00,86.85464922124635,88.7
2026-02-12 00:00:00+01:00,95.92030767204902,90.02
2026-02-12 00:15:00+01:00,95.13487444135109,87.4
2026-02-12 00:30:00+01:00,91.40591716976468,89.11
2026-02-12 00:45:00+01:00,91.37791521627672,86.24
2026-02-12 01:00:00+01:00,91.9674569689278,88.07
2026-02-12 01:15:00+01:00,90.17120053650619,86.55
2026-02-12 01:30:00+01:00,89.80008637604219,87.6
2026-02-12 01:45:00+01:00,88.05760653130616,88.1
2026-02-12 02:00:00+01:00,90.25754866210427,86.94
2026-02-12 02:15:00+01:00,88.90952360167871,87.45
2026-02-12 02:30:00+01:00,87.96290144660819,85.77
2026-02-12 02:45:00+01:00,87.36530627404031,84.65
2026-02-12 03:00:00+01:00,88.19153626333222,85.03
2026-02-12 03:15:00+01:00,87.24143419987604,83.76
2026-02-12 03:30:00+01:00,87.31023449631961,84.93
2026-02-12 03:45:00+01:00,86.38887711672041,85.85
2026-02-12 04:00:00+01:00,86.7190899416632,85.07
2026-02-12 04:15:00+01:00,88.19389273346115,85.7
2026-02-12 04:30:00+01:00,88.81275473040999,86.09
2026-02-12 04:45:00+01:00,87.15460468252324,87.19
2026-02-12 05:00:00+01:00,87.97795862993958,86.65
2026-02-12 05:15:00+01:00,89.26790568697203,87.2
2026-02-12 05:30:00+01:00,94.20496503170214,90.49
2026-02-12 05:45:00+01:00,96.65227389436674,93.38
2026-02-12 06:00:00+01:00,92.08385776173252,90.7
2026-02-12 06:15:00+01:00,96.50677557584052,97.29
2026-02-12 06:30:00+01:00,101.74326787575208,103.96
2026-02-12 06:45:00+01:00,108.09017419133072,107.5
2026-02-12 07:00:00+01:00,106.17428737339966,103.1
2026-02-12 07:15:00+01:00,119.03081695676937,115.0
2026-02-12 07:30:00+01:00,123.32703363507716,121.04
2026-02-12 07:45:00+01:00,133.68400636115553,124.89
2026-02-12 08:00:00+01:00,132.53135935688982,122.67
2026-02-12 08:15:00+01:00,137.14898311396146,123.92
2026-02-12 08:30:00+01:00,138.63907860104297,123.68
2026-02-12 08:45:00+01:00,138.9242658939582,122.02
2026-02-12 09:00:00+01:00,140.5249915387223,129.67
2026-02-12 09:15:00+01:00,137.66763046331656,123.03
2026-02-12 09:30:00+01:00,141.9709122996687,117.45
2026-02-12 09:45:00+01:00,133.27248207439933,114.67
2026-02-12 10:00:00+01:00,171.35848705474066,124.64
2026-02-12 10:15:00+01:00,143.49322612330755,116.27
2026-02-12 10:30:00+01:00,132.25538087749385,115.13
2026-02-12 10:45:00+01:00,133.46953408035588,114.04
2026-02-12 11:00:00+01:00,127.37075112431229,114.92
2026-02-12 11:15:00+01:00,127.95613277695826,113.16
2026-02-12 11:30:00+01:00,124.8062778175398,110.1
2026-02-12 11:45:00+01:00,121.0588918352005,106.43
2026-02-12 12:00:00+01:00,131.4873559514473,107.59
2026-02-12 12:15:00+01:00,133.28502782406443,104.95
2026-02-12 12:30:00+01:00,127.76383621919788,105.44
2026-02-12 12:45:00+01:00,121.605977755292,104.08
2026-02-12 13:00:00+01:00,136.00592025286957,105.48
2026-02-12 13:15:00+01:00,131.74329525683854,104.44
2026-02-12 13:30:00+01:00,139.3923060091087,102.87
2026-02-12 13:45:00+01:00,127.90864208794459,101.43
2026-02-12 14:00:00+01:00,124.89191264628747,104.37
2026-02-12 14:15:00+01:00,123.78170734125331,104.7
2026-02-12 14:30:00+01:00,128.72271872149943,105.48
2026-02-12 14:45:00+01:00,134.8482289485898,106.3
2026-02-12 15:00:00+01:00,123.90337064128383,103.56
2026-02-12 15:15:00+01:00,139.1076514970442,103.26
2026-02-12 15:30:00+01:00,143.07722677780336,109.47
2026-02-12 15:45:00+01:00,140.02630512277995,115.63
2026-02-12 16:00:00+01:00,126.27647841647303,103.91
2026-02-12 16:15:00+01:00,132.23045389515852,107.15
2026-02-12 16:30:00+01:00,134.9489731342685,113.61
2026-02-12 16:45:00+01:00,145.6240871039502,118.47
2026-02-12 17:00:00+01:00,130.4882317708471,109.02
2026-02-12 17:15:00+01:00,139.98875684722177,121.71
2026-02-12 17:30:00+01:00,142.73922513815452,129.8
2026-02-12 17:45:00+01:00,142.09304563941535,131.67
2026-02-12 18:00:00+01:00,142.8233832396102,130.01
2026-02-12 18:15:00+01:00,131.6248391208564,128.13
2026-02-12 18:30:00+01:00,121.65120373892326,123.15
2026-02-12 18:45:00+01:00,114.65016766038175,121.36
2026-02-12 19:00:00+01:00,122.54606313401212,132.11
2026-02-12 19:15:00+01:00,110.74035853183592,124.16
2026-02-12 19:30:00+01:00,98.53252874241616,117.01
2026-02-12 19:45:00+01:00,103.86045831780768,110.21
2026-02-12 20:00:00+01:00,108.40694273066558,126.27
2026-02-12 20:15:00+01:00,101.86454965678944,107.29
2026-02-12 20:30:00+01:00,94.43507729104249,103.15
2026-02-12 20:45:00+01:00,82.38566818492887,99.7
2026-02-12 21:00:00+01:00,104.12612848387225,106.6
2026-02-12 21:15:00+01:00,97.68001444921431,103.12
2026-02-12 21:30:00+01:00,94.73098647192921,98.19
2026-02-12 21:45:00+01:00,87.0001946825862,90.86
2026-02-12 22:00:00+01:00,104.16253319724186,104.59
2026-02-12 22:15:00+01:00,97.00135187410127,96.66
2026-02-12 22:30:00+01:00,89.10148180258653,94.13
2026-02-12 22:45:00+01:00,89.15336841596043,93.32
2026-02-12 23:00:00+01:00,90.32607675624816,98.42
2026-02-12 23:15:00+01:00,90.65369220141145,90.93
2026-02-12 23:30:00+01:00,75.97414270580543,85.92
2026-02-12 23:45:00+01:00,75.44022104652008,82.06
2026-02-13 00:00:00+01:00,94.31277480019274,85.72
2026-02-13 00:15:00+01:00,90.90466523449068,85.02
2026-02-13 00:30:00+01:00,91.0692271998019,83.16
2026-02-13 00:45:00+01:00,92.32509801962162,81.53
2026-02-13 01:00:00+01:00,90.0786702365857,83.9
2026-02-13 01:15:00+01:00,86.7545820845832,83.89
2026-02-13 01:30:00+01:00,85.76948934278253,83.36
2026-02-13 01:45:00+01:00,84.69761531285252,83.49
2026-02-13 02:00:00+01:00,87.05120534026189,81.72
2026-02-13 02:15:00+01:00,84.47480144968495,82.05
2026-02-13 02:30:00+01:00,86.66126963470653,82.43
2026-02-13 02:45:00+01:00,87.12165379146673,82.67
2026-02-13 03:00:00+01:00,84.25344441290255,81.18
2026-02-13 03:15:00+01:00,83.47403224039097,81.87
2026-02-13 03:30:00+01:00,83.81901756770051,82.31
2026-02-13 03:45:00+01:00,83.25306622662443,82.06
2026-02-13 04:00:00+01:00,87.7163233157465,81.57
2026-02-13 04:15:00+01:00,91.60914162834445,82.66
2026-02-13 04:30:00+01:00,93.22118392728669,83.89
2026-02-13 04:45:00+01:00,93.33485599665728,85.28
2026-02-13 05:00:00+01:00,88.61279795775674,84.06
2026-02-13 05:15:00+01:00,92.27001878103246,83.66
2026-02-13 05:30:00+01:00,97.6959247559214,87.75
2026-02-13 05:45:00+01:00,92.46814882084688,93.28
2026-02-13 06:00:00+01:00,87.2964552465635,84.42
2026-02-13 06:15:00+01:00,88.67777836567294,93.56
2026-02-13 06:30:00+01:00,95.16749736060737,103.67
2026-02-13 06:45:00+01:00,102.34874668352681,113.26
2026-02-13 07:00:00+01:00,100.28049724833916,105.21
2026-02-13 07:15:00+01:00,111.10445244477697,119.26
2026-02-13 07:30:00+01:00,121.28803095643559,121.64
2026-02-13 07:45:00+01:00,129.47089757068085,124.8
2026-02-13 08:00:00+01:00,128.67408844452117,122.21
2026-02-13 08:15:00+01:00,133.30797725393634,125.86
2026-02-13 08:30:00+01:00,127.90975091725385,124.58
2026-02-13 08:45:00+01:00,123.97888699420001,122.75
2026-02-13 09:00:00+01:00,138.1159681796973,128.75
2026-02-13 09:15:00+01:00,129.07805307062347,123.8
2026-02-13 09:30:00+01:00,124.83228422694611,115.43
2026-02-13 09:45:00+01:00,113.16348438385891,108.62
2026-02-13 10:00:00+01:00,133.35091906005584,112.71
2026-02-13 10:15:00+01:00,124.67516003145691,107.88
2026-02-13 10:30:00+01:00,114.06743320631539,104.38
2026-02-13 10:45:00+01:00,109.82840568726108,100.6
2026-02-13 11:00:00+01:00,106.30434498494617,104.18
2026-02-13 11:15:00+01:00,104.62637268018241,101.7
2026-02-13 11:30:00+01:00,105.05816180088458,99.54
2026-02-13 11:45:00+01:00,100.27612781806019,98.7
2026-02-13 12:00:00+01:00,111.85653614323866,98.62
2026-02-13 12:15:00+01:00,97.1262558679234,97.41
2026-02-13 12:30:00+01:00,96.59034676589782,97.03
2026-02-13 12:45:00+01:00,99.27835845741177,96.14
2026-02-13 13:00:00+01:00,107.47293744285479,96.49
2026-02-13 13:15:00+01:00,102.48282384225814,96.94
2026-02-13 13:30:00+01:00,103.20895070598776,98.61
2026-02-13 13:45:00+01:00,108.73564919481677,97.94
2026-02-13 14:00:00+01:00,109.15050026752169,98.93
2026-02-13 14:15:00+01:00,120.9891115766231,99.74
2026-02-13 14:30:00+01:00,128.40799041375166,103.6
2026-02-13 14:45:00+01:00,133.20531895854563,106.09
2026-02-13 15:00:00+01:00,121.56200615427818,105.73
2026-02-13 15:15:00+01:00,131.6431806193521,111.95
2026-02-13 15:30:00+01:00,138.2528220462084,122.63
2026-02-13 15:45:00+01:00,153.62668140392722,132.08
2026-02-13 16:00:00+01:00,134.66611879215878,117.97
2026-02-13 16:15:00+01:00,137.4328310405637,122.34
2026-02-13 16:30:00+01:00,149.3474670817711,126.63
2026-02-13 16:45:00+01:00,160.80164117525482,136.68
2026-02-13 17:00:00+01:00,143.41488761429753,122.62
2026-02-13 17:15:00+01:00,157.0398362579184,131.77
2026-02-13 17:30:00+01:00,152.18553229474205,135.7
2026-02-13 17:45:00+01:00,146.5974594019174,137.85
2026-02-13 18:00:00+01:00,143.3847183286823,140.35
2026-02-13 18:15:00+01:00,142.0148349747191,135.88
2026-02-13 18:30:00+01:00,138.21699977566797,134.76
2026-02-13 18:45:00+01:00,133.16068487547525,133.1
2026-02-13 19:00:00+01:00,138.54161320942458,144.63
2026-02-13 19:15:00+01:00,136.42036175898747,134.85
2026-02-13 19:30:00+01:00,123.38466178457384,127.69
2026-02-13 19:45:00+01:00,119.64834843170223,120.4
2026-02-13 20:00:00+01:00,126.0547920881591,137.0
2026-02-13 20:15:00+01:00,115.1352310873874,130.66
2026-02-13 20:30:00+01:00,111.94569291285742,122.0
2026-02-13 20:45:00+01:00,106.1113965335658,114.34
2026-02-13 21:00:00+01:00,117.72375604810408,127.41
2026-02-13 21:15:00+01:00,113.83730084577857,121.8
2026-02-13 21:30:00+01:00,106.97911361642437,114.7
2026-02-13 21:45:00+01:00,101.77251516659626,106.41
2026-02-13 22:00:00+01:00,109.48481299246232,119.88
2026-02-13 22:15:00+01:00,107.20008277147173,110.36
2026-02-13 22:30:00+01:00,105.29123949872857,106.71
2026-02-13 22:45:00+01:00,97.84823149548392,102.84
2026-02-13 23:00:00+01:00,103.34629184606521,106.35
2026-02-13 23:15:00+01:00,99.42317314657328,102.19
2026-02-13 23:30:00+01:00,99.61876566912106,100.72
2026-02-13 23:45:00+01:00,92.274086217128,94.17
2026-02-14 00:00:00+01:00,98.98621935619146,103.97
2026-02-14 00:15:00+01:00,97.30921197107001,98.7
2026-02-14 00:30:00+01:00,94.06841140603338,94.02
2026-02-14 00:45:00+01:00,90.94317643711463,91.28
2026-02-14 01:00:00+01:00,96.41687075686913,94.83
2026-02-14 01:15:00+01:00,93.95931920023628,93.76
2026-02-14 01:30:00+01:00,92.29259180158847,90.55
2026-02-14 01:45:00+01:00,91.41426669517271,88.18
2026-02-14 02:00:00+01:00,93.52445893000672,91.9
2026-02-14 02:15:00+01:00,92.0220836911154,88.96
2026-02-14 02:30:00+01:00,90.56444838434473,87.21
2026-02-14 02:45:00+01:00,91.70854459646512,88.29
2026-02-14 03:00:00+01:00,89.70710487283505,91.69
2026-02-14 03:15:00+01:00,88.44617011939353,88.76
2026-02-14 03:30:00+01:00,89.63157105614222,87.45
2026-02-14 03:45:00+01:00,89.21848574482846,86.79
2026-02-14 04:00:00+01:00,88.8858289538123,87.63
2026-02-14 04:15:00+01:00,89.57564070306618,88.07
2026-02-14 04:30:00+01:00,90.39324844484914,87.55
2026-02-14 04:45:00+01:00,92.50410413808002,86.78
2026-02-14 05:00:00+01:00,93.73490743222791,88.35
2026-02-14 05:15:00+01:00,91.56467014009758,86.62
2026-02-14 05:30:00+01:00,91.94664194626928,89.24
2026-02-14 05:45:00+01:00,93.27287976374424,90.79
2026-02-14 06:00:00+01:00,89.94595119232996,88.94
2026-02-14 06:15:00+01:00,91.49666566781801,89.5
2026-02-14 06:30:00+01:00,95.19811355141637,89.63
2026-02-14 06:45:00+01:00,100.10968485278788,92.8
2026-02-14 07:00:00+01:00,96.7938530443519,90.94
2026-02-14 07:15:00+01:00,98.52982235287341,90.52
2026-02-14 07:30:00+01:00,102.30849004206627,94.15
2026-02-14 07:45:00+01:00,105.98454077508448,96.86
2026-02-14 08:00:00+01:00,109.46348588989852,97.1
2026-02-14 08:15:00+01:00,112.06544062070455,102.41
2026-02-14 08:30:00+01:00,111.86552779853645,103.9
2026-02-14 08:45:00+01:00,109.32241092498532,103.92
2026-02-14 09:00:00+01:00,117.65802070127198,110.11
2026-02-14 09:15:00+01:00,115.60827471469845,109.13
2026-02-14 09:30:00+01:00,112.62647619324174,106.96
2026-02-14 09:45:00+01:00,101.24107171684483,103.76
2026-02-14 10:00:00+01:00,116.15418150970358,109.93
2026-02-14 10:15:00+01:00,109.21363276622252,104.89
2026-02-14 10:30:00+01:00,108.39444294768968,102.64
2026-02-14 10:45:00+01:00,103.65037117833816,98.42
2026-02-14 11:00:00+01:00,112.66737835943466,101.49
2026-02-14 11:15:00+01:00,107.9178499970498,98.81
2026-02-14 11:30:00+01:00,99.02687332451674,96.87
2026-02-14 11:45:00+01:00,98.59500331327867,95.48
2026-02-14 12:00:00+01:00,101.28303201609576,96.84
2026-02-14 12:15:00+01:00,102.50264862857148,96.54
2026-02-14 12:30:00+01:00,101.57145388226027,94.62
2026-02-14 12:45:00+01:00,103.56777815900442,92.64
2026-02-14 13:00:00+01:00,100.81516518423999,95.24
2026-02-14 13:15:00+01:00,99.2641922145913,94.78
2026-02-14 13:30:00+01:00,99.57926438142019,92.47
2026-02-14 13:45:00+01:00,98.81975295907446,93.4
2026-02-14 14:00:00+01:00,98.62277778995572,91.93
2026-02-14 14:15:00+01:00,100.38395367962625,95.21
2026-02-14 14:30:00+01:00,105.28362704862128,97.87
2026-02-14 14:45:00+01:00,111.76596564418905,103.44
2026-02-14 15:00:00+01:00,100.90477744349742,98.77
2026-02-14 15:15:00+01:00,108.18406911743993,101.92
2026-02-14 15:30:00+01:00,115.79387359549499,106.49
2026-02-14 15:45:00+01:00,124.7938867940587,112.63
2026-02-14 16:00:00+01:00,110.57906012368348,104.96
2026-02-14 16:15:00+01:00,119.65567000106329,114.63
2026-02-14 16:30:00+01:00,130.17543400752373,122.34
2026-02-14 16:45:00+01:00,135.16902095635416,125.62
2026-02-14 17:00:00+01:00,127.91392129381495,113.79
2026-02-14 17:15:00+01:00,136.33527288486252,125.2
2026-02-14 17:30:00+01:00,141.2612957387845,131.94
2026-02-14 17:45:00+01:00,136.92903396836408,133.47
2026-02-14 18:00:00+01:00,145.3437509700581,131.01
2026-02-14 18:15:00+01:00,130.4323385663314,132.22
2026-02-14 18:30:00+01:00,124.70082363444057,133.92
2026-02-14 18:45:00+01:00,120.51766112788602,130.56
2026-02-14 19:00:00+01:00,127.71798697567215,135.0
2026-02-14 19:15:00+01:00,121.18656549479125,129.4
2026-02-14 19:30:00+01:00,115.0731729590562,127.0
2026-02-14 19:45:00+01:00,146.5350563293931,123.48
2026-02-14 20:00:00+01:00,151.26456210957753,129.99
2026-02-14 20:15:00+01:00,148.56791154618804,126.73
2026-02-14 20:30:00+01:00,135.2915934948548,118.33
2026-02-14 20:45:00+01:00,132.80067263223307,117.72
2026-02-14 21:00:00+01:00,133.86036584059923,126.28
2026-02-14 21:15:00+01:00,155.59483121632803,120.97
2026-02-14 21:30:00+01:00,148.68001417068862,114.01
2026-02-14 21:45:00+01:00,123.53251555334992,106.66
2026-02-14 22:00:00+01:00,134.32778558757803,120.88
2026-02-14 22:15:00+01:00,141.33896386975175,113.23
2026-02-14 22:30:00+01:00,137.1158532828663,106.94
2026-02-14 22:45:00+01:00,124.54063009450952,103.76
2026-02-14 23:00:00+01:00,154.20465658356164,103.75
2026-02-14 23:15:00+01:00,146.10617829994166,103.42
2026-02-14 23:30:00+01:00,140.83874989644374,100.9
2026-02-14 23:45:00+01:00,134.32723909194888,96.33
2026-02-15 00:00:00+01:00,101.06259049010137,107.51
2026-02-15 00:15:00+01:00,97.56385725665439,101.67
2026-02-15 00:30:00+01:00,94.76602596783025,99.67
2026-02-15 00:45:00+01:00,92.32541650957303,98.26
2026-02-15 01:00:00+01:00,95.87590579691238,103.9
2026-02-15 01:15:00+01:00,93.67494492125498,100.44
2026-02-15 01:30:00+01:00,92.46120383012983,99.06
2026-02-15 01:45:00+01:00,90.50737867648284,96.39
2026-02-15 02:00:00+01:00,94.95804907123754,100.54
2026-02-15 02:15:00+01:00,93.65537459244888,100.75
2026-02-15 02:30:00+01:00,91.04842861157698,100.9
2026-02-15 02:45:00+01:00,89.77824260563096,100.83
2026-02-15 03:00:00+01:00,90.11591574897702,100.29
2026-02-15 03:15:00+01:00,90.4714849022455,99.15
2026-02-15 03:30:00+01:00,90.35790529232932,97.35
2026-02-15 03:45:00+01:00,91.52678352369911,95.31
2026-02-15 04:00:00+01:00,91.22499656997523,98.25
2026-02-15 04:15:00+01:00,90.32068196828035,97.5
2026-02-15 04:30:00+01:00,90.64548208139318,95.59
2026-02-15 04:45:00+01:00,90.39861300228142,94.74
2026-02-15 05:00:00+01:00,90.04412889327216,96.67
2026-02-15 05:15:00+01:00,89.62450480670009,93.89
2026-02-15 05:30:00+01:00,92.291949028185,93.19
2026-02-15 05:45:00+01:00,93.62571462963672,93.67
2026-02-15 06:00:00+01:00,89.10783188124006,92.85
2026-02-15 06:15:00+01:00,92.9683340298566,94.19
2026-02-15 06:30:00+01:00,97.12297109179883,94.73
2026-02-15 06:45:00+01:00,100.93355080763698,94.9
2026-02-15 07:00:00+01:00,95.6429872715988,96.58
2026-02-15 07:15:00+01:00,100.23413913001346,94.97
2026-02-15 07:30:00+01:00,104.00240560114743,96.25
2026-02-15 07:45:00+01:00,108.35592377415787,96.66
2026-02-15 08:00:00+01:00,108.61536683981147,100.67
2026-02-15 08:15:00+01:00,108.16903492985921,97.54
2026-02-15 08:30:00+01:00,108.03223005298314,95.67
2026-02-15 08:45:00+01:00,107.78497777043235,93.32
2026-02-15 09:00:00+01:00,110.68438583456421,99.15
2026-02-15 09:15:00+01:00,107.73466130114969,94.3
2026-02-15 09:30:00+01:00,108.0003725442575,92.51
2026-02-15 09:45:00+01:00,105.36680027837807,86.3
2026-02-15 10:00:00+01:00,111.67557913226761,91.49
2026-02-15 10:15:00+01:00,101.94671416230429,86.74
2026-02-15 10:30:00+01:00,97.9341547459995,82.92
2026-02-15 10:45:00+01:00,102.51752087903338,70.92
2026-02-15 11:00:00+01:00,104.02982171860027,79.73
2026-02-15 11:15:00+01:00,113.20799429823128,76.39
2026-02-15 11:30:00+01:00,106.00732940728028,74.42
2026-02-15 11:45:00+01:00,100.3324875207875,68.35
2026-02-15 12:00:00+01:00,99.56853735778999,69.92
2026-02-15 12:15:00+01:00,101.32560105002497,71.3
2026-02-15 12:30:00+01:00,95.9750266741875,66.69
2026-02-15 12:45:00+01:00,96.79691733895746,61.57
2026-02-15 13:00:00+01:00,94.60719817603066,66.88
2026-02-15 13:15:00+01:00,81.85404334303587,64.72
2026-02-15 13:30:00+01:00,94.85228995344077,64.04
2026-02-15 13:45:00+01:00,97.10754852362358,61.99
2026-02-15 14:00:00+01:00,93.99579106845883,63.71
2026-02-15 14:15:00+01:00,98.52144136527369,60.3
2026-02-15 14:30:00+01:00,98.83958358488783,65.83
2026-02-15 14:45:00+01:00,101.02876944617611,67.85
2026-02-15 15:00:00+01:00,97.65079073392099,62.05
2026-02-15 15:15:00+01:00,102.5567928670395,66.37
2026-02-15 15:30:00+01:00,101.33753739601235,74.29
2026-02-15 15:45:00+01:00,102.41244725319248,85.1
2026-02-15 16:00:00+01:00,104.71026812056621,71.2
2026-02-15 16:15:00+01:00,98.87813780033393,82.67
2026-02-15 16:30:00+01:00,100.71785613488032,88.68
2026-02-15 16:45:00+01:00,110.1545739464381,94.27
2026-02-15 17:00:00+01:00,113.60839983352197,92.5
2026-02-15 17:15:00+01:00,112.89182520941456,96.99
2026-02-15 17:30:00+01:00,117.90410562790747,98.5
2026-02-15 17:45:00+01:00,117.63514365930685,97.55
2026-02-15 18:00:00+01:00,117.23765954702475,99.73
2026-02-15 18:15:00+01:00,119.29135648788012,99.98
2026-02-15 18:30:00+01:00,117.25617580417345,98.82
2026-02-15 18:45:00+01:00,116.09691396861916,94.28
2026-02-15 19:00:00+01:00,114.36076310673846,92.7
2026-02-15 19:15:00+01:00,114.03649575577045,87.91
2026-02-15 19:30:00+01:00,107.33631822255856,81.9
2026-02-15 19:45:00+01:00,79.15744482861915,71.94
2026-02-15 20:00:00+01:00,91.36966411088062,82.82
2026-02-15 20:15:00+01:00,89.65567738032044,76.7
2026-02-15 20:30:00+01:00,85.92787308803588,69.49
2026-02-15 20:45:00+01:00,70.93920483566146,55.0
2026-02-15 21:00:00+01:00,72.98929970401393,74.93
2026-02-15 21:15:00+01:00,83.59635915451312,70.25
2026-02-15 21:30:00+01:00,85.02887802714565,65.94
2026-02-15 21:45:00+01:00,77.68136855417961,57.93
2026-02-15 22:00:00+01:00,83.69462160274811,73.0
2026-02-15 22:15:00+01:00,75.45684714296746,66.94
2026-02-15 22:30:00+01:00,90.28181227540625,65.18
2026-02-15 22:45:00+01:00,83.19409090618873,57.34
2026-02-15 23:00:00+01:00,85.04070494897833,71.5
2026-02-15 23:15:00+01:00,81.59445048155582,65.1
2026-02-15 23:30:00+01:00,74.72749399242178,58.49
2026-02-15 23:45:00+01:00,83.20057679538998,37.07
2026-02-16 00:00:00+01:00,72.1824181885229,75.64
2026-02-16 00:15:00+01:00,64.54254440386401,74.09
2026-02-16 00:30:00+01:00,65.06235749067595,65.08
2026-02-16 00:45:00+01:00,61.70074019917131,60.91
2026-02-16 01:00:00+01:00,61.83494769671898,69.29
2026-02-16 01:15:00+01:00,57.48914760644116,64.77
2026-02-16 01:30:00+01:00,60.04424085149447,64.55
2026-02-16 01:45:00+01:00,59.77425565206941,62.89
2026-02-16 02:00:00+01:00,61.62287627189675,64.63
2026-02-16 02:15:00+01:00,60.33490153555512,63.81
2026-02-16 02:30:00+01:00,62.59554931491331,64.63
2026-02-16 02:45:00+01:00,65.21261021071334,64.57
2026-02-16 03:00:00+01:00,61.319220261650194,63.2
2026-02-16 03:15:00+01:00,63.34914326625093,63.71
2026-02-16 03:30:00+01:00,63.93460706982498,65.64
2026-02-16 03:45:00+01:00,67.08020677430731,65.1
2026-02-16 04:00:00+01:00,65.5835201194896,63.01
2026-02-16 04:15:00+01:00,69.12374695610606,63.37
2026-02-16 04:30:00+01:00,72.64975286878364,66.76
2026-02-16 04:45:00+01:00,72.239927466099,71.07
2026-02-16 05:00:00+01:00,68.91917576072504,60.1
2026-02-16 05:15:00+01:00,69.60653653626612,66.37
2026-02-16 05:30:00+01:00,76.17856110700338,75.91
2026-02-16 05:45:00+01:00,79.38528465504261,77.56
2026-02-16 06:00:00+01:00,66.50005695292613,60.47
2026-02-16 06:15:00+01:00,84.1298235138561,73.23
2026-02-16 06:30:00+01:00,88.13431390148183,83.91
2026-02-16 06:45:00+01:00,92.29416019951466,99.7
2026-02-16 07:00:00+01:00,80.93331573882072,82.37
2026-02-16 07:15:00+01:00,98.04714043373134,94.32
2026-02-16 07:30:00+01:00,96.22203719110068,99.24
2026-02-16 07:45:00+01:00,102.10556275531972,100.36
2026-02-16 08:00:00+01:00,97.05383359513058,97.01
2026-02-16 08:15:00+01:00,102.43948768361497,103.01
2026-02-16 08:30:00+01:00,102.04179320223841,103.1
2026-02-16 08:45:00+01:00,116.88733154764813,101.01
2026-02-16 09:00:00+01:00,104.82755230695942,106.53
2026-02-16 09:15:00+01:00,105.69844346751327,104.14
2026-02-16 09:30:00+01:00,115.5207307839466,104.0
2026-02-16 09:45:00+01:00,112.99150978370515,103.03
2026-02-16 10:00:00+01:00,104.51715709380606,111.82
2026-02-16 10:15:00+01:00,114.33438520014334,102.01
2026-02-16 10:30:00+01:00,109.96501938229129,97.7
2026-02-16 10:45:00+01:00,109.24389548282726,94.63
2026-02-16 11:00:00+01:00,107.26730661262964,97.58
2026-02-16 11:15:00+01:00,104.71428090323877,94.52
2026-02-16 11:30:00+01:00,104.54402140830757,93.94
2026-02-16 11:45:00+01:00,109.04457655142883,93.4
2026-02-16 12:00:00+01:00,101.28957667895119,91.89
2026-02-16 12:15:00+01:00,105.64405801222534,91.9
2026-02-16 12:30:00+01:00,96.77805314424764,92.27
2026-02-16 12:45:00+01:00,101.0010027812364,91.95
2026-02-16 13:00:00+01:00,100.62471421805681,93.57
2026-02-16 13:15:00+01:00,101.55258687520526,93.46
2026-02-16 13:30:00+01:00,100.12120431979821,93.75
2026-02-16 13:45:00+01:00,99.14971256872644,96.83
2026-02-16 14:00:00+01:00,97.10648365574694,90.99
2026-02-16 14:15:00+01:00,101.28177733974975,93.68
2026-02-16 14:30:00+01:00,103.44117548841068,99.42
2026-02-16 14:45:00+01:00,105.7045563269566,99.96
2026-02-16 15:00:00+01:00,100.08976817489284,95.91
2026-02-16 15:15:00+01:00,105.81140151434118,98.6
2026-02-16 15:30:00+01:00,110.78379258064197,107.87
2026-02-16 15:45:00+01:00,118.34125141171094,113.92
2026-02-16 16:00:00+01:00,103.10148080286682,106.11
2026-02-16 16:15:00+01:00,110.5697181016512,114.65
2026-02-16 16:30:00+01:00,116.98910950605986,118.03
2026-02-16 16:45:00+01:00,125.30656052077936,122.42
2026-02-16 17:00:00+01:00,116.32971010460251,120.2
2026-02-16 17:15:00+01:00,125.74786705547616,129.39
2026-02-16 17:30:00+01:00,133.0269849450199,131.77
2026-02-16 17:45:00+01:00,137.8269774531571,140.06
2026-02-16 18:00:00+01:00,128.0236682862096,132.03
2026-02-16 18:15:00+01:00,123.27333018740984,129.22
2026-02-16 18:30:00+01:00,119.99121206560584,128.8
2026-02-16 18:45:00+01:00,115.8276066213018,126.42
2026-02-16 19:00:00+01:00,124.09255466252363,133.14
2026-02-16 19:15:00+01:00,113.82906481927405,126.59
2026-02-16 19:30:00+01:00,108.45722086175236,126.61
2026-02-16 19:45:00+01:00,104.44994246723154,119.08
2026-02-16 20:00:00+01:00,114.28627880922734,121.79
2026-02-16 20:15:00+01:00,109.93452072086457,119.5
2026-02-16 20:30:00+01:00,106.14317239135214,113.81
2026-02-16 20:45:00+01:00,104.61318920420955,107.43
2026-02-16 21:00:00+01:00,106.52647554312514,112.26
2026-02-16 21:15:00+01:00,105.68287748440797,107.94
2026-02-16 21:30:00+01:00,102.9282012087264,99.73
2026-02-16 21:45:00+01:00,98.76358430399887,95.66
2026-02-16 22:00:00+01:00,103.38762560438556,106.0
2026-02-16 22:15:00+01:00,97.78113817333707,104.98
2026-02-16 22:30:00+01:00,97.32824568212439,101.23
2026-02-16 22:45:00+01:00,95.37999878008938,95.47
2026-02-16 23:00:00+01:00,97.16924041016581,101.58
2026-02-16 23:15:00+01:00,93.65269148995664,94.64
2026-02-16 23:30:00+01:00,87.87624692654302,89.32
2026-02-16 23:45:00+01:00,84.66953628444134,85.48
2026-02-17 00:00:00+01:00,89.34993473083087,89.45
2026-02-17 00:15:00+01:00,92.36692627857695,88.09
2026-02-17 00:30:00+01:00,89.35173518001628,85.73
2026-02-17 00:45:00+01:00,87.79350311351591,84.81
2026-02-17 01:00:00+01:00,90.47049547930317,86.56
2026-02-17 01:15:00+01:00,89.57390672885411,84.78
2026-02-17 01:30:00+01:00,88.20048526004328,84.81
2026-02-17 01:45:00+01:00,87.43317306450886,84.27
2026-02-17 02:00:00+01:00,88.73894213363785,84.45
2026-02-17 02:15:00+01:00,85.99549253971257,84.39
2026-02-17 02:30:00+01:00,80.55256189951157,85.27
2026-02-17 02:45:00+01:00,81.85444097076176,85.01
2026-02-17 03:00:00+01:00,79.05556698179215,86.33
2026-02-17 03:15:00+01:00,80.15530615718647,85.85
2026-02-17 03:30:00+01:00,81.10023044866399,85.92
2026-02-17 03:45:00+01:00,79.71684385101311,84.5
2026-02-17 04:00:00+01:00,78.89789877260645,82.47
2026-02-17 04:15:00+01:00,80.99128802692564,86.05
2026-02-17 04:30:00+01:00,82.87276593386387,83.78
2026-02-17 04:45:00+01:00,87.74389811934256,86.97
2026-02-17 05:00:00+01:00,82.53004581736016,83.21
2026-02-17 05:15:00+01:00,87.78028423733763,85.72
2026-02-17 05:30:00+01:00,87.13908845057755,87.98
2026-02-17 05:45:00+01:00,92.32335643553847,98.46
2026-02-17 06:00:00+01:00,88.83755569748206,87.85
2026-02-17 06:15:00+01:00,91.99197942895879,102.99
2026-02-17 06:30:00+01:00,110.86015729196734,105.55
2026-02-17 06:45:00+01:00,137.5438018702438,114.5
2026-02-17 07:00:00+01:00,105.38599880887615,105.66
2026-02-17 07:15:00+01:00,120.9140907087464,110.15
2026-02-17 07:30:00+01:00,132.6391505370705,116.46
2026-02-17 07:45:00+01:00,137.82373861018056,125.04
2026-02-17 08:00:00+01:00,135.0787100339869,118.04
2026-02-17 08:15:00+01:00,139.29472176333795,116.29
2026-02-17 08:30:00+01:00,133.94551249754667,113.54
2026-02-17 08:45:00+01:00,131.73352869079656,111.55
2026-02-17 09:00:00+01:00,139.73607929489117,125.25
2026-02-17 09:15:00+01:00,134.6410566142065,111.8
2026-02-17 09:30:00+01:00,128.34659807934193,105.88
2026-02-17 09:45:00+01:00,118.3043116046603,100.42
2026-02-17 10:00:00+01:00,126.00420562302217,106.26
2026-02-17 10:15:00+01:00,123.08447405984545,103.13
2026-02-17 10:30:00+01:00,120.6389997578141,100.73
2026-02-17 10:45:00+01:00,117.83543905084142,99.48
2026-02-17 11:00:00+01:00,117.33062595241393,100.41
2026-02-17 11:15:00+01:00,116.02780122401573,97.08
2026-02-17 11:30:00+01:00,116.17437673784741,89.44
2026-02-17 11:45:00+01:00,110.21975882509936,85.29
2026-02-17 12:00:00+01:00,106.74408890672835,88.32
2026-02-17 12:15:00+01:00,107.68674876607543,84.42
2026-02-17 12:30:00+01:00,106.69057862738279,83.71
2026-02-17 12:45:00+01:00,108.06846221645519,79.31
2026-02-17 13:00:00+01:00,115.27009734409744,86.98
2026-02-17 13:15:00+01:00,109.18922247066331,83.1
2026-02-17 13:30:00+01:00,101.83081761299567,79.0
2026-02-17 13:45:00+01:00,100.3280623403557,80.09
2026-02-17 14:00:00+01:00,100.40078563607706,82.21
2026-02-17 14:15:00+01:00,104.72823046462291,82.03
2026-02-17 14:30:00+01:00,105.95122973337386,82.29
2026-02-17 14:45:00+01:00,112.74994913341357,83.14
2026-02-17 15:00:00+01:00,103.55397563818212,82.11
2026-02-17 15:15:00+01:00,112.15914131516378,82.74
2026-02-17 15:30:00+01:00,120.09384670558254,86.68
2026-02-17 15:45:00+01:00,123.74872827717708,93.98
2026-02-17 16:00:00+01:00,117.59756478177658,90.35
2026-02-17 16:15:00+01:00,118.09385919534344,91.03
2026-02-17 16:30:00+01:00,124.52788684542725,92.03
2026-02-17 16:45:00+01:00,132.1502981257478,102.92
2026-02-17 17:00:00+01:00,118.89427238325206,103.0
2026-02-17 17:15:00+01:00,128.2470496003127,107.8
2026-02-17 17:30:00+01:00,135.83861413980713,111.84
2026-02-17 17:45:00+01:00,135.65689192110167,120.58
2026-02-17 18:00:00+01:00,129.51597209166096,120.37
2026-02-17 18:15:00+01:00,123.19990515144892,121.5
2026-02-17 18:30:00+01:00,120.28954206350187,131.89
2026-02-17 18:45:00+01:00,111.90172988746346,134.14
2026-02-17 19:00:00+01:00,129.4012737001434,133.39
2026-02-17 19:15:00+01:00,115.58296474030107,129.76
2026-02-17 19:30:00+01:00,86.00600733221864,123.75
2026-02-17 19:45:00+01:00,86.27779691923067,119.5
2026-02-17 20:00:00+01:00,114.88831030366327,119.41
2026-02-17 20:15:00+01:00,94.89760718354601,112.24
2026-02-17 20:30:00+01:00,85.69403680623077,108.43
2026-02-17 20:45:00+01:00,86.76153992073327,104.83
2026-02-17 21:00:00+01:00,99.23200254292166,110.94
2026-02-17 21:15:00+01:00,100.16704547033181,105.19
2026-02-17 21:30:00+01:00,90.58982095064414,97.18
2026-02-17 21:45:00+01:00,91.5449013201388,86.5
2026-02-17 22:00:00+01:00,95.74384297945493,98.04
2026-02-17 22:15:00+01:00,91.46771166161406,95.52
2026-02-17 22:30:00+01:00,93.46641289179448,89.88
2026-02-17 22:45:00+01:00,91.79610494545199,89.46
2026-02-17 23:00:00+01:00,95.73249411083064,93.89
2026-02-17 23:15:00+01:00,89.19736997007699,90.57
2026-02-17 23:30:00+01:00,88.28721064182996,88.26
2026-02-17 23:45:00+01:00,85.52610115751678,85.72
2026-02-18 00:00:00+01:00,91.26274349792425,96.14
2026-02-18 00:15:00+01:00,91.14607102201042,96.66
2026-02-18 00:30:00+01:00,90.5022242715603,95.12
2026-02-18 00:45:00+01:00,88.74527873189074,94.6
2026-02-18 01:00:00+01:00,92.22771574287151,94.66
2026-02-18 01:15:00+01:00,90.65869756053847,93.08
2026-02-18 01:30:00+01:00,87.42105478150683,93.46
2026-02-18 01:45:00+01:00,79.93331289118287,93.05
2026-02-18 02:00:00+01:00,87.6058537911137,92.84
2026-02-18 02:15:00+01:00,86.08505869071094,93.64
2026-02-18 02:30:00+01:00,82.89600583454228,93.85
2026-02-18 02:45:00+01:00,81.57085660755764,92.84
2026-02-18 03:00:00+01:00,82.48104134223237,93.73
2026-02-18 03:15:00+01:00,86.01792138459861,92.44
2026-02-18 03:30:00+01:00,83.38268793593608,91.47
2026-02-18 03:45:00+01:00,84.96813266658798,93.06
2026-02-18 04:00:00+01:00,84.96713663954384,90.4
2026-02-18 04:15:00+01:00,83.35939945213792,93.07
2026-02-18 04:30:00+01:00,84.80859839291598,94.37
2026-02-18 04:45:00+01:00,85.12996148712539,95.83
2026-02-18 05:00:00+01:00,81.3024728804625,96.72
2026-02-18 05:15:00+01:00,84.00922195079724,96.92
2026-02-18 05:30:00+01:00,83.6678463473736,100.99
2026-02-18 05:45:00+01:00,93.17565276611667,110.16
2026-02-18 06:00:00+01:00,87.29618412409859,98.15
2026-02-18 06:15:00+01:00,98.13652452392542,111.62
2026-02-18 06:30:00+01:00,101.4640360952831,129.49
2026-02-18 06:45:00+01:00,108.98164813855563,150.79
2026-02-18 07:00:00+01:00,106.45258439112325,148.45
2026-02-18 07:15:00+01:00,118.8918237820567,165.93
2026-02-18 07:30:00+01:00,125.52115150158988,187.44
2026-02-18 07:45:00+01:00,135.29338905291266,200.93
2026-02-18 08:00:00+01:00,128.50160211522777,206.43
2026-02-18 08:15:00+01:00,130.1851337006118,202.47
2026-02-18 08:30:00+01:00,126.12478282279088,182.48
2026-02-18 08:45:00+01:00,123.28774326302337,152.99
2026-02-18 09:00:00+01:00,135.0564279464343,156.12
2026-02-18 09:15:00+01:00,125.64569787386678,147.6
2026-02-18 09:30:00+01:00,115.48574806704094,125.49
2026-02-18 09:45:00+01:00,113.1264595932855,113.36
2026-02-18 10:00:00+01:00,119.35491889273385,133.54
2026-02-18 10:15:00+01:00,109.17305803340328,118.27
2026-02-18 10:30:00+01:00,96.7330614821541,109.96
2026-02-18 10:45:00+01:00,93.9886702497579,101.75
2026-02-18 11:00:00+01:00,104.12066390548986,112.8
2026-02-18 11:15:00+01:00,99.69923154421822,106.17
2026-02-18 11:30:00+01:00,97.43021189634237,104.34
2026-02-18 11:45:00+01:00,94.12249565003343,101.58
2026-02-18 12:00:00+01:00,93.60331142866161,105.21
2026-02-18 12:15:00+01:00,95.38633880670203,100.81
2026-02-18 12:30:00+01:00,93.42174069796822,99.29
2026-02-18 12:45:00+01:00,91.62373417590501,100.02
2026-02-18 13:00:00+01:00,93.92314056328539,102.36
2026-02-18 13:15:00+01:00,93.49985180563323,100.82
2026-02-18 13:30:00+01:00,96.35440188228577,99.84
2026-02-18 13:45:00+01:00,98.47109374202071,98.99
2026-02-18 14:00:00+01:00,96.21655566082815,97.88
2026-02-18 14:15:00+01:00,101.197852037698,100.06
2026-02-18 14:30:00+01:00,105.90289543835272,106.16
2026-02-18 14:45:00+01:00,107.09893017045385,110.47
2026-02-18 15:00:00+01:00,99.99915340603448,106.16
2026-02-18 15:15:00+01:00,107.7176743108543,109.5
2026-02-18 15:30:00+01:00,120.63812684933879,114.99
2026-02-18 15:45:00+01:00,127.22724388932735,125.71
2026-02-18 16:00:00+01:00,113.07534140069335,111.0
2026-02-18 16:15:00+01:00,118.46765280769452,120.43
2026-02-18 16:30:00+01:00,124.97045171412866,128.14
2026-02-18 16:45:00+01:00,133.6638796522308,128.76
2026-02-18 17:00:00+01:00,121.81023215615483,137.99
2026-02-18 17:15:00+01:00,135.078726546407,137.3
2026-02-18 17:30:00+01:00,137.35656230909976,142.38
2026-02-18 17:45:00+01:00,134.75310603834907,143.95
2026-02-18 18:00:00+01:00,131.464523406822,153.49
2026-02-18 18:15:00+01:00,124.76467106468786,144.94
2026-02-18 18:30:00+01:00,122.40225362824866,139.09
2026-02-18 18:45:00+01:00,122.58901068399275,132.87
2026-02-18 19:00:00+01:00,123.98614595114277,129.54
2026-02-18 19:15:00+01:00,118.33439647597639,120.5
2026-02-18 19:30:00+01:00,111.46344205561192,119.46
2026-02-18 19:45:00+01:00,104.60317534516942,109.87
2026-02-18 20:00:00+01:00,109.53576728058042,117.63
2026-02-18 20:15:00+01:00,99.61961111859577,103.29
2026-02-18 20:30:00+01:00,95.14172682912564,97.78
2026-02-18 20:45:00+01:00,89.39279246995095,91.98
2026-02-18 21:00:00+01:00,97.86686819416012,106.14
2026-02-18 21:15:00+01:00,93.81741738045534,101.21
2026-02-18 21:30:00+01:00,90.98488622441242,88.95
2026-02-18 21:45:00+01:00,85.80951112588718,88.26
2026-02-18 22:00:00+01:00,95.25514133266458,101.94
2026-02-18 22:15:00+01:00,91.57891818804337,96.01
2026-02-18 22:30:00+01:00,91.73813326225522,90.79
2026-02-18 22:45:00+01:00,90.13045243998491,91.65
2026-02-18 23:00:00+01:00,93.0625911977994,97.42
2026-02-18 23:15:00+01:00,85.24832656288234,92.41
2026-02-18 23:30:00+01:00,80.01510887408126,86.92
2026-02-18 23:45:00+01:00,74.70397468725731,81.11
2026-02-19 00:00:00+01:00,94.94085002034208,87.84
2026-02-19 00:15:00+01:00,91.10324977577653,83.29
2026-02-19 00:30:00+01:00,88.77625864142708,83.29
2026-02-19 00:45:00+01:00,87.37196727547624,80.68
2026-02-19 01:00:00+01:00,89.91391017114906,86.75
2026-02-19 01:15:00+01:00,88.2665107746773,83.83
2026-02-19 01:30:00+01:00,85.87612434432413,80.8
2026-02-19 01:45:00+01:00,84.38617725331417,76.02
2026-02-19 02:00:00+01:00,84.45081259347877,84.89
2026-02-19 02:15:00+01:00,81.66182811549417,82.0
2026-02-19 02:30:00+01:00,82.26501130677433,81.0
2026-02-19 02:45:00+01:00,79.95913253243857,79.83
2026-02-19 03:00:00+01:00,83.90219480301984,83.58
2026-02-19 03:15:00+01:00,82.01881593056767,80.76
2026-02-19 03:30:00+01:00,82.0684201514034,80.67
2026-02-19 03:45:00+01:00,79.86145145885055,80.79
2026-02-19 04:00:00+01:00,81.35656649877956,74.09
2026-02-19 04:15:00+01:00,79.65085272277047,76.14
2026-02-19 04:30:00+01:00,80.07221476031411,78.71
2026-02-19 04:45:00+01:00,83.4421952300983,81.68
2026-02-19 05:00:00+01:00,85.21206540698012,79.61
2026-02-19 05:15:00+01:00,83.71626040524762,82.26
2026-02-19 05:30:00+01:00,85.10094509725232,86.39
2026-02-19 05:45:00+01:00,91.29012471368117,88.34
2026-02-19 06:00:00+01:00,89.1365261323881,79.98
2026-02-19 06:15:00+01:00,97.28659963966668,83.37
2026-02-19 06:30:00+01:00,99.41789783551341,87.18
2026-02-19 06:45:00+01:00,107.6896759326693,97.92
2026-02-19 07:00:00+01:00,102.67731099183912,82.01
2026-02-19 07:15:00+01:00,107.23434715619203,89.34
2026-02-19 07:30:00+01:00,111.29263779016186,93.55
2026-02-19 07:45:00+01:00,118.34588814547375,92.05
2026-02-19 08:00:00+01:00,118.35817394112617,94.37
2026-02-19 08:15:00+01:00,128.74622475426585,97.84
2026-02-19 08:30:00+01:00,129.72292656568774,98.26
2026-02-19 08:45:00+01:00,118.32778784406605,97.31
2026-02-19 09:00:00+01:00,134.91244448261116,105.63
2026-02-19 09:15:00+01:00,128.870641229735,104.25
2026-02-19 09:30:00+01:00,118.56397340825346,103.58
2026-02-19 09:45:00+01:00,88.82872374176188,100.98
2026-02-19 10:00:00+01:00,126.30283643726936,106.81
2026-02-19 10:15:00+01:00,116.26733438224004,101.26
2026-02-19 10:30:00+01:00,105.40848526542162,98.3
2026-02-19 10:45:00+01:00,89.93439125720089,97.61
2026-02-19 11:00:00+01:00,105.1728007704736,97.22
2026-02-19 11:15:00+01:00,102.2363908508883,96.84
2026-02-19 11:30:00+01:00,104.82931862965442,95.3
2026-02-19 11:45:00+01:00,86.43993761876271,91.07
2026-02-19 12:00:00+01:00,102.5866689661103,94.52
2026-02-19 12:15:00+01:00,101.57903975447198,90.17
2026-02-19 12:30:00+01:00,100.6118623491511,89.5
2026-02-19 12:45:00+01:00,102.54871847320385,89.81
2026-02-19 13:00:00+01:00,103.08629657826964,90.86
2026-02-19 13:15:00+01:00,102.20452863084957,90.16
2026-02-19 13:30:00+01:00,101.19279626218278,89.76
2026-02-19 13:45:00+01:00,101.06743537726149,89.62
2026-02-19 14:00:00+01:00,101.48130443627997,89.19
2026-02-19 14:15:00+01:00,103.10101315521692,89.7
2026-02-19 14:30:00+01:00,104.50152515955256,89.96
2026-02-19 14:45:00+01:00,113.5440546545337,91.79
2026-02-19 15:00:00+01:00,104.10481078285463,85.28
2026-02-19 15:15:00+01:00,110.85901578375476,88.35
2026-02-19 15:30:00+01:00,116.12059712446178,96.49
2026-02-19 15:45:00+01:00,120.31761385489405,100.23
2026-02-19 16:00:00+01:00,113.92400801548094,88.0
2026-02-19 16:15:00+01:00,114.6181320386444,96.53
2026-02-19 16:30:00+01:00,122.10288974996007,99.33
2026-02-19 16:45:00+01:00,129.0111587682993,101.71
2026-02-19 17:00:00+01:00,125.08179386063182,98.21
2026-02-19 17:15:00+01:00,131.32554060439443,103.36
2026-02-19 17:30:00+01:00,136.37240262386595,108.93
2026-02-19 17:45:00+01:00,134.27087748775224,112.27
2026-02-19 18:00:00+01:00,129.68404484952242,103.92
2026-02-19 18:15:00+01:00,126.5753766943374,106.95
2026-02-19 18:30:00+01:00,124.74203361774266,120.04
2026-02-19 18:45:00+01:00,126.52357393344099,123.16
2026-02-19 19:00:00+01:00,124.94919036881967,123.65
2026-02-19 19:15:00+01:00,118.88608840477956,117.36
2026-02-19 19:30:00+01:00,118.34179923017959,104.44
2026-02-19 19:45:00+01:00,114.56515176012502,100.09
2026-02-19 20:00:00+01:00,117.20459697748332,110.58
2026-02-19 20:15:00+01:00,111.50420648226164,100.0
2026-02-19 20:30:00+01:00,106.61435620435957,97.75
2026-02-19 20:45:00+01:00,101.85524118657983,93.61
2026-02-19 21:00:00+01:00,109.07002633342557,103.92
2026-02-19 21:15:00+01:00,107.93638596991894,97.52
2026-02-19 21:30:00+01:00,101.66909279897588,97.09
2026-02-19 21:45:00+01:00,97.64854707817298,93.93
2026-02-19 22:00:00+01:00,108.1293513667012,98.96
2026-02-19 22:15:00+01:00,103.46628391687763,96.86
2026-02-19 22:30:00+01:00,101.16418285461472,89.05
2026-02-19 22:45:00+01:00,96.2656420195324,83.53
2026-02-19 23:00:00+01:00,101.80786275065,90.72
2026-02-19 23:15:00+01:00,96.84808004625084,85.34
2026-02-19 23:30:00+01:00,95.70361377757919,83.2
2026-02-19 23:45:00+01:00,88.05320862124653,81.48
2026-02-20 00:00:00+01:00,94.99063480748192,87.53
2026-02-20 00:15:00+01:00,89.62085350922365,85.16
2026-02-20 00:30:00+01:00,85.34103487959683,86.27
2026-02-20 00:45:00+01:00,84.13165159226307,85.28
2026-02-20 01:00:00+01:00,89.23641104906041,86.83
2026-02-20 01:15:00+01:00,86.51045858522559,86.57
2026-02-20 01:30:00+01:00,84.25894453677728,85.62
2026-02-20 01:45:00+01:00,80.95643661612229,84.69
2026-02-20 02:00:00+01:00,84.87736400848321,86.25
2026-02-20 02:15:00+01:00,81.75001991285511,85.28
2026-02-20 02:30:00+01:00,81.64737978896612,84.57
2026-02-20 02:45:00+01:00,81.19109972638881,85.65
2026-02-20 03:00:00+01:00,81.1416688337968,84.74
2026-02-20 03:15:00+01:00,82.45072194711474,84.74
2026-02-20 03:30:00+01:00,82.87880092204556,84.86
2026-02-20 03:45:00+01:00,81.75890786726949,85.18
2026-02-20 04:00:00+01:00,82.53653338689725,82.4
2026-02-20 04:15:00+01:00,81.58408144025549,83.41
2026-02-20 04:30:00+01:00,81.98525377328728,85.08
2026-02-20 04:45:00+01:00,84.474507797837,86.78
2026-02-20 05:00:00+01:00,80.20068626514461,85.53
2026-02-20 05:15:00+01:00,83.82188947087263,85.32
2026-02-20 05:30:00+01:00,83.10362510883435,89.61
2026-02-20 05:45:00+01:00,90.2649534221619,100.62
2026-02-20 06:00:00+01:00,84.63491550485406,85.22
2026-02-20 06:15:00+01:00,93.06397219362293,105.27
2026-02-20 06:30:00+01:00,99.3497996027699,111.97
2026-02-20 06:45:00+01:00,104.6833992795871,116.87
2026-02-20 07:00:00+01:00,98.93174471054249,109.21
2026-02-20 07:15:00+01:00,108.20529491072148,112.4
2026-02-20 07:30:00+01:00,113.806581867025,118.81
2026-02-20 07:45:00+01:00,118.74128905655623,114.71
2026-02-20 08:00:00+01:00,120.58376764892192,121.17
2026-02-20 08:15:00+01:00,125.29894561876851,121.93
2026-02-20 08:30:00+01:00,127.28168161741378,114.72
2026-02-20 08:45:00+01:00,122.73285906327834,106.75
2026-02-20 09:00:00+01:00,131.0904102294123,122.42
2026-02-20 09:15:00+01:00,126.50978219083727,115.72
2026-02-20 09:30:00+01:00,124.20965309992127,104.29
2026-02-20 09:45:00+01:00,107.33951440215333,94.3
2026-02-20 10:00:00+01:00,125.6988348819827,103.41
2026-02-20 10:15:00+01:00,118.04521379409633,94.34
2026-02-20 10:30:00+01:00,111.81923009388115,85.05
2026-02-20 10:45:00+01:00,105.01716139115486,81.6
2026-02-20 11:00:00+01:00,108.5536278911653,90.08
2026-02-20 11:15:00+01:00,106.4627682348412,85.9
2026-02-20 11:30:00+01:00,109.11087049163923,82.71
2026-02-20 11:45:00+01:00,102.5988010634117,76.04
2026-02-20 12:00:00+01:00,103.15167902377836,84.93
2026-02-20 12:15:00+01:00,105.8387950241078,82.41
2026-02-20 12:30:00+01:00,99.26527022825563,79.02
2026-02-20 12:45:00+01:00,106.51136752759726,77.69
2026-02-20 13:00:00+01:00,105.68575317697828,80.22
2026-02-20 13:15:00+01:00,106.10208193711067,81.02
2026-02-20 13:30:00+01:00,105.65465008089461,80.52
2026-02-20 13:45:00+01:00,105.50336084179872,76.64
2026-02-20 14:00:00+01:00,104.17648426714031,75.62
2026-02-20 14:15:00+01:00,107.34769974714015,80.13
2026-02-20 14:30:00+01:00,109.70983349172272,81.04
2026-02-20 14:45:00+01:00,115.28124591102129,83.04
2026-02-20 15:00:00+01:00,107.04038855297625,73.55
2026-02-20 15:15:00+01:00,114.01318915102513,83.59
2026-02-20 15:30:00+01:00,122.06668160190003,85.41
2026-02-20 15:45:00+01:00,127.00199789117946,91.31
2026-02-20 16:00:00+01:00,113.2516026016743,82.52
2026-02-20 16:15:00+01:00,120.09050760683292,93.41
2026-02-20 16:30:00+01:00,129.30273445704196,94.73
2026-02-20 16:45:00+01:00,138.13957264826834,96.77
2026-02-20 17:00:00+01:00,130.5514805972166,97.39
2026-02-20 17:15:00+01:00,139.26367677245608,99.46
2026-02-20 17:30:00+01:00,140.57348263220615,104.94
2026-02-20 17:45:00+01:00,140.2683986884015,103.96
2026-02-20 18:00:00+01:00,141.98972254709525,98.57
2026-02-20 18:15:00+01:00,137.27230854987303,98.16
2026-02-20 18:30:00+01:00,133.52859290540593,90.34
2026-02-20 18:45:00+01:00,124.57958378080906,88.06
2026-02-20 19:00:00+01:00,132.09085089436445,91.46
2026-02-20 19:15:00+01:00,125.67452696970196,89.63
2026-02-20 19:30:00+01:00,109.65414063025939,82.26
2026-02-20 19:45:00+01:00,99.53348785747284,68.6
2026-02-20 20:00:00+01:00,112.23616705030595,96.0
2026-02-20 20:15:00+01:00,99.39646849955429,83.48
2026-02-20 20:30:00+01:00,95.07791547037813,73.02
2026-02-20 20:45:00+01:00,83.41949882387318,62.36
2026-02-20 21:00:00+01:00,97.55167595507889,87.84
2026-02-20 21:15:00+01:00,86.07026966798266,75.43
2026-02-20 21:30:00+01:00,81.00300724561195,61.88
2026-02-20 21:45:00+01:00,75.56114047337468,46.84
2026-02-20 22:00:00+01:00,86.56473004927972,81.64
2026-02-20 22:15:00+01:00,78.09569534527077,69.55
2026-02-20 22:30:00+01:00,83.8892694596723,61.26
2026-02-20 22:45:00+01:00,81.82230102446495,46.11
2026-02-20 23:00:00+01:00,85.9649582218729,59.79
2026-02-20 23:15:00+01:00,76.16048981109333,48.65
2026-02-20 23:30:00+01:00,68.09670236054848,45.6
2026-02-20 23:45:00+01:00,66.70881964966311,33.18
2026-02-21 00:00:00+01:00,74.41810639770212,56.53
2026-02-21 00:15:00+01:00,57.6218472474957,52.63
2026-02-21 00:30:00+01:00,47.940480833755515,51.49
2026-02-21 00:45:00+01:00,53.38816060891187,49.11
2026-02-21 01:00:00+01:00,56.902919214804996,52.88
2026-02-21 01:15:00+01:00,52.008877042993,47.1
2026-02-21 01:30:00+01:00,49.39083136151014,48.18
2026-02-21 01:45:00+01:00,47.312546310006766,38.42
2026-02-21 02:00:00+01:00,47.23343507565886,50.23
2026-02-21 02:15:00+01:00,46.53523535457406,47.09
2026-02-21 02:30:00+01:00,48.88846558882495,41.52
2026-02-21 02:45:00+01:00,47.10817796140388,34.99
2026-02-21 03:00:00+01:00,56.800956876485486,46.37
2026-02-21 03:15:00+01:00,49.51756617855135,41.05
2026-02-21 03:30:00+01:00,54.054161312011914,37.58
2026-02-21 03:45:00+01:00,50.682587319200074,41.63
2026-02-21 04:00:00+01:00,45.43135496482716,40.08
2026-02-21 04:15:00+01:00,51.29795005369086,38.79
2026-02-21 04:30:00+01:00,55.057753147345366,40.03
2026-02-21 04:45:00+01:00,55.82969334653159,37.0
2026-02-21 05:00:00+01:00,52.11783937319837,36.8
2026-02-21 05:15:00+01:00,53.22018339062723,35.72
2026-02-21 05:30:00+01:00,54.68684606600316,40.16
2026-02-21 05:45:00+01:00,59.619853224269974,45.23
2026-02-21 06:00:00+01:00,46.472477269739315,24.94
2026-02-21 06:15:00+01:00,45.23738981628545,29.95
2026-02-21 06:30:00+01:00,58.82087169996501,38.01
2026-02-21 06:45:00+01:00,60.794153931514295,50.54
2026-02-21 07:00:00+01:00,55.729331942537314,42.37
2026-02-21 07:15:00+01:00,59.632961632412396,38.35
2026-02-21 07:30:00+01:00,61.56253971265263,50.66
2026-02-21 07:45:00+01:00,69.62550890978792,56.58
2026-02-21 08:00:00+01:00,71.10632815125722,51.96
2026-02-21 08:15:00+01:00,71.8126093472941,52.93
2026-02-21 08:30:00+01:00,76.23166795947886,59.08
2026-02-21 08:45:00+01:00,73.71045178865546,60.23
2026-02-21 09:00:00+01:00,81.26945201457244,60.02
2026-02-21 09:15:00+01:00,77.91462994040509,55.31
2026-02-21 09:30:00+01:00,80.95603698518144,59.95
2026-02-21 09:45:00+01:00,66.6155853434272,56.86
2026-02-21 10:00:00+01:00,74.84839398444817,64.52
2026-02-21 10:15:00+01:00,77.15558595238036,61.99
2026-02-21 10:30:00+01:00,79.04687135963415,57.18
2026-02-21 10:45:00+01:00,73.17873811545535,54.41
2026-02-21 11:00:00+01:00,70.3309314243277,61.81
2026-02-21 11:15:00+01:00,67.80048169733553,57.78
2026-02-21 11:30:00+01:00,48.675224743768716,53.96
2026-02-21 11:45:00+01:00,54.693147122913,47.99
2026-02-21 12:00:00+01:00,78.86964568719128,61.8
2026-02-21 12:15:00+01:00,55.91961664749212,51.36
2026-02-21 12:30:00+01:00,61.38281422505191,46.47
2026-02-21 12:45:00+01:00,63.32313042513923,42.48
2026-02-21 13:00:00+01:00,57.990231022745114,47.75
2026-02-21 13:15:00+01:00,63.73336288361046,44.92
2026-02-21 13:30:00+01:00,67.13376069627182,44.79
2026-02-21 13:45:00+01:00,91.3785440049217,43.19
2026-02-21 14:00:00+01:00,61.2922816511823,43.05
2026-02-21 14:15:00+01:00,87.99942364678509,50.7
2026-02-21 14:30:00+01:00,89.3464028277015,59.1
2026-02-21 14:45:00+01:00,102.46309633209887,71.17
2026-02-21 15:00:00+01:00,85.84237467983625,49.33
2026-02-21 15:15:00+01:00,98.64661164962519,60.23
2026-02-21 15:30:00+01:00,106.96249296658901,78.08
2026-02-21 15:45:00+01:00,113.26433318155881,87.9
2026-02-21 16:00:00+01:00,94.09102307602208,67.51
2026-02-21 16:15:00+01:00,101.81406262366372,82.75
2026-02-21 16:30:00+01:00,115.14583730902706,88.57
2026-02-21 16:45:00+01:00,130.2062758143542,88.93
2026-02-21 17:00:00+01:00,113.61491155357864,88.26
2026-02-21 17:15:00+01:00,128.7406290800309,96.89
2026-02-21 17:30:00+01:00,127.6264722255309,102.69
2026-02-21 17:45:00+01:00,131.29057739973962,106.7
2026-02-21 18:00:00+01:00,131.833421581673,106.8
2026-02-21 18:15:00+01:00,128.6191382347105,109.48
2026-02-21 18:30:00+01:00,125.8752029253848,109.72
2026-02-21 18:45:00+01:00,118.88487395421366,107.25
2026-02-21 19:00:00+01:00,124.4472858069603,107.01
2026-02-21 19:15:00+01:00,118.2583831019242,101.8
2026-02-21 19:30:00+01:00,110.42688402963846,98.73
2026-02-21 19:45:00+01:00,105.42583848689056,97.15
2026-02-21 20:00:00+01:00,115.49462286728438,96.49
2026-02-21 20:15:00+01:00,107.1712430682086,87.27
2026-02-21 20:30:00+01:00,101.16500038221,87.31
2026-02-21 20:45:00+01:00,95.51749509802985,85.32
2026-02-21 21:00:00+01:00,103.74868465636226,86.18
2026-02-21 21:15:00+01:00,100.42330367513355,84.84
2026-02-21 21:30:00+01:00,91.95645528927203,82.23
2026-02-21 21:45:00+01:00,89.34941086905722,78.0
2026-02-21 22:00:00+01:00,99.1633423485057,86.0
2026-02-21 22:15:00+01:00,94.87449254485786,80.64
2026-02-21 22:30:00+01:00,88.66681853549947,72.45
2026-02-21 22:45:00+01:00,85.35683822624313,67.28
2026-02-21 23:00:00+01:00,92.99941559460892,79.7
2026-02-21 23:15:00+01:00,87.80008310831863,73.26
2026-02-21 23:30:00+01:00,85.13737463623369,66.7
2026-02-21 23:45:00+01:00,84.09156507758165,47.18
2026-02-22 00:00:00+01:00,77.5470632722911,68.03
2026-02-22 00:15:00+01:00,71.30996019362301,59.34
2026-02-22 00:30:00+01:00,59.72930018027444,53.62
2026-02-22 00:45:00+01:00,54.38162138552823,45.71
2026-02-22 01:00:00+01:00,68.45288932317501,60.23
2026-02-22 01:15:00+01:00,60.989377423505516,55.96
2026-02-22 01:30:00+01:00,52.73023151982654,50.29
2026-02-22 01:45:00+01:00,49.38029254913601,43.56
2026-02-22 02:00:00+01:00,57.9497754966747,50.01
2026-02-22 02:15:00+01:00,57.911037869797475,45.44
2026-02-22 02:30:00+01:00,56.2728421036185,41.68
2026-02-22 02:45:00+01:00,54.80449432010234,39.1
2026-02-22 03:00:00+01:00,60.83593556234294,38.79
2026-02-22 03:15:00+01:00,54.391056153024046,38.07
2026-02-22 03:30:00+01:00,51.847722317226946,45.16
2026-02-22 03:45:00+01:00,51.59573248826395,41.81
2026-02-22 04:00:00+01:00,51.756934012711014,36.91
2026-02-22 04:15:00+01:00,51.805262415768716,35.54
2026-02-22 04:30:00+01:00,51.37204235424693,41.82
2026-02-22 04:45:00+01:00,53.600266072146546,41.8
2026-02-22 05:00:00+01:00,56.50281039989903,39.08
2026-02-22 05:15:00+01:00,54.449011251441775,40.08
2026-02-22 05:30:00+01:00,55.46618970140755,37.94
2026-02-22 05:45:00+01:00,56.27224650437348,36.05
2026-02-22 06:00:00+01:00,51.37176119827051,32.3
2026-02-22 06:15:00+01:00,41.39775063676394,34.0
2026-02-22 06:30:00+01:00,52.111023412318104,35.26
2026-02-22 06:45:00+01:00,61.41549725490997,37.94
2026-02-22 07:00:00+01:00,45.46198525989305,37.11
2026-02-22 07:15:00+01:00,43.6054227760962,42.65
2026-02-22 07:30:00+01:00,51.74233709621282,41.32
2026-02-22 07:45:00+01:00,60.78984741405187,44.93
2026-02-22 08:00:00+01:00,56.05566282232987,42.06
2026-02-22 08:15:00+01:00,56.30391513539774,44.33
2026-02-22 08:30:00+01:00,42.351414082380046,47.97
2026-02-22 08:45:00+01:00,54.28270408435679,55.06
2026-02-22 09:00:00+01:00,54.85577567091771,53.6
2026-02-22 09:15:00+01:00,52.061575324207624,56.09
2026-02-22 09:30:00+01:00,32.54771332827356,56.09
2026-02-22 09:45:00+01:00,44.83674493137288,56.07
2026-02-22 10:00:00+01:00,38.07897940189619,59.08
2026-02-22 10:15:00+01:00,57.08918287809507,57.35
2026-02-22 10:30:00+01:00,42.75969693044907,54.71
2026-02-22 10:45:00+01:00,58.940292996937245,49.27
2026-02-22 11:00:00+01:00,49.546975106922396,54.71
2026-02-22 11:15:00+01:00,51.32146809640492,55.84
2026-02-22 11:30:00+01:00,50.16875978537567,54.59
2026-02-22 11:45:00+01:00,46.77407560590587,50.71
2026-02-22 12:00:00+01:00,49.528594106695024,51.79
2026-02-22 12:15:00+01:00,48.197141873048174,57.35
2026-02-22 12:30:00+01:00,42.849465596011655,50.37
2026-02-22 12:45:00+01:00,32.46826388069469,42.83
2026-02-22 13:00:00+01:00,41.15637517459086,56.33
2026-02-22 13:15:00+01:00,35.8814985578868,46.09
2026-02-22 13:30:00+01:00,32.34838910783982,40.97
2026-02-22 13:45:00+01:00,38.49590751925057,36.93
2026-02-22 14:00:00+01:00,56.101028383197125,44.13
2026-02-22 14:15:00+01:00,72.2421143717333,42.29
2026-02-22 14:30:00+01:00,74.01095387373789,42.02
2026-02-22 14:45:00+01:00,76.27176816622452,44.79
2026-02-22 15:00:00+01:00,22.118202310838043,45.51
2026-02-22 15:15:00+01:00,73.11711991046016,43.32
2026-02-22 15:30:00+01:00,80.04480816873937,45.51
2026-02-22 15:45:00+01:00,80.75379211607026,57.43
2026-02-22 16:00:00+01:00,72.16177153897209,52.77
2026-02-22 16:15:00+01:00,73.24087616476672,51.12
2026-02-22 16:30:00+01:00,84.36160920715974,57.46
2026-02-22 16:45:00+01:00,93.06859209107385,66.36
2026-02-22 17:00:00+01:00,92.38518543779237,66.42
2026-02-22 17:15:00+01:00,95.40460159542286,72.27
2026-02-22 17:30:00+01:00,98.29713909151766,75.88
2026-02-22 17:45:00+01:00,102.21827453094436,89.23
2026-02-22 18:00:00+01:00,101.62107979199419,74.81
2026-02-22 18:15:00+01:00,78.93655108554242,81.23
2026-02-22 18:30:00+01:00,103.36669001354747,82.0
2026-02-22 18:45:00+01:00,93.59591108802786,79.73
2026-02-22 19:00:00+01:00,101.99901234548695,73.0
2026-02-22 19:15:00+01:00,95.39343617120727,75.28
2026-02-22 19:30:00+01:00,89.46129901129719,80.2
2026-02-22 19:45:00+01:00,90.49154218261947,72.0
2026-02-22 20:00:00+01:00,95.58745941881686,71.98
2026-02-22 20:15:00+01:00,90.24000042811821,68.91
2026-02-22 20:30:00+01:00,87.459485752242,68.24
2026-02-22 20:45:00+01:00,66.6357234010699,64.94
2026-02-22 21:00:00+01:00,76.45802624833016,69.11
2026-02-22 21:15:00+01:00,76.11795564396422,68.12
2026-02-22 21:30:00+01:00,66.55007843744863,68.97
2026-02-22 21:45:00+01:00,49.81834137220852,64.56
2026-02-22 22:00:00+01:00,75.83186368074438,79.94
2026-02-22 22:15:00+01:00,68.63399391593683,76.39
2026-02-22 22:30:00+01:00,58.55854133260546,69.22
2026-02-22 22:45:00+01:00,66.0935691196489,56.09
2026-02-22 23:00:00+01:00,76.00719651014658,71.17
2026-02-22 23:15:00+01:00,58.16643558458679,56.16
2026-02-22 23:30:00+01:00,52.33821227323742,49.36
2026-02-22 23:45:00+01:00,47.14011363497444,31.1
2026-02-23 00:00:00+01:00,60.58563754376555,50.7
2026-02-23 00:15:00+01:00,56.70397087518878,45.71
2026-02-23 00:30:00+01:00,42.919820912413094,37.92
2026-02-23 00:45:00+01:00,39.47869880593055,47.07
2026-02-23 01:00:00+01:00,49.981047381082995,46.0
2026-02-23 01:15:00+01:00,42.79698205348232,43.14
2026-02-23 01:30:00+01:00,39.43477302644605,42.73
2026-02-23 01:45:00+01:00,42.51899349887565,50.18
2026-02-23 02:00:00+01:00,45.87175347029169,45.92
2026-02-23 02:15:00+01:00,40.63954607039079,43.52
2026-02-23 02:30:00+01:00,41.33064586886647,45.56
2026-02-23 02:45:00+01:00,37.87782124540954,40.9
2026-02-23 03:00:00+01:00,41.19921916742275,45.23
2026-02-23 03:15:00+01:00,34.89187520526699,45.1
2026-02-23 03:30:00+01:00,35.70239435283393,44.29
2026-02-23 03:45:00+01:00,32.5161660524957,45.04
2026-02-23 04:00:00+01:00,29.969605638654883,40.75
2026-02-23 04:15:00+01:00,26.147121468401203,44.14
2026-02-23 04:30:00+01:00,28.695818924530087,46.7
2026-02-23 04:45:00+01:00,25.5597201340599,48.99
2026-02-23 05:00:00+01:00,36.41940625334546,47.75
2026-02-23 05:15:00+01:00,39.718822060794665,42.73
2026-02-23 05:30:00+01:00,44.789119334898196,55.11
2026-02-23 05:45:00+01:00,59.41853097498848,78.69
2026-02-23 06:00:00+01:00,45.15932335017778,55.27
2026-02-23 06:15:00+01:00,64.0882624744036,74.45
2026-02-23 06:30:00+01:00,73.3375866756536,88.12
2026-02-23 06:45:00+01:00,81.38295996123118,93.21
2026-02-23 07:00:00+01:00,77.09886255970001,91.8
2026-02-23 07:15:00+01:00,80.35050324577068,94.78
2026-02-23 07:30:00+01:00,85.47649168884865,98.57
2026-02-23 07:45:00+01:00,91.38957248398748,98.68
2026-02-23 08:00:00+01:00,94.71984825103858,102.64
2026-02-23 08:15:00+01:00,96.25658884583149,100.49
2026-02-23 08:30:00+01:00,89.84947808642708,99.02
2026-02-23 08:45:00+01:00,80.33983893683077,94.02
2026-02-23 09:00:00+01:00,95.6716684987969,97.26
2026-02-23 09:15:00+01:00,90.40958666754634,94.73
2026-02-23 09:30:00+01:00,78.76200199878781,89.81
2026-02-23 09:45:00+01:00,65.56702228995727,68.07
2026-02-23 10:00:00+01:00,71.1481229732025,92.85
2026-02-23 10:15:00+01:00,73.8693280061483,88.14
2026-02-23 10:30:00+01:00,63.18563277561095,58.16
2026-02-23 10:45:00+01:00,63.41170411715662,28.91
2026-02-23 11:00:00+01:00,61.343799279805026,60.36
2026-02-23 11:15:00+01:00,66.22673908353948,64.46
2026-02-23 11:30:00+01:00,57.42809462462646,47.89
2026-02-23 11:45:00+01:00,46.59119494970204,22.69
2026-02-23 12:00:00+01:00,66.38713137329933,22.95
2026-02-23 12:15:00+01:00,51.1453443870512,5.0
2026-02-23 12:30:00+01:00,57.01698014333658,2.5
2026-02-23 12:45:00+01:00,54.9834511611672,1.07
2026-02-23 13:00:00+01:00,68.38124277044483,2.25
2026-02-23 13:15:00+01:00,67.44326393964093,1.16
2026-02-23 13:30:00+01:00,65.43778695292893,1.36
2026-02-23 13:45:00+01:00,68.720045516657,6.84
2026-02-23 14:00:00+01:00,64.15411301480876,10.1
2026-02-23 14:15:00+01:00,76.04708463770643,33.32
2026-02-23 14:30:00+01:00,65.0153030910939,47.16
2026-02-23 14:45:00+01:00,80.9306397453395,48.99
2026-02-23 15:00:00+01:00,68.99582693027519,20.09
2026-02-23 15:15:00+01:00,76.90223047612656,39.0
2026-02-23 15:30:00+01:00,81.65248531128304,78.44
2026-02-23 15:45:00+01:00,87.42962044484644,96.5
2026-02-23 16:00:00+01:00,46.860303013932764,41.64
2026-02-23 16:15:00+01:00,70.40348515456972,80.42
2026-02-23 16:30:00+01:00,74.72753589843838,93.56
2026-02-23 16:45:00+01:00,28.474460319575613,102.41
2026-02-23 17:00:00+01:00,60.74307307137112,83.61
2026-02-23 17:15:00+01:00,69.55934867208549,96.58
2026-02-23 17:30:00+01:00,78.05274103783248,99.57
2026-02-23 17:45:00+01:00,87.64991136940787,104.6
2026-02-23 18:00:00+01:00,42.30334174564632,103.96
2026-02-23 18:15:00+01:00,70.35556613216576,105.46
2026-02-23 18:30:00+01:00,75.67673830756343,105.99
2026-02-23 18:45:00+01:00,110.45371820085039,113.67
2026-02-23 19:00:00+01:00,115.1335250389454,109.04
2026-02-23 19:15:00+01:00,106.0164152808834,110.49
2026-02-23 19:30:00+01:00,101.83017853422744,110.91
2026-02-23 19:45:00+01:00,94.68685967880191,113.15
2026-02-23 20:00:00+01:00,92.86314923119349,102.74
2026-02-23 20:15:00+01:00,96.14396316170533,102.8
2026-02-23 20:30:00+01:00,92.64718772593899,93.74
2026-02-23 20:45:00+01:00,88.47920350376526,92.82
2026-02-23 21:00:00+01:00,95.22077135135653,101.27
2026-02-23 21:15:00+01:00,89.7260051241035,99.93
2026-02-23 21:30:00+01:00,86.30983782811818,95.36
2026-02-23 21:45:00+01:00,78.56870023691295,92.38
2026-02-23 22:00:00+01:00,84.03854920249793,100.65
2026-02-23 22:15:00+01:00,86.12250141672536,96.97
2026-02-23 22:30:00+01:00,82.78674362375364,95.37
2026-02-23 22:45:00+01:00,71.34303745394877,90.43
2026-02-23 23:00:00+01:00,78.5476871318236,91.26
2026-02-23 23:15:00+01:00,73.41097287705996,87.89
2026-02-23 23:30:00+01:00,69.43661763867473,87.3
2026-02-23 23:45:00+01:00,64.15026662573413,82.7
2026-02-24 00:00:00+01:00,87.77707772072597,83.99
2026-02-24 00:15:00+01:00,87.36992022062321,84.22
2026-02-24 00:30:00+01:00,85.74271814208974,83.68
2026-02-24 00:45:00+01:00,84.34629860746371,77.54
2026-02-24 01:00:00+01:00,89.35870433500011,83.47
2026-02-24 01:15:00+01:00,87.22148389400378,83.82
2026-02-24 01:30:00+01:00,85.9684664549861,84.2
2026-02-24 01:45:00+01:00,86.32748311448684,84.36
2026-02-24 02:00:00+01:00,88.73283094946147,85.16
2026-02-24 02:15:00+01:00,88.62401675987604,85.66
2026-02-24 02:30:00+01:00,87.67802044721984,85.82
2026-02-24 02:45:00+01:00,87.25675115565788,87.26
2026-02-24 03:00:00+01:00,87.74956066096884,84.15
2026-02-24 03:15:00+01:00,87.91947527037247,85.69
2026-02-24 03:30:00+01:00,87.60605393263786,86.58
2026-02-24 03:45:00+01:00,91.588410895039,89.38
2026-02-24 04:00:00+01:00,90.05715500641756,87.23
2026-02-24 04:15:00+01:00,91.30100394816382,87.64
2026-02-24 04:30:00+01:00,89.7326836383501,88.01
2026-02-24 04:45:00+01:00,95.12627730485522,89.94
2026-02-24 05:00:00+01:00,88.84065926281674,87.66
2026-02-24 05:15:00+01:00,91.25163173477398,88.73
2026-02-24 05:30:00+01:00,93.00129848499135,96.95
2026-02-24 05:45:00+01:00,97.88327910215217,103.34
2026-02-24 06:00:00+01:00,93.11688967103292,94.0
2026-02-24 06:15:00+01:00,101.98164240662508,106.15
2026-02-24 06:30:00+01:00,107.81289657355707,118.74
2026-02-24 06:45:00+01:00,122.25242665946121,125.6
2026-02-24 07:00:00+01:00,109.89036035755352,118.67
2026-02-24 07:15:00+01:00,125.62203745889063,129.59
2026-02-24 07:30:00+01:00,134.5704842691083,138.39
2026-02-24 07:45:00+01:00,142.93270900764014,145.74
2026-02-24 08:00:00+01:00,139.34053771002158,140.56
2026-02-24 08:15:00+01:00,144.53335797429997,147.1
2026-02-24 08:30:00+01:00,144.78970602194096,151.38
2026-02-24 08:45:00+01:00,145.0138864105463,150.86
2026-02-24 09:00:00+01:00,146.7426503523137,147.02
2026-02-24 09:15:00+01:00,146.97460308545323,145.18
2026-02-24 09:30:00+01:00,129.4342281174928,139.39
2026-02-24 09:45:00+01:00,133.42353316116447,131.29
2026-02-24 10:00:00+01:00,144.42688408767694,149.6
2026-02-24 10:15:00+01:00,133.95118208732183,130.37
2026-02-24 10:30:00+01:00,120.67468159242654,121.62
2026-02-24 10:45:00+01:00,123.72090383252097,113.48
2026-02-24 11:00:00+01:00,132.79311922543408,120.98
2026-02-24 11:15:00+01:00,128.4246473244188,111.61
2026-02-24 11:30:00+01:00,122.8592179336175,109.84
2026-02-24 11:45:00+01:00,122.04245640283663,103.15
2026-02-24 12:00:00+01:00,113.74504964484174,104.44
2026-02-24 12:15:00+01:00,114.05794163105834,99.95
2026-02-24 12:30:00+01:00,113.62568352440961,98.57
2026-02-24 12:45:00+01:00,107.20581948632167,97.8
2026-02-24 13:00:00+01:00,111.2124248349634,101.02
2026-02-24 13:15:00+01:00,113.33448696750489,99.98
2026-02-24 13:30:00+01:00,112.6385392765876,98.45
2026-02-24 13:45:00+01:00,119.3996844823101,97.75
2026-02-24 14:00:00+01:00,113.44075012638025,90.33
2026-02-24 14:15:00+01:00,124.87225719190647,95.06
2026-02-24 14:30:00+01:00,131.5214064291617,96.28
2026-02-24 14:45:00+01:00,145.6176376509975,98.35
2026-02-24 15:00:00+01:00,114.41851463092804,97.87
2026-02-24 15:15:00+01:00,125.80431116686816,100.19
2026-02-24 15:30:00+01:00,179.513747859092,107.99
2026-02-24 15:45:00+01:00,159.53601060189592,122.24
2026-02-24 16:00:00+01:00,128.63553842526593,111.0
2026-02-24 16:15:00+01:00,138.81536798375186,115.74
2026-02-24 16:30:00+01:00,152.3545354251346,131.49
2026-02-24 16:45:00+01:00,159.89897174811773,145.0
2026-02-24 17:00:00+01:00,143.38840331646418,132.44
2026-02-24 17:15:00+01:00,152.35243680678764,157.95
2026-02-24 17:30:00+01:00,166.12860734355442,195.47
2026-02-24 17:45:00+01:00,164.60216292976455,243.02
2026-02-24 18:00:00+01:00,201.73917890634027,198.97
2026-02-24 18:15:00+01:00,155.78547476833222,193.97
2026-02-24 18:30:00+01:00,153.69891674622414,181.84
2026-02-24 18:45:00+01:00,150.39900113303827,161.41
2026-02-24 19:00:00+01:00,171.1118355977077,179.73
2026-02-24 19:15:00+01:00,152.63270830404386,144.44
2026-02-24 19:30:00+01:00,142.74538517255726,137.86
2026-02-24 19:45:00+01:00,131.17522567970525,115.64
2026-02-24 20:00:00+01:00,141.79757184627357,130.83
2026-02-24 20:15:00+01:00,128.22654966323512,125.01
2026-02-24 20:30:00+01:00,121.70158860532976,115.11
2026-02-24 20:45:00+01:00,113.61160895591398,104.88
2026-02-24 21:00:00+01:00,126.8022616897826,117.82
2026-02-24 21:15:00+01:00,120.66244689551422,111.2
2026-02-24 21:30:00+01:00,117.16777456243398,106.48
2026-02-24 21:45:00+01:00,113.96646335030472,99.4
2026-02-24 22:00:00+01:00,119.07129213672866,107.43
2026-02-24 22:15:00+01:00,112.55790021390892,103.25
2026-02-24 22:30:00+01:00,109.54760142589434,100.11
2026-02-24 22:45:00+01:00,104.6121558358508,96.03
2026-02-24 23:00:00+01:00,114.23807947727035,98.11
2026-02-24 23:15:00+01:00,107.77860157912423,96.61
2026-02-24 23:30:00+01:00,102.95991083054888,92.43
2026-02-24 23:45:00+01:00,97.30671752161396,88.46
2026-02-25 00:00:00+01:00,110.3047013268608,99.04
2026-02-25 00:15:00+01:00,101.55287292606886,92.68
2026-02-25 00:30:00+01:00,97.58615863663933,89.93
2026-02-25 00:45:00+01:00,94.50902866304665,86.92
2026-02-25 01:00:00+01:00,100.97782321004037,91.48
2026-02-25 01:15:00+01:00,99.21274826754136,89.45
2026-02-25 01:30:00+01:00,96.21271614723256,85.32
2026-02-25 01:45:00+01:00,95.33259850171187,83.36
2026-02-25 02:00:00+01:00,96.98026579479692,87.69
2026-02-25 02:15:00+01:00,96.15470838170256,85.81
2026-02-25 02:30:00+01:00,96.51705680955631,83.54
2026-02-25 02:45:00+01:00,95.03502312100198,82.29
2026-02-25 03:00:00+01:00,95.73613671756648,88.53
2026-02-25 03:15:00+01:00,96.79572651132528,88.06
2026-02-25 03:30:00+01:00,96.9794894843194,88.19
2026-02-25 03:45:00+01:00,97.70824003386367,87.6
2026-02-25 04:00:00+01:00,97.34244575206911,88.31
2026-02-25 04:15:00+01:00,96.44342709294628,87.31
2026-02-25 04:30:00+01:00,96.95592759415283,89.24
2026-02-25 04:45:00+01:00,100.12116108794807,89.58
2026-02-25 05:00:00+01:00,93.97936742359907,87.14
2026-02-25 05:15:00+01:00,96.19593965812511,89.72
2026-02-25 05:30:00+01:00,97.51386513503796,96.15
2026-02-25 05:45:00+01:00,100.69294988874525,99.68
2026-02-25 06:00:00+01:00,97.87597326019063,95.7
2026-02-25 06:15:00+01:00,107.06737945552237,108.48
2026-02-25 06:30:00+01:00,117.45693081765656,120.15
2026-02-25 06:45:00+01:00,130.2663876952104,130.94
2026-02-25 07:00:00+01:00,115.56887724995028,124.64
2026-02-25 07:15:00+01:00,128.72028180802315,133.31
2026-02-25 07:30:00+01:00,138.1797604183548,136.42
2026-02-25 07:45:00+01:00,146.41833676796142,128.56
2026-02-25 08:00:00+01:00,147.65880464161614,137.57
2026-02-25 08:15:00+01:00,154.6614197273101,123.9
2026-02-25 08:30:00+01:00,153.86933841590778,115.85
2026-02-25 08:45:00+01:00,151.41689464081426,102.09
2026-02-25 09:00:00+01:00,156.6664734708454,123.76
2026-02-25 09:15:00+01:00,151.5700505705968,110.7
2026-02-25 09:30:00+01:00,142.3059250345165,100.28
2026-02-25 09:45:00+01:00,103.13152814980963,93.96
2026-02-25 10:00:00+01:00,122.99423881564793,102.16
2026-02-25 10:15:00+01:00,118.02914649421744,95.18
2026-02-25 10:30:00+01:00,95.95875319508002,85.25
2026-02-25 10:45:00+01:00,94.28257902610711,80.73
2026-02-25 11:00:00+01:00,94.19871440443006,87.43
2026-02-25 11:15:00+01:00,96.69032060781495,84.29
2026-02-25 11:30:00+01:00,98.83919943859848,82.67
2026-02-25 11:45:00+01:00,78.0421293603282,65.0
2026-02-25 12:00:00+01:00,48.68943732906542,84.4
2026-02-25 12:15:00+01:00,73.99282754685326,70.91
2026-02-25 12:30:00+01:00,78.07332356464379,57.88
2026-02-25 12:45:00+01:00,114.68439783601752,50.02
2026-02-25 13:00:00+01:00,114.80874783478633,66.07
2026-02-25 13:15:00+01:00,114.72257748507276,60.2
2026-02-25 13:30:00+01:00,114.88031131436878,58.81
2026-02-25 13:45:00+01:00,114.53249211771741,55.71
2026-02-25 14:00:00+01:00,108.5891279852182,45.03
2026-02-25 14:15:00+01:00,116.88766191372511,65.92
2026-02-25 14:30:00+01:00,120.9050000026109,75.47
2026-02-25 14:45:00+01:00,129.51273238042054,84.97
2026-02-25 15:00:00+01:00,115.7989063344043,68.65
2026-02-25 15:15:00+01:00,64.69495351833928,73.43
2026-02-25 15:30:00+01:00,134.05339117315245,86.08
2026-02-25 15:45:00+01:00,140.4105839930326,95.77
2026-02-25 16:00:00+01:00,121.83450850537092,77.13
2026-02-25 16:15:00+01:00,134.139104880622,95.04
2026-02-25 16:30:00+01:00,151.39207629148743,103.98
2026-02-25 16:45:00+01:00,149.81488496261056,129.33
2026-02-25 17:00:00+01:00,144.64233374374257,100.37
2026-02-25 17:15:00+01:00,160.9799781578549,108.21
2026-02-25 17:30:00+01:00,160.9810537303174,120.19
2026-02-25 17:45:00+01:00,167.05995233102834,145.8
2026-02-25 18:00:00+01:00,143.92995434083795,134.34
2026-02-25 18:15:00+01:00,141.1435875973497,123.16
2026-02-25 18:30:00+01:00,144.00860402433915,114.91
2026-02-25 18:45:00+01:00,145.15241267868646,114.67
2026-02-25 19:00:00+01:00,143.54754153439754,112.9
2026-02-25 19:15:00+01:00,139.47459255904755,108.83
2026-02-25 19:30:00+01:00,131.4751201157262,104.23
2026-02-25 19:45:00+01:00,121.40379043142902,102.65
2026-02-25 20:00:00+01:00,116.36294736188981,104.99
2026-02-25 20:15:00+01:00,118.90511593677957,96.24
2026-02-25 20:30:00+01:00,110.09036914421591,91.07
2026-02-25 20:45:00+01:00,103.79790299756671,84.72
2026-02-25 21:00:00+01:00,111.48057409720305,94.9
2026-02-25 21:15:00+01:00,107.84797932439223,90.21
2026-02-25 21:30:00+01:00,100.60619748177068,85.01
2026-02-25 21:45:00+01:00,99.82414059883004,79.0
2026-02-25 22:00:00+01:00,107.33129662909845,98.99
2026-02-25 22:15:00+01:00,104.20892513559134,87.1
2026-02-25 22:30:00+01:00,107.21224647625725,82.3
2026-02-25 22:45:00+01:00,101.78825939446632,78.92
2026-02-25 23:00:00+01:00,104.55258067897094,87.83
2026-02-25 23:15:00+01:00,102.88902342250553,82.39
2026-02-25 23:30:00+01:00,100.40952540410434,78.99
2026-02-25 23:45:00+01:00,94.90342019263768,67.27
2026-02-26 00:00:00+01:00,92.03279456659686,82.39
2026-02-26 00:15:00+01:00,88.20755915382294,77.17
2026-02-26 00:30:00+01:00,83.46179846280681,75.14
2026-02-26 00:45:00+01:00,80.22070147806438,70.99
2026-02-26 01:00:00+01:00,85.61788559482828,80.0
2026-02-26 01:15:00+01:00,83.9788395476786,72.22
2026-02-26 01:30:00+01:00,79.61967769532868,70.64
2026-02-26 01:45:00+01:00,79.3008152744018,66.7
2026-02-26 02:00:00+01:00,83.85308207561562,69.24
2026-02-26 02:15:00+01:00,82.1257606266044,68.24
2026-02-26 02:30:00+01:00,80.95022377248871,68.25
2026-02-26 02:45:00+01:00,80.85685000642935,69.24
2026-02-26 03:00:00+01:00,82.22251288110556,69.46
2026-02-26 03:15:00+01:00,83.1495115296664,69.3
2026-02-26 03:30:00+01:00,84.07389260607798,70.5
2026-02-26 03:45:00+01:00,85.99091500123872,62.47
2026-02-26 04:00:00+01:00,82.90300928410527,64.47
2026-02-26 04:15:00+01:00,83.68008304100552,65.86
2026-02-26 04:30:00+01:00,86.16586810837136,68.25
2026-02-26 04:45:00+01:00,88.42070497837535,70.93
2026-02-26 05:00:00+01:00,84.57199285265601,64.38
2026-02-26 05:15:00+01:00,86.91869957439201,69.19
2026-02-26 05:30:00+01:00,90.60108403384294,76.84
2026-02-26 05:45:00+01:00,98.25133607913607,93.01
2026-02-26 06:00:00+01:00,88.51207421920444,74.06
2026-02-26 06:15:00+01:00,96.51546101932286,101.77
2026-02-26 06:30:00+01:00,107.02567231357072,112.4
2026-02-26 06:45:00+01:00,112.68698334528253,115.04
2026-02-26 07:00:00+01:00,109.10579900432883,112.0
2026-02-26 07:15:00+01:00,120.8757240788495,113.77
2026-02-26 07:30:00+01:00,126.2895538712514,112.2
2026-02-26 07:45:00+01:00,130.83406881690973,102.43
2026-02-26 08:00:00+01:00,132.45343284387417,108.19
2026-02-26 08:15:00+01:00,135.99530144748786,101.64
2026-02-26 08:30:00+01:00,133.9838164871071,95.34
2026-02-26 08:45:00+01:00,123.86774125506405,84.62
2026-02-26 09:00:00+01:00,130.69927045149603,95.51
2026-02-26 09:15:00+01:00,118.32441300259059,87.54
2026-02-26 09:30:00+01:00,101.64261914654634,71.39
2026-02-26 09:45:00+01:00,68.85926584407883,67.26
2026-02-26 10:00:00+01:00,107.65144005800734,73.47
2026-02-26 10:15:00+01:00,116.058387466527,68.74
2026-02-26 10:30:00+01:00,102.15337329913186,66.75
2026-02-26 10:45:00+01:00,108.2604240571175,62.44
2026-02-26 11:00:00+01:00,61.513645510500716,74.62
2026-02-26 11:15:00+01:00,110.7232414661922,63.48
2026-02-26 11:30:00+01:00,112.0098036424616,50.2
2026-02-26 11:45:00+01:00,65.49171806338708,25.08
2026-02-26 12:00:00+01:00,105.65566477078077,44.09
2026-02-26 12:15:00+01:00,108.12191197357159,19.78
2026-02-26 12:30:00+01:00,107.0922488828515,8.85
2026-02-26 12:45:00+01:00,108.70908886739795,7.43
2026-02-26 13:00:00+01:00,107.21077822606354,11.31
2026-02-26 13:15:00+01:00,108.36947147119177,10.06
2026-02-26 13:30:00+01:00,109.81995726329181,13.09
2026-02-26 13:45:00+01:00,103.75951444178853,21.75
2026-02-26 14:00:00+01:00,104.61024967229837,13.52
2026-02-26 14:15:00+01:00,109.681907747375,40.06
2026-02-26 14:30:00+01:00,109.71318186366513,56.31
2026-02-26 14:45:00+01:00,117.79565854392729,68.66
2026-02-26 15:00:00+01:00,106.18431857131074,54.12
2026-02-26 15:15:00+01:00,110.44400550697527,65.54
2026-02-26 15:30:00+01:00,124.42231855916822,73.4
2026-02-26 15:45:00+01:00,134.18988944338875,92.17
2026-02-26 16:00:00+01:00,111.23720988747273,64.68
2026-02-26 16:15:00+01:00,128.45206294206736,89.92
2026-02-26 16:30:00+01:00,138.82058814345078,109.1
2026-02-26 16:45:00+01:00,150.3085026070534,115.23
2026-02-26 17:00:00+01:00,138.22452827569185,100.79
2026-02-26 17:15:00+01:00,148.28188684915193,107.72
2026-02-26 17:30:00+01:00,159.21443656644757,114.24
2026-02-26 17:45:00+01:00,167.9465585051156,121.8
2026-02-26 18:00:00+01:00,152.45465715233368,111.53
2026-02-26 18:15:00+01:00,147.44039496881334,112.56
2026-02-26 18:30:00+01:00,144.66058467795418,114.32
2026-02-26 18:45:00+01:00,141.05897420590188,113.97
2026-02-26 19:00:00+01:00,146.9051376524945,118.5
2026-02-26 19:15:00+01:00,139.9199602533214,111.61
2026-02-26 19:30:00+01:00,134.5588836813763,104.42
2026-02-26 19:45:00+01:00,124.40115583038303,97.41
2026-02-26 20:00:00+01:00,130.2160137970538,104.99
2026-02-26 20:15:00+01:00,123.45817147088295,93.99
2026-02-26 20:30:00+01:00,116.79162089332513,90.29
2026-02-26 20:45:00+01:00,108.18016594133454,84.52
2026-02-26 21:00:00+01:00,116.88237769022605,97.23
2026-02-26 21:15:00+01:00,111.97958469390055,86.25
2026-02-26 21:30:00+01:00,108.25116222045379,81.24
2026-02-26 21:45:00+01:00,101.21365060522287,71.59
2026-02-26 22:00:00+01:00,113.4450246517823,93.23
2026-02-26 22:15:00+01:00,108.90780443721901,82.29
2026-02-26 22:30:00+01:00,104.56713423486946,76.26
2026-02-26 22:45:00+01:00,101.48982456779216,70.05
2026-02-26 23:00:00+01:00,106.63603778805374,81.97
2026-02-26 23:15:00+01:00,100.08913586434488,73.09
2026-02-26 23:30:00+01:00,95.70613030614854,67.93
2026-02-26 23:45:00+01:00,93.51827892224304,63.31
2026-02-27 00:00:00+01:00,84.39882462172014,56.57
2026-02-27 00:15:00+01:00,79.81918064523646,56.55
2026-02-27 00:30:00+01:00,75.69630174229661,52.18
2026-02-27 00:45:00+01:00,72.58565491330877,55.29
2026-02-27 01:00:00+01:00,78.7451330062332,59.39
2026-02-27 01:15:00+01:00,75.33625193319644,58.09
2026-02-27 01:30:00+01:00,71.30886423391637,53.63
2026-02-27 01:45:00+01:00,68.83446262545894,52.92
2026-02-27 02:00:00+01:00,73.98944402031046,57.73
2026-02-27 02:15:00+01:00,70.56966602250098,56.56
2026-02-27 02:30:00+01:00,71.58746169911171,57.17
2026-02-27 02:45:00+01:00,72.14210772303943,57.75
2026-02-27 03:00:00+01:00,76.40988808445393,60.34
2026-02-27 03:15:00+01:00,74.70538114245478,57.38
2026-02-27 03:30:00+01:00,74.49427243407744,59.04
2026-02-27 03:45:00+01:00,72.76110984950557,63.24
2026-02-27 04:00:00+01:00,72.62571179237378,54.99
2026-02-27 04:15:00+01:00,73.20031163384675,60.04
2026-02-27 04:30:00+01:00,73.58970198814413,63.92
2026-02-27 04:45:00+01:00,76.37056888392593,68.23
2026-02-27 05:00:00+01:00,71.10229475703228,59.8
2026-02-27 05:15:00+01:00,76.54166458005936,61.29
2026-02-27 05:30:00+01:00,81.78463418186524,70.0
2026-02-27 05:45:00+01:00,93.74260053919419,72.88
2026-02-27 06:00:00+01:00,79.36073880180857,61.0
2026-02-27 06:15:00+01:00,95.55457770936857,77.0
2026-02-27 06:30:00+01:00,102.38914228828646,83.02
2026-02-27 06:45:00+01:00,112.11136718967104,85.24
2026-02-27 07:00:00+01:00,102.66024792292086,87.55
2026-02-27 07:15:00+01:00,107.2674928689911,92.22
2026-02-27 07:30:00+01:00,109.92068438199644,87.8
2026-02-27 07:45:00+01:00,110.96153884321278,86.53
2026-02-27 08:00:00+01:00,113.73903062555466,92.08
2026-02-27 08:15:00+01:00,115.69163660771657,84.78
2026-02-27 08:30:00+01:00,109.89345257835122,78.52
2026-02-27 08:45:00+01:00,100.84768410163989,61.94
2026-02-27 09:00:00+01:00,111.12462179886593,84.62
2026-02-27 09:15:00+01:00,96.08674066348708,69.0
2026-02-27 09:30:00+01:00,88.47962000038922,59.05
2026-02-27 09:45:00+01:00,58.74099433834922,44.99
2026-02-27 10:00:00+01:00,83.05440627067468,61.0
2026-02-27 10:15:00+01:00,95.19375834462434,40.08
2026-02-27 10:30:00+01:00,84.90248126598728,19.17
2026-02-27 10:45:00+01:00,16.677734024680618,5.94
2026-02-27 11:00:00+01:00,84.61932161169135,3.89
2026-02-27 11:15:00+01:00,71.51631562848038,0.0
2026-02-27 11:30:00+01:00,51.67708456324891,0.0
2026-02-27 11:45:00+01:00,2.7981075950667247,-0.01
2026-02-27 12:00:00+01:00,1.0201038069331219,0.0
2026-02-27 12:15:00+01:00,7.277440004595093,-0.01
2026-02-27 12:30:00+01:00,46.30358488530977,-0.01
2026-02-27 12:45:00+01:00,6.020911790445524,-0.03
2026-02-27 13:00:00+01:00,31.652219495625815,-0.01
2026-02-27 13:15:00+01:00,45.75091785833542,-0.01
2026-02-27 13:30:00+01:00,62.841123433725336,-0.01
2026-02-27 13:45:00+01:00,63.34249062514693,-0.01
2026-02-27 14:00:00+01:00,47.64637144498156,-0.01
2026-02-27 14:15:00+01:00,69.5060669098392,0.0
2026-02-27 14:30:00+01:00,85.79103856884181,1.05
2026-02-27 14:45:00+01:00,92.1568003399959,29.91
2026-02-27 15:00:00+01:00,82.03366162694128,17.34
2026-02-27 15:15:00+01:00,93.16922718060125,53.95
2026-02-27 15:30:00+01:00,106.53076277109803,77.53
2026-02-27 15:45:00+01:00,112.94784779474085,90.2
2026-02-27 16:00:00+01:00,93.34220193579726,68.59
2026-02-27 16:15:00+01:00,109.79772482923217,86.94
2026-02-27 16:30:00+01:00,126.7579527977409,100.76
2026-02-27 16:45:00+01:00,137.10356092238246,111.71
2026-02-27 17:00:00+01:00,126.62107881219036,97.48
2026-02-27 17:15:00+01:00,136.88060513012059,109.68
2026-02-27 17:30:00+01:00,139.93655704735275,121.89
2026-02-27 17:45:00+01:00,143.58071474228495,131.73
2026-02-27 18:00:00+01:00,142.05321960922947,122.05
2026-02-27 18:15:00+01:00,135.95340848226468,120.0
2026-02-27 18:30:00+01:00,136.40969174090972,116.68
2026-02-27 18:45:00+01:00,134.88728053692103,113.67
2026-02-27 19:00:00+01:00,137.78733444872603,117.16
2026-02-27 19:15:00+01:00,131.21612966996182,111.29
2026-02-27 19:30:00+01:00,120.60888517880986,105.0
2026-02-27 19:45:00+01:00,116.9196417292413,103.56
2026-02-27 20:00:00+01:00,124.63150105837131,103.48
2026-02-27 20:15:00+01:00,108.6153360361039,101.77
2026-02-27 20:30:00+01:00,103.91745141448197,99.43
2026-02-27 20:45:00+01:00,96.40379885457193,95.44
2026-02-27 21:00:00+01:00,110.21642545820339,97.48
2026-02-27 21:15:00+01:00,101.18625892135921,93.01
2026-02-27 21:30:00+01:00,96.47667758879147,90.22
2026-02-27 21:45:00+01:00,90.53549318291601,83.14
2026-02-27 22:00:00+01:00,100.61234842359775,93.89
2026-02-27 22:15:00+01:00,94.07281669024606,91.43
2026-02-27 22:30:00+01:00,98.51391891960328,83.51
2026-02-27 22:45:00+01:00,93.86606699420872,81.21
2026-02-27 23:00:00+01:00,93.38375772525322,83.36
2026-02-27 23:15:00+01:00,90.63626524534298,82.21
2026-02-27 23:30:00+01:00,87.36451015225578,78.72
2026-02-27 23:45:00+01:00,81.4491828015309,75.72
2026-02-28 00:00:00+01:00,84.33306311754326,82.58
2026-02-28 00:15:00+01:00,77.90742012279303,80.7
2026-02-28 00:30:00+01:00,71.67771617417053,79.45
2026-02-28 00:45:00+01:00,72.55991783984203,77.35
2026-02-28 01:00:00+01:00,81.62448467797454,78.71
2026-02-28 01:15:00+01:00,77.39892340755574,78.0
2026-02-28 01:30:00+01:00,73.59515945059225,75.51
2026-02-28 01:45:00+01:00,72.47279311155395,73.0
2026-02-28 02:00:00+01:00,76.98398910602263,78.51
2026-02-28 02:15:00+01:00,73.71871972535767,75.08
2026-02-28 02:30:00+01:00,73.95243332710977,73.17
2026-02-28 02:45:00+01:00,75.04715224338932,72.15
2026-02-28 03:00:00+01:00,77.88439679308577,74.4
2026-02-28 03:15:00+01:00,75.82792737566885,73.01
2026-02-28 03:30:00+01:00,74.43892751733202,72.19
2026-02-28 03:45:00+01:00,74.55288961132602,67.5
2026-02-28 04:00:00+01:00,68.79774416225598,72.27
2026-02-28 04:15:00+01:00,72.53557504092639,72.32
2026-02-28 04:30:00+01:00,73.48623665311914,71.45
2026-02-28 04:45:00+01:00,72.35923569852085,71.53
2026-02-28 05:00:00+01:00,65.03332997051507,71.86
2026-02-28 05:15:00+01:00,72.05820274147632,70.65
2026-02-28 05:30:00+01:00,75.97224450013525,72.32
2026-02-28 05:45:00+01:00,81.85077341427738,74.17
2026-02-28 06:00:00+01:00,72.67878775033917,69.52
2026-02-28 06:15:00+01:00,81.19557612614277,72.25
2026-02-28 06:30:00+01:00,82.92486193638693,74.31
2026-02-28 06:45:00+01:00,81.49541602688595,75.61
2026-02-28 07:00:00+01:00,84.70406071316977,82.7
2026-02-28 07:15:00+01:00,81.95349224119619,83.01
2026-02-28 07:30:00+01:00,80.31302887590823,75.75
2026-02-28 07:45:00+01:00,81.98689139323795,63.7
2026-02-28 08:00:00+01:00,84.83202220673746,82.97
2026-02-28 08:15:00+01:00,79.71707980431178,67.78
2026-02-28 08:30:00+01:00,80.98352525452987,48.41
2026-02-28 08:45:00+01:00,68.05662200833711,29.3
2026-02-28 09:00:00+01:00,82.56095453252478,47.41
2026-02-28 09:15:00+01:00,78.44993206539331,20.73
2026-02-28 09:30:00+01:00,72.38147639310782,3.04
2026-02-28 09:45:00+01:00,50.42841438006496,0.01
2026-02-28 10:00:00+01:00,58.9840802024412,0.0
2026-02-28 10:15:00+01:00,46.599043419392444,0.0
2026-02-28 10:30:00+01:00,32.74002223847373,0.0
2026-02-28 10:45:00+01:00,8.454088464234147,-0.04
2026-02-28 11:00:00+01:00,43.912632863996336,0.0
2026-02-28 11:15:00+01:00,31.87257801492676,-0.01
2026-02-28 11:30:00+01:00,20.131881166940474,-0.02
2026-02-28 11:45:00+01:00,11.42594536671848,-0.08
2026-02-28 12:00:00+01:00,-18.727678839477477,-0.02
2026-02-28 12:15:00+01:00,14.218342638197043,-0.06
2026-02-28 12:30:00+01:00,29.168553975979478,-0.28
2026-02-28 12:45:00+01:00,10.631609350751134,-0.65
2026-02-28 13:00:00+01:00,19.850829218909055,-0.27
2026-02-28 13:15:00+01:00,-1.1790750333003217,-0.48
2026-02-28 13:30:00+01:00,-5.30791973587003,-0.09
2026-02-28 13:45:00+01:00,-5.395223193939827,-0.05
2026-02-28 14:00:00+01:00,-33.77350570799641,-0.03
2026-02-28 14:15:00+01:00,-50.09823755141731,-0.01
2026-02-28 14:30:00+01:00,-19.790840800276825,0.0
2026-02-28 14:45:00+01:00,29.879787207544965,0.01
2026-02-28 15:00:00+01:00,11.701770424792457,0.0
2026-02-28 15:15:00+01:00,13.024342069557036,0.07
2026-02-28 15:30:00+01:00,16.03534267909336,10.05
2026-02-28 15:45:00+01:00,35.37693943857586,49.33
2026-02-28 16:00:00+01:00,46.30098136290721,33.96
2026-02-28 16:15:00+01:00,57.453302277668676,58.41
2026-02-28 16:30:00+01:00,59.43416048747674,80.33
2026-02-28 16:45:00+01:00,66.6709409815906,89.89
2026-02-28 17:00:00+01:00,73.94966734726796,75.05
2026-02-28 17:15:00+01:00,50.56945034595957,83.1
2026-02-28 17:30:00+01:00,60.18872812994812,96.59
2026-02-28 17:45:00+01:00,90.39853397062352,105.0
2026-02-28 18:00:00+01:00,71.07393672959486,97.21
2026-02-28 18:15:00+01:00,78.80642770344039,96.32
2026-02-28 18:30:00+01:00,115.85689497551331,96.36
2026-02-28 18:45:00+01:00,117.10755562818713,90.88
2026-02-28 19:00:00+01:00,60.61590972207199,92.25
2026-02-28 19:15:00+01:00,85.99635101674014,87.71
2026-02-28 19:30:00+01:00,67.87900944424007,85.12
2026-02-28 19:45:00+01:00,93.97089109505286,75.59
2026-02-28 20:00:00+01:00,51.58907082014477,83.37
2026-02-28 20:15:00+01:00,75.17430428112031,74.27
2026-02-28 20:30:00+01:00,77.46107107647995,61.44
2026-02-28 20:45:00+01:00,74.75390380907459,57.39
2026-02-28 21:00:00+01:00,65.14197129843572,67.91
2026-02-28 21:15:00+01:00,63.62423450011618,68.93
2026-02-28 21:30:00+01:00,70.42649899277058,67.31
2026-02-28 21:45:00+01:00,71.3725376100422,54.52
2026-02-28 22:00:00+01:00,62.442450756675456,72.78
2026-02-28 22:15:00+01:00,70.43413831573949,66.17
2026-02-28 22:30:00+01:00,79.26086114025617,64.23
2026-02-28 22:45:00+01:00,79.60099124829954,55.47
2026-02-28 23:00:00+01:00,75.2250999307,72.72
2026-02-28 23:15:00+01:00,75.02631264140754,59.07
2026-02-28 23:30:00+01:00,78.87393286833682,59.32
2026-02-28 23:45:00+01:00,76.58573858448838,51.58
