timestamp,y_pred,y_true
2025-10-01 00:00:00+02:00,98.64232743859623,102.6
2025-10-01 00:15:00+02:00,98.21603377047181,92.24
2025-10-01 00:30:00+02:00,98.21603377047181,86.03
2025-10-01 00:45:00+02:00,98.21603377047181,85.39
2025-10-01 01:00:00+02:00,94.40474160921045,89.99
2025-10-01 01:15:00+02:00,94.40474160921045,86.03
2025-10-01 01:30:00+02:00,94.40474160921045,85.03
2025-10-01 01:45:00+02:00,94.40474160921045,84.09
2025-10-01 02:00:00+02:00,91.36694099974615,85.41
2025-10-01 02:15:00+02:00,91.36694099974615,85.0
2025-10-01 02:30:00+02:00,91.36694099974615,84.54
2025-10-01 02:45:00+02:00,91.36694099974615,84.54
2025-10-01 03:00:00+02:00,90.84381448584399,87.39
2025-10-01 03:15:00+02:00,90.84381448584399,87.36
2025-10-01 03:30:00+02:00,90.84381448584399,88.56
2025-10-01 03:45:00+02:00,90.84381448584399,89.99
2025-10-01 04:00:00+02:00,95.32508451659812,86.31
2025-10-01 04:15:00+02:00,95.32508451659812,89.06
2025-10-01 04:30:00+02:00,95.32508451659812,86.42
2025-10-01 04:45:00+02:00,95.32508451659812,88.83
2025-10-01 05:00:00+02:00,105.97354161660317,84.26
2025-10-01 05:15:00+02:00,105.97354161660317,90.76
2025-10-01 05:30:00+02:00,105.97354161660317,97.55
2025-10-01 05:45:00+02:00,105.97354161660317,108.74
2025-10-01 06:00:00+02:00,145.8888871623527,97.03
2025-10-01 06:15:00+02:00,145.8888871623527,117.49
2025-10-01 06:30:00+02:00,145.8888871623527,133.23
2025-10-01 06:45:00+02:00,145.8888871623527,152.09
2025-10-01 07:00:00+02:00,213.5317041442452,160.95
2025-10-01 07:15:00+02:00,213.5317041442452,181.48
2025-10-01 07:30:00+02:00,213.5317041442452,180.23
2025-10-01 07:45:00+02:00,213.5317041442452,170.54
2025-10-01 08:00:00+02:00,175.09493166574794,200.25
2025-10-01 08:15:00+02:00,175.09493166574794,143.35
2025-10-01 08:30:00+02:00,175.09493166574794,117.5
2025-10-01 08:45:00+02:00,175.09493166574794,95.25
2025-10-01 09:00:00+02:00,134.2025651629678,139.48
2025-10-01 09:15:00+02:00,134.2025651629678,105.01
2025-10-01 09:30:00+02:00,134.2025651629678,93.66
2025-10-01 09:45:00+02:00,134.2025651629678,82.85
2025-10-01 10:00:00+02:00,99.36899134549975,103.22
2025-10-01 10:15:00+02:00,99.36899134549975,93.06
2025-10-01 10:30:00+02:00,99.36899134549975,81.21
2025-10-01 10:45:00+02:00,99.36899134549975,66.65
2025-10-01 11:00:00+02:00,81.58609289906607,83.5
2025-10-01 11:15:00+02:00,81.58609289906607,72.08
2025-10-01 11:30:00+02:00,81.58609289906607,65.32
2025-10-01 11:45:00+02:00,81.58609289906607,61.37
2025-10-01 12:00:00+02:00,73.89117772760878,68.21
2025-10-01 12:15:00+02:00,73.89117772760878,65.22
2025-10-01 12:30:00+02:00,73.89117772760878,65.45
2025-10-01 12:45:00+02:00,73.89117772760878,65.22
2025-10-01 13:00:00+02:00,61.99823438432972,65.6
2025-10-01 13:15:00+02:00,61.99823438432972,67.72
2025-10-01 13:30:00+02:00,61.99823438432972,69.44
2025-10-01 13:45:00+02:00,61.99823438432972,70.84
2025-10-01 14:00:00+02:00,92.03174548845544,64.49
2025-10-01 14:15:00+02:00,92.03174548845544,70.25
2025-10-01 14:30:00+02:00,92.03174548845544,74.63
2025-10-01 14:45:00+02:00,92.03174548845544,81.14
2025-10-01 15:00:00+02:00,103.04343848135646,65.3
2025-10-01 15:15:00+02:00,103.04343848135646,74.63
2025-10-01 15:30:00+02:00,103.04343848135646,88.02
2025-10-01 15:45:00+02:00,103.04343848135646,98.94
2025-10-01 16:00:00+02:00,106.62344235372277,62.15
2025-10-01 16:15:00+02:00,106.62344235372277,89.53
2025-10-01 16:30:00+02:00,106.62344235372277,103.08
2025-10-01 16:45:00+02:00,106.62344235372277,116.72
2025-10-01 17:00:00+02:00,153.25007770858576,85.49
2025-10-01 17:15:00+02:00,153.25007770858576,115.87
2025-10-01 17:30:00+02:00,153.25007770858576,144.98
2025-10-01 17:45:00+02:00,153.25007770858576,195.26
2025-10-01 18:00:00+02:00,317.32400134271927,146.95
2025-10-01 18:15:00+02:00,317.32400134271927,200.0
2025-10-01 18:30:00+02:00,317.32400134271927,285.0
2025-10-01 18:45:00+02:00,317.32400134271927,381.0
2025-10-01 19:00:00+02:00,481.3957836350022,408.5
2025-10-01 19:15:00+02:00,481.3957836350022,376.39
2025-10-01 19:30:00+02:00,481.3957836350022,321.94
2025-10-01 19:45:00+02:00,481.3957836350022,253.14
2025-10-01 20:00:00+02:00,174.93194837076507,218.02
2025-10-01 20:15:00+02:00,174.93194837076507,155.25
2025-10-01 20:30:00+02:00,174.93194837076507,126.82
2025-10-01 20:45:00+02:00,174.93194837076507,108.0
2025-10-01 21:00:00+02:00,131.50103232909547,130.68
2025-10-01 21:15:00+02:00,131.50103232909547,121.4
2025-10-01 21:30:00+02:00,131.50103232909547,102.98
2025-10-01 21:45:00+02:00,131.50103232909547,97.08
2025-10-01 22:00:00+02:00,110.38300394087912,108.84
2025-10-01 22:15:00+02:00,110.38300394087912,101.51
2025-10-01 22:30:00+02:00,110.38300394087912,95.36
2025-10-01 22:45:00+02:00,110.38300394087912,88.33
2025-10-01 23:00:00+02:00,96.76876815120487,94.57
2025-10-01 23:15:00+02:00,96.76876815120487,91.55
2025-10-01 23:30:00+02:00,96.76876815120487,91.11
2025-10-01 23:45:00+02:00,96.76876815120487,85.36
2025-10-02 00:00:00+02:00,92.63998508696862,99.58
2025-10-02 00:15:00+02:00,92.6397439530766,91.1
2025-10-02 00:30:00+02:00,92.6397439530766,86.09
2025-10-02 00:45:00+02:00,92.6397439530766,86.45
2025-10-02 01:00:00+02:00,87.86526868913138,94.45
2025-10-02 01:15:00+02:00,87.86526868913138,90.42
2025-10-02 01:30:00+02:00,87.86526868913138,84.59
2025-10-02 01:45:00+02:00,87.86526868913138,82.54
2025-10-02 02:00:00+02:00,86.60307940840929,86.46
2025-10-02 02:15:00+02:00,86.60307940840929,84.8
2025-10-02 02:30:00+02:00,86.60307940840929,86.21
2025-10-02 02:45:00+02:00,86.60307940840929,88.63
2025-10-02 03:00:00+02:00,86.40155335056144,89.67
2025-10-02 03:15:00+02:00,86.40155335056144,88.64
2025-10-02 03:30:00+02:00,86.40155335056144,88.64
2025-10-02 03:45:00+02:00,86.40155335056144,87.29
2025-10-02 04:00:00+02:00,89.26908887321434,88.08
2025-10-02 04:15:00+02:00,89.26908887321434,90.58
2025-10-02 04:30:00+02:00,89.26908887321434,92.13
2025-10-02 04:45:00+02:00,89.26908887321434,92.44
2025-10-02 05:00:00+02:00,96.84258324198203,85.42
2025-10-02 05:15:00+02:00,96.84258324198203,89.83
2025-10-02 05:30:00+02:00,96.84258324198203,96.57
2025-10-02 05:45:00+02:00,96.84258324198203,112.07
2025-10-02 06:00:00+02:00,123.00785043432798,94.15
2025-10-02 06:15:00+02:00,123.00785043432798,117.78
2025-10-02 06:30:00+02:00,123.00785043432798,134.03
2025-10-02 06:45:00+02:00,123.00785043432798,168.92
2025-10-02 07:00:00+02:00,163.36992448204757,173.9
2025-10-02 07:15:00+02:00,163.36992448204757,198.6
2025-10-02 07:30:00+02:00,163.36992448204757,187.76
2025-10-02 07:45:00+02:00,163.36992448204757,164.09
2025-10-02 08:00:00+02:00,141.72828522500484,188.89
2025-10-02 08:15:00+02:00,141.72828522500484,151.89
2025-10-02 08:30:00+02:00,141.72828522500484,115.3
2025-10-02 08:45:00+02:00,141.72828522500484,90.63
2025-10-02 09:00:00+02:00,107.1979512028993,123.28
2025-10-02 09:15:00+02:00,107.1979512028993,112.8
2025-10-02 09:30:00+02:00,107.1979512028993,92.01
2025-10-02 09:45:00+02:00,107.1979512028993,73.93
2025-10-02 10:00:00+02:00,86.00232533601705,101.95
2025-10-02 10:15:00+02:00,86.00232533601705,99.97
2025-10-02 10:30:00+02:00,86.00232533601705,86.08
2025-10-02 10:45:00+02:00,86.00232533601705,77.92
2025-10-02 11:00:00+02:00,67.38699782830118,91.75
2025-10-02 11:15:00+02:00,67.38699782830118,83.31
2025-10-02 11:30:00+02:00,67.38699782830118,72.08
2025-10-02 11:45:00+02:00,67.38699782830118,66.0
2025-10-02 12:00:00+02:00,59.93092040524754,70.25
2025-10-02 12:15:00+02:00,59.93092040524754,64.35
2025-10-02 12:30:00+02:00,59.93092040524754,64.44
2025-10-02 12:45:00+02:00,59.93092040524754,64.04
2025-10-02 13:00:00+02:00,52.988739883972,57.95
2025-10-02 13:15:00+02:00,52.988739883972,60.4
2025-10-02 13:30:00+02:00,52.988739883972,61.27
2025-10-02 13:45:00+02:00,52.988739883972,62.38
2025-10-02 14:00:00+02:00,60.59743638515465,61.7
2025-10-02 14:15:00+02:00,60.59743638515465,66.34
2025-10-02 14:30:00+02:00,60.59743638515465,74.63
2025-10-02 14:45:00+02:00,60.59743638515465,82.49
2025-10-02 15:00:00+02:00,71.46069991828537,62.12
2025-10-02 15:15:00+02:00,71.46069991828537,74.85
2025-10-02 15:30:00+02:00,71.46069991828537,86.81
2025-10-02 15:45:00+02:00,71.46069991828537,98.87
2025-10-02 16:00:00+02:00,82.97465626873523,71.94
2025-10-02 16:15:00+02:00,82.97465626873523,83.5
2025-10-02 16:30:00+02:00,82.97465626873523,98.44
2025-10-02 16:45:00+02:00,82.97465626873523,111.9
2025-10-02 17:00:00+02:00,108.92811969883022,72.46
2025-10-02 17:15:00+02:00,108.92811969883022,89.52
2025-10-02 17:30:00+02:00,108.92811969883022,117.3
2025-10-02 17:45:00+02:00,108.92811969883022,174.0
2025-10-02 18:00:00+02:00,164.17574841777466,118.32
2025-10-02 18:15:00+02:00,164.17574841777466,142.55
2025-10-02 18:30:00+02:00,164.17574841777466,178.63
2025-10-02 18:45:00+02:00,164.17574841777466,232.2
2025-10-02 19:00:00+02:00,185.10424063477797,219.39
2025-10-02 19:15:00+02:00,185.10424063477797,202.03
2025-10-02 19:30:00+02:00,185.10424063477797,162.92
2025-10-02 19:45:00+02:00,185.10424063477797,123.01
2025-10-02 20:00:00+02:00,121.20794163079935,136.09
2025-10-02 20:15:00+02:00,121.20794163079935,110.35
2025-10-02 20:30:00+02:00,121.20794163079935,98.43
2025-10-02 20:45:00+02:00,121.20794163079935,94.81
2025-10-02 21:00:00+02:00,93.97942082123521,98.47
2025-10-02 21:15:00+02:00,93.97942082123521,93.22
2025-10-02 21:30:00+02:00,93.97942082123521,84.09
2025-10-02 21:45:00+02:00,93.97942082123521,87.64
2025-10-02 22:00:00+02:00,84.9147383563394,105.25
2025-10-02 22:15:00+02:00,84.9147383563394,102.96
2025-10-02 22:30:00+02:00,84.9147383563394,95.43
2025-10-02 22:45:00+02:00,84.9147383563394,82.99
2025-10-02 23:00:00+02:00,70.94412945220132,105.11
2025-10-02 23:15:00+02:00,70.94412945220132,93.39
2025-10-02 23:30:00+02:00,70.94412945220132,74.94
2025-10-02 23:45:00+02:00,70.94412945220132,54.93
2025-10-03 00:00:00+02:00,87.79776949729765,97.06
2025-10-03 00:15:00+02:00,89.87350169326984,89.29
2025-10-03 00:30:00+02:00,91.04159618452228,82.88
2025-10-03 00:45:00+02:00,91.12948831358385,74.5
2025-10-03 01:00:00+02:00,80.21829618820233,87.06
2025-10-03 01:15:00+02:00,80.52019323045279,81.97
2025-10-03 01:30:00+02:00,80.58310088580512,74.88
2025-10-03 01:45:00+02:00,80.6401193991735,64.65
2025-10-03 02:00:00+02:00,78.43085272955169,82.76
2025-10-03 02:15:00+02:00,78.46074016263822,67.27
2025-10-03 02:30:00+02:00,78.49226146477278,69.18
2025-10-03 02:45:00+02:00,78.49226146477278,67.79
2025-10-03 03:00:00+02:00,76.39898234016714,62.05
2025-10-03 03:15:00+02:00,76.40075539559517,77.79
2025-10-03 03:30:00+02:00,76.33303260086996,79.88
2025-10-03 03:45:00+02:00,76.51501085670084,75.91
2025-10-03 04:00:00+02:00,75.5960712284814,71.57
2025-10-03 04:15:00+02:00,75.45144595364476,72.33
2025-10-03 04:30:00+02:00,75.5901259176785,79.85
2025-10-03 04:45:00+02:00,75.46317775766664,81.4
2025-10-03 05:00:00+02:00,76.71941242465863,68.79
2025-10-03 05:15:00+02:00,78.12737378930862,73.87
2025-10-03 05:30:00+02:00,79.13090749153157,82.29
2025-10-03 05:45:00+02:00,80.73686008449442,86.97
2025-10-03 06:00:00+02:00,78.7123418979284,88.68
2025-10-03 06:15:00+02:00,82.62781196877171,91.07
2025-10-03 06:30:00+02:00,86.39420739971487,105.53
2025-10-03 06:45:00+02:00,88.54651436552274,89.84
2025-10-03 07:00:00+02:00,93.59171089659833,96.31
2025-10-03 07:15:00+02:00,95.39994967649139,104.01
2025-10-03 07:30:00+02:00,95.30123582073132,96.87
2025-10-03 07:45:00+02:00,94.49504873092164,104.48
2025-10-03 08:00:00+02:00,91.73726632503839,123.03
2025-10-03 08:15:00+02:00,90.14455090150267,114.24
2025-10-03 08:30:00+02:00,89.6997672192143,102.97
2025-10-03 08:45:00+02:00,89.1421744839083,74.48
2025-10-03 09:00:00+02:00,82.51598659864756,108.53
2025-10-03 09:15:00+02:00,81.66481628576892,95.45
2025-10-03 09:30:00+02:00,81.55402890040648,77.56
2025-10-03 09:45:00+02:00,81.085646123091,54.07
2025-10-03 10:00:00+02:00,38.24681095085728,90.0
2025-10-03 10:15:00+02:00,38.32646566367771,64.15
2025-10-03 10:30:00+02:00,38.19772229603671,45.12
2025-10-03 10:45:00+02:00,37.39498484886173,40.72
2025-10-03 11:00:00+02:00,23.93192959871173,46.91
2025-10-03 11:15:00+02:00,20.44138565873055,42.89
2025-10-03 11:30:00+02:00,20.306576996688943,40.51
2025-10-03 11:45:00+02:00,20.07892258155877,31.7
2025-10-03 12:00:00+02:00,17.873638745080253,32.47
2025-10-03 12:15:00+02:00,17.788272206405708,27.25
2025-10-03 12:30:00+02:00,17.79513934790124,24.62
2025-10-03 12:45:00+02:00,17.788272206405708,21.07
2025-10-03 13:00:00+02:00,11.645861524457603,18.31
2025-10-03 13:15:00+02:00,11.618632457964267,14.24
2025-10-03 13:30:00+02:00,11.597153345022726,14.68
2025-10-03 13:45:00+02:00,11.450888237941449,18.78
2025-10-03 14:00:00+02:00,12.80912927989969,10.53
2025-10-03 14:15:00+02:00,13.011367913466486,23.71
2025-10-03 14:30:00+02:00,13.185119128460451,30.63
2025-10-03 14:45:00+02:00,13.472390071751972,39.94
2025-10-03 15:00:00+02:00,22.871980643813735,32.77
2025-10-03 15:15:00+02:00,23.161960062605367,40.0
2025-10-03 15:30:00+02:00,23.20611600715545,58.96
2025-10-03 15:45:00+02:00,23.404562961769912,67.8
2025-10-03 16:00:00+02:00,46.27237572095567,39.55
2025-10-03 16:15:00+02:00,47.76185498861443,48.74
2025-10-03 16:30:00+02:00,47.875594035158855,74.28
2025-10-03 16:45:00+02:00,48.20547899999407,91.0
2025-10-03 17:00:00+02:00,79.92670672644695,49.89
2025-10-03 17:15:00+02:00,81.84619261540496,78.49
2025-10-03 17:30:00+02:00,82.33888326251662,102.6
2025-10-03 17:45:00+02:00,82.99442219884456,128.62
2025-10-03 18:00:00+02:00,104.83813879182685,113.32
2025-10-03 18:15:00+02:00,106.28135086575038,118.26
2025-10-03 18:30:00+02:00,106.40615953922206,128.5
2025-10-03 18:45:00+02:00,106.62583711581074,122.96
2025-10-03 19:00:00+02:00,110.13541076448493,124.22
2025-10-03 19:15:00+02:00,110.02554939258114,114.99
2025-10-03 19:30:00+02:00,109.81499773484808,99.91
2025-10-03 19:45:00+02:00,109.33364710183801,96.92
2025-10-03 20:00:00+02:00,68.7124469097546,106.78
2025-10-03 20:15:00+02:00,68.01321966350778,81.91
2025-10-03 20:30:00+02:00,79.60833083516587,56.68
2025-10-03 20:45:00+02:00,81.7882128736372,54.79
2025-10-03 21:00:00+02:00,41.13018496393852,72.48
2025-10-03 21:15:00+02:00,37.135135919376765,47.23
2025-10-03 21:30:00+02:00,33.980178850910335,37.59
2025-10-03 21:45:00+02:00,34.011339945431274,16.47
2025-10-03 22:00:00+02:00,47.94323763136222,37.77
2025-10-03 22:15:00+02:00,45.67475049731639,21.34
2025-10-03 22:30:00+02:00,56.374934201011556,21.84
2025-10-03 22:45:00+02:00,58.150074737764406,20.66
2025-10-03 23:00:00+02:00,8.79485549690115,24.58
2025-10-03 23:15:00+02:00,8.911176208548909,9.77
2025-10-03 23:30:00+02:00,8.783280460504812,7.49
2025-10-03 23:45:00+02:00,7.231474223948055,2.59
2025-10-04 00:00:00+02:00,12.738870005836432,2.93
2025-10-04 00:15:00+02:00,5.880464716887133,0.1
2025-10-04 00:30:00+02:00,-11.07090514869536,-0.05
2025-10-04 00:45:00+02:00,-12.529358325391541,-0.08
2025-10-04 01:00:00+02:00,5.3020317907533325,0.0
2025-10-04 01:15:00+02:00,4.220359261624637,-0.01
2025-10-04 01:30:00+02:00,-1.7392331273798476,-0.01
2025-10-04 01:45:00+02:00,-4.65157963725332,-0.02
2025-10-04 02:00:00+02:00,1.7416223096527261,-0.01
2025-10-04 02:15:00+02:00,1.3104901132716407,-0.01
2025-10-04 02:30:00+02:00,1.8321918358069524,-0.04
2025-10-04 02:45:00+02:00,1.5019790630053365,-0.11
2025-10-04 03:00:00+02:00,-1.4880549592447636,-0.07
2025-10-04 03:15:00+02:00,-1.4755028560190055,-0.09
2025-10-04 03:30:00+02:00,-1.7930439298923488,-0.1
2025-10-04 03:45:00+02:00,-2.1723852972857998,-0.13
2025-10-04 04:00:00+02:00,-10.097419826127833,-0.93
2025-10-04 04:15:00+02:00,-9.440338151516684,-0.97
2025-10-04 04:30:00+02:00,-8.522767856622167,-1.03
2025-10-04 04:45:00+02:00,-9.25039017894214,-1.58
2025-10-04 05:00:00+02:00,-13.132449297878608,-1.52
2025-10-04 05:15:00+02:00,-5.4570085323281035,-2.02
2025-10-04 05:30:00+02:00,-10.911370200601766,-2.02
2025-10-04 05:45:00+02:00,-8.472130171713587,-2.06
2025-10-04 06:00:00+02:00,1.7396795608069908,-2.15
2025-10-04 06:15:00+02:00,9.027635201529606,-2.02
2025-10-04 06:30:00+02:00,8.331746760448354,-1.48
2025-10-04 06:45:00+02:00,8.862906597129566,-2.01
2025-10-04 07:00:00+02:00,-16.375102001120055,-0.25
2025-10-04 07:15:00+02:00,-20.537125317251054,-0.81
2025-10-04 07:30:00+02:00,-18.655229043131527,-1.0
2025-10-04 07:45:00+02:00,-16.325384892295233,-1.04
2025-10-04 08:00:00+02:00,-22.427462315236795,-0.7
2025-10-04 08:15:00+02:00,-21.169480331326767,-0.09
2025-10-04 08:30:00+02:00,-16.000633551767436,-0.08
2025-10-04 08:45:00+02:00,-9.645613841995242,-0.33
2025-10-04 09:00:00+02:00,0.3510794356778604,-0.1
2025-10-04 09:15:00+02:00,7.62104605779102,-0.43
2025-10-04 09:30:00+02:00,0.6946549800076269,-0.05
2025-10-04 09:45:00+02:00,16.074206660710757,-0.07
2025-10-04 10:00:00+02:00,-8.336520931791554,-0.01
2025-10-04 10:15:00+02:00,-11.911139902490675,-0.1
2025-10-04 10:30:00+02:00,-20.045993748197148,-0.14
2025-10-04 10:45:00+02:00,-18.467816770533886,-0.11
2025-10-04 11:00:00+02:00,5.690167603925772,-0.01
2025-10-04 11:15:00+02:00,6.077153831426109,-0.26
2025-10-04 11:30:00+02:00,5.389961510327346,-0.08
2025-10-04 11:45:00+02:00,3.2712837179935903,-0.04
2025-10-04 12:00:00+02:00,-5.167778917949438,-0.19
2025-10-04 12:15:00+02:00,-5.845353469252473,-0.06
2025-10-04 12:30:00+02:00,-5.825866063581945,-0.03
2025-10-04 12:45:00+02:00,-5.874157452974785,-0.04
2025-10-04 13:00:00+02:00,-11.11429610993076,-0.24
2025-10-04 13:15:00+02:00,-10.938280883198164,-0.23
2025-10-04 13:30:00+02:00,-10.869811738841623,-0.4
2025-10-04 13:45:00+02:00,-10.790038094989704,-0.89
2025-10-04 14:00:00+02:00,-13.784057714025991,-0.13
2025-10-04 14:15:00+02:00,-13.82067788590059,-1.02
2025-10-04 14:30:00+02:00,-13.881843751404979,-2.02
2025-10-04 14:45:00+02:00,-13.901677917554526,-5.01
2025-10-04 15:00:00+02:00,-16.37850763992729,-1.82
2025-10-04 15:15:00+02:00,-16.766635442630115,-5.02
2025-10-04 15:30:00+02:00,-16.409397181296203,-2.51
2025-10-04 15:45:00+02:00,-15.480047249503766,-1.07
2025-10-04 16:00:00+02:00,-15.45964601995977,-0.25
2025-10-04 16:15:00+02:00,-14.83044000014798,-0.01
2025-10-04 16:30:00+02:00,-11.59017348380619,-0.04
2025-10-04 16:45:00+02:00,-11.514121241713575,-0.08
2025-10-04 17:00:00+02:00,-17.720684556849392,-1.08
2025-10-04 17:15:00+02:00,-16.724337754293487,-0.01
2025-10-04 17:30:00+02:00,-16.88762333719184,0.0
2025-10-04 17:45:00+02:00,16.38611559094653,0.72
2025-10-04 18:00:00+02:00,18.574311187702932,-0.03
2025-10-04 18:15:00+02:00,8.06015631856718,0.0
2025-10-04 18:30:00+02:00,3.8427234032698294,2.2
2025-10-04 18:45:00+02:00,3.464931751981993,2.25
2025-10-04 19:00:00+02:00,-29.570057833003986,2.44
2025-10-04 19:15:00+02:00,-30.977752596617634,2.74
2025-10-04 19:30:00+02:00,-34.12898107972414,4.02
2025-10-04 19:45:00+02:00,-36.757964111682625,3.72
2025-10-04 20:00:00+02:00,-53.063477280351535,1.3
2025-10-04 20:15:00+02:00,-22.95912612380623,0.0
2025-10-04 20:30:00+02:00,-17.82101047116221,0.0
2025-10-04 20:45:00+02:00,-20.501936558257853,-0.01
2025-10-04 21:00:00+02:00,-29.945453249586308,0.1
2025-10-04 21:15:00+02:00,-27.936166550420722,0.0
2025-10-04 21:30:00+02:00,-22.23903119698086,-0.01
2025-10-04 21:45:00+02:00,-21.243613421371023,-0.47
2025-10-04 22:00:00+02:00,10.717817666079227,-0.06
2025-10-04 22:15:00+02:00,11.066076777640006,-0.08
2025-10-04 22:30:00+02:00,6.952667744698161,-0.01
2025-10-04 22:45:00+02:00,3.517448010960038,-0.06
2025-10-04 23:00:00+02:00,1.436034437307967,-0.01
2025-10-04 23:15:00+02:00,-7.524709192465863,-0.03
2025-10-04 23:30:00+02:00,-27.44666121371371,-0.08
2025-10-04 23:45:00+02:00,-40.344660080652545,-1.25
2025-10-05 00:00:00+02:00,-1.3228372862121347,-0.07
2025-10-05 00:15:00+02:00,1.3453982444374333,-0.26
2025-10-05 00:30:00+02:00,2.968402558477692,-1.45
2025-10-05 00:45:00+02:00,0.8853891878491993,-1.21
2025-10-05 01:00:00+02:00,-4.953723173614861,-1.09
2025-10-05 01:15:00+02:00,-6.993421184515526,-2.01
2025-10-05 01:30:00+02:00,-4.621954898969378,-1.48
2025-10-05 01:45:00+02:00,-4.505268308048471,-1.03
2025-10-05 02:00:00+02:00,-1.480574255053611,-4.2
2025-10-05 02:15:00+02:00,1.310988182679253,-4.19
2025-10-05 02:30:00+02:00,0.6622157617918418,-4.18
2025-10-05 02:45:00+02:00,-0.13834883011749355,-4.19
2025-10-05 03:00:00+02:00,2.3469715382781686,-4.2
2025-10-05 03:15:00+02:00,-26.68255259970789,-4.11
2025-10-05 03:30:00+02:00,-23.01172488613362,-4.11
2025-10-05 03:45:00+02:00,-28.934527273972776,-5.09
2025-10-05 04:00:00+02:00,4.891027306915717,-4.82
2025-10-05 04:15:00+02:00,5.549362697180271,-5.03
2025-10-05 04:30:00+02:00,4.813958432930704,-5.05
2025-10-05 04:45:00+02:00,3.53334052277566,-5.02
2025-10-05 05:00:00+02:00,-1.4094727182326494,-4.99
2025-10-05 05:15:00+02:00,0.1336656249957997,-4.82
2025-10-05 05:30:00+02:00,-3.148792451050781,-4.01
2025-10-05 05:45:00+02:00,-5.98149637331646,-4.01
2025-10-05 06:00:00+02:00,11.937402526880575,-4.11
2025-10-05 06:15:00+02:00,9.248857467998064,-4.05
2025-10-05 06:30:00+02:00,13.202447463639103,-3.8
2025-10-05 06:45:00+02:00,10.886104438959805,-3.08
2025-10-05 07:00:00+02:00,-9.497417881791108,-2.02
2025-10-05 07:15:00+02:00,-4.837754424387697,-1.78
2025-10-05 07:30:00+02:00,-10.148424628112409,-1.42
2025-10-05 07:45:00+02:00,-3.3302868270456543,-0.8
2025-10-05 08:00:00+02:00,-18.06616302507193,-0.1
2025-10-05 08:15:00+02:00,-23.397777372701228,-0.09
2025-10-05 08:30:00+02:00,-31.870065218641344,-0.05
2025-10-05 08:45:00+02:00,-29.436378044270725,-0.11
2025-10-05 09:00:00+02:00,-6.563482919928518,-0.01
2025-10-05 09:15:00+02:00,-4.441718048158904,-0.08
2025-10-05 09:30:00+02:00,-8.532307773957328,-2.01
2025-10-05 09:45:00+02:00,-20.03883292033349,-3.47
2025-10-05 10:00:00+02:00,-16.655936311297182,-1.48
2025-10-05 10:15:00+02:00,-17.34124061947135,-2.9
2025-10-05 10:30:00+02:00,-15.712497627535726,-4.06
2025-10-05 10:45:00+02:00,-16.8616097026635,-4.88
2025-10-05 11:00:00+02:00,-12.722027195541436,-2.02
2025-10-05 11:15:00+02:00,-9.050847662806127,-2.02
2025-10-05 11:30:00+02:00,-8.573842260230201,-2.01
2025-10-05 11:45:00+02:00,-10.049998181176619,-2.02
2025-10-05 12:00:00+02:00,-17.719376423394955,-4.04
2025-10-05 12:15:00+02:00,-18.031634001007824,-3.04
2025-10-05 12:30:00+02:00,-16.374610514835453,-3.01
2025-10-05 12:45:00+02:00,-17.29273473091599,-3.57
2025-10-05 13:00:00+02:00,-18.33888893472034,-3.38
2025-10-05 13:15:00+02:00,-18.653000000553032,-3.54
2025-10-05 13:30:00+02:00,-18.629322803732137,-3.17
2025-10-05 13:45:00+02:00,-18.33559599624994,-3.46
2025-10-05 14:00:00+02:00,-16.34606122689378,-3.1
2025-10-05 14:15:00+02:00,-15.162355739804555,-3.02
2025-10-05 14:30:00+02:00,-15.77820569478371,-3.02
2025-10-05 14:45:00+02:00,-16.42147797456613,-2.63
2025-10-05 15:00:00+02:00,-10.515365104297896,-2.4
2025-10-05 15:15:00+02:00,-7.6338059457255945,-2.13
2025-10-05 15:30:00+02:00,-7.7240424195992325,-2.02
2025-10-05 15:45:00+02:00,-8.949244050352046,-3.02
2025-10-05 16:00:00+02:00,-8.08596363859737,-1.59
2025-10-05 16:15:00+02:00,-6.804394061183565,-1.02
2025-10-05 16:30:00+02:00,-2.535707681869681,-0.1
2025-10-05 16:45:00+02:00,-1.664340481017156,-0.04
2025-10-05 17:00:00+02:00,-9.367697757140618,-3.16
2025-10-05 17:15:00+02:00,-12.938141510286641,-0.06
2025-10-05 17:30:00+02:00,-8.350923484264328,0.1
2025-10-05 17:45:00+02:00,-12.14212464968368,6.53
2025-10-05 18:00:00+02:00,9.924780213592271,5.37
2025-10-05 18:15:00+02:00,9.331622517971027,11.0
2025-10-05 18:30:00+02:00,9.70274071888015,19.91
2025-10-05 18:45:00+02:00,6.377071106384662,28.05
2025-10-05 19:00:00+02:00,4.518162587717384,21.25
2025-10-05 19:15:00+02:00,3.2114853734015583,26.69
2025-10-05 19:30:00+02:00,2.438109408747394,42.84
2025-10-05 19:45:00+02:00,4.691395401318772,49.41
2025-10-05 20:00:00+02:00,19.691224897585954,34.0
2025-10-05 20:15:00+02:00,13.41311270605533,24.58
2025-10-05 20:30:00+02:00,17.36972000224101,13.66
2025-10-05 20:45:00+02:00,19.54912062118929,7.08
2025-10-05 21:00:00+02:00,-6.0341932419770075,7.84
2025-10-05 21:15:00+02:00,-6.2224245783447145,5.15
2025-10-05 21:30:00+02:00,3.5600358641765126,4.75
2025-10-05 21:45:00+02:00,-7.941936268371833,4.17
2025-10-05 22:00:00+02:00,6.398759631096937,5.75
2025-10-05 22:15:00+02:00,9.001204497213593,4.86
2025-10-05 22:30:00+02:00,20.1265428660151,5.96
2025-10-05 22:45:00+02:00,21.37223035989095,4.24
2025-10-05 23:00:00+02:00,4.03119121177204,4.88
2025-10-05 23:15:00+02:00,10.62052751480465,4.1
2025-10-05 23:30:00+02:00,10.329506837569895,3.96
2025-10-05 23:45:00+02:00,4.704926056460678,3.36
2025-10-06 00:00:00+02:00,17.82481172238066,30.98
2025-10-06 00:15:00+02:00,20.071739896954583,24.53
2025-10-06 00:30:00+02:00,23.775345996824456,15.77
2025-10-06 00:45:00+02:00,23.177332144929522,12.1
2025-10-06 01:00:00+02:00,10.13271237544592,13.85
2025-10-06 01:15:00+02:00,11.579721377976696,10.57
2025-10-06 01:30:00+02:00,13.522324432494088,9.11
2025-10-06 01:45:00+02:00,12.729453538465677,6.66
2025-10-06 02:00:00+02:00,5.615012068958464,7.0
2025-10-06 02:15:00+02:00,10.008294441143704,8.7
2025-10-06 02:30:00+02:00,8.777596681675348,10.58
2025-10-06 02:45:00+02:00,10.507688635083042,10.13
2025-10-06 03:00:00+02:00,12.93101096632607,10.53
2025-10-06 03:15:00+02:00,13.679357319077894,10.52
2025-10-06 03:30:00+02:00,13.424458335433968,11.03
2025-10-06 03:45:00+02:00,14.084636508107607,10.85
2025-10-06 04:00:00+02:00,36.045008418913525,11.02
2025-10-06 04:15:00+02:00,36.569351489481335,18.12
2025-10-06 04:30:00+02:00,33.729831079859665,17.86
2025-10-06 04:45:00+02:00,35.99095260229011,20.2
2025-10-06 05:00:00+02:00,62.70987029699935,7.81
2025-10-06 05:15:00+02:00,61.687922148837345,9.9
2025-10-06 05:30:00+02:00,59.699243859353864,22.8
2025-10-06 05:45:00+02:00,56.9328875417978,49.9
2025-10-06 06:00:00+02:00,92.43605255924383,18.39
2025-10-06 06:15:00+02:00,89.4916760378945,76.6
2025-10-06 06:30:00+02:00,88.79520780869952,78.19
2025-10-06 06:45:00+02:00,88.82056729923707,101.16
2025-10-06 07:00:00+02:00,112.30741936205621,89.97
2025-10-06 07:15:00+02:00,112.07920093774001,105.32
2025-10-06 07:30:00+02:00,112.09718385498519,108.93
2025-10-06 07:45:00+02:00,112.66881717246889,115.99
2025-10-06 08:00:00+02:00,104.71029497195636,126.58
2025-10-06 08:15:00+02:00,105.62088668999777,127.91
2025-10-06 08:30:00+02:00,107.10107081890109,120.8
2025-10-06 08:45:00+02:00,108.47080186547795,111.78
2025-10-06 09:00:00+02:00,94.87094363959363,135.73
2025-10-06 09:15:00+02:00,94.36321014174806,121.42
2025-10-06 09:30:00+02:00,93.0532089773317,119.6
2025-10-06 09:45:00+02:00,94.41842179389451,107.72
2025-10-06 10:00:00+02:00,76.9018833263354,114.69
2025-10-06 10:15:00+02:00,80.928020366855,104.8
2025-10-06 10:30:00+02:00,85.75333794056569,95.23
2025-10-06 10:45:00+02:00,81.34912214626266,87.39
2025-10-06 11:00:00+02:00,80.05369248979358,98.55
2025-10-06 11:15:00+02:00,95.31488372050441,92.75
2025-10-06 11:30:00+02:00,96.75578042225342,84.89
2025-10-06 11:45:00+02:00,98.58791405385179,81.02
2025-10-06 12:00:00+02:00,68.29447768333148,82.57
2025-10-06 12:15:00+02:00,74.35520565926164,86.67
2025-10-06 12:30:00+02:00,73.77428848107024,86.12
2025-10-06 12:45:00+02:00,74.25436958522778,93.94
2025-10-06 13:00:00+02:00,65.31399480413977,84.06
2025-10-06 13:15:00+02:00,65.81646230450251,88.05
2025-10-06 13:30:00+02:00,65.75534783864309,83.88
2025-10-06 13:45:00+02:00,65.22367426693935,82.4
2025-10-06 14:00:00+02:00,68.92918995247028,82.78
2025-10-06 14:15:00+02:00,67.3823754602506,89.59
2025-10-06 14:30:00+02:00,66.39515499235291,100.96
2025-10-06 14:45:00+02:00,65.68777617871966,95.98
2025-10-06 15:00:00+02:00,80.74397646113756,89.47
2025-10-06 15:15:00+02:00,76.5525190519834,92.03
2025-10-06 15:30:00+02:00,75.44906560407874,95.69
2025-10-06 15:45:00+02:00,75.55705693810711,101.0
2025-10-06 16:00:00+02:00,96.18543594328641,86.45
2025-10-06 16:15:00+02:00,95.35260868143419,97.87
2025-10-06 16:30:00+02:00,92.51360136506605,110.69
2025-10-06 16:45:00+02:00,92.1521449429947,124.08
2025-10-06 17:00:00+02:00,94.84768468192924,93.91
2025-10-06 17:15:00+02:00,99.8996909159232,112.95
2025-10-06 17:30:00+02:00,95.68812424932715,121.84
2025-10-06 17:45:00+02:00,88.95793031462932,152.46
2025-10-06 18:00:00+02:00,103.83100412039974,109.36
2025-10-06 18:15:00+02:00,104.51497576714925,118.41
2025-10-06 18:30:00+02:00,104.5662862387945,147.8
2025-10-06 18:45:00+02:00,104.36967044481595,190.78
2025-10-06 19:00:00+02:00,122.42707125620862,168.9
2025-10-06 19:15:00+02:00,122.53671446706441,175.37
2025-10-06 19:30:00+02:00,121.89824608625945,169.0
2025-10-06 19:45:00+02:00,121.32398885719314,159.99
2025-10-06 20:00:00+02:00,121.71912945386907,156.93
2025-10-06 20:15:00+02:00,122.77441130157322,131.1
2025-10-06 20:30:00+02:00,124.42024479304403,125.87
2025-10-06 20:45:00+02:00,125.63989051606919,120.81
2025-10-06 21:00:00+02:00,99.6854359064346,128.0
2025-10-06 21:15:00+02:00,102.50335024506094,123.93
2025-10-06 21:30:00+02:00,105.05695350496676,115.65
2025-10-06 21:45:00+02:00,105.99692325741721,113.23
2025-10-06 22:00:00+02:00,99.62811330324755,135.26
2025-10-06 22:15:00+02:00,101.37103464513275,114.58
2025-10-06 22:30:00+02:00,100.36057190870591,115.2
2025-10-06 22:45:00+02:00,97.58901017417568,109.62
2025-10-06 23:00:00+02:00,89.44400196104425,112.33
2025-10-06 23:15:00+02:00,89.07314313825356,105.04
2025-10-06 23:30:00+02:00,88.93835647656577,103.67
2025-10-06 23:45:00+02:00,89.81949359451136,100.96
2025-10-07 00:00:00+02:00,100.61073021619862,105.51
2025-10-07 00:15:00+02:00,100.43957671261855,102.6
2025-10-07 00:30:00+02:00,99.6228800664191,99.05
2025-10-07 00:45:00+02:00,97.80256973461768,93.89
2025-10-07 01:00:00+02:00,94.49499713275956,100.0
2025-10-07 01:15:00+02:00,93.54209358073717,94.82
2025-10-07 01:30:00+02:00,91.44662183902858,92.68
2025-10-07 01:45:00+02:00,90.41307952460548,88.45
2025-10-07 02:00:00+02:00,89.80615670286028,91.23
2025-10-07 02:15:00+02:00,87.50556760867694,89.36
2025-10-07 02:30:00+02:00,87.78558120678095,89.45
2025-10-07 02:45:00+02:00,88.0375809894502,89.23
2025-10-07 03:00:00+02:00,86.80399751452035,88.66
2025-10-07 03:15:00+02:00,88.03645505975896,88.59
2025-10-07 03:30:00+02:00,88.14376617496619,89.47
2025-10-07 03:45:00+02:00,87.87406059165924,91.48
2025-10-07 04:00:00+02:00,88.96654015510168,86.92
2025-10-07 04:15:00+02:00,89.20789972515017,88.8
2025-10-07 04:30:00+02:00,89.61216589735724,95.03
2025-10-07 04:45:00+02:00,90.00341486792776,101.15
2025-10-07 05:00:00+02:00,100.39011682723734,86.94
2025-10-07 05:15:00+02:00,100.06958688017758,93.11
2025-10-07 05:30:00+02:00,100.6313254172469,99.05
2025-10-07 05:45:00+02:00,101.9309201638386,107.86
2025-10-07 06:00:00+02:00,131.2286640014179,106.77
2025-10-07 06:15:00+02:00,129.47135204423415,125.07
2025-10-07 06:30:00+02:00,132.5467116411039,141.18
2025-10-07 06:45:00+02:00,136.23013174659025,166.52
2025-10-07 07:00:00+02:00,235.51669781051808,148.03
2025-10-07 07:15:00+02:00,232.60190152357134,207.93
2025-10-07 07:30:00+02:00,233.1338362590381,270.09
2025-10-07 07:45:00+02:00,233.40767004742423,288.17
2025-10-07 08:00:00+02:00,235.80012954809843,307.91
2025-10-07 08:15:00+02:00,247.01141608331707,300.04
2025-10-07 08:30:00+02:00,256.2328894589179,288.15
2025-10-07 08:45:00+02:00,251.80874325037723,254.58
2025-10-07 09:00:00+02:00,220.44816958923593,293.61
2025-10-07 09:15:00+02:00,212.07260656855038,249.64
2025-10-07 09:30:00+02:00,199.32665772825032,167.9
2025-10-07 09:45:00+02:00,195.63473175785532,137.58
2025-10-07 10:00:00+02:00,141.52799983442475,197.38
2025-10-07 10:15:00+02:00,139.04490220754934,164.08
2025-10-07 10:30:00+02:00,129.27544390423895,138.01
2025-10-07 10:45:00+02:00,131.22874504668994,119.17
2025-10-07 11:00:00+02:00,112.7102527141785,153.65
2025-10-07 11:15:00+02:00,116.19904449812783,135.82
2025-10-07 11:30:00+02:00,114.63674049716408,118.81
2025-10-07 11:45:00+02:00,111.36752069095505,111.35
2025-10-07 12:00:00+02:00,116.80789979523374,123.01
2025-10-07 12:15:00+02:00,114.1353349305642,109.38
2025-10-07 12:30:00+02:00,112.03466207166254,105.91
2025-10-07 12:45:00+02:00,108.8168205788357,105.46
2025-10-07 13:00:00+02:00,106.07772530948577,112.23
2025-10-07 13:15:00+02:00,106.58966314960497,105.73
2025-10-07 13:30:00+02:00,106.84622413280408,104.76
2025-10-07 13:45:00+02:00,107.84256420064175,102.01
2025-10-07 14:00:00+02:00,100.75727942603352,103.08
2025-10-07 14:15:00+02:00,101.98211896414632,104.76
2025-10-07 14:30:00+02:00,101.88040878171039,105.91
2025-10-07 14:45:00+02:00,103.21114312914094,107.66
2025-10-07 15:00:00+02:00,105.58972688532096,101.2
2025-10-07 15:15:00+02:00,102.83574303146119,105.68
2025-10-07 15:30:00+02:00,103.19572775517513,116.17
2025-10-07 15:45:00+02:00,104.21163466666039,129.59
2025-10-07 16:00:00+02:00,119.00785392501551,103.91
2025-10-07 16:15:00+02:00,117.86593361098701,110.59
2025-10-07 16:30:00+02:00,114.92783771867352,127.15
2025-10-07 16:45:00+02:00,118.40538423263969,146.77
2025-10-07 17:00:00+02:00,140.43799375494183,115.04
2025-10-07 17:15:00+02:00,148.26773156159584,128.99
2025-10-07 17:30:00+02:00,226.46746382575873,155.82
2025-10-07 17:45:00+02:00,295.9541197353626,207.51
2025-10-07 18:00:00+02:00,208.47774424682865,147.29
2025-10-07 18:15:00+02:00,220.7531188293935,154.33
2025-10-07 18:30:00+02:00,218.6554899040848,220.61
2025-10-07 18:45:00+02:00,219.26435446381208,287.44
2025-10-07 19:00:00+02:00,261.0909160617611,253.39
2025-10-07 19:15:00+02:00,258.62603078053394,221.51
2025-10-07 19:30:00+02:00,251.61386839701822,197.41
2025-10-07 19:45:00+02:00,240.12850349842,180.81
2025-10-07 20:00:00+02:00,151.34150383240583,178.46
2025-10-07 20:15:00+02:00,147.82454137509868,158.89
2025-10-07 20:30:00+02:00,146.33476679757536,131.01
2025-10-07 20:45:00+02:00,146.22643970879182,117.0
2025-10-07 21:00:00+02:00,119.95746787831978,147.22
2025-10-07 21:15:00+02:00,119.3571434059299,129.01
2025-10-07 21:30:00+02:00,118.4378716262446,112.79
2025-10-07 21:45:00+02:00,118.03423464677837,103.95
2025-10-07 22:00:00+02:00,112.152071594802,116.35
2025-10-07 22:15:00+02:00,110.60723527159313,111.87
2025-10-07 22:30:00+02:00,109.7649014155134,106.1
2025-10-07 22:45:00+02:00,108.9884451474316,95.37
2025-10-07 23:00:00+02:00,99.4639311415,107.82
2025-10-07 23:15:00+02:00,97.55679214278672,98.43
2025-10-07 23:30:00+02:00,98.52178506829316,93.57
2025-10-07 23:45:00+02:00,98.15572986226026,90.11
2025-10-08 00:00:00+02:00,99.94382414504236,101.74
2025-10-08 00:15:00+02:00,99.4035383293905,91.4
2025-10-08 00:30:00+02:00,96.68254265577815,91.47
2025-10-08 00:45:00+02:00,93.7535865714862,89.2
2025-10-08 01:00:00+02:00,96.10695970041618,91.85
2025-10-08 01:15:00+02:00,95.06695040058243,89.07
2025-10-08 01:30:00+02:00,91.87989378659988,87.33
2025-10-08 01:45:00+02:00,89.92424847793949,85.5
2025-10-08 02:00:00+02:00,90.36151748279244,89.21
2025-10-08 02:15:00+02:00,87.14098044029923,88.14
2025-10-08 02:30:00+02:00,87.44346405707724,86.99
2025-10-08 02:45:00+02:00,87.47797470981233,85.9
2025-10-08 03:00:00+02:00,85.0040316908993,86.97
2025-10-08 03:15:00+02:00,86.88457928579466,86.91
2025-10-08 03:30:00+02:00,87.10455765218919,86.98
2025-10-08 03:45:00+02:00,86.8928698513419,87.04
2025-10-08 04:00:00+02:00,87.68961384990604,85.66
2025-10-08 04:15:00+02:00,88.29641638816302,87.74
2025-10-08 04:30:00+02:00,88.59797544955293,91.18
2025-10-08 04:45:00+02:00,88.69023035348687,94.11
2025-10-08 05:00:00+02:00,93.78695106819832,86.98
2025-10-08 05:15:00+02:00,94.66594319261992,93.28
2025-10-08 05:30:00+02:00,96.59250440591762,99.91
2025-10-08 05:45:00+02:00,99.07198397421354,109.41
2025-10-08 06:00:00+02:00,117.83843920521309,92.99
2025-10-08 06:15:00+02:00,124.02178530666853,113.91
2025-10-08 06:30:00+02:00,130.0433282537579,122.99
2025-10-08 06:45:00+02:00,135.741578741647,138.54
2025-10-08 07:00:00+02:00,188.43694242587176,130.47
2025-10-08 07:15:00+02:00,198.7237738326205,151.59
2025-10-08 07:30:00+02:00,199.23287701724502,168.9
2025-10-08 07:45:00+02:00,198.4500714542923,171.36
2025-10-08 08:00:00+02:00,203.49393014944633,203.62
2025-10-08 08:15:00+02:00,199.9121694744859,175.34
2025-10-08 08:30:00+02:00,182.02210073430248,151.24
2025-10-08 08:45:00+02:00,167.70430579056213,135.38
2025-10-08 09:00:00+02:00,141.61120622974397,174.2
2025-10-08 09:15:00+02:00,134.34377869234237,140.92
2025-10-08 09:30:00+02:00,128.5015248740383,119.67
2025-10-08 09:45:00+02:00,123.36023038802733,105.91
2025-10-08 10:00:00+02:00,118.36745213993856,142.74
2025-10-08 10:15:00+02:00,106.23368584180773,121.74
2025-10-08 10:30:00+02:00,102.54737779015058,107.37
2025-10-08 10:45:00+02:00,100.50903425810782,101.93
2025-10-08 11:00:00+02:00,98.86538350926686,123.01
2025-10-08 11:15:00+02:00,96.06595300395078,104.46
2025-10-08 11:30:00+02:00,94.78559912323772,97.58
2025-10-08 11:45:00+02:00,92.49101190966354,88.25
2025-10-08 12:00:00+02:00,104.15122435906378,94.88
2025-10-08 12:15:00+02:00,101.19671117047588,91.03
2025-10-08 12:30:00+02:00,100.4562235563813,88.78
2025-10-08 12:45:00+02:00,100.68165388880823,88.6
2025-10-08 13:00:00+02:00,95.42160033518364,90.79
2025-10-08 13:15:00+02:00,97.8560043798175,90.1
2025-10-08 13:30:00+02:00,98.17656048996346,89.17
2025-10-08 13:45:00+02:00,96.27267468372403,87.28
2025-10-08 14:00:00+02:00,92.73667336726119,85.44
2025-10-08 14:15:00+02:00,96.17497778806913,87.72
2025-10-08 14:30:00+02:00,97.83104830600273,90.0
2025-10-08 14:45:00+02:00,98.46178398772824,98.61
2025-10-08 15:00:00+02:00,95.3745217884013,89.1
2025-10-08 15:15:00+02:00,96.34551231749916,93.72
2025-10-08 15:30:00+02:00,97.10645329462047,101.34
2025-10-08 15:45:00+02:00,99.99097237456101,113.55
2025-10-08 16:00:00+02:00,105.42971492309097,93.15
2025-10-08 16:15:00+02:00,109.68956821057714,102.2
2025-10-08 16:30:00+02:00,113.45326291858058,127.44
2025-10-08 16:45:00+02:00,117.18226386173284,147.07
2025-10-08 17:00:00+02:00,127.87092351055102,102.83
2025-10-08 17:15:00+02:00,143.75408228221437,123.24
2025-10-08 17:30:00+02:00,152.8323468706426,155.33
2025-10-08 17:45:00+02:00,163.43766645764066,216.52
2025-10-08 18:00:00+02:00,220.69721832160906,135.54
2025-10-08 18:15:00+02:00,224.47873906365322,147.6
2025-10-08 18:30:00+02:00,238.40924707008224,204.53
2025-10-08 18:45:00+02:00,248.91129678811723,247.56
2025-10-08 19:00:00+02:00,309.0712965437209,235.93
2025-10-08 19:15:00+02:00,309.9159380592007,204.62
2025-10-08 19:30:00+02:00,286.3703418649779,180.46
2025-10-08 19:45:00+02:00,261.747529845209,175.0
2025-10-08 20:00:00+02:00,165.36169183105076,170.48
2025-10-08 20:15:00+02:00,154.96902880839752,149.96
2025-10-08 20:30:00+02:00,150.58956162918042,128.09
2025-10-08 20:45:00+02:00,147.92062046725806,118.25
2025-10-08 21:00:00+02:00,126.35114980558524,128.88
2025-10-08 21:15:00+02:00,123.44388438958232,117.94
2025-10-08 21:30:00+02:00,121.21681016774643,109.29
2025-10-08 21:45:00+02:00,120.54391447429803,102.85
2025-10-08 22:00:00+02:00,115.19941193809144,114.61
2025-10-08 22:15:00+02:00,112.24853007879422,113.93
2025-10-08 22:30:00+02:00,108.69237024604544,106.49
2025-10-08 22:45:00+02:00,106.93524470011161,97.93
2025-10-08 23:00:00+02:00,103.72689430019722,106.06
2025-10-08 23:15:00+02:00,100.29717462897992,99.79
2025-10-08 23:30:00+02:00,98.789792105154,95.48
2025-10-08 23:45:00+02:00,97.54214585798522,90.0
2025-10-09 00:00:00+02:00,102.09532091277076,109.22
2025-10-09 00:15:00+02:00,101.38482686122303,100.01
2025-10-09 00:30:00+02:00,98.59416992910967,90.88
2025-10-09 00:45:00+02:00,95.65266068909929,88.75
2025-10-09 01:00:00+02:00,97.40622343786626,91.7
2025-10-09 01:15:00+02:00,96.54317342215172,93.33
2025-10-09 01:30:00+02:00,94.02707703158741,92.32
2025-10-09 01:45:00+02:00,91.46545029453907,92.98
2025-10-09 02:00:00+02:00,92.56415966375474,96.05
2025-10-09 02:15:00+02:00,89.15512307059029,92.32
2025-10-09 02:30:00+02:00,89.84907251235627,92.28
2025-10-09 02:45:00+02:00,90.1532023236873,92.4
2025-10-09 03:00:00+02:00,88.97929785230393,93.36
2025-10-09 03:15:00+02:00,90.6269335958373,89.9
2025-10-09 03:30:00+02:00,90.60856169690894,89.97
2025-10-09 03:45:00+02:00,91.00344656355611,90.04
2025-10-09 04:00:00+02:00,90.28843504297193,86.94
2025-10-09 04:15:00+02:00,91.03358187910055,89.03
2025-10-09 04:30:00+02:00,91.4801639632552,92.49
2025-10-09 04:45:00+02:00,91.92953843710545,102.34
2025-10-09 05:00:00+02:00,94.38930459349909,87.41
2025-10-09 05:15:00+02:00,95.55052826946442,91.81
2025-10-09 05:30:00+02:00,97.18304314717147,104.3
2025-10-09 05:45:00+02:00,99.60197436295324,121.09
2025-10-09 06:00:00+02:00,111.0773200127348,102.35
2025-10-09 06:15:00+02:00,118.03979104527596,121.42
2025-10-09 06:30:00+02:00,123.65780801974873,132.35
2025-10-09 06:45:00+02:00,126.79307413991555,146.2
2025-10-09 07:00:00+02:00,148.38979545896186,125.35
2025-10-09 07:15:00+02:00,158.26926211690937,146.35
2025-10-09 07:30:00+02:00,157.9676286765912,156.11
2025-10-09 07:45:00+02:00,154.34770739974758,152.19
2025-10-09 08:00:00+02:00,174.91126859368165,172.25
2025-10-09 08:15:00+02:00,162.14300731557125,152.98
2025-10-09 08:30:00+02:00,146.05289070739127,143.8
2025-10-09 08:45:00+02:00,131.90411844692923,130.57
2025-10-09 09:00:00+02:00,127.68855393643952,166.46
2025-10-09 09:15:00+02:00,123.36187981528509,134.41
2025-10-09 09:30:00+02:00,116.58271327740405,122.99
2025-10-09 09:45:00+02:00,112.7764106201977,106.09
2025-10-09 10:00:00+02:00,111.26678021055862,131.55
2025-10-09 10:15:00+02:00,117.59207796374733,113.86
2025-10-09 10:30:00+02:00,109.13866082886915,102.3
2025-10-09 10:45:00+02:00,104.38335268241515,91.04
2025-10-09 11:00:00+02:00,107.19447140844454,106.52
2025-10-09 11:15:00+02:00,104.6152598815204,102.13
2025-10-09 11:30:00+02:00,102.53001045491851,91.64
2025-10-09 11:45:00+02:00,100.69996964549176,87.56
2025-10-09 12:00:00+02:00,96.27874257703328,100.33
2025-10-09 12:15:00+02:00,89.79516327093103,92.2
2025-10-09 12:30:00+02:00,89.29609564029766,87.93
2025-10-09 12:45:00+02:00,88.50813005191435,83.63
2025-10-09 13:00:00+02:00,84.08003503646854,89.01
2025-10-09 13:15:00+02:00,83.6014882726001,88.22
2025-10-09 13:30:00+02:00,83.84856716733795,84.65
2025-10-09 13:45:00+02:00,84.46721515208579,71.53
2025-10-09 14:00:00+02:00,77.71039804668041,77.77
2025-10-09 14:15:00+02:00,80.57079079691718,83.77
2025-10-09 14:30:00+02:00,82.22420192604025,84.15
2025-10-09 14:45:00+02:00,83.66981317577647,87.11
2025-10-09 15:00:00+02:00,79.1798539071867,79.61
2025-10-09 15:15:00+02:00,81.60883616098451,84.13
2025-10-09 15:30:00+02:00,83.67175648994828,89.22
2025-10-09 15:45:00+02:00,85.8221470473552,102.35
2025-10-09 16:00:00+02:00,83.35162961602865,87.51
2025-10-09 16:15:00+02:00,88.08476405578885,88.37
2025-10-09 16:30:00+02:00,93.42043070462654,92.11
2025-10-09 16:45:00+02:00,97.66822479985797,100.31
2025-10-09 17:00:00+02:00,93.73211790902292,87.53
2025-10-09 17:15:00+02:00,99.29031681008213,110.57
2025-10-09 17:30:00+02:00,108.03286119971246,112.0
2025-10-09 17:45:00+02:00,123.47186106571218,129.94
2025-10-09 18:00:00+02:00,121.5573128025326,115.48
2025-10-09 18:15:00+02:00,123.1151121970883,124.26
2025-10-09 18:30:00+02:00,128.87987587252408,126.56
2025-10-09 18:45:00+02:00,131.0843352859419,125.33
2025-10-09 19:00:00+02:00,131.61839975198762,125.71
2025-10-09 19:15:00+02:00,129.90315485758464,126.43
2025-10-09 19:30:00+02:00,127.31572943885183,122.58
2025-10-09 19:45:00+02:00,127.22146577704889,117.73
2025-10-09 20:00:00+02:00,117.23410904684047,119.72
2025-10-09 20:15:00+02:00,112.59880144204159,114.76
2025-10-09 20:30:00+02:00,110.30406960642051,110.14
2025-10-09 20:45:00+02:00,107.96208964072835,104.83
2025-10-09 21:00:00+02:00,101.47571906079853,107.15
2025-10-09 21:15:00+02:00,98.21745000521175,101.69
2025-10-09 21:30:00+02:00,96.13679062121761,96.39
2025-10-09 21:45:00+02:00,94.28854986529537,87.14
2025-10-09 22:00:00+02:00,97.26043898276154,113.22
2025-10-09 22:15:00+02:00,94.09845911053434,95.43
2025-10-09 22:30:00+02:00,88.95708096959491,90.93
2025-10-09 22:45:00+02:00,81.38435216537336,87.75
2025-10-09 23:00:00+02:00,90.4170626211585,98.98
2025-10-09 23:15:00+02:00,86.02273281116838,90.55
2025-10-09 23:30:00+02:00,79.59695041863807,87.65
2025-10-09 23:45:00+02:00,77.46824595804243,77.62
2025-10-10 00:00:00+02:00,89.4744318372239,95.72
2025-10-10 00:15:00+02:00,85.83037483263483,89.14
2025-10-10 00:30:00+02:00,83.93245273740123,86.45
2025-10-10 00:45:00+02:00,81.8483481730172,80.73
2025-10-10 01:00:00+02:00,83.23838542266347,90.84
2025-10-10 01:15:00+02:00,80.68786243268761,84.36
2025-10-10 01:30:00+02:00,79.38473190891074,83.5
2025-10-10 01:45:00+02:00,76.46981176343624,81.17
2025-10-10 02:00:00+02:00,78.15138929501337,83.19
2025-10-10 02:15:00+02:00,74.51217316472952,79.99
2025-10-10 02:30:00+02:00,74.7431479284002,78.91
2025-10-10 02:45:00+02:00,74.67508635942946,78.26
2025-10-10 03:00:00+02:00,74.80915748594549,79.77
2025-10-10 03:15:00+02:00,76.4081783761741,78.7
2025-10-10 03:30:00+02:00,76.83846419866691,77.4
2025-10-10 03:45:00+02:00,75.8705018635563,77.27
2025-10-10 04:00:00+02:00,77.19920914643251,78.77
2025-10-10 04:15:00+02:00,78.01264470984124,80.06
2025-10-10 04:30:00+02:00,79.37111476869812,76.81
2025-10-10 04:45:00+02:00,80.14131114583178,81.2
2025-10-10 05:00:00+02:00,85.42417129822762,76.82
2025-10-10 05:15:00+02:00,86.32655124224983,81.28
2025-10-10 05:30:00+02:00,87.74586206758232,84.79
2025-10-10 05:45:00+02:00,88.5077993271255,101.4
2025-10-10 06:00:00+02:00,97.32614881991813,83.53
2025-10-10 06:15:00+02:00,104.35509738432182,105.2
2025-10-10 06:30:00+02:00,106.82618560081733,99.33
2025-10-10 06:45:00+02:00,107.42133702263554,122.49
2025-10-10 07:00:00+02:00,118.26120757655772,102.12
2025-10-10 07:15:00+02:00,120.67040166168502,113.67
2025-10-10 07:30:00+02:00,119.5174474047379,125.29
2025-10-10 07:45:00+02:00,119.96030798300424,136.22
2025-10-10 08:00:00+02:00,138.63441835221997,151.65
2025-10-10 08:15:00+02:00,130.2281592171046,133.39
2025-10-10 08:30:00+02:00,122.1930250681051,109.4
2025-10-10 08:45:00+02:00,117.81760683271968,96.01
2025-10-10 09:00:00+02:00,116.45820710199934,143.83
2025-10-10 09:15:00+02:00,114.7498467811196,112.07
2025-10-10 09:30:00+02:00,108.19449827121309,96.73
2025-10-10 09:45:00+02:00,102.69018885453343,78.43
2025-10-10 10:00:00+02:00,130.39431025957384,123.0
2025-10-10 10:15:00+02:00,110.69786462570661,93.17
2025-10-10 10:30:00+02:00,102.54476862166447,84.55
2025-10-10 10:45:00+02:00,96.75666229014954,71.31
2025-10-10 11:00:00+02:00,108.20309387622015,96.26
2025-10-10 11:15:00+02:00,102.91101400995575,79.29
2025-10-10 11:30:00+02:00,98.92071189315274,79.04
2025-10-10 11:45:00+02:00,91.65754945412641,73.88
2025-10-10 12:00:00+02:00,76.99143421805684,87.88
2025-10-10 12:15:00+02:00,75.24006423896714,79.84
2025-10-10 12:30:00+02:00,74.3791399669949,74.67
2025-10-10 12:45:00+02:00,75.65858459865098,67.74
2025-10-10 13:00:00+02:00,68.39841052256793,76.07
2025-10-10 13:15:00+02:00,68.034403793639,78.85
2025-10-10 13:30:00+02:00,68.01077495293626,77.26
2025-10-10 13:45:00+02:00,67.99626370426095,70.58
2025-10-10 14:00:00+02:00,68.76097912642939,59.95
2025-10-10 14:15:00+02:00,70.28360141265236,77.39
2025-10-10 14:30:00+02:00,71.59935499805269,80.07
2025-10-10 14:45:00+02:00,72.61314900317385,91.62
2025-10-10 15:00:00+02:00,73.77473249749724,76.48
2025-10-10 15:15:00+02:00,77.34191514932962,85.09
2025-10-10 15:30:00+02:00,80.26329666503209,91.56
2025-10-10 15:45:00+02:00,82.6787448840489,102.45
2025-10-10 16:00:00+02:00,82.71026492613949,77.06
2025-10-10 16:15:00+02:00,87.48980288830951,91.53
2025-10-10 16:30:00+02:00,92.93232251040305,99.84
2025-10-10 16:45:00+02:00,97.8411363593234,123.0
2025-10-10 17:00:00+02:00,94.6897435466499,97.74
2025-10-10 17:15:00+02:00,103.55502606218403,111.9
2025-10-10 17:30:00+02:00,111.02486658808033,123.39
2025-10-10 17:45:00+02:00,119.72014968868962,139.77
2025-10-10 18:00:00+02:00,119.16979793503778,107.18
2025-10-10 18:15:00+02:00,121.5289750546893,117.5
2025-10-10 18:30:00+02:00,126.74690650448215,121.42
2025-10-10 18:45:00+02:00,129.12761577316545,136.32
2025-10-10 19:00:00+02:00,127.35742049882515,124.81
2025-10-10 19:15:00+02:00,124.65528910743254,123.84
2025-10-10 19:30:00+02:00,119.42740453470154,123.87
2025-10-10 19:45:00+02:00,122.73160921787691,120.64
2025-10-10 20:00:00+02:00,122.0863894539712,131.89
2025-10-10 20:15:00+02:00,115.95798032488172,119.32
2025-10-10 20:30:00+02:00,111.53599266201414,110.0
2025-10-10 20:45:00+02:00,107.95725769201215,100.35
2025-10-10 21:00:00+02:00,108.51689992550556,115.53
2025-10-10 21:15:00+02:00,103.63894354838138,110.95
2025-10-10 21:30:00+02:00,99.77831138674658,101.04
2025-10-10 21:45:00+02:00,98.03629860271619,88.14
2025-10-10 22:00:00+02:00,102.56785928264559,104.53
2025-10-10 22:15:00+02:00,101.06860969686252,102.46
2025-10-10 22:30:00+02:00,97.87906794731973,97.94
2025-10-10 22:45:00+02:00,89.88189061892582,86.02
2025-10-10 23:00:00+02:00,93.78484923082107,94.58
2025-10-10 23:15:00+02:00,91.13625931815415,92.97
2025-10-10 23:30:00+02:00,86.81215505966725,96.62
2025-10-10 23:45:00+02:00,83.85638610112507,89.23
2025-10-11 00:00:00+02:00,91.89681234077847,102.78
2025-10-11 00:15:00+02:00,90.23121336897731,97.66
2025-10-11 00:30:00+02:00,88.96293297870619,88.08
2025-10-11 00:45:00+02:00,87.96279862896847,83.35
2025-10-11 01:00:00+02:00,84.82608917914958,91.25
2025-10-11 01:15:00+02:00,84.58634338730768,89.52
2025-10-11 01:30:00+02:00,84.23253095799508,87.4
2025-10-11 01:45:00+02:00,83.51775329941815,87.17
2025-10-11 02:00:00+02:00,82.50159401246924,87.53
2025-10-11 02:15:00+02:00,81.63894091263238,88.63
2025-10-11 02:30:00+02:00,81.94471151126801,87.21
2025-10-11 02:45:00+02:00,82.43480663186808,86.18
2025-10-11 03:00:00+02:00,81.1869414838947,86.26
2025-10-11 03:15:00+02:00,80.72375928096506,84.5
2025-10-11 03:30:00+02:00,80.85625340693058,83.63
2025-10-11 03:45:00+02:00,80.58027343047675,82.31
2025-10-11 04:00:00+02:00,81.89493223173447,82.86
2025-10-11 04:15:00+02:00,82.4865337954214,82.63
2025-10-11 04:30:00+02:00,82.80531914129294,80.79
2025-10-11 04:45:00+02:00,83.5459199987478,81.83
2025-10-11 05:00:00+02:00,85.22932048326562,82.21
2025-10-11 05:15:00+02:00,86.17476028314039,84.55
2025-10-11 05:30:00+02:00,87.90484666142463,85.13
2025-10-11 05:45:00+02:00,89.12973364619916,87.13
2025-10-11 06:00:00+02:00,85.12740588388522,87.87
2025-10-11 06:15:00+02:00,93.54607304382128,88.97
2025-10-11 06:30:00+02:00,95.6232855215315,91.2
2025-10-11 06:45:00+02:00,97.8787470132734,93.02
2025-10-11 07:00:00+02:00,101.80092928909802,96.71
2025-10-11 07:15:00+02:00,105.10574387186996,95.06
2025-10-11 07:30:00+02:00,104.9702635516942,97.62
2025-10-11 07:45:00+02:00,105.29347335150614,97.62
2025-10-11 08:00:00+02:00,119.39819649641471,103.96
2025-10-11 08:15:00+02:00,114.30393626863096,103.22
2025-10-11 08:30:00+02:00,109.85957290461761,101.37
2025-10-11 08:45:00+02:00,106.27398331066355,93.05
2025-10-11 09:00:00+02:00,98.77953094696412,108.11
2025-10-11 09:15:00+02:00,95.79031168548472,100.02
2025-10-11 09:30:00+02:00,92.97705616220637,89.11
2025-10-11 09:45:00+02:00,89.75754987628201,74.6
2025-10-11 10:00:00+02:00,96.87230230324116,97.36
2025-10-11 10:15:00+02:00,93.60276893726504,85.84
2025-10-11 10:30:00+02:00,89.55950824667467,73.26
2025-10-11 10:45:00+02:00,86.34871361157074,73.27
2025-10-11 11:00:00+02:00,82.70303790774962,87.29
2025-10-11 11:15:00+02:00,82.69245241442952,76.86
2025-10-11 11:30:00+02:00,79.75451081247887,71.39
2025-10-11 11:45:00+02:00,77.56589240348171,60.54
2025-10-11 12:00:00+02:00,59.1067845425083,63.44
2025-10-11 12:15:00+02:00,57.142501869212786,60.1
2025-10-11 12:30:00+02:00,56.21356810794019,51.21
2025-10-11 12:45:00+02:00,55.62735970554225,46.92
2025-10-11 13:00:00+02:00,41.273955977116536,51.67
2025-10-11 13:15:00+02:00,40.83543066127371,47.13
2025-10-11 13:30:00+02:00,40.853926689056095,43.17
2025-10-11 13:45:00+02:00,40.802858912195234,45.12
2025-10-11 14:00:00+02:00,44.60852660445137,41.76
2025-10-11 14:15:00+02:00,47.39191214949466,48.54
2025-10-11 14:30:00+02:00,48.83411720767866,52.74
2025-10-11 14:45:00+02:00,50.93504799830495,61.08
2025-10-11 15:00:00+02:00,65.6297316161733,54.55
2025-10-11 15:15:00+02:00,66.58078524742673,75.1
2025-10-11 15:30:00+02:00,68.17472347762386,89.6
2025-10-11 15:45:00+02:00,69.45394329553713,88.52
2025-10-11 16:00:00+02:00,83.70888286625222,62.84
2025-10-11 16:15:00+02:00,86.38072657966237,76.17
2025-10-11 16:30:00+02:00,90.50872937878529,89.61
2025-10-11 16:45:00+02:00,93.45255553985498,105.98
2025-10-11 17:00:00+02:00,91.7146090836351,83.89
2025-10-11 17:15:00+02:00,100.82869617047476,99.22
2025-10-11 17:30:00+02:00,110.90632428829734,126.09
2025-10-11 17:45:00+02:00,127.0454508860674,146.82
2025-10-11 18:00:00+02:00,115.55004554591031,110.81
2025-10-11 18:15:00+02:00,118.85528152967474,122.14
2025-10-11 18:30:00+02:00,123.05943895865491,129.9
2025-10-11 18:45:00+02:00,123.30753280233729,142.9
2025-10-11 19:00:00+02:00,127.15581119234172,130.59
2025-10-11 19:15:00+02:00,125.9136441669939,139.21
2025-10-11 19:30:00+02:00,123.29127342913637,130.31
2025-10-11 19:45:00+02:00,122.50370310880989,120.58
2025-10-11 20:00:00+02:00,118.30809169855608,145.64
2025-10-11 20:15:00+02:00,117.3452664613269,128.34
2025-10-11 20:30:00+02:00,114.05543926156165,108.5
2025-10-11 20:45:00+02:00,112.00516899572736,100.06
2025-10-11 21:00:00+02:00,111.8645629760868,125.8
2025-10-11 21:15:00+02:00,109.92561773106814,114.05
2025-10-11 21:30:00+02:00,106.23968324249776,113.69
2025-10-11 21:45:00+02:00,104.70134785943914,96.64
2025-10-11 22:00:00+02:00,111.11310183028657,122.5
2025-10-11 22:15:00+02:00,106.63162981895539,110.4
2025-10-11 22:30:00+02:00,106.41999898375884,101.57
2025-10-11 22:45:00+02:00,97.35301072614877,93.16
2025-10-11 23:00:00+02:00,99.64726866968425,104.7
2025-10-11 23:15:00+02:00,95.76999996949158,95.41
2025-10-11 23:30:00+02:00,94.31874849844364,93.18
2025-10-11 23:45:00+02:00,92.67972174256224,87.1
2025-10-12 00:00:00+02:00,97.80929121433961,108.73
2025-10-12 00:15:00+02:00,93.0577014332959,105.82
2025-10-12 00:30:00+02:00,90.82964664837127,87.8
2025-10-12 00:45:00+02:00,88.54439944376597,82.36
2025-10-12 01:00:00+02:00,89.88715653912097,101.1
2025-10-12 01:15:00+02:00,87.24225295044937,96.85
2025-10-12 01:30:00+02:00,86.38842730479242,86.2
2025-10-12 01:45:00+02:00,84.71461350446818,84.52
2025-10-12 02:00:00+02:00,87.664989961817,97.66
2025-10-12 02:15:00+02:00,84.63917154305356,87.85
2025-10-12 02:30:00+02:00,84.5951907795652,84.71
2025-10-12 02:45:00+02:00,84.39849467651047,85.22
2025-10-12 03:00:00+02:00,82.17521180901335,90.23
2025-10-12 03:15:00+02:00,83.2904663479195,85.83
2025-10-12 03:30:00+02:00,83.55281189393604,84.8
2025-10-12 03:45:00+02:00,82.67617873658999,79.66
2025-10-12 04:00:00+02:00,83.37697433275764,79.4
2025-10-12 04:15:00+02:00,83.98723648691193,82.2
2025-10-12 04:30:00+02:00,84.73492954680557,92.22
2025-10-12 04:45:00+02:00,85.79105264089885,91.83
2025-10-12 05:00:00+02:00,81.79845105005649,83.25
2025-10-12 05:15:00+02:00,82.92713540690086,79.83
2025-10-12 05:30:00+02:00,84.92445712402376,92.66
2025-10-12 05:45:00+02:00,89.62732256343024,90.89
2025-10-12 06:00:00+02:00,76.27421156194725,85.56
2025-10-12 06:15:00+02:00,88.41566443163627,87.95
2025-10-12 06:30:00+02:00,89.17108712138483,90.49
2025-10-12 06:45:00+02:00,93.28228123363787,89.2
2025-10-12 07:00:00+02:00,87.93614454245407,97.64
2025-10-12 07:15:00+02:00,95.08208645234822,86.04
2025-10-12 07:30:00+02:00,96.53566967996584,86.65
2025-10-12 07:45:00+02:00,98.38467598750738,86.36
2025-10-12 08:00:00+02:00,110.11865510276172,102.86
2025-10-12 08:15:00+02:00,102.93731376000751,88.47
2025-10-12 08:30:00+02:00,96.40206852717493,86.44
2025-10-12 08:45:00+02:00,92.3379278927173,76.87
2025-10-12 09:00:00+02:00,94.0717683445433,99.35
2025-10-12 09:15:00+02:00,88.81667508351296,85.81
2025-10-12 09:30:00+02:00,85.54514800356202,71.58
2025-10-12 09:45:00+02:00,80.98948119373935,75.51
2025-10-12 10:00:00+02:00,86.8204397907435,86.74
2025-10-12 10:15:00+02:00,75.99981638715816,77.11
2025-10-12 10:30:00+02:00,68.89495885832179,70.73
2025-10-12 10:45:00+02:00,66.33844167349591,70.24
2025-10-12 11:00:00+02:00,69.07315160408024,75.45
2025-10-12 11:15:00+02:00,62.97961772001861,71.19
2025-10-12 11:30:00+02:00,60.242939417253,71.27
2025-10-12 11:45:00+02:00,57.11283518585962,69.69
2025-10-12 12:00:00+02:00,53.85744176451422,68.94
2025-10-12 12:15:00+02:00,50.23446232307193,67.61
2025-10-12 12:30:00+02:00,49.124224056684575,66.6
2025-10-12 12:45:00+02:00,47.492866459378234,64.4
2025-10-12 13:00:00+02:00,37.77104319592564,55.84
2025-10-12 13:15:00+02:00,36.51800207670789,53.3
2025-10-12 13:30:00+02:00,36.33062777436125,50.65
2025-10-12 13:45:00+02:00,36.30962835380692,48.85
2025-10-12 14:00:00+02:00,41.28876522319892,53.6
2025-10-12 14:15:00+02:00,46.19681535522026,57.06
2025-10-12 14:30:00+02:00,48.14389408216032,65.74
2025-10-12 14:45:00+02:00,51.255624963440205,73.5
2025-10-12 15:00:00+02:00,68.34189729238072,70.21
2025-10-12 15:15:00+02:00,68.70834012235053,72.52
2025-10-12 15:30:00+02:00,69.64714133491537,84.93
2025-10-12 15:45:00+02:00,74.95099610259206,92.28
2025-10-12 16:00:00+02:00,80.09045348729981,72.76
2025-10-12 16:15:00+02:00,81.94291247427994,83.74
2025-10-12 16:30:00+02:00,86.56147870774586,92.94
2025-10-12 16:45:00+02:00,91.01091901932486,102.57
2025-10-12 17:00:00+02:00,92.52241963233485,86.89
2025-10-12 17:15:00+02:00,103.52317157486986,102.71
2025-10-12 17:30:00+02:00,112.20804816721089,113.23
2025-10-12 17:45:00+02:00,124.65968856190935,119.37
2025-10-12 18:00:00+02:00,120.97290929128854,96.75
2025-10-12 18:15:00+02:00,125.51539232220321,105.97
2025-10-12 18:30:00+02:00,130.8882364986443,112.01
2025-10-12 18:45:00+02:00,133.0557111798763,120.87
2025-10-12 19:00:00+02:00,143.52153547980345,114.63
2025-10-12 19:15:00+02:00,142.2920306667958,115.39
2025-10-12 19:30:00+02:00,138.68688785910737,120.92
2025-10-12 19:45:00+02:00,138.16698883837728,115.62
2025-10-12 20:00:00+02:00,125.56561119525885,119.39
2025-10-12 20:15:00+02:00,121.30842337289124,118.91
2025-10-12 20:30:00+02:00,117.61002856015091,112.64
2025-10-12 20:45:00+02:00,115.24912242443644,111.17
2025-10-12 21:00:00+02:00,117.61784435963038,117.97
2025-10-12 21:15:00+02:00,116.53659490835331,114.92
2025-10-12 21:30:00+02:00,113.07650675375885,106.63
2025-10-12 21:45:00+02:00,111.5728444330264,102.27
2025-10-12 22:00:00+02:00,113.81114340314207,118.92
2025-10-12 22:15:00+02:00,110.24984767839246,111.38
2025-10-12 22:30:00+02:00,108.3321340038544,103.65
2025-10-12 22:45:00+02:00,104.14949079529651,97.21
2025-10-12 23:00:00+02:00,106.93633435092926,102.84
2025-10-12 23:15:00+02:00,102.48792805640672,93.59
2025-10-12 23:30:00+02:00,101.01934010698913,91.83
2025-10-12 23:45:00+02:00,99.29622927460275,85.52
2025-10-13 00:00:00+02:00,100.92797444568086,104.05
2025-10-13 00:15:00+02:00,97.00334130140226,93.08
2025-10-13 00:30:00+02:00,93.26299227845112,90.19
2025-10-13 00:45:00+02:00,91.1041564928513,86.49
2025-10-13 01:00:00+02:00,94.3649155431454,91.31
2025-10-13 01:15:00+02:00,92.16049580095462,87.58
2025-10-13 01:30:00+02:00,90.09984804590347,91.61
2025-10-13 01:45:00+02:00,89.34544508035526,90.54
2025-10-13 02:00:00+02:00,90.88139695981181,93.67
2025-10-13 02:15:00+02:00,88.45801199934728,91.92
2025-10-13 02:30:00+02:00,88.37831121621352,89.27
2025-10-13 02:45:00+02:00,88.423280590514,88.47
2025-10-13 03:00:00+02:00,88.96871052659722,89.67
2025-10-13 03:15:00+02:00,90.15982680868777,89.0
2025-10-13 03:30:00+02:00,90.32916753855122,87.72
2025-10-13 03:45:00+02:00,90.48853739243391,90.1
2025-10-13 04:00:00+02:00,91.11881177636135,93.0
2025-10-13 04:15:00+02:00,92.4240769537691,88.57
2025-10-13 04:30:00+02:00,93.20740257328423,93.4
2025-10-13 04:45:00+02:00,93.77046931273476,98.84
2025-10-13 05:00:00+02:00,95.96934645407059,89.06
2025-10-13 05:15:00+02:00,98.83398039857933,93.71
2025-10-13 05:30:00+02:00,104.13995554638294,96.79
2025-10-13 05:45:00+02:00,108.2497652946379,112.82
2025-10-13 06:00:00+02:00,115.85423583662505,84.71
2025-10-13 06:15:00+02:00,136.13922329287684,114.21
2025-10-13 06:30:00+02:00,143.48482757787784,142.96
2025-10-13 06:45:00+02:00,151.62352949483488,183.76
2025-10-13 07:00:00+02:00,212.58620933534723,144.36
2025-10-13 07:15:00+02:00,247.29215788535203,213.9
2025-10-13 07:30:00+02:00,267.92448835847244,252.53
2025-10-13 07:45:00+02:00,270.8849631391099,263.76
2025-10-13 08:00:00+02:00,255.98478813940858,256.61
2025-10-13 08:15:00+02:00,231.32178225232468,228.95
2025-10-13 08:30:00+02:00,197.32562749125262,175.68
2025-10-13 08:45:00+02:00,166.05597906629373,136.99
2025-10-13 09:00:00+02:00,191.9018546272484,202.36
2025-10-13 09:15:00+02:00,170.70060826461037,153.44
2025-10-13 09:30:00+02:00,155.86242792399082,135.96
2025-10-13 09:45:00+02:00,142.7480527731188,108.98
2025-10-13 10:00:00+02:00,151.68816323331305,141.47
2025-10-13 10:15:00+02:00,127.02345328626312,132.41
2025-10-13 10:30:00+02:00,114.38989972499967,118.19
2025-10-13 10:45:00+02:00,110.84123048260129,108.32
2025-10-13 11:00:00+02:00,100.82039935808592,127.09
2025-10-13 11:15:00+02:00,94.57047599196702,111.15
2025-10-13 11:30:00+02:00,89.30008471418711,103.47
2025-10-13 11:45:00+02:00,85.75640513529927,98.29
2025-10-13 12:00:00+02:00,89.92184157516336,103.56
2025-10-13 12:15:00+02:00,87.00042866773634,95.83
2025-10-13 12:30:00+02:00,85.87891416752899,92.44
2025-10-13 12:45:00+02:00,84.01881759649703,88.57
2025-10-13 13:00:00+02:00,91.04480536290623,95.05
2025-10-13 13:15:00+02:00,89.21599397563114,92.2
2025-10-13 13:30:00+02:00,89.74366402231593,87.57
2025-10-13 13:45:00+02:00,89.05449965276267,84.61
2025-10-13 14:00:00+02:00,90.34867206153027,82.75
2025-10-13 14:15:00+02:00,97.54971150554411,87.75
2025-10-13 14:30:00+02:00,99.28488925227245,95.87
2025-10-13 14:45:00+02:00,102.23316829590598,102.02
2025-10-13 15:00:00+02:00,102.64085059986814,88.3
2025-10-13 15:15:00+02:00,105.31195022208415,95.13
2025-10-13 15:30:00+02:00,108.969170632429,104.88
2025-10-13 15:45:00+02:00,116.64770733333312,119.06
2025-10-13 16:00:00+02:00,122.36325457970683,92.2
2025-10-13 16:15:00+02:00,127.26809451094539,107.46
2025-10-13 16:30:00+02:00,135.10289072253772,123.29
2025-10-13 16:45:00+02:00,146.7705588946859,148.66
2025-10-13 17:00:00+02:00,140.52810628890242,106.78
2025-10-13 17:15:00+02:00,174.54293201581896,130.89
2025-10-13 17:30:00+02:00,222.60328408398624,198.43
2025-10-13 17:45:00+02:00,281.4987058192045,286.3
2025-10-13 18:00:00+02:00,191.14587186552652,195.22
2025-10-13 18:15:00+02:00,215.70769105000545,260.78
2025-10-13 18:30:00+02:00,256.37579923345527,361.99
2025-10-13 18:45:00+02:00,283.5203864984669,404.97
2025-10-13 19:00:00+02:00,346.6863728121692,396.92
2025-10-13 19:15:00+02:00,349.5945905980151,344.43
2025-10-13 19:30:00+02:00,311.69253035282003,270.65
2025-10-13 19:45:00+02:00,275.4730277443093,214.3
2025-10-13 20:00:00+02:00,165.4606108296694,273.43
2025-10-13 20:15:00+02:00,149.64321547331588,201.95
2025-10-13 20:30:00+02:00,144.02914474099845,143.39
2025-10-13 20:45:00+02:00,140.68419065619213,129.04
2025-10-13 21:00:00+02:00,124.45313075062663,176.2
2025-10-13 21:15:00+02:00,121.7872312107475,139.36
2025-10-13 21:30:00+02:00,119.72953014692939,118.96
2025-10-13 21:45:00+02:00,121.15493109151346,114.18
2025-10-13 22:00:00+02:00,112.77199959778218,134.99
2025-10-13 22:15:00+02:00,110.37604463668131,128.17
2025-10-13 22:30:00+02:00,106.93116825303062,117.3
2025-10-13 22:45:00+02:00,102.4039238467574,107.49
2025-10-13 23:00:00+02:00,105.52618812289181,123.09
2025-10-13 23:15:00+02:00,101.03300578878269,109.69
2025-10-13 23:30:00+02:00,100.45289483023998,107.42
2025-10-13 23:45:00+02:00,97.03528240861995,104.9
2025-10-14 00:00:00+02:00,111.49690185744417,114.93
2025-10-14 00:15:00+02:00,106.31597415590886,116.53
2025-10-14 00:30:00+02:00,102.15605846282354,105.51
2025-10-14 00:45:00+02:00,100.86371233722149,99.76
2025-10-14 01:00:00+02:00,104.9011507843417,107.3
2025-10-14 01:15:00+02:00,101.77897100945215,104.71
2025-10-14 01:30:00+02:00,98.23810175470214,102.65
2025-10-14 01:45:00+02:00,97.04577079022803,97.4
2025-10-14 02:00:00+02:00,100.42673688992728,104.85
2025-10-14 02:15:00+02:00,96.1041160175455,100.36
2025-10-14 02:30:00+02:00,95.75312122867935,98.04
2025-10-14 02:45:00+02:00,95.82827622002817,94.83
2025-10-14 03:00:00+02:00,92.66789278359249,100.87
2025-10-14 03:15:00+02:00,93.29197218937072,99.09
2025-10-14 03:30:00+02:00,93.31546705716411,97.43
2025-10-14 03:45:00+02:00,92.83577558759896,98.08
2025-10-14 04:00:00+02:00,91.1908698233271,97.88
2025-10-14 04:15:00+02:00,91.96902931560255,99.2
2025-10-14 04:30:00+02:00,93.72552024072827,98.71
2025-10-14 04:45:00+02:00,95.31572221142554,104.4
2025-10-14 05:00:00+02:00,96.79536359514161,97.27
2025-10-14 05:15:00+02:00,97.73971716742842,102.82
2025-10-14 05:30:00+02:00,101.39690250376422,101.99
2025-10-14 05:45:00+02:00,106.59106368580377,103.71
2025-10-14 06:00:00+02:00,113.64243204311596,92.59
2025-10-14 06:15:00+02:00,126.41069006849372,121.87
2025-10-14 06:30:00+02:00,129.3035864822296,143.01
2025-10-14 06:45:00+02:00,135.13064742635117,135.7
2025-10-14 07:00:00+02:00,162.84450126647158,130.94
2025-10-14 07:15:00+02:00,176.11691796596966,143.01
2025-10-14 07:30:00+02:00,190.03254854481315,179.03
2025-10-14 07:45:00+02:00,192.5462900056321,187.8
2025-10-14 08:00:00+02:00,216.04551221181083,231.08
2025-10-14 08:15:00+02:00,181.3156761631147,224.0
2025-10-14 08:30:00+02:00,160.99219902712568,167.21
2025-10-14 08:45:00+02:00,148.7531648396606,140.99
2025-10-14 09:00:00+02:00,159.60693500227362,215.71
2025-10-14 09:15:00+02:00,133.80074405098298,153.83
2025-10-14 09:30:00+02:00,126.45742101554058,134.11
2025-10-14 09:45:00+02:00,121.08098051344426,122.13
2025-10-14 10:00:00+02:00,139.58291873261663,180.81
2025-10-14 10:15:00+02:00,117.88969458542746,132.93
2025-10-14 10:30:00+02:00,102.07130773262871,116.51
2025-10-14 10:45:00+02:00,101.17520247425807,108.65
2025-10-14 11:00:00+02:00,107.17042801051409,135.03
2025-10-14 11:15:00+02:00,98.81045935225167,120.93
2025-10-14 11:30:00+02:00,92.0233636188132,116.02
2025-10-14 11:45:00+02:00,89.19317452578088,107.4
2025-10-14 12:00:00+02:00,106.70870567982448,112.9
2025-10-14 12:15:00+02:00,104.10806276141018,111.69
2025-10-14 12:30:00+02:00,102.29488222887443,107.38
2025-10-14 12:45:00+02:00,101.52462589915095,98.62
2025-10-14 13:00:00+02:00,113.81128417326505,104.84
2025-10-14 13:15:00+02:00,113.41699108933014,102.49
2025-10-14 13:30:00+02:00,112.65890757027299,103.49
2025-10-14 13:45:00+02:00,112.33474756841863,101.17
2025-10-14 14:00:00+02:00,106.628319953498,86.18
2025-10-14 14:15:00+02:00,110.43801639588582,100.81
2025-10-14 14:30:00+02:00,115.87441465421036,108.64
2025-10-14 14:45:00+02:00,124.07558693380545,125.43
2025-10-14 15:00:00+02:00,102.65402810376968,101.87
2025-10-14 15:15:00+02:00,104.45843045578646,112.9
2025-10-14 15:30:00+02:00,107.10056390357744,118.14
2025-10-14 15:45:00+02:00,122.56079978371127,156.19
2025-10-14 16:00:00+02:00,116.25286232530247,91.04
2025-10-14 16:15:00+02:00,122.61335965828744,116.09
2025-10-14 16:30:00+02:00,127.88911353783806,154.95
2025-10-14 16:45:00+02:00,140.46859466045225,224.32
2025-10-14 17:00:00+02:00,117.65285786302073,113.94
2025-10-14 17:15:00+02:00,158.9643371536677,145.1
2025-10-14 17:30:00+02:00,200.3935619294606,238.96
2025-10-14 17:45:00+02:00,282.2452759218354,378.78
2025-10-14 18:00:00+02:00,207.45976801571322,274.81
2025-10-14 18:15:00+02:00,231.83541715113986,361.84
2025-10-14 18:30:00+02:00,277.2479990756668,474.8
2025-10-14 18:45:00+02:00,321.1429182430621,508.38
2025-10-14 19:00:00+02:00,313.5447708026841,493.94
2025-10-14 19:15:00+02:00,290.08618995183934,448.63
2025-10-14 19:30:00+02:00,264.96169257423986,379.98
2025-10-14 19:45:00+02:00,243.21676613521925,306.27
2025-10-14 20:00:00+02:00,196.76436463070254,332.2
2025-10-14 20:15:00+02:00,177.1312968714792,242.83
2025-10-14 20:30:00+02:00,162.69651224202488,181.7
2025-10-14 20:45:00+02:00,156.42204790694072,145.19
2025-10-14 21:00:00+02:00,148.87590505062866,214.2
2025-10-14 21:15:00+02:00,140.10802387127757,165.07
2025-10-14 21:30:00+02:00,127.37005162521352,146.91
2025-10-14 21:45:00+02:00,127.12627495946998,125.98
2025-10-14 22:00:00+02:00,133.3253619948436,146.9
2025-10-14 22:15:00+02:00,126.90824023088108,132.57
2025-10-14 22:30:00+02:00,119.93585533765379,123.09
2025-10-14 22:45:00+02:00,113.0931844394225,116.87
2025-10-14 23:00:00+02:00,118.99634419418682,123.95
2025-10-14 23:15:00+02:00,110.30753156563092,118.01
2025-10-14 23:30:00+02:00,107.62142526726414,110.63
2025-10-14 23:45:00+02:00,102.72682743247904,108.85
2025-10-15 00:00:00+02:00,117.30597888480474,120.26
2025-10-15 00:15:00+02:00,111.26310606246534,116.09
2025-10-15 00:30:00+02:00,106.43398465323749,113.53
2025-10-15 00:45:00+02:00,103.11016927321997,111.97
2025-10-15 01:00:00+02:00,108.8464825749507,117.16
2025-10-15 01:15:00+02:00,106.05645546884129,112.45
2025-10-15 01:30:00+02:00,102.70336803387964,110.16
2025-10-15 01:45:00+02:00,100.74078465822167,107.69
2025-10-15 02:00:00+02:00,103.5429917682971,110.15
2025-10-15 02:15:00+02:00,100.10297885081278,108.38
2025-10-15 02:30:00+02:00,99.6140440015996,106.29
2025-10-15 02:45:00+02:00,99.6254919034597,105.9
2025-10-15 03:00:00+02:00,97.34614719064545,105.98
2025-10-15 03:15:00+02:00,98.31211812404176,104.94
2025-10-15 03:30:00+02:00,98.44680312872953,101.43
2025-10-15 03:45:00+02:00,98.4541605190418,102.12
2025-10-15 04:00:00+02:00,98.1599254229189,102.06
2025-10-15 04:15:00+02:00,98.59825421862003,104.76
2025-10-15 04:30:00+02:00,100.50076424792807,107.21
2025-10-15 04:45:00+02:00,104.29465071203981,111.89
2025-10-15 05:00:00+02:00,96.402833950345,108.85
2025-10-15 05:15:00+02:00,100.8395833861565,112.74
2025-10-15 05:30:00+02:00,106.17287628531115,116.6
2025-10-15 05:45:00+02:00,116.68580083421946,119.4
2025-10-15 06:00:00+02:00,113.91502464004247,117.12
2025-10-15 06:15:00+02:00,131.71132095968264,131.33
2025-10-15 06:30:00+02:00,149.37256650371762,164.35
2025-10-15 06:45:00+02:00,169.53056973788432,195.04
2025-10-15 07:00:00+02:00,187.30703047526708,211.75
2025-10-15 07:15:00+02:00,237.02528803480214,270.1
2025-10-15 07:30:00+02:00,264.73733551796636,319.58
2025-10-15 07:45:00+02:00,258.9305909964688,313.53
2025-10-15 08:00:00+02:00,282.53866897669445,354.61
2025-10-15 08:15:00+02:00,234.52078775870694,304.77
2025-10-15 08:30:00+02:00,188.42076754373255,247.13
2025-10-15 08:45:00+02:00,156.71805786558767,198.28
2025-10-15 09:00:00+02:00,193.52491089230585,252.11
2025-10-15 09:15:00+02:00,167.1474859948505,197.67
2025-10-15 09:30:00+02:00,148.46944913956722,143.43
2025-10-15 09:45:00+02:00,128.41065887972027,131.0
2025-10-15 10:00:00+02:00,166.71253545695447,184.44
2025-10-15 10:15:00+02:00,136.862363909107,141.01
2025-10-15 10:30:00+02:00,120.80491446831141,131.88
2025-10-15 10:45:00+02:00,107.58931886866887,112.1
2025-10-15 11:00:00+02:00,131.42412216691025,145.77
2025-10-15 11:15:00+02:00,116.56626640110753,130.42
2025-10-15 11:30:00+02:00,106.69568749465543,117.22
2025-10-15 11:45:00+02:00,102.4369809048176,111.01
2025-10-15 12:00:00+02:00,120.43942619269981,127.91
2025-10-15 12:15:00+02:00,109.02540057681222,124.04
2025-10-15 12:30:00+02:00,104.82131920372476,115.92
2025-10-15 12:45:00+02:00,100.77516250210833,109.83
2025-10-15 13:00:00+02:00,123.72338585385941,118.01
2025-10-15 13:15:00+02:00,124.60888380436623,115.82
2025-10-15 13:30:00+02:00,123.69438564520394,111.0
2025-10-15 13:45:00+02:00,117.04674798261773,106.68
2025-10-15 14:00:00+02:00,106.80002808337737,107.51
2025-10-15 14:15:00+02:00,114.635529085316,109.68
2025-10-15 14:30:00+02:00,111.14351751773717,116.98
2025-10-15 14:45:00+02:00,116.86097577989486,127.4
2025-10-15 15:00:00+02:00,97.48005626910492,103.7
2025-10-15 15:15:00+02:00,103.41986476776437,107.64
2025-10-15 15:30:00+02:00,108.60167444115392,124.93
2025-10-15 15:45:00+02:00,122.19748107419535,154.3
2025-10-15 16:00:00+02:00,102.98039333278763,101.51
2025-10-15 16:15:00+02:00,112.23449969876647,118.71
2025-10-15 16:30:00+02:00,122.67422289681883,147.98
2025-10-15 16:45:00+02:00,136.10298091060147,174.57
2025-10-15 17:00:00+02:00,122.0386998169372,105.02
2025-10-15 17:15:00+02:00,133.04231171497077,130.3
2025-10-15 17:30:00+02:00,157.53652069553448,183.17
2025-10-15 17:45:00+02:00,207.39946056771285,261.51
2025-10-15 18:00:00+02:00,176.86182546446733,156.76
2025-10-15 18:15:00+02:00,198.97000133209505,189.62
2025-10-15 18:30:00+02:00,234.8916352358799,246.84
2025-10-15 18:45:00+02:00,262.84583672662035,294.29
2025-10-15 19:00:00+02:00,212.96727117681615,293.57
2025-10-15 19:15:00+02:00,203.88601566531815,242.91
2025-10-15 19:30:00+02:00,185.96845829560056,182.93
2025-10-15 19:45:00+02:00,171.59952258052786,160.59
2025-10-15 20:00:00+02:00,164.0762860514833,213.51
2025-10-15 20:15:00+02:00,150.17272461110966,158.01
2025-10-15 20:30:00+02:00,137.4095909823994,124.95
2025-10-15 20:45:00+02:00,120.64463232262817,114.91
2025-10-15 21:00:00+02:00,132.13870714509514,153.28
2025-10-15 21:15:00+02:00,124.160783854879,131.41
2025-10-15 21:30:00+02:00,113.59279825563665,118.17
2025-10-15 21:45:00+02:00,107.6322096913742,94.51
2025-10-15 22:00:00+02:00,120.64167304541256,114.72
2025-10-15 22:15:00+02:00,114.36835035306801,101.31
2025-10-15 22:30:00+02:00,108.3171310376392,95.35
2025-10-15 22:45:00+02:00,102.56634091578584,81.46
2025-10-15 23:00:00+02:00,106.8365388343597,95.39
2025-10-15 23:15:00+02:00,100.56333440836333,87.17
2025-10-15 23:30:00+02:00,99.27670973094845,87.1
2025-10-15 23:45:00+02:00,94.22406403631835,83.02
2025-10-16 00:00:00+02:00,93.3586174239889,90.22
2025-10-16 00:15:00+02:00,89.86950949024501,91.63
2025-10-16 00:30:00+02:00,84.89870173688267,88.93
2025-10-16 00:45:00+02:00,83.77972221567838,81.88
2025-10-16 01:00:00+02:00,87.14163074921788,90.67
2025-10-16 01:15:00+02:00,84.74998890086144,87.14
2025-10-16 01:30:00+02:00,82.56149844881922,85.09
2025-10-16 01:45:00+02:00,82.09718919536392,80.33
2025-10-16 02:00:00+02:00,83.90486211680437,90.41
2025-10-16 02:15:00+02:00,82.13539234075888,88.7
2025-10-16 02:30:00+02:00,81.68004179624424,87.91
2025-10-16 02:45:00+02:00,81.44622779176025,84.98
2025-10-16 03:00:00+02:00,82.17705079908025,90.01
2025-10-16 03:15:00+02:00,81.80932097596934,88.69
2025-10-16 03:30:00+02:00,81.65473140499046,88.69
2025-10-16 03:45:00+02:00,80.79698727369497,79.23
2025-10-16 04:00:00+02:00,82.45614606560103,86.13
2025-10-16 04:15:00+02:00,82.78788245494047,88.05
2025-10-16 04:30:00+02:00,83.49326617534982,88.49
2025-10-16 04:45:00+02:00,84.8292817060529,90.67
2025-10-16 05:00:00+02:00,85.8675908938741,80.24
2025-10-16 05:15:00+02:00,87.84730559890522,81.25
2025-10-16 05:30:00+02:00,91.72669172233878,85.1
2025-10-16 05:45:00+02:00,95.15280598585677,93.59
2025-10-16 06:00:00+02:00,95.3168405374206,79.19
2025-10-16 06:15:00+02:00,110.4042003002288,89.99
2025-10-16 06:30:00+02:00,112.45245797002883,98.27
2025-10-16 06:45:00+02:00,115.78073476951332,117.32
2025-10-16 07:00:00+02:00,122.75488247536506,101.88
2025-10-16 07:15:00+02:00,124.73325989599692,116.05
2025-10-16 07:30:00+02:00,127.13767716937994,121.06
2025-10-16 07:45:00+02:00,127.68732009978939,125.5
2025-10-16 08:00:00+02:00,147.50594747091884,148.39
2025-10-16 08:15:00+02:00,135.64123844725978,146.12
2025-10-16 08:30:00+02:00,126.32768543353221,132.74
2025-10-16 08:45:00+02:00,120.72015538484922,103.82
2025-10-16 09:00:00+02:00,133.05475154900347,147.5
2025-10-16 09:15:00+02:00,121.10843788215178,132.71
2025-10-16 09:30:00+02:00,112.58681996874621,106.38
2025-10-16 09:45:00+02:00,102.76004285863975,93.13
2025-10-16 10:00:00+02:00,131.5322055818151,118.0
2025-10-16 10:15:00+02:00,110.64025333451912,93.73
2025-10-16 10:30:00+02:00,96.86844343642231,81.21
2025-10-16 10:45:00+02:00,88.87994260150575,76.01
2025-10-16 11:00:00+02:00,113.65522590670824,102.38
2025-10-16 11:15:00+02:00,97.63435570037,86.71
2025-10-16 11:30:00+02:00,92.45198096171724,85.48
2025-10-16 11:45:00+02:00,88.09292412897008,78.66
2025-10-16 12:00:00+02:00,97.80398577687966,89.01
2025-10-16 12:15:00+02:00,90.04532398635139,82.76
2025-10-16 12:30:00+02:00,87.09290753631021,83.44
2025-10-16 12:45:00+02:00,82.55777044413834,78.4
2025-10-16 13:00:00+02:00,86.14543770606043,84.28
2025-10-16 13:15:00+02:00,85.51169871716425,82.54
2025-10-16 13:30:00+02:00,83.06901966195406,80.68
2025-10-16 13:45:00+02:00,79.23624931314396,78.4
2025-10-16 14:00:00+02:00,83.68183058545793,76.96
2025-10-16 14:15:00+02:00,92.67635850445643,79.25
2025-10-16 14:30:00+02:00,87.50270101073505,81.56
2025-10-16 14:45:00+02:00,92.92075883413881,94.15
2025-10-16 15:00:00+02:00,81.91669729137537,72.1
2025-10-16 15:15:00+02:00,89.23862832570258,82.42
2025-10-16 15:30:00+02:00,94.47943741161403,85.09
2025-10-16 15:45:00+02:00,106.28301851536855,92.5
2025-10-16 16:00:00+02:00,85.52676390558116,68.12
2025-10-16 16:15:00+02:00,93.86959236560084,79.48
2025-10-16 16:30:00+02:00,103.28292656303483,92.41
2025-10-16 16:45:00+02:00,121.40836012479296,116.1
2025-10-16 17:00:00+02:00,102.87953757556545,78.4
2025-10-16 17:15:00+02:00,110.77920089582952,116.06
2025-10-16 17:30:00+02:00,129.83380747329426,132.51
2025-10-16 17:45:00+02:00,156.73954193977846,156.69
2025-10-16 18:00:00+02:00,124.66797080223037,109.6
2025-10-16 18:15:00+02:00,133.78858730299234,128.7
2025-10-16 18:30:00+02:00,142.38680289891659,135.91
2025-10-16 18:45:00+02:00,148.395081902062,145.79
2025-10-16 19:00:00+02:00,147.65182996389325,137.23
2025-10-16 19:15:00+02:00,144.3278597684482,144.29
2025-10-16 19:30:00+02:00,139.3108775018677,144.65
2025-10-16 19:45:00+02:00,128.7023622885887,136.19
2025-10-16 20:00:00+02:00,131.0524072497099,145.04
2025-10-16 20:15:00+02:00,118.627514044199,123.38
2025-10-16 20:30:00+02:00,110.68578851899302,128.0
2025-10-16 20:45:00+02:00,102.61302227795973,105.96
2025-10-16 21:00:00+02:00,116.96523667959568,124.53
2025-10-16 21:15:00+02:00,111.64954368641297,106.18
2025-10-16 21:30:00+02:00,103.9671283028479,90.47
2025-10-16 21:45:00+02:00,94.51672752932426,87.75
2025-10-16 22:00:00+02:00,108.60951335644573,96.5
2025-10-16 22:15:00+02:00,105.3382301262403,100.23
2025-10-16 22:30:00+02:00,99.0994850039027,105.99
2025-10-16 22:45:00+02:00,92.86772684443154,96.7
2025-10-16 23:00:00+02:00,96.617668078809,100.87
2025-10-16 23:15:00+02:00,90.24683325634999,95.47
2025-10-16 23:30:00+02:00,88.58105076172798,93.2
2025-10-16 23:45:00+02:00,84.14803447911385,83.91
2025-10-17 00:00:00+02:00,99.5216148580149,91.4
2025-10-17 00:15:00+02:00,95.82984151848122,88.11
2025-10-17 00:30:00+02:00,90.95617390627031,87.24
2025-10-17 00:45:00+02:00,87.45559403896299,85.84
2025-10-17 01:00:00+02:00,92.86643396335582,87.07
2025-10-17 01:15:00+02:00,90.64470635255928,87.52
2025-10-17 01:30:00+02:00,88.84354872214698,88.38
2025-10-17 01:45:00+02:00,87.13722541231786,90.28
2025-10-17 02:00:00+02:00,91.47316785108345,91.4
2025-10-17 02:15:00+02:00,89.63639272808702,88.2
2025-10-17 02:30:00+02:00,89.00884462999343,88.4
2025-10-17 02:45:00+02:00,88.80332058775561,88.23
2025-10-17 03:00:00+02:00,88.88868543984931,89.71
2025-10-17 03:15:00+02:00,88.5632488580039,87.83
2025-10-17 03:30:00+02:00,88.02688229872992,88.76
2025-10-17 03:45:00+02:00,87.84719512800527,87.53
2025-10-17 04:00:00+02:00,87.53589862029942,87.27
2025-10-17 04:15:00+02:00,88.14343454805217,87.46
2025-10-17 04:30:00+02:00,89.58838484943801,91.4
2025-10-17 04:45:00+02:00,91.17734303318474,96.22
2025-10-17 05:00:00+02:00,89.01431331406104,89.99
2025-10-17 05:15:00+02:00,91.12421673055297,90.13
2025-10-17 05:30:00+02:00,94.9626464384913,98.27
2025-10-17 05:45:00+02:00,98.56592127554846,99.65
2025-10-17 06:00:00+02:00,97.0167176398897,85.77
2025-10-17 06:15:00+02:00,110.48382622037064,95.93
2025-10-17 06:30:00+02:00,113.60282044480631,119.3
2025-10-17 06:45:00+02:00,117.84645840887175,130.64
2025-10-17 07:00:00+02:00,123.78638528994091,119.57
2025-10-17 07:15:00+02:00,126.47178690279925,117.78
2025-10-17 07:30:00+02:00,130.81737851391634,133.01
2025-10-17 07:45:00+02:00,131.8303969833583,147.58
2025-10-17 08:00:00+02:00,154.8212527785932,158.82
2025-10-17 08:15:00+02:00,141.72984338817713,159.99
2025-10-17 08:30:00+02:00,132.1717164623484,140.81
2025-10-17 08:45:00+02:00,125.94232949034944,119.72
2025-10-17 09:00:00+02:00,146.33985280457654,161.02
2025-10-17 09:15:00+02:00,129.41631279014862,133.0
2025-10-17 09:30:00+02:00,117.99944852215805,120.0
2025-10-17 09:45:00+02:00,106.69437894826163,102.06
2025-10-17 10:00:00+02:00,139.52916059486142,129.09
2025-10-17 10:15:00+02:00,116.31520142850275,123.62
2025-10-17 10:30:00+02:00,101.93344626558132,112.61
2025-10-17 10:45:00+02:00,90.23967259988972,103.4
2025-10-17 11:00:00+02:00,104.31040536300024,115.0
2025-10-17 11:15:00+02:00,95.21552130974044,103.56
2025-10-17 11:30:00+02:00,92.10734856493848,91.85
2025-10-17 11:45:00+02:00,89.81488845527588,85.74
2025-10-17 12:00:00+02:00,96.72698960768116,93.83
2025-10-17 12:15:00+02:00,93.7392045649614,87.92
2025-10-17 12:30:00+02:00,89.4184441489492,86.74
2025-10-17 12:45:00+02:00,86.23557074073528,84.07
2025-10-17 13:00:00+02:00,90.11781395355786,88.4
2025-10-17 13:15:00+02:00,88.41157435578701,87.41
2025-10-17 13:30:00+02:00,87.74115137799807,87.4
2025-10-17 13:45:00+02:00,87.06005477243392,83.66
2025-10-17 14:00:00+02:00,80.80035451607662,82.73
2025-10-17 14:15:00+02:00,85.04207476330802,87.09
2025-10-17 14:30:00+02:00,87.83865884055112,89.68
2025-10-17 14:45:00+02:00,91.79270043808114,91.72
2025-10-17 15:00:00+02:00,83.26803492717377,83.9
2025-10-17 15:15:00+02:00,89.18701465452014,87.4
2025-10-17 15:30:00+02:00,93.47171849475227,91.1
2025-10-17 15:45:00+02:00,109.69808354492156,92.17
2025-10-17 16:00:00+02:00,85.61110929376022,84.05
2025-10-17 16:15:00+02:00,95.01603853851176,87.32
2025-10-17 16:30:00+02:00,103.23082750075669,93.76
2025-10-17 16:45:00+02:00,126.21431895075231,114.87
2025-10-17 17:00:00+02:00,102.33234566542245,88.25
2025-10-17 17:15:00+02:00,112.99351753014848,108.23
2025-10-17 17:30:00+02:00,136.15440105496697,122.14
2025-10-17 17:45:00+02:00,162.4438961872661,150.05
2025-10-17 18:00:00+02:00,123.84491262439695,126.4
2025-10-17 18:15:00+02:00,130.83037685812414,129.32
2025-10-17 18:30:00+02:00,139.62111409314087,125.33
2025-10-17 18:45:00+02:00,147.87283792785036,136.19
2025-10-17 19:00:00+02:00,141.84020871145574,127.86
2025-10-17 19:15:00+02:00,138.3124343110897,129.54
2025-10-17 19:30:00+02:00,131.9531683365874,136.45
2025-10-17 19:45:00+02:00,125.87193301983156,128.91
2025-10-17 20:00:00+02:00,134.97299291849725,131.43
2025-10-17 20:15:00+02:00,127.02932329992599,111.15
2025-10-17 20:30:00+02:00,116.28132032265289,119.44
2025-10-17 20:45:00+02:00,108.43547085228087,105.93
2025-10-17 21:00:00+02:00,124.37547791777153,114.7
2025-10-17 21:15:00+02:00,118.31062687380151,101.44
2025-10-17 21:30:00+02:00,112.73149750820747,101.45
2025-10-17 21:45:00+02:00,100.0913022013305,98.63
2025-10-17 22:00:00+02:00,111.3707252888055,108.12
2025-10-17 22:15:00+02:00,107.44581309540933,102.81
2025-10-17 22:30:00+02:00,104.08345536863517,101.98
2025-10-17 22:45:00+02:00,99.53176033013817,95.82
2025-10-17 23:00:00+02:00,101.61937225506306,105.45
2025-10-17 23:15:00+02:00,98.33811906457414,95.3
2025-10-17 23:30:00+02:00,97.04129564619105,87.85
2025-10-17 23:45:00+02:00,93.53001536001189,81.39
2025-10-18 00:00:00+02:00,103.50610497744947,93.61
2025-10-18 00:15:00+02:00,98.41965001348838,103.62
2025-10-18 00:30:00+02:00,91.41454022246207,93.4
2025-10-18 00:45:00+02:00,88.35299251450716,87.83
2025-10-18 01:00:00+02:00,96.94134928719896,96.35
2025-10-18 01:15:00+02:00,93.52320865809288,89.71
2025-10-18 01:30:00+02:00,89.52024683964775,86.82
2025-10-18 01:45:00+02:00,87.28070166840126,86.56
2025-10-18 02:00:00+02:00,94.44584827175332,97.2
2025-10-18 02:15:00+02:00,90.34815535020498,89.8
2025-10-18 02:30:00+02:00,88.83961492073334,86.87
2025-10-18 02:45:00+02:00,88.51993677240289,85.38
2025-10-18 03:00:00+02:00,90.14519606790456,86.51
2025-10-18 03:15:00+02:00,90.00477057132018,86.83
2025-10-18 03:30:00+02:00,89.63460829608948,89.62
2025-10-18 03:45:00+02:00,88.14845383395162,90.38
2025-10-18 04:00:00+02:00,88.59397907702731,85.41
2025-10-18 04:15:00+02:00,89.48667654393391,86.07
2025-10-18 04:30:00+02:00,91.45880391999364,89.29
2025-10-18 04:45:00+02:00,93.54460362535778,92.63
2025-10-18 05:00:00+02:00,89.57161276333521,82.36
2025-10-18 05:15:00+02:00,91.17435335217961,85.06
2025-10-18 05:30:00+02:00,94.61812816412484,93.41
2025-10-18 05:45:00+02:00,98.32994898777521,92.43
2025-10-18 06:00:00+02:00,86.88370324334176,80.22
2025-10-18 06:15:00+02:00,99.027413367318,85.4
2025-10-18 06:30:00+02:00,100.23823069289486,95.7
2025-10-18 06:45:00+02:00,105.50883659857382,106.5
2025-10-18 07:00:00+02:00,102.74342276218972,93.19
2025-10-18 07:15:00+02:00,107.00779209740062,108.74
2025-10-18 07:30:00+02:00,109.52579307456433,115.87
2025-10-18 07:45:00+02:00,111.97522412693958,120.09
2025-10-18 08:00:00+02:00,122.06263142352134,121.19
2025-10-18 08:15:00+02:00,117.32760298124644,117.52
2025-10-18 08:30:00+02:00,107.42146483440287,116.5
2025-10-18 08:45:00+02:00,101.68760782855416,102.97
2025-10-18 09:00:00+02:00,104.66880033555871,124.99
2025-10-18 09:15:00+02:00,95.87619723067229,115.67
2025-10-18 09:30:00+02:00,90.72726032524457,92.87
2025-10-18 09:45:00+02:00,86.65469164725103,75.44
2025-10-18 10:00:00+02:00,107.40967116119666,114.91
2025-10-18 10:15:00+02:00,92.27864403560244,91.69
2025-10-18 10:30:00+02:00,84.6889156409882,82.88
2025-10-18 10:45:00+02:00,79.35285599038599,76.39
2025-10-18 11:00:00+02:00,99.12745972091115,87.99
2025-10-18 11:15:00+02:00,91.5072403435941,82.61
2025-10-18 11:30:00+02:00,91.71602545940388,79.79
2025-10-18 11:45:00+02:00,81.17225166498616,72.76
2025-10-18 12:00:00+02:00,82.17417472535735,78.44
2025-10-18 12:15:00+02:00,79.70348762534556,75.85
2025-10-18 12:30:00+02:00,77.31414086031353,73.78
2025-10-18 12:45:00+02:00,74.74982554456628,67.69
2025-10-18 13:00:00+02:00,74.28076551854923,68.67
2025-10-18 13:15:00+02:00,71.34753758047886,65.6
2025-10-18 13:30:00+02:00,70.81800708144881,67.53
2025-10-18 13:45:00+02:00,69.88436139022359,68.33
2025-10-18 14:00:00+02:00,66.45074864499824,64.41
2025-10-18 14:15:00+02:00,70.56587405830788,70.4
2025-10-18 14:30:00+02:00,73.28588493438565,75.14
2025-10-18 14:45:00+02:00,78.04091540276829,79.24
2025-10-18 15:00:00+02:00,79.50970274745859,71.22
2025-10-18 15:15:00+02:00,83.82821038410196,78.41
2025-10-18 15:30:00+02:00,86.11083492522026,86.27
2025-10-18 15:45:00+02:00,109.91313267781976,98.1
2025-10-18 16:00:00+02:00,85.4951286528028,66.9
2025-10-18 16:15:00+02:00,92.82547175706168,84.65
2025-10-18 16:30:00+02:00,99.43438597137033,106.15
2025-10-18 16:45:00+02:00,121.62618969284321,128.5
2025-10-18 17:00:00+02:00,105.49348358199065,87.28
2025-10-18 17:15:00+02:00,117.04403697404592,110.94
2025-10-18 17:30:00+02:00,142.2035906919543,122.23
2025-10-18 17:45:00+02:00,177.43026017858188,162.11
2025-10-18 18:00:00+02:00,117.7375397461997,126.18
2025-10-18 18:15:00+02:00,129.22757051317018,132.02
2025-10-18 18:30:00+02:00,139.90931622631356,138.52
2025-10-18 18:45:00+02:00,149.53529347309464,136.22
2025-10-18 19:00:00+02:00,137.37420412168467,138.39
2025-10-18 19:15:00+02:00,136.52567873047752,127.22
2025-10-18 19:30:00+02:00,134.70735821843388,118.06
2025-10-18 19:45:00+02:00,128.85746940850598,115.62
2025-10-18 20:00:00+02:00,128.4177982992778,133.0
2025-10-18 20:15:00+02:00,124.85367642688885,115.38
2025-10-18 20:30:00+02:00,115.56455375628828,105.98
2025-10-18 20:45:00+02:00,101.23099514419225,97.62
2025-10-18 21:00:00+02:00,114.44830246011786,99.16
2025-10-18 21:15:00+02:00,109.1196550100885,97.02
2025-10-18 21:30:00+02:00,103.21780233536897,89.14
2025-10-18 21:45:00+02:00,87.81143113526782,84.89
2025-10-18 22:00:00+02:00,107.55554972623857,104.16
2025-10-18 22:15:00+02:00,101.23943501223023,95.86
2025-10-18 22:30:00+02:00,95.81465448406426,96.88
2025-10-18 22:45:00+02:00,87.94563007657558,85.41
2025-10-18 23:00:00+02:00,92.80060622801511,105.87
2025-10-18 23:15:00+02:00,90.8121906453991,96.35
2025-10-18 23:30:00+02:00,89.375113032249,89.31
2025-10-18 23:45:00+02:00,85.51709252698998,85.89
2025-10-19 00:00:00+02:00,95.90780135952754,103.22
2025-10-19 00:15:00+02:00,93.6026495672137,92.0
2025-10-19 00:30:00+02:00,89.28699902922737,87.58
2025-10-19 00:45:00+02:00,85.96907530825665,86.57
2025-10-19 01:00:00+02:00,91.35899224664625,95.65
2025-10-19 01:15:00+02:00,89.03243292347288,89.43
2025-10-19 01:30:00+02:00,86.09729877688865,84.92
2025-10-19 01:45:00+02:00,84.40378821534576,80.34
2025-10-19 02:00:00+02:00,89.13174342516957,86.43
2025-10-19 02:15:00+02:00,85.26546306198861,81.5
2025-10-19 02:30:00+02:00,84.5152361073804,81.72
2025-10-19 02:45:00+02:00,84.11711649270262,79.52
2025-10-19 03:00:00+02:00,84.03294402913039,83.07
2025-10-19 03:15:00+02:00,84.91551169877168,80.58
2025-10-19 03:30:00+02:00,84.86145895525848,81.52
2025-10-19 03:45:00+02:00,83.4594938050327,83.39
2025-10-19 04:00:00+02:00,81.725671233089,83.59
2025-10-19 04:15:00+02:00,82.54705483759916,82.35
2025-10-19 04:30:00+02:00,84.64634822033547,84.09
2025-10-19 04:45:00+02:00,86.33070454595918,82.82
2025-10-19 05:00:00+02:00,79.19916378831452,82.37
2025-10-19 05:15:00+02:00,80.74248215943254,81.29
2025-10-19 05:30:00+02:00,84.2041607595406,85.62
2025-10-19 05:45:00+02:00,91.51306947214405,84.71
2025-10-19 06:00:00+02:00,72.99230160370121,82.5
2025-10-19 06:15:00+02:00,84.53814991280332,82.34
2025-10-19 06:30:00+02:00,88.6585277107212,85.14
2025-10-19 06:45:00+02:00,91.6470040819422,91.02
2025-10-19 07:00:00+02:00,84.47712444200478,85.55
2025-10-19 07:15:00+02:00,87.22525819469878,87.77
2025-10-19 07:30:00+02:00,88.46301810354544,83.49
2025-10-19 07:45:00+02:00,90.46649966486085,84.21
2025-10-19 08:00:00+02:00,103.69208543279781,98.73
2025-10-19 08:15:00+02:00,96.67680284857416,95.56
2025-10-19 08:30:00+02:00,86.4248928287408,81.87
2025-10-19 08:45:00+02:00,78.81071897168587,72.47
2025-10-19 09:00:00+02:00,97.33958017782373,96.86
2025-10-19 09:15:00+02:00,84.05892233979199,82.82
2025-10-19 09:30:00+02:00,77.18697975176207,74.43
2025-10-19 09:45:00+02:00,70.81774829814572,59.62
2025-10-19 10:00:00+02:00,94.40467792075886,81.51
2025-10-19 10:15:00+02:00,82.76451565837658,69.96
2025-10-19 10:30:00+02:00,74.34150597735541,67.72
2025-10-19 10:45:00+02:00,66.13547321791259,59.36
2025-10-19 11:00:00+02:00,77.27509798814141,74.05
2025-10-19 11:15:00+02:00,69.5026445736497,66.2
2025-10-19 11:30:00+02:00,65.23221653821582,60.03
2025-10-19 11:45:00+02:00,60.70444623919129,40.92
2025-10-19 12:00:00+02:00,54.40744556775642,54.36
2025-10-19 12:15:00+02:00,49.42323157836942,40.05
2025-10-19 12:30:00+02:00,46.1486592719253,28.0
2025-10-19 12:45:00+02:00,43.33524070409084,15.86
2025-10-19 13:00:00+02:00,28.30851876544892,24.08
2025-10-19 13:15:00+02:00,25.899883575763823,21.25
2025-10-19 13:30:00+02:00,25.447585825329227,19.78
2025-10-19 13:45:00+02:00,26.09043119765759,16.07
2025-10-19 14:00:00+02:00,26.133208058007273,11.68
2025-10-19 14:15:00+02:00,32.52889848562206,22.67
2025-10-19 14:30:00+02:00,36.13680407495518,44.71
2025-10-19 14:45:00+02:00,41.82350712127387,65.81
2025-10-19 15:00:00+02:00,48.590023967362114,40.06
2025-10-19 15:15:00+02:00,50.81291746959788,68.89
2025-10-19 15:30:00+02:00,54.78294513267522,73.1
2025-10-19 15:45:00+02:00,60.174719643895436,85.04
2025-10-19 16:00:00+02:00,62.86121241203813,59.06
2025-10-19 16:15:00+02:00,67.87867062953121,79.39
2025-10-19 16:30:00+02:00,74.38848702642284,100.59
2025-10-19 16:45:00+02:00,86.78174593344666,120.68
2025-10-19 17:00:00+02:00,76.8517142371798,86.07
2025-10-19 17:15:00+02:00,84.09536314000506,100.01
2025-10-19 17:30:00+02:00,98.96410800208972,113.61
2025-10-19 17:45:00+02:00,109.96178004225222,124.6
2025-10-19 18:00:00+02:00,94.19165030718959,121.05
2025-10-19 18:15:00+02:00,99.42022443373291,118.14
2025-10-19 18:30:00+02:00,104.58347351092252,99.57
2025-10-19 18:45:00+02:00,109.07492903601086,91.99
2025-10-19 19:00:00+02:00,97.43904993298848,102.07
2025-10-19 19:15:00+02:00,95.5333312156881,87.49
2025-10-19 19:30:00+02:00,88.16333357866162,83.0
2025-10-19 19:45:00+02:00,77.59701613555313,69.92
2025-10-19 20:00:00+02:00,75.82896351981884,87.08
2025-10-19 20:15:00+02:00,44.9080349029871,72.06
2025-10-19 20:30:00+02:00,29.261651026092977,73.99
2025-10-19 20:45:00+02:00,-51.90588441461237,68.88
2025-10-19 21:00:00+02:00,68.20110146664885,86.81
2025-10-19 21:15:00+02:00,50.102647533049904,71.66
2025-10-19 21:30:00+02:00,18.279438475346808,69.48
2025-10-19 21:45:00+02:00,-19.98898345101732,64.65
2025-10-19 22:00:00+02:00,81.36219546018494,95.0
2025-10-19 22:15:00+02:00,73.52763676792782,77.96
2025-10-19 22:30:00+02:00,72.83082423596991,68.75
2025-10-19 22:45:00+02:00,59.84598070991258,57.26
2025-10-19 23:00:00+02:00,68.78379655023838,71.43
2025-10-19 23:15:00+02:00,63.892014260794426,58.78
2025-10-19 23:30:00+02:00,60.86837544027097,59.53
2025-10-19 23:45:00+02:00,51.953956327596664,53.68
2025-10-20 00:00:00+02:00,68.41000900988304,82.95
2025-10-20 00:15:00+02:00,57.095890669675946,69.03
2025-10-20 00:30:00+02:00,47.846876447909786,70.04
2025-10-20 00:45:00+02:00,40.47877875830998,58.13
2025-10-20 01:00:00+02:00,52.963353617177276,70.3
2025-10-20 01:15:00+02:00,48.304313342809834,66.48
2025-10-20 01:30:00+02:00,43.2752471887362,60.52
2025-10-20 01:45:00+02:00,43.85662709939405,58.6
2025-10-20 02:00:00+02:00,50.94633309786951,66.31
2025-10-20 02:15:00+02:00,45.29718225499412,60.07
2025-10-20 02:30:00+02:00,43.80285214983301,59.89
2025-10-20 02:45:00+02:00,43.164096258711176,57.65
2025-10-20 03:00:00+02:00,46.34930948613495,61.87
2025-10-20 03:15:00+02:00,45.650211352721136,59.37
2025-10-20 03:30:00+02:00,45.1117501808751,58.65
2025-10-20 03:45:00+02:00,42.63684722590839,60.12
2025-10-20 04:00:00+02:00,48.08936264437462,55.86
2025-10-20 04:15:00+02:00,48.088111443256615,58.61
2025-10-20 04:30:00+02:00,51.0765977494984,59.02
2025-10-20 04:45:00+02:00,53.68653958656493,68.92
2025-10-20 05:00:00+02:00,52.91160968133976,57.19
2025-10-20 05:15:00+02:00,52.76506354810321,75.29
2025-10-20 05:30:00+02:00,57.55759013317405,80.53
2025-10-20 05:45:00+02:00,67.67647349276737,86.23
2025-10-20 06:00:00+02:00,73.5700749399479,55.14
2025-10-20 06:15:00+02:00,81.6134128717765,86.43
2025-10-20 06:30:00+02:00,85.52930480016511,88.68
2025-10-20 06:45:00+02:00,97.89374749172394,74.76
2025-10-20 07:00:00+02:00,94.26808891535947,79.96
2025-10-20 07:15:00+02:00,102.71028706544317,85.34
2025-10-20 07:30:00+02:00,109.10800020604157,94.69
2025-10-20 07:45:00+02:00,111.74113431432085,107.48
2025-10-20 08:00:00+02:00,115.9976542606636,150.53
2025-10-20 08:15:00+02:00,111.7498929814875,138.82
2025-10-20 08:30:00+02:00,97.49888486999478,115.82
2025-10-20 08:45:00+02:00,87.71883276634208,95.22
2025-10-20 09:00:00+02:00,115.66194461328371,117.97
2025-10-20 09:15:00+02:00,103.16023366538731,101.76
2025-10-20 09:30:00+02:00,97.06005573896536,78.04
2025-10-20 09:45:00+02:00,89.94575745330262,70.97
2025-10-20 10:00:00+02:00,101.25060911918645,86.4
2025-10-20 10:15:00+02:00,90.06339363149976,77.35
2025-10-20 10:30:00+02:00,82.4258403453286,66.47
2025-10-20 10:45:00+02:00,77.93351946682034,62.38
2025-10-20 11:00:00+02:00,114.01905934316177,77.19
2025-10-20 11:15:00+02:00,104.37095190394518,70.31
2025-10-20 11:30:00+02:00,99.21482064713412,69.92
2025-10-20 11:45:00+02:00,95.74191887084757,62.32
2025-10-20 12:00:00+02:00,101.31309927609003,62.63
2025-10-20 12:15:00+02:00,98.24917491516754,60.09
2025-10-20 12:30:00+02:00,95.65895416378615,57.95
2025-10-20 12:45:00+02:00,93.18003774976091,60.48
2025-10-20 13:00:00+02:00,102.98471517701888,60.18
2025-10-20 13:15:00+02:00,101.08484386109998,61.91
2025-10-20 13:30:00+02:00,98.81342247338415,68.66
2025-10-20 13:45:00+02:00,96.8261732897346,70.34
2025-10-20 14:00:00+02:00,87.84204477296942,65.71
2025-10-20 14:15:00+02:00,91.22483944835062,72.04
2025-10-20 14:30:00+02:00,99.82038726650235,75.68
2025-10-20 14:45:00+02:00,109.69612219671592,90.91
2025-10-20 15:00:00+02:00,85.61721467251826,74.77
2025-10-20 15:15:00+02:00,88.57816034539493,85.39
2025-10-20 15:30:00+02:00,92.47962125441731,106.98
2025-10-20 15:45:00+02:00,107.77120506422277,121.42
2025-10-20 16:00:00+02:00,77.43686741719942,86.63
2025-10-20 16:15:00+02:00,85.10366718963263,105.01
2025-10-20 16:30:00+02:00,96.22024240324566,130.11
2025-10-20 16:45:00+02:00,106.44986886278966,156.29
2025-10-20 17:00:00+02:00,83.96236109088541,108.95
2025-10-20 17:15:00+02:00,100.89626178045238,130.19
2025-10-20 17:30:00+02:00,126.6244130959594,138.29
2025-10-20 17:45:00+02:00,148.36408266904647,147.06
2025-10-20 18:00:00+02:00,101.10537817511276,130.04
2025-10-20 18:15:00+02:00,105.04533531274497,130.48
2025-10-20 18:30:00+02:00,111.60542186791048,128.39
2025-10-20 18:45:00+02:00,114.78612292583371,111.45
2025-10-20 19:00:00+02:00,109.47765510239876,127.0
2025-10-20 19:15:00+02:00,105.55744757478224,105.96
2025-10-20 19:30:00+02:00,103.26489220097828,94.84
2025-10-20 19:45:00+02:00,101.9322412373494,84.2
2025-10-20 20:00:00+02:00,110.74607534714349,105.09
2025-10-20 20:15:00+02:00,103.3694937085262,80.51
2025-10-20 20:30:00+02:00,102.35068697187765,72.23
2025-10-20 20:45:00+02:00,94.2317765908815,71.33
2025-10-20 21:00:00+02:00,85.33660647751225,86.28
2025-10-20 21:15:00+02:00,74.5061013015183,95.07
2025-10-20 21:30:00+02:00,81.28876959543945,69.32
2025-10-20 21:45:00+02:00,72.6465140196568,54.34
2025-10-20 22:00:00+02:00,95.66615257441475,86.37
2025-10-20 22:15:00+02:00,84.43530968330936,72.68
2025-10-20 22:30:00+02:00,74.67944711071772,62.62
2025-10-20 22:45:00+02:00,81.37048300059456,51.84
2025-10-20 23:00:00+02:00,68.69239476613033,53.35
2025-10-20 23:15:00+02:00,59.17236284818076,56.81
2025-10-20 23:30:00+02:00,56.29466359495037,54.2
2025-10-20 23:45:00+02:00,60.74022392604361,39.64
2025-10-21 00:00:00+02:00,54.54005915178247,80.9
2025-10-21 00:15:00+02:00,47.85015279015754,65.7
2025-10-21 00:30:00+02:00,47.00753018834551,53.65
2025-10-21 00:45:00+02:00,38.230588825435596,45.67
2025-10-21 01:00:00+02:00,43.961314077181534,55.53
2025-10-21 01:15:00+02:00,38.94574418827724,49.85
2025-10-21 01:30:00+02:00,38.8356933190899,42.57
2025-10-21 01:45:00+02:00,37.23741737428216,27.38
2025-10-21 02:00:00+02:00,38.00914880779787,46.5
2025-10-21 02:15:00+02:00,40.58918068796589,34.76
2025-10-21 02:30:00+02:00,31.505778307840366,31.05
2025-10-21 02:45:00+02:00,31.804097151978247,19.98
2025-10-21 03:00:00+02:00,35.100053448441244,32.18
2025-10-21 03:15:00+02:00,35.62985653938422,22.4
2025-10-21 03:30:00+02:00,35.64012747189752,17.5
2025-10-21 03:45:00+02:00,36.566913930673316,17.03
2025-10-21 04:00:00+02:00,41.4885173902247,20.27
2025-10-21 04:15:00+02:00,42.20379685836932,20.96
2025-10-21 04:30:00+02:00,45.339966592241495,30.62
2025-10-21 04:45:00+02:00,46.85962820664162,31.8
2025-10-21 05:00:00+02:00,42.02892749244228,26.05
2025-10-21 05:15:00+02:00,42.31332776429593,46.22
2025-10-21 05:30:00+02:00,46.83292270120282,52.87
2025-10-21 05:45:00+02:00,62.91690596213549,64.7
2025-10-21 06:00:00+02:00,51.19523894409199,39.86
2025-10-21 06:15:00+02:00,71.16228235347886,77.51
2025-10-21 06:30:00+02:00,76.73471188405262,91.01
2025-10-21 06:45:00+02:00,90.37538627066398,92.0
2025-10-21 07:00:00+02:00,88.37231708417909,70.28
2025-10-21 07:15:00+02:00,95.43204829567647,95.0
2025-10-21 07:30:00+02:00,100.79224126638022,100.04
2025-10-21 07:45:00+02:00,104.02724707387783,87.17
2025-10-21 08:00:00+02:00,109.4475860608865,89.07
2025-10-21 08:15:00+02:00,107.42608708830736,91.4
2025-10-21 08:30:00+02:00,98.71593334105495,94.85
2025-10-21 08:45:00+02:00,93.54496685371996,91.01
2025-10-21 09:00:00+02:00,98.38997157740157,101.03
2025-10-21 09:15:00+02:00,89.68798389901546,86.22
2025-10-21 09:30:00+02:00,84.99661623020695,82.21
2025-10-21 09:45:00+02:00,80.48663810942969,69.41
2025-10-21 10:00:00+02:00,85.121375916127,92.0
2025-10-21 10:15:00+02:00,72.66991009240796,84.06
2025-10-21 10:30:00+02:00,67.4410934586778,66.35
2025-10-21 10:45:00+02:00,67.28881993744065,54.67
2025-10-21 11:00:00+02:00,72.79985641617316,85.0
2025-10-21 11:15:00+02:00,65.95208960837522,72.91
2025-10-21 11:30:00+02:00,61.18590093500769,58.4
2025-10-21 11:45:00+02:00,53.788960316875404,44.14
2025-10-21 12:00:00+02:00,50.06275462814277,57.65
2025-10-21 12:15:00+02:00,47.07180455012647,52.32
2025-10-21 12:30:00+02:00,43.703274392901335,49.83
2025-10-21 12:45:00+02:00,40.47180636787579,30.02
2025-10-21 13:00:00+02:00,31.92191465516224,44.22
2025-10-21 13:15:00+02:00,28.272821627350083,36.31
2025-10-21 13:30:00+02:00,27.847780174859746,25.21
2025-10-21 13:45:00+02:00,27.395693016992176,20.59
2025-10-21 14:00:00+02:00,31.37919175175345,16.49
2025-10-21 14:15:00+02:00,35.83691047403449,28.18
2025-10-21 14:30:00+02:00,43.51295881119013,35.48
2025-10-21 14:45:00+02:00,49.038978569719376,52.09
2025-10-21 15:00:00+02:00,50.803626909233145,23.39
2025-10-21 15:15:00+02:00,55.53098033791866,47.69
2025-10-21 15:30:00+02:00,58.94583179397296,78.83
2025-10-21 15:45:00+02:00,66.9149086763189,91.01
2025-10-21 16:00:00+02:00,68.05088369570812,35.44
2025-10-21 16:15:00+02:00,73.7949945555043,53.42
2025-10-21 16:30:00+02:00,81.09979514174765,85.69
2025-10-21 16:45:00+02:00,89.82345395887532,98.26
2025-10-21 17:00:00+02:00,88.54660249179997,51.97
2025-10-21 17:15:00+02:00,96.88244443814473,90.22
2025-10-21 17:30:00+02:00,112.9922759144998,120.26
2025-10-21 17:45:00+02:00,127.79925582754197,137.55
2025-10-21 18:00:00+02:00,109.07162948284616,87.11
2025-10-21 18:15:00+02:00,114.16911564175423,112.75
2025-10-21 18:30:00+02:00,120.21195731001723,144.12
2025-10-21 18:45:00+02:00,124.82645556977592,143.22
2025-10-21 19:00:00+02:00,123.79700299018201,122.3
2025-10-21 19:15:00+02:00,120.95999601179128,128.35
2025-10-21 19:30:00+02:00,119.90506022992676,111.32
2025-10-21 19:45:00+02:00,116.80448235909243,99.57
2025-10-21 20:00:00+02:00,110.44047427443509,114.37
2025-10-21 20:15:00+02:00,108.26583228208104,101.75
2025-10-21 20:30:00+02:00,106.84819043310716,95.0
2025-10-21 20:45:00+02:00,95.33500063919249,87.57
2025-10-21 21:00:00+02:00,97.16936485910034,88.73
2025-10-21 21:15:00+02:00,93.49505085213433,79.44
2025-10-21 21:30:00+02:00,88.96397644615453,85.79
2025-10-21 21:45:00+02:00,73.73054502025134,70.26
2025-10-21 22:00:00+02:00,102.94412812071731,92.79
2025-10-21 22:15:00+02:00,95.8564104281618,82.38
2025-10-21 22:30:00+02:00,88.14643469842773,79.59
2025-10-21 22:45:00+02:00,83.01005521270609,71.96
2025-10-21 23:00:00+02:00,86.41674487502635,83.78
2025-10-21 23:15:00+02:00,78.92761158493455,76.9
2025-10-21 23:30:00+02:00,78.9386018367678,73.95
2025-10-21 23:45:00+02:00,77.91214812280388,62.69
2025-10-22 00:00:00+02:00,80.55533208829476,92.09
2025-10-22 00:15:00+02:00,77.19824643093617,91.64
2025-10-22 00:30:00+02:00,74.78202290375701,84.94
2025-10-22 00:45:00+02:00,65.87918771155037,82.68
2025-10-22 01:00:00+02:00,74.68248296868933,88.87
2025-10-22 01:15:00+02:00,72.70164352936084,88.38
2025-10-22 01:30:00+02:00,70.30945784199335,88.1
2025-10-22 01:45:00+02:00,68.72784318265246,84.62
2025-10-22 02:00:00+02:00,70.44779103522657,83.63
2025-10-22 02:15:00+02:00,71.76934851345833,83.62
2025-10-22 02:30:00+02:00,70.89399204414988,86.63
2025-10-22 02:45:00+02:00,70.15319899051377,87.74
2025-10-22 03:00:00+02:00,72.70776507762463,89.28
2025-10-22 03:15:00+02:00,72.42524587903436,90.26
2025-10-22 03:30:00+02:00,72.65389003322957,90.56
2025-10-22 03:45:00+02:00,71.82032931526946,87.29
2025-10-22 04:00:00+02:00,72.45498789401569,85.31
2025-10-22 04:15:00+02:00,73.63293107850535,87.73
2025-10-22 04:30:00+02:00,74.15737556241845,92.15
2025-10-22 04:45:00+02:00,76.36157048507312,92.82
2025-10-22 05:00:00+02:00,79.89025654370654,81.24
2025-10-22 05:15:00+02:00,83.4089386194962,86.8
2025-10-22 05:30:00+02:00,87.42398982112313,95.34
2025-10-22 05:45:00+02:00,88.78481790148396,97.32
2025-10-22 06:00:00+02:00,91.95160797044461,91.65
2025-10-22 06:15:00+02:00,99.90508091636406,96.25
2025-10-22 06:30:00+02:00,104.01760293156923,96.62
2025-10-22 06:45:00+02:00,111.04567089970519,113.05
2025-10-22 07:00:00+02:00,115.43906621421574,97.01
2025-10-22 07:15:00+02:00,117.7141554642476,100.07
2025-10-22 07:30:00+02:00,125.38709725043734,98.56
2025-10-22 07:45:00+02:00,129.86786620852962,105.09
2025-10-22 08:00:00+02:00,150.9926061955404,94.19
2025-10-22 08:15:00+02:00,143.87171667894438,123.0
2025-10-22 08:30:00+02:00,134.3875000181397,128.13
2025-10-22 08:45:00+02:00,121.91574302180355,109.71
2025-10-22 09:00:00+02:00,140.06705787592566,148.0
2025-10-22 09:15:00+02:00,127.65062111317191,138.53
2025-10-22 09:30:00+02:00,114.82400786832675,115.64
2025-10-22 09:45:00+02:00,106.79085444104979,100.7
2025-10-22 10:00:00+02:00,124.92703849812136,130.54
2025-10-22 10:15:00+02:00,121.01737304529607,105.99
2025-10-22 10:30:00+02:00,98.23936578232771,96.57
2025-10-22 10:45:00+02:00,89.90400516255517,89.81
2025-10-22 11:00:00+02:00,111.15283678229673,98.4
2025-10-22 11:15:00+02:00,102.16108861911698,94.88
2025-10-22 11:30:00+02:00,98.20423606224433,89.62
2025-10-22 11:45:00+02:00,91.37832539854391,81.96
2025-10-22 12:00:00+02:00,101.83751181238736,94.43
2025-10-22 12:15:00+02:00,99.14798450443158,83.83
2025-10-22 12:30:00+02:00,97.60598816816209,84.54
2025-10-22 12:45:00+02:00,94.91816648828046,85.6
2025-10-22 13:00:00+02:00,102.6051564397467,92.73
2025-10-22 13:15:00+02:00,103.47405627127839,87.8
2025-10-22 13:30:00+02:00,103.35995899358696,83.76
2025-10-22 13:45:00+02:00,102.43727942211814,79.71
2025-10-22 14:00:00+02:00,95.05792920393418,80.78
2025-10-22 14:15:00+02:00,100.65175153473567,92.17
2025-10-22 14:30:00+02:00,104.58581842904377,95.87
2025-10-22 14:45:00+02:00,112.89472021968992,105.02
2025-10-22 15:00:00+02:00,99.13443477016412,83.4
2025-10-22 15:15:00+02:00,106.19947180247414,98.77
2025-10-22 15:30:00+02:00,116.33576113506464,123.0
2025-10-22 15:45:00+02:00,134.49561207691232,137.45
2025-10-22 16:00:00+02:00,103.3918461563912,80.16
2025-10-22 16:15:00+02:00,117.76011351162617,108.09
2025-10-22 16:30:00+02:00,136.85999499897775,144.23
2025-10-22 16:45:00+02:00,179.0030748751173,207.52
2025-10-22 17:00:00+02:00,124.77640481275843,132.71
2025-10-22 17:15:00+02:00,167.73267020024855,161.82
2025-10-22 17:30:00+02:00,226.51667650032863,220.03
2025-10-22 17:45:00+02:00,282.2398682111185,277.65
2025-10-22 18:00:00+02:00,206.77763073861382,221.88
2025-10-22 18:15:00+02:00,258.35238055395314,270.09
2025-10-22 18:30:00+02:00,332.37280727252346,340.7
2025-10-22 18:45:00+02:00,377.04978082097784,353.26
2025-10-22 19:00:00+02:00,342.5535493707449,330.32
2025-10-22 19:15:00+02:00,288.1709556024896,305.02
2025-10-22 19:30:00+02:00,252.62654923937149,258.34
2025-10-22 19:45:00+02:00,221.52751980438148,225.36
2025-10-22 20:00:00+02:00,181.4150266517953,259.2
2025-10-22 20:15:00+02:00,172.0238085564992,194.85
2025-10-22 20:30:00+02:00,149.2064604405408,150.57
2025-10-22 20:45:00+02:00,133.83350707284055,136.62
2025-10-22 21:00:00+02:00,134.39541936066598,175.97
2025-10-22 21:15:00+02:00,130.35984692701945,139.36
2025-10-22 21:30:00+02:00,117.08911116232412,117.86
2025-10-22 21:45:00+02:00,110.19456949090544,102.6
2025-10-22 22:00:00+02:00,120.08461379242482,141.33
2025-10-22 22:15:00+02:00,112.79124708277149,127.01
2025-10-22 22:30:00+02:00,107.18820277447018,113.63
2025-10-22 22:45:00+02:00,100.1180087619519,106.29
2025-10-22 23:00:00+02:00,105.280132011058,114.5
2025-10-22 23:15:00+02:00,100.58125898148855,111.36
2025-10-22 23:30:00+02:00,97.16501500910788,107.41
2025-10-22 23:45:00+02:00,91.90360567821949,99.1
2025-10-23 00:00:00+02:00,116.50930345324515,110.17
2025-10-23 00:15:00+02:00,104.04639337251889,105.55
2025-10-23 00:30:00+02:00,102.5485337411568,97.2
2025-10-23 00:45:00+02:00,97.18355427746974,92.58
2025-10-23 01:00:00+02:00,100.06651552880014,106.1
2025-10-23 01:15:00+02:00,97.29584078688629,103.85
2025-10-23 01:30:00+02:00,95.85346522414493,94.45
2025-10-23 01:45:00+02:00,94.00038961325716,90.58
2025-10-23 02:00:00+02:00,96.93290118940716,107.08
2025-10-23 02:15:00+02:00,95.45257060873344,98.4
2025-10-23 02:30:00+02:00,91.71280462886116,89.07
2025-10-23 02:45:00+02:00,91.17244317527124,85.72
2025-10-23 03:00:00+02:00,87.94289290732956,93.18
2025-10-23 03:15:00+02:00,87.19561854724196,87.13
2025-10-23 03:30:00+02:00,87.06520513319299,74.38
2025-10-23 03:45:00+02:00,88.1670135408936,65.0
2025-10-23 04:00:00+02:00,83.0983911793141,75.27
2025-10-23 04:15:00+02:00,84.15813851738557,70.77
2025-10-23 04:30:00+02:00,87.0696585604789,69.81
2025-10-23 04:45:00+02:00,89.14575632130509,68.14
2025-10-23 05:00:00+02:00,70.72540928761401,67.31
2025-10-23 05:15:00+02:00,71.26963258806786,67.31
2025-10-23 05:30:00+02:00,79.75327855514026,67.55
2025-10-23 05:45:00+02:00,83.13797609685972,67.91
2025-10-23 06:00:00+02:00,58.215822674084826,64.54
2025-10-23 06:15:00+02:00,81.02002923388858,74.02
2025-10-23 06:30:00+02:00,89.77789484762746,72.08
2025-10-23 06:45:00+02:00,94.311527508477,78.36
2025-10-23 07:00:00+02:00,88.43527380491454,78.97
2025-10-23 07:15:00+02:00,90.6728827046519,84.38
2025-10-23 07:30:00+02:00,95.07037139590503,86.89
2025-10-23 07:45:00+02:00,96.27717391157489,78.89
2025-10-23 08:00:00+02:00,116.68490445285748,100.1
2025-10-23 08:15:00+02:00,106.51876058609683,100.01
2025-10-23 08:30:00+02:00,100.96490526093487,85.01
2025-10-23 08:45:00+02:00,96.24394703930795,74.88
2025-10-23 09:00:00+02:00,119.06622088055327,91.98
2025-10-23 09:15:00+02:00,91.13703696520511,87.53
2025-10-23 09:30:00+02:00,84.3919841612153,82.98
2025-10-23 09:45:00+02:00,77.93628758482996,69.58
2025-10-23 10:00:00+02:00,100.69681223635087,95.34
2025-10-23 10:15:00+02:00,94.23522553591832,84.9
2025-10-23 10:30:00+02:00,88.60188385219433,72.65
2025-10-23 10:45:00+02:00,78.75454584814868,65.92
2025-10-23 11:00:00+02:00,94.41988804433606,73.08
2025-10-23 11:15:00+02:00,86.54680592898329,70.28
2025-10-23 11:30:00+02:00,81.93754099083837,68.38
2025-10-23 11:45:00+02:00,72.99354185516256,66.66
2025-10-23 12:00:00+02:00,87.40735167551179,68.05
2025-10-23 12:15:00+02:00,79.78171248580509,66.12
2025-10-23 12:30:00+02:00,74.35895698984163,65.68
2025-10-23 12:45:00+02:00,69.72809711099882,64.54
2025-10-23 13:00:00+02:00,71.28634025063232,65.93
2025-10-23 13:15:00+02:00,70.94206875013455,63.99
2025-10-23 13:30:00+02:00,69.57007359228716,63.56
2025-10-23 13:45:00+02:00,65.55299921203633,62.94
2025-10-23 14:00:00+02:00,53.978153377124656,58.78
2025-10-23 14:15:00+02:00,57.32531007295796,63.02
2025-10-23 14:30:00+02:00,61.328373795572816,65.04
2025-10-23 14:45:00+02:00,78.44633823975849,67.3
2025-10-23 15:00:00+02:00,61.59694387080824,64.56
2025-10-23 15:15:00+02:00,68.05784175852739,68.73
2025-10-23 15:30:00+02:00,80.67014579295461,80.7
2025-10-23 15:45:00+02:00,95.32822405529143,88.43
2025-10-23 16:00:00+02:00,64.80458257016325,70.79
2025-10-23 16:15:00+02:00,73.67115296783922,76.45
2025-10-23 16:30:00+02:00,84.36474092888068,95.0
2025-10-23 16:45:00+02:00,103.73551858171516,99.75
2025-10-23 17:00:00+02:00,76.20142378979196,79.15
2025-10-23 17:15:00+02:00,89.71994204198396,98.92
2025-10-23 17:30:00+02:00,100.01709580690296,105.94
2025-10-23 17:45:00+02:00,112.97295520912465,108.46
2025-10-23 18:00:00+02:00,92.38950169129318,106.94
2025-10-23 18:15:00+02:00,94.06094805349865,114.54
2025-10-23 18:30:00+02:00,102.6293180678798,126.89
2025-10-23 18:45:00+02:00,102.86393177336518,111.35
2025-10-23 19:00:00+02:00,78.91401434777006,129.17
2025-10-23 19:15:00+02:00,59.91645921532755,109.06
2025-10-23 19:30:00+02:00,34.372709398849196,100.95
2025-10-23 19:45:00+02:00,29.378576034244517,92.47
2025-10-23 20:00:00+02:00,82.34272726834077,97.0
2025-10-23 20:15:00+02:00,33.566734796022544,89.49
2025-10-23 20:30:00+02:00,-60.06233132496007,86.85
2025-10-23 20:45:00+02:00,-132.69318173805473,77.51
2025-10-23 21:00:00+02:00,94.27228141277357,92.31
2025-10-23 21:15:00+02:00,82.23376611809516,85.56
2025-10-23 21:30:00+02:00,64.74952909261872,79.64
2025-10-23 21:45:00+02:00,14.451670326031234,73.74
2025-10-23 22:00:00+02:00,88.99667963072343,97.98
2025-10-23 22:15:00+02:00,69.24244351170964,76.69
2025-10-23 22:30:00+02:00,47.04413792291647,73.36
2025-10-23 22:45:00+02:00,17.567494269340926,62.59
2025-10-23 23:00:00+02:00,53.465246527653285,68.34
2025-10-23 23:15:00+02:00,34.79761430276126,61.36
2025-10-23 23:30:00+02:00,26.447337653454426,58.83
2025-10-23 23:45:00+02:00,16.819427887449564,51.78
2025-10-24 00:00:00+02:00,60.29051368898673,15.96
2025-10-24 00:15:00+02:00,50.97586679412589,19.4
2025-10-24 00:30:00+02:00,44.641411050450344,12.93
2025-10-24 00:45:00+02:00,38.6337246429239,9.05
2025-10-24 01:00:00+02:00,43.41745632704874,13.98
2025-10-24 01:15:00+02:00,37.67076995565398,10.02
2025-10-24 01:30:00+02:00,32.29887731881129,8.99
2025-10-24 01:45:00+02:00,26.05782113956969,6.35
2025-10-24 02:00:00+02:00,35.30215890669722,10.03
2025-10-24 02:15:00+02:00,19.43687290833566,6.88
2025-10-24 02:30:00+02:00,18.752064826672353,5.06
2025-10-24 02:45:00+02:00,18.07212098876738,4.13
2025-10-24 03:00:00+02:00,18.39827387649811,3.8
2025-10-24 03:15:00+02:00,16.644356482178026,0.1
2025-10-24 03:30:00+02:00,14.577837800760008,0.1
2025-10-24 03:45:00+02:00,21.13782188108975,0.1
2025-10-24 04:00:00+02:00,12.926612994585525,2.52
2025-10-24 04:15:00+02:00,10.631115774803945,1.34
2025-10-24 04:30:00+02:00,5.203559446430745,2.33
2025-10-24 04:45:00+02:00,17.089751037920166,2.57
2025-10-24 05:00:00+02:00,3.6957552816717367,4.13
2025-10-24 05:15:00+02:00,8.595421369456204,4.66
2025-10-24 05:30:00+02:00,6.886897576244635,7.35
2025-10-24 05:45:00+02:00,31.584692851036856,13.96
2025-10-24 06:00:00+02:00,28.743555147690913,7.31
2025-10-24 06:15:00+02:00,52.183682042654056,17.08
2025-10-24 06:30:00+02:00,63.77564199890949,28.18
2025-10-24 06:45:00+02:00,72.93710073469856,40.54
2025-10-24 07:00:00+02:00,70.66483866228968,50.6
2025-10-24 07:15:00+02:00,66.38172454509356,58.61
2025-10-24 07:30:00+02:00,70.57373800197536,72.7
2025-10-24 07:45:00+02:00,72.99798970943488,78.03
2025-10-24 08:00:00+02:00,90.64023227339123,85.7
2025-10-24 08:15:00+02:00,89.45239529163072,88.96
2025-10-24 08:30:00+02:00,87.2201456563304,85.87
2025-10-24 08:45:00+02:00,80.4022098213556,78.95
2025-10-24 09:00:00+02:00,93.22122489343523,88.37
2025-10-24 09:15:00+02:00,80.86879038985921,81.15
2025-10-24 09:30:00+02:00,72.17994892920632,71.86
2025-10-24 09:45:00+02:00,57.003761741615435,64.81
2025-10-24 10:00:00+02:00,66.27601618073433,75.8
2025-10-24 10:15:00+02:00,57.56674345416022,63.27
2025-10-24 10:30:00+02:00,38.14362047822315,52.97
2025-10-24 10:45:00+02:00,18.926096019719473,41.17
2025-10-24 11:00:00+02:00,34.46761647359489,56.08
2025-10-24 11:15:00+02:00,24.922881912328798,44.28
2025-10-24 11:30:00+02:00,14.92073413068249,26.58
2025-10-24 11:45:00+02:00,3.838656739656521,5.06
2025-10-24 12:00:00+02:00,15.444607018800628,5.02
2025-10-24 12:15:00+02:00,12.233576691322973,0.0
2025-10-24 12:30:00+02:00,9.228310007214287,0.0
2025-10-24 12:45:00+02:00,6.195425816102414,-0.01
2025-10-24 13:00:00+02:00,4.949272988132293,0.0
2025-10-24 13:15:00+02:00,4.710878411046327,-0.01
2025-10-24 13:30:00+02:00,4.017864295578882,-0.01
2025-10-24 13:45:00+02:00,2.5784144096756165,-0.02
2025-10-24 14:00:00+02:00,-2.866454272025603,-0.02
2025-10-24 14:15:00+02:00,0.17678196798264167,-0.01
2025-10-24 14:30:00+02:00,2.0666513957592585,-0.01
2025-10-24 14:45:00+02:00,8.754081691078056,0.0
2025-10-24 15:00:00+02:00,-25.254292673262178,-0.01
2025-10-24 15:15:00+02:00,-14.737635125449799,0.0
2025-10-24 15:30:00+02:00,-4.3733863848549746,2.24
2025-10-24 15:45:00+02:00,7.035736531360783,5.01
2025-10-24 16:00:00+02:00,5.468257524678215,5.03
2025-10-24 16:15:00+02:00,16.01809784193381,26.67
2025-10-24 16:30:00+02:00,27.56388140320412,50.22
2025-10-24 16:45:00+02:00,45.909879417661784,67.36
2025-10-24 17:00:00+02:00,33.54827226728957,49.82
2025-10-24 17:15:00+02:00,42.649676829276466,62.25
2025-10-24 17:30:00+02:00,73.03769265056181,70.18
2025-10-24 17:45:00+02:00,81.88534546647949,82.79
2025-10-24 18:00:00+02:00,79.61367229807588,68.51
2025-10-24 18:15:00+02:00,86.6310318052166,70.88
2025-10-24 18:30:00+02:00,83.82748197457447,78.44
2025-10-24 18:45:00+02:00,84.24913107032319,80.61
2025-10-24 19:00:00+02:00,52.0065890194316,85.15
2025-10-24 19:15:00+02:00,45.26666513309192,72.73
2025-10-24 19:30:00+02:00,25.4809227729164,70.56
2025-10-24 19:45:00+02:00,14.05089259931728,70.01
2025-10-24 20:00:00+02:00,57.64193742302395,70.01
2025-10-24 20:15:00+02:00,4.845710086682914,62.38
2025-10-24 20:30:00+02:00,-58.68451231691296,49.01
2025-10-24 20:45:00+02:00,-134.3569107344601,46.8
2025-10-24 21:00:00+02:00,41.2084470869175,60.52
2025-10-24 21:15:00+02:00,26.901289229842618,51.5
2025-10-24 21:30:00+02:00,22.065517976000734,36.69
2025-10-24 21:45:00+02:00,-37.32699428686726,17.32
2025-10-24 22:00:00+02:00,56.887512688172485,36.41
2025-10-24 22:15:00+02:00,27.554494436621013,28.45
2025-10-24 22:30:00+02:00,22.25937512735453,30.82
2025-10-24 22:45:00+02:00,-9.211668422780207,20.01
2025-10-24 23:00:00+02:00,18.59796939367456,23.19
2025-10-24 23:15:00+02:00,-0.3903320385444715,7.52
2025-10-24 23:30:00+02:00,-3.2366313022067317,5.27
2025-10-24 23:45:00+02:00,-30.0484813637367,3.89
2025-10-25 00:00:00+02:00,26.008375603367682,3.26
2025-10-25 00:15:00+02:00,20.77226226142875,4.21
2025-10-25 00:30:00+02:00,7.417123645725042,3.84
2025-10-25 00:45:00+02:00,2.895687973167128,2.79
2025-10-25 01:00:00+02:00,12.733229094492671,2.34
2025-10-25 01:15:00+02:00,7.617136771441352,2.11
2025-10-25 01:30:00+02:00,1.3692380839650866,0.78
2025-10-25 01:45:00+02:00,-1.9843306485380907,0.05
2025-10-25 02:00:00+02:00,17.438797115572896,2.28
2025-10-25 02:15:00+02:00,-3.2689328016990657,1.32
2025-10-25 02:30:00+02:00,-5.711058888400828,0.1
2025-10-25 02:45:00+02:00,-7.701441252351785,0.0
2025-10-25 03:00:00+02:00,2.448959277798366,0.0
2025-10-25 03:15:00+02:00,-0.18520405712081356,0.0
2025-10-25 03:30:00+02:00,-0.7299415293578306,0.0
2025-10-25 03:45:00+02:00,-5.886931508714184,-0.01
2025-10-25 04:00:00+02:00,11.628531601758965,-0.01
2025-10-25 04:15:00+02:00,6.724161333969306,-0.01
2025-10-25 04:30:00+02:00,6.664799264146168,0.0
2025-10-25 04:45:00+02:00,9.61356053018335,-0.01
2025-10-25 05:00:00+02:00,15.397473669532118,0.0
2025-10-25 05:15:00+02:00,12.293623603170431,0.0
2025-10-25 05:30:00+02:00,8.85636829805847,0.37
2025-10-25 05:45:00+02:00,14.041739516083851,0.29
2025-10-25 06:00:00+02:00,-22.799119060090774,-0.01
2025-10-25 06:15:00+02:00,20.07178686255685,0.0
2025-10-25 06:30:00+02:00,19.72698135739992,0.52
2025-10-25 06:45:00+02:00,16.77877247584675,1.58
2025-10-25 07:00:00+02:00,-26.216177722491764,1.6
2025-10-25 07:15:00+02:00,6.2136439349049795,1.93
2025-10-25 07:30:00+02:00,7.250029487880553,0.45
2025-10-25 07:45:00+02:00,11.551912309361342,-0.02
2025-10-25 08:00:00+02:00,25.944901295294684,3.87
2025-10-25 08:15:00+02:00,33.14952204763159,3.23
2025-10-25 08:30:00+02:00,37.63023365988495,4.24
2025-10-25 08:45:00+02:00,2.7613799760383273,4.64
2025-10-25 09:00:00+02:00,45.78819298156763,8.46
2025-10-25 09:15:00+02:00,38.833517405468534,7.32
2025-10-25 09:30:00+02:00,25.890897153640026,7.08
2025-10-25 09:45:00+02:00,-2.566312735321489,7.47
2025-10-25 10:00:00+02:00,34.0830475760938,7.79
2025-10-25 10:15:00+02:00,10.818446287429339,7.45
2025-10-25 10:30:00+02:00,7.817777252519193,6.24
2025-10-25 10:45:00+02:00,-7.466866316309137,5.43
2025-10-25 11:00:00+02:00,13.683846603025643,5.45
2025-10-25 11:15:00+02:00,9.055726472302872,3.58
2025-10-25 11:30:00+02:00,6.100645798641779,5.05
2025-10-25 11:45:00+02:00,-4.083424422457533,4.98
2025-10-25 12:00:00+02:00,6.620603086753398,5.03
2025-10-25 12:15:00+02:00,3.333079145632553,5.87
2025-10-25 12:30:00+02:00,2.59913289431163,7.48
2025-10-25 12:45:00+02:00,1.7815817961345175,6.0
2025-10-25 13:00:00+02:00,2.5838233289589496,5.09
2025-10-25 13:15:00+02:00,2.143409379550846,4.07
2025-10-25 13:30:00+02:00,1.8845975630572198,3.77
2025-10-25 13:45:00+02:00,1.6058665413772317,4.55
2025-10-25 14:00:00+02:00,-1.3779744595730818,1.62
2025-10-25 14:15:00+02:00,1.2723245415503364,2.5
2025-10-25 14:30:00+02:00,2.519699922672899,5.04
2025-10-25 14:45:00+02:00,8.5703360371487,6.96
2025-10-25 15:00:00+02:00,-5.231966561442306,1.39
2025-10-25 15:15:00+02:00,4.646926084673687,4.96
2025-10-25 15:30:00+02:00,15.526604301566515,5.06
2025-10-25 15:45:00+02:00,21.469511132040665,4.37
2025-10-25 16:00:00+02:00,20.023862686619978,3.88
2025-10-25 16:15:00+02:00,24.631166098134095,5.05
2025-10-25 16:30:00+02:00,34.58005344737166,4.46
2025-10-25 16:45:00+02:00,43.21226027755979,8.84
2025-10-25 17:00:00+02:00,17.734761335714524,10.09
2025-10-25 17:15:00+02:00,51.33264560741351,23.77
2025-10-25 17:30:00+02:00,62.71002207341914,31.55
2025-10-25 17:45:00+02:00,65.68045061766466,35.82
2025-10-25 18:00:00+02:00,74.22507427402093,48.75
2025-10-25 18:15:00+02:00,78.03828480762766,52.25
2025-10-25 18:30:00+02:00,81.83024960141667,60.0
2025-10-25 18:45:00+02:00,78.61466091158681,60.01
2025-10-25 19:00:00+02:00,68.29887662828179,66.19
2025-10-25 19:15:00+02:00,67.46716482813643,64.41
2025-10-25 19:30:00+02:00,58.54066934039775,60.0
2025-10-25 19:45:00+02:00,58.50088197580853,54.46
2025-10-25 20:00:00+02:00,63.73246432324143,58.09
2025-10-25 20:15:00+02:00,46.299081904888965,39.16
2025-10-25 20:30:00+02:00,36.34178487815214,30.87
2025-10-25 20:45:00+02:00,21.207452357804343,7.86
2025-10-25 21:00:00+02:00,37.46475960071976,32.53
2025-10-25 21:15:00+02:00,41.057208251855116,16.06
2025-10-25 21:30:00+02:00,40.84828873051168,5.07
2025-10-25 21:45:00+02:00,36.68908320649017,2.77
2025-10-25 22:00:00+02:00,58.93898523836406,21.83
2025-10-25 22:15:00+02:00,37.87816984814981,13.02
2025-10-25 22:30:00+02:00,44.43225162978037,17.65
2025-10-25 22:45:00+02:00,40.57643366404204,14.23
2025-10-25 23:00:00+02:00,47.03786957372972,13.2
2025-10-25 23:15:00+02:00,40.17361010884991,8.18
2025-10-25 23:30:00+02:00,37.20454366211815,7.01
2025-10-25 23:45:00+02:00,34.50853546347592,4.29
2025-10-26 00:00:00+02:00,17.603909321170846,7.17
2025-10-26 00:15:00+02:00,21.073644990698966,6.57
2025-10-26 00:30:00+02:00,8.529609186630509,4.29
2025-10-26 00:45:00+02:00,6.802872028231832,4.26
2025-10-26 01:00:00+02:00,-4.583245601688716,4.01
2025-10-26 01:15:00+02:00,-1.942185723884549,3.76
2025-10-26 01:30:00+02:00,-0.14242135130157862,3.75
2025-10-26 01:45:00+02:00,-1.953849242496375,3.27
2025-10-26 02:00:00+02:00,-36.83384657259782,3.99
2025-10-26 02:15:00+02:00,-35.33183530985406,3.33
2025-10-26 02:30:00+02:00,-20.547008121151336,3.04
2025-10-26 02:45:00+02:00,-15.01942490508982,2.4
2025-10-26 02:00:00+01:00,-36.83384657259782,2.89
2025-10-26 02:15:00+01:00,-35.33183530985406,2.5
2025-10-26 02:30:00+01:00,-20.547008121151336,2.12
2025-10-26 02:45:00+01:00,-15.01942490508982,0.55
2025-10-26 03:00:00+01:00,-15.093578486129744,1.23
2025-10-26 03:15:00+01:00,-6.738399347508377,0.04
2025-10-26 03:30:00+01:00,-12.320325818998228,0.1
2025-10-26 03:45:00+01:00,-8.57697874702869,0.0
2025-10-26 04:00:00+01:00,10.618531508098044,0.2
2025-10-26 04:15:00+01:00,6.552981683329975,0.1
2025-10-26 04:30:00+01:00,4.907739508692032,0.1
2025-10-26 04:45:00+01:00,0.7553385054953168,0.01
2025-10-26 05:00:00+01:00,15.796760187199439,0.12
2025-10-26 05:15:00+01:00,11.75730958229255,0.1
2025-10-26 05:30:00+01:00,6.480424029131484,0.1
2025-10-26 05:45:00+01:00,2.417914391593939,0.1
2025-10-26 06:00:00+01:00,-44.35903955675988,0.0
2025-10-26 06:15:00+01:00,12.898686801266606,0.03
2025-10-26 06:30:00+01:00,8.08984260073494,0.3
2025-10-26 06:45:00+01:00,8.855431416789301,0.1
2025-10-26 07:00:00+01:00,-50.033030075683016,0.32
2025-10-26 07:15:00+01:00,-30.964097884410904,0.1
2025-10-26 07:30:00+01:00,-26.856112920572116,0.0
2025-10-26 07:45:00+01:00,-30.141763746960507,-0.01
2025-10-26 08:00:00+01:00,-11.855202531593449,0.01
2025-10-26 08:15:00+01:00,-13.936839193709844,0.0
2025-10-26 08:30:00+01:00,12.128733635072308,-0.01
2025-10-26 08:45:00+01:00,-22.877410794394166,-0.04
2025-10-26 09:00:00+01:00,18.750629448704018,-0.04
2025-10-26 09:15:00+01:00,15.734271020014916,-0.07
2025-10-26 09:30:00+01:00,8.200797003941346,-0.09
2025-10-26 09:45:00+01:00,8.74771307902769,-1.05
2025-10-26 10:00:00+01:00,23.996343531890282,-0.07
2025-10-26 10:15:00+01:00,11.427896084512597,-0.07
2025-10-26 10:30:00+01:00,0.08306005250014437,-0.06
2025-10-26 10:45:00+01:00,-0.34230668795183306,-0.06
2025-10-26 11:00:00+01:00,-3.1768082041452175,-0.09
2025-10-26 11:15:00+01:00,-6.941852485420881,-0.08
2025-10-26 11:30:00+01:00,-4.109747312612271,-0.07
2025-10-26 11:45:00+01:00,-5.1316097931694955,-0.08
2025-10-26 12:00:00+01:00,-3.5696185207454576,-0.08
2025-10-26 12:15:00+01:00,-1.5027570742306011,-0.07
2025-10-26 12:30:00+01:00,-1.1054616597969726,-0.05
2025-10-26 12:45:00+01:00,-0.9783720182430073,-0.06
2025-10-26 13:00:00+01:00,-1.8890649203554766,-0.06
2025-10-26 13:15:00+01:00,-1.7515153636424508,-0.07
2025-10-26 13:30:00+01:00,-1.4258435557615492,-1.0
2025-10-26 13:45:00+01:00,-1.6693407455141518,-1.05
2025-10-26 14:00:00+01:00,-3.039337211315072,-0.32
2025-10-26 14:15:00+01:00,-1.2482226132017615,-1.03
2025-10-26 14:30:00+01:00,0.03918826001797271,-1.04
2025-10-26 14:45:00+01:00,1.1342491886345272,-0.54
2025-10-26 15:00:00+01:00,3.927280742960022,-1.02
2025-10-26 15:15:00+01:00,7.947482544912155,-0.07
2025-10-26 15:30:00+01:00,10.689765653110939,0.0
2025-10-26 15:45:00+01:00,19.420533247167832,1.05
2025-10-26 16:00:00+01:00,12.562884826577282,-0.04
2025-10-26 16:15:00+01:00,18.997359334614934,0.1
2025-10-26 16:30:00+01:00,29.132286832650742,0.0
2025-10-26 16:45:00+01:00,42.82014660371051,12.09
2025-10-26 17:00:00+01:00,42.46122791168047,3.83
2025-10-26 17:15:00+01:00,48.29341245176798,27.51
2025-10-26 17:30:00+01:00,43.88002368817294,42.19
2025-10-26 17:45:00+01:00,55.40332982352408,46.48
2025-10-26 18:00:00+01:00,55.04020125846808,47.82
2025-10-26 18:15:00+01:00,55.89973068785487,43.86
2025-10-26 18:30:00+01:00,59.2920288558776,49.34
2025-10-26 18:45:00+01:00,55.75555771892544,27.07
2025-10-26 19:00:00+01:00,31.41277549434257,41.4
2025-10-26 19:15:00+01:00,28.74595057055423,39.7
2025-10-26 19:30:00+01:00,26.602239884968682,30.0
2025-10-26 19:45:00+01:00,29.559070240798377,27.82
2025-10-26 20:00:00+01:00,51.25559531750609,43.49
2025-10-26 20:15:00+01:00,24.178718539483327,17.91
2025-10-26 20:30:00+01:00,8.948897735467,2.57
2025-10-26 20:45:00+01:00,3.6673323084126537,2.6
2025-10-26 21:00:00+01:00,26.97527327679073,3.88
2025-10-26 21:15:00+01:00,32.045617958213256,2.66
2025-10-26 21:30:00+01:00,30.97763322796689,3.17
2025-10-26 21:45:00+01:00,25.976911978722086,2.55
2025-10-26 22:00:00+01:00,46.573674421773326,14.06
2025-10-26 22:15:00+01:00,22.631635624702255,11.43
2025-10-26 22:30:00+01:00,22.839204978557063,22.63
2025-10-26 22:45:00+01:00,22.791015681203163,11.51
2025-10-27 00:00:00+01:00,18.346374791431984,2.82
2025-10-27 00:15:00+01:00,13.296858591353356,2.55
2025-10-27 00:30:00+01:00,4.290853281745356,0.0
2025-10-27 00:45:00+01:00,2.4609490336988955,0.0
2025-10-27 01:00:00+01:00,3.252628671899501,2.83
2025-10-27 01:15:00+01:00,-3.8734761135380325,2.49
2025-10-27 01:30:00+01:00,4.343792597787214,1.19
2025-10-27 01:45:00+01:00,-0.9979998162290968,0.79
2025-10-27 02:00:00+01:00,-7.678763112240517,2.81
2025-10-27 02:15:00+01:00,-10.271015396301422,1.38
2025-10-27 02:30:00+01:00,-7.836432133746001,0.72
2025-10-27 02:45:00+01:00,-4.017090483189293,0.09
2025-10-27 03:00:00+01:00,6.047161581719934,0.0
2025-10-27 03:15:00+01:00,9.030169892808928,0.0
2025-10-27 03:30:00+01:00,-2.879249732384281,0.0
2025-10-27 03:45:00+01:00,-3.96949675733876,-0.01
2025-10-27 04:00:00+01:00,28.17992905752564,-0.1
2025-10-27 04:15:00+01:00,25.693883629058668,0.0
2025-10-27 04:30:00+01:00,23.51448465861288,1.07
2025-10-27 04:45:00+01:00,22.45400946009078,4.26
2025-10-27 05:00:00+01:00,27.75906723696415,3.82
2025-10-27 05:15:00+01:00,36.43251226105338,4.27
2025-10-27 05:30:00+01:00,39.05278707658835,10.77
2025-10-27 05:45:00+01:00,48.95906055721148,24.27
2025-10-27 06:00:00+01:00,30.32018781993193,15.5
2025-10-27 06:15:00+01:00,72.4352687727905,36.2
2025-10-27 06:30:00+01:00,73.46871658683744,68.27
2025-10-27 06:45:00+01:00,81.05968375933412,100.03
2025-10-27 07:00:00+01:00,77.56612048535126,74.1
2025-10-27 07:15:00+01:00,87.04095663296928,89.68
2025-10-27 07:30:00+01:00,90.00435438152105,89.99
2025-10-27 07:45:00+01:00,92.29476756169747,90.49
2025-10-27 08:00:00+01:00,99.30918290769776,101.98
2025-10-27 08:15:00+01:00,101.5000568246666,101.7
2025-10-27 08:30:00+01:00,97.04218450440806,101.87
2025-10-27 08:45:00+01:00,90.07773605596341,95.04
2025-10-27 09:00:00+01:00,103.92939619407895,109.35
2025-10-27 09:15:00+01:00,93.86014300868494,105.01
2025-10-27 09:30:00+01:00,88.85361563962826,100.97
2025-10-27 09:45:00+01:00,87.73625414904716,92.11
2025-10-27 10:00:00+01:00,91.2967103265455,105.0
2025-10-27 10:15:00+01:00,82.26837809101336,99.63
2025-10-27 10:30:00+01:00,78.5608315582325,95.01
2025-10-27 10:45:00+01:00,75.80797475218473,87.31
2025-10-27 11:00:00+01:00,81.33092022945715,99.21
2025-10-27 11:15:00+01:00,78.4948237663829,97.53
2025-10-27 11:30:00+01:00,76.77811196911878,93.01
2025-10-27 11:45:00+01:00,73.00032232532786,88.78
2025-10-27 12:00:00+01:00,75.08714541103228,88.05
2025-10-27 12:15:00+01:00,74.35369920922926,80.05
2025-10-27 12:30:00+01:00,71.64715408598265,81.15
2025-10-27 12:45:00+01:00,71.48414250198299,81.54
2025-10-27 13:00:00+01:00,72.25168547254049,82.55
2025-10-27 13:15:00+01:00,73.17599438742633,82.17
2025-10-27 13:30:00+01:00,72.04641966225626,81.34
2025-10-27 13:45:00+01:00,70.85391058970231,78.43
2025-10-27 14:00:00+01:00,68.10290363201591,75.34
2025-10-27 14:15:00+01:00,71.69635518967195,80.39
2025-10-27 14:30:00+01:00,73.82354402454672,84.72
2025-10-27 14:45:00+01:00,73.47795360294926,92.94
2025-10-27 15:00:00+01:00,72.01172295654759,73.92
2025-10-27 15:15:00+01:00,76.52287868955248,73.99
2025-10-27 15:30:00+01:00,78.41060915580309,87.3
2025-10-27 15:45:00+01:00,80.91764486482285,99.45
2025-10-27 16:00:00+01:00,74.83969574752922,87.3
2025-10-27 16:15:00+01:00,81.50498512403679,94.73
2025-10-27 16:30:00+01:00,96.89097729784184,103.89
2025-10-27 16:45:00+01:00,108.15432305920662,111.01
2025-10-27 17:00:00+01:00,87.64103035174028,100.52
2025-10-27 17:15:00+01:00,99.23844738565346,106.68
2025-10-27 17:30:00+01:00,103.70810468791271,113.06
2025-10-27 17:45:00+01:00,113.75622342359418,122.58
2025-10-27 18:00:00+01:00,101.97049795614423,114.27
2025-10-27 18:15:00+01:00,110.54065160104649,119.64
2025-10-27 18:30:00+01:00,116.82006826711029,136.43
2025-10-27 18:45:00+01:00,120.27445082429747,135.81
2025-10-27 19:00:00+01:00,108.30748366831162,136.77
2025-10-27 19:15:00+01:00,106.86457017788007,123.88
2025-10-27 19:30:00+01:00,102.11813421416844,102.93
2025-10-27 19:45:00+01:00,99.42973786568753,90.41
2025-10-27 20:00:00+01:00,97.01848266876159,104.98
2025-10-27 20:15:00+01:00,85.13400617538895,107.92
2025-10-27 20:30:00+01:00,68.32077295897193,92.68
2025-10-27 20:45:00+01:00,54.78422015585511,74.56
2025-10-27 21:00:00+01:00,81.76536201112737,88.9
2025-10-27 21:15:00+01:00,81.43996722410239,87.33
2025-10-27 21:30:00+01:00,61.41570953729395,72.52
2025-10-27 21:45:00+01:00,49.163719804000266,63.01
2025-10-27 22:00:00+01:00,79.58789112144925,83.93
2025-10-27 22:15:00+01:00,65.55477234610157,76.05
2025-10-27 22:30:00+01:00,58.86674916929142,76.19
2025-10-27 22:45:00+01:00,44.48434374598887,61.75
2025-10-27 23:00:00+01:00,58.44826286282144,80.0
2025-10-27 23:15:00+01:00,49.909904174321696,68.02
2025-10-27 23:30:00+01:00,53.40263891039394,55.61
2025-10-27 23:45:00+01:00,39.10039642892189,46.07
2025-10-28 00:00:00+01:00,65.19430840918011,54.94
2025-10-28 00:15:00+01:00,59.179385544777865,51.65
2025-10-28 00:30:00+01:00,45.50876360291875,41.12
2025-10-28 00:45:00+01:00,34.638851986712716,28.73
2025-10-28 01:00:00+01:00,53.439672289304916,39.94
2025-10-28 01:15:00+01:00,45.64646969051368,28.49
2025-10-28 01:30:00+01:00,36.9920231196606,26.73
2025-10-28 01:45:00+01:00,28.537256469107795,20.37
2025-10-28 02:00:00+01:00,40.7660209883242,21.79
2025-10-28 02:15:00+01:00,26.24854905778416,18.07
2025-10-28 02:30:00+01:00,21.68185102918575,17.4
2025-10-28 02:45:00+01:00,16.98135156091996,16.91
2025-10-28 03:00:00+01:00,19.591522161063537,13.19
2025-10-28 03:15:00+01:00,22.07334179924409,10.03
2025-10-28 03:30:00+01:00,16.16667361968291,8.85
2025-10-28 03:45:00+01:00,6.905413023644698,8.82
2025-10-28 04:00:00+01:00,20.828675358762624,5.02
2025-10-28 04:15:00+01:00,19.329392720979385,6.43
2025-10-28 04:30:00+01:00,20.57410005203438,12.33
2025-10-28 04:45:00+01:00,26.23593930756035,20.03
2025-10-28 05:00:00+01:00,36.05891669737652,12.9
2025-10-28 05:15:00+01:00,37.23218006769783,15.49
2025-10-28 05:30:00+01:00,35.33771446681388,39.93
2025-10-28 05:45:00+01:00,39.07413632353347,53.31
2025-10-28 06:00:00+01:00,61.48648573502446,23.63
2025-10-28 06:15:00+01:00,70.5040767001118,56.05
2025-10-28 06:30:00+01:00,69.62077132786337,74.52
2025-10-28 06:45:00+01:00,78.4893449683511,83.89
2025-10-28 07:00:00+01:00,79.19962226144176,85.93
2025-10-28 07:15:00+01:00,84.42181744308198,83.78
2025-10-28 07:30:00+01:00,86.37036063573059,77.07
2025-10-28 07:45:00+01:00,86.40333477409145,74.75
2025-10-28 08:00:00+01:00,99.85667227933111,99.59
2025-10-28 08:15:00+01:00,100.6067144228688,90.63
2025-10-28 08:30:00+01:00,95.69225162599653,84.76
2025-10-28 08:45:00+01:00,92.72546697081492,82.6
2025-10-28 09:00:00+01:00,105.28085037214724,98.48
2025-10-28 09:15:00+01:00,92.2823993267426,89.91
2025-10-28 09:30:00+01:00,88.96544123242467,84.17
2025-10-28 09:45:00+01:00,86.12995738531636,76.9
2025-10-28 10:00:00+01:00,96.54667812039737,92.91
2025-10-28 10:15:00+01:00,83.93978286355954,81.7
2025-10-28 10:30:00+01:00,77.2020603195028,77.58
2025-10-28 10:45:00+01:00,74.66403328812356,71.82
2025-10-28 11:00:00+01:00,83.37271653138845,78.61
2025-10-28 11:15:00+01:00,76.80333357543002,75.21
2025-10-28 11:30:00+01:00,72.23503623230063,74.04
2025-10-28 11:45:00+01:00,68.02136023234259,73.8
2025-10-28 12:00:00+01:00,65.99448623103265,73.34
2025-10-28 12:15:00+01:00,64.07571874315094,68.04
2025-10-28 12:30:00+01:00,62.697064973083855,65.81
2025-10-28 12:45:00+01:00,61.660125130102514,63.05
2025-10-28 13:00:00+01:00,60.111268764673504,65.17
2025-10-28 13:15:00+01:00,58.5911251105522,62.75
2025-10-28 13:30:00+01:00,57.47477931166472,61.25
2025-10-28 13:45:00+01:00,55.62168034732156,60.04
2025-10-28 14:00:00+01:00,54.73712782542433,56.8
2025-10-28 14:15:00+01:00,58.024893893459065,61.87
2025-10-28 14:30:00+01:00,60.053015998521154,68.4
2025-10-28 14:45:00+01:00,63.552516015146665,70.61
2025-10-28 15:00:00+01:00,62.37583807836396,46.06
2025-10-28 15:15:00+01:00,65.35390213447589,79.71
2025-10-28 15:30:00+01:00,74.92865086149351,84.94
2025-10-28 15:45:00+01:00,82.6198920717285,81.68
2025-10-28 16:00:00+01:00,73.33909610075864,68.12
2025-10-28 16:15:00+01:00,78.86342249936402,84.21
2025-10-28 16:30:00+01:00,92.10856855753316,79.22
2025-10-28 16:45:00+01:00,103.79538438134863,88.74
2025-10-28 17:00:00+01:00,75.50347072791811,81.39
2025-10-28 17:15:00+01:00,88.96731887802831,90.07
2025-10-28 17:30:00+01:00,101.16559327952075,99.84
2025-10-28 17:45:00+01:00,115.05364210708792,104.03
2025-10-28 18:00:00+01:00,98.840416157804,106.56
2025-10-28 18:15:00+01:00,105.17275495488276,107.74
2025-10-28 18:30:00+01:00,107.93892720090813,115.35
2025-10-28 18:45:00+01:00,109.31758445085777,111.27
2025-10-28 19:00:00+01:00,105.41098586713063,112.79
2025-10-28 19:15:00+01:00,100.38912546370918,109.01
2025-10-28 19:30:00+01:00,95.62894930137752,104.73
2025-10-28 19:45:00+01:00,91.40686453212798,101.12
2025-10-28 20:00:00+01:00,98.5483662386142,100.3
2025-10-28 20:15:00+01:00,90.86149589129042,92.97
2025-10-28 20:30:00+01:00,78.13935278627899,87.91
2025-10-28 20:45:00+01:00,63.92887649937597,86.52
2025-10-28 21:00:00+01:00,91.74285998289635,89.67
2025-10-28 21:15:00+01:00,86.24147542764725,85.88
2025-10-28 21:30:00+01:00,78.94655421671901,78.36
2025-10-28 21:45:00+01:00,66.75411644981762,69.44
2025-10-28 22:00:00+01:00,84.62171373041653,87.36
2025-10-28 22:15:00+01:00,70.84441865807607,77.27
2025-10-28 22:30:00+01:00,65.43231468089598,77.04
2025-10-28 22:45:00+01:00,51.223071334548294,76.65
2025-10-28 23:00:00+01:00,72.77988851883602,78.01
2025-10-28 23:15:00+01:00,59.50126685326657,73.46
2025-10-28 23:30:00+01:00,56.461447481725465,74.59
2025-10-28 23:45:00+01:00,50.37321353770297,66.83
2025-10-29 00:00:00+01:00,71.33591847403659,65.83
2025-10-29 00:15:00+01:00,66.42188678376685,62.1
2025-10-29 00:30:00+01:00,63.334784460948086,55.9
2025-10-29 00:45:00+01:00,58.33466564649212,51.38
2025-10-29 01:00:00+01:00,63.50759532691375,57.96
2025-10-29 01:15:00+01:00,60.84623050605098,53.66
2025-10-29 01:30:00+01:00,59.71734216266445,53.02
2025-10-29 01:45:00+01:00,57.868450586710395,51.5
2025-10-29 02:00:00+01:00,60.69559225603827,53.21
2025-10-29 02:15:00+01:00,61.08431702782002,52.59
2025-10-29 02:30:00+01:00,57.60577455699284,55.54
2025-10-29 02:45:00+01:00,56.38069321469747,55.28
2025-10-29 03:00:00+01:00,57.62017195498827,57.35
2025-10-29 03:15:00+01:00,58.172195524655905,57.6
2025-10-29 03:30:00+01:00,58.82852647565133,56.18
2025-10-29 03:45:00+01:00,56.635230689888786,54.26
2025-10-29 04:00:00+01:00,59.71131592618686,48.64
2025-10-29 04:15:00+01:00,60.48538077165823,53.06
2025-10-29 04:30:00+01:00,62.870088593310385,56.34
2025-10-29 04:45:00+01:00,65.7216699553765,60.86
2025-10-29 05:00:00+01:00,71.76653433399211,51.67
2025-10-29 05:15:00+01:00,72.08241219912841,58.77
2025-10-29 05:30:00+01:00,70.81202070871853,73.29
2025-10-29 05:45:00+01:00,80.47718417772211,82.74
2025-10-29 06:00:00+01:00,77.79695050982008,64.35
2025-10-29 06:15:00+01:00,92.67606912136127,87.11
2025-10-29 06:30:00+01:00,95.17097135304061,99.76
2025-10-29 06:45:00+01:00,101.27873237413019,130.51
2025-10-29 07:00:00+01:00,93.26911527476767,104.81
2025-10-29 07:15:00+01:00,104.78949552180548,110.95
2025-10-29 07:30:00+01:00,109.2684372537353,110.41
2025-10-29 07:45:00+01:00,111.96797366537274,103.96
2025-10-29 08:00:00+01:00,119.1641879034634,120.34
2025-10-29 08:15:00+01:00,118.38830070530871,108.57
2025-10-29 08:30:00+01:00,111.79020361227327,97.15
2025-10-29 08:45:00+01:00,106.36975269328346,75.0
2025-10-29 09:00:00+01:00,111.08679371060677,108.09
2025-10-29 09:15:00+01:00,101.73648889417679,91.25
2025-10-29 09:30:00+01:00,94.37173801604324,75.1
2025-10-29 09:45:00+01:00,88.67582168132479,68.78
2025-10-29 10:00:00+01:00,102.50645842802545,82.13
2025-10-29 10:15:00+01:00,90.33736490909695,71.67
2025-10-29 10:30:00+01:00,81.16232872403589,68.57
2025-10-29 10:45:00+01:00,75.8527308180841,65.44
2025-10-29 11:00:00+01:00,95.38179960748653,70.94
2025-10-29 11:15:00+01:00,87.76633004204051,69.51
2025-10-29 11:30:00+01:00,80.94463852697622,70.05
2025-10-29 11:45:00+01:00,74.7687385107052,70.35
2025-10-29 12:00:00+01:00,81.59964439902456,64.7
2025-10-29 12:15:00+01:00,78.44464383484126,68.9
2025-10-29 12:30:00+01:00,78.00427012348906,71.57
2025-10-29 12:45:00+01:00,75.6118216506739,78.18
2025-10-29 13:00:00+01:00,77.9272641513231,70.07
2025-10-29 13:15:00+01:00,77.51000019477057,74.88
2025-10-29 13:30:00+01:00,76.0688325916165,75.64
2025-10-29 13:45:00+01:00,74.44511306489582,87.86
2025-10-29 14:00:00+01:00,82.4340229661468,60.03
2025-10-29 14:15:00+01:00,87.54993511642306,80.0
2025-10-29 14:30:00+01:00,87.27659752546677,100.2
2025-10-29 14:45:00+01:00,95.1880323428889,115.18
2025-10-29 15:00:00+01:00,99.34666548274122,94.81
2025-10-29 15:15:00+01:00,106.01454303679809,106.55
2025-10-29 15:30:00+01:00,118.988988170448,125.06
2025-10-29 15:45:00+01:00,132.81473594038954,139.01
2025-10-29 16:00:00+01:00,97.09059891216641,115.55
2025-10-29 16:15:00+01:00,106.71649570582929,122.58
2025-10-29 16:30:00+01:00,132.94707371600893,124.91
2025-10-29 16:45:00+01:00,158.2180719513398,141.89
2025-10-29 17:00:00+01:00,113.61582970483121,128.83
2025-10-29 17:15:00+01:00,129.33042672034085,121.9
2025-10-29 17:30:00+01:00,152.35810675382925,128.45
2025-10-29 17:45:00+01:00,183.8197165716605,128.72
2025-10-29 18:00:00+01:00,115.16230912720364,122.68
2025-10-29 18:15:00+01:00,122.79249135217876,124.55
2025-10-29 18:30:00+01:00,137.61149067529232,132.45
2025-10-29 18:45:00+01:00,138.665309050962,135.29
2025-10-29 19:00:00+01:00,137.61353828841052,128.24
2025-10-29 19:15:00+01:00,131.26942223593488,114.92
2025-10-29 19:30:00+01:00,122.56141707579313,111.55
2025-10-29 19:45:00+01:00,114.60213577019343,99.46
2025-10-29 20:00:00+01:00,117.30447761422154,108.09
2025-10-29 20:15:00+01:00,114.56270473897358,102.57
2025-10-29 20:30:00+01:00,109.56948227674721,101.0
2025-10-29 20:45:00+01:00,101.0366589468634,98.94
2025-10-29 21:00:00+01:00,113.67237389533437,101.96
2025-10-29 21:15:00+01:00,109.34845211586794,101.92
2025-10-29 21:30:00+01:00,102.61866096781478,98.32
2025-10-29 21:45:00+01:00,93.43372567052056,83.81
2025-10-29 22:00:00+01:00,105.99151978880208,105.43
2025-10-29 22:15:00+01:00,99.38949388723287,102.16
2025-10-29 22:30:00+01:00,96.77024085566667,89.64
2025-10-29 22:45:00+01:00,87.50263657543542,80.46
2025-10-29 23:00:00+01:00,95.25831586842672,94.64
2025-10-29 23:15:00+01:00,90.86734769163783,87.36
2025-10-29 23:30:00+01:00,88.35122692811963,85.13
2025-10-29 23:45:00+01:00,82.87105059307024,81.44
2025-10-30 00:00:00+01:00,83.28799542776609,90.0
2025-10-30 00:15:00+01:00,80.70570923765489,77.0
2025-10-30 00:30:00+01:00,77.89669331249029,72.12
2025-10-30 00:45:00+01:00,74.43846459739186,61.86
2025-10-30 01:00:00+01:00,74.58590612221904,78.78
2025-10-30 01:15:00+01:00,71.95352112173701,68.01
2025-10-30 01:30:00+01:00,68.56438399030182,68.38
2025-10-30 01:45:00+01:00,66.15834187265172,65.25
2025-10-30 02:00:00+01:00,67.54508374366858,67.45
2025-10-30 02:15:00+01:00,60.70528903657958,64.23
2025-10-30 02:30:00+01:00,60.74132357328888,66.79
2025-10-30 02:45:00+01:00,59.72196440682947,63.63
2025-10-30 03:00:00+01:00,57.18449575588182,67.07
2025-10-30 03:15:00+01:00,56.61324747712311,64.47
2025-10-30 03:30:00+01:00,52.4881884744962,59.36
2025-10-30 03:45:00+01:00,50.99265226005724,50.77
2025-10-30 04:00:00+01:00,52.81379760514634,63.06
2025-10-30 04:15:00+01:00,53.108693941308104,55.8
2025-10-30 04:30:00+01:00,52.72540072789201,54.65
2025-10-30 04:45:00+01:00,53.01048670768006,55.1
2025-10-30 05:00:00+01:00,59.546843030694696,53.17
2025-10-30 05:15:00+01:00,62.60261533846953,59.1
2025-10-30 05:30:00+01:00,62.27405527083275,61.65
2025-10-30 05:45:00+01:00,71.74036856608053,66.13
2025-10-30 06:00:00+01:00,58.884660085327496,60.6
2025-10-30 06:15:00+01:00,79.10209311393268,67.56
2025-10-30 06:30:00+01:00,85.61905222980103,72.35
2025-10-30 06:45:00+01:00,94.62275338977406,76.2
2025-10-30 07:00:00+01:00,92.36270175521295,70.39
2025-10-30 07:15:00+01:00,93.77103280165896,81.57
2025-10-30 07:30:00+01:00,96.99480592132403,85.2
2025-10-30 07:45:00+01:00,98.51875919045534,82.59
2025-10-30 08:00:00+01:00,105.15729219727652,98.84
2025-10-30 08:15:00+01:00,101.11624611438319,86.35
2025-10-30 08:30:00+01:00,99.76631565124475,88.33
2025-10-30 08:45:00+01:00,90.32482177817113,67.67
2025-10-30 09:00:00+01:00,96.8712955662489,87.82
2025-10-30 09:15:00+01:00,84.8260542097811,74.6
2025-10-30 09:30:00+01:00,78.35390765627943,58.72
2025-10-30 09:45:00+01:00,55.88648523055758,45.75
2025-10-30 10:00:00+01:00,77.34452683629895,77.57
2025-10-30 10:15:00+01:00,61.309623626318256,58.85
2025-10-30 10:30:00+01:00,48.75699313007147,30.15
2025-10-30 10:45:00+01:00,40.43735096558376,5.04
2025-10-30 11:00:00+01:00,52.94914285891829,13.6
2025-10-30 11:15:00+01:00,40.14601494150822,13.39
2025-10-30 11:30:00+01:00,32.026569013476895,1.34
2025-10-30 11:45:00+01:00,23.871882462979798,0.0
2025-10-30 12:00:00+01:00,21.1680063508158,0.0
2025-10-30 12:15:00+01:00,16.973415384859422,0.0
2025-10-30 12:30:00+01:00,15.139131271417014,-0.01
2025-10-30 12:45:00+01:00,13.600890701597635,0.0
2025-10-30 13:00:00+01:00,18.837447725385523,-0.04
2025-10-30 13:15:00+01:00,17.54055865776317,-0.03
2025-10-30 13:30:00+01:00,15.831821860407622,-0.01
2025-10-30 13:45:00+01:00,14.415535175111023,0.09
2025-10-30 14:00:00+01:00,35.52797354624686,0.1
2025-10-30 14:15:00+01:00,40.11124404467681,16.07
2025-10-30 14:30:00+01:00,43.77369767378619,47.13
2025-10-30 14:45:00+01:00,47.93378196210729,61.87
2025-10-30 15:00:00+01:00,69.5871336148851,20.18
2025-10-30 15:15:00+01:00,82.38042598260472,52.45
2025-10-30 15:30:00+01:00,89.24502657151876,88.59
2025-10-30 15:45:00+01:00,99.91816171834344,117.98
2025-10-30 16:00:00+01:00,87.89216176336319,43.76
2025-10-30 16:15:00+01:00,99.55256035860371,72.47
2025-10-30 16:30:00+01:00,114.9180514673388,97.76
2025-10-30 16:45:00+01:00,142.31843458760855,127.19
2025-10-30 17:00:00+01:00,102.99007416009955,105.58
2025-10-30 17:15:00+01:00,123.8197417735925,112.78
2025-10-30 17:30:00+01:00,153.98982371756773,121.01
2025-10-30 17:45:00+01:00,190.17813556088248,132.35
2025-10-30 18:00:00+01:00,120.6344096121747,116.29
2025-10-30 18:15:00+01:00,126.4463636602208,116.86
2025-10-30 18:30:00+01:00,138.5799735986807,118.74
2025-10-30 18:45:00+01:00,139.70823973971338,118.9
2025-10-30 19:00:00+01:00,128.2211525994381,121.27
2025-10-30 19:15:00+01:00,124.09761360775991,118.5
2025-10-30 19:30:00+01:00,119.25842286943316,118.47
2025-10-30 19:45:00+01:00,113.87870181769908,112.45
2025-10-30 20:00:00+01:00,121.13456480190224,118.31
2025-10-30 20:15:00+01:00,118.99619063961077,106.71
2025-10-30 20:30:00+01:00,121.08960719355709,105.19
2025-10-30 20:45:00+01:00,122.98353961911958,90.94
2025-10-30 21:00:00+01:00,119.09081742520236,108.04
2025-10-30 21:15:00+01:00,114.12929211146599,103.71
2025-10-30 21:30:00+01:00,109.19838560052142,97.97
2025-10-30 21:45:00+01:00,101.68407085795486,82.42
2025-10-30 22:00:00+01:00,112.62668881300974,106.91
2025-10-30 22:15:00+01:00,104.72971822534699,100.16
2025-10-30 22:30:00+01:00,102.94683553282863,100.54
2025-10-30 22:45:00+01:00,97.26669802187011,86.15
2025-10-30 23:00:00+01:00,99.07390068326175,105.03
2025-10-30 23:15:00+01:00,94.04882465172204,91.48
2025-10-30 23:30:00+01:00,92.41208559194774,79.75
2025-10-30 23:45:00+01:00,86.44477121281076,63.07
2025-10-31 00:00:00+01:00,96.6464654759646,102.81
2025-10-31 00:15:00+01:00,93.81232314321619,89.76
2025-10-31 00:30:00+01:00,86.07415084475731,81.66
2025-10-31 00:45:00+01:00,78.21418072293663,76.73
2025-10-31 01:00:00+01:00,90.04413377422911,87.49
2025-10-31 01:15:00+01:00,86.41055286160537,82.05
2025-10-31 01:30:00+01:00,82.55458575416539,74.0
2025-10-31 01:45:00+01:00,80.87121362310819,69.09
2025-10-31 02:00:00+01:00,86.86171981562781,80.93
2025-10-31 02:15:00+01:00,81.91755930917726,73.07
2025-10-31 02:30:00+01:00,80.92966853402082,73.0
2025-10-31 02:45:00+01:00,81.3500041289999,71.96
2025-10-31 03:00:00+01:00,82.50186132112414,71.05
2025-10-31 03:15:00+01:00,82.73795442554088,72.7
2025-10-31 03:30:00+01:00,81.80211560645792,78.15
2025-10-31 03:45:00+01:00,80.67865788741317,80.8
2025-10-31 04:00:00+01:00,81.78563473004431,72.26
2025-10-31 04:15:00+01:00,81.73394818715006,74.82
2025-10-31 04:30:00+01:00,82.71048274234042,87.36
2025-10-31 04:45:00+01:00,83.17958035922241,84.61
2025-10-31 05:00:00+01:00,81.7161719682264,83.15
2025-10-31 05:15:00+01:00,82.43262639272825,85.12
2025-10-31 05:30:00+01:00,85.47911749764465,98.06
2025-10-31 05:45:00+01:00,91.81206798007274,100.97
2025-10-31 06:00:00+01:00,85.63069351206897,101.23
2025-10-31 06:15:00+01:00,94.22047819550683,120.92
2025-10-31 06:30:00+01:00,99.77440427436952,129.3
2025-10-31 06:45:00+01:00,104.13992272610011,130.09
2025-10-31 07:00:00+01:00,105.54622108660453,124.3
2025-10-31 07:15:00+01:00,105.68483104347655,129.62
2025-10-31 07:30:00+01:00,106.65844895612474,117.5
2025-10-31 07:45:00+01:00,105.45656093055095,106.87
2025-10-31 08:00:00+01:00,109.37193933247879,135.99
2025-10-31 08:15:00+01:00,106.10924043971842,117.05
2025-10-31 08:30:00+01:00,102.40102002791272,98.37
2025-10-31 08:45:00+01:00,93.69624447567597,83.65
2025-10-31 09:00:00+01:00,105.17260907206689,108.21
2025-10-31 09:15:00+01:00,93.87690252646362,86.27
2025-10-31 09:30:00+01:00,86.71298244501007,71.42
2025-10-31 09:45:00+01:00,75.54845577762678,66.15
2025-10-31 10:00:00+01:00,87.81136902826785,79.45
2025-10-31 10:15:00+01:00,77.35388893185018,76.26
2025-10-31 10:30:00+01:00,69.99271289435416,75.02
2025-10-31 10:45:00+01:00,66.75641701541255,71.95
2025-10-31 11:00:00+01:00,81.1760798569411,75.08
2025-10-31 11:15:00+01:00,75.72495192886781,73.87
2025-10-31 11:30:00+01:00,72.20071903375535,73.0
2025-10-31 11:45:00+01:00,66.76417921471449,74.4
2025-10-31 12:00:00+01:00,72.5247349086491,71.47
2025-10-31 12:15:00+01:00,68.92653952512924,71.89
2025-10-31 12:30:00+01:00,66.74424489444402,78.92
2025-10-31 12:45:00+01:00,64.5439114781246,81.68
2025-10-31 13:00:00+01:00,71.48461120813487,75.2
2025-10-31 13:15:00+01:00,70.62540930258261,79.99
2025-10-31 13:30:00+01:00,70.01480935101226,85.35
2025-10-31 13:45:00+01:00,70.53767695165288,96.29
2025-10-31 14:00:00+01:00,72.20770775478891,79.49
2025-10-31 14:15:00+01:00,80.01183446724154,99.75
2025-10-31 14:30:00+01:00,84.55620873343187,115.58
2025-10-31 14:45:00+01:00,93.11210418055995,131.98
2025-10-31 15:00:00+01:00,86.6703926237272,107.25
2025-10-31 15:15:00+01:00,96.61739022447901,123.17
2025-10-31 15:30:00+01:00,106.12586426766468,138.94
2025-10-31 15:45:00+01:00,114.23485512606497,138.95
2025-10-31 16:00:00+01:00,87.63495778998427,133.9
2025-10-31 16:15:00+01:00,98.52189224264342,132.72
2025-10-31 16:30:00+01:00,111.10672447262186,133.9
2025-10-31 16:45:00+01:00,130.88178713319138,127.67
2025-10-31 17:00:00+01:00,94.02334346530608,134.49
2025-10-31 17:15:00+01:00,109.26848883801547,126.51
2025-10-31 17:30:00+01:00,127.6701551401364,122.64
2025-10-31 17:45:00+01:00,139.737688454656,105.06
2025-10-31 18:00:00+01:00,110.43591081275216,127.01
2025-10-31 18:15:00+01:00,118.98425665924289,116.51
2025-10-31 18:30:00+01:00,119.6690671470315,100.98
2025-10-31 18:45:00+01:00,119.79839223704116,84.62
2025-10-31 19:00:00+01:00,108.6847749802369,97.25
2025-10-31 19:15:00+01:00,102.11197229629656,84.65
2025-10-31 19:30:00+01:00,95.84030529142433,93.63
2025-10-31 19:45:00+01:00,92.27773906880854,84.49
2025-10-31 20:00:00+01:00,102.99958398807152,99.41
2025-10-31 20:15:00+01:00,97.96298195691037,91.24
2025-10-31 20:30:00+01:00,95.2914457283049,80.88
2025-10-31 20:45:00+01:00,89.55537478933701,72.66
2025-10-31 21:00:00+01:00,99.56581326678374,97.81
2025-10-31 21:15:00+01:00,96.51266786389286,90.15
2025-10-31 21:30:00+01:00,91.22318175399299,85.87
2025-10-31 21:45:00+01:00,83.91493558277533,76.03
2025-10-31 22:00:00+01:00,97.757454922326,94.91
2025-10-31 22:15:00+01:00,89.77400538205247,84.16
2025-10-31 22:30:00+01:00,84.11887883769504,79.78
2025-10-31 22:45:00+01:00,74.41739072203727,68.53
2025-10-31 23:00:00+01:00,84.71696843027341,97.16
2025-10-31 23:15:00+01:00,78.74649311381737,75.23
2025-10-31 23:30:00+01:00,75.45555484415368,55.65
2025-10-31 23:45:00+01:00,66.5885718585817,42.37
2025-11-01 00:00:00+01:00,83.54080665943881,63.5
2025-11-01 00:15:00+01:00,76.20811732032756,53.67
2025-11-01 00:30:00+01:00,62.44327493939075,52.37
2025-11-01 00:45:00+01:00,50.80792910538923,49.29
2025-11-01 01:00:00+01:00,73.66392999464205,52.32
2025-11-01 01:15:00+01:00,66.07969603045717,44.57
2025-11-01 01:30:00+01:00,57.237037922009534,32.23
2025-11-01 01:45:00+01:00,52.38617560649708,23.34
2025-11-01 02:00:00+01:00,66.32338060211943,29.31
2025-11-01 02:15:00+01:00,52.604048195475244,24.13
2025-11-01 02:30:00+01:00,49.008073837886,33.96
2025-11-01 02:45:00+01:00,49.82536193171523,25.69
2025-11-01 03:00:00+01:00,53.93056972772786,50.25
2025-11-01 03:15:00+01:00,56.72003626722561,31.33
2025-11-01 03:30:00+01:00,55.438099216407934,20.09
2025-11-01 03:45:00+01:00,53.19099143649251,18.16
2025-11-01 04:00:00+01:00,53.51910841286514,21.17
2025-11-01 04:15:00+01:00,53.39268098256167,22.48
2025-11-01 04:30:00+01:00,54.440803753964595,20.44
2025-11-01 04:45:00+01:00,58.78393079420092,15.52
2025-11-01 05:00:00+01:00,59.080946140065606,15.61
2025-11-01 05:15:00+01:00,57.2740683779533,24.04
2025-11-01 05:30:00+01:00,58.879205951414036,11.41
2025-11-01 05:45:00+01:00,65.78051459680651,10.25
2025-11-01 06:00:00+01:00,47.64513114157095,14.96
2025-11-01 06:15:00+01:00,55.16584335526777,11.44
2025-11-01 06:30:00+01:00,57.376733401159505,11.17
2025-11-01 06:45:00+01:00,55.23026126864381,8.94
2025-11-01 07:00:00+01:00,54.11988585699708,21.14
2025-11-01 07:15:00+01:00,43.929790426647735,16.17
2025-11-01 07:30:00+01:00,37.4329872703983,13.01
2025-11-01 07:45:00+01:00,34.56450228461942,20.1
2025-11-01 08:00:00+01:00,51.588897373950765,45.58
2025-11-01 08:15:00+01:00,43.37755073487111,37.76
2025-11-01 08:30:00+01:00,44.74020095173657,22.06
2025-11-01 08:45:00+01:00,39.01738320801611,14.4
2025-11-01 09:00:00+01:00,56.01041305090352,45.74
2025-11-01 09:15:00+01:00,38.81747242478523,30.08
2025-11-01 09:30:00+01:00,30.384432585513245,19.44
2025-11-01 09:45:00+01:00,11.82362413670883,12.92
2025-11-01 10:00:00+01:00,37.82245174404194,23.72
2025-11-01 10:15:00+01:00,21.63281203639916,18.08
2025-11-01 10:30:00+01:00,16.187687967174256,16.4
2025-11-01 10:45:00+01:00,16.41599974681492,15.0
2025-11-01 11:00:00+01:00,32.91369059196644,15.0
2025-11-01 11:15:00+01:00,30.655960292196497,15.06
2025-11-01 11:30:00+01:00,27.557121813073394,15.0
2025-11-01 11:45:00+01:00,22.423888739888973,17.97
2025-11-01 12:00:00+01:00,37.57474451330972,14.85
2025-11-01 12:15:00+01:00,34.86931065477376,18.0
2025-11-01 12:30:00+01:00,33.71645301114786,24.78
2025-11-01 12:45:00+01:00,33.12080154473867,26.43
2025-11-01 13:00:00+01:00,36.44905335730568,20.25
2025-11-01 13:15:00+01:00,35.17664192782853,25.51
2025-11-01 13:30:00+01:00,33.80095041154222,39.36
2025-11-01 13:45:00+01:00,33.42403687124866,41.84
2025-11-01 14:00:00+01:00,32.714010852502525,43.47
2025-11-01 14:15:00+01:00,39.48842583961913,56.26
2025-11-01 14:30:00+01:00,46.68334182681668,57.32
2025-11-01 14:45:00+01:00,54.25019464772245,58.96
2025-11-01 15:00:00+01:00,40.497618973309315,47.19
2025-11-01 15:15:00+01:00,52.219144052911105,57.23
2025-11-01 15:30:00+01:00,58.84780354216576,63.51
2025-11-01 15:45:00+01:00,62.3822435297235,68.36
2025-11-01 16:00:00+01:00,46.40896132263059,59.8
2025-11-01 16:15:00+01:00,60.31489655553759,74.87
2025-11-01 16:30:00+01:00,70.14714175136385,84.76
2025-11-01 16:45:00+01:00,81.61399578999264,86.91
2025-11-01 17:00:00+01:00,68.50982534413754,86.94
2025-11-01 17:15:00+01:00,82.13564058702629,89.24
2025-11-01 17:30:00+01:00,96.29881440970313,89.72
2025-11-01 17:45:00+01:00,101.12466951455148,89.26
2025-11-01 18:00:00+01:00,90.1385050285101,87.21
2025-11-01 18:15:00+01:00,97.34566842628126,91.0
2025-11-01 18:30:00+01:00,98.86061748019227,91.92
2025-11-01 18:45:00+01:00,97.08162051141356,86.09
2025-11-01 19:00:00+01:00,93.52245406926082,85.29
2025-11-01 19:15:00+01:00,90.53606192144666,88.22
2025-11-01 19:30:00+01:00,82.16936221753406,86.06
2025-11-01 19:45:00+01:00,75.69199587001508,86.03
2025-11-01 20:00:00+01:00,90.31549889853677,90.11
2025-11-01 20:15:00+01:00,76.87910616246151,91.0
2025-11-01 20:30:00+01:00,76.01781124921882,86.93
2025-11-01 20:45:00+01:00,73.79912770174452,76.75
2025-11-01 21:00:00+01:00,86.91573880104386,86.94
2025-11-01 21:15:00+01:00,85.30688389899069,85.1
2025-11-01 21:30:00+01:00,91.68287809704418,81.19
2025-11-01 21:45:00+01:00,91.46666150089365,79.9
2025-11-01 22:00:00+01:00,89.07163124820721,87.04
2025-11-01 22:15:00+01:00,85.59397045511777,89.5
2025-11-01 22:30:00+01:00,83.49492335099814,82.49
2025-11-01 22:45:00+01:00,78.12120306211949,72.69
2025-11-01 23:00:00+01:00,81.99064361482067,85.73
2025-11-01 23:15:00+01:00,77.37836532076861,81.82
2025-11-01 23:30:00+01:00,70.86385757713816,72.29
2025-11-01 23:45:00+01:00,65.67706674027723,70.19
2025-11-02 00:00:00+01:00,78.10273241021041,58.1
2025-11-02 00:15:00+01:00,75.05055426978038,67.03
2025-11-02 00:30:00+01:00,69.62936181228639,65.7
2025-11-02 00:45:00+01:00,64.94731511635331,66.31
2025-11-02 01:00:00+01:00,71.45087064631518,62.34
2025-11-02 01:15:00+01:00,69.79824985576259,61.91
2025-11-02 01:30:00+01:00,69.03892847677841,57.42
2025-11-02 01:45:00+01:00,65.68744585548237,59.64
2025-11-02 02:00:00+01:00,70.93005631478677,60.82
2025-11-02 02:15:00+01:00,68.13327283671418,61.64
2025-11-02 02:30:00+01:00,67.16008346229187,60.11
2025-11-02 02:45:00+01:00,67.85717088664796,61.34
2025-11-02 03:00:00+01:00,69.6560825831456,61.98
2025-11-02 03:15:00+01:00,70.63395045654377,62.59
2025-11-02 03:30:00+01:00,70.5721778548477,64.15
2025-11-02 03:45:00+01:00,70.45727568859697,62.21
2025-11-02 04:00:00+01:00,70.57756482351604,62.64
2025-11-02 04:15:00+01:00,70.8000920230388,64.62
2025-11-02 04:30:00+01:00,73.72417175986234,66.55
2025-11-02 04:45:00+01:00,73.85421222320768,74.26
2025-11-02 05:00:00+01:00,73.12524666635403,66.09
2025-11-02 05:15:00+01:00,73.32359728637229,73.98
2025-11-02 05:30:00+01:00,77.42880175711126,64.93
2025-11-02 05:45:00+01:00,81.72995394216323,70.24
2025-11-02 06:00:00+01:00,68.63170633939546,61.28
2025-11-02 06:15:00+01:00,78.91327945608728,69.49
2025-11-02 06:30:00+01:00,84.20725625696146,73.3
2025-11-02 06:45:00+01:00,86.55761309592428,77.32
2025-11-02 07:00:00+01:00,82.24242472682178,77.17
2025-11-02 07:15:00+01:00,80.00556712873293,74.59
2025-11-02 07:30:00+01:00,77.10774425417321,74.93
2025-11-02 07:45:00+01:00,72.07531128182342,75.43
2025-11-02 08:00:00+01:00,87.192000565032,81.48
2025-11-02 08:15:00+01:00,84.22870707800737,80.07
2025-11-02 08:30:00+01:00,81.79796606064869,73.77
2025-11-02 08:45:00+01:00,72.21233809312434,73.16
2025-11-02 09:00:00+01:00,96.46691072724727,91.61
2025-11-02 09:15:00+01:00,88.64657301774137,77.57
2025-11-02 09:30:00+01:00,80.19780348218514,75.62
2025-11-02 09:45:00+01:00,73.14184262273002,69.03
2025-11-02 10:00:00+01:00,79.30874297208939,81.6
2025-11-02 10:15:00+01:00,79.20408197924677,76.07
2025-11-02 10:30:00+01:00,72.67575553870134,72.26
2025-11-02 10:45:00+01:00,71.73187248903355,70.03
2025-11-02 11:00:00+01:00,78.92438133929292,75.39
2025-11-02 11:15:00+01:00,76.94203554604286,75.6
2025-11-02 11:30:00+01:00,75.50225548179394,75.07
2025-11-02 11:45:00+01:00,72.01505548693491,73.86
2025-11-02 12:00:00+01:00,73.565997746601,73.94
2025-11-02 12:15:00+01:00,71.29924697938606,73.49
2025-11-02 12:30:00+01:00,71.0107106449152,73.3
2025-11-02 12:45:00+01:00,71.57965370288898,80.12
2025-11-02 13:00:00+01:00,72.23445892030395,76.4
2025-11-02 13:15:00+01:00,71.8792026796636,79.64
2025-11-02 13:30:00+01:00,71.34261339055332,85.57
2025-11-02 13:45:00+01:00,72.05237152993578,91.04
2025-11-02 14:00:00+01:00,71.72405200268626,82.83
2025-11-02 14:15:00+01:00,78.00122655725785,88.8
2025-11-02 14:30:00+01:00,82.70177903881287,96.4
2025-11-02 14:45:00+01:00,91.0544223693675,102.17
2025-11-02 15:00:00+01:00,78.06269544320669,95.98
2025-11-02 15:15:00+01:00,91.31546235104432,106.51
2025-11-02 15:30:00+01:00,100.84178368349905,112.42
2025-11-02 15:45:00+01:00,105.01194487766136,127.7
2025-11-02 16:00:00+01:00,91.42584117254289,101.92
2025-11-02 16:15:00+01:00,100.0752710839341,110.99
2025-11-02 16:30:00+01:00,112.64778105952527,119.03
2025-11-02 16:45:00+01:00,120.72524402349501,134.07
2025-11-02 17:00:00+01:00,123.23284498032913,118.0
2025-11-02 17:15:00+01:00,121.93810884698651,131.39
2025-11-02 17:30:00+01:00,135.469034476623,138.83
2025-11-02 17:45:00+01:00,115.50015617414039,140.07
2025-11-02 18:00:00+01:00,113.28054971017829,137.52
2025-11-02 18:15:00+01:00,116.9033373271519,135.71
2025-11-02 18:30:00+01:00,116.70439840641014,130.5
2025-11-02 18:45:00+01:00,114.50247792141971,117.9
2025-11-02 19:00:00+01:00,113.96266394945125,127.2
2025-11-02 19:15:00+01:00,109.40659065354932,125.14
2025-11-02 19:30:00+01:00,105.02552909757459,108.0
2025-11-02 19:45:00+01:00,96.78637592225249,94.09
2025-11-02 20:00:00+01:00,105.89168829682215,110.97
2025-11-02 20:15:00+01:00,100.4264867715099,104.42
2025-11-02 20:30:00+01:00,95.79191013778465,92.1
2025-11-02 20:45:00+01:00,91.30922217025272,86.91
2025-11-02 21:00:00+01:00,102.17672595972385,100.06
2025-11-02 21:15:00+01:00,99.88110229892054,94.08
2025-11-02 21:30:00+01:00,96.53844329083972,95.1
2025-11-02 21:45:00+01:00,92.04832039243264,92.08
2025-11-02 22:00:00+01:00,101.32503527221016,97.54
2025-11-02 22:15:00+01:00,94.16146667136304,95.91
2025-11-02 22:30:00+01:00,90.07597492814598,95.9
2025-11-02 22:45:00+01:00,86.95492462758178,83.36
2025-11-02 23:00:00+01:00,89.8281555623215,99.08
2025-11-02 23:15:00+01:00,80.62411596514954,85.47
2025-11-02 23:30:00+01:00,75.99451125840709,83.02
2025-11-02 23:45:00+01:00,72.45837138598351,72.6
2025-11-03 00:00:00+01:00,85.13118471494886,85.52
2025-11-03 00:15:00+01:00,80.03018412117969,82.41
2025-11-03 00:30:00+01:00,73.963350206661,86.91
2025-11-03 00:45:00+01:00,69.37882013422067,74.92
2025-11-03 01:00:00+01:00,79.39466805363874,85.73
2025-11-03 01:15:00+01:00,74.45116264009476,83.86
2025-11-03 01:30:00+01:00,73.60784503644886,78.12
2025-11-03 01:45:00+01:00,71.13765652641662,72.71
2025-11-03 02:00:00+01:00,74.0680725147545,85.12
2025-11-03 02:15:00+01:00,70.89225095574888,74.74
2025-11-03 02:30:00+01:00,70.06102405530697,72.91
2025-11-03 02:45:00+01:00,69.39983819667528,67.22
2025-11-03 03:00:00+01:00,70.42804912751392,74.43
2025-11-03 03:15:00+01:00,70.76115890731029,72.06
2025-11-03 03:30:00+01:00,69.67168220702926,72.91
2025-11-03 03:45:00+01:00,69.00971759108229,73.16
2025-11-03 04:00:00+01:00,69.09428223049807,72.91
2025-11-03 04:15:00+01:00,69.14380901416101,73.58
2025-11-03 04:30:00+01:00,68.86385744763288,77.18
2025-11-03 04:45:00+01:00,68.90617706556185,76.22
2025-11-03 05:00:00+01:00,70.7602161138194,72.75
2025-11-03 05:15:00+01:00,73.00021242188619,74.93
2025-11-03 05:30:00+01:00,77.55339904204577,80.33
2025-11-03 05:45:00+01:00,82.65930608776962,71.99
2025-11-03 06:00:00+01:00,75.77007038158732,72.42
2025-11-03 06:15:00+01:00,92.8233636389955,89.31
2025-11-03 06:30:00+01:00,96.27916521358347,112.68
2025-11-03 06:45:00+01:00,105.00562307093871,106.91
2025-11-03 07:00:00+01:00,98.96676849238908,113.67
2025-11-03 07:15:00+01:00,104.6667710974749,120.45
2025-11-03 07:30:00+01:00,104.35491087716301,119.79
2025-11-03 07:45:00+01:00,98.73592623315389,115.11
2025-11-03 08:00:00+01:00,109.65381241868603,139.25
2025-11-03 08:15:00+01:00,101.79052284314231,110.0
2025-11-03 08:30:00+01:00,94.58385310629701,90.08
2025-11-03 08:45:00+01:00,85.92050261613507,80.67
2025-11-03 09:00:00+01:00,109.63212470084993,103.89
2025-11-03 09:15:00+01:00,98.04740970955068,92.57
2025-11-03 09:30:00+01:00,89.38241322054114,79.73
2025-11-03 09:45:00+01:00,81.12500836232961,66.86
2025-11-03 10:00:00+01:00,98.88673296811874,95.04
2025-11-03 10:15:00+01:00,86.37918777563593,73.67
2025-11-03 10:30:00+01:00,77.69659557703399,68.59
2025-11-03 10:45:00+01:00,74.33117129268211,64.48
2025-11-03 11:00:00+01:00,85.41741738704175,73.35
2025-11-03 11:15:00+01:00,80.85562554213814,74.49
2025-11-03 11:30:00+01:00,75.24564394532055,67.03
2025-11-03 11:45:00+01:00,71.63176011689319,71.83
2025-11-03 12:00:00+01:00,71.2254545960135,69.95
2025-11-03 12:15:00+01:00,67.20771431719919,66.39
2025-11-03 12:30:00+01:00,66.1396957324028,67.17
2025-11-03 12:45:00+01:00,65.20512572098112,68.45
2025-11-03 13:00:00+01:00,59.7100438014362,66.23
2025-11-03 13:15:00+01:00,59.35521047684287,73.16
2025-11-03 13:30:00+01:00,59.6398880464914,74.84
2025-11-03 13:45:00+01:00,61.18075899300186,73.47
2025-11-03 14:00:00+01:00,55.37950128015018,64.13
2025-11-03 14:15:00+01:00,62.443797494662775,66.63
2025-11-03 14:30:00+01:00,72.08754851411433,74.77
2025-11-03 14:45:00+01:00,82.4321651899813,94.37
2025-11-03 15:00:00+01:00,67.2892370803725,68.07
2025-11-03 15:15:00+01:00,77.11886529366727,85.11
2025-11-03 15:30:00+01:00,90.57465940583761,84.38
2025-11-03 15:45:00+01:00,99.80270550276839,92.86
2025-11-03 16:00:00+01:00,80.47665194811164,85.06
2025-11-03 16:15:00+01:00,87.73355949814838,92.1
2025-11-03 16:30:00+01:00,102.38262747010737,90.09
2025-11-03 16:45:00+01:00,115.95714215145867,103.69
2025-11-03 17:00:00+01:00,89.19025258391304,96.21
2025-11-03 17:15:00+01:00,97.25569656278297,94.53
2025-11-03 17:30:00+01:00,101.34086884453961,87.4
2025-11-03 17:45:00+01:00,108.83937828472091,91.94
2025-11-03 18:00:00+01:00,103.38659404817037,92.37
2025-11-03 18:15:00+01:00,104.29063583883878,88.6
2025-11-03 18:30:00+01:00,107.89991619679506,91.25
2025-11-03 18:45:00+01:00,103.79797626381483,90.0
2025-11-03 19:00:00+01:00,96.43322631168081,90.71
2025-11-03 19:15:00+01:00,89.98122758026322,86.8
2025-11-03 19:30:00+01:00,85.07277857961333,82.08
2025-11-03 19:45:00+01:00,83.42082689984805,66.71
2025-11-03 20:00:00+01:00,89.25560113802476,90.04
2025-11-03 20:15:00+01:00,79.777273227667,70.52
2025-11-03 20:30:00+01:00,73.92036815586478,68.34
2025-11-03 20:45:00+01:00,58.79400821535439,57.63
2025-11-03 21:00:00+01:00,86.55825462874255,63.76
2025-11-03 21:15:00+01:00,79.87717481473209,56.73
2025-11-03 21:30:00+01:00,73.4847884937398,65.24
2025-11-03 21:45:00+01:00,61.43802775269139,54.3
2025-11-03 22:00:00+01:00,81.59624660806757,66.41
2025-11-03 22:15:00+01:00,68.47270878916677,54.42
2025-11-03 22:30:00+01:00,66.58717576260054,47.99
2025-11-03 22:45:00+01:00,56.76596652899762,42.03
2025-11-03 23:00:00+01:00,74.10949474280832,50.65
2025-11-03 23:15:00+01:00,57.926456327536975,26.03
2025-11-03 23:30:00+01:00,53.450433521619026,28.98
2025-11-03 23:45:00+01:00,46.11720101057111,9.2
2025-11-04 00:00:00+01:00,55.08413555635222,35.1
2025-11-04 00:15:00+01:00,46.14905625855571,15.07
2025-11-04 00:30:00+01:00,38.1932258959791,9.95
2025-11-04 00:45:00+01:00,28.551727217828734,6.0
2025-11-04 01:00:00+01:00,48.880017669962726,9.0
2025-11-04 01:15:00+01:00,42.10682778091668,6.72
2025-11-04 01:30:00+01:00,39.41363883542225,7.42
2025-11-04 01:45:00+01:00,34.892558141487676,5.89
2025-11-04 02:00:00+01:00,50.825142497434044,5.14
2025-11-04 02:15:00+01:00,44.053791469855405,4.35
2025-11-04 02:30:00+01:00,42.2467502284159,5.05
2025-11-04 02:45:00+01:00,40.60218132425355,5.16
2025-11-04 03:00:00+01:00,48.18329001120759,5.11
2025-11-04 03:15:00+01:00,51.44884295876412,5.16
2025-11-04 03:30:00+01:00,52.22720957771929,5.76
2025-11-04 03:45:00+01:00,52.49183898992848,9.22
2025-11-04 04:00:00+01:00,55.66983520856624,5.19
2025-11-04 04:15:00+01:00,56.11881965483435,5.17
2025-11-04 04:30:00+01:00,58.86732428402382,39.5
2025-11-04 04:45:00+01:00,60.81606274225547,34.93
2025-11-04 05:00:00+01:00,58.66584752886417,18.77
2025-11-04 05:15:00+01:00,65.9930718160945,56.16
2025-11-04 05:30:00+01:00,70.41144014905558,69.89
2025-11-04 05:45:00+01:00,78.28719555721327,88.91
2025-11-04 06:00:00+01:00,76.75918360029186,33.92
2025-11-04 06:15:00+01:00,94.28622200844268,79.62
2025-11-04 06:30:00+01:00,99.41351681482726,99.44
2025-11-04 06:45:00+01:00,104.46925918450859,111.17
2025-11-04 07:00:00+01:00,102.64990945317152,106.88
2025-11-04 07:15:00+01:00,110.66147130050757,124.53
2025-11-04 07:30:00+01:00,111.84654338186269,118.01
2025-11-04 07:45:00+01:00,110.41793579522553,107.81
2025-11-04 08:00:00+01:00,116.30886420928042,130.78
2025-11-04 08:15:00+01:00,108.65199131192604,121.44
2025-11-04 08:30:00+01:00,100.50303694925432,102.96
2025-11-04 08:45:00+01:00,90.32919040826387,84.82
2025-11-04 09:00:00+01:00,96.32043467846114,98.0
2025-11-04 09:15:00+01:00,86.07119301152852,96.04
2025-11-04 09:30:00+01:00,77.39521397912603,72.95
2025-11-04 09:45:00+01:00,63.1756988532439,56.4
2025-11-04 10:00:00+01:00,80.70112549492896,73.02
2025-11-04 10:15:00+01:00,75.15580675100915,60.64
2025-11-04 10:30:00+01:00,68.25225452351818,57.45
2025-11-04 10:45:00+01:00,65.07019218436695,51.48
2025-11-04 11:00:00+01:00,72.24500388839361,57.79
2025-11-04 11:15:00+01:00,67.41928892481732,54.47
2025-11-04 11:30:00+01:00,65.12094100404818,50.23
2025-11-04 11:45:00+01:00,61.119941145686596,48.99
2025-11-04 12:00:00+01:00,61.86832126813478,47.13
2025-11-04 12:15:00+01:00,59.47213786509913,47.95
2025-11-04 12:30:00+01:00,60.186670962805735,50.1
2025-11-04 12:45:00+01:00,59.49935691927581,55.43
2025-11-04 13:00:00+01:00,57.4048383186639,44.99
2025-11-04 13:15:00+01:00,57.96462774923753,62.8
2025-11-04 13:30:00+01:00,59.36481561167307,75.52
2025-11-04 13:45:00+01:00,60.1641029420271,84.44
2025-11-04 14:00:00+01:00,59.223105928823344,52.89
2025-11-04 14:15:00+01:00,70.11876022618766,70.41
2025-11-04 14:30:00+01:00,77.79343937730846,86.89
2025-11-04 14:45:00+01:00,86.51509121236481,114.01
2025-11-04 15:00:00+01:00,83.68326430296096,84.19
2025-11-04 15:15:00+01:00,97.20892521591776,100.25
2025-11-04 15:30:00+01:00,107.71834846475628,114.35
2025-11-04 15:45:00+01:00,115.34068519986704,166.27
2025-11-04 16:00:00+01:00,93.61920920665469,92.23
2025-11-04 16:15:00+01:00,107.91179639968695,114.0
2025-11-04 16:30:00+01:00,124.52471422867481,131.29
2025-11-04 16:45:00+01:00,128.7645884392728,172.38
2025-11-04 17:00:00+01:00,108.8876289600463,132.0
2025-11-04 17:15:00+01:00,119.93281585622739,129.25
2025-11-04 17:30:00+01:00,133.0673606625866,131.85
2025-11-04 17:45:00+01:00,135.7310879037845,123.3
2025-11-04 18:00:00+01:00,117.54787154247826,153.06
2025-11-04 18:15:00+01:00,122.75792861848106,127.01
2025-11-04 18:30:00+01:00,126.2110780540204,118.0
2025-11-04 18:45:00+01:00,122.00520140358633,92.98
2025-11-04 19:00:00+01:00,114.01193593491416,132.3
2025-11-04 19:15:00+01:00,109.87075827628574,114.0
2025-11-04 19:30:00+01:00,105.36043314098995,95.0
2025-11-04 19:45:00+01:00,101.25433591328138,85.49
2025-11-04 20:00:00+01:00,107.1008279500597,106.01
2025-11-04 20:15:00+01:00,99.95217551308383,98.41
2025-11-04 20:30:00+01:00,92.51041290159718,87.68
2025-11-04 20:45:00+01:00,82.34580698346845,94.91
2025-11-04 21:00:00+01:00,96.25185735150856,105.76
2025-11-04 21:15:00+01:00,93.68774960286915,91.27
2025-11-04 21:30:00+01:00,84.86492618454969,88.9
2025-11-04 21:45:00+01:00,78.64322803256141,79.53
2025-11-04 22:00:00+01:00,91.0909899161337,91.06
2025-11-04 22:15:00+01:00,86.45100775437115,88.73
2025-11-04 22:30:00+01:00,81.32022650430521,86.82
2025-11-04 22:45:00+01:00,72.71211657953043,78.34
2025-11-04 23:00:00+01:00,87.07573276366033,80.65
2025-11-04 23:15:00+01:00,75.49756729874655,75.07
2025-11-04 23:30:00+01:00,69.18358815362566,79.53
2025-11-04 23:45:00+01:00,64.53709130634093,69.24
2025-11-05 00:00:00+01:00,80.78580604823374,80.4
2025-11-05 00:15:00+01:00,78.02144179883136,73.61
2025-11-05 00:30:00+01:00,72.73238722683894,78.24
2025-11-05 00:45:00+01:00,68.78036730929699,77.07
2025-11-05 01:00:00+01:00,74.20698491698319,76.25
2025-11-05 01:15:00+01:00,72.00143884145083,75.14
2025-11-05 01:30:00+01:00,71.27323209999787,75.98
2025-11-05 01:45:00+01:00,70.05446774615069,75.92
2025-11-05 02:00:00+01:00,77.31210986572735,70.46
2025-11-05 02:15:00+01:00,74.78494253480291,73.3
2025-11-05 02:30:00+01:00,73.41751300887877,75.42
2025-11-05 02:45:00+01:00,72.33908783660814,78.24
2025-11-05 03:00:00+01:00,75.32103598899266,73.31
2025-11-05 03:15:00+01:00,74.40800880384876,72.44
2025-11-05 03:30:00+01:00,74.79310027579797,78.0
2025-11-05 03:45:00+01:00,72.77148675449433,74.98
2025-11-05 04:00:00+01:00,73.14821484484132,73.3
2025-11-05 04:15:00+01:00,74.51048306089568,73.48
2025-11-05 04:30:00+01:00,76.43608311588096,82.79
2025-11-05 04:45:00+01:00,74.50188114166544,85.97
2025-11-05 05:00:00+01:00,73.86335982160595,71.43
2025-11-05 05:15:00+01:00,77.87643222222229,81.88
2025-11-05 05:30:00+01:00,83.56760291130168,90.84
2025-11-05 05:45:00+01:00,88.16084934000939,95.85
2025-11-05 06:00:00+01:00,84.4235195216365,82.31
2025-11-05 06:15:00+01:00,96.6940250867571,84.62
2025-11-05 06:30:00+01:00,102.40806976270063,90.38
2025-11-05 06:45:00+01:00,109.2613582922253,108.14
2025-11-05 07:00:00+01:00,108.93610207702119,108.8
2025-11-05 07:15:00+01:00,112.2158999761497,127.01
2025-11-05 07:30:00+01:00,114.41440170018714,122.25
2025-11-05 07:45:00+01:00,115.172836833652,105.54
2025-11-05 08:00:00+01:00,122.83054647931975,140.29
2025-11-05 08:15:00+01:00,112.23201197705222,117.27
2025-11-05 08:30:00+01:00,103.25682303685697,103.44
2025-11-05 08:45:00+01:00,94.0587974881535,67.46
2025-11-05 09:00:00+01:00,103.78948974966794,89.48
2025-11-05 09:15:00+01:00,90.39826959819837,76.34
2025-11-05 09:30:00+01:00,82.65030480894445,67.65
2025-11-05 09:45:00+01:00,72.8770248532794,64.69
2025-11-05 10:00:00+01:00,86.9585647260718,70.15
2025-11-05 10:15:00+01:00,76.01697630627329,60.04
2025-11-05 10:30:00+01:00,68.9354268539068,61.69
2025-11-05 10:45:00+01:00,65.93929768835343,59.65
2025-11-05 11:00:00+01:00,72.4036911399376,61.31
2025-11-05 11:15:00+01:00,68.24777959829615,59.99
2025-11-05 11:30:00+01:00,64.54098388376163,61.03
2025-11-05 11:45:00+01:00,61.78452014880145,65.7
2025-11-05 12:00:00+01:00,65.39029487653431,50.89
2025-11-05 12:15:00+01:00,63.24230450677604,61.08
2025-11-05 12:30:00+01:00,64.35189730006208,65.41
2025-11-05 12:45:00+01:00,66.78391731492258,70.9
2025-11-05 13:00:00+01:00,68.12515198989121,60.79
2025-11-05 13:15:00+01:00,69.16392658012752,71.09
2025-11-05 13:30:00+01:00,69.53851371129018,83.15
2025-11-05 13:45:00+01:00,71.02062390504543,94.3
2025-11-05 14:00:00+01:00,72.11138064450112,73.28
2025-11-05 14:15:00+01:00,81.7161335322624,91.24
2025-11-05 14:30:00+01:00,91.4980423522517,102.7
2025-11-05 14:45:00+01:00,101.68216432159831,117.55
2025-11-05 15:00:00+01:00,91.36960538068953,81.02
2025-11-05 15:15:00+01:00,105.87177744141577,110.64
2025-11-05 15:30:00+01:00,122.08619011019391,125.9
2025-11-05 15:45:00+01:00,136.59789399206562,144.02
2025-11-05 16:00:00+01:00,107.20245944253844,123.07
2025-11-05 16:15:00+01:00,122.80621157382183,130.88
2025-11-05 16:30:00+01:00,138.0636091823954,144.55
2025-11-05 16:45:00+01:00,150.3187613890105,167.03
2025-11-05 17:00:00+01:00,132.03914825835705,148.13
2025-11-05 17:15:00+01:00,159.77192259874377,153.09
2025-11-05 17:30:00+01:00,167.4097897792899,151.44
2025-11-05 17:45:00+01:00,172.14627705146694,137.01
2025-11-05 18:00:00+01:00,133.39453478149423,148.22
2025-11-05 18:15:00+01:00,138.03801746870744,134.77
2025-11-05 18:30:00+01:00,146.48059876732697,119.21
2025-11-05 18:45:00+01:00,145.33751792783522,108.12
2025-11-05 19:00:00+01:00,140.3669130267174,128.48
2025-11-05 19:15:00+01:00,134.65689335756193,116.72
2025-11-05 19:30:00+01:00,129.01934631496601,109.73
2025-11-05 19:45:00+01:00,123.57568258374283,104.09
2025-11-05 20:00:00+01:00,130.13622941362559,110.93
2025-11-05 20:15:00+01:00,121.08140798187429,103.37
2025-11-05 20:30:00+01:00,114.84941767702614,103.02
2025-11-05 20:45:00+01:00,105.44138771352958,101.84
2025-11-05 21:00:00+01:00,116.04869953902057,108.39
2025-11-05 21:15:00+01:00,110.96064586742199,102.83
2025-11-05 21:30:00+01:00,106.29595180132722,99.02
2025-11-05 21:45:00+01:00,96.8114393406822,85.43
2025-11-05 22:00:00+01:00,106.02908451356525,102.48
2025-11-05 22:15:00+01:00,99.75445133001197,89.89
2025-11-05 22:30:00+01:00,98.37911109729436,85.49
2025-11-05 22:45:00+01:00,91.25732887346501,77.53
2025-11-05 23:00:00+01:00,97.21519555139793,91.32
2025-11-05 23:15:00+01:00,89.86866162145365,91.86
2025-11-05 23:30:00+01:00,86.51870714405423,89.37
2025-11-05 23:45:00+01:00,83.42621445936504,78.25
2025-11-06 00:00:00+01:00,90.74054757817329,96.78
2025-11-06 00:15:00+01:00,89.86628069932937,93.11
2025-11-06 00:30:00+01:00,86.1366296935206,93.43
2025-11-06 00:45:00+01:00,81.38966466053232,90.17
2025-11-06 01:00:00+01:00,85.9537176255935,93.38
2025-11-06 01:15:00+01:00,86.11305688316881,91.08
2025-11-06 01:30:00+01:00,84.53384174351162,90.26
2025-11-06 01:45:00+01:00,83.17958915406862,88.6
2025-11-06 02:00:00+01:00,85.06481484402201,93.02
2025-11-06 02:15:00+01:00,84.6299985243383,90.54
2025-11-06 02:30:00+01:00,83.92703966032747,91.75
2025-11-06 02:45:00+01:00,83.83799807958393,90.28
2025-11-06 03:00:00+01:00,85.10153250980427,91.67
2025-11-06 03:15:00+01:00,84.63697731259438,91.09
2025-11-06 03:30:00+01:00,84.31373884181144,89.12
2025-11-06 03:45:00+01:00,84.04889481684738,90.14
2025-11-06 04:00:00+01:00,84.41167212630909,91.61
2025-11-06 04:15:00+01:00,85.16461915053777,91.08
2025-11-06 04:30:00+01:00,87.7638914302225,91.53
2025-11-06 04:45:00+01:00,82.90081150331066,93.38
2025-11-06 05:00:00+01:00,85.72257218343611,86.11
2025-11-06 05:15:00+01:00,89.49659467719188,88.76
2025-11-06 05:30:00+01:00,94.17548622397491,94.6
2025-11-06 05:45:00+01:00,99.55985095838115,99.21
2025-11-06 06:00:00+01:00,94.78192687457833,93.88
2025-11-06 06:15:00+01:00,108.57758887080273,113.52
2025-11-06 06:30:00+01:00,117.06183151221295,121.99
2025-11-06 06:45:00+01:00,125.747882188368,144.01
2025-11-06 07:00:00+01:00,122.14990785795527,127.72
2025-11-06 07:15:00+01:00,131.40100142848465,136.0
2025-11-06 07:30:00+01:00,134.65389047694637,136.0
2025-11-06 07:45:00+01:00,131.70850409233833,121.21
2025-11-06 08:00:00+01:00,144.50045710444022,144.97
2025-11-06 08:15:00+01:00,126.4422304946918,129.01
2025-11-06 08:30:00+01:00,111.49926795015546,111.68
2025-11-06 08:45:00+01:00,102.39701521990581,93.06
2025-11-06 09:00:00+01:00,112.0778846397889,110.73
2025-11-06 09:15:00+01:00,99.25366217146984,100.6
2025-11-06 09:30:00+01:00,92.87168391157148,86.29
2025-11-06 09:45:00+01:00,85.45672654106635,75.23
2025-11-06 10:00:00+01:00,99.78927359313505,94.8
2025-11-06 10:15:00+01:00,86.9902581514269,87.55
2025-11-06 10:30:00+01:00,78.30814157882804,80.34
2025-11-06 10:45:00+01:00,73.30139930953116,77.94
2025-11-06 11:00:00+01:00,83.2755275242595,86.9
2025-11-06 11:15:00+01:00,80.97730305762278,84.97
2025-11-06 11:30:00+01:00,77.51913450737544,82.93
2025-11-06 11:45:00+01:00,75.51011717001171,80.0
2025-11-06 12:00:00+01:00,81.06424064412442,81.13
2025-11-06 12:15:00+01:00,76.97045570349803,78.76
2025-11-06 12:30:00+01:00,76.3458374616787,86.64
2025-11-06 12:45:00+01:00,77.19964106148474,89.44
2025-11-06 13:00:00+01:00,79.25540442171786,80.8
2025-11-06 13:15:00+01:00,79.87010445252093,86.58
2025-11-06 13:30:00+01:00,79.51000035971124,87.6
2025-11-06 13:45:00+01:00,80.26109874191124,93.74
2025-11-06 14:00:00+01:00,77.29636818122663,78.51
2025-11-06 14:15:00+01:00,90.87379981447675,94.53
2025-11-06 14:30:00+01:00,105.5535063878654,102.9
2025-11-06 14:45:00+01:00,120.56429575692678,122.0
2025-11-06 15:00:00+01:00,101.02689457289233,101.31
2025-11-06 15:15:00+01:00,118.81018848403662,109.16
2025-11-06 15:30:00+01:00,133.42605416937602,135.32
2025-11-06 15:45:00+01:00,153.8140237253973,167.17
2025-11-06 16:00:00+01:00,110.73047841833082,123.1
2025-11-06 16:15:00+01:00,133.46830923792083,137.01
2025-11-06 16:30:00+01:00,155.94122264760654,156.79
2025-11-06 16:45:00+01:00,178.60690599928654,173.08
2025-11-06 17:00:00+01:00,147.12243053912277,165.46
2025-11-06 17:15:00+01:00,159.99896790369561,162.87
2025-11-06 17:30:00+01:00,176.3513896809942,150.19
2025-11-06 17:45:00+01:00,193.32959654333925,138.5
2025-11-06 18:00:00+01:00,139.26949464167166,149.09
2025-11-06 18:15:00+01:00,136.50946123265956,139.04
2025-11-06 18:30:00+01:00,145.76890462101505,134.82
2025-11-06 18:45:00+01:00,145.82723775757825,126.84
2025-11-06 19:00:00+01:00,139.06298842150457,138.15
2025-11-06 19:15:00+01:00,132.33530786777527,129.36
2025-11-06 19:30:00+01:00,126.25222423412279,119.71
2025-11-06 19:45:00+01:00,119.6241243591101,118.63
2025-11-06 20:00:00+01:00,130.68522115989438,123.02
2025-11-06 20:15:00+01:00,121.49431513657252,119.85
2025-11-06 20:30:00+01:00,114.50475185171042,112.48
2025-11-06 20:45:00+01:00,107.73855801939013,104.53
2025-11-06 21:00:00+01:00,117.65360308251138,109.64
2025-11-06 21:15:00+01:00,112.4921348992709,103.66
2025-11-06 21:30:00+01:00,108.56654251158149,101.51
2025-11-06 21:45:00+01:00,98.64049382197791,89.11
2025-11-06 22:00:00+01:00,108.6127551538724,100.1
2025-11-06 22:15:00+01:00,104.56861690478016,93.67
2025-11-06 22:30:00+01:00,101.73942812382886,101.05
2025-11-06 22:45:00+01:00,93.57885898042585,95.12
2025-11-06 23:00:00+01:00,104.00937183700357,99.89
2025-11-06 23:15:00+01:00,94.44890558176758,95.0
2025-11-06 23:30:00+01:00,92.65599291870267,87.84
2025-11-06 23:45:00+01:00,87.8636985135375,79.48
2025-11-07 00:00:00+01:00,97.90649984316033,90.9
2025-11-07 00:15:00+01:00,94.325414949871,88.27
2025-11-07 00:30:00+01:00,91.3485942773587,92.99
2025-11-07 00:45:00+01:00,87.91556962164024,88.55
2025-11-07 01:00:00+01:00,93.16699548406709,90.53
2025-11-07 01:15:00+01:00,91.24222351043055,88.44
2025-11-07 01:30:00+01:00,88.6799175149444,88.45
2025-11-07 01:45:00+01:00,88.04979800906838,87.87
2025-11-07 02:00:00+01:00,90.58665141882119,90.59
2025-11-07 02:15:00+01:00,88.47817364915981,88.98
2025-11-07 02:30:00+01:00,88.80827734144826,89.89
2025-11-07 02:45:00+01:00,88.8400862732727,88.94
2025-11-07 03:00:00+01:00,89.02874091403037,89.9
2025-11-07 03:15:00+01:00,89.53433383453033,89.54
2025-11-07 03:30:00+01:00,90.62045485948758,89.08
2025-11-07 03:45:00+01:00,90.9757693373899,89.93
2025-11-07 04:00:00+01:00,89.94119957424425,87.07
2025-11-07 04:15:00+01:00,91.44495705014918,89.4
2025-11-07 04:30:00+01:00,93.11927871531611,92.39
2025-11-07 04:45:00+01:00,93.16136616266223,92.78
2025-11-07 05:00:00+01:00,91.07977656915288,85.06
2025-11-07 05:15:00+01:00,95.97265689369924,90.29
2025-11-07 05:30:00+01:00,100.33680100758795,97.89
2025-11-07 05:45:00+01:00,107.11793897645002,103.6
2025-11-07 06:00:00+01:00,99.48947840303353,89.47
2025-11-07 06:15:00+01:00,112.474033214046,102.11
2025-11-07 06:30:00+01:00,118.50307924600679,113.11
2025-11-07 06:45:00+01:00,131.013172274267,144.37
2025-11-07 07:00:00+01:00,126.52507915684293,120.36
2025-11-07 07:15:00+01:00,133.36280463134074,137.63
2025-11-07 07:30:00+01:00,140.20666488625528,136.49
2025-11-07 07:45:00+01:00,135.470033122809,141.05
2025-11-07 08:00:00+01:00,150.86876880202468,157.49
2025-11-07 08:15:00+01:00,134.5684328377465,142.86
2025-11-07 08:30:00+01:00,123.65352920828143,117.62
2025-11-07 08:45:00+01:00,113.91460202383617,94.22
2025-11-07 09:00:00+01:00,121.32581430054375,126.3
2025-11-07 09:15:00+01:00,107.49473084753156,117.13
2025-11-07 09:30:00+01:00,98.91995011031705,99.71
2025-11-07 09:45:00+01:00,91.01814458381035,89.28
2025-11-07 10:00:00+01:00,111.27699854912049,102.85
2025-11-07 10:15:00+01:00,93.32551506288671,94.96
2025-11-07 10:30:00+01:00,95.67141544624539,89.23
2025-11-07 10:45:00+01:00,83.60663268918461,86.48
2025-11-07 11:00:00+01:00,93.0261052826055,92.54
2025-11-07 11:15:00+01:00,88.60063665276206,89.69
2025-11-07 11:30:00+01:00,83.90579704683779,89.83
2025-11-07 11:45:00+01:00,81.1203367322792,87.89
2025-11-07 12:00:00+01:00,87.11002445490529,88.29
2025-11-07 12:15:00+01:00,84.81882709040443,88.22
2025-11-07 12:30:00+01:00,83.9113140284166,88.8
2025-11-07 12:45:00+01:00,83.22380928915047,89.9
2025-11-07 13:00:00+01:00,83.74588661824313,88.23
2025-11-07 13:15:00+01:00,85.23205543321365,90.56
2025-11-07 13:30:00+01:00,84.74285323873426,93.54
2025-11-07 13:45:00+01:00,84.98085570261898,95.88
2025-11-07 14:00:00+01:00,81.11155506852174,80.82
2025-11-07 14:15:00+01:00,92.72439162598663,98.87
2025-11-07 14:30:00+01:00,104.76745856740224,106.81
2025-11-07 14:45:00+01:00,127.15502008694247,125.9
2025-11-07 15:00:00+01:00,102.81904923849731,91.87
2025-11-07 15:15:00+01:00,121.36602455798086,112.21
2025-11-07 15:30:00+01:00,132.13170217042307,133.5
2025-11-07 15:45:00+01:00,154.5748142848971,180.91
2025-11-07 16:00:00+01:00,116.12106608265633,129.33
2025-11-07 16:15:00+01:00,138.9796511428088,144.57
2025-11-07 16:30:00+01:00,162.11897763300527,166.96
2025-11-07 16:45:00+01:00,187.87749022940858,219.63
2025-11-07 17:00:00+01:00,252.7480333867886,172.06
2025-11-07 17:15:00+01:00,278.43745870288745,184.76
2025-11-07 17:30:00+01:00,213.84613557242577,180.71
2025-11-07 17:45:00+01:00,212.28792935013885,176.62
2025-11-07 18:00:00+01:00,151.4568044634915,154.59
2025-11-07 18:15:00+01:00,153.4568915237128,141.42
2025-11-07 18:30:00+01:00,157.5849781960969,142.95
2025-11-07 18:45:00+01:00,155.41986091324978,143.77
2025-11-07 19:00:00+01:00,146.02476989248532,144.45
2025-11-07 19:15:00+01:00,139.85763469003,136.28
2025-11-07 19:30:00+01:00,133.26897406808573,123.29
2025-11-07 19:45:00+01:00,129.53300104271437,121.91
2025-11-07 20:00:00+01:00,135.85003664538442,133.46
2025-11-07 20:15:00+01:00,126.00550275544433,120.71
2025-11-07 20:30:00+01:00,122.78890335022089,115.42
2025-11-07 20:45:00+01:00,115.32319048990566,108.12
2025-11-07 21:00:00+01:00,127.99957337686082,117.27
2025-11-07 21:15:00+01:00,124.74399466800037,109.6
2025-11-07 21:30:00+01:00,118.48123179700671,103.77
2025-11-07 21:45:00+01:00,112.97563203505163,95.97
2025-11-07 22:00:00+01:00,120.16365943805964,107.31
2025-11-07 22:15:00+01:00,115.56925138985083,104.51
2025-11-07 22:30:00+01:00,111.98764718448463,94.99
2025-11-07 22:45:00+01:00,106.10265460100273,86.29
2025-11-07 23:00:00+01:00,115.23184736835123,100.73
2025-11-07 23:15:00+01:00,105.26779714375844,94.99
2025-11-07 23:30:00+01:00,103.43560891382992,88.89
2025-11-07 23:45:00+01:00,97.91067512584765,83.6
2025-11-08 00:00:00+01:00,98.84650617455289,102.32
2025-11-08 00:15:00+01:00,95.28189698794188,101.1
2025-11-08 00:30:00+01:00,91.14114945825705,90.13
2025-11-08 00:45:00+01:00,88.58547624942375,92.57
2025-11-08 01:00:00+01:00,94.34140823187856,100.41
2025-11-08 01:15:00+01:00,91.29513945792552,96.56
2025-11-08 01:30:00+01:00,88.53244207511476,94.99
2025-11-08 01:45:00+01:00,87.92463482289591,93.34
2025-11-08 02:00:00+01:00,92.63123482780368,95.97
2025-11-08 02:15:00+01:00,89.32070490768649,93.29
2025-11-08 02:30:00+01:00,88.51358018319765,93.88
2025-11-08 02:45:00+01:00,88.3458093013535,92.85
2025-11-08 03:00:00+01:00,89.8015101525777,94.76
2025-11-08 03:15:00+01:00,89.16913597853926,94.22
2025-11-08 03:30:00+01:00,89.6396770582887,93.86
2025-11-08 03:45:00+01:00,88.77579815246698,93.05
2025-11-08 04:00:00+01:00,89.7443216645591,93.81
2025-11-08 04:15:00+01:00,90.2484088010208,95.56
2025-11-08 04:30:00+01:00,93.02285986274373,95.82
2025-11-08 04:45:00+01:00,95.44527454497248,94.96
2025-11-08 05:00:00+01:00,85.82091670575998,93.82
2025-11-08 05:15:00+01:00,89.84746646342992,93.65
2025-11-08 05:30:00+01:00,94.64605831610386,94.51
2025-11-08 05:45:00+01:00,97.92399403196448,94.8
2025-11-08 06:00:00+01:00,86.21378351207642,87.61
2025-11-08 06:15:00+01:00,94.52550312927914,90.7
2025-11-08 06:30:00+01:00,100.53876475436955,99.57
2025-11-08 06:45:00+01:00,109.97752518304308,103.23
2025-11-08 07:00:00+01:00,103.31756394441045,99.97
2025-11-08 07:15:00+01:00,106.53183939525404,102.67
2025-11-08 07:30:00+01:00,109.52815578077107,106.93
2025-11-08 07:45:00+01:00,106.70582724235751,105.8
2025-11-08 08:00:00+01:00,120.46129295844017,111.07
2025-11-08 08:15:00+01:00,111.58802229005869,108.31
2025-11-08 08:30:00+01:00,107.04119037123846,102.82
2025-11-08 08:45:00+01:00,96.9329271805038,99.8
2025-11-08 09:00:00+01:00,115.54292461006203,111.37
2025-11-08 09:15:00+01:00,103.83307371277921,103.77
2025-11-08 09:30:00+01:00,92.8626203596469,102.14
2025-11-08 09:45:00+01:00,83.54410451775254,97.2
2025-11-08 10:00:00+01:00,105.13446311227119,110.81
2025-11-08 10:15:00+01:00,92.12902968057487,102.83
2025-11-08 10:30:00+01:00,92.08144746008382,99.75
2025-11-08 10:45:00+01:00,83.35613027940963,95.32
2025-11-08 11:00:00+01:00,95.95474389377611,100.05
2025-11-08 11:15:00+01:00,91.29910561318961,97.89
2025-11-08 11:30:00+01:00,86.77959260247847,94.85
2025-11-08 11:45:00+01:00,88.55449829119013,95.0
2025-11-08 12:00:00+01:00,91.43927570192275,99.94
2025-11-08 12:15:00+01:00,87.65897265477533,95.84
2025-11-08 12:30:00+01:00,89.19448343776673,92.59
2025-11-08 12:45:00+01:00,88.09121639853383,92.27
2025-11-08 13:00:00+01:00,90.25735090968254,93.15
2025-11-08 13:15:00+01:00,93.00671325533122,93.59
2025-11-08 13:30:00+01:00,96.1640829892701,96.92
2025-11-08 13:45:00+01:00,102.31134630170298,99.99
2025-11-08 14:00:00+01:00,84.40997923807188,86.33
2025-11-08 14:15:00+01:00,99.47321352683832,97.21
2025-11-08 14:30:00+01:00,107.19257847770821,104.41
2025-11-08 14:45:00+01:00,119.87351810871806,118.22
2025-11-08 15:00:00+01:00,98.10194336633609,95.68
2025-11-08 15:15:00+01:00,115.174325994166,109.93
2025-11-08 15:30:00+01:00,129.97557504440417,127.0
2025-11-08 15:45:00+01:00,152.83829330684327,137.86
2025-11-08 16:00:00+01:00,107.01827737852663,112.51
2025-11-08 16:15:00+01:00,123.00811131852205,118.6
2025-11-08 16:30:00+01:00,135.99769343367436,124.42
2025-11-08 16:45:00+01:00,155.07204799484995,143.01
2025-11-08 17:00:00+01:00,150.87406763393184,123.9
2025-11-08 17:15:00+01:00,154.02737046107285,136.88
2025-11-08 17:30:00+01:00,161.11742911152072,138.04
2025-11-08 17:45:00+01:00,167.58728046823296,140.84
2025-11-08 18:00:00+01:00,135.73704126797034,137.72
2025-11-08 18:15:00+01:00,133.84615152220564,135.99
2025-11-08 18:30:00+01:00,131.37496126603875,136.78
2025-11-08 18:45:00+01:00,132.48565866698198,135.64
2025-11-08 19:00:00+01:00,133.1763522663245,136.15
2025-11-08 19:15:00+01:00,130.11301188781889,133.43
2025-11-08 19:30:00+01:00,125.10808846564386,131.0
2025-11-08 19:45:00+01:00,116.9674308652748,127.34
2025-11-08 20:00:00+01:00,130.9144955512213,132.7
2025-11-08 20:15:00+01:00,124.22323263718772,126.07
2025-11-08 20:30:00+01:00,119.14456132346598,121.83
2025-11-08 20:45:00+01:00,112.67899128976683,111.27
2025-11-08 21:00:00+01:00,120.6431881088545,122.6
2025-11-08 21:15:00+01:00,114.29919086629735,120.04
2025-11-08 21:30:00+01:00,113.1299621815379,108.39
2025-11-08 21:45:00+01:00,108.48946386775957,102.19
2025-11-08 22:00:00+01:00,113.32106831508109,112.3
2025-11-08 22:15:00+01:00,107.4262988020036,107.43
2025-11-08 22:30:00+01:00,104.59383356080257,104.69
2025-11-08 22:45:00+01:00,98.89110651543427,100.62
2025-11-08 23:00:00+01:00,109.09267022967677,104.41
2025-11-08 23:15:00+01:00,99.34111437137439,99.93
2025-11-08 23:30:00+01:00,94.45928644751879,95.0
2025-11-08 23:45:00+01:00,87.88813531003584,88.28
2025-11-09 00:00:00+01:00,102.0528641022722,99.33
2025-11-09 00:15:00+01:00,98.50148065098684,92.43
2025-11-09 00:30:00+01:00,95.89623668722804,97.99
2025-11-09 00:45:00+01:00,92.25222598560566,95.63
2025-11-09 01:00:00+01:00,96.50678530118776,100.39
2025-11-09 01:15:00+01:00,94.10210089279127,95.0
2025-11-09 01:30:00+01:00,92.20885770894155,92.42
2025-11-09 01:45:00+01:00,90.79818905659148,90.41
2025-11-09 02:00:00+01:00,94.26425973925345,95.08
2025-11-09 02:15:00+01:00,91.37812375211932,93.77
2025-11-09 02:30:00+01:00,90.44670363740809,92.07
2025-11-09 02:45:00+01:00,89.745950761845,90.41
2025-11-09 03:00:00+01:00,90.66075882352884,91.52
2025-11-09 03:15:00+01:00,90.17165386135798,90.4
2025-11-09 03:30:00+01:00,90.0543798247174,89.99
2025-11-09 03:45:00+01:00,89.94913525634274,92.62
2025-11-09 04:00:00+01:00,89.67044198918512,90.49
2025-11-09 04:15:00+01:00,90.43030313182913,91.42
2025-11-09 04:30:00+01:00,92.49118499611545,90.98
2025-11-09 04:45:00+01:00,94.07509108310376,93.7
2025-11-09 05:00:00+01:00,87.24004071001612,91.83
2025-11-09 05:15:00+01:00,90.58120408058089,91.3
2025-11-09 05:30:00+01:00,95.02997979709296,93.2
2025-11-09 05:45:00+01:00,96.05794709528952,90.41
2025-11-09 06:00:00+01:00,85.84017635551905,90.18
2025-11-09 06:15:00+01:00,94.02558611013886,89.14
2025-11-09 06:30:00+01:00,98.3204021597167,90.4
2025-11-09 06:45:00+01:00,105.49686456414473,90.03
2025-11-09 07:00:00+01:00,98.64895063897085,89.97
2025-11-09 07:15:00+01:00,98.95595382088496,84.97
2025-11-09 07:30:00+01:00,102.59670757705518,88.56
2025-11-09 07:45:00+01:00,101.06245458603227,90.96
2025-11-09 08:00:00+01:00,112.38652122753093,93.75
2025-11-09 08:15:00+01:00,104.2029695699591,100.09
2025-11-09 08:30:00+01:00,100.12318442867306,98.75
2025-11-09 08:45:00+01:00,89.04170068901546,96.5
2025-11-09 09:00:00+01:00,109.40615255322838,101.01
2025-11-09 09:15:00+01:00,97.8847207892846,98.91
2025-11-09 09:30:00+01:00,88.58123178137154,96.23
2025-11-09 09:45:00+01:00,75.48759138551979,94.32
2025-11-09 10:00:00+01:00,101.16803784797425,99.49
2025-11-09 10:15:00+01:00,89.73205919308043,96.05
2025-11-09 10:30:00+01:00,89.74177603090519,97.19
2025-11-09 10:45:00+01:00,82.65604701347638,95.4
2025-11-09 11:00:00+01:00,96.50046976088319,99.69
2025-11-09 11:15:00+01:00,94.43109523021656,98.45
2025-11-09 11:30:00+01:00,90.14483210849326,96.33
2025-11-09 11:45:00+01:00,93.3990070357575,94.75
2025-11-09 12:00:00+01:00,93.23689644206408,98.79
2025-11-09 12:15:00+01:00,90.79842888656134,97.63
2025-11-09 12:30:00+01:00,91.26988551464457,96.69
2025-11-09 12:45:00+01:00,92.68855922162045,98.24
2025-11-09 13:00:00+01:00,89.96654428210262,99.38
2025-11-09 13:15:00+01:00,91.1295453698189,98.78
2025-11-09 13:30:00+01:00,92.7051569740789,93.88
2025-11-09 13:45:00+01:00,95.33607213788235,93.57
2025-11-09 14:00:00+01:00,86.78170046050772,93.93
2025-11-09 14:15:00+01:00,95.23109707740899,93.71
2025-11-09 14:30:00+01:00,103.63294476621647,98.58
2025-11-09 14:45:00+01:00,111.524030853482,103.04
2025-11-09 15:00:00+01:00,91.51178928015256,89.97
2025-11-09 15:15:00+01:00,104.66358532840027,97.24
2025-11-09 15:30:00+01:00,116.58460003327251,99.87
2025-11-09 15:45:00+01:00,137.02693190445189,104.1
2025-11-09 16:00:00+01:00,102.31707977453169,102.66
2025-11-09 16:15:00+01:00,114.26880586457911,109.6
2025-11-09 16:30:00+01:00,127.3763775210084,112.63
2025-11-09 16:45:00+01:00,147.5277638407174,114.5
2025-11-09 17:00:00+01:00,129.19319539159875,112.92
2025-11-09 17:15:00+01:00,138.1916966832954,124.24
2025-11-09 17:30:00+01:00,142.30826798485694,130.73
2025-11-09 17:45:00+01:00,149.41090260522594,132.51
2025-11-09 18:00:00+01:00,128.3530309713062,125.56
2025-11-09 18:15:00+01:00,127.26412047786117,127.51
2025-11-09 18:30:00+01:00,127.08927169278732,126.71
2025-11-09 18:45:00+01:00,127.60113400002368,124.62
2025-11-09 19:00:00+01:00,129.76293867887367,122.09
2025-11-09 19:15:00+01:00,124.8930453835741,121.36
2025-11-09 19:30:00+01:00,118.44241511966676,114.5
2025-11-09 19:45:00+01:00,113.0069863521763,113.87
2025-11-09 20:00:00+01:00,122.20089962261268,115.16
2025-11-09 20:15:00+01:00,113.66624096297733,116.18
2025-11-09 20:30:00+01:00,106.70014497255067,102.88
2025-11-09 20:45:00+01:00,99.27192241837471,89.78
2025-11-09 21:00:00+01:00,113.24507318080978,102.84
2025-11-09 21:15:00+01:00,107.78372715290762,89.97
2025-11-09 21:30:00+01:00,104.05972197628458,93.05
2025-11-09 21:45:00+01:00,98.0362559943538,88.29
2025-11-09 22:00:00+01:00,109.9983851702973,102.83
2025-11-09 22:15:00+01:00,104.94586136424097,93.83
2025-11-09 22:30:00+01:00,101.62367785476376,89.5
2025-11-09 22:45:00+01:00,92.85354637786357,83.1
2025-11-09 23:00:00+01:00,103.22103987918352,95.11
2025-11-09 23:15:00+01:00,95.57890576353293,89.53
2025-11-09 23:30:00+01:00,91.4550527387268,89.49
2025-11-09 23:45:00+01:00,84.93102621852853,85.59
2025-11-10 00:00:00+01:00,97.12293236035558,92.38
2025-11-10 00:15:00+01:00,94.01378256479232,89.98
2025-11-10 00:30:00+01:00,91.78452039029155,87.4
2025-11-10 00:45:00+01:00,90.1760133824595,86.16
2025-11-10 01:00:00+01:00,92.15071732826353,88.71
2025-11-10 01:15:00+01:00,90.19527134122586,88.46
2025-11-10 01:30:00+01:00,89.72103196737865,86.43
2025-11-10 01:45:00+01:00,88.08764392332718,86.94
2025-11-10 02:00:00+01:00,91.17278410263671,90.65
2025-11-10 02:15:00+01:00,89.41666298946123,89.6
2025-11-10 02:30:00+01:00,89.52407780446765,88.25
2025-11-10 02:45:00+01:00,88.98437559544502,87.11
2025-11-10 03:00:00+01:00,90.73664038362726,88.17
2025-11-10 03:15:00+01:00,90.75853883929352,87.27
2025-11-10 03:30:00+01:00,92.58259225703314,87.63
2025-11-10 03:45:00+01:00,93.13208845097316,87.02
2025-11-10 04:00:00+01:00,91.9937829355305,85.32
2025-11-10 04:15:00+01:00,93.78699466922245,85.05
2025-11-10 04:30:00+01:00,96.6651230908059,87.02
2025-11-10 04:45:00+01:00,99.30838630144592,91.32
2025-11-10 05:00:00+01:00,94.0507793203427,86.07
2025-11-10 05:15:00+01:00,97.06507457528417,86.54
2025-11-10 05:30:00+01:00,103.31746597184218,94.57
2025-11-10 05:45:00+01:00,108.19684851525673,102.07
2025-11-10 06:00:00+01:00,103.02429301535078,88.27
2025-11-10 06:15:00+01:00,120.4146114742899,103.37
2025-11-10 06:30:00+01:00,133.6579411320312,122.25
2025-11-10 06:45:00+01:00,156.15349135656248,139.92
2025-11-10 07:00:00+01:00,155.05085026773344,125.13
2025-11-10 07:15:00+01:00,171.5398750794675,140.93
2025-11-10 07:30:00+01:00,171.3217692147333,149.45
2025-11-10 07:45:00+01:00,172.5824268571688,156.47
2025-11-10 08:00:00+01:00,201.383016095992,176.4
2025-11-10 08:15:00+01:00,180.09262655621507,159.14
2025-11-10 08:30:00+01:00,156.8124078107425,156.15
2025-11-10 08:45:00+01:00,126.70919813657054,139.81
2025-11-10 09:00:00+01:00,191.7016789256553,175.95
2025-11-10 09:15:00+01:00,153.75647839117448,146.07
2025-11-10 09:30:00+01:00,132.88990136509875,132.6
2025-11-10 09:45:00+01:00,114.2362552997614,122.57
2025-11-10 10:00:00+01:00,146.90007876481656,145.7
2025-11-10 10:15:00+01:00,128.12516195268455,127.54
2025-11-10 10:30:00+01:00,116.50470580219472,123.34
2025-11-10 10:45:00+01:00,103.43129908315561,108.51
2025-11-10 11:00:00+01:00,129.03419437823942,122.57
2025-11-10 11:15:00+01:00,119.1190831196364,117.76
2025-11-10 11:30:00+01:00,114.94672414896996,111.81
2025-11-10 11:45:00+01:00,113.24084983418777,108.84
2025-11-10 12:00:00+01:00,112.37729166493668,109.43
2025-11-10 12:15:00+01:00,109.31422775946535,107.39
2025-11-10 12:30:00+01:00,110.44189924255903,102.83
2025-11-10 12:45:00+01:00,112.31289055800106,104.04
2025-11-10 13:00:00+01:00,120.64487638249378,107.91
2025-11-10 13:15:00+01:00,125.23914210333983,107.08
2025-11-10 13:30:00+01:00,128.23984693756438,105.47
2025-11-10 13:45:00+01:00,128.4583829579984,113.18
2025-11-10 14:00:00+01:00,110.65649775773922,102.38
2025-11-10 14:15:00+01:00,125.15359765525513,104.13
2025-11-10 14:30:00+01:00,132.1904581040249,118.62
2025-11-10 14:45:00+01:00,146.02848243234678,137.13
2025-11-10 15:00:00+01:00,127.17583981740911,102.85
2025-11-10 15:15:00+01:00,143.5701977860433,110.52
2025-11-10 15:30:00+01:00,162.00712906378573,128.94
2025-11-10 15:45:00+01:00,189.46040581340233,162.7
2025-11-10 16:00:00+01:00,153.5505647907231,125.11
2025-11-10 16:15:00+01:00,162.2505560932438,129.52
2025-11-10 16:30:00+01:00,193.53087960190373,131.96
2025-11-10 16:45:00+01:00,228.06152756257904,146.83
2025-11-10 17:00:00+01:00,172.28208135725953,146.44
2025-11-10 17:15:00+01:00,194.8013995192453,146.3
2025-11-10 17:30:00+01:00,213.69446809962307,136.77
2025-11-10 17:45:00+01:00,217.4278088075098,128.1
2025-11-10 18:00:00+01:00,211.4340765565458,154.37
2025-11-10 18:15:00+01:00,207.5392772662612,130.56
2025-11-10 18:30:00+01:00,195.4748333972823,103.39
2025-11-10 18:45:00+01:00,188.35765162816594,94.58
2025-11-10 19:00:00+01:00,177.85030842745155,133.08
2025-11-10 19:15:00+01:00,163.5187248838215,102.11
2025-11-10 19:30:00+01:00,155.88174964285778,90.58
2025-11-10 19:45:00+01:00,149.54696633355942,88.88
2025-11-10 20:00:00+01:00,139.45308870524258,89.7
2025-11-10 20:15:00+01:00,130.5361099808768,96.4
2025-11-10 20:30:00+01:00,117.20523759864317,88.44
2025-11-10 20:45:00+01:00,110.21715240168513,85.9
2025-11-10 21:00:00+01:00,116.26494647272523,94.0
2025-11-10 21:15:00+01:00,110.30622247915582,87.63
2025-11-10 21:30:00+01:00,102.38858454482474,88.63
2025-11-10 21:45:00+01:00,94.77534318017108,85.69
2025-11-10 22:00:00+01:00,105.83917765195467,92.18
2025-11-10 22:15:00+01:00,101.2662412558279,89.59
2025-11-10 22:30:00+01:00,97.23163222001496,85.9
2025-11-10 22:45:00+01:00,92.65236293940829,85.9
2025-11-10 23:00:00+01:00,96.07930652800653,92.91
2025-11-10 23:15:00+01:00,88.18728563100859,85.62
2025-11-10 23:30:00+01:00,87.88822176106007,81.24
2025-11-10 23:45:00+01:00,83.94022017842941,75.71
2025-11-11 00:00:00+01:00,85.67295572813819,89.65
2025-11-11 00:15:00+01:00,81.78558912971287,86.47
2025-11-11 00:30:00+01:00,80.17401682844678,78.38
2025-11-11 00:45:00+01:00,77.11960868858888,78.26
2025-11-11 01:00:00+01:00,81.0235850036519,88.86
2025-11-11 01:15:00+01:00,78.65939141605085,80.93
2025-11-11 01:30:00+01:00,77.18090037700051,76.54
2025-11-11 01:45:00+01:00,74.61800098804017,73.6
2025-11-11 02:00:00+01:00,77.85644966288582,77.65
2025-11-11 02:15:00+01:00,75.33697354341204,76.9
2025-11-11 02:30:00+01:00,74.99138661467524,74.5
2025-11-11 02:45:00+01:00,75.07017962744314,74.16
2025-11-11 03:00:00+01:00,74.93089323455749,73.04
2025-11-11 03:15:00+01:00,74.5817617269151,75.86
2025-11-11 03:30:00+01:00,75.28917489673162,76.4
2025-11-11 03:45:00+01:00,75.39082991521718,74.18
2025-11-11 04:00:00+01:00,76.30168535084923,73.51
2025-11-11 04:15:00+01:00,76.61419884019772,75.37
2025-11-11 04:30:00+01:00,78.57357196427047,75.94
2025-11-11 04:45:00+01:00,79.17702878204479,77.16
2025-11-11 05:00:00+01:00,77.1222425772158,70.72
2025-11-11 05:15:00+01:00,82.86427708310002,76.63
2025-11-11 05:30:00+01:00,86.3189679707085,76.92
2025-11-11 05:45:00+01:00,87.34573847400361,84.02
2025-11-11 06:00:00+01:00,81.87631503682908,74.61
2025-11-11 06:15:00+01:00,92.49351611508106,77.76
2025-11-11 06:30:00+01:00,100.92382690010996,88.88
2025-11-11 06:45:00+01:00,106.60534888504749,105.9
2025-11-11 07:00:00+01:00,105.88645561427334,97.03
2025-11-11 07:15:00+01:00,109.72840339596833,103.94
2025-11-11 07:30:00+01:00,110.35336114299707,109.38
2025-11-11 07:45:00+01:00,107.56648675384895,110.49
2025-11-11 08:00:00+01:00,123.86004318517581,119.64
2025-11-11 08:15:00+01:00,118.33616296078502,115.42
2025-11-11 08:30:00+01:00,110.63216411858242,113.56
2025-11-11 08:45:00+01:00,95.53308049836753,106.57
2025-11-11 09:00:00+01:00,120.76893264027348,115.76
2025-11-11 09:15:00+01:00,108.59229766672237,98.64
2025-11-11 09:30:00+01:00,98.14834170234742,103.62
2025-11-11 09:45:00+01:00,88.50028150969393,94.44
2025-11-11 10:00:00+01:00,107.33201273043613,106.39
2025-11-11 10:15:00+01:00,94.56893304711097,90.83
2025-11-11 10:30:00+01:00,86.36177294857795,85.99
2025-11-11 10:45:00+01:00,86.6959733164226,82.68
2025-11-11 11:00:00+01:00,92.3388785053188,93.08
2025-11-11 11:15:00+01:00,86.73863239360197,88.87
2025-11-11 11:30:00+01:00,82.99906442994116,85.91
2025-11-11 11:45:00+01:00,80.65190529663347,83.83
2025-11-11 12:00:00+01:00,81.5102652983137,85.41
2025-11-11 12:15:00+01:00,80.53427838671534,83.58
2025-11-11 12:30:00+01:00,81.87141600276198,85.29
2025-11-11 12:45:00+01:00,83.35550893652297,92.36
2025-11-11 13:00:00+01:00,80.9731846792165,84.06
2025-11-11 13:15:00+01:00,86.36957139274672,86.7
2025-11-11 13:30:00+01:00,91.57732136631502,90.43
2025-11-11 13:45:00+01:00,96.481495670039,98.53
2025-11-11 14:00:00+01:00,82.40780044695973,87.43
2025-11-11 14:15:00+01:00,94.95147591104063,94.24
2025-11-11 14:30:00+01:00,105.20816089848294,104.77
2025-11-11 14:45:00+01:00,121.8909576391649,118.5
2025-11-11 15:00:00+01:00,91.66202520388208,97.75
2025-11-11 15:15:00+01:00,105.27356685471361,117.05
2025-11-11 15:30:00+01:00,121.09739486399909,136.58
2025-11-11 15:45:00+01:00,140.2645565459078,145.72
2025-11-11 16:00:00+01:00,106.95289720816858,128.59
2025-11-11 16:15:00+01:00,120.86018004016825,141.12
2025-11-11 16:30:00+01:00,133.20048598132902,148.68
2025-11-11 16:45:00+01:00,154.36708232768837,153.9
2025-11-11 17:00:00+01:00,139.3745191489432,147.63
2025-11-11 17:15:00+01:00,145.2072184386576,149.49
2025-11-11 17:30:00+01:00,136.37345716014195,143.6
2025-11-11 17:45:00+01:00,142.0107468073714,132.31
2025-11-11 18:00:00+01:00,125.75128851142298,137.35
2025-11-11 18:15:00+01:00,124.03089456399823,122.31
2025-11-11 18:30:00+01:00,123.39104426485623,107.44
2025-11-11 18:45:00+01:00,120.37144369661823,92.89
2025-11-11 19:00:00+01:00,118.60890883262466,112.69
2025-11-11 19:15:00+01:00,111.51660434255254,96.44
2025-11-11 19:30:00+01:00,103.18639140521017,105.18
2025-11-11 19:45:00+01:00,95.67885065643948,105.82
2025-11-11 20:00:00+01:00,107.01893567489084,106.87
2025-11-11 20:15:00+01:00,95.95532033768896,103.73
2025-11-11 20:30:00+01:00,87.09295077736064,96.9
2025-11-11 20:45:00+01:00,80.68300338008734,85.2
2025-11-11 21:00:00+01:00,100.80223494317642,106.94
2025-11-11 21:15:00+01:00,92.735933425907,96.91
2025-11-11 21:30:00+01:00,85.4475853841453,94.43
2025-11-11 21:45:00+01:00,79.72146592540687,87.25
2025-11-11 22:00:00+01:00,96.65268619646467,116.38
2025-11-11 22:15:00+01:00,88.7289000324667,94.56
2025-11-11 22:30:00+01:00,83.23162959261178,85.91
2025-11-11 22:45:00+01:00,76.39442920413656,71.39
2025-11-11 23:00:00+01:00,87.23092180785511,89.78
2025-11-11 23:15:00+01:00,78.73951576271375,79.84
2025-11-11 23:30:00+01:00,74.84567234278374,74.29
2025-11-11 23:45:00+01:00,68.23806383785015,58.09
2025-11-12 00:00:00+01:00,87.87237716314777,88.54
2025-11-12 00:15:00+01:00,83.33184270578924,76.66
2025-11-12 00:30:00+01:00,75.36179785714101,68.23
2025-11-12 00:45:00+01:00,70.75739621190331,66.48
2025-11-12 01:00:00+01:00,80.21371177481875,76.38
2025-11-12 01:15:00+01:00,75.60812645759371,69.06
2025-11-12 01:30:00+01:00,70.6540732508757,62.55
2025-11-12 01:45:00+01:00,69.37530392708211,65.27
2025-11-12 02:00:00+01:00,73.91419896009769,65.4
2025-11-12 02:15:00+01:00,68.55109865019882,64.06
2025-11-12 02:30:00+01:00,68.82581370102605,67.0
2025-11-12 02:45:00+01:00,68.07336470234952,61.18
2025-11-12 03:00:00+01:00,68.0390165883765,65.51
2025-11-12 03:15:00+01:00,67.73127719424441,62.12
2025-11-12 03:30:00+01:00,66.61550935666162,60.97
2025-11-12 03:45:00+01:00,65.2842109925808,61.0
2025-11-12 04:00:00+01:00,65.58072524317598,60.89
2025-11-12 04:15:00+01:00,65.71037856981141,63.22
2025-11-12 04:30:00+01:00,66.73018183324717,63.78
2025-11-12 04:45:00+01:00,65.02950536403077,61.31
2025-11-12 05:00:00+01:00,60.880142229207024,63.99
2025-11-12 05:15:00+01:00,67.85643342819834,66.28
2025-11-12 05:30:00+01:00,73.9289460669252,74.12
2025-11-12 05:45:00+01:00,79.97248466732222,72.81
2025-11-12 06:00:00+01:00,70.04047590035194,59.39
2025-11-12 06:15:00+01:00,82.86934228100117,77.21
2025-11-12 06:30:00+01:00,93.85298537004303,76.4
2025-11-12 06:45:00+01:00,102.63904157150385,94.99
2025-11-12 07:00:00+01:00,97.5965181058443,105.94
2025-11-12 07:15:00+01:00,105.66322067628748,107.55
2025-11-12 07:30:00+01:00,107.46266249915558,110.46
2025-11-12 07:45:00+01:00,104.57081346978532,105.09
2025-11-12 08:00:00+01:00,117.15753850498061,134.39
2025-11-12 08:15:00+01:00,109.02832698314326,109.73
2025-11-12 08:30:00+01:00,99.76322998610434,103.55
2025-11-12 08:45:00+01:00,85.91179917628934,55.22
2025-11-12 09:00:00+01:00,96.43613392642085,107.02
2025-11-12 09:15:00+01:00,86.8015431184341,83.19
2025-11-12 09:30:00+01:00,77.21078103630119,71.36
2025-11-12 09:45:00+01:00,69.05395624996746,50.88
2025-11-12 10:00:00+01:00,74.94514958270017,88.59
2025-11-12 10:15:00+01:00,65.97332424179115,72.2
2025-11-12 10:30:00+01:00,62.331979863608055,70.99
2025-11-12 10:45:00+01:00,61.05039637721584,54.33
2025-11-12 11:00:00+01:00,62.06131832078445,72.22
2025-11-12 11:15:00+01:00,57.29409011823449,58.88
2025-11-12 11:30:00+01:00,54.59548681712636,55.06
2025-11-12 11:45:00+01:00,53.26118738974349,53.86
2025-11-12 12:00:00+01:00,56.349224803111085,52.5
2025-11-12 12:15:00+01:00,54.990050985111324,54.12
2025-11-12 12:30:00+01:00,56.65722382842916,58.91
2025-11-12 12:45:00+01:00,57.66077376991854,71.01
2025-11-12 13:00:00+01:00,57.08788752071761,53.0
2025-11-12 13:15:00+01:00,61.93501720794761,64.83
2025-11-12 13:30:00+01:00,64.61204291111189,83.87
2025-11-12 13:45:00+01:00,66.92415769141229,93.37
2025-11-12 14:00:00+01:00,61.15759731464279,61.48
2025-11-12 14:15:00+01:00,71.35041460993266,57.24
2025-11-12 14:30:00+01:00,82.70128763972127,80.0
2025-11-12 14:45:00+01:00,97.707495653434,122.98
2025-11-12 15:00:00+01:00,72.60514266462349,65.85
2025-11-12 15:15:00+01:00,86.48632799222203,92.64
2025-11-12 15:30:00+01:00,102.06132182784609,127.0
2025-11-12 15:45:00+01:00,121.33430005313352,134.39
2025-11-12 16:00:00+01:00,88.38187613456265,100.0
2025-11-12 16:15:00+01:00,98.68724414925657,114.0
2025-11-12 16:30:00+01:00,109.24055374258367,116.0
2025-11-12 16:45:00+01:00,128.9181846578284,124.5
2025-11-12 17:00:00+01:00,118.17655615773415,117.21
2025-11-12 17:15:00+01:00,115.73771997306092,115.99
2025-11-12 17:30:00+01:00,113.14599523165157,119.0
2025-11-12 17:45:00+01:00,113.88042948957002,109.38
2025-11-12 18:00:00+01:00,113.15996604110587,115.99
2025-11-12 18:15:00+01:00,105.4638603985246,109.9
2025-11-12 18:30:00+01:00,99.07809056434911,99.05
2025-11-12 18:45:00+01:00,94.2343782755691,94.53
2025-11-12 19:00:00+01:00,92.81025657725554,99.35
2025-11-12 19:15:00+01:00,81.53214863122184,87.42
2025-11-12 19:30:00+01:00,80.4471858589349,87.21
2025-11-12 19:45:00+01:00,67.15896601100377,81.73
2025-11-12 20:00:00+01:00,84.96090116134656,85.5
2025-11-12 20:15:00+01:00,71.50828131174924,84.81
2025-11-12 20:30:00+01:00,61.845776373392354,86.03
2025-11-12 20:45:00+01:00,54.277978683726566,67.44
2025-11-12 21:00:00+01:00,69.82053155374363,106.53
2025-11-12 21:15:00+01:00,64.47623188621498,86.02
2025-11-12 21:30:00+01:00,65.47737603269269,63.0
2025-11-12 21:45:00+01:00,54.22122691280233,52.07
2025-11-12 22:00:00+01:00,81.61752401036563,102.13
2025-11-12 22:15:00+01:00,68.8266988925941,79.43
2025-11-12 22:30:00+01:00,56.83910694203306,64.63
2025-11-12 22:45:00+01:00,47.62131447162643,55.99
2025-11-12 23:00:00+01:00,73.14311025647139,73.57
2025-11-12 23:15:00+01:00,61.79003018838854,64.53
2025-11-12 23:30:00+01:00,56.69417970446049,51.41
2025-11-12 23:45:00+01:00,41.37427843987012,38.23
2025-11-13 00:00:00+01:00,61.451145663119625,44.57
2025-11-13 00:15:00+01:00,55.11051584260212,36.24
2025-11-13 00:30:00+01:00,45.7027401533852,30.88
2025-11-13 00:45:00+01:00,36.035987445412395,19.98
2025-11-13 01:00:00+01:00,52.106633970023864,25.37
2025-11-13 01:15:00+01:00,40.48559446218132,19.03
2025-11-13 01:30:00+01:00,27.820495864544633,17.26
2025-11-13 01:45:00+01:00,24.270859268076983,14.23
2025-11-13 02:00:00+01:00,37.05374269234978,14.2
2025-11-13 02:15:00+01:00,25.726684476524923,13.36
2025-11-13 02:30:00+01:00,26.472974059116744,9.25
2025-11-13 02:45:00+01:00,23.679466875655116,7.94
2025-11-13 03:00:00+01:00,28.691946327766857,8.57
2025-11-13 03:15:00+01:00,28.24217174372795,8.09
2025-11-13 03:30:00+01:00,25.348788547271795,7.91
2025-11-13 03:45:00+01:00,23.43678290920444,6.55
2025-11-13 04:00:00+01:00,31.623724851171325,5.64
2025-11-13 04:15:00+01:00,32.36636824285578,5.63
2025-11-13 04:30:00+01:00,33.111152510546816,5.63
2025-11-13 04:45:00+01:00,36.79260425905998,7.1
2025-11-13 05:00:00+01:00,31.162297408968406,9.18
2025-11-13 05:15:00+01:00,46.87894898539242,15.63
2025-11-13 05:30:00+01:00,52.21040520726861,32.1
2025-11-13 05:45:00+01:00,61.95643308362209,46.98
2025-11-13 06:00:00+01:00,41.85193301436271,33.77
2025-11-13 06:15:00+01:00,64.95136857908273,54.99
2025-11-13 06:30:00+01:00,77.14693969955783,57.17
2025-11-13 06:45:00+01:00,90.18740572756708,57.61
2025-11-13 07:00:00+01:00,74.6310668805016,56.18
2025-11-13 07:15:00+01:00,85.75557644988703,85.02
2025-11-13 07:30:00+01:00,90.13691401570311,86.11
2025-11-13 07:45:00+01:00,87.65954464026592,80.07
2025-11-13 08:00:00+01:00,95.80787771544179,85.29
2025-11-13 08:15:00+01:00,92.02338033873006,67.91
2025-11-13 08:30:00+01:00,85.40186648453673,51.65
2025-11-13 08:45:00+01:00,72.54416862317737,59.48
2025-11-13 09:00:00+01:00,82.58679276085164,58.79
2025-11-13 09:15:00+01:00,71.35907195110696,56.76
2025-11-13 09:30:00+01:00,63.53722672951634,50.6
2025-11-13 09:45:00+01:00,53.01930921407846,48.29
2025-11-13 10:00:00+01:00,67.34018081883457,58.51
2025-11-13 10:15:00+01:00,57.20779538197363,50.4
2025-11-13 10:30:00+01:00,47.68149724347995,47.59
2025-11-13 10:45:00+01:00,43.050862214706086,44.79
2025-11-13 11:00:00+01:00,41.402242220255275,47.25
2025-11-13 11:15:00+01:00,38.56490810991565,36.95
2025-11-13 11:30:00+01:00,36.27503986540986,40.07
2025-11-13 11:45:00+01:00,34.460399700163336,47.57
2025-11-13 12:00:00+01:00,48.15716441140982,42.05
2025-11-13 12:15:00+01:00,47.45632725073472,46.86
2025-11-13 12:30:00+01:00,48.763836855198264,51.23
2025-11-13 12:45:00+01:00,47.33562747487095,52.22
2025-11-13 13:00:00+01:00,52.45457808625957,50.41
2025-11-13 13:15:00+01:00,53.92929432106798,52.21
2025-11-13 13:30:00+01:00,52.61993011249628,68.01
2025-11-13 13:45:00+01:00,53.55219033441326,71.66
2025-11-13 14:00:00+01:00,50.75243852152848,48.49
2025-11-13 14:15:00+01:00,61.36788313485324,64.37
2025-11-13 14:30:00+01:00,74.32634448866851,80.27
2025-11-13 14:45:00+01:00,88.22113481748895,116.21
2025-11-13 15:00:00+01:00,66.38452306945211,66.94
2025-11-13 15:15:00+01:00,81.56480808233023,85.44
2025-11-13 15:30:00+01:00,99.6625994141765,118.21
2025-11-13 15:45:00+01:00,120.18538580030315,136.07
2025-11-13 16:00:00+01:00,80.17580793824604,75.35
2025-11-13 16:15:00+01:00,93.50572041118588,118.17
2025-11-13 16:30:00+01:00,106.67049154574977,129.6
2025-11-13 16:45:00+01:00,128.38017919879127,122.93
2025-11-13 17:00:00+01:00,110.61773679700752,114.95
2025-11-13 17:15:00+01:00,118.18960908041302,128.49
2025-11-13 17:30:00+01:00,124.60900030797026,134.41
2025-11-13 17:45:00+01:00,127.47656129933151,142.55
2025-11-13 18:00:00+01:00,118.71272058645958,125.67
2025-11-13 18:15:00+01:00,118.55587575870045,128.47
2025-11-13 18:30:00+01:00,118.88296508290307,134.35
2025-11-13 18:45:00+01:00,116.32545842744119,138.72
2025-11-13 19:00:00+01:00,124.0185703079879,132.32
2025-11-13 19:15:00+01:00,122.046530636995,130.57
2025-11-13 19:30:00+01:00,113.70896537274167,130.15
2025-11-13 19:45:00+01:00,112.10582114184957,126.51
2025-11-13 20:00:00+01:00,127.1195584214038,122.99
2025-11-13 20:15:00+01:00,119.70615000710809,107.94
2025-11-13 20:30:00+01:00,114.91682312470877,102.16
2025-11-13 20:45:00+01:00,106.1697182933198,114.29
2025-11-13 21:00:00+01:00,125.33316130181545,131.32
2025-11-13 21:15:00+01:00,117.34317324245345,123.82
2025-11-13 21:30:00+01:00,112.68055398251553,111.33
2025-11-13 21:45:00+01:00,106.43887882579119,99.96
2025-11-13 22:00:00+01:00,117.07088764844157,127.32
2025-11-13 22:15:00+01:00,109.43873460810906,114.18
2025-11-13 22:30:00+01:00,106.9600615766427,103.83
2025-11-13 22:45:00+01:00,98.35665811276145,97.01
2025-11-13 23:00:00+01:00,112.27141669325744,117.09
2025-11-13 23:15:00+01:00,101.86473334821116,109.52
2025-11-13 23:30:00+01:00,97.51849994348787,100.01
2025-11-13 23:45:00+01:00,91.51038689158378,84.47
2025-11-14 00:00:00+01:00,104.44947264718593,97.96
2025-11-14 00:15:00+01:00,101.2017416074464,94.94
2025-11-14 00:30:00+01:00,97.91739945067843,101.3
2025-11-14 00:45:00+01:00,92.03622747952066,99.57
2025-11-14 01:00:00+01:00,98.9264331049655,96.96
2025-11-14 01:15:00+01:00,95.28978158223387,91.72
2025-11-14 01:30:00+01:00,92.96656957922043,98.89
2025-11-14 01:45:00+01:00,91.71424573694496,95.64
2025-11-14 02:00:00+01:00,94.74092400399788,98.65
2025-11-14 02:15:00+01:00,91.04175599893046,97.3
2025-11-14 02:30:00+01:00,91.80477855788541,97.09
2025-11-14 02:45:00+01:00,91.37045653060278,86.69
2025-11-14 03:00:00+01:00,90.46523403192468,90.79
2025-11-14 03:15:00+01:00,90.5499428168103,89.83
2025-11-14 03:30:00+01:00,90.05984883574595,90.62
2025-11-14 03:45:00+01:00,90.4043854871399,94.88
2025-11-14 04:00:00+01:00,89.06307667640773,88.83
2025-11-14 04:15:00+01:00,90.1177274323499,90.07
2025-11-14 04:30:00+01:00,90.6201764107172,93.05
2025-11-14 04:45:00+01:00,90.72089323678374,96.57
2025-11-14 05:00:00+01:00,90.28784543628727,95.69
2025-11-14 05:15:00+01:00,92.6462931903047,92.08
2025-11-14 05:30:00+01:00,98.13372717921962,86.08
2025-11-14 05:45:00+01:00,99.0443443340402,92.56
2025-11-14 06:00:00+01:00,99.62756903935548,97.64
2025-11-14 06:15:00+01:00,107.85153183885406,113.1
2025-11-14 06:30:00+01:00,113.37490223564711,112.87
2025-11-14 06:45:00+01:00,123.783815438607,127.5
2025-11-14 07:00:00+01:00,118.11184406781535,131.0
2025-11-14 07:15:00+01:00,125.23520956433708,140.0
2025-11-14 07:30:00+01:00,128.58340889239545,139.99
2025-11-14 07:45:00+01:00,125.99404951136196,142.4
2025-11-14 08:00:00+01:00,146.06801521720988,153.68
2025-11-14 08:15:00+01:00,130.76199626059866,140.31
2025-11-14 08:30:00+01:00,123.06091598297067,132.54
2025-11-14 08:45:00+01:00,114.09972720452413,119.01
2025-11-14 09:00:00+01:00,129.87803034057663,134.74
2025-11-14 09:15:00+01:00,118.03376042778949,121.93
2025-11-14 09:30:00+01:00,109.0998603760562,119.9
2025-11-14 09:45:00+01:00,100.46504221057171,107.04
2025-11-14 10:00:00+01:00,115.56860278901134,122.8
2025-11-14 10:15:00+01:00,102.35570119084122,115.64
2025-11-14 10:30:00+01:00,96.05285833642019,106.17
2025-11-14 10:45:00+01:00,90.7545776492036,103.5
2025-11-14 11:00:00+01:00,96.6893805206266,110.37
2025-11-14 11:15:00+01:00,93.56631141157757,106.29
2025-11-14 11:30:00+01:00,91.76490523931156,105.23
2025-11-14 11:45:00+01:00,91.49801429398087,102.25
2025-11-14 12:00:00+01:00,88.71532219727268,102.1
2025-11-14 12:15:00+01:00,85.96200185962334,100.0
2025-11-14 12:30:00+01:00,85.33347052107864,99.55
2025-11-14 12:45:00+01:00,86.05913659800996,103.25
2025-11-14 13:00:00+01:00,85.45756838081894,102.19
2025-11-14 13:15:00+01:00,87.81816813718383,101.52
2025-11-14 13:30:00+01:00,90.14903938166566,105.28
2025-11-14 13:45:00+01:00,93.24141561986576,112.7
2025-11-14 14:00:00+01:00,80.91686434452953,103.69
2025-11-14 14:15:00+01:00,91.0385868388576,110.7
2025-11-14 14:30:00+01:00,105.56899054578605,101.27
2025-11-14 14:45:00+01:00,125.27303345894894,112.59
2025-11-14 15:00:00+01:00,92.97922303639012,112.71
2025-11-14 15:15:00+01:00,108.15669558312399,107.77
2025-11-14 15:30:00+01:00,133.96187221573732,117.26
2025-11-14 15:45:00+01:00,157.13783341077126,123.83
2025-11-14 16:00:00+01:00,127.09370927550732,117.04
2025-11-14 16:15:00+01:00,121.5732108364715,124.91
2025-11-14 16:30:00+01:00,137.47076041686773,106.9
2025-11-14 16:45:00+01:00,152.6981966903919,115.01
2025-11-14 17:00:00+01:00,126.29865599719169,135.55
2025-11-14 17:15:00+01:00,135.33276983342225,134.26
2025-11-14 17:30:00+01:00,135.5126649180275,130.94
2025-11-14 17:45:00+01:00,146.91644938909516,125.53
2025-11-14 18:00:00+01:00,112.14214482256499,121.17
2025-11-14 18:15:00+01:00,118.50786781957638,106.01
2025-11-14 18:30:00+01:00,117.89285994602253,117.06
2025-11-14 18:45:00+01:00,116.00815303454864,135.0
2025-11-14 19:00:00+01:00,113.98323513767313,124.96
2025-11-14 19:15:00+01:00,105.04972817540094,102.29
2025-11-14 19:30:00+01:00,98.22145672374836,100.0
2025-11-14 19:45:00+01:00,91.79441726207267,98.71
2025-11-14 20:00:00+01:00,108.63176512152847,101.25
2025-11-14 20:15:00+01:00,99.62426684019745,94.69
2025-11-14 20:30:00+01:00,89.10212925867602,98.42
2025-11-14 20:45:00+01:00,75.32531173495639,101.3
2025-11-14 21:00:00+01:00,100.3228015018059,102.7
2025-11-14 21:15:00+01:00,88.82653720456234,89.06
2025-11-14 21:30:00+01:00,85.80125264561916,92.94
2025-11-14 21:45:00+01:00,64.83989422084716,87.95
2025-11-14 22:00:00+01:00,99.52056109423953,103.2
2025-11-14 22:15:00+01:00,88.44228565321325,101.22
2025-11-14 22:30:00+01:00,83.10351334977118,99.72
2025-11-14 22:45:00+01:00,67.45850306530633,83.92
2025-11-14 23:00:00+01:00,85.83847299928341,98.68
2025-11-14 23:15:00+01:00,77.74392525306551,85.12
2025-11-14 23:30:00+01:00,71.15855752601757,72.97
2025-11-14 23:45:00+01:00,54.975945092974364,57.83
2025-11-15 00:00:00+01:00,83.86977256695428,85.67
2025-11-15 00:15:00+01:00,77.81187033773325,78.99
2025-11-15 00:30:00+01:00,71.43249151178993,78.58
2025-11-15 00:45:00+01:00,64.88669281157776,66.27
2025-11-15 01:00:00+01:00,76.64637435058707,83.9
2025-11-15 01:15:00+01:00,69.28704648714304,81.59
2025-11-15 01:30:00+01:00,65.6615659416691,75.97
2025-11-15 01:45:00+01:00,62.47845561945462,70.34
2025-11-15 02:00:00+01:00,67.11606394428688,81.24
2025-11-15 02:15:00+01:00,61.89229406074345,75.07
2025-11-15 02:30:00+01:00,62.28219492439321,73.9
2025-11-15 02:45:00+01:00,60.109600292166256,68.66
2025-11-15 03:00:00+01:00,60.09052248228372,76.0
2025-11-15 03:15:00+01:00,61.43826786249909,69.39
2025-11-15 03:30:00+01:00,61.208815228339176,74.16
2025-11-15 03:45:00+01:00,58.60593984720557,72.57
2025-11-15 04:00:00+01:00,58.65717004798989,77.16
2025-11-15 04:15:00+01:00,59.619650351462155,73.94
2025-11-15 04:30:00+01:00,63.87914956483141,68.64
2025-11-15 04:45:00+01:00,65.91612814570561,69.06
2025-11-15 05:00:00+01:00,56.98260037655202,66.21
2025-11-15 05:15:00+01:00,65.50654353001751,66.91
2025-11-15 05:30:00+01:00,71.09914742580926,69.23
2025-11-15 05:45:00+01:00,74.29552210267039,80.11
2025-11-15 06:00:00+01:00,37.693190244301064,55.15
2025-11-15 06:15:00+01:00,64.061826422878,66.7
2025-11-15 06:30:00+01:00,72.2782501808687,70.26
2025-11-15 06:45:00+01:00,77.89364767308862,80.52
2025-11-15 07:00:00+01:00,66.81812253811904,77.02
2025-11-15 07:15:00+01:00,75.74034611231592,77.91
2025-11-15 07:30:00+01:00,80.91369397835889,77.87
2025-11-15 07:45:00+01:00,81.60381629624271,75.42
2025-11-15 08:00:00+01:00,92.37707014330778,74.37
2025-11-15 08:15:00+01:00,90.98212590275068,75.05
2025-11-15 08:30:00+01:00,86.20509868156186,86.93
2025-11-15 08:45:00+01:00,83.08190074616864,83.91
2025-11-15 09:00:00+01:00,96.6777408071042,85.34
2025-11-15 09:15:00+01:00,86.31436098488014,80.35
2025-11-15 09:30:00+01:00,81.24503659205219,89.91
2025-11-15 09:45:00+01:00,69.57637279367027,85.34
2025-11-15 10:00:00+01:00,89.09949667178105,86.85
2025-11-15 10:15:00+01:00,79.80949168313474,85.94
2025-11-15 10:30:00+01:00,75.35273214348499,83.26
2025-11-15 10:45:00+01:00,70.94257252563847,86.4
2025-11-15 11:00:00+01:00,88.51904182217112,86.32
2025-11-15 11:15:00+01:00,83.0533784854891,85.68
2025-11-15 11:30:00+01:00,80.46442118874029,86.13
2025-11-15 11:45:00+01:00,76.61425835035054,83.56
2025-11-15 12:00:00+01:00,80.29775816005892,80.74
2025-11-15 12:15:00+01:00,80.99654310360668,81.24
2025-11-15 12:30:00+01:00,81.41741420379694,87.28
2025-11-15 12:45:00+01:00,82.805850219519,87.51
2025-11-15 13:00:00+01:00,78.34443858037145,85.99
2025-11-15 13:15:00+01:00,82.92580740502414,93.42
2025-11-15 13:30:00+01:00,84.25681805902687,89.31
2025-11-15 13:45:00+01:00,85.00170621512254,93.95
2025-11-15 14:00:00+01:00,75.15609714903702,89.91
2025-11-15 14:15:00+01:00,84.55765342383037,89.92
2025-11-15 14:30:00+01:00,92.88474227651855,89.91
2025-11-15 14:45:00+01:00,106.95091566245917,108.87
2025-11-15 15:00:00+01:00,79.19689636347067,95.82
2025-11-15 15:15:00+01:00,89.63036644945585,106.91
2025-11-15 15:30:00+01:00,103.21931666479003,91.28
2025-11-15 15:45:00+01:00,120.7065039413852,110.76
2025-11-15 16:00:00+01:00,81.9546556924126,106.37
2025-11-15 16:15:00+01:00,94.08208554737836,101.5
2025-11-15 16:30:00+01:00,108.26766006838966,110.3
2025-11-15 16:45:00+01:00,122.26124187646863,121.0
2025-11-15 17:00:00+01:00,102.94917922260011,114.26
2025-11-15 17:15:00+01:00,114.48269846830938,125.02
2025-11-15 17:30:00+01:00,123.03398849630636,125.01
2025-11-15 17:45:00+01:00,127.53182304711387,122.91
2025-11-15 18:00:00+01:00,115.95303040363054,125.04
2025-11-15 18:15:00+01:00,116.02951517406922,126.39
2025-11-15 18:30:00+01:00,115.42018346914827,120.84
2025-11-15 18:45:00+01:00,114.40533555780019,113.82
2025-11-15 19:00:00+01:00,117.60312716779482,117.9
2025-11-15 19:15:00+01:00,115.08131499257703,110.6
2025-11-15 19:30:00+01:00,109.43681718203737,117.56
2025-11-15 19:45:00+01:00,102.10862715259309,110.2
2025-11-15 20:00:00+01:00,116.92449657474594,110.98
2025-11-15 20:15:00+01:00,109.92784179258933,118.68
2025-11-15 20:30:00+01:00,103.69456907706412,108.16
2025-11-15 20:45:00+01:00,96.11415872190105,98.68
2025-11-15 21:00:00+01:00,114.84110724317709,105.62
2025-11-15 21:15:00+01:00,109.80224233432519,103.29
2025-11-15 21:30:00+01:00,105.95088549942612,102.64
2025-11-15 21:45:00+01:00,95.46111105864122,99.99
2025-11-15 22:00:00+01:00,109.25338933430955,108.66
2025-11-15 22:15:00+01:00,105.44086557235057,103.21
2025-11-15 22:30:00+01:00,102.82594612563793,100.03
2025-11-15 22:45:00+01:00,96.81915701085185,94.97
2025-11-15 23:00:00+01:00,104.85972741782176,105.39
2025-11-15 23:15:00+01:00,97.24575471236606,100.0
2025-11-15 23:30:00+01:00,94.5756487034316,98.79
2025-11-15 23:45:00+01:00,91.92192677917545,87.29
2025-11-16 00:00:00+01:00,96.64776079412417,96.71
2025-11-16 00:15:00+01:00,94.50178461275087,93.15
2025-11-16 00:30:00+01:00,93.18155494555296,92.08
2025-11-16 00:45:00+01:00,90.6021301518773,93.05
2025-11-16 01:00:00+01:00,92.41179694675635,97.78
2025-11-16 01:15:00+01:00,90.55758526786161,91.71
2025-11-16 01:30:00+01:00,89.10122755913896,96.65
2025-11-16 01:45:00+01:00,88.34949977509174,93.86
2025-11-16 02:00:00+01:00,90.2963692641792,93.27
2025-11-16 02:15:00+01:00,88.37549433004956,88.56
2025-11-16 02:30:00+01:00,87.90922877750097,95.81
2025-11-16 02:45:00+01:00,86.73855250980235,95.76
2025-11-16 03:00:00+01:00,87.80666181769745,96.81
2025-11-16 03:15:00+01:00,86.25763703237303,94.75
2025-11-16 03:30:00+01:00,85.66387880870722,87.09
2025-11-16 03:45:00+01:00,85.80444935860301,87.15
2025-11-16 04:00:00+01:00,85.40786930527037,90.81
2025-11-16 04:15:00+01:00,85.91762841044783,88.21
2025-11-16 04:30:00+01:00,88.06346368891565,87.1
2025-11-16 04:45:00+01:00,87.95282961697914,86.74
2025-11-16 05:00:00+01:00,86.06767291533767,97.99
2025-11-16 05:15:00+01:00,87.05094611913061,90.41
2025-11-16 05:30:00+01:00,90.15063574318552,89.05
2025-11-16 05:45:00+01:00,91.65384039515202,87.07
2025-11-16 06:00:00+01:00,81.71744062316061,81.65
2025-11-16 06:15:00+01:00,87.94535876838609,86.92
2025-11-16 06:30:00+01:00,92.70163982749028,87.03
2025-11-16 06:45:00+01:00,96.87891916125787,87.09
2025-11-16 07:00:00+01:00,91.17368157980833,87.08
2025-11-16 07:15:00+01:00,93.44720676589884,98.16
2025-11-16 07:30:00+01:00,97.16995091530536,88.34
2025-11-16 07:45:00+01:00,97.52376675725206,96.37
2025-11-16 08:00:00+01:00,106.24989136831822,99.1
2025-11-16 08:15:00+01:00,104.0005827627876,99.1
2025-11-16 08:30:00+01:00,97.69089031161663,99.83
2025-11-16 08:45:00+01:00,86.90638216512161,95.93
2025-11-16 09:00:00+01:00,104.91575798953083,102.31
2025-11-16 09:15:00+01:00,95.42308653744016,101.76
2025-11-16 09:30:00+01:00,87.14743047173585,100.73
2025-11-16 09:45:00+01:00,77.07279789609319,99.94
2025-11-16 10:00:00+01:00,99.3410917744501,100.3
2025-11-16 10:15:00+01:00,88.55129938283207,99.55
2025-11-16 10:30:00+01:00,86.20629152715722,97.84
2025-11-16 10:45:00+01:00,80.1962257545807,99.42
2025-11-16 11:00:00+01:00,89.81411355534404,102.12
2025-11-16 11:15:00+01:00,86.62402940366567,103.86
2025-11-16 11:30:00+01:00,87.74344094865097,103.62
2025-11-16 11:45:00+01:00,85.9179264496867,100.67
2025-11-16 12:00:00+01:00,85.99880064864138,105.58
2025-11-16 12:15:00+01:00,85.61211066398015,101.2
2025-11-16 12:30:00+01:00,85.93957297778721,101.82
2025-11-16 12:45:00+01:00,86.72504071899746,101.27
2025-11-16 13:00:00+01:00,84.45959116031281,103.21
2025-11-16 13:15:00+01:00,87.50303512505994,106.63
2025-11-16 13:30:00+01:00,89.18814381589445,102.18
2025-11-16 13:45:00+01:00,92.6717774324711,103.97
2025-11-16 14:00:00+01:00,82.66437965063885,100.78
2025-11-16 14:15:00+01:00,92.70230335725412,109.6
2025-11-16 14:30:00+01:00,98.40932893249487,112.81
2025-11-16 14:45:00+01:00,110.48030907517392,113.87
2025-11-16 15:00:00+01:00,89.65866770993583,107.38
2025-11-16 15:15:00+01:00,101.50395371752933,113.55
2025-11-16 15:30:00+01:00,117.73910444252164,118.89
2025-11-16 15:45:00+01:00,125.75686112496311,127.06
2025-11-16 16:00:00+01:00,96.13135267692233,116.32
2025-11-16 16:15:00+01:00,109.32363090825615,121.55
2025-11-16 16:30:00+01:00,118.57768890340168,124.93
2025-11-16 16:45:00+01:00,131.0819404148408,135.18
2025-11-16 17:00:00+01:00,114.75628752646568,123.83
2025-11-16 17:15:00+01:00,117.32558124903014,128.9
2025-11-16 17:30:00+01:00,126.24224257071982,132.94
2025-11-16 17:45:00+01:00,132.87677347014647,131.82
2025-11-16 18:00:00+01:00,119.39713238308934,129.5
2025-11-16 18:15:00+01:00,120.61325447727754,125.13
2025-11-16 18:30:00+01:00,120.04770361262952,124.71
2025-11-16 18:45:00+01:00,118.74212765201408,121.5
2025-11-16 19:00:00+01:00,121.03832750195917,120.2
2025-11-16 19:15:00+01:00,114.4920430075185,116.98
2025-11-16 19:30:00+01:00,109.7316818292417,116.05
2025-11-16 19:45:00+01:00,103.64458656715945,108.09
2025-11-16 20:00:00+01:00,114.4940680573792,111.96
2025-11-16 20:15:00+01:00,106.29360563708009,103.27
2025-11-16 20:30:00+01:00,100.07069645979621,100.0
2025-11-16 20:45:00+01:00,91.30148666446348,95.64
2025-11-16 21:00:00+01:00,106.52149776049097,94.38
2025-11-16 21:15:00+01:00,99.3425419864302,91.04
2025-11-16 21:30:00+01:00,95.00069021697641,93.03
2025-11-16 21:45:00+01:00,84.80020388378861,87.19
2025-11-16 22:00:00+01:00,103.41012449765738,99.99
2025-11-16 22:15:00+01:00,99.03129560718047,96.31
2025-11-16 22:30:00+01:00,96.44917060504874,90.74
2025-11-16 22:45:00+01:00,88.1162423082458,90.5
2025-11-16 23:00:00+01:00,94.88340894229387,100.02
2025-11-16 23:15:00+01:00,89.11257538701489,86.78
2025-11-16 23:30:00+01:00,86.33082832798576,84.78
2025-11-16 23:45:00+01:00,78.39825984246356,74.53
2025-11-17 00:00:00+01:00,91.07162654212817,90.05
2025-11-17 00:15:00+01:00,86.34458270811602,88.84
2025-11-17 00:30:00+01:00,83.04753121472957,90.04
2025-11-17 00:45:00+01:00,79.94286785114313,84.23
2025-11-17 01:00:00+01:00,86.30311374252895,86.36
2025-11-17 01:15:00+01:00,82.1817179365037,82.26
2025-11-17 01:30:00+01:00,79.84709489851593,79.7
2025-11-17 01:45:00+01:00,78.19277878717608,73.91
2025-11-17 02:00:00+01:00,82.04464319899624,78.13
2025-11-17 02:15:00+01:00,79.03106582172836,74.67
2025-11-17 02:30:00+01:00,78.25847960065342,72.7
2025-11-17 02:45:00+01:00,77.70367783957492,70.85
2025-11-17 03:00:00+01:00,78.70914547151334,72.35
2025-11-17 03:15:00+01:00,77.57283283931316,70.61
2025-11-17 03:30:00+01:00,77.9372278978263,71.24
2025-11-17 03:45:00+01:00,76.81088110645133,71.09
2025-11-17 04:00:00+01:00,76.33690419751613,71.39
2025-11-17 04:15:00+01:00,76.62239862817711,71.5
2025-11-17 04:30:00+01:00,78.50709991834458,74.01
2025-11-17 04:45:00+01:00,76.19160125694347,79.48
2025-11-17 05:00:00+01:00,77.28235495485534,71.71
2025-11-17 05:15:00+01:00,81.22500132189217,82.86
2025-11-17 05:30:00+01:00,84.76255366208872,87.78
2025-11-17 05:45:00+01:00,88.38827197357286,92.05
2025-11-17 06:00:00+01:00,82.49503309576335,85.87
2025-11-17 06:15:00+01:00,94.30112172215244,94.13
2025-11-17 06:30:00+01:00,100.4098307073571,86.31
2025-11-17 06:45:00+01:00,110.7260395844727,92.05
2025-11-17 07:00:00+01:00,106.42171749011906,110.05
2025-11-17 07:15:00+01:00,111.65746172305674,115.3
2025-11-17 07:30:00+01:00,115.11580900515324,114.98
2025-11-17 07:45:00+01:00,114.17853760849157,119.14
2025-11-17 08:00:00+01:00,133.71144075260727,123.04
2025-11-17 08:15:00+01:00,126.38035061807699,130.09
2025-11-17 08:30:00+01:00,115.08514889011144,129.16
2025-11-17 08:45:00+01:00,106.54115705796872,125.68
2025-11-17 09:00:00+01:00,121.24703943029225,122.44
2025-11-17 09:15:00+01:00,108.62855827536768,128.78
2025-11-17 09:30:00+01:00,101.77180995640757,126.31
2025-11-17 09:45:00+01:00,95.16852450817768,109.22
2025-11-17 10:00:00+01:00,112.3378003739967,124.89
2025-11-17 10:15:00+01:00,101.42709103888282,110.1
2025-11-17 10:30:00+01:00,91.82691537830081,96.55
2025-11-17 10:45:00+01:00,83.67186934604129,89.32
2025-11-17 11:00:00+01:00,95.5981070476304,91.35
2025-11-17 11:15:00+01:00,91.88282284278921,84.19
2025-11-17 11:30:00+01:00,90.17496062715254,83.81
2025-11-17 11:45:00+01:00,91.22796354664277,78.22
2025-11-17 12:00:00+01:00,92.4013805943876,81.78
2025-11-17 12:15:00+01:00,90.84112928905677,77.5
2025-11-17 12:30:00+01:00,92.37299764382104,77.04
2025-11-17 12:45:00+01:00,92.12393796163454,74.9
2025-11-17 13:00:00+01:00,88.77141737732228,73.22
2025-11-17 13:15:00+01:00,90.15528317772231,76.31
2025-11-17 13:30:00+01:00,93.33974356096778,77.92
2025-11-17 13:45:00+01:00,95.64481467093815,83.69
2025-11-17 14:00:00+01:00,78.94272047044532,85.04
2025-11-17 14:15:00+01:00,85.4733814238433,85.07
2025-11-17 14:30:00+01:00,91.60957800354235,84.54
2025-11-17 14:45:00+01:00,108.21434835410241,93.49
2025-11-17 15:00:00+01:00,85.1876852402848,84.15
2025-11-17 15:15:00+01:00,95.34517667563772,96.3
2025-11-17 15:30:00+01:00,108.24475856026307,101.99
2025-11-17 15:45:00+01:00,118.1282994066838,107.64
2025-11-17 16:00:00+01:00,93.16748250105056,101.79
2025-11-17 16:15:00+01:00,107.33248086501094,108.31
2025-11-17 16:30:00+01:00,114.52280983364223,106.98
2025-11-17 16:45:00+01:00,124.39066258131115,112.2
2025-11-17 17:00:00+01:00,116.10274670987062,114.3
2025-11-17 17:15:00+01:00,129.2180364887415,118.26
2025-11-17 17:30:00+01:00,128.55734829482992,117.86
2025-11-17 17:45:00+01:00,136.77116191134547,119.0
2025-11-17 18:00:00+01:00,120.859399154497,119.7
2025-11-17 18:15:00+01:00,119.2446947196549,114.32
2025-11-17 18:30:00+01:00,117.79300291907074,115.85
2025-11-17 18:45:00+01:00,117.2284539432896,116.1
2025-11-17 19:00:00+01:00,129.3080847509214,114.59
2025-11-17 19:15:00+01:00,122.02305524379669,112.22
2025-11-17 19:30:00+01:00,111.30561405969725,108.72
2025-11-17 19:45:00+01:00,109.87134273058828,107.28
2025-11-17 20:00:00+01:00,117.92020211027565,107.98
2025-11-17 20:15:00+01:00,108.49458192112918,107.28
2025-11-17 20:30:00+01:00,101.24022907313065,104.32
2025-11-17 20:45:00+01:00,89.70921354091885,91.98
2025-11-17 21:00:00+01:00,108.95591082657673,101.42
2025-11-17 21:15:00+01:00,100.88374663176452,94.42
2025-11-17 21:30:00+01:00,94.03978876239428,90.24
2025-11-17 21:45:00+01:00,87.64303563920477,84.71
2025-11-17 22:00:00+01:00,102.45638329053966,93.6
2025-11-17 22:15:00+01:00,96.35969904517847,90.5
2025-11-17 22:30:00+01:00,92.67850240719346,90.01
2025-11-17 22:45:00+01:00,85.52303102183687,84.72
2025-11-17 23:00:00+01:00,93.37426815622138,90.45
2025-11-17 23:15:00+01:00,85.50022406236481,83.72
2025-11-17 23:30:00+01:00,81.55754649310543,78.39
2025-11-17 23:45:00+01:00,77.03843768297293,72.0
2025-11-18 00:00:00+01:00,86.89222382284149,89.07
2025-11-18 00:15:00+01:00,83.99830263983456,83.52
2025-11-18 00:30:00+01:00,81.27191963907075,85.98
2025-11-18 00:45:00+01:00,78.33580150994472,80.97
2025-11-18 01:00:00+01:00,83.73736778182133,86.66
2025-11-18 01:15:00+01:00,81.28742140892831,82.94
2025-11-18 01:30:00+01:00,80.00181796108954,82.33
2025-11-18 01:45:00+01:00,78.10840266678377,79.39
2025-11-18 02:00:00+01:00,80.16682952528134,81.29
2025-11-18 02:15:00+01:00,79.74214646599796,79.15
2025-11-18 02:30:00+01:00,79.2443338601234,78.88
2025-11-18 02:45:00+01:00,78.18231894106306,76.83
2025-11-18 03:00:00+01:00,78.24613233674108,78.21
2025-11-18 03:15:00+01:00,78.53436261241485,77.69
2025-11-18 03:30:00+01:00,79.10815519165124,77.62
2025-11-18 03:45:00+01:00,78.8106352540248,77.35
2025-11-18 04:00:00+01:00,78.67978335223309,76.88
2025-11-18 04:15:00+01:00,79.66276484361096,78.9
2025-11-18 04:30:00+01:00,80.40767951443667,81.58
2025-11-18 04:45:00+01:00,79.66748605670175,84.69
2025-11-18 05:00:00+01:00,78.16929826344966,76.78
2025-11-18 05:15:00+01:00,82.7703106580895,82.95
2025-11-18 05:30:00+01:00,87.2173159137408,86.06
2025-11-18 05:45:00+01:00,90.75029802429583,88.1
2025-11-18 06:00:00+01:00,83.91452844108507,87.15
2025-11-18 06:15:00+01:00,98.34005464203568,95.11
2025-11-18 06:30:00+01:00,103.26078097034105,91.55
2025-11-18 06:45:00+01:00,113.46951634930826,90.38
2025-11-18 07:00:00+01:00,110.83358157923442,102.37
2025-11-18 07:15:00+01:00,117.02100243590263,98.89
2025-11-18 07:30:00+01:00,120.3526828595843,107.79
2025-11-18 07:45:00+01:00,121.09522692913515,109.89
2025-11-18 08:00:00+01:00,133.34412827955663,132.09
2025-11-18 08:15:00+01:00,125.73775993946934,125.6
2025-11-18 08:30:00+01:00,121.89330072610753,118.92
2025-11-18 08:45:00+01:00,110.49500224054464,102.75
2025-11-18 09:00:00+01:00,119.6829050131267,133.83
2025-11-18 09:15:00+01:00,109.3225307713054,110.46
2025-11-18 09:30:00+01:00,102.99030633035346,97.72
2025-11-18 09:45:00+01:00,94.78512161024398,87.79
2025-11-18 10:00:00+01:00,108.9860645127311,101.55
2025-11-18 10:15:00+01:00,98.90425434981915,89.74
2025-11-18 10:30:00+01:00,87.4211304964644,89.31
2025-11-18 10:45:00+01:00,79.55738838316556,87.91
2025-11-18 11:00:00+01:00,92.41537459119198,87.13
2025-11-18 11:15:00+01:00,89.46062407194958,88.17
2025-11-18 11:30:00+01:00,87.57904518417676,89.55
2025-11-18 11:45:00+01:00,86.13953020498847,90.34
2025-11-18 12:00:00+01:00,86.68131644095426,89.11
2025-11-18 12:15:00+01:00,85.37519110006755,88.81
2025-11-18 12:30:00+01:00,85.84361962830457,89.36
2025-11-18 12:45:00+01:00,88.88371794298456,89.52
2025-11-18 13:00:00+01:00,84.19538127182514,90.46
2025-11-18 13:15:00+01:00,88.17622857530816,92.47
2025-11-18 13:30:00+01:00,90.84553926444471,89.12
2025-11-18 13:45:00+01:00,94.39127690773029,90.35
2025-11-18 14:00:00+01:00,82.04459790459165,89.11
2025-11-18 14:15:00+01:00,91.69149176675614,90.62
2025-11-18 14:30:00+01:00,101.70555747843173,101.93
2025-11-18 14:45:00+01:00,118.0679382506173,104.64
2025-11-18 15:00:00+01:00,93.16699208097612,106.38
2025-11-18 15:15:00+01:00,106.21676652233944,114.28
2025-11-18 15:30:00+01:00,110.05835249105954,125.73
2025-11-18 15:45:00+01:00,127.31181880157996,135.99
2025-11-18 16:00:00+01:00,107.74393408390476,122.07
2025-11-18 16:15:00+01:00,122.8817195868975,136.0
2025-11-18 16:30:00+01:00,129.33616142092563,145.01
2025-11-18 16:45:00+01:00,145.40090868625305,164.57
2025-11-18 17:00:00+01:00,122.87847593183197,146.75
2025-11-18 17:15:00+01:00,127.46033343518074,155.29
2025-11-18 17:30:00+01:00,141.80547413752075,153.94
2025-11-18 17:45:00+01:00,141.97971344677327,150.66
2025-11-18 18:00:00+01:00,131.42982076242595,151.31
2025-11-18 18:15:00+01:00,129.6127969084704,144.51
2025-11-18 18:30:00+01:00,127.11108803809813,139.67
2025-11-18 18:45:00+01:00,126.29661064106847,139.72
2025-11-18 19:00:00+01:00,135.06841486782136,134.64
2025-11-18 19:15:00+01:00,125.35811956078949,132.76
2025-11-18 19:30:00+01:00,118.87530243290256,130.93
2025-11-18 19:45:00+01:00,113.05004286230928,126.27
2025-11-18 20:00:00+01:00,122.44671547469615,122.59
2025-11-18 20:15:00+01:00,113.36597681487429,104.66
2025-11-18 20:30:00+01:00,106.270412058796,103.76
2025-11-18 20:45:00+01:00,97.48271083041952,97.51
2025-11-18 21:00:00+01:00,113.30120614351773,100.38
2025-11-18 21:15:00+01:00,105.38815341431125,92.61
2025-11-18 21:30:00+01:00,100.7717839509437,95.01
2025-11-18 21:45:00+01:00,93.26208802240815,90.57
2025-11-18 22:00:00+01:00,106.3836328693829,102.29
2025-11-18 22:15:00+01:00,99.7515103177638,96.24
2025-11-18 22:30:00+01:00,95.06194521909804,100.08
2025-11-18 22:45:00+01:00,88.03551078779668,91.32
2025-11-18 23:00:00+01:00,97.12221990504982,97.35
2025-11-18 23:15:00+01:00,89.38655619297886,89.12
2025-11-18 23:30:00+01:00,86.25114886338022,88.85
2025-11-18 23:45:00+01:00,79.37252520164583,84.53
2025-11-19 00:00:00+01:00,91.48450588985453,91.46
2025-11-19 00:15:00+01:00,88.39193032126359,87.18
2025-11-19 00:30:00+01:00,86.67163458428034,86.52
2025-11-19 00:45:00+01:00,84.8410959358494,84.35
2025-11-19 01:00:00+01:00,87.72541908767342,86.85
2025-11-19 01:15:00+01:00,85.34838036372228,84.7
2025-11-19 01:30:00+01:00,84.51776823860092,87.12
2025-11-19 01:45:00+01:00,83.9802870810493,86.23
2025-11-19 02:00:00+01:00,84.89190321183099,85.77
2025-11-19 02:15:00+01:00,85.43471806217401,82.58
2025-11-19 02:30:00+01:00,83.18485448287625,84.4
2025-11-19 02:45:00+01:00,82.83123867840229,83.92
2025-11-19 03:00:00+01:00,84.74841610313374,82.07
2025-11-19 03:15:00+01:00,82.11428049291969,82.88
2025-11-19 03:30:00+01:00,81.92053353356992,83.55
2025-11-19 03:45:00+01:00,82.72547533061909,84.24
2025-11-19 04:00:00+01:00,84.60761028157273,81.16
2025-11-19 04:15:00+01:00,84.9263103421145,83.49
2025-11-19 04:30:00+01:00,83.94433550218072,85.6
2025-11-19 04:45:00+01:00,79.30238857242378,87.32
2025-11-19 05:00:00+01:00,81.91794622184354,87.23
2025-11-19 05:15:00+01:00,87.28197136222558,87.99
2025-11-19 05:30:00+01:00,88.84852418264647,87.44
2025-11-19 05:45:00+01:00,89.4179565321283,85.35
2025-11-19 06:00:00+01:00,87.91171871975506,88.6
2025-11-19 06:15:00+01:00,98.61201647183806,97.74
2025-11-19 06:30:00+01:00,100.31233237046683,100.4
2025-11-19 06:45:00+01:00,108.38939385789372,109.38
2025-11-19 07:00:00+01:00,105.399191539553,123.3
2025-11-19 07:15:00+01:00,111.14586514753697,125.69
2025-11-19 07:30:00+01:00,116.19140319472771,128.64
2025-11-19 07:45:00+01:00,115.62568807054593,130.49
2025-11-19 08:00:00+01:00,122.57330433892739,156.84
2025-11-19 08:15:00+01:00,118.20585159937487,141.52
2025-11-19 08:30:00+01:00,116.38214387842739,132.76
2025-11-19 08:45:00+01:00,104.72871695870714,115.56
2025-11-19 09:00:00+01:00,121.07017186495199,129.58
2025-11-19 09:15:00+01:00,110.78555891961472,119.34
2025-11-19 09:30:00+01:00,102.92269265494286,114.32
2025-11-19 09:45:00+01:00,94.68519012851255,97.41
2025-11-19 10:00:00+01:00,120.46537511825855,110.98
2025-11-19 10:15:00+01:00,105.55252162843358,97.28
2025-11-19 10:30:00+01:00,94.28549430881978,93.33
2025-11-19 10:45:00+01:00,89.63507454064776,88.5
2025-11-19 11:00:00+01:00,97.58880022772661,94.82
2025-11-19 11:15:00+01:00,93.82604369167146,91.34
2025-11-19 11:30:00+01:00,88.72532334255743,89.62
2025-11-19 11:45:00+01:00,86.70048941485626,90.7
2025-11-19 12:00:00+01:00,95.00767646225313,89.07
2025-11-19 12:15:00+01:00,93.73633981346204,89.53
2025-11-19 12:30:00+01:00,93.3931987349919,90.19
2025-11-19 12:45:00+01:00,91.1308772758862,89.57
2025-11-19 13:00:00+01:00,97.01506490889993,87.95
2025-11-19 13:15:00+01:00,98.49674230107883,89.31
2025-11-19 13:30:00+01:00,97.84056378679924,94.93
2025-11-19 13:45:00+01:00,99.6818469152554,102.2
2025-11-19 14:00:00+01:00,85.50390779303224,89.03
2025-11-19 14:15:00+01:00,98.65367465628464,101.15
2025-11-19 14:30:00+01:00,107.52011389426042,109.3
2025-11-19 14:45:00+01:00,119.42465462920633,119.0
2025-11-19 15:00:00+01:00,87.5722485624424,103.39
2025-11-19 15:15:00+01:00,101.57091559237645,117.81
2025-11-19 15:30:00+01:00,130.2605225464171,110.0
2025-11-19 15:45:00+01:00,137.4770882026774,121.0
2025-11-19 16:00:00+01:00,97.51053468794069,108.22
2025-11-19 16:15:00+01:00,124.1199171785665,121.0
2025-11-19 16:30:00+01:00,121.20062780062717,121.0
2025-11-19 16:45:00+01:00,145.240915078062,121.01
2025-11-19 17:00:00+01:00,126.50550500857966,121.01
2025-11-19 17:15:00+01:00,141.56172358255216,127.0
2025-11-19 17:30:00+01:00,143.87526687512718,130.07
2025-11-19 17:45:00+01:00,150.34258209191006,132.19
2025-11-19 18:00:00+01:00,124.6296185396164,116.99
2025-11-19 18:15:00+01:00,119.82478716552023,117.76
2025-11-19 18:30:00+01:00,120.54558119439059,121.0
2025-11-19 18:45:00+01:00,118.4364843521359,121.01
2025-11-19 19:00:00+01:00,145.7075910835443,119.76
2025-11-19 19:15:00+01:00,135.32731798636937,116.85
2025-11-19 19:30:00+01:00,122.28429278524108,118.59
2025-11-19 19:45:00+01:00,123.63084379343071,121.0
2025-11-19 20:00:00+01:00,123.93743334245666,119.5
2025-11-19 20:15:00+01:00,110.50019801296554,108.32
2025-11-19 20:30:00+01:00,103.53280427817565,101.84
2025-11-19 20:45:00+01:00,95.20986488045071,93.09
2025-11-19 21:00:00+01:00,115.15387720895409,103.57
2025-11-19 21:15:00+01:00,106.29332165566191,102.32
2025-11-19 21:30:00+01:00,101.33769924701035,101.08
2025-11-19 21:45:00+01:00,94.12038674837206,93.93
2025-11-19 22:00:00+01:00,114.15585253570325,100.03
2025-11-19 22:15:00+01:00,103.62123997324517,99.38
2025-11-19 22:30:00+01:00,98.48283544646984,101.66
2025-11-19 22:45:00+01:00,89.64858432841153,95.61
2025-11-19 23:00:00+01:00,98.45095338556908,95.75
2025-11-19 23:15:00+01:00,91.1951510248857,93.48
2025-11-19 23:30:00+01:00,87.2984460341893,90.19
2025-11-19 23:45:00+01:00,79.2369511196659,88.12
2025-11-20 00:00:00+01:00,91.34417189903697,93.39
2025-11-20 00:15:00+01:00,90.15773095941266,92.39
2025-11-20 00:30:00+01:00,88.72589373665622,89.12
2025-11-20 00:45:00+01:00,84.74785778512621,87.61
2025-11-20 01:00:00+01:00,89.09466265469183,89.49
2025-11-20 01:15:00+01:00,87.18198647613588,88.28
2025-11-20 01:30:00+01:00,88.43005932375654,87.61
2025-11-20 01:45:00+01:00,86.68123803408824,86.99
2025-11-20 02:00:00+01:00,85.57284177600472,88.11
2025-11-20 02:15:00+01:00,85.1697135431139,87.2
2025-11-20 02:30:00+01:00,83.96551555493674,86.52
2025-11-20 02:45:00+01:00,83.0076304943503,86.3
2025-11-20 03:00:00+01:00,83.66608490370356,86.3
2025-11-20 03:15:00+01:00,82.85986593720928,87.14
2025-11-20 03:30:00+01:00,82.73599888153296,86.88
2025-11-20 03:45:00+01:00,82.54160780000815,86.86
2025-11-20 04:00:00+01:00,84.4621906515485,85.99
2025-11-20 04:15:00+01:00,85.11746194275568,86.51
2025-11-20 04:30:00+01:00,84.00069475361026,87.24
2025-11-20 04:45:00+01:00,84.26804302105309,88.76
2025-11-20 05:00:00+01:00,84.90103991218936,87.84
2025-11-20 05:15:00+01:00,89.58501226579843,92.45
2025-11-20 05:30:00+01:00,91.54555836519111,89.5
2025-11-20 05:45:00+01:00,94.94451521559647,92.22
2025-11-20 06:00:00+01:00,90.1017031514093,91.08
2025-11-20 06:15:00+01:00,104.78942546027098,98.92
2025-11-20 06:30:00+01:00,112.80123940171477,104.75
2025-11-20 06:45:00+01:00,126.33838723429122,119.98
2025-11-20 07:00:00+01:00,121.11067859411371,137.72
2025-11-20 07:15:00+01:00,134.54059200333427,136.0
2025-11-20 07:30:00+01:00,138.1716023816705,146.76
2025-11-20 07:45:00+01:00,137.51689462715652,157.15
2025-11-20 08:00:00+01:00,152.52798864836677,153.93
2025-11-20 08:15:00+01:00,138.2357206120827,162.18
2025-11-20 08:30:00+01:00,137.02559903243144,157.08
2025-11-20 08:45:00+01:00,123.60198863148622,149.67
2025-11-20 09:00:00+01:00,142.78058819395488,174.53
2025-11-20 09:15:00+01:00,129.8821945540586,153.75
2025-11-20 09:30:00+01:00,120.42441100086376,150.82
2025-11-20 09:45:00+01:00,107.49245800402227,135.52
2025-11-20 10:00:00+01:00,146.98105925277298,162.52
2025-11-20 10:15:00+01:00,127.08359259428572,141.54
2025-11-20 10:30:00+01:00,111.71482293458902,136.0
2025-11-20 10:45:00+01:00,104.47181680720875,125.02
2025-11-20 11:00:00+01:00,114.54211891306797,135.39
2025-11-20 11:15:00+01:00,107.66377536564201,130.9
2025-11-20 11:30:00+01:00,105.19561070289242,128.0
2025-11-20 11:45:00+01:00,103.03523041460036,122.92
2025-11-20 12:00:00+01:00,108.59847439390687,127.89
2025-11-20 12:15:00+01:00,106.7369252737148,123.37
2025-11-20 12:30:00+01:00,107.1083889573517,124.66
2025-11-20 12:45:00+01:00,106.42673302836658,124.3
2025-11-20 13:00:00+01:00,113.0978775269101,120.79
2025-11-20 13:15:00+01:00,109.97286667147256,125.17
2025-11-20 13:30:00+01:00,112.78419642262776,128.0
2025-11-20 13:45:00+01:00,115.648665690882,130.44
2025-11-20 14:00:00+01:00,101.34803316527307,124.97
2025-11-20 14:15:00+01:00,112.4342791596932,133.67
2025-11-20 14:30:00+01:00,123.58902948670612,138.51
2025-11-20 14:45:00+01:00,136.0204991152151,139.66
2025-11-20 15:00:00+01:00,105.69784243898417,132.18
2025-11-20 15:15:00+01:00,125.41004806278622,145.12
2025-11-20 15:30:00+01:00,140.43070334579065,150.0
2025-11-20 15:45:00+01:00,164.62212077396677,171.44
2025-11-20 16:00:00+01:00,125.12251108691262,152.0
2025-11-20 16:15:00+01:00,153.5422849448925,164.51
2025-11-20 16:30:00+01:00,152.46034362304903,188.46
2025-11-20 16:45:00+01:00,188.38822388812326,198.35
2025-11-20 17:00:00+01:00,143.895427907535,176.57
2025-11-20 17:15:00+01:00,163.1454345237196,178.53
2025-11-20 17:30:00+01:00,162.0267968233441,175.46
2025-11-20 17:45:00+01:00,172.75916530418286,171.33
2025-11-20 18:00:00+01:00,145.5845397613387,170.61
2025-11-20 18:15:00+01:00,140.696745155632,164.4
2025-11-20 18:30:00+01:00,144.76194671852468,159.67
2025-11-20 18:45:00+01:00,149.16527762551047,158.32
2025-11-20 19:00:00+01:00,143.3120628629244,166.7
2025-11-20 19:15:00+01:00,141.00943547829257,156.79
2025-11-20 19:30:00+01:00,138.75664734126318,154.52
2025-11-20 19:45:00+01:00,136.94299840599214,146.06
2025-11-20 20:00:00+01:00,137.85645301357079,146.05
2025-11-20 20:15:00+01:00,130.21096556031668,147.17
2025-11-20 20:30:00+01:00,125.23859374359637,135.6
2025-11-20 20:45:00+01:00,117.94096287935018,119.59
2025-11-20 21:00:00+01:00,128.93884591365537,136.0
2025-11-20 21:15:00+01:00,118.87876993095233,128.07
2025-11-20 21:30:00+01:00,115.24478111286142,114.9
2025-11-20 21:45:00+01:00,104.98217540533096,104.04
2025-11-20 22:00:00+01:00,121.18540000855586,116.03
2025-11-20 22:15:00+01:00,112.88123404166623,111.27
2025-11-20 22:30:00+01:00,109.08429253135273,105.54
2025-11-20 22:45:00+01:00,98.87903288841873,100.1
2025-11-20 23:00:00+01:00,116.46707791928057,105.67
2025-11-20 23:15:00+01:00,104.22347063741718,93.49
2025-11-20 23:30:00+01:00,99.11693401780147,90.0
2025-11-20 23:45:00+01:00,91.06937201365403,85.89
2025-11-21 00:00:00+01:00,106.61672210894135,104.02
2025-11-21 00:15:00+01:00,99.81694227450255,104.49
2025-11-21 00:30:00+01:00,97.69176718902719,102.03
2025-11-21 00:45:00+01:00,96.5164735842567,95.67
2025-11-21 01:00:00+01:00,104.28687679012033,102.71
2025-11-21 01:15:00+01:00,99.59188161287196,95.35
2025-11-21 01:30:00+01:00,99.10532204024842,90.08
2025-11-21 01:45:00+01:00,97.18948243132562,88.42
2025-11-21 02:00:00+01:00,103.22494329077422,93.99
2025-11-21 02:15:00+01:00,99.76793906328052,89.09
2025-11-21 02:30:00+01:00,98.14276780642572,88.86
2025-11-21 02:45:00+01:00,96.61562135390555,89.19
2025-11-21 03:00:00+01:00,98.27067257723587,90.0
2025-11-21 03:15:00+01:00,97.33265773700673,89.29
2025-11-21 03:30:00+01:00,97.94228633268636,90.39
2025-11-21 03:45:00+01:00,97.63867007941407,91.06
2025-11-21 04:00:00+01:00,98.19170605199425,88.7
2025-11-21 04:15:00+01:00,100.27617017692538,90.08
2025-11-21 04:30:00+01:00,101.22523490054313,94.32
2025-11-21 04:45:00+01:00,105.75495094875808,101.4
2025-11-21 05:00:00+01:00,100.21397020588601,90.77
2025-11-21 05:15:00+01:00,101.4818794187722,98.91
2025-11-21 05:30:00+01:00,105.85410459459803,103.14
2025-11-21 05:45:00+01:00,108.52260991390351,114.64
2025-11-21 06:00:00+01:00,104.50440087395683,108.49
2025-11-21 06:15:00+01:00,119.91822262440658,121.51
2025-11-21 06:30:00+01:00,127.9926986054091,133.6
2025-11-21 06:45:00+01:00,142.53771679109045,170.5
2025-11-21 07:00:00+01:00,149.67609279534304,149.32
2025-11-21 07:15:00+01:00,170.2583869201063,182.25
2025-11-21 07:30:00+01:00,178.69864586896105,190.11
2025-11-21 07:45:00+01:00,181.12037764605503,200.0
2025-11-21 08:00:00+01:00,188.13994054826975,229.62
2025-11-21 08:15:00+01:00,182.4076558481247,223.39
2025-11-21 08:30:00+01:00,176.92772098246587,200.0
2025-11-21 08:45:00+01:00,147.95590383637318,168.52
2025-11-21 09:00:00+01:00,191.68314433099096,220.0
2025-11-21 09:15:00+01:00,170.3130736731893,190.32
2025-11-21 09:30:00+01:00,146.68882713178704,168.3
2025-11-21 09:45:00+01:00,127.76592719401177,148.7
2025-11-21 10:00:00+01:00,175.59652277343147,179.32
2025-11-21 10:15:00+01:00,152.52089868756218,155.78
2025-11-21 10:30:00+01:00,135.62955504389936,143.51
2025-11-21 10:45:00+01:00,127.25671824216398,125.45
2025-11-21 11:00:00+01:00,139.07207853036698,152.43
2025-11-21 11:15:00+01:00,129.30848673742477,140.0
2025-11-21 11:30:00+01:00,126.66946258224829,132.49
2025-11-21 11:45:00+01:00,125.7316101815938,125.96
2025-11-21 12:00:00+01:00,134.13538714626844,132.8
2025-11-21 12:15:00+01:00,130.35294171737604,128.75
2025-11-21 12:30:00+01:00,131.92128835958925,129.27
2025-11-21 12:45:00+01:00,126.033634680612,130.55
2025-11-21 13:00:00+01:00,128.95389734648467,125.98
2025-11-21 13:15:00+01:00,134.43294100462734,130.74
2025-11-21 13:30:00+01:00,135.2411177072487,135.25
2025-11-21 13:45:00+01:00,134.74930273620424,150.33
2025-11-21 14:00:00+01:00,117.48236118672315,120.8
2025-11-21 14:15:00+01:00,133.70115149883642,147.57
2025-11-21 14:30:00+01:00,144.62657925213398,172.74
2025-11-21 14:45:00+01:00,163.43363677963796,173.9
2025-11-21 15:00:00+01:00,132.66757340029022,148.82
2025-11-21 15:15:00+01:00,151.65233959773582,172.03
2025-11-21 15:30:00+01:00,170.24122761103396,202.58
2025-11-21 15:45:00+01:00,192.397045047496,263.92
2025-11-21 16:00:00+01:00,151.30422597037415,196.83
2025-11-21 16:15:00+01:00,165.05782220342144,237.86
2025-11-21 16:30:00+01:00,193.62069470076756,259.52
2025-11-21 16:45:00+01:00,217.61028274873365,313.27
2025-11-21 17:00:00+01:00,158.44188592104896,258.17
2025-11-21 17:15:00+01:00,181.74097423789556,269.78
2025-11-21 17:30:00+01:00,209.22645814946787,245.7
2025-11-21 17:45:00+01:00,214.53129663046985,226.38
2025-11-21 18:00:00+01:00,176.01266120859762,230.04
2025-11-21 18:15:00+01:00,167.5729945814378,214.6
2025-11-21 18:30:00+01:00,170.4367390174881,193.8
2025-11-21 18:45:00+01:00,178.58142473510998,181.91
2025-11-21 19:00:00+01:00,175.83701036959732,184.35
2025-11-21 19:15:00+01:00,166.2425016638687,166.06
2025-11-21 19:30:00+01:00,160.88762947119676,167.7
2025-11-21 19:45:00+01:00,158.21994369935553,167.36
2025-11-21 20:00:00+01:00,150.33801465322296,174.2
2025-11-21 20:15:00+01:00,135.42550777301517,153.41
2025-11-21 20:30:00+01:00,129.1634249510429,123.98
2025-11-21 20:45:00+01:00,119.81263422586409,116.21
2025-11-21 21:00:00+01:00,130.47028493088868,133.6
2025-11-21 21:15:00+01:00,119.37503960832134,120.27
2025-11-21 21:30:00+01:00,114.81888734983308,112.35
2025-11-21 21:45:00+01:00,105.21873580547646,103.01
2025-11-21 22:00:00+01:00,114.12256291693303,115.68
2025-11-21 22:15:00+01:00,108.95898011422324,110.43
2025-11-21 22:30:00+01:00,105.37143790218799,100.59
2025-11-21 22:45:00+01:00,97.96256940688643,92.9
2025-11-21 23:00:00+01:00,105.05864231689115,108.7
2025-11-21 23:15:00+01:00,97.4102926866342,95.0
2025-11-21 23:30:00+01:00,94.6038536259686,90.37
2025-11-21 23:45:00+01:00,89.97500756702235,86.06
2025-11-22 00:00:00+01:00,105.86133682171122,122.49
2025-11-22 00:15:00+01:00,98.93765825142613,106.86
2025-11-22 00:30:00+01:00,95.32230545301724,93.44
2025-11-22 00:45:00+01:00,92.91502636846906,86.2
2025-11-22 01:00:00+01:00,100.85185108584635,98.95
2025-11-22 01:15:00+01:00,94.87205146908568,93.73
2025-11-22 01:30:00+01:00,91.24091045594918,92.22
2025-11-22 01:45:00+01:00,89.34540138422669,93.5
2025-11-22 02:00:00+01:00,96.63170049903755,90.37
2025-11-22 02:15:00+01:00,90.82485814070866,89.16
2025-11-22 02:30:00+01:00,90.61729054039587,87.23
2025-11-22 02:45:00+01:00,89.734703928954,87.0
2025-11-22 03:00:00+01:00,90.90476518251475,86.64
2025-11-22 03:15:00+01:00,89.9653431438751,85.07
2025-11-22 03:30:00+01:00,90.15726024391152,85.49
2025-11-22 03:45:00+01:00,89.70249921046785,83.91
2025-11-22 04:00:00+01:00,88.86156476990277,82.19
2025-11-22 04:15:00+01:00,89.50706289778812,86.59
2025-11-22 04:30:00+01:00,91.50013421176902,86.93
2025-11-22 04:45:00+01:00,93.11715123819963,88.68
2025-11-22 05:00:00+01:00,85.90096331735626,85.05
2025-11-22 05:15:00+01:00,87.90083970674577,84.64
2025-11-22 05:30:00+01:00,91.52931897038405,84.6
2025-11-22 05:45:00+01:00,92.15718956105373,86.82
2025-11-22 06:00:00+01:00,86.85054712010783,85.5
2025-11-22 06:15:00+01:00,93.49482256001419,87.04
2025-11-22 06:30:00+01:00,97.84294521007048,89.77
2025-11-22 06:45:00+01:00,100.86278899906972,99.78
2025-11-22 07:00:00+01:00,99.55720574433876,98.17
2025-11-22 07:15:00+01:00,99.19629063384804,104.62
2025-11-22 07:30:00+01:00,101.60921214034009,110.63
2025-11-22 07:45:00+01:00,102.13450484935181,113.57
2025-11-22 08:00:00+01:00,112.0755583755166,121.0
2025-11-22 08:15:00+01:00,106.15780402398147,114.43
2025-11-22 08:30:00+01:00,100.46750992781443,96.64
2025-11-22 08:45:00+01:00,87.28188623356381,84.77
2025-11-22 09:00:00+01:00,105.89998723621979,115.24
2025-11-22 09:15:00+01:00,93.64797635608556,84.93
2025-11-22 09:30:00+01:00,83.67048341460081,85.29
2025-11-22 09:45:00+01:00,69.66715370191118,71.01
2025-11-22 10:00:00+01:00,100.33613971504806,87.16
2025-11-22 10:15:00+01:00,86.30551846785428,79.53
2025-11-22 10:30:00+01:00,79.39785333612666,80.66
2025-11-22 10:45:00+01:00,73.91652921256983,80.69
2025-11-22 11:00:00+01:00,89.48161060433515,79.77
2025-11-22 11:15:00+01:00,83.42189378056759,79.09
2025-11-22 11:30:00+01:00,79.45443553971451,78.74
2025-11-22 11:45:00+01:00,76.82074514082042,76.72
2025-11-22 12:00:00+01:00,82.51426074463669,76.96
2025-11-22 12:15:00+01:00,79.71824573851323,75.92
2025-11-22 12:30:00+01:00,79.97724496382094,76.42
2025-11-22 12:45:00+01:00,83.66360060843792,75.83
2025-11-22 13:00:00+01:00,77.5298800413248,74.0
2025-11-22 13:15:00+01:00,81.9487611706574,74.01
2025-11-22 13:30:00+01:00,85.74121512309198,74.94
2025-11-22 13:45:00+01:00,88.373727713623,78.52
2025-11-22 14:00:00+01:00,75.99095126300385,76.87
2025-11-22 14:15:00+01:00,83.95652252202412,75.91
2025-11-22 14:30:00+01:00,90.23845592267774,80.71
2025-11-22 14:45:00+01:00,103.7363941461089,93.09
2025-11-22 15:00:00+01:00,81.88924378434572,83.9
2025-11-22 15:15:00+01:00,93.87568191618334,82.78
2025-11-22 15:30:00+01:00,111.3451797602792,98.28
2025-11-22 15:45:00+01:00,122.90794833417011,90.9
2025-11-22 16:00:00+01:00,91.81666021178687,100.45
2025-11-22 16:15:00+01:00,98.49681445852048,102.65
2025-11-22 16:30:00+01:00,112.45756872556032,103.19
2025-11-22 16:45:00+01:00,124.84088992827536,113.71
2025-11-22 17:00:00+01:00,91.39447084503001,112.24
2025-11-22 17:15:00+01:00,106.03144079028837,117.26
2025-11-22 17:30:00+01:00,116.35269378048828,115.11
2025-11-22 17:45:00+01:00,118.58588691694418,113.21
2025-11-22 18:00:00+01:00,113.85131146470037,118.94
2025-11-22 18:15:00+01:00,113.30612240708794,113.23
2025-11-22 18:30:00+01:00,113.30014743143836,106.11
2025-11-22 18:45:00+01:00,109.16716623852349,98.73
2025-11-22 19:00:00+01:00,109.13152110050511,101.99
2025-11-22 19:15:00+01:00,106.26530256250527,101.07
2025-11-22 19:30:00+01:00,98.8156626205121,96.61
2025-11-22 19:45:00+01:00,77.81044471580265,93.65
2025-11-22 20:00:00+01:00,90.8664059359088,88.75
2025-11-22 20:15:00+01:00,87.23321299040956,84.19
2025-11-22 20:30:00+01:00,81.23089697893278,87.17
2025-11-22 20:45:00+01:00,69.33457570376838,86.33
2025-11-22 21:00:00+01:00,93.26102059063092,94.33
2025-11-22 21:15:00+01:00,89.01258904439867,92.37
2025-11-22 21:30:00+01:00,84.51955559322839,87.86
2025-11-22 21:45:00+01:00,75.49255062734179,82.43
2025-11-22 22:00:00+01:00,90.46325261355403,94.48
2025-11-22 22:15:00+01:00,83.37494037721152,90.02
2025-11-22 22:30:00+01:00,80.5064396461081,89.16
2025-11-22 22:45:00+01:00,75.10941825096423,84.05
2025-11-22 23:00:00+01:00,83.25390846990302,87.99
2025-11-22 23:15:00+01:00,74.29355745872272,83.9
2025-11-22 23:30:00+01:00,74.94432501952991,79.69
2025-11-22 23:45:00+01:00,67.13156418905996,77.34
2025-11-23 00:00:00+01:00,84.83830121398509,95.06
2025-11-23 00:15:00+01:00,82.17749497608254,88.83
2025-11-23 00:30:00+01:00,80.18722904738739,75.0
2025-11-23 00:45:00+01:00,76.88284422239421,67.22
2025-11-23 01:00:00+01:00,79.77769548391274,81.22
2025-11-23 01:15:00+01:00,77.38161604555825,73.54
2025-11-23 01:30:00+01:00,75.44482696284791,71.46
2025-11-23 01:45:00+01:00,73.34628344360236,71.19
2025-11-23 02:00:00+01:00,74.57354689677287,74.84
2025-11-23 02:15:00+01:00,72.49684899963964,71.42
2025-11-23 02:30:00+01:00,72.73637055223189,68.69
2025-11-23 02:45:00+01:00,72.59380236283491,66.81
2025-11-23 03:00:00+01:00,72.95928252905672,65.18
2025-11-23 03:15:00+01:00,73.3886290034634,63.01
2025-11-23 03:30:00+01:00,74.69833721355256,63.38
2025-11-23 03:45:00+01:00,74.76464169966638,61.35
2025-11-23 04:00:00+01:00,73.47729979900681,62.74
2025-11-23 04:15:00+01:00,74.12563259868726,61.43
2025-11-23 04:30:00+01:00,75.47064607470256,60.66
2025-11-23 04:45:00+01:00,74.74726568752358,58.71
2025-11-23 05:00:00+01:00,70.68650350958626,63.89
2025-11-23 05:15:00+01:00,73.41442578164875,64.22
2025-11-23 05:30:00+01:00,76.07135203215174,65.0
2025-11-23 05:45:00+01:00,77.70176313496867,63.73
2025-11-23 06:00:00+01:00,62.88561801584288,60.4
2025-11-23 06:15:00+01:00,69.36348081878876,60.99
2025-11-23 06:30:00+01:00,70.25150907404382,62.49
2025-11-23 06:45:00+01:00,74.81143556484054,64.24
2025-11-23 07:00:00+01:00,62.238400227428734,64.26
2025-11-23 07:15:00+01:00,66.6557457634535,68.71
2025-11-23 07:30:00+01:00,69.73186967710214,68.59
2025-11-23 07:45:00+01:00,71.96230749845073,70.37
2025-11-23 08:00:00+01:00,79.99997473506795,71.56
2025-11-23 08:15:00+01:00,78.90745818094133,67.95
2025-11-23 08:30:00+01:00,80.91803578561333,69.34
2025-11-23 08:45:00+01:00,65.12570894779469,62.48
2025-11-23 09:00:00+01:00,83.69976409615339,69.3
2025-11-23 09:15:00+01:00,78.43843696440405,65.74
2025-11-23 09:30:00+01:00,70.08282388992157,66.85
2025-11-23 09:45:00+01:00,58.57373749882535,61.95
2025-11-23 10:00:00+01:00,71.04519025685585,68.88
2025-11-23 10:15:00+01:00,67.68616108513666,68.38
2025-11-23 10:30:00+01:00,62.077886927829596,63.25
2025-11-23 10:45:00+01:00,56.36861509145665,63.43
2025-11-23 11:00:00+01:00,66.89114891731938,64.31
2025-11-23 11:15:00+01:00,62.42858673169162,66.75
2025-11-23 11:30:00+01:00,64.51719416122482,67.16
2025-11-23 11:45:00+01:00,61.69068338745356,68.54
2025-11-23 12:00:00+01:00,63.16166551458016,66.76
2025-11-23 12:15:00+01:00,63.17837792937964,67.46
2025-11-23 12:30:00+01:00,65.56861621947175,68.51
2025-11-23 12:45:00+01:00,66.30749423439315,68.72
2025-11-23 13:00:00+01:00,65.67288361655653,69.37
2025-11-23 13:15:00+01:00,71.2433354518753,64.57
2025-11-23 13:30:00+01:00,74.62891962243697,63.85
2025-11-23 13:45:00+01:00,82.7748452633975,64.04
2025-11-23 14:00:00+01:00,63.48166114101796,66.48
2025-11-23 14:15:00+01:00,71.08995174330084,66.8
2025-11-23 14:30:00+01:00,79.11020969152173,71.09
2025-11-23 14:45:00+01:00,89.53935482427718,73.34
2025-11-23 15:00:00+01:00,66.7312654980968,71.3
2025-11-23 15:15:00+01:00,77.770933060499,74.44
2025-11-23 15:30:00+01:00,87.41642108165675,80.21
2025-11-23 15:45:00+01:00,100.54074917532928,83.21
2025-11-23 16:00:00+01:00,71.40128419675378,82.39
2025-11-23 16:15:00+01:00,83.59719400089075,75.58
2025-11-23 16:30:00+01:00,91.42295660797399,75.42
2025-11-23 16:45:00+01:00,100.37023107298373,78.16
2025-11-23 17:00:00+01:00,83.21127400250039,78.9
2025-11-23 17:15:00+01:00,88.63337814753895,82.15
2025-11-23 17:30:00+01:00,97.98431736458093,80.93
2025-11-23 17:45:00+01:00,93.49478214197333,81.38
2025-11-23 18:00:00+01:00,101.1689377325538,82.35
2025-11-23 18:15:00+01:00,100.4800759248326,81.09
2025-11-23 18:30:00+01:00,98.65899283909985,78.63
2025-11-23 18:45:00+01:00,91.70161650978073,88.1
2025-11-23 19:00:00+01:00,86.44686539329962,87.37
2025-11-23 19:15:00+01:00,84.04564357553568,86.22
2025-11-23 19:30:00+01:00,79.7777669126289,82.11
2025-11-23 19:45:00+01:00,76.58750884359577,79.49
2025-11-23 20:00:00+01:00,81.49969957228008,82.17
2025-11-23 20:15:00+01:00,79.22327003713863,79.08
2025-11-23 20:30:00+01:00,73.77076986553027,76.77
2025-11-23 20:45:00+01:00,66.49292783143024,71.63
2025-11-23 21:00:00+01:00,81.97744111694966,79.2
2025-11-23 21:15:00+01:00,87.38564024469697,74.2
2025-11-23 21:30:00+01:00,81.15638263847302,72.58
2025-11-23 21:45:00+01:00,72.1627820045245,70.66
2025-11-23 22:00:00+01:00,89.21100459774654,77.46
2025-11-23 22:15:00+01:00,80.61090041799562,76.76
2025-11-23 22:30:00+01:00,75.77973407054041,74.62
2025-11-23 22:45:00+01:00,69.66931843596845,71.83
2025-11-23 23:00:00+01:00,84.5966037419339,72.51
2025-11-23 23:15:00+01:00,76.84038842308335,71.86
2025-11-23 23:30:00+01:00,73.9342535439327,71.74
2025-11-23 23:45:00+01:00,63.97341743533901,68.94
2025-11-24 00:00:00+01:00,72.51864622608775,80.12
2025-11-24 00:15:00+01:00,71.82202407232093,70.96
2025-11-24 00:30:00+01:00,70.73708002551554,69.38
2025-11-24 00:45:00+01:00,67.7857680936985,69.37
2025-11-24 01:00:00+01:00,69.9163038242318,70.15
2025-11-24 01:15:00+01:00,70.07075205834198,69.59
2025-11-24 01:30:00+01:00,70.42161544133256,70.13
2025-11-24 01:45:00+01:00,67.44725739370836,70.38
2025-11-24 02:00:00+01:00,67.63524867769635,69.0
2025-11-24 02:15:00+01:00,68.25899591223012,73.02
2025-11-24 02:30:00+01:00,68.34892197958725,72.91
2025-11-24 02:45:00+01:00,69.38719226044428,74.09
2025-11-24 03:00:00+01:00,69.11095377284674,71.25
2025-11-24 03:15:00+01:00,69.28603407666463,71.87
2025-11-24 03:30:00+01:00,69.75890652881579,74.98
2025-11-24 03:45:00+01:00,68.99899934590643,75.0
2025-11-24 04:00:00+01:00,71.23025897850523,70.74
2025-11-24 04:15:00+01:00,72.31302034875813,73.97
2025-11-24 04:30:00+01:00,74.33014658568908,72.15
2025-11-24 04:45:00+01:00,75.1298407777127,78.16
2025-11-24 05:00:00+01:00,68.46476816244795,70.71
2025-11-24 05:15:00+01:00,75.88937443743174,73.88
2025-11-24 05:30:00+01:00,81.10328880797071,83.76
2025-11-24 05:45:00+01:00,86.33382531437316,91.91
2025-11-24 06:00:00+01:00,70.71615177997796,76.08
2025-11-24 06:15:00+01:00,89.6841679647319,90.03
2025-11-24 06:30:00+01:00,102.12722542306409,92.38
2025-11-24 06:45:00+01:00,115.07367885101826,102.74
2025-11-24 07:00:00+01:00,107.6318927533327,94.86
2025-11-24 07:15:00+01:00,120.08618484803853,104.42
2025-11-24 07:30:00+01:00,124.14626211274361,107.07
2025-11-24 07:45:00+01:00,124.59509024056031,111.22
2025-11-24 08:00:00+01:00,139.213310930117,114.99
2025-11-24 08:15:00+01:00,135.3102567746762,104.74
2025-11-24 08:30:00+01:00,132.38128739747663,105.66
2025-11-24 08:45:00+01:00,120.01147995463661,105.75
2025-11-24 09:00:00+01:00,146.2598436331071,110.0
2025-11-24 09:15:00+01:00,131.2734714654579,106.38
2025-11-24 09:30:00+01:00,119.4413052839928,114.17
2025-11-24 09:45:00+01:00,107.71276211293612,110.49
2025-11-24 10:00:00+01:00,128.9923274523839,115.97
2025-11-24 10:15:00+01:00,128.34885246875433,112.53
2025-11-24 10:30:00+01:00,126.01826773618984,116.27
2025-11-24 10:45:00+01:00,107.2203299469326,125.02
2025-11-24 11:00:00+01:00,118.08734544980882,121.42
2025-11-24 11:15:00+01:00,115.26711003483302,126.91
2025-11-24 11:30:00+01:00,114.29392134310055,130.01
2025-11-24 11:45:00+01:00,112.00989838769614,133.81
2025-11-24 12:00:00+01:00,112.58891467478571,122.88
2025-11-24 12:15:00+01:00,114.64838862711267,131.95
2025-11-24 12:30:00+01:00,118.24109315411188,135.49
2025-11-24 12:45:00+01:00,118.07470915043098,146.62
2025-11-24 13:00:00+01:00,115.28024323971414,131.81
2025-11-24 13:15:00+01:00,118.0584800843699,141.0
2025-11-24 13:30:00+01:00,121.65564922563647,155.82
2025-11-24 13:45:00+01:00,124.96990194871148,171.34
2025-11-24 14:00:00+01:00,116.76255848828224,171.09
2025-11-24 14:15:00+01:00,127.50695654861826,192.76
2025-11-24 14:30:00+01:00,140.7270985678919,159.95
2025-11-24 14:45:00+01:00,153.16280177629048,170.35
2025-11-24 15:00:00+01:00,129.0110134013239,172.13
2025-11-24 15:15:00+01:00,144.2994430801896,190.93
2025-11-24 15:30:00+01:00,155.74419494335731,210.19
2025-11-24 15:45:00+01:00,176.42325532707264,210.0
2025-11-24 16:00:00+01:00,141.17179141242627,176.56
2025-11-24 16:15:00+01:00,167.02151706506908,202.53
2025-11-24 16:30:00+01:00,179.70581871914857,224.97
2025-11-24 16:45:00+01:00,197.5857174339115,299.04
2025-11-24 17:00:00+01:00,223.52738988610923,232.05
2025-11-24 17:15:00+01:00,203.12585599894788,264.98
2025-11-24 17:30:00+01:00,174.35631228048896,275.19
2025-11-24 17:45:00+01:00,171.06294641668097,281.71
2025-11-24 18:00:00+01:00,160.78848172854438,270.1
2025-11-24 18:15:00+01:00,153.67124950261453,229.97
2025-11-24 18:30:00+01:00,155.98519920530558,219.96
2025-11-24 18:45:00+01:00,161.95655420687734,202.32
2025-11-24 19:00:00+01:00,160.6257636492807,213.21
2025-11-24 19:15:00+01:00,155.53669338152997,184.54
2025-11-24 19:30:00+01:00,150.95835255064029,187.55
2025-11-24 19:45:00+01:00,147.10232804678282,167.92
2025-11-24 20:00:00+01:00,161.40701548508162,163.26
2025-11-24 20:15:00+01:00,135.03291908146048,145.0
2025-11-24 20:30:00+01:00,127.17157401716689,155.43
2025-11-24 20:45:00+01:00,121.35952917381748,141.05
2025-11-24 21:00:00+01:00,128.1749772654123,155.33
2025-11-24 21:15:00+01:00,117.75278589230844,137.77
2025-11-24 21:30:00+01:00,112.98792682276981,128.89
2025-11-24 21:45:00+01:00,106.43863698664893,118.95
2025-11-24 22:00:00+01:00,117.86489032905224,134.87
2025-11-24 22:15:00+01:00,111.64113911255217,130.29
2025-11-24 22:30:00+01:00,106.8672883547805,119.2
2025-11-24 22:45:00+01:00,97.73770097650322,107.78
2025-11-24 23:00:00+01:00,116.15528269540083,115.1
2025-11-24 23:15:00+01:00,99.45112934816422,106.19
2025-11-24 23:30:00+01:00,93.74027437294133,103.2
2025-11-24 23:45:00+01:00,85.23721255991616,97.13
2025-11-25 00:00:00+01:00,118.26710321183901,101.75
2025-11-25 00:15:00+01:00,109.43698432121283,99.93
2025-11-25 00:30:00+01:00,107.54457146322105,101.91
2025-11-25 00:45:00+01:00,104.1081008134675,100.01
2025-11-25 01:00:00+01:00,109.65880184948224,102.08
2025-11-25 01:15:00+01:00,102.81372149990335,101.55
2025-11-25 01:30:00+01:00,103.10832602812427,96.6
2025-11-25 01:45:00+01:00,100.02502740010489,96.38
2025-11-25 02:00:00+01:00,104.80404252677056,98.69
2025-11-25 02:15:00+01:00,101.37293634190586,97.01
2025-11-25 02:30:00+01:00,98.62147875794128,97.13
2025-11-25 02:45:00+01:00,96.76670391232024,97.52
2025-11-25 03:00:00+01:00,101.12625232477029,99.02
2025-11-25 03:15:00+01:00,98.32407425986624,94.23
2025-11-25 03:30:00+01:00,98.0892312294168,95.01
2025-11-25 03:45:00+01:00,97.23186697023264,96.13
2025-11-25 04:00:00+01:00,96.35393395532286,97.69
2025-11-25 04:15:00+01:00,98.66048697788032,100.32
2025-11-25 04:30:00+01:00,102.08714677281584,97.52
2025-11-25 04:45:00+01:00,109.64258337662064,102.51
2025-11-25 05:00:00+01:00,101.43925390940952,99.2
2025-11-25 05:15:00+01:00,104.55443263019951,101.27
2025-11-25 05:30:00+01:00,114.75631163362183,111.96
2025-11-25 05:45:00+01:00,118.82893870399397,114.49
2025-11-25 06:00:00+01:00,116.77975849317534,89.2
2025-11-25 06:15:00+01:00,132.94014924995216,106.16
2025-11-25 06:30:00+01:00,139.96151997439938,124.0
2025-11-25 06:45:00+01:00,157.87668677412293,170.27
2025-11-25 07:00:00+01:00,196.74875072015692,157.69
2025-11-25 07:15:00+01:00,215.10826446017427,252.88
2025-11-25 07:30:00+01:00,241.99615440236505,361.36
2025-11-25 07:45:00+01:00,256.89148134545303,392.15
2025-11-25 08:00:00+01:00,273.3950961496002,289.17
2025-11-25 08:15:00+01:00,267.9877415610161,351.94
2025-11-25 08:30:00+01:00,278.6916133268943,350.01
2025-11-25 08:45:00+01:00,256.3673454968376,341.98
2025-11-25 09:00:00+01:00,370.9039978914928,296.04
2025-11-25 09:15:00+01:00,316.3098395856273,333.01
2025-11-25 09:30:00+01:00,249.6819589650172,271.45
2025-11-25 09:45:00+01:00,196.97095404454637,270.1
2025-11-25 10:00:00+01:00,344.8461645052044,321.3
2025-11-25 10:15:00+01:00,439.5601499465564,271.34
2025-11-25 10:30:00+01:00,376.5103109175358,254.26
2025-11-25 10:45:00+01:00,245.4662433293952,245.44
2025-11-25 11:00:00+01:00,206.79594253107228,283.79
2025-11-25 11:15:00+01:00,198.4484690875309,333.01
2025-11-25 11:30:00+01:00,197.13533663057632,345.98
2025-11-25 11:45:00+01:00,197.48397977354307,343.73
2025-11-25 12:00:00+01:00,241.4869920665161,333.01
2025-11-25 12:15:00+01:00,232.19494467516404,333.01
2025-11-25 12:30:00+01:00,240.4333596006,344.12
2025-11-25 12:45:00+01:00,231.18400953055797,393.86
2025-11-25 13:00:00+01:00,265.4831811957658,341.3
2025-11-25 13:15:00+01:00,264.33850903060346,333.01
2025-11-25 13:30:00+01:00,247.1637587660238,307.61
2025-11-25 13:45:00+01:00,238.06046470229936,288.69
2025-11-25 14:00:00+01:00,209.57251566967068,270.09
2025-11-25 14:15:00+01:00,238.00288871317656,316.36
2025-11-25 14:30:00+01:00,260.0492341300179,280.54
2025-11-25 14:45:00+01:00,278.47117445069847,333.01
2025-11-25 15:00:00+01:00,220.92669571565534,310.48
2025-11-25 15:15:00+01:00,254.86172699769412,333.88
2025-11-25 15:30:00+01:00,288.96395946242995,290.98
2025-11-25 15:45:00+01:00,329.0444909366126,304.64
2025-11-25 16:00:00+01:00,226.41559023498064,266.2
2025-11-25 16:15:00+01:00,288.17379095087324,306.42
2025-11-25 16:30:00+01:00,324.91306272030516,350.01
2025-11-25 16:45:00+01:00,377.45833958106647,377.7
2025-11-25 17:00:00+01:00,358.6212487618108,348.7
2025-11-25 17:15:00+01:00,262.06981185822684,399.93
2025-11-25 17:30:00+01:00,315.3599868698877,395.01
2025-11-25 17:45:00+01:00,322.5981962917058,349.61
2025-11-25 18:00:00+01:00,240.69208617746483,333.01
2025-11-25 18:15:00+01:00,218.08345726636992,300.42
2025-11-25 18:30:00+01:00,229.41735039142358,308.78
2025-11-25 18:45:00+01:00,236.1024086796661,249.41
2025-11-25 19:00:00+01:00,243.28288246988615,357.06
2025-11-25 19:15:00+01:00,216.9458368066334,266.61
2025-11-25 19:30:00+01:00,204.12664257849457,205.81
2025-11-25 19:45:00+01:00,193.90171658035268,168.01
2025-11-25 20:00:00+01:00,151.70865772769824,223.67
2025-11-25 20:15:00+01:00,153.02371397111767,175.87
2025-11-25 20:30:00+01:00,142.76802645305114,155.8
2025-11-25 20:45:00+01:00,131.30122663140895,136.0
2025-11-25 21:00:00+01:00,134.93733463330645,168.0
2025-11-25 21:15:00+01:00,128.4034015504796,141.87
2025-11-25 21:30:00+01:00,122.06771572708347,122.15
2025-11-25 21:45:00+01:00,110.29358911626868,108.06
2025-11-25 22:00:00+01:00,119.34644684896872,130.41
2025-11-25 22:15:00+01:00,110.03802816170378,123.86
2025-11-25 22:30:00+01:00,105.96097531438299,116.8
2025-11-25 22:45:00+01:00,101.46057637919313,105.55
2025-11-25 23:00:00+01:00,110.303063530524,117.11
2025-11-25 23:15:00+01:00,101.0813980704884,105.59
2025-11-25 23:30:00+01:00,98.71624109230133,97.14
2025-11-25 23:45:00+01:00,93.37869388942647,88.3
2025-11-26 00:00:00+01:00,110.32748452293637,102.07
2025-11-26 00:15:00+01:00,104.0183392933423,90.14
2025-11-26 00:30:00+01:00,99.69028056504146,90.5
2025-11-26 00:45:00+01:00,95.9037427951092,88.71
2025-11-26 01:00:00+01:00,103.78357069296406,92.32
2025-11-26 01:15:00+01:00,98.45380166572684,89.41
2025-11-26 01:30:00+01:00,95.61449428505657,89.07
2025-11-26 01:45:00+01:00,93.908256148858,89.0
2025-11-26 02:00:00+01:00,97.72506788012592,89.5
2025-11-26 02:15:00+01:00,93.40134951664375,88.98
2025-11-26 02:30:00+01:00,92.67605507798878,87.42
2025-11-26 02:45:00+01:00,91.82626725100253,87.4
2025-11-26 03:00:00+01:00,95.28489686168088,88.93
2025-11-26 03:15:00+01:00,92.44270026041528,88.99
2025-11-26 03:30:00+01:00,91.71703042214345,90.07
2025-11-26 03:45:00+01:00,91.92116871958984,89.75
2025-11-26 04:00:00+01:00,92.08154815609917,87.28
2025-11-26 04:15:00+01:00,93.77214062945804,88.74
2025-11-26 04:30:00+01:00,95.13314847952734,90.26
2025-11-26 04:45:00+01:00,97.36579060329927,92.93
2025-11-26 05:00:00+01:00,91.07321490901721,87.09
2025-11-26 05:15:00+01:00,95.9741714714626,90.59
2025-11-26 05:30:00+01:00,99.49585774566808,101.19
2025-11-26 05:45:00+01:00,105.91344680849399,110.13
2025-11-26 06:00:00+01:00,107.1346544715108,100.89
2025-11-26 06:15:00+01:00,122.07085925565909,118.84
2025-11-26 06:30:00+01:00,138.65458532328958,133.26
2025-11-26 06:45:00+01:00,155.0558520289569,166.3
2025-11-26 07:00:00+01:00,158.89190413958033,146.66
2025-11-26 07:15:00+01:00,186.59594795226127,182.57
2025-11-26 07:30:00+01:00,206.6189203499796,204.0
2025-11-26 07:45:00+01:00,219.42400980391974,231.45
2025-11-26 08:00:00+01:00,260.3267032247187,213.04
2025-11-26 08:15:00+01:00,250.29404309405788,220.62
2025-11-26 08:30:00+01:00,232.06458223283374,270.1
2025-11-26 08:45:00+01:00,206.87221531257973,245.13
2025-11-26 09:00:00+01:00,343.18764401195017,240.51
2025-11-26 09:15:00+01:00,269.1737665991516,204.08
2025-11-26 09:30:00+01:00,224.0500669848457,206.85
2025-11-26 09:45:00+01:00,185.1019022397742,195.95
2025-11-26 10:00:00+01:00,320.1398130746898,240.4
2025-11-26 10:15:00+01:00,236.30592637316883,199.52
2025-11-26 10:30:00+01:00,195.2769263485142,179.53
2025-11-26 10:45:00+01:00,184.2807245483931,169.1
2025-11-26 11:00:00+01:00,243.7346462963443,177.09
2025-11-26 11:15:00+01:00,225.83773818359603,175.28
2025-11-26 11:30:00+01:00,205.1810807475394,169.82
2025-11-26 11:45:00+01:00,202.86527407116597,159.8
2025-11-26 12:00:00+01:00,219.61221734511622,166.55
2025-11-26 12:15:00+01:00,211.54186514211125,160.43
2025-11-26 12:30:00+01:00,208.55436301412442,165.76
2025-11-26 12:45:00+01:00,202.19223353054178,165.99
2025-11-26 13:00:00+01:00,204.47578745951233,169.65
2025-11-26 13:15:00+01:00,204.87848955457207,177.18
2025-11-26 13:30:00+01:00,210.7475695417664,167.44
2025-11-26 13:45:00+01:00,217.71239393188915,158.68
2025-11-26 14:00:00+01:00,193.17025896580097,161.77
2025-11-26 14:15:00+01:00,217.26424575664993,171.43
2025-11-26 14:30:00+01:00,234.07058236039109,196.7
2025-11-26 14:45:00+01:00,236.59136927441793,208.06
2025-11-26 15:00:00+01:00,211.94058481602906,169.44
2025-11-26 15:15:00+01:00,238.98973564788292,200.04
2025-11-26 15:30:00+01:00,266.597835639061,236.81
2025-11-26 15:45:00+01:00,299.4570231746176,288.6
2025-11-26 16:00:00+01:00,223.0443173276429,214.95
2025-11-26 16:15:00+01:00,280.9812843483666,277.29
2025-11-26 16:30:00+01:00,339.70884614994736,314.03
2025-11-26 16:45:00+01:00,362.4094230859143,371.24
2025-11-26 17:00:00+01:00,313.6646370524217,291.5
2025-11-26 17:15:00+01:00,295.55108023879745,298.58
2025-11-26 17:30:00+01:00,283.0506263653725,295.42
2025-11-26 17:45:00+01:00,327.8121413850246,292.94
2025-11-26 18:00:00+01:00,259.93316110544146,267.96
2025-11-26 18:15:00+01:00,248.65741267961386,213.57
2025-11-26 18:30:00+01:00,236.84518658715868,226.25
2025-11-26 18:45:00+01:00,251.49401170665683,207.94
2025-11-26 19:00:00+01:00,236.13035488062127,219.26
2025-11-26 19:15:00+01:00,211.46262262592,190.0
2025-11-26 19:30:00+01:00,200.5690235220361,169.81
2025-11-26 19:45:00+01:00,185.81747140733717,155.63
2025-11-26 20:00:00+01:00,170.49120343232877,175.01
2025-11-26 20:15:00+01:00,153.29805777138142,149.99
2025-11-26 20:30:00+01:00,139.88809050389733,128.89
2025-11-26 20:45:00+01:00,126.8367328133512,111.15
2025-11-26 21:00:00+01:00,132.07555886969755,141.0
2025-11-26 21:15:00+01:00,121.84690960536706,124.33
2025-11-26 21:30:00+01:00,111.46817264964896,103.06
2025-11-26 21:45:00+01:00,100.70978813715557,91.4
2025-11-26 22:00:00+01:00,111.94060052792976,118.94
2025-11-26 22:15:00+01:00,104.89439662302478,105.08
2025-11-26 22:30:00+01:00,100.44266387137911,94.27
2025-11-26 22:45:00+01:00,91.62529531444595,89.68
2025-11-26 23:00:00+01:00,103.16489618800453,99.79
2025-11-26 23:15:00+01:00,92.5121445791802,90.9
2025-11-26 23:30:00+01:00,91.57686392738681,88.06
2025-11-26 23:45:00+01:00,84.15174277277457,82.0
2025-11-27 00:00:00+01:00,95.16643671425352,94.07
2025-11-27 00:15:00+01:00,89.4835234696935,91.21
2025-11-27 00:30:00+01:00,85.37455429,87.81
2025-11-27 00:45:00+01:00,80.87395058638995,86.69
2025-11-27 01:00:00+01:00,87.50820667188722,88.91
2025-11-27 01:15:00+01:00,84.14886927888021,85.62
2025-11-27 01:30:00+01:00,81.4725293896314,82.62
2025-11-27 01:45:00+01:00,80.07093348408726,79.95
2025-11-27 02:00:00+01:00,82.22215685422223,83.73
2025-11-27 02:15:00+01:00,78.47556071127282,81.09
2025-11-27 02:30:00+01:00,78.08913791855684,79.37
2025-11-27 02:45:00+01:00,77.59739562388214,75.6
2025-11-27 03:00:00+01:00,76.9084895968008,80.85
2025-11-27 03:15:00+01:00,76.61092468323618,79.37
2025-11-27 03:30:00+01:00,76.23450428921788,77.42
2025-11-27 03:45:00+01:00,75.35738498364947,71.73
2025-11-27 04:00:00+01:00,72.96741838693596,76.69
2025-11-27 04:15:00+01:00,74.9356664365754,76.92
2025-11-27 04:30:00+01:00,76.03100700197686,82.83
2025-11-27 04:45:00+01:00,75.12534842374521,83.35
2025-11-27 05:00:00+01:00,74.03866427653436,83.19
2025-11-27 05:15:00+01:00,76.9786575214271,73.46
2025-11-27 05:30:00+01:00,77.72105180122577,84.35
2025-11-27 05:45:00+01:00,84.52046271868485,87.31
2025-11-27 06:00:00+01:00,81.80984257319254,86.98
2025-11-27 06:15:00+01:00,95.94511229979753,111.57
2025-11-27 06:30:00+01:00,101.9552693642788,119.44
2025-11-27 06:45:00+01:00,111.86401860980547,130.89
2025-11-27 07:00:00+01:00,107.46993665918617,116.39
2025-11-27 07:15:00+01:00,118.16904328278673,120.6
2025-11-27 07:30:00+01:00,123.43648286295974,125.98
2025-11-27 07:45:00+01:00,123.4809819416023,125.03
2025-11-27 08:00:00+01:00,141.35485376112786,132.01
2025-11-27 08:15:00+01:00,126.85209296143111,126.84
2025-11-27 08:30:00+01:00,122.82043213597812,119.91
2025-11-27 08:45:00+01:00,106.61877241382443,113.66
2025-11-27 09:00:00+01:00,127.58962105351027,116.5
2025-11-27 09:15:00+01:00,111.86751674210741,119.82
2025-11-27 09:30:00+01:00,102.94482609823245,103.4
2025-11-27 09:45:00+01:00,92.24472185751176,88.09
2025-11-27 10:00:00+01:00,106.12259122597136,103.09
2025-11-27 10:15:00+01:00,86.97205983993226,87.54
2025-11-27 10:30:00+01:00,84.50404010548826,86.49
2025-11-27 10:45:00+01:00,82.50628932925744,86.67
2025-11-27 11:00:00+01:00,90.16432415994771,92.82
2025-11-27 11:15:00+01:00,84.2596476626344,89.39
2025-11-27 11:30:00+01:00,84.8394764275114,86.61
2025-11-27 11:45:00+01:00,81.80622311004795,85.84
2025-11-27 12:00:00+01:00,86.4619485465304,90.38
2025-11-27 12:15:00+01:00,83.78506426769306,85.72
2025-11-27 12:30:00+01:00,81.2395554958427,85.75
2025-11-27 12:45:00+01:00,79.70959466598786,86.4
2025-11-27 13:00:00+01:00,80.73496877897813,86.45
2025-11-27 13:15:00+01:00,85.28014627771289,85.06
2025-11-27 13:30:00+01:00,88.49068067108526,85.32
2025-11-27 13:45:00+01:00,91.53497805812759,86.21
2025-11-27 14:00:00+01:00,76.07678778301086,86.32
2025-11-27 14:15:00+01:00,83.2620988985393,86.52
2025-11-27 14:30:00+01:00,91.34139220671241,90.0
2025-11-27 14:45:00+01:00,107.67916467836831,94.15
2025-11-27 15:00:00+01:00,79.32339086674686,86.61
2025-11-27 15:15:00+01:00,88.9005192035184,88.82
2025-11-27 15:30:00+01:00,103.28372583782271,97.13
2025-11-27 15:45:00+01:00,114.48801470737213,89.84
2025-11-27 16:00:00+01:00,90.96785317306538,94.1
2025-11-27 16:15:00+01:00,96.21920634441717,86.32
2025-11-27 16:30:00+01:00,104.13662368377084,88.21
2025-11-27 16:45:00+01:00,117.05579878506387,93.09
2025-11-27 17:00:00+01:00,100.54318749464554,85.47
2025-11-27 17:15:00+01:00,105.88731359462277,92.01
2025-11-27 17:30:00+01:00,112.42749963610626,100.19
2025-11-27 17:45:00+01:00,117.26538520971978,112.36
2025-11-27 18:00:00+01:00,109.99591872097461,103.57
2025-11-27 18:15:00+01:00,105.14650124539078,99.75
2025-11-27 18:30:00+01:00,104.18477085154707,101.78
2025-11-27 18:45:00+01:00,101.88188288863971,100.47
2025-11-27 19:00:00+01:00,102.27616702187136,98.54
2025-11-27 19:15:00+01:00,97.25874301638162,88.66
2025-11-27 19:30:00+01:00,92.07463236789306,85.3
2025-11-27 19:45:00+01:00,87.5423998105512,80.58
2025-11-27 20:00:00+01:00,88.42592526993707,91.42
2025-11-27 20:15:00+01:00,81.16133297861106,90.83
2025-11-27 20:30:00+01:00,79.67237098097738,82.01
2025-11-27 20:45:00+01:00,67.5649961632518,77.33
2025-11-27 21:00:00+01:00,93.64188118636588,88.62
2025-11-27 21:15:00+01:00,78.08629365366076,75.77
2025-11-27 21:30:00+01:00,71.92714709134344,80.57
2025-11-27 21:45:00+01:00,58.10910689575929,77.54
2025-11-27 22:00:00+01:00,88.59367916532683,90.43
2025-11-27 22:15:00+01:00,75.57387692462979,83.69
2025-11-27 22:30:00+01:00,71.36583869587022,87.03
2025-11-27 22:45:00+01:00,61.08530847312342,79.27
2025-11-27 23:00:00+01:00,75.24670344306776,84.9
2025-11-27 23:15:00+01:00,66.96618174869201,74.68
2025-11-27 23:30:00+01:00,64.54476915849712,66.89
2025-11-27 23:45:00+01:00,52.38034646695447,51.36
2025-11-28 00:00:00+01:00,73.38154633252199,70.39
2025-11-28 00:15:00+01:00,66.83276294752389,65.07
2025-11-28 00:30:00+01:00,60.640410661315,55.81
2025-11-28 00:45:00+01:00,52.52161967461295,52.09
2025-11-28 01:00:00+01:00,66.72076016500917,65.16
2025-11-28 01:15:00+01:00,62.29309590210677,52.5
2025-11-28 01:30:00+01:00,57.852831795453824,53.72
2025-11-28 01:45:00+01:00,56.524016156914826,48.62
2025-11-28 02:00:00+01:00,59.974247542598704,54.94
2025-11-28 02:15:00+01:00,56.543627138554925,53.41
2025-11-28 02:30:00+01:00,56.3077853668258,52.71
2025-11-28 02:45:00+01:00,56.15832996066879,50.66
2025-11-28 03:00:00+01:00,55.558667187614915,46.88
2025-11-28 03:15:00+01:00,56.12689889664007,48.21
2025-11-28 03:30:00+01:00,55.85257438431212,47.88
2025-11-28 03:45:00+01:00,54.72987478422487,48.56
2025-11-28 04:00:00+01:00,51.796080323603334,52.1
2025-11-28 04:15:00+01:00,56.421775011139005,51.42
2025-11-28 04:30:00+01:00,57.31460371378708,60.07
2025-11-28 04:45:00+01:00,59.239757556178475,69.91
2025-11-28 05:00:00+01:00,53.04919123644192,51.5
2025-11-28 05:15:00+01:00,60.16737947258612,54.6
2025-11-28 05:30:00+01:00,65.0220340190904,59.93
2025-11-28 05:45:00+01:00,74.44778315153599,78.13
2025-11-28 06:00:00+01:00,64.31042200638308,63.73
2025-11-28 06:15:00+01:00,80.33516748375182,78.11
2025-11-28 06:30:00+01:00,85.62886649888618,87.33
2025-11-28 06:45:00+01:00,97.29263894423828,102.28
2025-11-28 07:00:00+01:00,89.37992337366163,78.23
2025-11-28 07:15:00+01:00,102.20501194704715,90.96
2025-11-28 07:30:00+01:00,106.50884072052976,95.0
2025-11-28 07:45:00+01:00,107.64750544223025,87.09
2025-11-28 08:00:00+01:00,121.64732047377231,102.89
2025-11-28 08:15:00+01:00,115.8479539683193,98.63
2025-11-28 08:30:00+01:00,110.6387901193557,100.37
2025-11-28 08:45:00+01:00,96.39648813551452,100.01
2025-11-28 09:00:00+01:00,113.47967625018096,114.3
2025-11-28 09:15:00+01:00,103.60741107044825,102.25
2025-11-28 09:30:00+01:00,93.79446821049935,100.1
2025-11-28 09:45:00+01:00,81.64769555681836,96.95
2025-11-28 10:00:00+01:00,97.4155246153606,102.24
2025-11-28 10:15:00+01:00,89.95523787831401,96.07
2025-11-28 10:30:00+01:00,85.16205516455807,97.01
2025-11-28 10:45:00+01:00,80.43992243332472,96.06
2025-11-28 11:00:00+01:00,92.37861479322797,104.5
2025-11-28 11:15:00+01:00,89.43872638577943,102.98
2025-11-28 11:30:00+01:00,87.96246187028741,102.83
2025-11-28 11:45:00+01:00,83.83697887793264,100.97
2025-11-28 12:00:00+01:00,84.70519258592873,94.73
2025-11-28 12:15:00+01:00,83.8513725261532,94.2
2025-11-28 12:30:00+01:00,94.1659218651314,102.74
2025-11-28 12:45:00+01:00,100.49934140920696,103.18
2025-11-28 13:00:00+01:00,95.89257569801963,97.56
2025-11-28 13:15:00+01:00,100.1953411231675,99.96
2025-11-28 13:30:00+01:00,92.19994583794036,100.96
2025-11-28 13:45:00+01:00,101.26488394239975,99.32
2025-11-28 14:00:00+01:00,83.98995447274024,92.35
2025-11-28 14:15:00+01:00,90.19427253015837,94.54
2025-11-28 14:30:00+01:00,98.23234422833025,102.32
2025-11-28 14:45:00+01:00,116.24671095171237,105.95
2025-11-28 15:00:00+01:00,85.1192268173179,94.63
2025-11-28 15:15:00+01:00,94.77386866660473,104.02
2025-11-28 15:30:00+01:00,114.12309687433716,117.63
2025-11-28 15:45:00+01:00,125.82617770642463,102.4
2025-11-28 16:00:00+01:00,113.68728251472191,106.13
2025-11-28 16:15:00+01:00,115.32499143733658,103.0
2025-11-28 16:30:00+01:00,118.44302549712202,101.42
2025-11-28 16:45:00+01:00,138.17311854442576,103.05
2025-11-28 17:00:00+01:00,122.0999925141784,94.32
2025-11-28 17:15:00+01:00,121.44550191977326,96.95
2025-11-28 17:30:00+01:00,121.34798566521769,96.47
2025-11-28 17:45:00+01:00,122.86901473578888,96.89
2025-11-28 18:00:00+01:00,113.5392205229959,101.04
2025-11-28 18:15:00+01:00,112.55694725456553,95.41
2025-11-28 18:30:00+01:00,113.46538530607242,98.03
2025-11-28 18:45:00+01:00,112.93755918438129,98.02
2025-11-28 19:00:00+01:00,113.8095272757115,102.32
2025-11-28 19:15:00+01:00,101.60632179899574,96.1
2025-11-28 19:30:00+01:00,97.62855554727538,91.57
2025-11-28 19:45:00+01:00,91.73699483335011,83.29
2025-11-28 20:00:00+01:00,109.83363886531136,102.8
2025-11-28 20:15:00+01:00,94.81930581976432,87.62
2025-11-28 20:30:00+01:00,88.39520513789523,85.29
2025-11-28 20:45:00+01:00,82.42409981780173,78.12
2025-11-28 21:00:00+01:00,101.5830916776317,91.34
2025-11-28 21:15:00+01:00,89.57359181332197,89.37
2025-11-28 21:30:00+01:00,79.8745749378641,86.05
2025-11-28 21:45:00+01:00,73.25388634857241,74.88
2025-11-28 22:00:00+01:00,95.32032622411998,91.61
2025-11-28 22:15:00+01:00,88.34595441363649,84.73
2025-11-28 22:30:00+01:00,83.77584014565991,88.43
2025-11-28 22:45:00+01:00,77.84506164168528,77.41
2025-11-28 23:00:00+01:00,85.76944804672492,85.83
2025-11-28 23:15:00+01:00,79.3355059499345,77.69
2025-11-28 23:30:00+01:00,74.34022349069417,75.84
2025-11-28 23:45:00+01:00,67.11076799156041,71.96
2025-11-29 00:00:00+01:00,84.1524274649036,95.22
2025-11-29 00:15:00+01:00,80.36635972793329,83.55
2025-11-29 00:30:00+01:00,78.15675237334938,77.91
2025-11-29 00:45:00+01:00,75.38922630821531,70.24
2025-11-29 01:00:00+01:00,79.55771965316598,83.48
2025-11-29 01:15:00+01:00,77.55556721948587,78.65
2025-11-29 01:30:00+01:00,75.05182338262892,80.62
2025-11-29 01:45:00+01:00,72.62673941732723,80.84
2025-11-29 02:00:00+01:00,75.68286542421149,84.28
2025-11-29 02:15:00+01:00,74.35340403898465,83.11
2025-11-29 02:30:00+01:00,73.95165844662543,78.97
2025-11-29 02:45:00+01:00,74.26302622601911,78.98
2025-11-29 03:00:00+01:00,74.30180243620214,84.07
2025-11-29 03:15:00+01:00,74.18813719521691,80.89
2025-11-29 03:30:00+01:00,74.75517008275901,82.18
2025-11-29 03:45:00+01:00,74.00914379033713,83.09
2025-11-29 04:00:00+01:00,73.7168084834527,83.02
2025-11-29 04:15:00+01:00,75.08352550243012,85.4
2025-11-29 04:30:00+01:00,76.47748895743032,86.79
2025-11-29 04:45:00+01:00,77.850975064788,87.58
2025-11-29 05:00:00+01:00,73.20028667284606,90.25
2025-11-29 05:15:00+01:00,75.85676037126163,91.88
2025-11-29 05:30:00+01:00,80.19919855360176,84.93
2025-11-29 05:45:00+01:00,81.90937891182378,92.93
2025-11-29 06:00:00+01:00,72.67293558159616,81.1
2025-11-29 06:15:00+01:00,81.8778875997745,87.26
2025-11-29 06:30:00+01:00,83.74145022613915,93.64
2025-11-29 06:45:00+01:00,89.02242106490382,101.55
2025-11-29 07:00:00+01:00,80.78923918779945,79.12
2025-11-29 07:15:00+01:00,87.13286620262417,88.55
2025-11-29 07:30:00+01:00,89.66999451651942,104.37
2025-11-29 07:45:00+01:00,94.51813611786136,112.66
2025-11-29 08:00:00+01:00,102.34333535280997,92.7
2025-11-29 08:15:00+01:00,104.96022812509476,85.78
2025-11-29 08:30:00+01:00,104.2570402378919,89.8
2025-11-29 08:45:00+01:00,96.51290307414538,88.32
2025-11-29 09:00:00+01:00,106.83690707923,99.87
2025-11-29 09:15:00+01:00,103.00379687193944,101.78
2025-11-29 09:30:00+01:00,96.7771320555608,101.98
2025-11-29 09:45:00+01:00,88.13442660461257,102.7
2025-11-29 10:00:00+01:00,92.29251720419727,109.99
2025-11-29 10:15:00+01:00,88.72795334996617,103.69
2025-11-29 10:30:00+01:00,88.66952000906149,99.74
2025-11-29 10:45:00+01:00,86.14304376352803,92.34
2025-11-29 11:00:00+01:00,90.52646964651966,100.8
2025-11-29 11:15:00+01:00,91.51030994811123,99.76
2025-11-29 11:30:00+01:00,94.33305401249169,94.8
2025-11-29 11:45:00+01:00,90.29464503641985,85.69
2025-11-29 12:00:00+01:00,83.06891750245151,91.03
2025-11-29 12:15:00+01:00,86.5784829851046,85.22
2025-11-29 12:30:00+01:00,92.30401259891755,85.25
2025-11-29 12:45:00+01:00,100.71023065322402,82.89
2025-11-29 13:00:00+01:00,94.66396593603153,93.16
2025-11-29 13:15:00+01:00,96.93496776185756,85.26
2025-11-29 13:30:00+01:00,90.48848463242166,85.52
2025-11-29 13:45:00+01:00,98.09379847366753,87.89
2025-11-29 14:00:00+01:00,82.26844732300934,86.1
2025-11-29 14:15:00+01:00,88.67141392780316,88.82
2025-11-29 14:30:00+01:00,93.91185575346947,93.64
2025-11-29 14:45:00+01:00,109.06009905910841,98.35
2025-11-29 15:00:00+01:00,83.73066950717627,97.31
2025-11-29 15:15:00+01:00,91.56765778145856,107.93
2025-11-29 15:30:00+01:00,102.62236057676863,102.44
2025-11-29 15:45:00+01:00,107.70086916260112,103.21
2025-11-29 16:00:00+01:00,99.62809857384293,91.77
2025-11-29 16:15:00+01:00,98.05919250822191,100.12
2025-11-29 16:30:00+01:00,105.7517669052232,104.57
2025-11-29 16:45:00+01:00,113.89520274996153,114.12
2025-11-29 17:00:00+01:00,110.77115150148255,107.43
2025-11-29 17:15:00+01:00,118.629087756486,109.38
2025-11-29 17:30:00+01:00,115.21161727233667,108.14
2025-11-29 17:45:00+01:00,113.92495521497577,103.39
2025-11-29 18:00:00+01:00,112.59611926662957,107.41
2025-11-29 18:15:00+01:00,109.08389259618767,98.0
2025-11-29 18:30:00+01:00,104.01131501089797,95.02
2025-11-29 18:45:00+01:00,99.53391390762367,92.09
2025-11-29 19:00:00+01:00,105.97526666689573,92.17
2025-11-29 19:15:00+01:00,101.75551699067631,89.88
2025-11-29 19:30:00+01:00,96.63370465011516,85.61
2025-11-29 19:45:00+01:00,91.97084122668555,86.06
2025-11-29 20:00:00+01:00,96.3344373410929,89.88
2025-11-29 20:15:00+01:00,89.48562508198941,83.11
2025-11-29 20:30:00+01:00,84.93323614880006,76.91
2025-11-29 20:45:00+01:00,81.9715992429708,74.55
2025-11-29 21:00:00+01:00,94.81630908409596,85.61
2025-11-29 21:15:00+01:00,87.58671577858362,82.58
2025-11-29 21:30:00+01:00,86.313102854306,78.31
2025-11-29 21:45:00+01:00,79.5916304304132,76.7
2025-11-29 22:00:00+01:00,94.08743989234657,86.95
2025-11-29 22:15:00+01:00,89.22106583510252,83.91
2025-11-29 22:30:00+01:00,87.07858732590502,86.43
2025-11-29 22:45:00+01:00,80.05212223582636,76.67
2025-11-29 23:00:00+01:00,86.45879632940087,83.1
2025-11-29 23:15:00+01:00,79.59655939108984,76.95
2025-11-29 23:30:00+01:00,77.83442783807175,76.0
2025-11-29 23:45:00+01:00,72.11886221050673,74.86
2025-11-30 00:00:00+01:00,79.8676385539772,84.65
2025-11-30 00:15:00+01:00,76.39400268078748,78.22
2025-11-30 00:30:00+01:00,73.26159874071733,71.64
2025-11-30 00:45:00+01:00,69.26305649069838,69.38
2025-11-30 01:00:00+01:00,74.60950388268866,74.13
2025-11-30 01:15:00+01:00,72.72730576080023,68.56
2025-11-30 01:30:00+01:00,69.04904223236302,68.38
2025-11-30 01:45:00+01:00,66.86712052609755,68.06
2025-11-30 02:00:00+01:00,68.86356548314215,69.34
2025-11-30 02:15:00+01:00,68.25649224635639,68.74
2025-11-30 02:30:00+01:00,67.41346578089794,67.74
2025-11-30 02:45:00+01:00,67.82716414464251,63.93
2025-11-30 03:00:00+01:00,67.57859400243089,68.56
2025-11-30 03:15:00+01:00,67.31775432167603,67.03
2025-11-30 03:30:00+01:00,67.19435240162035,65.14
2025-11-30 03:45:00+01:00,64.52328467105919,60.69
2025-11-30 04:00:00+01:00,65.35598316449313,65.55
2025-11-30 04:15:00+01:00,66.6959126505663,67.09
2025-11-30 04:30:00+01:00,67.39728633406469,68.7
2025-11-30 04:45:00+01:00,68.20780756244571,66.66
2025-11-30 05:00:00+01:00,66.80141447022977,72.04
2025-11-30 05:15:00+01:00,69.22706061527647,71.48
2025-11-30 05:30:00+01:00,70.27374592083527,75.74
2025-11-30 05:45:00+01:00,71.05246204318401,77.91
2025-11-30 06:00:00+01:00,62.285361783923804,71.32
2025-11-30 06:15:00+01:00,70.44835211459937,72.86
2025-11-30 06:30:00+01:00,73.56930079293375,77.18
2025-11-30 06:45:00+01:00,76.98705910318208,80.95
2025-11-30 07:00:00+01:00,71.73816942896428,72.4
2025-11-30 07:15:00+01:00,74.0014359447201,71.46
2025-11-30 07:30:00+01:00,70.04234317922118,77.91
2025-11-30 07:45:00+01:00,72.95198634609997,82.13
2025-11-30 08:00:00+01:00,84.29501746963587,75.79
2025-11-30 08:15:00+01:00,83.22661913495959,83.06
2025-11-30 08:30:00+01:00,83.4452274648412,79.77
2025-11-30 08:45:00+01:00,77.1483353541106,80.74
2025-11-30 09:00:00+01:00,87.40198822637632,82.06
2025-11-30 09:15:00+01:00,85.01030846981376,82.4
2025-11-30 09:30:00+01:00,79.57188724545198,82.0
2025-11-30 09:45:00+01:00,70.9521409076499,76.14
2025-11-30 10:00:00+01:00,82.22107444392904,87.79
2025-11-30 10:15:00+01:00,77.94286009813877,85.1
2025-11-30 10:30:00+01:00,77.6428744184927,83.74
2025-11-30 10:45:00+01:00,76.24359624951194,81.06
2025-11-30 11:00:00+01:00,81.79395949640178,77.9
2025-11-30 11:15:00+01:00,84.01552020869954,80.16
2025-11-30 11:30:00+01:00,83.94319674194044,84.11
2025-11-30 11:45:00+01:00,81.5553677072061,84.0
2025-11-30 12:00:00+01:00,79.41178776836401,78.81
2025-11-30 12:15:00+01:00,77.93993614891407,76.41
2025-11-30 12:30:00+01:00,78.6394500052674,82.48
2025-11-30 12:45:00+01:00,85.87424770086353,85.08
2025-11-30 13:00:00+01:00,75.55139222984963,77.91
2025-11-30 13:15:00+01:00,81.6243631588869,80.74
2025-11-30 13:30:00+01:00,89.06937220066385,83.68
2025-11-30 13:45:00+01:00,93.09168388771312,87.74
2025-11-30 14:00:00+01:00,79.31596788364354,78.32
2025-11-30 14:15:00+01:00,87.95684081669671,87.18
2025-11-30 14:30:00+01:00,94.88906408296194,89.08
2025-11-30 14:45:00+01:00,106.10944884532049,95.61
2025-11-30 15:00:00+01:00,84.79797458240628,81.82
2025-11-30 15:15:00+01:00,94.29679425961427,88.59
2025-11-30 15:30:00+01:00,105.67680609515037,103.14
2025-11-30 15:45:00+01:00,112.0877185106458,100.76
2025-11-30 16:00:00+01:00,98.9742579805144,82.79
2025-11-30 16:15:00+01:00,100.93889210977139,86.61
2025-11-30 16:30:00+01:00,106.21816882203191,99.94
2025-11-30 16:45:00+01:00,119.32066643083508,101.9
2025-11-30 17:00:00+01:00,114.44187740554146,103.02
2025-11-30 17:15:00+01:00,115.36075018011707,103.09
2025-11-30 17:30:00+01:00,114.690795397312,105.03
2025-11-30 17:45:00+01:00,110.4503019293492,105.05
2025-11-30 18:00:00+01:00,116.13396849567398,106.37
2025-11-30 18:15:00+01:00,113.67246734265167,105.07
2025-11-30 18:30:00+01:00,110.67913513217967,105.1
2025-11-30 18:45:00+01:00,106.14689702980273,108.31
2025-11-30 19:00:00+01:00,105.82444481579832,103.08
2025-11-30 19:15:00+01:00,107.03235373188588,105.01
2025-11-30 19:30:00+01:00,103.05096138526255,103.28
2025-11-30 19:45:00+01:00,96.82762550183905,105.14
2025-11-30 20:00:00+01:00,99.59698660360861,97.27
2025-11-30 20:15:00+01:00,99.1473408778698,97.7
2025-11-30 20:30:00+01:00,95.52773124043131,96.74
2025-11-30 20:45:00+01:00,88.78986428104241,98.39
2025-11-30 21:00:00+01:00,102.883109416208,95.94
2025-11-30 21:15:00+01:00,98.92901110415532,96.66
2025-11-30 21:30:00+01:00,97.34603303310894,90.92
2025-11-30 21:45:00+01:00,84.87984746344519,88.2
2025-11-30 22:00:00+01:00,99.24733439575321,95.51
2025-11-30 22:15:00+01:00,95.04801583161507,93.93
2025-11-30 22:30:00+01:00,91.88904118341308,91.64
2025-11-30 22:45:00+01:00,88.2483014490616,89.31
2025-11-30 23:00:00+01:00,93.78053483707615,88.51
2025-11-30 23:15:00+01:00,86.48812749631708,86.44
2025-11-30 23:30:00+01:00,84.5864979408562,87.27
2025-11-30 23:45:00+01:00,79.84454724520272,86.29
2025-12-01 00:00:00+01:00,89.95630236658057,90.91
2025-12-01 00:15:00+01:00,87.9138725761463,90.44
2025-12-01 00:30:00+01:00,86.27747632179614,86.29
2025-12-01 00:45:00+01:00,83.44027101699842,84.34
2025-12-01 01:00:00+01:00,84.64133062991115,90.79
2025-12-01 01:15:00+01:00,83.39627363449662,85.05
2025-12-01 01:30:00+01:00,83.01385454182993,85.46
2025-12-01 01:45:00+01:00,80.66638943031566,82.79
2025-12-01 02:00:00+01:00,81.74245635326601,85.03
2025-12-01 02:15:00+01:00,80.7432498725312,81.35
2025-12-01 02:30:00+01:00,79.75385319499397,78.91
2025-12-01 02:45:00+01:00,79.15050695326234,80.07
2025-12-01 03:00:00+01:00,80.04703593428384,86.29
2025-12-01 03:15:00+01:00,78.6228943360513,85.02
2025-12-01 03:30:00+01:00,77.83795517744753,82.8
2025-12-01 03:45:00+01:00,77.06099936824226,86.45
2025-12-01 04:00:00+01:00,77.1277911871061,80.08
2025-12-01 04:15:00+01:00,77.88163927807577,81.32
2025-12-01 04:30:00+01:00,82.1099074768162,76.83
2025-12-01 04:45:00+01:00,84.67068748918659,82.8
2025-12-01 05:00:00+01:00,83.07404441756235,81.36
2025-12-01 05:15:00+01:00,82.69614849916971,79.44
2025-12-01 05:30:00+01:00,89.89871767090553,90.9
2025-12-01 05:45:00+01:00,93.64920782329133,103.28
2025-12-01 06:00:00+01:00,83.30953663041335,77.9
2025-12-01 06:15:00+01:00,101.22342720394616,81.33
2025-12-01 06:30:00+01:00,117.31026992156096,92.36
2025-12-01 06:45:00+01:00,125.52753437037083,102.91
2025-12-01 07:00:00+01:00,116.81113717537355,119.01
2025-12-01 07:15:00+01:00,126.17671219098357,119.06
2025-12-01 07:30:00+01:00,134.8008560866023,130.98
2025-12-01 07:45:00+01:00,139.27868471858443,142.39
2025-12-01 08:00:00+01:00,144.11909923717099,170.36
2025-12-01 08:15:00+01:00,135.3698582452366,146.72
2025-12-01 08:30:00+01:00,132.6519590541322,122.86
2025-12-01 08:45:00+01:00,123.19069428791855,117.39
2025-12-01 09:00:00+01:00,123.64693467142597,117.0
2025-12-01 09:15:00+01:00,120.7537851797174,112.59
2025-12-01 09:30:00+01:00,115.4668500932772,104.5
2025-12-01 09:45:00+01:00,106.16839689192616,86.29
2025-12-01 10:00:00+01:00,102.87193441217977,97.71
2025-12-01 10:15:00+01:00,98.26469656079325,95.05
2025-12-01 10:30:00+01:00,100.91791882147325,95.02
2025-12-01 10:45:00+01:00,97.41923984267044,87.15
2025-12-01 11:00:00+01:00,103.25079140541469,90.58
2025-12-01 11:15:00+01:00,103.48108126250537,86.3
2025-12-01 11:30:00+01:00,100.46823656735825,83.32
2025-12-01 11:45:00+01:00,102.46665730999825,83.64
2025-12-01 12:00:00+01:00,88.3629066364267,86.29
2025-12-01 12:15:00+01:00,85.26657664456508,81.4
2025-12-01 12:30:00+01:00,85.67153198348828,84.9
2025-12-01 12:45:00+01:00,99.08559213374829,87.48
2025-12-01 13:00:00+01:00,86.36618015412932,86.19
2025-12-01 13:15:00+01:00,87.41358323402045,86.98
2025-12-01 13:30:00+01:00,92.21647591685624,89.91
2025-12-01 13:45:00+01:00,102.65211672842082,97.2
2025-12-01 14:00:00+01:00,86.62497348775975,98.21
2025-12-01 14:15:00+01:00,91.98733701843193,106.89
2025-12-01 14:30:00+01:00,102.4140292913577,114.77
2025-12-01 14:45:00+01:00,119.08620571355394,109.0
2025-12-01 15:00:00+01:00,95.5040809032061,117.43
2025-12-01 15:15:00+01:00,112.00862505372712,122.89
2025-12-01 15:30:00+01:00,117.42988346291195,126.75
2025-12-01 15:45:00+01:00,123.54884423834825,114.22
2025-12-01 16:00:00+01:00,137.22123067623446,118.92
2025-12-01 16:15:00+01:00,113.50775199175126,119.94
2025-12-01 16:30:00+01:00,116.18437591092302,112.45
2025-12-01 16:45:00+01:00,127.79359063012357,100.55
2025-12-01 17:00:00+01:00,113.8696926176152,89.91
2025-12-01 17:15:00+01:00,115.88411399012708,97.82
2025-12-01 17:30:00+01:00,117.23360422057067,100.56
2025-12-01 17:45:00+01:00,111.54490230654666,89.36
2025-12-01 18:00:00+01:00,109.85757820801018,86.91
2025-12-01 18:15:00+01:00,106.07244649497487,89.7
2025-12-01 18:30:00+01:00,106.40091548811323,91.08
2025-12-01 18:45:00+01:00,103.10995783551863,88.28
2025-12-01 19:00:00+01:00,107.77730524165688,95.08
2025-12-01 19:15:00+01:00,102.21831858613363,85.38
2025-12-01 19:30:00+01:00,95.07203589187188,85.91
2025-12-01 19:45:00+01:00,89.06921721830449,80.7
2025-12-01 20:00:00+01:00,86.51811433053048,91.99
2025-12-01 20:15:00+01:00,84.0312305874537,84.07
2025-12-01 20:30:00+01:00,85.58149832702127,75.91
2025-12-01 20:45:00+01:00,81.3035005681462,77.23
2025-12-01 21:00:00+01:00,90.32262414950539,86.86
2025-12-01 21:15:00+01:00,80.3224663022949,80.98
2025-12-01 21:30:00+01:00,81.39328886121483,69.87
2025-12-01 21:45:00+01:00,74.4416660522698,66.09
2025-12-01 22:00:00+01:00,85.26159600755904,84.08
2025-12-01 22:15:00+01:00,78.46742444373723,72.56
2025-12-01 22:30:00+01:00,79.66840981199636,79.69
2025-12-01 22:45:00+01:00,73.08954562081752,69.39
2025-12-01 23:00:00+01:00,79.43244228564181,82.47
2025-12-01 23:15:00+01:00,69.3181976862285,70.76
2025-12-01 23:30:00+01:00,69.87919354032408,71.18
2025-12-01 23:45:00+01:00,68.24123576078809,62.8
2025-12-02 00:00:00+01:00,76.54685088876577,74.08
2025-12-02 00:15:00+01:00,66.57953227387074,69.92
2025-12-02 00:30:00+01:00,66.12656534499314,63.16
2025-12-02 00:45:00+01:00,58.03799523316002,55.95
2025-12-02 01:00:00+01:00,66.38864327629736,65.41
2025-12-02 01:15:00+01:00,63.580883967441494,58.49
2025-12-02 01:30:00+01:00,64.06292388972673,56.59
2025-12-02 01:45:00+01:00,59.807523393757364,54.79
2025-12-02 02:00:00+01:00,60.0883834407167,55.08
2025-12-02 02:15:00+01:00,59.6167299469424,54.24
2025-12-02 02:30:00+01:00,59.530275077824044,54.69
2025-12-02 02:45:00+01:00,58.579530320771966,55.73
2025-12-02 03:00:00+01:00,60.15302958076073,55.16
2025-12-02 03:15:00+01:00,59.381101753833505,53.71
2025-12-02 03:30:00+01:00,59.50812694558131,54.16
2025-12-02 03:45:00+01:00,58.20968926707006,51.9
2025-12-02 04:00:00+01:00,59.80188901730362,48.96
2025-12-02 04:15:00+01:00,60.39915199960275,49.78
2025-12-02 04:30:00+01:00,63.91209014167764,51.02
2025-12-02 04:45:00+01:00,65.38351356115292,52.11
2025-12-02 05:00:00+01:00,61.53906505349866,50.29
2025-12-02 05:15:00+01:00,69.9619361292621,59.31
2025-12-02 05:30:00+01:00,71.1970650382865,69.17
2025-12-02 05:45:00+01:00,81.62439871209843,79.57
2025-12-02 06:00:00+01:00,61.51291543532443,62.56
2025-12-02 06:15:00+01:00,78.5652099294423,76.7
2025-12-02 06:30:00+01:00,81.90808658783828,90.05
2025-12-02 06:45:00+01:00,93.03006480853823,84.74
2025-12-02 07:00:00+01:00,84.69598234448371,74.21
2025-12-02 07:15:00+01:00,89.65309909875126,80.8
2025-12-02 07:30:00+01:00,92.03691407236917,92.82
2025-12-02 07:45:00+01:00,92.91728210254935,103.32
2025-12-02 08:00:00+01:00,103.17588386303956,84.2
2025-12-02 08:15:00+01:00,99.37519779340656,87.9
2025-12-02 08:30:00+01:00,95.85736115533521,88.12
2025-12-02 08:45:00+01:00,88.29938320388798,90.38
2025-12-02 09:00:00+01:00,101.7090599100742,88.79
2025-12-02 09:15:00+01:00,92.48896348020517,89.98
2025-12-02 09:30:00+01:00,84.30107155447199,89.16
2025-12-02 09:45:00+01:00,81.62246166340164,85.19
2025-12-02 10:00:00+01:00,95.28911385344784,87.61
2025-12-02 10:15:00+01:00,85.99117377636436,85.38
2025-12-02 10:30:00+01:00,84.73595369505074,84.61
2025-12-02 10:45:00+01:00,79.579266857015,85.73
2025-12-02 11:00:00+01:00,88.5041091064486,85.07
2025-12-02 11:15:00+01:00,89.64209333385821,85.2
2025-12-02 11:30:00+01:00,88.81032431917707,87.84
2025-12-02 11:45:00+01:00,88.19732031325563,88.78
2025-12-02 12:00:00+01:00,88.76450208250131,87.01
2025-12-02 12:15:00+01:00,89.73240504096844,86.99
2025-12-02 12:30:00+01:00,97.36843498718395,87.58
2025-12-02 12:45:00+01:00,102.36551663517706,88.21
2025-12-02 13:00:00+01:00,101.04859711307128,94.84
2025-12-02 13:15:00+01:00,104.21616103538541,91.79
2025-12-02 13:30:00+01:00,105.67477727794358,94.84
2025-12-02 13:45:00+01:00,109.64409956925437,106.67
2025-12-02 14:00:00+01:00,96.81343799348085,84.49
2025-12-02 14:15:00+01:00,109.41247366484049,86.75
2025-12-02 14:30:00+01:00,121.06727370441018,116.52
2025-12-02 14:45:00+01:00,133.2684779362697,132.27
2025-12-02 15:00:00+01:00,109.69529144140458,122.27
2025-12-02 15:15:00+01:00,127.97942970573791,137.87
2025-12-02 15:30:00+01:00,147.97110350019557,150.35
2025-12-02 15:45:00+01:00,161.63464869878595,150.99
2025-12-02 16:00:00+01:00,132.39777903631432,130.07
2025-12-02 16:15:00+01:00,145.64078577126645,126.39
2025-12-02 16:30:00+01:00,159.2833531166806,136.63
2025-12-02 16:45:00+01:00,181.21208190570718,152.27
2025-12-02 17:00:00+01:00,163.5377082237871,142.01
2025-12-02 17:15:00+01:00,161.9328708685106,152.91
2025-12-02 17:30:00+01:00,170.24495841675372,157.84
2025-12-02 17:45:00+01:00,169.72896303011805,153.8
2025-12-02 18:00:00+01:00,161.8381281823799,154.72
2025-12-02 18:15:00+01:00,156.19952018847863,153.97
2025-12-02 18:30:00+01:00,164.41955911476234,160.89
2025-12-02 18:45:00+01:00,169.0627875457883,178.99
2025-12-02 19:00:00+01:00,171.6847789179776,165.42
2025-12-02 19:15:00+01:00,150.58098931431286,157.12
2025-12-02 19:30:00+01:00,145.42273867851037,172.28
2025-12-02 19:45:00+01:00,140.2740583331387,157.99
2025-12-02 20:00:00+01:00,168.09958920670064,181.42
2025-12-02 20:15:00+01:00,140.85394004680043,160.01
2025-12-02 20:30:00+01:00,130.43911556929245,147.98
2025-12-02 20:45:00+01:00,122.65387490128484,130.13
2025-12-02 21:00:00+01:00,131.2964544831116,140.25
2025-12-02 21:15:00+01:00,120.06344156078401,135.99
2025-12-02 21:30:00+01:00,112.99811930996815,127.03
2025-12-02 21:45:00+01:00,103.93404297495985,114.12
2025-12-02 22:00:00+01:00,117.30441003880142,129.63
2025-12-02 22:15:00+01:00,110.17876277433469,122.53
2025-12-02 22:30:00+01:00,107.1229645742554,116.06
2025-12-02 22:45:00+01:00,101.64046376956153,108.67
2025-12-02 23:00:00+01:00,113.96228452930924,108.06
2025-12-02 23:15:00+01:00,101.85297451357181,105.04
2025-12-02 23:30:00+01:00,96.57191639486177,96.24
2025-12-02 23:45:00+01:00,91.73959011057258,87.21
2025-12-03 00:00:00+01:00,104.32338116094522,92.22
2025-12-03 00:15:00+01:00,99.2726097409603,89.98
2025-12-03 00:30:00+01:00,96.78618472344962,90.88
2025-12-03 00:45:00+01:00,94.73725114105774,90.26
2025-12-03 01:00:00+01:00,96.54748935618835,87.22
2025-12-03 01:15:00+01:00,94.2118386476435,86.51
2025-12-03 01:30:00+01:00,93.75998340927809,91.3
2025-12-03 01:45:00+01:00,92.2632568116791,91.26
2025-12-03 02:00:00+01:00,94.99558927408225,89.98
2025-12-03 02:15:00+01:00,92.14164072930099,89.87
2025-12-03 02:30:00+01:00,92.19331025480676,90.64
2025-12-03 02:45:00+01:00,90.2722876550902,90.54
2025-12-03 03:00:00+01:00,92.00177607152756,91.39
2025-12-03 03:15:00+01:00,90.82406106628929,90.75
2025-12-03 03:30:00+01:00,92.57029220142164,88.66
2025-12-03 03:45:00+01:00,92.4607832574367,88.71
2025-12-03 04:00:00+01:00,91.37207792118465,90.24
2025-12-03 04:15:00+01:00,92.88606938334512,89.02
2025-12-03 04:30:00+01:00,95.66839850119756,89.89
2025-12-03 04:45:00+01:00,101.24688320285813,90.93
2025-12-03 05:00:00+01:00,95.47395321008486,89.37
2025-12-03 05:15:00+01:00,97.90242542008093,90.83
2025-12-03 05:30:00+01:00,102.25447693597293,99.82
2025-12-03 05:45:00+01:00,112.01913105093273,115.9
2025-12-03 06:00:00+01:00,103.82472373741845,111.45
2025-12-03 06:15:00+01:00,121.57138367013891,131.89
2025-12-03 06:30:00+01:00,135.10987628143624,160.34
2025-12-03 06:45:00+01:00,151.61529514441472,200.1
2025-12-03 07:00:00+01:00,155.3607047391414,153.9
2025-12-03 07:15:00+01:00,183.52952573364507,184.0
2025-12-03 07:30:00+01:00,204.83870451911196,236.0
2025-12-03 07:45:00+01:00,221.84485872731943,226.1
2025-12-03 08:00:00+01:00,224.26981152017856,236.03
2025-12-03 08:15:00+01:00,233.58879901710947,260.8
2025-12-03 08:30:00+01:00,209.16296436823853,270.09
2025-12-03 08:45:00+01:00,181.15996130965164,233.07
2025-12-03 09:00:00+01:00,232.11285151493757,263.7
2025-12-03 09:15:00+01:00,208.77185969736638,240.76
2025-12-03 09:30:00+01:00,175.85749757328156,187.07
2025-12-03 09:45:00+01:00,160.50742222011905,188.03
2025-12-03 10:00:00+01:00,198.25351923894536,209.82
2025-12-03 10:15:00+01:00,184.6887261897227,184.12
2025-12-03 10:30:00+01:00,177.48175381924716,178.24
2025-12-03 10:45:00+01:00,164.29558822695572,176.54
2025-12-03 11:00:00+01:00,171.56426209810348,176.76
2025-12-03 11:15:00+01:00,164.66228527892497,172.13
2025-12-03 11:30:00+01:00,165.2735594262902,170.79
2025-12-03 11:45:00+01:00,162.24955645796808,173.81
2025-12-03 12:00:00+01:00,147.22690684178923,165.0
2025-12-03 12:15:00+01:00,147.1296866103783,157.01
2025-12-03 12:30:00+01:00,151.88464724166408,169.05
2025-12-03 12:45:00+01:00,163.58546183227574,179.84
2025-12-03 13:00:00+01:00,163.79735843557717,171.62
2025-12-03 13:15:00+01:00,151.26832768456512,175.55
2025-12-03 13:30:00+01:00,150.48609656313187,188.46
2025-12-03 13:45:00+01:00,160.13215010387626,190.0
2025-12-03 14:00:00+01:00,157.2184465643808,176.28
2025-12-03 14:15:00+01:00,175.38470027360756,190.0
2025-12-03 14:30:00+01:00,182.05835506994026,220.0
2025-12-03 14:45:00+01:00,208.89575578621518,213.47
2025-12-03 15:00:00+01:00,199.62617827511275,194.49
2025-12-03 15:15:00+01:00,221.0053285976568,214.67
2025-12-03 15:30:00+01:00,267.18855336185237,268.25
2025-12-03 15:45:00+01:00,299.7586269427711,292.84
2025-12-03 16:00:00+01:00,248.01313808395884,239.89
2025-12-03 16:15:00+01:00,308.76255894982444,304.99
2025-12-03 16:30:00+01:00,320.3845720691088,330.24
2025-12-03 16:45:00+01:00,328.40302639555375,358.28
2025-12-03 17:00:00+01:00,303.58173798971893,276.81
2025-12-03 17:15:00+01:00,277.0297212694557,288.07
2025-12-03 17:30:00+01:00,273.658155579387,254.45
2025-12-03 17:45:00+01:00,258.3264252824792,219.08
2025-12-03 18:00:00+01:00,227.40075911013705,219.69
2025-12-03 18:15:00+01:00,194.57267957536305,220.59
2025-12-03 18:30:00+01:00,196.96516150546486,197.5
2025-12-03 18:45:00+01:00,206.76858754914753,178.7
2025-12-03 19:00:00+01:00,212.80194567622615,202.14
2025-12-03 19:15:00+01:00,183.49800282439728,175.13
2025-12-03 19:30:00+01:00,175.47754365667151,161.16
2025-12-03 19:45:00+01:00,163.38158074988635,152.08
2025-12-03 20:00:00+01:00,174.7225923302992,173.3
2025-12-03 20:15:00+01:00,149.63471000558948,151.23
2025-12-03 20:30:00+01:00,132.2813288294204,135.8
2025-12-03 20:45:00+01:00,124.89217687767885,124.63
2025-12-03 21:00:00+01:00,141.23129456356676,140.13
2025-12-03 21:15:00+01:00,123.85565583947772,133.67
2025-12-03 21:30:00+01:00,117.08744120059552,117.18
2025-12-03 21:45:00+01:00,106.50227425064305,108.32
2025-12-03 22:00:00+01:00,125.29750104335835,128.84
2025-12-03 22:15:00+01:00,115.35471407861442,117.17
2025-12-03 22:30:00+01:00,111.58331649571814,106.77
2025-12-03 22:45:00+01:00,104.33171915027532,100.84
2025-12-03 23:00:00+01:00,114.08651560793737,116.78
2025-12-03 23:15:00+01:00,103.68219185148673,105.61
2025-12-03 23:30:00+01:00,98.10089447262385,99.72
2025-12-03 23:45:00+01:00,90.82335543749954,94.43
2025-12-04 00:00:00+01:00,107.3398236623566,100.72
2025-12-04 00:15:00+01:00,98.93036879687205,99.64
2025-12-04 00:30:00+01:00,96.47841025204318,96.84
2025-12-04 00:45:00+01:00,91.31694540524359,92.33
2025-12-04 01:00:00+01:00,99.12640569647957,99.99
2025-12-04 01:15:00+01:00,94.81777399815837,95.23
2025-12-04 01:30:00+01:00,92.12252576018034,91.26
2025-12-04 01:45:00+01:00,91.39376281029159,89.05
2025-12-04 02:00:00+01:00,94.34929683634792,93.32
2025-12-04 02:15:00+01:00,90.62033118086522,89.9
2025-12-04 02:30:00+01:00,89.836358084475,89.5
2025-12-04 02:45:00+01:00,88.96050260448828,90.61
2025-12-04 03:00:00+01:00,90.7831270922451,92.25
2025-12-04 03:15:00+01:00,88.90081655264018,90.52
2025-12-04 03:30:00+01:00,88.08165977419522,89.91
2025-12-04 03:45:00+01:00,87.49750107268898,88.75
2025-12-04 04:00:00+01:00,87.99396480373994,89.81
2025-12-04 04:15:00+01:00,88.6090651401029,91.73
2025-12-04 04:30:00+01:00,89.61952245290358,92.82
2025-12-04 04:45:00+01:00,91.646796822517,94.95
2025-12-04 05:00:00+01:00,91.10274858780822,91.17
2025-12-04 05:15:00+01:00,94.50722685032362,95.63
2025-12-04 05:30:00+01:00,99.87317249185618,99.74
2025-12-04 05:45:00+01:00,106.98922103281612,100.48
2025-12-04 06:00:00+01:00,101.22291045657627,106.86
2025-12-04 06:15:00+01:00,113.61364628292723,108.98
2025-12-04 06:30:00+01:00,122.00723335513824,130.01
2025-12-04 06:45:00+01:00,137.11636186693366,153.61
2025-12-04 07:00:00+01:00,136.31863199163854,129.0
2025-12-04 07:15:00+01:00,152.16992824014378,130.04
2025-12-04 07:30:00+01:00,162.45764249702262,121.66
2025-12-04 07:45:00+01:00,168.08885658855212,132.94
2025-12-04 08:00:00+01:00,197.90949713235813,140.21
2025-12-04 08:15:00+01:00,177.7667755093796,150.0
2025-12-04 08:30:00+01:00,169.21783153747737,148.39
2025-12-04 08:45:00+01:00,156.84006927005254,140.21
2025-12-04 09:00:00+01:00,175.42526262934535,166.1
2025-12-04 09:15:00+01:00,161.79808863175992,169.95
2025-12-04 09:30:00+01:00,146.59364334534362,159.9
2025-12-04 09:45:00+01:00,133.3573276761981,159.99
2025-12-04 10:00:00+01:00,160.540535611768,136.0
2025-12-04 10:15:00+01:00,134.1256187294358,136.9
2025-12-04 10:30:00+01:00,129.45691713072966,140.21
2025-12-04 10:45:00+01:00,122.61937286540385,140.51
2025-12-04 11:00:00+01:00,140.5858112946345,149.68
2025-12-04 11:15:00+01:00,133.16422423858768,148.16
2025-12-04 11:30:00+01:00,132.070794338274,145.78
2025-12-04 11:45:00+01:00,122.95642438711005,148.75
2025-12-04 12:00:00+01:00,125.96809952900571,140.99
2025-12-04 12:15:00+01:00,127.38080199282345,136.0
2025-12-04 12:30:00+01:00,128.46812402014643,140.86
2025-12-04 12:45:00+01:00,124.22382352680295,150.0
2025-12-04 13:00:00+01:00,124.3186712226329,142.01
2025-12-04 13:15:00+01:00,127.34708073135198,144.4
2025-12-04 13:30:00+01:00,127.89248327985464,146.32
2025-12-04 13:45:00+01:00,132.91194296536443,148.0
2025-12-04 14:00:00+01:00,127.45802017785746,142.62
2025-12-04 14:15:00+01:00,155.819592072879,151.16
2025-12-04 14:30:00+01:00,139.01755465456847,158.57
2025-12-04 14:45:00+01:00,160.8275785041107,155.92
2025-12-04 15:00:00+01:00,137.8450235864877,151.66
2025-12-04 15:15:00+01:00,143.59046176623792,160.55
2025-12-04 15:30:00+01:00,158.8189963683381,149.76
2025-12-04 15:45:00+01:00,173.115905914047,142.0
2025-12-04 16:00:00+01:00,131.7772152204933,152.0
2025-12-04 16:15:00+01:00,151.46040870442258,150.68
2025-12-04 16:30:00+01:00,156.97373952354548,137.81
2025-12-04 16:45:00+01:00,169.12227880247556,140.3
2025-12-04 17:00:00+01:00,144.3651940651655,149.99
2025-12-04 17:15:00+01:00,153.52577364336062,146.13
2025-12-04 17:30:00+01:00,157.17993458394955,141.32
2025-12-04 17:45:00+01:00,158.0715358383133,141.35
2025-12-04 18:00:00+01:00,153.605514376124,139.32
2025-12-04 18:15:00+01:00,139.72059332348326,138.01
2025-12-04 18:30:00+01:00,132.45155261491735,142.01
2025-12-04 18:45:00+01:00,131.066075640679,149.99
2025-12-04 19:00:00+01:00,139.79668847704315,150.05
2025-12-04 19:15:00+01:00,133.64920676807574,139.78
2025-12-04 19:30:00+01:00,127.76312632035737,130.0
2025-12-04 19:45:00+01:00,122.04549333325427,120.11
2025-12-04 20:00:00+01:00,123.69879445323892,134.1
2025-12-04 20:15:00+01:00,116.34537100887222,124.04
2025-12-04 20:30:00+01:00,111.26628086050046,111.51
2025-12-04 20:45:00+01:00,102.44130307594656,104.76
2025-12-04 21:00:00+01:00,121.73295833192519,108.35
2025-12-04 21:15:00+01:00,111.44317061048784,106.88
2025-12-04 21:30:00+01:00,104.71916712444886,102.99
2025-12-04 21:45:00+01:00,97.06271232046892,95.19
2025-12-04 22:00:00+01:00,109.4567523652493,113.02
2025-12-04 22:15:00+01:00,103.75759348064027,111.95
2025-12-04 22:30:00+01:00,101.17549750524795,108.71
2025-12-04 22:45:00+01:00,97.71003683455498,102.47
2025-12-04 23:00:00+01:00,100.0104208070071,105.94
2025-12-04 23:15:00+01:00,92.08680425961178,102.46
2025-12-04 23:30:00+01:00,87.78070416260553,96.7
2025-12-04 23:45:00+01:00,81.40636239433803,87.93
2025-12-05 00:00:00+01:00,99.74731911958008,99.6
2025-12-05 00:15:00+01:00,94.85990832607139,98.0
2025-12-05 00:30:00+01:00,91.0566468262703,94.7
2025-12-05 00:45:00+01:00,88.17315510945129,90.67
2025-12-05 01:00:00+01:00,94.86001802735105,97.42
2025-12-05 01:15:00+01:00,91.9711694415384,94.78
2025-12-05 01:30:00+01:00,90.80204381788984,92.79
2025-12-05 01:45:00+01:00,89.74830671341755,90.46
2025-12-05 02:00:00+01:00,91.69130849220811,92.0
2025-12-05 02:15:00+01:00,90.16610857688767,91.83
2025-12-05 02:30:00+01:00,89.1849052859703,91.84
2025-12-05 02:45:00+01:00,88.46825282189572,88.01
2025-12-05 03:00:00+01:00,89.8802254392705,87.67
2025-12-05 03:15:00+01:00,88.45770735521953,89.41
2025-12-05 03:30:00+01:00,87.00442301268964,90.09
2025-12-05 03:45:00+01:00,86.22669197827749,95.1
2025-12-05 04:00:00+01:00,86.14166229709645,90.79
2025-12-05 04:15:00+01:00,86.81827646488806,91.1
2025-12-05 04:30:00+01:00,88.99844292752502,95.78
2025-12-05 04:45:00+01:00,93.38754410781378,98.45
2025-12-05 05:00:00+01:00,90.50613685598285,91.22
2025-12-05 05:15:00+01:00,91.01679980569499,96.11
2025-12-05 05:30:00+01:00,97.85151484787919,102.1
2025-12-05 05:45:00+01:00,110.48440642636359,114.06
2025-12-05 06:00:00+01:00,101.22673394361675,99.16
2025-12-05 06:15:00+01:00,114.92950718884993,114.0
2025-12-05 06:30:00+01:00,128.15231597989757,125.8
2025-12-05 06:45:00+01:00,146.30488584574817,157.0
2025-12-05 07:00:00+01:00,132.53212212618058,152.67
2025-12-05 07:15:00+01:00,139.261098529135,168.45
2025-12-05 07:30:00+01:00,157.33356239856684,165.13
2025-12-05 07:45:00+01:00,173.30216212777952,163.42
2025-12-05 08:00:00+01:00,211.8516315706359,160.73
2025-12-05 08:15:00+01:00,212.83589392032115,182.13
2025-12-05 08:30:00+01:00,198.2232380438685,198.71
2025-12-05 08:45:00+01:00,166.56114974759168,196.16
2025-12-05 09:00:00+01:00,227.68487075143634,197.6
2025-12-05 09:15:00+01:00,201.3500416729945,192.33
2025-12-05 09:30:00+01:00,173.59889989791046,177.47
2025-12-05 09:45:00+01:00,156.94474289843683,169.18
2025-12-05 10:00:00+01:00,190.97011223802284,177.77
2025-12-05 10:15:00+01:00,169.66436532159213,177.74
2025-12-05 10:30:00+01:00,157.9669257902392,168.31
2025-12-05 10:45:00+01:00,141.48993421374144,161.57
2025-12-05 11:00:00+01:00,184.98631285368373,172.43
2025-12-05 11:15:00+01:00,178.58094657571348,168.43
2025-12-05 11:30:00+01:00,175.3326109690569,169.87
2025-12-05 11:45:00+01:00,161.5913560822878,159.33
2025-12-05 12:00:00+01:00,169.84814976943073,166.37
2025-12-05 12:15:00+01:00,161.71577560667936,157.45
2025-12-05 12:30:00+01:00,178.01855872346738,158.61
2025-12-05 12:45:00+01:00,178.59987503009546,163.81
2025-12-05 13:00:00+01:00,164.23493778205574,162.4
2025-12-05 13:15:00+01:00,172.52026990723874,160.04
2025-12-05 13:30:00+01:00,171.81149872752982,157.36
2025-12-05 13:45:00+01:00,187.93287592840295,149.99
2025-12-05 14:00:00+01:00,176.4127330797872,158.7
2025-12-05 14:15:00+01:00,184.06165801003624,155.66
2025-12-05 14:30:00+01:00,188.40183642886228,160.49
2025-12-05 14:45:00+01:00,193.40150317399667,169.86
2025-12-05 15:00:00+01:00,186.36372072306557,158.61
2025-12-05 15:15:00+01:00,178.51220046390438,156.09
2025-12-05 15:30:00+01:00,193.36039885331752,169.87
2025-12-05 15:45:00+01:00,196.53812748943096,164.82
2025-12-05 16:00:00+01:00,184.69360718007619,157.91
2025-12-05 16:15:00+01:00,188.91399437018902,171.11
2025-12-05 16:30:00+01:00,188.78668364717237,173.9
2025-12-05 16:45:00+01:00,200.5132206018783,175.07
2025-12-05 17:00:00+01:00,190.20019548997283,165.04
2025-12-05 17:15:00+01:00,179.84925661626022,156.7
2025-12-05 17:30:00+01:00,178.33596802269943,162.5
2025-12-05 17:45:00+01:00,171.90355805186647,148.98
2025-12-05 18:00:00+01:00,163.26842290382876,161.06
2025-12-05 18:15:00+01:00,153.63103358485301,151.4
2025-12-05 18:30:00+01:00,147.51010822533738,143.79
2025-12-05 18:45:00+01:00,141.084268153248,132.74
2025-12-05 19:00:00+01:00,144.03250857988837,147.5
2025-12-05 19:15:00+01:00,137.33545942686737,136.3
2025-12-05 19:30:00+01:00,130.64227629691513,130.07
2025-12-05 19:45:00+01:00,123.2143827091013,112.29
2025-12-05 20:00:00+01:00,127.87859190530126,125.69
2025-12-05 20:15:00+01:00,120.43107012830112,122.11
2025-12-05 20:30:00+01:00,113.47738975640964,112.36
2025-12-05 20:45:00+01:00,104.27648827691836,100.44
2025-12-05 21:00:00+01:00,115.85645676222651,107.07
2025-12-05 21:15:00+01:00,105.4573849313857,102.44
2025-12-05 21:30:00+01:00,96.90301256220505,92.41
2025-12-05 21:45:00+01:00,91.9789956113317,88.3
2025-12-05 22:00:00+01:00,103.33881433110666,100.07
2025-12-05 22:15:00+01:00,96.88124551986672,94.71
2025-12-05 22:30:00+01:00,93.1801464474987,90.8
2025-12-05 22:45:00+01:00,87.0503274626797,86.74
2025-12-05 23:00:00+01:00,93.9934870097824,98.57
2025-12-05 23:15:00+01:00,84.75563558245192,88.02
2025-12-05 23:30:00+01:00,81.3234693244651,78.65
2025-12-05 23:45:00+01:00,75.51349750938883,71.25
2025-12-06 00:00:00+01:00,90.4123904605764,94.19
2025-12-06 00:15:00+01:00,84.72253624775364,81.12
2025-12-06 00:30:00+01:00,77.64440957583939,76.96
2025-12-06 00:45:00+01:00,73.78155663492134,76.05
2025-12-06 01:00:00+01:00,83.25355173269699,85.24
2025-12-06 01:15:00+01:00,78.11647827404177,78.47
2025-12-06 01:30:00+01:00,73.76248875211542,75.8
2025-12-06 01:45:00+01:00,71.97967326513769,68.38
2025-12-06 02:00:00+01:00,75.36703274293228,79.57
2025-12-06 02:15:00+01:00,72.4849410928815,75.33
2025-12-06 02:30:00+01:00,70.89738560096154,70.65
2025-12-06 02:45:00+01:00,69.195144303802,68.97
2025-12-06 03:00:00+01:00,69.85081572266469,75.31
2025-12-06 03:15:00+01:00,68.40103079777566,69.13
2025-12-06 03:30:00+01:00,65.28862910474746,70.84
2025-12-06 03:45:00+01:00,61.883333589921364,64.76
2025-12-06 04:00:00+01:00,62.97874294197239,67.54
2025-12-06 04:15:00+01:00,64.86658091710743,66.25
2025-12-06 04:30:00+01:00,63.987347602966054,68.31
2025-12-06 04:45:00+01:00,65.95910852367118,67.61
2025-12-06 05:00:00+01:00,57.685370165520276,67.6
2025-12-06 05:15:00+01:00,61.08640890402066,64.68
2025-12-06 05:30:00+01:00,58.12581240847116,65.35
2025-12-06 05:45:00+01:00,67.07257078845218,62.26
2025-12-06 06:00:00+01:00,56.49517567267529,61.66
2025-12-06 06:15:00+01:00,61.29681685028501,63.98
2025-12-06 06:30:00+01:00,65.50251105457068,66.63
2025-12-06 06:45:00+01:00,74.3751588837369,66.07
2025-12-06 07:00:00+01:00,62.129668583737306,64.29
2025-12-06 07:15:00+01:00,67.18962825488083,67.61
2025-12-06 07:30:00+01:00,69.0912198495812,67.36
2025-12-06 07:45:00+01:00,68.8063617565391,72.22
2025-12-06 08:00:00+01:00,83.14161139854238,75.12
2025-12-06 08:15:00+01:00,81.04184352576145,76.53
2025-12-06 08:30:00+01:00,79.00645471364193,80.78
2025-12-06 08:45:00+01:00,72.47736366789802,82.02
2025-12-06 09:00:00+01:00,87.08485005288195,82.31
2025-12-06 09:15:00+01:00,83.5312039235606,82.64
2025-12-06 09:30:00+01:00,77.86710994335314,82.42
2025-12-06 09:45:00+01:00,68.87678201850436,76.39
2025-12-06 10:00:00+01:00,86.06006466108481,80.55
2025-12-06 10:15:00+01:00,78.32920162670204,84.09
2025-12-06 10:30:00+01:00,74.82985349193123,83.5
2025-12-06 10:45:00+01:00,70.67208636830497,81.04
2025-12-06 11:00:00+01:00,79.55924259346767,80.58
2025-12-06 11:15:00+01:00,78.9436305861553,82.12
2025-12-06 11:30:00+01:00,78.07925765924611,79.98
2025-12-06 11:45:00+01:00,75.78030877766672,79.77
2025-12-06 12:00:00+01:00,77.39449421539035,79.17
2025-12-06 12:15:00+01:00,76.36204206944433,78.61
2025-12-06 12:30:00+01:00,76.56744369750905,78.91
2025-12-06 12:45:00+01:00,80.60103359369165,85.77
2025-12-06 13:00:00+01:00,76.02785998881906,78.57
2025-12-06 13:15:00+01:00,80.69396690341298,77.65
2025-12-06 13:30:00+01:00,82.3777777442314,82.39
2025-12-06 13:45:00+01:00,85.19093773576324,86.69
2025-12-06 14:00:00+01:00,77.83817854685839,82.6
2025-12-06 14:15:00+01:00,81.76287134402975,86.6
2025-12-06 14:30:00+01:00,85.55580158187398,87.5
2025-12-06 14:45:00+01:00,93.27705292251079,87.99
2025-12-06 15:00:00+01:00,81.04151633517235,88.54
2025-12-06 15:15:00+01:00,86.02261461325655,89.27
2025-12-06 15:30:00+01:00,91.03278069213148,91.23
2025-12-06 15:45:00+01:00,94.61599732469058,95.05
2025-12-06 16:00:00+01:00,83.05321144690637,90.01
2025-12-06 16:15:00+01:00,87.58320731281427,94.55
2025-12-06 16:30:00+01:00,94.66588320532038,93.17
2025-12-06 16:45:00+01:00,105.46503551306203,104.62
2025-12-06 17:00:00+01:00,99.83222991799391,93.09
2025-12-06 17:15:00+01:00,99.1635083901897,97.14
2025-12-06 17:30:00+01:00,102.92661415785611,99.0
2025-12-06 17:45:00+01:00,103.75448075142378,91.24
2025-12-06 18:00:00+01:00,101.73673614105083,95.0
2025-12-06 18:15:00+01:00,95.27754132570726,88.1
2025-12-06 18:30:00+01:00,91.58012585169507,90.08
2025-12-06 18:45:00+01:00,84.70919719055237,83.55
2025-12-06 19:00:00+01:00,83.86833316283347,103.11
2025-12-06 19:15:00+01:00,87.49305742655935,85.58
2025-12-06 19:30:00+01:00,83.82124889175671,84.68
2025-12-06 19:45:00+01:00,77.25705814108751,85.25
2025-12-06 20:00:00+01:00,85.68866007947182,88.97
2025-12-06 20:15:00+01:00,76.12508218667594,80.12
2025-12-06 20:30:00+01:00,71.88294707990559,85.43
2025-12-06 20:45:00+01:00,61.72868024800849,79.02
2025-12-06 21:00:00+01:00,83.62642839071133,88.98
2025-12-06 21:15:00+01:00,81.63435538464049,83.69
2025-12-06 21:30:00+01:00,77.31461601341695,79.44
2025-12-06 21:45:00+01:00,72.02281289966604,70.33
2025-12-06 22:00:00+01:00,89.65138255507668,86.89
2025-12-06 22:15:00+01:00,79.98806876634086,76.03
2025-12-06 22:30:00+01:00,78.65488943194006,72.62
2025-12-06 22:45:00+01:00,71.604928130601,70.44
2025-12-06 23:00:00+01:00,79.08627430823186,74.61
2025-12-06 23:15:00+01:00,72.31983242408964,74.63
2025-12-06 23:30:00+01:00,65.60969239072256,71.62
2025-12-06 23:45:00+01:00,56.993409938669835,65.4
2025-12-07 00:00:00+01:00,69.87243336773145,76.6
2025-12-07 00:15:00+01:00,65.53409905022136,68.61
2025-12-07 00:30:00+01:00,60.13132726636192,63.44
2025-12-07 00:45:00+01:00,59.35703053976032,60.64
2025-12-07 01:00:00+01:00,64.50727013426302,61.89
2025-12-07 01:15:00+01:00,61.47377289413239,60.77
2025-12-07 01:30:00+01:00,61.320719130115336,60.93
2025-12-07 01:45:00+01:00,60.08237083337084,60.39
2025-12-07 02:00:00+01:00,60.21721886832229,59.99
2025-12-07 02:15:00+01:00,60.98979285776839,59.55
2025-12-07 02:30:00+01:00,60.059331352915756,59.13
2025-12-07 02:45:00+01:00,59.32713943888389,59.02
2025-12-07 03:00:00+01:00,59.947432895684884,58.38
2025-12-07 03:15:00+01:00,59.00495752782315,58.38
2025-12-07 03:30:00+01:00,58.61470030701245,58.57
2025-12-07 03:45:00+01:00,56.50893699813561,58.91
2025-12-07 04:00:00+01:00,56.58010839800057,60.74
2025-12-07 04:15:00+01:00,57.2121922911185,61.94
2025-12-07 04:30:00+01:00,58.17508197792979,62.62
2025-12-07 04:45:00+01:00,61.34328449216116,63.0
2025-12-07 05:00:00+01:00,59.409129929866396,60.91
2025-12-07 05:15:00+01:00,58.82211297857005,61.51
2025-12-07 05:30:00+01:00,58.371089604946604,64.6
2025-12-07 05:45:00+01:00,69.29588518740262,61.0
2025-12-07 06:00:00+01:00,57.21846853661873,60.47
2025-12-07 06:15:00+01:00,64.71898122307326,65.14
2025-12-07 06:30:00+01:00,69.14724105035853,64.46
2025-12-07 06:45:00+01:00,76.96837219434734,64.81
2025-12-07 07:00:00+01:00,70.71663974523966,71.23
2025-12-07 07:15:00+01:00,74.71274343765413,65.21
2025-12-07 07:30:00+01:00,72.193024324591,72.59
2025-12-07 07:45:00+01:00,72.83378634348325,78.31
2025-12-07 08:00:00+01:00,84.46596599768692,70.08
2025-12-07 08:15:00+01:00,85.53703605850203,72.74
2025-12-07 08:30:00+01:00,82.6465361024759,82.59
2025-12-07 08:45:00+01:00,75.2059567857718,86.58
2025-12-07 09:00:00+01:00,89.9645139159357,85.01
2025-12-07 09:15:00+01:00,86.41349972866557,89.35
2025-12-07 09:30:00+01:00,81.747970977064,84.99
2025-12-07 09:45:00+01:00,71.88001391779639,82.87
2025-12-07 10:00:00+01:00,82.75046092432932,91.89
2025-12-07 10:15:00+01:00,82.1746142276348,91.21
2025-12-07 10:30:00+01:00,78.99279577572068,87.83
2025-12-07 10:45:00+01:00,74.12315111403176,91.19
2025-12-07 11:00:00+01:00,82.46569202381839,86.88
2025-12-07 11:15:00+01:00,81.52993070512545,90.63
2025-12-07 11:30:00+01:00,80.725339271837,91.97
2025-12-07 11:45:00+01:00,78.82445807919808,98.21
2025-12-07 12:00:00+01:00,81.06260196204558,97.11
2025-12-07 12:15:00+01:00,79.96765716940999,95.99
2025-12-07 12:30:00+01:00,81.64381102078693,98.61
2025-12-07 12:45:00+01:00,85.58292988700258,98.04
2025-12-07 13:00:00+01:00,81.75072052947137,97.66
2025-12-07 13:15:00+01:00,85.23252656790754,96.62
2025-12-07 13:30:00+01:00,88.23563074389182,99.41
2025-12-07 13:45:00+01:00,91.37557702546971,104.6
2025-12-07 14:00:00+01:00,85.3199348296815,101.59
2025-12-07 14:15:00+01:00,88.9034721724407,104.22
2025-12-07 14:30:00+01:00,95.1256065788585,102.82
2025-12-07 14:45:00+01:00,102.54377963758402,107.95
2025-12-07 15:00:00+01:00,87.868376849487,102.78
2025-12-07 15:15:00+01:00,97.17335147767454,105.38
2025-12-07 15:30:00+01:00,102.94270137196193,106.29
2025-12-07 15:45:00+01:00,109.43572872702856,108.49
2025-12-07 16:00:00+01:00,95.26291478597143,106.0
2025-12-07 16:15:00+01:00,100.87087798824129,107.01
2025-12-07 16:30:00+01:00,107.8878029130211,109.42
2025-12-07 16:45:00+01:00,118.02764912445804,116.0
2025-12-07 17:00:00+01:00,109.35814676468868,116.01
2025-12-07 17:15:00+01:00,108.66803392613483,116.27
2025-12-07 17:30:00+01:00,112.44638715119792,109.56
2025-12-07 17:45:00+01:00,110.62164260222009,105.44
2025-12-07 18:00:00+01:00,109.86051475845089,106.6
2025-12-07 18:15:00+01:00,106.67737487922692,98.53
2025-12-07 18:30:00+01:00,108.86181569170353,95.9
2025-12-07 18:45:00+01:00,98.84940994049171,86.49
2025-12-07 19:00:00+01:00,101.80884985929593,94.69
2025-12-07 19:15:00+01:00,93.90798674050471,83.14
2025-12-07 19:30:00+01:00,89.85329314654348,90.12
2025-12-07 19:45:00+01:00,85.98676984253183,81.9
2025-12-07 20:00:00+01:00,88.30077305899852,83.62
2025-12-07 20:15:00+01:00,84.48151972980989,94.52
2025-12-07 20:30:00+01:00,73.83412659306995,83.35
2025-12-07 20:45:00+01:00,71.13678849230617,73.55
2025-12-07 21:00:00+01:00,81.66101099915547,89.21
2025-12-07 21:15:00+01:00,76.84117999969128,75.86
2025-12-07 21:30:00+01:00,71.09920211301393,72.88
2025-12-07 21:45:00+01:00,67.75545604219757,56.93
2025-12-07 22:00:00+01:00,80.23452473263075,78.54
2025-12-07 22:15:00+01:00,71.47585654435187,67.74
2025-12-07 22:30:00+01:00,68.8228279505199,62.87
2025-12-07 22:45:00+01:00,62.746666744353426,53.24
2025-12-07 23:00:00+01:00,71.93861083838286,57.76
2025-12-07 23:15:00+01:00,61.91717872769781,45.86
2025-12-07 23:30:00+01:00,57.0633424219863,38.3
2025-12-07 23:45:00+01:00,52.59082946598649,25.03
2025-12-08 00:00:00+01:00,53.81219765648917,22.03
2025-12-08 00:15:00+01:00,37.02041231520127,26.49
2025-12-08 00:30:00+01:00,32.07505631202895,20.03
2025-12-08 00:45:00+01:00,27.032092561897464,8.53
2025-12-08 01:00:00+01:00,40.980597617364495,15.38
2025-12-08 01:15:00+01:00,33.39126168574938,15.72
2025-12-08 01:30:00+01:00,27.067299742703916,9.26
2025-12-08 01:45:00+01:00,24.089713613309954,4.0
2025-12-08 02:00:00+01:00,30.910904581483884,16.81
2025-12-08 02:15:00+01:00,28.67279215496214,12.36
2025-12-08 02:30:00+01:00,27.54384417055973,9.21
2025-12-08 02:45:00+01:00,24.463364238326513,8.27
2025-12-08 03:00:00+01:00,28.78317565110605,5.94
2025-12-08 03:15:00+01:00,25.170140295866155,5.55
2025-12-08 03:30:00+01:00,25.697921504213312,5.4
2025-12-08 03:45:00+01:00,20.167341196295943,5.47
2025-12-08 04:00:00+01:00,27.105319297594356,6.91
2025-12-08 04:15:00+01:00,24.972925248543667,9.32
2025-12-08 04:30:00+01:00,27.04520413497896,13.83
2025-12-08 04:45:00+01:00,27.18643018966504,21.5
2025-12-08 05:00:00+01:00,24.654688990888253,8.97
2025-12-08 05:15:00+01:00,29.525075403181845,18.56
2025-12-08 05:30:00+01:00,33.73773490153909,35.09
2025-12-08 05:45:00+01:00,38.17416316673449,52.0
2025-12-08 06:00:00+01:00,36.8150937735518,34.84
2025-12-08 06:15:00+01:00,43.15130948583328,69.46
2025-12-08 06:30:00+01:00,54.386759346290695,68.06
2025-12-08 06:45:00+01:00,71.14770687031306,84.91
2025-12-08 07:00:00+01:00,64.38667628398036,64.23
2025-12-08 07:15:00+01:00,76.37396604182288,87.29
2025-12-08 07:30:00+01:00,72.43514857545011,91.85
2025-12-08 07:45:00+01:00,70.94911506002049,87.99
2025-12-08 08:00:00+01:00,87.06308579507122,95.03
2025-12-08 08:15:00+01:00,82.02314468047831,100.37
2025-12-08 08:30:00+01:00,74.88312627526392,103.79
2025-12-08 08:45:00+01:00,66.20264837434749,100.81
2025-12-08 09:00:00+01:00,83.84738187959573,105.35
2025-12-08 09:15:00+01:00,76.71339491376588,102.9
2025-12-08 09:30:00+01:00,71.85562493864047,97.05
2025-12-08 09:45:00+01:00,68.6431479362247,88.05
2025-12-08 10:00:00+01:00,81.1649383467228,95.35
2025-12-08 10:15:00+01:00,74.59515754013022,85.96
2025-12-08 10:30:00+01:00,70.61841996878883,82.91
2025-12-08 10:45:00+01:00,67.78732326263764,79.93
2025-12-08 11:00:00+01:00,70.48456944684817,82.01
2025-12-08 11:15:00+01:00,70.92872688245201,77.98
2025-12-08 11:30:00+01:00,69.76439219614167,77.92
2025-12-08 11:45:00+01:00,67.07891568434033,82.05
2025-12-08 12:00:00+01:00,66.61308155235542,76.31
2025-12-08 12:15:00+01:00,66.2134746033662,77.31
2025-12-08 12:30:00+01:00,68.45435789425856,79.42
2025-12-08 12:45:00+01:00,72.14656090135216,84.35
2025-12-08 13:00:00+01:00,69.98075446772442,83.92
2025-12-08 13:15:00+01:00,69.81519874422831,87.79
2025-12-08 13:30:00+01:00,74.09568311481377,88.29
2025-12-08 13:45:00+01:00,76.076605880931,87.38
2025-12-08 14:00:00+01:00,73.10793091571207,80.49
2025-12-08 14:15:00+01:00,75.69904837694575,93.61
2025-12-08 14:30:00+01:00,81.95167882202065,100.55
2025-12-08 14:45:00+01:00,87.98879958193486,101.67
2025-12-08 15:00:00+01:00,74.07990641153478,104.08
2025-12-08 15:15:00+01:00,85.24464693165532,94.4
2025-12-08 15:30:00+01:00,97.47116497529514,100.1
2025-12-08 15:45:00+01:00,99.48009661894224,102.0
2025-12-08 16:00:00+01:00,80.67434933651445,95.94
2025-12-08 16:15:00+01:00,88.80941329034046,103.02
2025-12-08 16:30:00+01:00,93.67023767994978,102.93
2025-12-08 16:45:00+01:00,102.8954254631139,102.41
2025-12-08 17:00:00+01:00,104.2814653949763,110.03
2025-12-08 17:15:00+01:00,101.65498831797059,111.45
2025-12-08 17:30:00+01:00,102.33749208328928,108.84
2025-12-08 17:45:00+01:00,102.05878244297782,109.08
2025-12-08 18:00:00+01:00,103.84909254887424,103.52
2025-12-08 18:15:00+01:00,101.87845427907328,98.48
2025-12-08 18:30:00+01:00,101.18803565188617,103.12
2025-12-08 18:45:00+01:00,93.68262163564853,95.93
2025-12-08 19:00:00+01:00,101.58481723355702,98.7
2025-12-08 19:15:00+01:00,98.10359327954733,94.74
2025-12-08 19:30:00+01:00,93.22592296633628,98.03
2025-12-08 19:45:00+01:00,86.44996224717033,95.07
2025-12-08 20:00:00+01:00,98.56701370364087,97.85
2025-12-08 20:15:00+01:00,91.03659882832784,94.47
2025-12-08 20:30:00+01:00,87.03120168536024,85.79
2025-12-08 20:45:00+01:00,79.42948202584361,79.27
2025-12-08 21:00:00+01:00,92.72226291503783,89.08
2025-12-08 21:15:00+01:00,86.51927193424467,91.27
2025-12-08 21:30:00+01:00,83.8506564058353,81.95
2025-12-08 21:45:00+01:00,77.36044337757636,71.77
2025-12-08 22:00:00+01:00,93.13408719983993,94.6
2025-12-08 22:15:00+01:00,85.64813070317541,86.49
2025-12-08 22:30:00+01:00,83.89716857961365,75.85
2025-12-08 22:45:00+01:00,79.44556917949677,63.9
2025-12-08 23:00:00+01:00,84.49837765668116,85.37
2025-12-08 23:15:00+01:00,76.63812982065902,73.36
2025-12-08 23:30:00+01:00,75.0466165944291,71.0
2025-12-08 23:45:00+01:00,66.73436234739975,63.28
2025-12-09 00:00:00+01:00,81.02183743876532,77.32
2025-12-09 00:15:00+01:00,77.8868004141452,71.49
2025-12-09 00:30:00+01:00,75.37753542385184,71.92
2025-12-09 00:45:00+01:00,71.95483368074207,74.06
2025-12-09 01:00:00+01:00,76.31736862212621,71.22
2025-12-09 01:15:00+01:00,73.3622211228284,71.55
2025-12-09 01:30:00+01:00,72.82403339689336,73.98
2025-12-09 01:45:00+01:00,70.14736719508562,74.39
2025-12-09 02:00:00+01:00,73.31724363117635,70.25
2025-12-09 02:15:00+01:00,72.0106135676117,71.71
2025-12-09 02:30:00+01:00,71.4473838452556,73.3
2025-12-09 02:45:00+01:00,70.34842885510041,79.59
2025-12-09 03:00:00+01:00,71.83225179840639,72.28
2025-12-09 03:15:00+01:00,71.76757763332492,72.86
2025-12-09 03:30:00+01:00,72.79794590702339,75.94
2025-12-09 03:45:00+01:00,73.43761593895901,78.3
2025-12-09 04:00:00+01:00,72.10292182688883,68.65
2025-12-09 04:15:00+01:00,74.03869657592692,72.12
2025-12-09 04:30:00+01:00,75.44723406958208,75.77
2025-12-09 04:45:00+01:00,76.63197092483118,78.34
2025-12-09 05:00:00+01:00,75.30682227218557,61.32
2025-12-09 05:15:00+01:00,78.60656356938809,70.09
2025-12-09 05:30:00+01:00,81.8200896311761,82.41
2025-12-09 05:45:00+01:00,86.74906248661081,107.0
2025-12-09 06:00:00+01:00,79.76820715375054,74.22
2025-12-09 06:15:00+01:00,90.97900551933972,98.19
2025-12-09 06:30:00+01:00,97.17310183918057,110.99
2025-12-09 06:45:00+01:00,106.88043962726255,111.99
2025-12-09 07:00:00+01:00,106.4863271924609,94.03
2025-12-09 07:15:00+01:00,108.38791215521856,102.6
2025-12-09 07:30:00+01:00,115.76588079535364,108.53
2025-12-09 07:45:00+01:00,117.81040685953434,118.0
2025-12-09 08:00:00+01:00,124.56016739128677,135.99
2025-12-09 08:15:00+01:00,123.18544378056627,133.61
2025-12-09 08:30:00+01:00,117.9749859992184,129.8
2025-12-09 08:45:00+01:00,107.39473926697056,119.6
2025-12-09 09:00:00+01:00,114.9964513687652,126.08
2025-12-09 09:15:00+01:00,107.45267190282118,111.45
2025-12-09 09:30:00+01:00,101.24258566793341,107.74
2025-12-09 09:45:00+01:00,93.92614091010462,100.07
2025-12-09 10:00:00+01:00,99.32915051585807,107.52
2025-12-09 10:15:00+01:00,95.7004346190271,102.68
2025-12-09 10:30:00+01:00,92.1180388859975,102.2
2025-12-09 10:45:00+01:00,90.09063979395764,99.84
2025-12-09 11:00:00+01:00,92.61520429687138,105.35
2025-12-09 11:15:00+01:00,90.44365563711456,103.92
2025-12-09 11:30:00+01:00,90.51064753202921,103.22
2025-12-09 11:45:00+01:00,89.9915780078924,100.87
2025-12-09 12:00:00+01:00,86.63234037360087,99.21
2025-12-09 12:15:00+01:00,84.9696512597604,96.04
2025-12-09 12:30:00+01:00,86.81286192395854,97.91
2025-12-09 12:45:00+01:00,94.01574129098042,98.16
2025-12-09 13:00:00+01:00,87.97801843883474,99.26
2025-12-09 13:15:00+01:00,90.24416784922727,99.83
2025-12-09 13:30:00+01:00,92.23908275528987,101.96
2025-12-09 13:45:00+01:00,95.90380970026426,103.35
2025-12-09 14:00:00+01:00,89.85772117734129,91.74
2025-12-09 14:15:00+01:00,94.8303934529198,99.32
2025-12-09 14:30:00+01:00,99.93333345691218,103.99
2025-12-09 14:45:00+01:00,106.20740988538229,105.83
2025-12-09 15:00:00+01:00,98.72584865775855,104.32
2025-12-09 15:15:00+01:00,99.62669573795034,108.71
2025-12-09 15:30:00+01:00,113.30451958196778,116.6
2025-12-09 15:45:00+01:00,110.1492952395123,113.91
2025-12-09 16:00:00+01:00,111.70239418154571,105.46
2025-12-09 16:15:00+01:00,106.88136477826458,110.79
2025-12-09 16:30:00+01:00,108.64467759775079,109.95
2025-12-09 16:45:00+01:00,115.34879872579101,107.0
2025-12-09 17:00:00+01:00,106.5304521789882,105.17
2025-12-09 17:15:00+01:00,111.69274653293188,104.78
2025-12-09 17:30:00+01:00,111.83042201164133,106.25
2025-12-09 17:45:00+01:00,104.22812613836128,102.07
2025-12-09 18:00:00+01:00,109.68139001815827,101.72
2025-12-09 18:15:00+01:00,103.96855204750277,97.71
2025-12-09 18:30:00+01:00,104.0523328164305,101.85
2025-12-09 18:45:00+01:00,96.87618527923085,86.36
2025-12-09 19:00:00+01:00,100.90413303063576,95.9
2025-12-09 19:15:00+01:00,91.987870033205,86.65
2025-12-09 19:30:00+01:00,89.33353909531232,81.11
2025-12-09 19:45:00+01:00,84.46169617034741,76.75
2025-12-09 20:00:00+01:00,88.7464365395117,96.06
2025-12-09 20:15:00+01:00,87.75755941460422,82.99
2025-12-09 20:30:00+01:00,86.19314415009742,79.55
2025-12-09 20:45:00+01:00,80.51628324276902,76.08
2025-12-09 21:00:00+01:00,88.9348962225332,93.47
2025-12-09 21:15:00+01:00,82.78488640383992,81.16
2025-12-09 21:30:00+01:00,77.29298604376613,75.83
2025-12-09 21:45:00+01:00,72.25274937830275,66.96
2025-12-09 22:00:00+01:00,86.42284610922826,82.46
2025-12-09 22:15:00+01:00,78.93391186396079,77.93
2025-12-09 22:30:00+01:00,76.80128112743418,69.88
2025-12-09 22:45:00+01:00,69.0930140018094,63.06
2025-12-09 23:00:00+01:00,80.4036962746743,66.62
2025-12-09 23:15:00+01:00,68.28739291895369,59.14
2025-12-09 23:30:00+01:00,64.98699702188844,52.6
2025-12-09 23:45:00+01:00,55.82161279430045,43.32
2025-12-10 00:00:00+01:00,63.12819221683235,54.31
2025-12-10 00:15:00+01:00,58.18278843242243,50.51
2025-12-10 00:30:00+01:00,51.617798667185774,41.06
2025-12-10 00:45:00+01:00,46.312619322634404,29.72
2025-12-10 01:00:00+01:00,57.68815783669416,43.68
2025-12-10 01:15:00+01:00,52.37302030663687,36.59
2025-12-10 01:30:00+01:00,50.64075146711866,35.21
2025-12-10 01:45:00+01:00,46.94918089402219,30.44
2025-12-10 02:00:00+01:00,50.77151094466499,34.43
2025-12-10 02:15:00+01:00,48.93354586371201,29.7
2025-12-10 02:30:00+01:00,48.64069507622126,31.43
2025-12-10 02:45:00+01:00,47.526826710819606,28.44
2025-12-10 03:00:00+01:00,50.14330699258184,40.08
2025-12-10 03:15:00+01:00,50.171921222256856,38.13
2025-12-10 03:30:00+01:00,52.79304745487177,30.02
2025-12-10 03:45:00+01:00,52.614780366940224,32.22
2025-12-10 04:00:00+01:00,53.14740148617632,31.77
2025-12-10 04:15:00+01:00,55.33952080141296,41.01
2025-12-10 04:30:00+01:00,58.641753514513695,52.95
2025-12-10 04:45:00+01:00,60.32601176525155,66.63
2025-12-10 05:00:00+01:00,54.52546508367371,51.9
2025-12-10 05:15:00+01:00,62.63435305782917,65.63
2025-12-10 05:30:00+01:00,68.22358875256505,70.37
2025-12-10 05:45:00+01:00,76.61161689304095,90.7
2025-12-10 06:00:00+01:00,65.1692839895688,44.18
2025-12-10 06:15:00+01:00,81.87106746453749,68.22
2025-12-10 06:30:00+01:00,87.19535175615349,90.79
2025-12-10 06:45:00+01:00,98.8304552924317,113.29
2025-12-10 07:00:00+01:00,91.6994120914166,81.01
2025-12-10 07:15:00+01:00,97.68448493461183,89.77
2025-12-10 07:30:00+01:00,104.09387471349505,92.34
2025-12-10 07:45:00+01:00,106.78049021592766,86.9
2025-12-10 08:00:00+01:00,109.41729059253237,91.17
2025-12-10 08:15:00+01:00,112.12381257819656,101.54
2025-12-10 08:30:00+01:00,108.9329229503839,96.9
2025-12-10 08:45:00+01:00,101.75564074106103,87.72
2025-12-10 09:00:00+01:00,110.91734603420468,106.45
2025-12-10 09:15:00+01:00,105.64489828929932,97.34
2025-12-10 09:30:00+01:00,97.85091369511245,91.09
2025-12-10 09:45:00+01:00,98.60643085829385,82.02
2025-12-10 10:00:00+01:00,98.06091340788805,103.38
2025-12-10 10:15:00+01:00,89.7925700197177,88.65
2025-12-10 10:30:00+01:00,89.31940671525109,81.88
2025-12-10 10:45:00+01:00,83.83449323415722,77.0
2025-12-10 11:00:00+01:00,91.3750989423895,84.42
2025-12-10 11:15:00+01:00,90.74334542692395,80.7
2025-12-10 11:30:00+01:00,86.62709224734172,78.87
2025-12-10 11:45:00+01:00,86.4119632799932,80.0
2025-12-10 12:00:00+01:00,82.83602760927594,80.47
2025-12-10 12:15:00+01:00,81.73973315285342,75.45
2025-12-10 12:30:00+01:00,85.1367847239369,81.01
2025-12-10 12:45:00+01:00,89.62752215053472,81.07
2025-12-10 13:00:00+01:00,87.28774772870598,81.38
2025-12-10 13:15:00+01:00,87.30228588873737,80.91
2025-12-10 13:30:00+01:00,89.65402266443593,80.92
2025-12-10 13:45:00+01:00,93.90993329159224,82.56
2025-12-10 14:00:00+01:00,83.3698673118077,82.79
2025-12-10 14:15:00+01:00,88.70331036832825,87.9
2025-12-10 14:30:00+01:00,97.61099988138068,92.0
2025-12-10 14:45:00+01:00,106.08283286211444,98.2
2025-12-10 15:00:00+01:00,94.91888374304895,97.23
2025-12-10 15:15:00+01:00,98.47286465300623,101.11
2025-12-10 15:30:00+01:00,105.82213234291146,102.84
2025-12-10 15:45:00+01:00,108.00607036887213,101.48
2025-12-10 16:00:00+01:00,106.10029620181898,101.76
2025-12-10 16:15:00+01:00,102.74806144248916,103.17
2025-12-10 16:30:00+01:00,107.02720945996855,102.41
2025-12-10 16:45:00+01:00,112.4236919977956,108.67
2025-12-10 17:00:00+01:00,97.04696399742113,107.93
2025-12-10 17:15:00+01:00,108.23159945193267,104.24
2025-12-10 17:30:00+01:00,111.8124915811579,104.11
2025-12-10 17:45:00+01:00,110.83746869416687,106.41
2025-12-10 18:00:00+01:00,105.88443472097863,104.46
2025-12-10 18:15:00+01:00,104.23891197960135,104.54
2025-12-10 18:30:00+01:00,110.11718556828181,104.67
2025-12-10 18:45:00+01:00,109.07713078532365,105.11
2025-12-10 19:00:00+01:00,111.76763049601388,105.06
2025-12-10 19:15:00+01:00,103.30411845954345,98.8
2025-12-10 19:30:00+01:00,100.02977349021134,100.54
2025-12-10 19:45:00+01:00,92.34120815998325,82.69
2025-12-10 20:00:00+01:00,109.6383648997693,94.71
2025-12-10 20:15:00+01:00,98.26210153481452,83.36
2025-12-10 20:30:00+01:00,92.32845256907184,82.56
2025-12-10 20:45:00+01:00,86.09439902505696,90.37
2025-12-10 21:00:00+01:00,98.7193642246034,95.23
2025-12-10 21:15:00+01:00,92.24559957779913,86.0
2025-12-10 21:30:00+01:00,87.05700101196275,83.31
2025-12-10 21:45:00+01:00,75.32144440285921,80.7
2025-12-10 22:00:00+01:00,96.16003101704631,86.53
2025-12-10 22:15:00+01:00,89.62505774334792,80.12
2025-12-10 22:30:00+01:00,87.04141244892777,83.68
2025-12-10 22:45:00+01:00,77.91354244351984,79.61
2025-12-10 23:00:00+01:00,88.07116439546758,75.55
2025-12-10 23:15:00+01:00,80.33731892229164,79.89
2025-12-10 23:30:00+01:00,78.27910400153297,78.6
2025-12-10 23:45:00+01:00,69.27860545236537,71.66
2025-12-11 00:00:00+01:00,75.21978322395854,81.42
2025-12-11 00:15:00+01:00,74.62743487985796,73.09
2025-12-11 00:30:00+01:00,73.27811739273996,72.06
2025-12-11 00:45:00+01:00,69.75846962663435,69.33
2025-12-11 01:00:00+01:00,72.04167023646876,79.38
2025-12-11 01:15:00+01:00,71.01423475693542,72.2
2025-12-11 01:30:00+01:00,71.52439668402201,72.27
2025-12-11 01:45:00+01:00,69.08405939583847,69.82
2025-12-11 02:00:00+01:00,69.48803175768741,71.67
2025-12-11 02:15:00+01:00,69.89624325256354,71.1
2025-12-11 02:30:00+01:00,69.21219089405888,73.3
2025-12-11 02:45:00+01:00,68.25231890782159,73.99
2025-12-11 03:00:00+01:00,70.38118903763171,73.21
2025-12-11 03:15:00+01:00,69.75884962086684,72.91
2025-12-11 03:30:00+01:00,69.80065154395146,74.69
2025-12-11 03:45:00+01:00,68.45801395302934,80.02
2025-12-11 04:00:00+01:00,69.73443363168933,70.57
2025-12-11 04:15:00+01:00,70.83326450922618,74.65
2025-12-11 04:30:00+01:00,72.19891826303912,79.0
2025-12-11 04:45:00+01:00,74.2277621293929,83.43
2025-12-11 05:00:00+01:00,73.0895750188549,79.02
2025-12-11 05:15:00+01:00,77.047694662138,78.95
2025-12-11 05:30:00+01:00,80.40274643240681,79.02
2025-12-11 05:45:00+01:00,86.56030723829416,85.38
2025-12-11 06:00:00+01:00,82.60347364109394,75.9
2025-12-11 06:15:00+01:00,90.62447622824179,89.48
2025-12-11 06:30:00+01:00,91.03934258179542,91.46
2025-12-11 06:45:00+01:00,99.55946232823901,103.52
2025-12-11 07:00:00+01:00,96.06516436193209,89.09
2025-12-11 07:15:00+01:00,99.37339338781607,94.53
2025-12-11 07:30:00+01:00,104.82560986663819,101.85
2025-12-11 07:45:00+01:00,109.31342644397482,106.97
2025-12-11 08:00:00+01:00,113.8709861750126,102.97
2025-12-11 08:15:00+01:00,113.33369558035673,112.96
2025-12-11 08:30:00+01:00,112.60404883266673,113.99
2025-12-11 08:45:00+01:00,105.90881534036538,111.51
2025-12-11 09:00:00+01:00,107.7740864773477,118.17
2025-12-11 09:15:00+01:00,105.8187943567228,110.63
2025-12-11 09:30:00+01:00,99.3600982286891,104.87
2025-12-11 09:45:00+01:00,90.28948728145863,91.0
2025-12-11 10:00:00+01:00,96.99023416134264,106.19
2025-12-11 10:15:00+01:00,92.29225187215799,93.83
2025-12-11 10:30:00+01:00,88.97681056606578,86.8
2025-12-11 10:45:00+01:00,84.66012756501011,85.9
2025-12-11 11:00:00+01:00,90.32687923327195,96.39
2025-12-11 11:15:00+01:00,87.95583695699462,95.06
2025-12-11 11:30:00+01:00,87.73116297647509,90.12
2025-12-11 11:45:00+01:00,87.99561840598861,86.1
2025-12-11 12:00:00+01:00,86.28872875284087,92.43
2025-12-11 12:15:00+01:00,85.391619704007,87.01
2025-12-11 12:30:00+01:00,88.32465562875983,88.78
2025-12-11 12:45:00+01:00,92.47212182322824,89.38
2025-12-11 13:00:00+01:00,90.18376156866816,85.19
2025-12-11 13:15:00+01:00,91.47593816050625,86.45
2025-12-11 13:30:00+01:00,92.94826892119593,92.63
2025-12-11 13:45:00+01:00,97.47031982663785,96.61
2025-12-11 14:00:00+01:00,86.63161878222422,84.78
2025-12-11 14:15:00+01:00,94.82882664256654,94.02
2025-12-11 14:30:00+01:00,104.40075733597828,99.56
2025-12-11 14:45:00+01:00,115.87235962122857,112.79
2025-12-11 15:00:00+01:00,100.98860060618556,98.15
2025-12-11 15:15:00+01:00,108.35309732705285,106.06
2025-12-11 15:30:00+01:00,119.29520320319867,115.95
2025-12-11 15:45:00+01:00,120.61138993411356,124.9
2025-12-11 16:00:00+01:00,110.8591634695155,109.05
2025-12-11 16:15:00+01:00,113.78531824610093,109.54
2025-12-11 16:30:00+01:00,118.85132732523145,118.12
2025-12-11 16:45:00+01:00,127.99633222633936,122.09
2025-12-11 17:00:00+01:00,110.53014439071907,110.65
2025-12-11 17:15:00+01:00,125.64631376181768,116.93
2025-12-11 17:30:00+01:00,128.12796915936147,117.95
2025-12-11 17:45:00+01:00,131.42733765219796,116.09
2025-12-11 18:00:00+01:00,125.43974057856069,116.59
2025-12-11 18:15:00+01:00,122.93498876399593,112.51
2025-12-11 18:30:00+01:00,128.08298931934232,111.03
2025-12-11 18:45:00+01:00,127.06502407163885,110.14
2025-12-11 19:00:00+01:00,132.83299313878317,108.3
2025-12-11 19:15:00+01:00,124.03029731664736,105.69
2025-12-11 19:30:00+01:00,120.1088823027597,109.08
2025-12-11 19:45:00+01:00,116.80797392047187,108.09
2025-12-11 20:00:00+01:00,126.54933845506335,113.96
2025-12-11 20:15:00+01:00,115.94892092002841,103.82
2025-12-11 20:30:00+01:00,110.78044404994931,99.79
2025-12-11 20:45:00+01:00,106.28905782799416,97.0
2025-12-11 21:00:00+01:00,113.86956994818742,103.57
2025-12-11 21:15:00+01:00,107.29752560003038,99.04
2025-12-11 21:30:00+01:00,103.96293161556886,92.27
2025-12-11 21:45:00+01:00,95.83744869920443,82.69
2025-12-11 22:00:00+01:00,111.28424475701803,100.59
2025-12-11 22:15:00+01:00,107.56568582778192,91.53
2025-12-11 22:30:00+01:00,108.63569010356105,92.79
2025-12-11 22:45:00+01:00,101.24245135420458,89.43
2025-12-11 23:00:00+01:00,108.85982734176771,101.03
2025-12-11 23:15:00+01:00,104.41383310622109,95.01
2025-12-11 23:30:00+01:00,96.92860188731898,91.31
2025-12-11 23:45:00+01:00,93.70723615468329,87.59
2025-12-12 00:00:00+01:00,93.59907654911585,88.14
2025-12-12 00:15:00+01:00,90.83149455738324,86.91
2025-12-12 00:30:00+01:00,87.52678562690056,79.0
2025-12-12 00:45:00+01:00,84.18125505195114,81.07
2025-12-12 01:00:00+01:00,88.37870543046049,84.34
2025-12-12 01:15:00+01:00,85.43267008808141,83.57
2025-12-12 01:30:00+01:00,83.6165761856193,89.23
2025-12-12 01:45:00+01:00,81.84808040971392,87.74
2025-12-12 02:00:00+01:00,85.55446227128488,88.09
2025-12-12 02:15:00+01:00,82.69813482941542,84.58
2025-12-12 02:30:00+01:00,81.67710533545161,88.8
2025-12-12 02:45:00+01:00,80.85059902861694,90.13
2025-12-12 03:00:00+01:00,83.7792160205229,90.81
2025-12-12 03:15:00+01:00,82.02298624473785,88.92
2025-12-12 03:30:00+01:00,80.52756804740373,90.48
2025-12-12 03:45:00+01:00,80.71874390710721,90.52
2025-12-12 04:00:00+01:00,80.68265514066906,87.83
2025-12-12 04:15:00+01:00,81.9448804572867,89.9
2025-12-12 04:30:00+01:00,85.25386985416385,95.1
2025-12-12 04:45:00+01:00,88.42796852926149,90.0
2025-12-12 05:00:00+01:00,86.97549951257962,84.67
2025-12-12 05:15:00+01:00,87.55395412692894,87.11
2025-12-12 05:30:00+01:00,94.51131799842915,97.06
2025-12-12 05:45:00+01:00,99.63460303945321,100.01
2025-12-12 06:00:00+01:00,90.48056975982503,84.46
2025-12-12 06:15:00+01:00,103.49909388046106,97.09
2025-12-12 06:30:00+01:00,113.4945857561082,110.28
2025-12-12 06:45:00+01:00,123.90229068670315,113.08
2025-12-12 07:00:00+01:00,118.9341942902343,108.32
2025-12-12 07:15:00+01:00,128.24801069997315,125.3
2025-12-12 07:30:00+01:00,133.9480376002066,122.78
2025-12-12 07:45:00+01:00,137.7588074856901,128.9
2025-12-12 08:00:00+01:00,141.81866995303844,128.79
2025-12-12 08:15:00+01:00,139.11360426551022,132.96
2025-12-12 08:30:00+01:00,138.20833747498142,133.52
2025-12-12 08:45:00+01:00,131.12167728296023,128.14
2025-12-12 09:00:00+01:00,137.54999177736133,133.97
2025-12-12 09:15:00+01:00,131.9982985715707,127.0
2025-12-12 09:30:00+01:00,122.47021934734258,124.64
2025-12-12 09:45:00+01:00,118.44422749225507,122.0
2025-12-12 10:00:00+01:00,126.31941208641427,129.2
2025-12-12 10:15:00+01:00,117.71328907632235,126.92
2025-12-12 10:30:00+01:00,113.3530103086352,118.18
2025-12-12 10:45:00+01:00,108.35652997398392,113.52
2025-12-12 11:00:00+01:00,119.67745461638131,122.1
2025-12-12 11:15:00+01:00,119.03197690049001,118.52
2025-12-12 11:30:00+01:00,116.90004743570819,117.91
2025-12-12 11:45:00+01:00,116.14511452286115,114.69
2025-12-12 12:00:00+01:00,116.27674550502601,111.63
2025-12-12 12:15:00+01:00,112.67605543639894,112.75
2025-12-12 12:30:00+01:00,117.13275023762108,113.29
2025-12-12 12:45:00+01:00,120.7476468903138,114.6
2025-12-12 13:00:00+01:00,113.41826367906225,114.22
2025-12-12 13:15:00+01:00,115.98183190055417,115.04
2025-12-12 13:30:00+01:00,116.31642780833661,119.81
2025-12-12 13:45:00+01:00,119.06763963320715,123.97
2025-12-12 14:00:00+01:00,116.39642577143266,114.08
2025-12-12 14:15:00+01:00,120.39652058108173,121.73
2025-12-12 14:30:00+01:00,128.04637602131518,133.05
2025-12-12 14:45:00+01:00,137.28008737998556,138.43
2025-12-12 15:00:00+01:00,132.03893947367848,122.1
2025-12-12 15:15:00+01:00,138.68212643018825,127.3
2025-12-12 15:30:00+01:00,152.42489622084628,135.99
2025-12-12 15:45:00+01:00,166.29628133987973,142.4
2025-12-12 16:00:00+01:00,148.59164938598812,134.03
2025-12-12 16:15:00+01:00,150.86996603618152,138.1
2025-12-12 16:30:00+01:00,160.44722120956874,148.95
2025-12-12 16:45:00+01:00,175.59620273973684,160.87
2025-12-12 17:00:00+01:00,142.40263929711853,150.0
2025-12-12 17:15:00+01:00,146.49560916959905,151.81
2025-12-12 17:30:00+01:00,149.95761640204648,144.79
2025-12-12 17:45:00+01:00,153.3984707281764,140.7
2025-12-12 18:00:00+01:00,138.88355670754717,138.83
2025-12-12 18:15:00+01:00,134.0638839118935,133.66
2025-12-12 18:30:00+01:00,139.54690186788736,131.01
2025-12-12 18:45:00+01:00,138.0997530461134,128.9
2025-12-12 19:00:00+01:00,147.63506869186133,129.0
2025-12-12 19:15:00+01:00,137.6170023997494,127.3
2025-12-12 19:30:00+01:00,135.4133094582648,128.63
2025-12-12 19:45:00+01:00,128.60395268535774,127.3
2025-12-12 20:00:00+01:00,140.10836551060845,122.0
2025-12-12 20:15:00+01:00,129.61187422759807,122.0
2025-12-12 20:30:00+01:00,120.58976882230043,119.9
2025-12-12 20:45:00+01:00,113.31390840136275,104.11
2025-12-12 21:00:00+01:00,119.91846884202634,130.57
2025-12-12 21:15:00+01:00,110.19703835903795,117.33
2025-12-12 21:30:00+01:00,105.44018460171074,109.22
2025-12-12 21:45:00+01:00,101.16602048871944,102.6
2025-12-12 22:00:00+01:00,113.32128302791719,109.92
2025-12-12 22:15:00+01:00,107.25390693510379,107.64
2025-12-12 22:30:00+01:00,103.35444827502862,103.58
2025-12-12 22:45:00+01:00,96.08453005418463,94.14
2025-12-12 23:00:00+01:00,105.38336632317504,102.95
2025-12-12 23:15:00+01:00,96.20585634958508,95.31
2025-12-12 23:30:00+01:00,91.79077629100256,87.68
2025-12-12 23:45:00+01:00,84.21438018599443,81.07
2025-12-13 00:00:00+01:00,98.36463068380777,103.81
2025-12-13 00:15:00+01:00,94.84022207992915,93.33
2025-12-13 00:30:00+01:00,89.48152101601538,89.21
2025-12-13 00:45:00+01:00,86.35500116812496,82.78
2025-12-13 01:00:00+01:00,92.76576314117395,99.35
2025-12-13 01:15:00+01:00,88.37731183981803,92.78
2025-12-13 01:30:00+01:00,86.59367066498456,87.52
2025-12-13 01:45:00+01:00,85.51583159440888,82.36
2025-12-13 02:00:00+01:00,88.27730460219267,92.52
2025-12-13 02:15:00+01:00,85.99457598482974,85.52
2025-12-13 02:30:00+01:00,85.51912001718416,87.48
2025-12-13 02:45:00+01:00,85.01116700906142,84.04
2025-12-13 03:00:00+01:00,85.77453185594527,92.19
2025-12-13 03:15:00+01:00,84.75163844265246,87.23
2025-12-13 03:30:00+01:00,85.53045368620053,85.95
2025-12-13 03:45:00+01:00,84.62892157271641,82.8
2025-12-13 04:00:00+01:00,84.91862396775147,86.51
2025-12-13 04:15:00+01:00,85.75532892019451,84.34
2025-12-13 04:30:00+01:00,87.73566299890572,84.91
2025-12-13 04:45:00+01:00,89.32325133653957,84.24
2025-12-13 05:00:00+01:00,83.85502840926505,85.07
2025-12-13 05:15:00+01:00,86.35001120022157,84.38
2025-12-13 05:30:00+01:00,90.55595541572839,83.53
2025-12-13 05:45:00+01:00,92.50644269913244,85.69
2025-12-13 06:00:00+01:00,84.35387465106672,81.77
2025-12-13 06:15:00+01:00,89.33973050891197,75.9
2025-12-13 06:30:00+01:00,93.7359052871163,78.93
2025-12-13 06:45:00+01:00,99.5763685711257,79.97
2025-12-13 07:00:00+01:00,91.57001207462419,74.83
2025-12-13 07:15:00+01:00,94.30105703113838,76.48
2025-12-13 07:30:00+01:00,97.30178994656076,84.93
2025-12-13 07:45:00+01:00,101.64397350158613,88.3
2025-12-13 08:00:00+01:00,108.34570900917092,85.42
2025-12-13 08:15:00+01:00,106.02513974757555,90.79
2025-12-13 08:30:00+01:00,107.79327299790508,100.06
2025-12-13 08:45:00+01:00,104.4990725258078,107.54
2025-12-13 09:00:00+01:00,113.21058392143397,107.27
2025-12-13 09:15:00+01:00,107.48333821775364,107.33
2025-12-13 09:30:00+01:00,101.94556880879703,107.93
2025-12-13 09:45:00+01:00,98.40360310715876,104.55
2025-12-13 10:00:00+01:00,110.56337620187159,108.27
2025-12-13 10:15:00+01:00,99.73763851201073,105.62
2025-12-13 10:30:00+01:00,93.86623017443775,101.14
2025-12-13 10:45:00+01:00,91.47473993495163,95.31
2025-12-13 11:00:00+01:00,98.8803559590227,102.85
2025-12-13 11:15:00+01:00,95.59683389514113,100.7
2025-12-13 11:30:00+01:00,93.02701654615151,97.77
2025-12-13 11:45:00+01:00,91.70147317424623,91.05
2025-12-13 12:00:00+01:00,95.21354286125933,98.95
2025-12-13 12:15:00+01:00,91.58027712837745,93.59
2025-12-13 12:30:00+01:00,93.15222187486786,92.78
2025-12-13 12:45:00+01:00,93.0390987746276,89.71
2025-12-13 13:00:00+01:00,93.73831640997638,94.98
2025-12-13 13:15:00+01:00,92.2212393930771,91.95
2025-12-13 13:30:00+01:00,94.26724328529401,91.78
2025-12-13 13:45:00+01:00,95.27077699254572,93.03
2025-12-13 14:00:00+01:00,88.38246056839856,85.37
2025-12-13 14:15:00+01:00,94.82173935148184,87.98
2025-12-13 14:30:00+01:00,100.86881391689136,100.15
2025-12-13 14:45:00+01:00,109.74839457885005,109.53
2025-12-13 15:00:00+01:00,97.61106562810241,102.45
2025-12-13 15:15:00+01:00,106.4898068630051,115.63
2025-12-13 15:30:00+01:00,113.23371026785894,119.19
2025-12-13 15:45:00+01:00,120.83313836001211,121.36
2025-12-13 16:00:00+01:00,104.52567022884183,113.99
2025-12-13 16:15:00+01:00,111.66974804601416,118.0
2025-12-13 16:30:00+01:00,118.8312977399568,121.99
2025-12-13 16:45:00+01:00,129.33827529503736,124.85
2025-12-13 17:00:00+01:00,120.86880706901886,120.03
2025-12-13 17:15:00+01:00,123.85219142213063,120.67
2025-12-13 17:30:00+01:00,126.11920928112042,118.78
2025-12-13 17:45:00+01:00,127.79942531748605,114.31
2025-12-13 18:00:00+01:00,120.76060581216181,118.0
2025-12-13 18:15:00+01:00,113.7794900776039,115.05
2025-12-13 18:30:00+01:00,109.06197831686598,111.39
2025-12-13 18:45:00+01:00,104.80338117055533,104.58
2025-12-13 19:00:00+01:00,109.47509679563576,116.77
2025-12-13 19:15:00+01:00,106.28042899408112,106.7
2025-12-13 19:30:00+01:00,102.73281993157991,98.24
2025-12-13 19:45:00+01:00,96.67877003068261,92.81
2025-12-13 20:00:00+01:00,101.81007964695311,100.19
2025-12-13 20:15:00+01:00,98.0392724388809,93.59
2025-12-13 20:30:00+01:00,94.15799337468641,86.78
2025-12-13 20:45:00+01:00,88.63185813158063,86.27
2025-12-13 21:00:00+01:00,99.38153007347617,94.46
2025-12-13 21:15:00+01:00,93.2743514302654,94.71
2025-12-13 21:30:00+01:00,90.81134126437436,88.16
2025-12-13 21:45:00+01:00,84.62748485847177,84.9
2025-12-13 22:00:00+01:00,98.2994316762317,107.87
2025-12-13 22:15:00+01:00,92.75181648600972,96.29
2025-12-13 22:30:00+01:00,90.69482567694814,88.25
2025-12-13 22:45:00+01:00,84.11121182515244,82.33
2025-12-13 23:00:00+01:00,91.9789332849224,93.76
2025-12-13 23:15:00+01:00,84.34692694106636,89.73
2025-12-13 23:30:00+01:00,81.37862195489899,82.71
2025-12-13 23:45:00+01:00,72.68698740875521,71.35
2025-12-14 00:00:00+01:00,88.43005500029031,97.5
2025-12-14 00:15:00+01:00,84.55333838764835,91.92
2025-12-14 00:30:00+01:00,80.63220836844398,88.47
2025-12-14 00:45:00+01:00,76.28516943861,86.89
2025-12-14 01:00:00+01:00,82.96850376870323,99.02
2025-12-14 01:15:00+01:00,79.0327171567405,95.24
2025-12-14 01:30:00+01:00,77.45436942609791,85.9
2025-12-14 01:45:00+01:00,74.86397185408859,81.93
2025-12-14 02:00:00+01:00,78.0133591701956,89.4
2025-12-14 02:15:00+01:00,75.78276621602532,83.34
2025-12-14 02:30:00+01:00,74.41845951782703,78.86
2025-12-14 02:45:00+01:00,72.79726034944221,76.0
2025-12-14 03:00:00+01:00,75.16630577241538,78.67
2025-12-14 03:15:00+01:00,73.40089157036573,81.7
2025-12-14 03:30:00+01:00,72.81116922380897,80.87
2025-12-14 03:45:00+01:00,71.6920074923269,78.56
2025-12-14 04:00:00+01:00,72.0742274222219,77.9
2025-12-14 04:15:00+01:00,73.05558812376596,76.84
2025-12-14 04:30:00+01:00,74.01788293865626,77.28
2025-12-14 04:45:00+01:00,75.83215135602784,77.2
2025-12-14 05:00:00+01:00,70.4330966032674,81.5
2025-12-14 05:15:00+01:00,71.35210313445585,78.68
2025-12-14 05:30:00+01:00,75.54915034098265,77.53
2025-12-14 05:45:00+01:00,80.97033659980667,77.34
2025-12-14 06:00:00+01:00,62.48082198171748,76.33
2025-12-14 06:15:00+01:00,71.65248782351128,76.47
2025-12-14 06:30:00+01:00,74.837176783194,77.33
2025-12-14 06:45:00+01:00,79.07775679593763,78.57
2025-12-14 07:00:00+01:00,70.54915420281088,80.86
2025-12-14 07:15:00+01:00,71.30203647331393,76.06
2025-12-14 07:30:00+01:00,69.99881144444507,76.89
2025-12-14 07:45:00+01:00,71.55783529632625,76.08
2025-12-14 08:00:00+01:00,81.01066412432141,77.91
2025-12-14 08:15:00+01:00,79.73999839651432,81.65
2025-12-14 08:30:00+01:00,77.31042261287384,82.67
2025-12-14 08:45:00+01:00,74.41311587040846,84.81
2025-12-14 09:00:00+01:00,87.4126746295752,80.17
2025-12-14 09:15:00+01:00,84.5610640170015,85.91
2025-12-14 09:30:00+01:00,82.0196619371928,84.91
2025-12-14 09:45:00+01:00,71.78805917011931,78.39
2025-12-14 10:00:00+01:00,83.09043397721734,82.19
2025-12-14 10:15:00+01:00,81.0899241866139,79.91
2025-12-14 10:30:00+01:00,76.1876469591491,79.9
2025-12-14 10:45:00+01:00,74.2395542920802,78.02
2025-12-14 11:00:00+01:00,79.29158699785546,83.76
2025-12-14 11:15:00+01:00,77.88375254857283,85.09
2025-12-14 11:30:00+01:00,77.04772047641913,84.9
2025-12-14 11:45:00+01:00,74.70114067420823,82.56
2025-12-14 12:00:00+01:00,73.0246304499951,88.69
2025-12-14 12:15:00+01:00,73.10815388896563,87.43
2025-12-14 12:30:00+01:00,74.01207831089008,87.31
2025-12-14 12:45:00+01:00,75.2744920920926,85.66
2025-12-14 13:00:00+01:00,70.92248512138391,87.43
2025-12-14 13:15:00+01:00,73.88853760726586,85.9
2025-12-14 13:30:00+01:00,73.8948863062502,84.69
2025-12-14 13:45:00+01:00,75.53025184837125,89.81
2025-12-14 14:00:00+01:00,72.85568591946527,85.9
2025-12-14 14:15:00+01:00,75.3695730960365,80.69
2025-12-14 14:30:00+01:00,80.34430003799521,88.85
2025-12-14 14:45:00+01:00,88.12496950442,99.16
2025-12-14 15:00:00+01:00,81.07130530833078,83.0
2025-12-14 15:15:00+01:00,87.12088166183062,88.91
2025-12-14 15:30:00+01:00,90.18327296601218,99.53
2025-12-14 15:45:00+01:00,93.7022396125593,96.95
2025-12-14 16:00:00+01:00,88.99625750667286,99.09
2025-12-14 16:15:00+01:00,88.85695252315789,101.83
2025-12-14 16:30:00+01:00,93.51754306077272,95.62
2025-12-14 16:45:00+01:00,102.83726054586086,100.59
2025-12-14 17:00:00+01:00,86.64582925043064,99.71
2025-12-14 17:15:00+01:00,101.15800223423066,105.28
2025-12-14 17:30:00+01:00,101.97765896039152,104.87
2025-12-14 17:45:00+01:00,96.74666385605283,101.28
2025-12-14 18:00:00+01:00,100.32155072626702,111.25
2025-12-14 18:15:00+01:00,97.67805389467752,106.04
2025-12-14 18:30:00+01:00,95.27795122545584,99.9
2025-12-14 18:45:00+01:00,81.01415687879461,95.98
2025-12-14 19:00:00+01:00,84.27457686787724,103.63
2025-12-14 19:15:00+01:00,84.77155999825737,98.04
2025-12-14 19:30:00+01:00,83.80134674966168,89.13
2025-12-14 19:45:00+01:00,74.10097330709515,81.16
2025-12-14 20:00:00+01:00,77.75481549089845,103.14
2025-12-14 20:15:00+01:00,81.29417055775062,92.47
2025-12-14 20:30:00+01:00,75.35046850968311,86.86
2025-12-14 20:45:00+01:00,73.65538491800254,79.12
2025-12-14 21:00:00+01:00,84.86518676589183,88.62
2025-12-14 21:15:00+01:00,80.5144915529973,85.38
2025-12-14 21:30:00+01:00,79.69820569239758,84.91
2025-12-14 21:45:00+01:00,73.99836645979808,78.7
2025-12-14 22:00:00+01:00,88.14383477405562,88.14
2025-12-14 22:15:00+01:00,81.7996479014607,83.3
2025-12-14 22:30:00+01:00,79.40008465562008,81.38
2025-12-14 22:45:00+01:00,73.55262214209104,77.78
2025-12-14 23:00:00+01:00,81.72054741539705,85.0
2025-12-14 23:15:00+01:00,74.39840223310544,74.7
2025-12-14 23:30:00+01:00,70.80866860456027,77.34
2025-12-14 23:45:00+01:00,62.56125666397688,65.96
2025-12-15 00:00:00+01:00,80.97573320853861,72.17
2025-12-15 00:15:00+01:00,77.64378768686743,75.04
2025-12-15 00:30:00+01:00,74.60562623062862,66.89
2025-12-15 00:45:00+01:00,70.88125250180103,75.9
2025-12-15 01:00:00+01:00,75.99774781646359,75.34
2025-12-15 01:15:00+01:00,73.41852708609767,72.69
2025-12-15 01:30:00+01:00,73.03471903653121,70.91
2025-12-15 01:45:00+01:00,70.3841047185121,68.57
2025-12-15 02:00:00+01:00,72.50453912483414,72.07
2025-12-15 02:15:00+01:00,71.84809684588711,70.57
2025-12-15 02:30:00+01:00,70.64925670747418,70.54
2025-12-15 02:45:00+01:00,69.52665281760888,70.97
2025-12-15 03:00:00+01:00,70.80316550009205,70.91
2025-12-15 03:15:00+01:00,70.02541844230049,69.76
2025-12-15 03:30:00+01:00,69.73159320669367,70.13
2025-12-15 03:45:00+01:00,69.0506528291574,71.87
2025-12-15 04:00:00+01:00,68.45444517069441,70.22
2025-12-15 04:15:00+01:00,68.67906486377656,72.71
2025-12-15 04:30:00+01:00,72.24165190538841,76.28
2025-12-15 04:45:00+01:00,74.63414306534061,81.91
2025-12-15 05:00:00+01:00,69.59006755562868,70.46
2025-12-15 05:15:00+01:00,75.26799646667854,70.39
2025-12-15 05:30:00+01:00,81.44544913148334,77.49
2025-12-15 05:45:00+01:00,86.92215320671707,88.87
2025-12-15 06:00:00+01:00,75.65538979331558,71.0
2025-12-15 06:15:00+01:00,86.96667720126226,84.02
2025-12-15 06:30:00+01:00,94.83602991727739,85.8
2025-12-15 06:45:00+01:00,107.50331461729039,105.28
2025-12-15 07:00:00+01:00,103.57714064802737,78.89
2025-12-15 07:15:00+01:00,109.2467908421105,92.88
2025-12-15 07:30:00+01:00,111.63879414638653,104.39
2025-12-15 07:45:00+01:00,112.56555082693873,119.0
2025-12-15 08:00:00+01:00,123.67490031382248,104.08
2025-12-15 08:15:00+01:00,117.99266480167638,104.85
2025-12-15 08:30:00+01:00,116.66518378236943,104.37
2025-12-15 08:45:00+01:00,109.25821079971689,91.21
2025-12-15 09:00:00+01:00,111.72677937539862,103.02
2025-12-15 09:15:00+01:00,109.52627927422839,105.41
2025-12-15 09:30:00+01:00,105.08704211571475,97.82
2025-12-15 09:45:00+01:00,95.85860299756972,80.35
2025-12-15 10:00:00+01:00,97.87750825974717,112.79
2025-12-15 10:15:00+01:00,95.05660058630303,93.64
2025-12-15 10:30:00+01:00,91.66943225729331,80.3
2025-12-15 10:45:00+01:00,87.01525803739908,71.73
2025-12-15 11:00:00+01:00,92.18914379382362,86.93
2025-12-15 11:15:00+01:00,90.10367065219519,77.05
2025-12-15 11:30:00+01:00,87.24206035577687,77.58
2025-12-15 11:45:00+01:00,86.43553947900098,77.33
2025-12-15 12:00:00+01:00,82.55225625161663,76.17
2025-12-15 12:15:00+01:00,82.47146598143645,75.35
2025-12-15 12:30:00+01:00,84.84300610417266,81.1
2025-12-15 12:45:00+01:00,88.29678989489082,86.46
2025-12-15 13:00:00+01:00,84.05783967316098,83.59
2025-12-15 13:15:00+01:00,88.67841433541659,86.09
2025-12-15 13:30:00+01:00,93.08624121486417,87.04
2025-12-15 13:45:00+01:00,102.66142178492385,96.32
2025-12-15 14:00:00+01:00,90.33109753178593,83.12
2025-12-15 14:15:00+01:00,95.09824919702052,88.24
2025-12-15 14:30:00+01:00,104.17257489071282,104.96
2025-12-15 14:45:00+01:00,116.76120075459355,105.43
2025-12-15 15:00:00+01:00,99.73144782587994,103.51
2025-12-15 15:15:00+01:00,110.03363648825106,105.69
2025-12-15 15:30:00+01:00,120.88243762048018,105.0
2025-12-15 15:45:00+01:00,125.92085950399482,115.0
2025-12-15 16:00:00+01:00,115.85945592213412,100.55
2025-12-15 16:15:00+01:00,118.2973459012365,110.12
2025-12-15 16:30:00+01:00,121.1937983304843,111.35
2025-12-15 16:45:00+01:00,126.48300370617608,112.6
2025-12-15 17:00:00+01:00,120.87663120926953,103.71
2025-12-15 17:15:00+01:00,120.0760027080356,105.05
2025-12-15 17:30:00+01:00,118.63949043076813,104.07
2025-12-15 17:45:00+01:00,115.32263860858255,104.02
2025-12-15 18:00:00+01:00,119.64061564353511,103.07
2025-12-15 18:15:00+01:00,114.86441642989568,98.27
2025-12-15 18:30:00+01:00,111.4693743571038,99.51
2025-12-15 18:45:00+01:00,103.61826571511537,91.78
2025-12-15 19:00:00+01:00,112.48321344901646,100.05
2025-12-15 19:15:00+01:00,104.61890915234517,91.82
2025-12-15 19:30:00+01:00,102.44852783755778,86.75
2025-12-15 19:45:00+01:00,95.00274961702542,83.05
2025-12-15 20:00:00+01:00,107.25711458999224,93.24
2025-12-15 20:15:00+01:00,99.89893169245305,86.78
2025-12-15 20:30:00+01:00,95.69917275890559,80.29
2025-12-15 20:45:00+01:00,89.00577187868446,76.69
2025-12-15 21:00:00+01:00,101.49497963773754,87.36
2025-12-15 21:15:00+01:00,94.40616316697543,87.32
2025-12-15 21:30:00+01:00,90.23186515101489,86.08
2025-12-15 21:45:00+01:00,89.78330823949973,79.92
2025-12-15 22:00:00+01:00,98.95042282646244,92.0
2025-12-15 22:15:00+01:00,93.06737518006706,83.08
2025-12-15 22:30:00+01:00,90.50068366366905,82.93
2025-12-15 22:45:00+01:00,82.33940059438268,81.9
2025-12-15 23:00:00+01:00,92.08885281661719,81.9
2025-12-15 23:15:00+01:00,85.0964731043632,84.38
2025-12-15 23:30:00+01:00,81.09420393828331,80.12
2025-12-15 23:45:00+01:00,75.74133049305516,75.45
2025-12-16 00:00:00+01:00,85.6265138441517,80.91
2025-12-16 00:15:00+01:00,83.43322477676853,83.07
2025-12-16 00:30:00+01:00,81.54042424476106,81.91
2025-12-16 00:45:00+01:00,75.66801944422477,76.79
2025-12-16 01:00:00+01:00,82.04575998597424,82.17
2025-12-16 01:15:00+01:00,80.4280124637684,79.02
2025-12-16 01:30:00+01:00,79.64942625267733,78.18
2025-12-16 01:45:00+01:00,77.97072213731214,76.84
2025-12-16 02:00:00+01:00,80.84756643128802,77.84
2025-12-16 02:15:00+01:00,79.24489657444224,76.26
2025-12-16 02:30:00+01:00,78.53103574882516,77.19
2025-12-16 02:45:00+01:00,78.65677601059488,77.1
2025-12-16 03:00:00+01:00,79.1591376438105,77.41
2025-12-16 03:15:00+01:00,78.94826483676081,77.19
2025-12-16 03:30:00+01:00,79.81360500991944,80.29
2025-12-16 03:45:00+01:00,80.0653097598754,81.32
2025-12-16 04:00:00+01:00,78.17260429646856,78.08
2025-12-16 04:15:00+01:00,78.56584733319262,82.12
2025-12-16 04:30:00+01:00,82.4451625601957,79.15
2025-12-16 04:45:00+01:00,84.27219383352917,82.2
2025-12-16 05:00:00+01:00,78.02779298770224,78.6
2025-12-16 05:15:00+01:00,80.96864144458193,79.27
2025-12-16 05:30:00+01:00,83.55585678786996,82.1
2025-12-16 05:45:00+01:00,89.53398929748727,89.28
2025-12-16 06:00:00+01:00,77.95536683830389,80.29
2025-12-16 06:15:00+01:00,85.57516585166923,87.44
2025-12-16 06:30:00+01:00,91.80526959777976,89.8
2025-12-16 06:45:00+01:00,106.50235229425778,96.07
2025-12-16 07:00:00+01:00,96.20967009129208,89.91
2025-12-16 07:15:00+01:00,101.85984278456732,90.52
2025-12-16 07:30:00+01:00,106.9428253192695,90.31
2025-12-16 07:45:00+01:00,110.72669709521182,94.8
2025-12-16 08:00:00+01:00,113.61284852692046,100.54
2025-12-16 08:15:00+01:00,117.36931458148587,104.48
2025-12-16 08:30:00+01:00,118.98152724823547,104.31
2025-12-16 08:45:00+01:00,111.40755133244878,92.54
2025-12-16 09:00:00+01:00,118.56912752455746,108.42
2025-12-16 09:15:00+01:00,112.77679739769151,108.37
2025-12-16 09:30:00+01:00,105.68499192222282,98.27
2025-12-16 09:45:00+01:00,103.20067300401134,90.0
2025-12-16 10:00:00+01:00,111.14595042719795,100.69
2025-12-16 10:15:00+01:00,102.32174741403512,93.96
2025-12-16 10:30:00+01:00,96.88892230482662,88.78
2025-12-16 10:45:00+01:00,98.44632537486589,85.95
2025-12-16 11:00:00+01:00,102.63116214880738,91.58
2025-12-16 11:15:00+01:00,101.12216375478383,90.03
2025-12-16 11:30:00+01:00,98.23871865928945,90.14
2025-12-16 11:45:00+01:00,97.12453875787178,90.68
2025-12-16 12:00:00+01:00,102.95781177395082,89.72
2025-12-16 12:15:00+01:00,98.57700251933272,87.92
2025-12-16 12:30:00+01:00,100.65013631865266,91.32
2025-12-16 12:45:00+01:00,103.16893721523492,97.09
2025-12-16 13:00:00+01:00,108.4458425056763,87.76
2025-12-16 13:15:00+01:00,104.99701775779464,90.75
2025-12-16 13:30:00+01:00,110.97466138194206,100.58
2025-12-16 13:45:00+01:00,119.66716210563484,120.45
2025-12-16 14:00:00+01:00,103.89599629825807,100.83
2025-12-16 14:15:00+01:00,109.68471416179742,115.01
2025-12-16 14:30:00+01:00,123.2225500402084,139.36
2025-12-16 14:45:00+01:00,134.54955072219565,142.39
2025-12-16 15:00:00+01:00,109.66156858516574,122.14
2025-12-16 15:15:00+01:00,124.50682196468682,138.8
2025-12-16 15:30:00+01:00,142.1950571200967,143.69
2025-12-16 15:45:00+01:00,154.22572452578,152.88
2025-12-16 16:00:00+01:00,127.54233672258026,140.01
2025-12-16 16:15:00+01:00,137.51581803034455,140.95
2025-12-16 16:30:00+01:00,144.53605332370913,162.35
2025-12-16 16:45:00+01:00,169.70986820330074,177.94
2025-12-16 17:00:00+01:00,151.82280905046977,157.92
2025-12-16 17:15:00+01:00,152.92293994125987,168.54
2025-12-16 17:30:00+01:00,149.72652587380853,165.22
2025-12-16 17:45:00+01:00,146.98555090977064,157.14
2025-12-16 18:00:00+01:00,146.55585892687333,151.11
2025-12-16 18:15:00+01:00,141.82397247779255,142.03
2025-12-16 18:30:00+01:00,145.28058516450835,138.93
2025-12-16 18:45:00+01:00,144.26465441991994,136.93
2025-12-16 19:00:00+01:00,153.92037137867965,147.29
2025-12-16 19:15:00+01:00,148.49741493597588,140.41
2025-12-16 19:30:00+01:00,145.89667234463042,131.7
2025-12-16 19:45:00+01:00,136.1512230736718,128.99
2025-12-16 20:00:00+01:00,140.1092816208665,130.62
2025-12-16 20:15:00+01:00,128.4822173186697,138.77
2025-12-16 20:30:00+01:00,120.98716587180542,127.0
2025-12-16 20:45:00+01:00,112.9973716366745,119.01
2025-12-16 21:00:00+01:00,124.07172586265058,133.59
2025-12-16 21:15:00+01:00,115.77501892132067,123.13
2025-12-16 21:30:00+01:00,110.60717521999275,115.6
2025-12-16 21:45:00+01:00,105.82884583847763,103.45
2025-12-16 22:00:00+01:00,115.01208291054712,127.33
2025-12-16 22:15:00+01:00,111.10208055607312,116.56
2025-12-16 22:30:00+01:00,105.8915768701481,112.72
2025-12-16 22:45:00+01:00,98.07417956394701,105.69
2025-12-16 23:00:00+01:00,106.4413383056226,113.71
2025-12-16 23:15:00+01:00,99.13587894064348,106.54
2025-12-16 23:30:00+01:00,95.28570689372856,101.42
2025-12-16 23:45:00+01:00,88.83101812791686,92.01
2025-12-17 00:00:00+01:00,101.07038298397615,89.9
2025-12-17 00:15:00+01:00,96.67641311164124,89.12
2025-12-17 00:30:00+01:00,94.70278283144665,89.12
2025-12-17 00:45:00+01:00,92.98159142983734,87.87
2025-12-17 01:00:00+01:00,96.09503858673689,93.78
2025-12-17 01:15:00+01:00,92.36758165402046,90.09
2025-12-17 01:30:00+01:00,90.9545642299023,88.34
2025-12-17 01:45:00+01:00,89.47620449432597,86.95
2025-12-17 02:00:00+01:00,92.04536701407943,87.93
2025-12-17 02:15:00+01:00,89.85281525293557,85.55
2025-12-17 02:30:00+01:00,89.69831556994703,86.05
2025-12-17 02:45:00+01:00,87.87086723918567,86.44
2025-12-17 03:00:00+01:00,89.52324273562866,85.15
2025-12-17 03:15:00+01:00,88.04536505087732,84.91
2025-12-17 03:30:00+01:00,86.95730074320163,84.91
2025-12-17 03:45:00+01:00,86.56768667107977,85.13
2025-12-17 04:00:00+01:00,86.56117250137407,86.76
2025-12-17 04:15:00+01:00,86.50449446807485,85.74
2025-12-17 04:30:00+01:00,86.92627763564903,88.82
2025-12-17 04:45:00+01:00,89.17837234896149,90.99
2025-12-17 05:00:00+01:00,89.22350302741926,89.53
2025-12-17 05:15:00+01:00,90.12702092463275,87.61
2025-12-17 05:30:00+01:00,91.6404527246349,91.27
2025-12-17 05:45:00+01:00,96.36555592246944,93.58
2025-12-17 06:00:00+01:00,97.2555766064009,76.71
2025-12-17 06:15:00+01:00,102.28112523924435,85.1
2025-12-17 06:30:00+01:00,108.37300677769699,95.24
2025-12-17 06:45:00+01:00,118.79767057703889,124.9
2025-12-17 07:00:00+01:00,122.08113461130772,86.26
2025-12-17 07:15:00+01:00,123.11336370020284,97.26
2025-12-17 07:30:00+01:00,127.91038864470029,121.63
2025-12-17 07:45:00+01:00,132.82105584054813,130.15
2025-12-17 08:00:00+01:00,143.8242007048305,128.99
2025-12-17 08:15:00+01:00,134.52986799248438,137.0
2025-12-17 08:30:00+01:00,133.9528808865755,135.88
2025-12-17 08:45:00+01:00,126.87989737676895,131.97
2025-12-17 09:00:00+01:00,135.05369905715852,132.0
2025-12-17 09:15:00+01:00,126.11039240871489,133.61
2025-12-17 09:30:00+01:00,121.05046510754059,123.95
2025-12-17 09:45:00+01:00,117.56867031155163,115.62
2025-12-17 10:00:00+01:00,130.3219927226156,135.48
2025-12-17 10:15:00+01:00,117.10328293491023,126.34
2025-12-17 10:30:00+01:00,110.95817760599107,120.98
2025-12-17 10:45:00+01:00,106.95055794936306,115.34
2025-12-17 11:00:00+01:00,120.19201806370285,125.37
2025-12-17 11:15:00+01:00,117.95547564440899,119.0
2025-12-17 11:30:00+01:00,114.9727250977011,116.0
2025-12-17 11:45:00+01:00,109.48871614025241,112.23
2025-12-17 12:00:00+01:00,111.80433209169743,109.66
2025-12-17 12:15:00+01:00,110.59114941383845,108.34
2025-12-17 12:30:00+01:00,110.34416876047754,113.0
2025-12-17 12:45:00+01:00,114.16793611132867,116.58
2025-12-17 13:00:00+01:00,113.44974849822393,118.1
2025-12-17 13:15:00+01:00,112.72275548177227,119.01
2025-12-17 13:30:00+01:00,115.00704547467053,126.4
2025-12-17 13:45:00+01:00,128.20952492240488,127.12
2025-12-17 14:00:00+01:00,114.01122104711173,120.65
2025-12-17 14:15:00+01:00,116.67244033154799,121.66
2025-12-17 14:30:00+01:00,124.68039171614357,129.0
2025-12-17 14:45:00+01:00,138.70604372297748,148.57
2025-12-17 15:00:00+01:00,120.8251541540221,116.92
2025-12-17 15:15:00+01:00,134.7076353932897,124.98
2025-12-17 15:30:00+01:00,141.2967701832294,133.29
2025-12-17 15:45:00+01:00,143.31018464943529,134.82
2025-12-17 16:00:00+01:00,134.50373895032152,121.61
2025-12-17 16:15:00+01:00,133.83038872225936,125.56
2025-12-17 16:30:00+01:00,134.1945323367524,128.63
2025-12-17 16:45:00+01:00,139.62683191892,130.19
2025-12-17 17:00:00+01:00,135.90103109586914,129.91
2025-12-17 17:15:00+01:00,135.11732451764183,126.37
2025-12-17 17:30:00+01:00,130.9237602075512,122.99
2025-12-17 17:45:00+01:00,127.75925850396295,112.03
2025-12-17 18:00:00+01:00,122.14024991781687,131.4
2025-12-17 18:15:00+01:00,118.98530475162428,118.56
2025-12-17 18:30:00+01:00,117.07731544593774,104.78
2025-12-17 18:45:00+01:00,112.65136190399313,90.86
2025-12-17 19:00:00+01:00,115.6007220439129,114.24
2025-12-17 19:15:00+01:00,106.79877273694714,95.63
2025-12-17 19:30:00+01:00,101.10193752230303,92.98
2025-12-17 19:45:00+01:00,91.65474968662409,87.17
2025-12-17 20:00:00+01:00,106.5049150122238,112.26
2025-12-17 20:15:00+01:00,97.2701004800081,98.28
2025-12-17 20:30:00+01:00,90.38792404994327,84.9
2025-12-17 20:45:00+01:00,85.15983445472224,83.4
2025-12-17 21:00:00+01:00,100.57961690757556,112.56
2025-12-17 21:15:00+01:00,92.93232405069372,94.64
2025-12-17 21:30:00+01:00,87.30138882180132,88.67
2025-12-17 21:45:00+01:00,80.69378666174369,82.94
2025-12-17 22:00:00+01:00,98.97384169006642,105.17
2025-12-17 22:15:00+01:00,91.5442992372914,99.91
2025-12-17 22:30:00+01:00,88.07821944546883,87.28
2025-12-17 22:45:00+01:00,80.47050311920746,80.51
2025-12-17 23:00:00+01:00,88.7981008194948,105.74
2025-12-17 23:15:00+01:00,82.40002142912692,88.41
2025-12-17 23:30:00+01:00,78.96707537663445,74.76
2025-12-17 23:45:00+01:00,70.36231717775397,71.09
2025-12-18 00:00:00+01:00,86.76553279421745,83.56
2025-12-18 00:15:00+01:00,80.25457162797683,84.15
2025-12-18 00:30:00+01:00,75.54095342164065,73.79
2025-12-18 00:45:00+01:00,68.81569891932362,69.52
2025-12-18 01:00:00+01:00,80.5610382574828,82.91
2025-12-18 01:15:00+01:00,74.35891337927058,69.55
2025-12-18 01:30:00+01:00,69.204639362716,64.33
2025-12-18 01:45:00+01:00,66.59715188816514,59.47
2025-12-18 02:00:00+01:00,72.75297428132606,63.68
2025-12-18 02:15:00+01:00,67.30222607634272,59.17
2025-12-18 02:30:00+01:00,65.94605493665223,59.6
2025-12-18 02:45:00+01:00,64.78814619962873,58.06
2025-12-18 03:00:00+01:00,66.1236168454277,57.35
2025-12-18 03:15:00+01:00,64.92596669097318,52.06
2025-12-18 03:30:00+01:00,65.8659535507391,44.59
2025-12-18 03:45:00+01:00,62.66271727965312,41.56
2025-12-18 04:00:00+01:00,62.14272648117581,46.52
2025-12-18 04:15:00+01:00,62.60882489349095,43.19
2025-12-18 04:30:00+01:00,64.73268780372824,46.51
2025-12-18 04:45:00+01:00,66.72793257830796,43.05
2025-12-18 05:00:00+01:00,61.749779427843094,34.58
2025-12-18 05:15:00+01:00,63.590123233807304,39.87
2025-12-18 05:30:00+01:00,65.70097709500033,63.22
2025-12-18 05:45:00+01:00,72.42648401004638,65.64
2025-12-18 06:00:00+01:00,57.30480134617251,58.69
2025-12-18 06:15:00+01:00,69.05385397995228,60.26
2025-12-18 06:30:00+01:00,77.08137817940344,66.01
2025-12-18 06:45:00+01:00,84.62489610878498,68.01
2025-12-18 07:00:00+01:00,76.52233665505729,69.25
2025-12-18 07:15:00+01:00,83.56844068406559,77.87
2025-12-18 07:30:00+01:00,86.84761707729534,91.94
2025-12-18 07:45:00+01:00,88.69334430160004,87.04
2025-12-18 08:00:00+01:00,92.114893099309,99.82
2025-12-18 08:15:00+01:00,92.91838484068074,86.1
2025-12-18 08:30:00+01:00,92.21517987564087,93.34
2025-12-18 08:45:00+01:00,90.0303619405878,83.71
2025-12-18 09:00:00+01:00,91.53868609709232,118.01
2025-12-18 09:15:00+01:00,92.4176599947115,88.61
2025-12-18 09:30:00+01:00,88.31248194568113,72.46
2025-12-18 09:45:00+01:00,80.06974361429178,75.15
2025-12-18 10:00:00+01:00,87.71983301579242,82.91
2025-12-18 10:15:00+01:00,86.45449552263193,91.61
2025-12-18 10:30:00+01:00,81.71033682252072,74.64
2025-12-18 10:45:00+01:00,79.26820913653357,63.97
2025-12-18 11:00:00+01:00,80.8527745230202,85.17
2025-12-18 11:15:00+01:00,82.28855729240803,76.22
2025-12-18 11:30:00+01:00,82.22343021956235,78.39
2025-12-18 11:45:00+01:00,82.0980444417636,73.37
2025-12-18 12:00:00+01:00,77.05065138979502,73.71
2025-12-18 12:15:00+01:00,78.83811953958786,73.15
2025-12-18 12:30:00+01:00,82.26643821465845,77.95
2025-12-18 12:45:00+01:00,85.05301285947745,84.88
2025-12-18 13:00:00+01:00,81.94147360578417,68.67
2025-12-18 13:15:00+01:00,83.49923688021629,74.08
2025-12-18 13:30:00+01:00,85.72796503235297,85.0
2025-12-18 13:45:00+01:00,91.8380236273574,90.16
2025-12-18 14:00:00+01:00,81.6109045936362,82.48
2025-12-18 14:15:00+01:00,88.33524678549598,98.0
2025-12-18 14:30:00+01:00,95.02384432019348,120.8
2025-12-18 14:45:00+01:00,106.25378198392998,113.74
2025-12-18 15:00:00+01:00,90.48428032913831,106.66
2025-12-18 15:15:00+01:00,98.24191475294356,107.89
2025-12-18 15:30:00+01:00,104.14661527347396,115.52
2025-12-18 15:45:00+01:00,105.50399326152215,127.9
2025-12-18 16:00:00+01:00,98.93678473271373,102.75
2025-12-18 16:15:00+01:00,103.32248920541475,110.28
2025-12-18 16:30:00+01:00,103.62430882452084,120.77
2025-12-18 16:45:00+01:00,110.06279186065154,109.73
2025-12-18 17:00:00+01:00,110.39602093663035,108.49
2025-12-18 17:15:00+01:00,105.62031945440029,104.54
2025-12-18 17:30:00+01:00,102.85375531069894,103.4
2025-12-18 17:45:00+01:00,83.40790396393496,97.24
2025-12-18 18:00:00+01:00,119.13636968332892,84.61
2025-12-18 18:15:00+01:00,91.77686723555681,86.82
2025-12-18 18:30:00+01:00,87.2106750431656,96.5
2025-12-18 18:45:00+01:00,66.74028650504901,85.09
2025-12-18 19:00:00+01:00,83.53980983267786,97.12
2025-12-18 19:15:00+01:00,75.6657131557331,84.2
2025-12-18 19:30:00+01:00,64.50243685006664,74.39
2025-12-18 19:45:00+01:00,51.70121107941665,64.85
2025-12-18 20:00:00+01:00,70.38477053602378,77.0
2025-12-18 20:15:00+01:00,65.0189195184653,74.14
2025-12-18 20:30:00+01:00,55.818810861816075,65.5
2025-12-18 20:45:00+01:00,48.79085589554106,54.09
2025-12-18 21:00:00+01:00,70.64618965262977,60.02
2025-12-18 21:15:00+01:00,59.701298907458906,58.8
2025-12-18 21:30:00+01:00,51.93439771218384,50.23
2025-12-18 21:45:00+01:00,48.6753525003537,43.97
2025-12-18 22:00:00+01:00,71.1860266590852,61.73
2025-12-18 22:15:00+01:00,56.325357147043334,53.73
2025-12-18 22:30:00+01:00,48.31772150761846,52.38
2025-12-18 22:45:00+01:00,40.312019845495854,39.36
2025-12-18 23:00:00+01:00,58.02721914824401,32.0
2025-12-18 23:15:00+01:00,39.97648773255946,21.07
2025-12-18 23:30:00+01:00,27.149335177251388,14.46
2025-12-18 23:45:00+01:00,8.952011153019157,7.08
2025-12-19 00:00:00+01:00,37.546757766057304,12.77
2025-12-19 00:15:00+01:00,25.079025319458054,10.35
2025-12-19 00:30:00+01:00,7.4292572331626445,9.24
2025-12-19 00:45:00+01:00,1.453581469212864,7.0
2025-12-19 01:00:00+01:00,23.60526009784771,8.1
2025-12-19 01:15:00+01:00,17.28251192106444,5.89
2025-12-19 01:30:00+01:00,11.98555833907551,5.05
2025-12-19 01:45:00+01:00,9.143883568523705,4.39
2025-12-19 02:00:00+01:00,14.00054090085878,4.35
2025-12-19 02:15:00+01:00,13.86571160912274,4.32
2025-12-19 02:30:00+01:00,15.222129779297745,4.33
2025-12-19 02:45:00+01:00,14.550746844929705,4.32
2025-12-19 03:00:00+01:00,17.792115475077715,3.69
2025-12-19 03:15:00+01:00,15.287517735586604,3.47
2025-12-19 03:30:00+01:00,13.190812852762633,3.28
2025-12-19 03:45:00+01:00,8.432203361764905,3.62
2025-12-19 04:00:00+01:00,19.051320880453034,3.4
2025-12-19 04:15:00+01:00,19.87975881617043,4.01
2025-12-19 04:30:00+01:00,29.759666993772953,4.32
2025-12-19 04:45:00+01:00,34.73805548196905,4.73
2025-12-19 05:00:00+01:00,15.247542439964263,4.64
2025-12-19 05:15:00+01:00,24.358167763819537,8.52
2025-12-19 05:30:00+01:00,37.75989508362266,10.0
2025-12-19 05:45:00+01:00,57.33981368635683,19.94
2025-12-19 06:00:00+01:00,22.700497529733262,15.0
2025-12-19 06:15:00+01:00,51.138434803894796,37.71
2025-12-19 06:30:00+01:00,64.11245053632511,43.81
2025-12-19 06:45:00+01:00,76.77379190391639,64.6
2025-12-19 07:00:00+01:00,59.8635690262412,53.75
2025-12-19 07:15:00+01:00,74.88250693660103,69.84
2025-12-19 07:30:00+01:00,77.84548533465122,88.13
2025-12-19 07:45:00+01:00,80.93502624406315,95.13
2025-12-19 08:00:00+01:00,74.38448219175817,87.59
2025-12-19 08:15:00+01:00,84.42227147757514,89.44
2025-12-19 08:30:00+01:00,85.88661143342688,92.22
2025-12-19 08:45:00+01:00,86.03781806517677,88.92
2025-12-19 09:00:00+01:00,92.68176174488985,92.81
2025-12-19 09:15:00+01:00,91.76471573552097,89.8
2025-12-19 09:30:00+01:00,87.51677626743137,88.77
2025-12-19 09:45:00+01:00,84.24493440902432,86.16
2025-12-19 10:00:00+01:00,90.09728922926624,93.11
2025-12-19 10:15:00+01:00,84.11764340973177,90.13
2025-12-19 10:30:00+01:00,79.13350972258719,87.68
2025-12-19 10:45:00+01:00,76.53975113898716,86.0
2025-12-19 11:00:00+01:00,83.7119322842,87.23
2025-12-19 11:15:00+01:00,81.24046193539961,86.14
2025-12-19 11:30:00+01:00,79.37114875272202,87.94
2025-12-19 11:45:00+01:00,79.31468434327651,88.65
2025-12-19 12:00:00+01:00,80.21996726877273,79.91
2025-12-19 12:15:00+01:00,78.28677487451843,81.69
2025-12-19 12:30:00+01:00,81.24258004809433,87.31
2025-12-19 12:45:00+01:00,83.60665391843068,89.38
2025-12-19 13:00:00+01:00,80.40354840071342,89.2
2025-12-19 13:15:00+01:00,83.90393292029562,86.6
2025-12-19 13:30:00+01:00,87.50064309618163,86.08
2025-12-19 13:45:00+01:00,92.88469212586956,88.62
2025-12-19 14:00:00+01:00,81.34592539024335,86.6
2025-12-19 14:15:00+01:00,89.2588672453266,92.59
2025-12-19 14:30:00+01:00,99.9600192025285,98.86
2025-12-19 14:45:00+01:00,114.78020887266985,95.34
2025-12-19 15:00:00+01:00,95.21134526298215,92.26
2025-12-19 15:15:00+01:00,104.52856112432019,97.1
2025-12-19 15:30:00+01:00,120.12586959601205,100.1
2025-12-19 15:45:00+01:00,122.37957434687748,100.15
2025-12-19 16:00:00+01:00,103.7929268869347,94.28
2025-12-19 16:15:00+01:00,110.99779172908157,95.78
2025-12-19 16:30:00+01:00,115.93504293561519,103.25
2025-12-19 16:45:00+01:00,124.7209469222619,108.02
2025-12-19 17:00:00+01:00,114.76328221270688,103.56
2025-12-19 17:15:00+01:00,117.42069645991094,107.71
2025-12-19 17:30:00+01:00,117.05350250473839,107.4
2025-12-19 17:45:00+01:00,117.98986338549894,108.95
2025-12-19 18:00:00+01:00,108.69277361155935,108.07
2025-12-19 18:15:00+01:00,110.76306154013122,108.04
2025-12-19 18:30:00+01:00,110.73468075805056,108.04
2025-12-19 18:45:00+01:00,110.90120586199052,105.77
2025-12-19 19:00:00+01:00,113.15289933095951,108.08
2025-12-19 19:15:00+01:00,104.0577045668431,105.44
2025-12-19 19:30:00+01:00,104.662942613777,106.63
2025-12-19 19:45:00+01:00,99.95669057598212,100.34
2025-12-19 20:00:00+01:00,116.16252264168328,107.29
2025-12-19 20:15:00+01:00,108.26972381220635,107.45
2025-12-19 20:30:00+01:00,104.16279741161003,98.88
2025-12-19 20:45:00+01:00,98.95019844042966,98.02
2025-12-19 21:00:00+01:00,109.3830323010039,104.52
2025-12-19 21:15:00+01:00,102.3634704890521,101.24
2025-12-19 21:30:00+01:00,98.03984816598143,96.19
2025-12-19 21:45:00+01:00,90.8860133255738,91.9
2025-12-19 22:00:00+01:00,105.10819997118152,100.25
2025-12-19 22:15:00+01:00,100.76799296113728,98.33
2025-12-19 22:30:00+01:00,97.78299067186565,95.59
2025-12-19 22:45:00+01:00,91.98542974113306,90.94
2025-12-19 23:00:00+01:00,103.60324183398492,97.14
2025-12-19 23:15:00+01:00,93.59653700029361,89.15
2025-12-19 23:30:00+01:00,89.87537028728796,90.12
2025-12-19 23:45:00+01:00,84.64854186136178,84.31
2025-12-20 00:00:00+01:00,91.05469507787724,90.36
2025-12-20 00:15:00+01:00,88.19133880247128,86.46
2025-12-20 00:30:00+01:00,87.17667551658677,81.19
2025-12-20 00:45:00+01:00,86.24207346583381,81.24
2025-12-20 01:00:00+01:00,87.78994813516621,87.0
2025-12-20 01:15:00+01:00,85.35479292632613,83.37
2025-12-20 01:30:00+01:00,86.20848285294903,81.9
2025-12-20 01:45:00+01:00,84.8281143301462,81.33
2025-12-20 02:00:00+01:00,85.23488846204731,86.88
2025-12-20 02:15:00+01:00,85.31814929906184,85.28
2025-12-20 02:30:00+01:00,85.77168821038816,82.94
2025-12-20 02:45:00+01:00,84.66775813746285,84.91
2025-12-20 03:00:00+01:00,86.22507737583717,86.56
2025-12-20 03:15:00+01:00,84.2555890996143,85.86
2025-12-20 03:30:00+01:00,84.15798708122611,87.97
2025-12-20 03:45:00+01:00,85.09462180151839,89.56
2025-12-20 04:00:00+01:00,83.73872064850332,86.91
2025-12-20 04:15:00+01:00,84.7981578243489,86.93
2025-12-20 04:30:00+01:00,86.78065987664763,88.18
2025-12-20 04:45:00+01:00,88.84532400746274,91.82
2025-12-20 05:00:00+01:00,86.64562239368314,86.9
2025-12-20 05:15:00+01:00,87.61346455707675,85.51
2025-12-20 05:30:00+01:00,88.96853275824708,89.25
2025-12-20 05:45:00+01:00,91.81694863516404,98.0
2025-12-20 06:00:00+01:00,84.4274913640111,92.07
2025-12-20 06:15:00+01:00,88.12061422606415,94.38
2025-12-20 06:30:00+01:00,90.33245915734072,95.18
2025-12-20 06:45:00+01:00,99.30382266514992,102.27
2025-12-20 07:00:00+01:00,91.05078730176608,98.84
2025-12-20 07:15:00+01:00,93.1079340337691,102.21
2025-12-20 07:30:00+01:00,98.98225924607152,105.0
2025-12-20 07:45:00+01:00,104.45355982068243,109.95
2025-12-20 08:00:00+01:00,102.86182349760311,108.88
2025-12-20 08:15:00+01:00,107.82885616889348,110.44
2025-12-20 08:30:00+01:00,109.94812526594066,115.51
2025-12-20 08:45:00+01:00,111.44058878443278,118.0
2025-12-20 09:00:00+01:00,114.69714619738704,114.87
2025-12-20 09:15:00+01:00,111.54541528854855,116.97
2025-12-20 09:30:00+01:00,111.03212329556528,114.37
2025-12-20 09:45:00+01:00,105.85863571759538,112.99
2025-12-20 10:00:00+01:00,110.73971505002845,114.33
2025-12-20 10:15:00+01:00,103.7575605556561,115.19
2025-12-20 10:30:00+01:00,102.68029685329981,112.1
2025-12-20 10:45:00+01:00,99.06415877837065,109.05
2025-12-20 11:00:00+01:00,104.686716585441,113.15
2025-12-20 11:15:00+01:00,103.36618127743958,110.33
2025-12-20 11:30:00+01:00,102.23885406457676,110.82
2025-12-20 11:45:00+01:00,101.70911084785648,109.65
2025-12-20 12:00:00+01:00,103.78751110822554,108.74
2025-12-20 12:15:00+01:00,101.23157684567718,107.55
2025-12-20 12:30:00+01:00,102.49570455621546,111.63
2025-12-20 12:45:00+01:00,105.35271329796676,113.15
2025-12-20 13:00:00+01:00,99.13374377752089,109.33
2025-12-20 13:15:00+01:00,96.4546706525818,111.7
2025-12-20 13:30:00+01:00,99.06239676966824,117.97
2025-12-20 13:45:00+01:00,110.50970820613094,120.93
2025-12-20 14:00:00+01:00,101.41070605937986,115.62
2025-12-20 14:15:00+01:00,101.66052999243158,121.53
2025-12-20 14:30:00+01:00,111.20188531012796,120.39
2025-12-20 14:45:00+01:00,118.19257580885854,120.39
2025-12-20 15:00:00+01:00,108.07693926219638,116.59
2025-12-20 15:15:00+01:00,114.77135353382539,118.0
2025-12-20 15:30:00+01:00,117.25200615382658,121.01
2025-12-20 15:45:00+01:00,124.3339116544591,126.95
2025-12-20 16:00:00+01:00,113.19908967137725,114.25
2025-12-20 16:15:00+01:00,117.78242756567315,120.39
2025-12-20 16:30:00+01:00,124.79449505628729,120.4
2025-12-20 16:45:00+01:00,129.77767577900124,125.78
2025-12-20 17:00:00+01:00,100.46104603991179,127.0
2025-12-20 17:15:00+01:00,127.89549592160903,122.46
2025-12-20 17:30:00+01:00,128.65515143600967,120.4
2025-12-20 17:45:00+01:00,127.50396495315317,119.71
2025-12-20 18:00:00+01:00,121.46394146680419,128.99
2025-12-20 18:15:00+01:00,116.8315218884384,120.6
2025-12-20 18:30:00+01:00,113.87510619481448,113.7
2025-12-20 18:45:00+01:00,109.20333632969088,109.77
2025-12-20 19:00:00+01:00,118.26735326474768,113.48
2025-12-20 19:15:00+01:00,111.320486189736,104.49
2025-12-20 19:30:00+01:00,110.18909698202843,103.38
2025-12-20 19:45:00+01:00,104.1744392009632,95.09
2025-12-20 20:00:00+01:00,113.13497731204974,104.08
2025-12-20 20:15:00+01:00,105.76439486129908,96.55
2025-12-20 20:30:00+01:00,99.48464619564278,95.04
2025-12-20 20:45:00+01:00,92.99106567124325,89.86
2025-12-20 21:00:00+01:00,103.41729519537729,95.03
2025-12-20 21:15:00+01:00,96.43178292450068,91.54
2025-12-20 21:30:00+01:00,94.93924220681015,94.5
2025-12-20 21:45:00+01:00,84.926558368978,90.97
2025-12-20 22:00:00+01:00,103.1505406770074,101.53
2025-12-20 22:15:00+01:00,98.39457328579857,90.73
2025-12-20 22:30:00+01:00,94.1995435371693,86.01
2025-12-20 22:45:00+01:00,87.44672452811957,90.71
2025-12-20 23:00:00+01:00,100.0844066644911,104.36
2025-12-20 23:15:00+01:00,89.92812801252016,90.86
2025-12-20 23:30:00+01:00,87.12657503007917,84.5
2025-12-20 23:45:00+01:00,79.70526836130443,82.97
2025-12-21 00:00:00+01:00,96.27092339987055,103.92
2025-12-21 00:15:00+01:00,92.13624255176107,98.0
2025-12-21 00:30:00+01:00,87.60948845976448,93.13
2025-12-21 00:45:00+01:00,84.6269952953652,87.75
2025-12-21 01:00:00+01:00,92.11302692589142,98.99
2025-12-21 01:15:00+01:00,86.91890724996587,90.05
2025-12-21 01:30:00+01:00,84.23579450600818,86.14
2025-12-21 01:45:00+01:00,84.44621678885392,85.0
2025-12-21 02:00:00+01:00,87.3172383211456,90.75
2025-12-21 02:15:00+01:00,84.18029440207599,86.56
2025-12-21 02:30:00+01:00,84.07589933744083,85.69
2025-12-21 02:45:00+01:00,83.89469131004368,82.94
2025-12-21 03:00:00+01:00,85.76298188631463,85.73
2025-12-21 03:15:00+01:00,83.16291259012274,86.41
2025-12-21 03:30:00+01:00,83.38312414357831,85.51
2025-12-21 03:45:00+01:00,81.99713624235442,83.93
2025-12-21 04:00:00+01:00,82.33317354990528,85.54
2025-12-21 04:15:00+01:00,82.42942065773461,84.29
2025-12-21 04:30:00+01:00,85.25624414626382,87.03
2025-12-21 04:45:00+01:00,86.35724013431859,85.65
2025-12-21 05:00:00+01:00,81.76198977557294,87.24
2025-12-21 05:15:00+01:00,82.60406633688626,86.28
2025-12-21 05:30:00+01:00,85.0687202592976,87.11
2025-12-21 05:45:00+01:00,86.82598979029423,86.67
2025-12-21 06:00:00+01:00,77.0082377584594,84.34
2025-12-21 06:15:00+01:00,79.60447761525404,86.87
2025-12-21 06:30:00+01:00,82.3125684455417,87.6
2025-12-21 06:45:00+01:00,89.23525805295662,93.75
2025-12-21 07:00:00+01:00,79.31706674241104,87.89
2025-12-21 07:15:00+01:00,82.3181050676177,90.57
2025-12-21 07:30:00+01:00,85.35667930674781,92.95
2025-12-21 07:45:00+01:00,87.51194430185609,100.0
2025-12-21 08:00:00+01:00,88.41331559439476,98.98
2025-12-21 08:15:00+01:00,92.08206118901822,102.42
2025-12-21 08:30:00+01:00,93.49469365740887,103.09
2025-12-21 08:45:00+01:00,92.2713653672341,104.1
2025-12-21 09:00:00+01:00,100.28624852030754,106.7
2025-12-21 09:15:00+01:00,94.9813166764175,109.99
2025-12-21 09:30:00+01:00,97.32960106027916,107.39
2025-12-21 09:45:00+01:00,89.83327142368127,103.96
2025-12-21 10:00:00+01:00,97.31581468698622,111.83
2025-12-21 10:15:00+01:00,91.40297251152029,105.54
2025-12-21 10:30:00+01:00,88.61589768628978,99.37
2025-12-21 10:45:00+01:00,84.42944465621386,93.59
2025-12-21 11:00:00+01:00,91.1351305032696,104.58
2025-12-21 11:15:00+01:00,89.06926434370487,103.52
2025-12-21 11:30:00+01:00,88.32994897315608,99.29
2025-12-21 11:45:00+01:00,86.58502306717848,97.81
2025-12-21 12:00:00+01:00,86.53136720334332,101.95
2025-12-21 12:15:00+01:00,83.2301962920431,98.06
2025-12-21 12:30:00+01:00,85.2389991797045,97.47
2025-12-21 12:45:00+01:00,85.58537671784941,96.45
2025-12-21 13:00:00+01:00,82.6863980579647,99.32
2025-12-21 13:15:00+01:00,84.25849139320205,96.87
2025-12-21 13:30:00+01:00,85.33175157957155,92.86
2025-12-21 13:45:00+01:00,87.96726699776195,90.42
2025-12-21 14:00:00+01:00,86.02896681748055,94.39
2025-12-21 14:15:00+01:00,88.67923544492074,96.15
2025-12-21 14:30:00+01:00,92.3480989193916,101.07
2025-12-21 14:45:00+01:00,98.04460870262196,103.96
2025-12-21 15:00:00+01:00,88.80701759737211,94.03
2025-12-21 15:15:00+01:00,95.80051787863897,103.08
2025-12-21 15:30:00+01:00,92.78621588003428,102.63
2025-12-21 15:45:00+01:00,97.82015649733856,103.74
2025-12-21 16:00:00+01:00,96.88769232550169,91.64
2025-12-21 16:15:00+01:00,99.51292153140939,100.11
2025-12-21 16:30:00+01:00,102.80980437743086,98.56
2025-12-21 16:45:00+01:00,104.1556878519818,99.75
2025-12-21 17:00:00+01:00,103.26249700284386,102.1
2025-12-21 17:15:00+01:00,106.24286782382207,99.94
2025-12-21 17:30:00+01:00,104.30079269928841,95.53
2025-12-21 17:45:00+01:00,97.60564665439236,90.7
2025-12-21 18:00:00+01:00,100.37559241467635,100.83
2025-12-21 18:15:00+01:00,98.21864248705661,90.75
2025-12-21 18:30:00+01:00,96.65453288041451,86.03
2025-12-21 18:45:00+01:00,89.13350721755309,85.57
2025-12-21 19:00:00+01:00,95.50177095385763,88.15
2025-12-21 19:15:00+01:00,89.28672049415827,87.19
2025-12-21 19:30:00+01:00,84.51281080026288,85.28
2025-12-21 19:45:00+01:00,77.38102791255699,83.94
2025-12-21 20:00:00+01:00,89.6863263633015,84.8
2025-12-21 20:15:00+01:00,84.28598196842276,82.28
2025-12-21 20:30:00+01:00,80.16994876300994,80.61
2025-12-21 20:45:00+01:00,73.44701846576396,78.93
2025-12-21 21:00:00+01:00,78.37038319435612,83.51
2025-12-21 21:15:00+01:00,79.03020745964756,77.7
2025-12-21 21:30:00+01:00,78.06138278964774,79.94
2025-12-21 21:45:00+01:00,73.39266486209684,74.3
2025-12-21 22:00:00+01:00,86.65471057138522,83.4
2025-12-21 22:15:00+01:00,79.42132012547711,78.77
2025-12-21 22:30:00+01:00,77.87290917250937,76.24
2025-12-21 22:45:00+01:00,72.95399663159287,71.57
2025-12-21 23:00:00+01:00,77.0043667718899,78.03
2025-12-21 23:15:00+01:00,71.89500762454853,72.29
2025-12-21 23:30:00+01:00,67.87403505023089,69.17
2025-12-21 23:45:00+01:00,63.06671401528578,64.13
2025-12-22 00:00:00+01:00,76.4900362815257,72.5
2025-12-22 00:15:00+01:00,69.27875909861775,70.49
2025-12-22 00:30:00+01:00,64.5179406815382,69.35
2025-12-22 00:45:00+01:00,62.16852766061183,68.57
2025-12-22 01:00:00+01:00,69.34382200876249,71.27
2025-12-22 01:15:00+01:00,64.70504805494393,68.33
2025-12-22 01:30:00+01:00,62.36709644333135,68.67
2025-12-22 01:45:00+01:00,60.032949691566955,67.04
2025-12-22 02:00:00+01:00,62.26699830128764,69.22
2025-12-22 02:15:00+01:00,61.726418766911884,67.47
2025-12-22 02:30:00+01:00,60.26144839899645,67.23
2025-12-22 02:45:00+01:00,59.64287220704911,67.22
2025-12-22 03:00:00+01:00,60.77355291360065,65.92
2025-12-22 03:15:00+01:00,59.995192897722255,65.87
2025-12-22 03:30:00+01:00,60.28209070889234,66.33
2025-12-22 03:45:00+01:00,58.837900782925736,67.12
2025-12-22 04:00:00+01:00,60.16828156382253,70.97
2025-12-22 04:15:00+01:00,60.93871316936556,70.04
2025-12-22 04:30:00+01:00,62.322500248608904,71.59
2025-12-22 04:45:00+01:00,65.15095111049853,73.47
2025-12-22 05:00:00+01:00,60.825989950129966,70.44
2025-12-22 05:15:00+01:00,64.15606822440986,72.85
2025-12-22 05:30:00+01:00,68.37475014491343,77.1
2025-12-22 05:45:00+01:00,74.36791199134375,76.06
2025-12-22 06:00:00+01:00,64.78073712507094,71.37
2025-12-22 06:15:00+01:00,73.69008000545793,75.47
2025-12-22 06:30:00+01:00,76.59091703339935,78.52
2025-12-22 06:45:00+01:00,82.91991365756907,87.39
2025-12-22 07:00:00+01:00,80.01557354271043,80.9
2025-12-22 07:15:00+01:00,86.5544506796198,81.24
2025-12-22 07:30:00+01:00,88.33267734025475,95.53
2025-12-22 07:45:00+01:00,93.38926080176628,104.12
2025-12-22 08:00:00+01:00,90.19534256797137,88.57
2025-12-22 08:15:00+01:00,96.06527308041974,90.65
2025-12-22 08:30:00+01:00,98.88281703874924,100.69
2025-12-22 08:45:00+01:00,98.24871997314445,93.46
2025-12-22 09:00:00+01:00,103.78562233590226,93.55
2025-12-22 09:15:00+01:00,101.47047537341064,90.66
2025-12-22 09:30:00+01:00,99.63685948004589,89.66
2025-12-22 09:45:00+01:00,90.33422775667044,89.3
2025-12-22 10:00:00+01:00,100.9338948944962,101.54
2025-12-22 10:15:00+01:00,94.51689223049704,90.7
2025-12-22 10:30:00+01:00,90.46697374301823,86.89
2025-12-22 10:45:00+01:00,86.72828018406423,77.86
2025-12-22 11:00:00+01:00,91.67893795821327,86.43
2025-12-22 11:15:00+01:00,89.5806175414658,82.42
2025-12-22 11:30:00+01:00,88.46156126806505,84.96
2025-12-22 11:45:00+01:00,86.39160489543741,86.19
2025-12-22 12:00:00+01:00,83.7056557906179,87.72
2025-12-22 12:15:00+01:00,81.64663457365972,84.13
2025-12-22 12:30:00+01:00,82.95668234477561,86.88
2025-12-22 12:45:00+01:00,84.9885213311108,86.63
2025-12-22 13:00:00+01:00,82.10573196335123,90.0
2025-12-22 13:15:00+01:00,84.86195514180366,88.32
2025-12-22 13:30:00+01:00,86.91761478088712,87.14
2025-12-22 13:45:00+01:00,89.83847673939847,89.0
2025-12-22 14:00:00+01:00,85.2734146729032,91.07
2025-12-22 14:15:00+01:00,89.97370794585201,91.82
2025-12-22 14:30:00+01:00,94.62546175853343,92.07
2025-12-22 14:45:00+01:00,102.2797523062611,93.53
2025-12-22 15:00:00+01:00,91.89554667793766,91.55
2025-12-22 15:15:00+01:00,98.98958907002199,102.91
2025-12-22 15:30:00+01:00,105.37125935580555,101.0
2025-12-22 15:45:00+01:00,107.81913009137737,102.69
2025-12-22 16:00:00+01:00,101.96702408818516,94.53
2025-12-22 16:15:00+01:00,106.71977287020796,101.39
2025-12-22 16:30:00+01:00,109.87510694186231,103.49
2025-12-22 16:45:00+01:00,116.97745445558903,105.31
2025-12-22 17:00:00+01:00,106.48257546822846,107.04
2025-12-22 17:15:00+01:00,113.49214066415576,108.96
2025-12-22 17:30:00+01:00,111.90044542456535,109.31
2025-12-22 17:45:00+01:00,111.18913910880119,106.26
2025-12-22 18:00:00+01:00,112.20315228982277,104.31
2025-12-22 18:15:00+01:00,109.77252289497827,102.1
2025-12-22 18:30:00+01:00,108.92639480420777,98.73
2025-12-22 18:45:00+01:00,104.05920383588362,98.46
2025-12-22 19:00:00+01:00,111.29348187283091,94.95
2025-12-22 19:15:00+01:00,104.9015850711956,95.04
2025-12-22 19:30:00+01:00,100.72970541434135,93.07
2025-12-22 19:45:00+01:00,95.07542343240068,92.1
2025-12-22 20:00:00+01:00,103.95998084428084,92.07
2025-12-22 20:15:00+01:00,99.64123849768747,91.21
2025-12-22 20:30:00+01:00,94.06575156070443,88.14
2025-12-22 20:45:00+01:00,87.34722693326731,86.49
2025-12-22 21:00:00+01:00,100.62323311086826,91.64
2025-12-22 21:15:00+01:00,94.56020774143711,84.84
2025-12-22 21:30:00+01:00,89.74729411373397,83.16
2025-12-22 21:45:00+01:00,80.74103064121334,79.8
2025-12-22 22:00:00+01:00,95.30168144915118,91.68
2025-12-22 22:15:00+01:00,91.19678008872089,87.89
2025-12-22 22:30:00+01:00,89.03372860829349,82.98
2025-12-22 22:45:00+01:00,83.32401776547812,76.74
2025-12-22 23:00:00+01:00,89.26685537983708,89.0
2025-12-22 23:15:00+01:00,83.7147630895851,80.21
2025-12-22 23:30:00+01:00,81.43430020542786,74.14
2025-12-22 23:45:00+01:00,80.9844299819701,68.52
2025-12-23 00:00:00+01:00,82.46927961212062,80.33
2025-12-23 00:15:00+01:00,78.42521378741452,73.4
2025-12-23 00:30:00+01:00,77.03032133324378,71.0
2025-12-23 00:45:00+01:00,75.7543567101908,64.2
2025-12-23 01:00:00+01:00,78.16250695356554,66.6
2025-12-23 01:15:00+01:00,74.66225677908315,64.71
2025-12-23 01:30:00+01:00,73.21049592705421,64.88
2025-12-23 01:45:00+01:00,69.92693679765574,63.94
2025-12-23 02:00:00+01:00,73.6496250247746,64.1
2025-12-23 02:15:00+01:00,70.93719074973342,62.06
2025-12-23 02:30:00+01:00,68.99320855893416,60.99
2025-12-23 02:45:00+01:00,67.70028462171133,60.87
2025-12-23 03:00:00+01:00,68.6421785344408,59.53
2025-12-23 03:15:00+01:00,67.38839893246451,59.59
2025-12-23 03:30:00+01:00,67.18859019954412,59.58
2025-12-23 03:45:00+01:00,70.38002139969346,57.54
2025-12-23 04:00:00+01:00,64.86362338588772,58.37
2025-12-23 04:15:00+01:00,66.62161344328956,58.12
2025-12-23 04:30:00+01:00,69.0029591425172,58.13
2025-12-23 04:45:00+01:00,71.20910241868847,57.83
2025-12-23 05:00:00+01:00,65.93939700872197,58.21
2025-12-23 05:15:00+01:00,68.30841009751802,58.36
2025-12-23 05:30:00+01:00,72.35649348273803,59.35
2025-12-23 05:45:00+01:00,76.37399016995272,60.17
2025-12-23 06:00:00+01:00,63.40082170841899,63.59
2025-12-23 06:15:00+01:00,73.23683500713086,64.34
2025-12-23 06:30:00+01:00,77.23439161522083,70.75
2025-12-23 06:45:00+01:00,81.97100275923754,72.71
2025-12-23 07:00:00+01:00,76.31189939239933,72.08
2025-12-23 07:15:00+01:00,82.7866785470805,76.38
2025-12-23 07:30:00+01:00,86.19267338948688,79.99
2025-12-23 07:45:00+01:00,89.2600611331647,83.62
2025-12-23 08:00:00+01:00,93.0397656148791,79.2
2025-12-23 08:15:00+01:00,93.72917497379046,84.35
2025-12-23 08:30:00+01:00,95.26430108396083,84.23
2025-12-23 08:45:00+01:00,95.38879885788245,87.72
2025-12-23 09:00:00+01:00,99.26182674465548,85.38
2025-12-23 09:15:00+01:00,92.67966263749743,86.19
2025-12-23 09:30:00+01:00,94.56102950843977,86.78
2025-12-23 09:45:00+01:00,84.80285397764864,83.51
2025-12-23 10:00:00+01:00,92.997979439839,84.82
2025-12-23 10:15:00+01:00,85.8324688607244,86.45
2025-12-23 10:30:00+01:00,84.10703724521913,84.08
2025-12-23 10:45:00+01:00,80.01833586392793,80.0
2025-12-23 11:00:00+01:00,82.23214627706626,86.11
2025-12-23 11:15:00+01:00,81.19097520366184,82.46
2025-12-23 11:30:00+01:00,80.51648911278099,80.6
2025-12-23 11:45:00+01:00,77.74949426234426,78.3
2025-12-23 12:00:00+01:00,77.63073634493483,83.33
2025-12-23 12:15:00+01:00,75.03349566055793,79.9
2025-12-23 12:30:00+01:00,76.66456623920455,80.12
2025-12-23 12:45:00+01:00,79.26336384585498,78.59
2025-12-23 13:00:00+01:00,76.00959276175853,80.86
2025-12-23 13:15:00+01:00,76.80689095187198,79.0
2025-12-23 13:30:00+01:00,79.4121843068303,78.25
2025-12-23 13:45:00+01:00,83.94942488632478,78.74
2025-12-23 14:00:00+01:00,79.18422731938037,76.59
2025-12-23 14:15:00+01:00,82.06834925332043,78.35
2025-12-23 14:30:00+01:00,85.8210566039682,80.54
2025-12-23 14:45:00+01:00,90.71692131877889,81.38
2025-12-23 15:00:00+01:00,84.83515393131125,76.15
2025-12-23 15:15:00+01:00,88.77833000530836,80.6
2025-12-23 15:30:00+01:00,96.5070509034585,84.3
2025-12-23 15:45:00+01:00,97.4261046751931,86.26
2025-12-23 16:00:00+01:00,92.17267294529661,81.81
2025-12-23 16:15:00+01:00,90.82027000402785,79.75
2025-12-23 16:30:00+01:00,92.21701191936647,84.59
2025-12-23 16:45:00+01:00,92.80413622034098,88.6
2025-12-23 17:00:00+01:00,85.90836882878708,80.07
2025-12-23 17:15:00+01:00,93.77690533183193,80.59
2025-12-23 17:30:00+01:00,87.69671569391522,84.49
2025-12-23 17:45:00+01:00,81.7828498507309,84.72
2025-12-23 18:00:00+01:00,92.13702985010619,84.11
2025-12-23 18:15:00+01:00,89.93130347364355,82.32
2025-12-23 18:30:00+01:00,89.74412679014381,84.99
2025-12-23 18:45:00+01:00,82.48019220202343,84.36
2025-12-23 19:00:00+01:00,91.91276803859107,83.37
2025-12-23 19:15:00+01:00,85.67146562810368,82.66
2025-12-23 19:30:00+01:00,90.66900150878428,82.08
2025-12-23 19:45:00+01:00,83.3435324846552,81.75
2025-12-23 20:00:00+01:00,84.67842450924903,86.6
2025-12-23 20:15:00+01:00,77.38260596198859,83.1
2025-12-23 20:30:00+01:00,74.83743262623352,74.18
2025-12-23 20:45:00+01:00,79.36515952729673,68.14
2025-12-23 21:00:00+01:00,81.56914298401871,76.69
2025-12-23 21:15:00+01:00,75.44247110918067,73.84
2025-12-23 21:30:00+01:00,71.73401587032652,68.15
2025-12-23 21:45:00+01:00,70.71408953991524,61.04
2025-12-23 22:00:00+01:00,84.80485407512697,77.36
2025-12-23 22:15:00+01:00,73.51063308147552,70.83
2025-12-23 22:30:00+01:00,72.67014739310366,72.5
2025-12-23 22:45:00+01:00,65.37896731022167,66.65
2025-12-23 23:00:00+01:00,71.35019935958971,71.56
2025-12-23 23:15:00+01:00,66.65997935268469,63.89
2025-12-23 23:30:00+01:00,62.57413881385638,63.57
2025-12-23 23:45:00+01:00,60.0422869273939,57.35
2025-12-24 00:00:00+01:00,59.66102485031132,66.41
2025-12-24 00:15:00+01:00,54.13228515799588,66.21
2025-12-24 00:30:00+01:00,52.57962749372358,56.85
2025-12-24 00:45:00+01:00,52.056930495869835,51.52
2025-12-24 01:00:00+01:00,52.173691448750944,58.47
2025-12-24 01:15:00+01:00,47.59520454944834,55.7
2025-12-24 01:30:00+01:00,46.86005363666401,54.17
2025-12-24 01:45:00+01:00,45.44773074316692,55.11
2025-12-24 02:00:00+01:00,44.96812906377857,56.03
2025-12-24 02:15:00+01:00,45.973764708935,56.92
2025-12-24 02:30:00+01:00,43.31077492992067,57.42
2025-12-24 02:45:00+01:00,41.1912900858481,56.83
2025-12-24 03:00:00+01:00,39.71246795312315,57.02
2025-12-24 03:15:00+01:00,36.58174396967588,56.15
2025-12-24 03:30:00+01:00,32.38718976180397,56.09
2025-12-24 03:45:00+01:00,30.701203696495455,54.1
2025-12-24 04:00:00+01:00,30.71821707626591,55.64
2025-12-24 04:15:00+01:00,31.362748682623398,56.16
2025-12-24 04:30:00+01:00,30.0023150995657,55.84
2025-12-24 04:45:00+01:00,31.972979145593705,55.75
2025-12-24 05:00:00+01:00,31.88325280495622,56.49
2025-12-24 05:15:00+01:00,32.23409340471573,53.1
2025-12-24 05:30:00+01:00,36.327830284399454,56.5
2025-12-24 05:45:00+01:00,32.867222341633294,57.31
2025-12-24 06:00:00+01:00,33.28806831914515,54.3
2025-12-24 06:15:00+01:00,43.75037393556698,54.39
2025-12-24 06:30:00+01:00,47.25071243939825,59.73
2025-12-24 06:45:00+01:00,54.7549873973805,60.44
2025-12-24 07:00:00+01:00,50.69437723271623,59.24
2025-12-24 07:15:00+01:00,58.127275982781086,66.76
2025-12-24 07:30:00+01:00,58.550931447852435,67.47
2025-12-24 07:45:00+01:00,58.40769827132692,76.31
2025-12-24 08:00:00+01:00,61.92271324899801,74.89
2025-12-24 08:15:00+01:00,66.44276850939082,75.01
2025-12-24 08:30:00+01:00,74.49649438231103,85.54
2025-12-24 08:45:00+01:00,81.72819736905973,88.56
2025-12-24 09:00:00+01:00,79.8658276075709,89.37
2025-12-24 09:15:00+01:00,80.18145324562217,84.95
2025-12-24 09:30:00+01:00,82.99866129878032,80.96
2025-12-24 09:45:00+01:00,78.57135264304068,74.6
2025-12-24 10:00:00+01:00,83.46724443713784,80.22
2025-12-24 10:15:00+01:00,74.90404176261141,75.9
2025-12-24 10:30:00+01:00,73.5960837567623,75.08
2025-12-24 10:45:00+01:00,67.65904602780077,72.89
2025-12-24 11:00:00+01:00,65.76249820648223,71.47
2025-12-24 11:15:00+01:00,63.5117542787477,69.71
2025-12-24 11:30:00+01:00,60.77778039219953,68.5
2025-12-24 11:45:00+01:00,59.368572230135015,67.47
2025-12-24 12:00:00+01:00,56.44148280505944,69.92
2025-12-24 12:15:00+01:00,55.927441582114994,68.75
2025-12-24 12:30:00+01:00,55.913852279682835,68.23
2025-12-24 12:45:00+01:00,57.06433774432797,67.15
2025-12-24 13:00:00+01:00,55.63358374565364,67.17
2025-12-24 13:15:00+01:00,53.918323246001776,67.26
2025-12-24 13:30:00+01:00,55.96280578991879,68.36
2025-12-24 13:45:00+01:00,59.290994332562605,69.16
2025-12-24 14:00:00+01:00,55.49687899635039,69.24
2025-12-24 14:15:00+01:00,56.32568386573444,70.68
2025-12-24 14:30:00+01:00,64.28236322597714,73.91
2025-12-24 14:45:00+01:00,64.67118156309354,81.2
2025-12-24 15:00:00+01:00,58.714765669888166,72.63
2025-12-24 15:15:00+01:00,66.44180950963774,87.51
2025-12-24 15:30:00+01:00,66.90223712433212,86.83
2025-12-24 15:45:00+01:00,72.50492179495255,85.24
2025-12-24 16:00:00+01:00,67.14462939411793,83.23
2025-12-24 16:15:00+01:00,74.7073605729896,88.82
2025-12-24 16:30:00+01:00,73.88810421400508,90.74
2025-12-24 16:45:00+01:00,78.49779056685003,88.81
2025-12-24 17:00:00+01:00,59.97749775726955,89.8
2025-12-24 17:15:00+01:00,84.49939677635476,89.0
2025-12-24 17:30:00+01:00,79.08458345845155,90.1
2025-12-24 17:45:00+01:00,79.6133962179629,87.63
2025-12-24 18:00:00+01:00,85.26598507225005,88.82
2025-12-24 18:15:00+01:00,78.64752532183294,76.36
2025-12-24 18:30:00+01:00,72.0348948737644,77.16
2025-12-24 18:45:00+01:00,70.49245533272,73.29
2025-12-24 19:00:00+01:00,76.26241754767918,73.86
2025-12-24 19:15:00+01:00,72.5707234076259,72.29
2025-12-24 19:30:00+01:00,70.85238061474611,71.75
2025-12-24 19:45:00+01:00,74.98472422243262,69.19
2025-12-24 20:00:00+01:00,78.06249658952235,71.18
2025-12-24 20:15:00+01:00,68.90869194960231,69.49
2025-12-24 20:30:00+01:00,62.126249224109976,68.01
2025-12-24 20:45:00+01:00,54.12136321259084,63.95
2025-12-24 21:00:00+01:00,64.49202423527547,71.13
2025-12-24 21:15:00+01:00,61.87345700735018,67.49
2025-12-24 21:30:00+01:00,61.06480496047469,67.55
2025-12-24 21:45:00+01:00,54.26562665065889,65.78
2025-12-24 22:00:00+01:00,72.59217124968917,71.81
2025-12-24 22:15:00+01:00,62.047132699735776,69.31
2025-12-24 22:30:00+01:00,60.173307413504425,68.6
2025-12-24 22:45:00+01:00,52.03541475987954,66.31
2025-12-24 23:00:00+01:00,62.0169703762931,70.3
2025-12-24 23:15:00+01:00,58.22673373279487,70.85
2025-12-24 23:30:00+01:00,50.48578027266276,64.95
2025-12-24 23:45:00+01:00,45.97632487308398,54.55
2025-12-25 00:00:00+01:00,65.59352205792476,66.14
2025-12-25 00:15:00+01:00,61.3783199324795,61.29
2025-12-25 00:30:00+01:00,55.67285628229966,61.36
2025-12-25 00:45:00+01:00,54.079800224562106,64.09
2025-12-25 01:00:00+01:00,59.223011160534256,60.03
2025-12-25 01:15:00+01:00,54.334212463485244,59.0
2025-12-25 01:30:00+01:00,51.453703695636875,57.45
2025-12-25 01:45:00+01:00,49.04773656907359,57.29
2025-12-25 02:00:00+01:00,50.97101277162501,57.86
2025-12-25 02:15:00+01:00,50.033496375539386,56.63
2025-12-25 02:30:00+01:00,48.84572974880669,56.64
2025-12-25 02:45:00+01:00,47.69238000460927,56.3
2025-12-25 03:00:00+01:00,49.0758225410582,56.94
2025-12-25 03:15:00+01:00,48.210753184186586,55.87
2025-12-25 03:30:00+01:00,46.01446911104151,55.54
2025-12-25 03:45:00+01:00,45.06877945828403,55.03
2025-12-25 04:00:00+01:00,48.83000736394875,54.67
2025-12-25 04:15:00+01:00,45.941786777492766,54.33
2025-12-25 04:30:00+01:00,46.47981655787401,54.57
2025-12-25 04:45:00+01:00,44.8829195268002,54.55
2025-12-25 05:00:00+01:00,48.37539603384739,53.89
2025-12-25 05:15:00+01:00,49.60541831467776,53.99
2025-12-25 05:30:00+01:00,47.73471042225378,50.92
2025-12-25 05:45:00+01:00,50.19474893540616,51.62
2025-12-25 06:00:00+01:00,43.50885602622518,47.49
2025-12-25 06:15:00+01:00,48.25537914805695,51.02
2025-12-25 06:30:00+01:00,55.6437018769041,51.0
2025-12-25 06:45:00+01:00,59.58165771759939,47.15
2025-12-25 07:00:00+01:00,52.47652651681928,46.55
2025-12-25 07:15:00+01:00,56.7753834260512,50.99
2025-12-25 07:30:00+01:00,50.86321784426637,58.13
2025-12-25 07:45:00+01:00,47.24195120082537,60.44
2025-12-25 08:00:00+01:00,57.24214274403173,64.0
2025-12-25 08:15:00+01:00,43.730453041699135,64.43
2025-12-25 08:30:00+01:00,59.84971741203874,67.49
2025-12-25 08:45:00+01:00,45.94923524013538,60.9
2025-12-25 09:00:00+01:00,56.035436392445554,67.6
2025-12-25 09:15:00+01:00,57.04053941191875,65.45
2025-12-25 09:30:00+01:00,59.227855383640836,64.08
2025-12-25 09:45:00+01:00,56.713271013402164,61.7
2025-12-25 10:00:00+01:00,68.48468659268731,58.07
2025-12-25 10:15:00+01:00,47.428716946263116,53.55
2025-12-25 10:30:00+01:00,48.84651879168222,49.46
2025-12-25 10:45:00+01:00,39.14759942865782,53.98
2025-12-25 11:00:00+01:00,31.608258097366488,50.0
2025-12-25 11:15:00+01:00,27.42369074110419,46.22
2025-12-25 11:30:00+01:00,22.48758579007079,48.71
2025-12-25 11:45:00+01:00,34.48723154829721,51.0
2025-12-25 12:00:00+01:00,27.432909332688133,54.85
2025-12-25 12:15:00+01:00,30.95331106433055,50.01
2025-12-25 12:30:00+01:00,36.44623527564945,45.04
2025-12-25 12:45:00+01:00,42.75783721410227,44.05
2025-12-25 13:00:00+01:00,33.87978878550385,42.15
2025-12-25 13:15:00+01:00,38.086861482929365,42.55
2025-12-25 13:30:00+01:00,50.21992593189005,47.02
2025-12-25 13:45:00+01:00,60.479947423862285,59.74
2025-12-25 14:00:00+01:00,47.7589090741402,51.79
2025-12-25 14:15:00+01:00,50.57225036945157,66.39
2025-12-25 14:30:00+01:00,68.30841577829653,71.54
2025-12-25 14:45:00+01:00,72.88210608698267,84.47
2025-12-25 15:00:00+01:00,55.95326294240674,74.94
2025-12-25 15:15:00+01:00,71.901579589993,83.89
2025-12-25 15:30:00+01:00,81.57661767302089,97.89
2025-12-25 15:45:00+01:00,83.22054636643611,100.94
2025-12-25 16:00:00+01:00,65.37965041585451,89.96
2025-12-25 16:15:00+01:00,82.62132188264536,85.11
2025-12-25 16:30:00+01:00,88.94243907182863,96.94
2025-12-25 16:45:00+01:00,99.56032464975728,96.93
2025-12-25 17:00:00+01:00,57.00676686343396,88.02
2025-12-25 17:15:00+01:00,95.82285716650524,94.11
2025-12-25 17:30:00+01:00,76.44788566399785,96.91
2025-12-25 17:45:00+01:00,94.34910094207814,96.98
2025-12-25 18:00:00+01:00,102.42726371211589,95.15
2025-12-25 18:15:00+01:00,99.7128287223747,94.92
2025-12-25 18:30:00+01:00,97.87263369497475,93.92
2025-12-25 18:45:00+01:00,90.98853135246804,92.23
2025-12-25 19:00:00+01:00,99.25829436839953,92.03
2025-12-25 19:15:00+01:00,94.06259772288453,91.79
2025-12-25 19:30:00+01:00,94.01253305703192,90.71
2025-12-25 19:45:00+01:00,90.7774535442893,92.33
2025-12-25 20:00:00+01:00,107.96343605793183,95.69
2025-12-25 20:15:00+01:00,104.26377140895995,96.37
2025-12-25 20:30:00+01:00,101.50748572143452,87.55
2025-12-25 20:45:00+01:00,98.24451009722782,84.52
2025-12-25 21:00:00+01:00,99.07615319362894,89.71
2025-12-25 21:15:00+01:00,97.64755915573171,96.15
2025-12-25 21:30:00+01:00,97.59557175720965,94.52
2025-12-25 21:45:00+01:00,91.97815744395503,90.42
2025-12-25 22:00:00+01:00,103.34601344346088,97.65
2025-12-25 22:15:00+01:00,96.0631489386719,96.98
2025-12-25 22:30:00+01:00,92.8462837676772,96.92
2025-12-25 22:45:00+01:00,88.27199544430204,93.06
2025-12-25 23:00:00+01:00,99.73271514884775,95.85
2025-12-25 23:15:00+01:00,93.13321346428741,91.49
2025-12-25 23:30:00+01:00,90.65511865459656,90.53
2025-12-25 23:45:00+01:00,88.4850293577066,88.01
2025-12-26 00:00:00+01:00,90.98942321858269,106.45
2025-12-26 00:15:00+01:00,89.03353710459758,99.96
2025-12-26 00:30:00+01:00,86.57557780035738,91.46
2025-12-26 00:45:00+01:00,85.94489121087106,90.53
2025-12-26 01:00:00+01:00,87.13939711074467,95.66
2025-12-26 01:15:00+01:00,85.04514695209319,91.35
2025-12-26 01:30:00+01:00,84.0239972036295,90.74
2025-12-26 01:45:00+01:00,83.42688528431482,86.46
2025-12-26 02:00:00+01:00,85.29708642788736,90.74
2025-12-26 02:15:00+01:00,84.07299586980398,86.28
2025-12-26 02:30:00+01:00,82.73356708397695,84.53
2025-12-26 02:45:00+01:00,82.82106670831344,81.72
2025-12-26 03:00:00+01:00,83.58756782875938,85.0
2025-12-26 03:15:00+01:00,82.54185805766885,83.09
2025-12-26 03:30:00+01:00,82.731969747516,82.12
2025-12-26 03:45:00+01:00,84.30247513449972,82.0
2025-12-26 04:00:00+01:00,81.89661642964342,80.26
2025-12-26 04:15:00+01:00,82.2760176742817,81.84
2025-12-26 04:30:00+01:00,81.98620235304463,83.15
2025-12-26 04:45:00+01:00,84.03936846619696,84.32
2025-12-26 05:00:00+01:00,83.23072645555924,81.04
2025-12-26 05:15:00+01:00,83.90599447320932,81.33
2025-12-26 05:30:00+01:00,84.84917614364642,83.44
2025-12-26 05:45:00+01:00,87.12037281706009,85.53
2025-12-26 06:00:00+01:00,86.89856194880932,80.38
2025-12-26 06:15:00+01:00,81.21965089779358,81.35
2025-12-26 06:30:00+01:00,88.27173080584444,87.89
2025-12-26 06:45:00+01:00,89.86438048631463,90.46
2025-12-26 07:00:00+01:00,82.62146397048538,86.82
2025-12-26 07:15:00+01:00,83.62391871693626,91.01
2025-12-26 07:30:00+01:00,86.33961547739568,94.04
2025-12-26 07:45:00+01:00,88.21933019238087,100.59
2025-12-26 08:00:00+01:00,91.78275807701402,94.74
2025-12-26 08:15:00+01:00,90.6644808545174,97.11
2025-12-26 08:30:00+01:00,91.55956973057512,101.95
2025-12-26 08:45:00+01:00,85.65782599051735,101.8
2025-12-26 09:00:00+01:00,92.1745496157053,103.68
2025-12-26 09:15:00+01:00,88.70758290757163,103.44
2025-12-26 09:30:00+01:00,83.25910762976704,94.57
2025-12-26 09:45:00+01:00,77.4450828931786,85.23
2025-12-26 10:00:00+01:00,76.92204616266478,96.0
2025-12-26 10:15:00+01:00,76.93929771392253,91.22
2025-12-26 10:30:00+01:00,73.76891339384761,86.9
2025-12-26 10:45:00+01:00,69.83648605158129,82.88
2025-12-26 11:00:00+01:00,70.24232781662738,89.0
2025-12-26 11:15:00+01:00,66.4969922842723,85.28
2025-12-26 11:30:00+01:00,67.83784019762473,83.71
2025-12-26 11:45:00+01:00,68.2812560869369,81.98
2025-12-26 12:00:00+01:00,63.35600490042331,83.11
2025-12-26 12:15:00+01:00,64.64554118846823,82.0
2025-12-26 12:30:00+01:00,68.61824973411015,81.83
2025-12-26 12:45:00+01:00,73.0337839938164,82.31
2025-12-26 13:00:00+01:00,66.94612655477002,80.0
2025-12-26 13:15:00+01:00,69.75655526620619,80.68
2025-12-26 13:30:00+01:00,79.55284369617453,85.92
2025-12-26 13:45:00+01:00,82.83617128445846,85.79
2025-12-26 14:00:00+01:00,72.72537297602581,75.12
2025-12-26 14:15:00+01:00,75.50002962831547,85.68
2025-12-26 14:30:00+01:00,78.63840680880017,94.0
2025-12-26 14:45:00+01:00,87.41665830034127,116.0
2025-12-26 15:00:00+01:00,78.25328156731614,90.52
2025-12-26 15:15:00+01:00,84.58607387725043,107.97
2025-12-26 15:30:00+01:00,89.21989255750997,116.44
2025-12-26 15:45:00+01:00,88.17527229455945,121.64
2025-12-26 16:00:00+01:00,81.83276521017875,110.82
2025-12-26 16:15:00+01:00,94.28040092371626,117.29
2025-12-26 16:30:00+01:00,100.35242040990498,118.34
2025-12-26 16:45:00+01:00,103.10926112753491,120.64
2025-12-26 17:00:00+01:00,88.8826493042096,119.02
2025-12-26 17:15:00+01:00,103.74965872494327,121.34
2025-12-26 17:30:00+01:00,99.64426146870876,121.71
2025-12-26 17:45:00+01:00,107.21295870948668,119.81
2025-12-26 18:00:00+01:00,104.70148768335707,118.83
2025-12-26 18:15:00+01:00,101.81042735192787,117.48
2025-12-26 18:30:00+01:00,92.89597844422482,117.76
2025-12-26 18:45:00+01:00,98.62747374513108,113.82
2025-12-26 19:00:00+01:00,94.71160667647774,117.66
2025-12-26 19:15:00+01:00,90.1821430228537,116.29
2025-12-26 19:30:00+01:00,93.34004917842502,116.58
2025-12-26 19:45:00+01:00,81.00751766840729,114.52
2025-12-26 20:00:00+01:00,109.42145355313743,121.69
2025-12-26 20:15:00+01:00,101.98787641209226,116.97
2025-12-26 20:30:00+01:00,100.00817306553144,110.58
2025-12-26 20:45:00+01:00,97.42938759323802,105.66
2025-12-26 21:00:00+01:00,102.12741130388311,118.29
2025-12-26 21:15:00+01:00,95.49308184760424,115.42
2025-12-26 21:30:00+01:00,95.76809927662762,109.07
2025-12-26 21:45:00+01:00,90.53609097496765,103.22
2025-12-26 22:00:00+01:00,103.10632470575631,117.25
2025-12-26 22:15:00+01:00,98.22314043722027,114.03
2025-12-26 22:30:00+01:00,92.83749609542438,105.25
2025-12-26 22:45:00+01:00,87.8660444305368,96.49
2025-12-26 23:00:00+01:00,98.5814307276348,110.83
2025-12-26 23:15:00+01:00,92.13059303644906,103.96
2025-12-26 23:30:00+01:00,88.32174029297302,94.41
2025-12-26 23:45:00+01:00,81.67934118995561,88.27
2025-12-27 00:00:00+01:00,91.05347411967558,103.6
2025-12-27 00:15:00+01:00,96.75014767579316,99.39
2025-12-27 00:30:00+01:00,88.65357301913154,93.92
2025-12-27 00:45:00+01:00,86.49856304134978,89.85
2025-12-27 01:00:00+01:00,95.45931325125375,102.48
2025-12-27 01:15:00+01:00,90.91479910525992,91.15
2025-12-27 01:30:00+01:00,85.42107460260279,88.66
2025-12-27 01:45:00+01:00,87.08341348156738,84.61
2025-12-27 02:00:00+01:00,92.6350987080485,88.61
2025-12-27 02:15:00+01:00,88.70081053265322,85.57
2025-12-27 02:30:00+01:00,89.66190075648097,83.67
2025-12-27 02:45:00+01:00,86.63797530391979,80.98
2025-12-27 03:00:00+01:00,93.01003540027733,85.11
2025-12-27 03:15:00+01:00,92.09322719825693,83.09
2025-12-27 03:30:00+01:00,86.8634570409967,82.33
2025-12-27 03:45:00+01:00,83.82192952827931,80.34
2025-12-27 04:00:00+01:00,90.0949439721203,84.18
2025-12-27 04:15:00+01:00,90.3823538504417,84.34
2025-12-27 04:30:00+01:00,93.31765796922238,83.86
2025-12-27 04:45:00+01:00,96.47691273512754,83.61
2025-12-27 05:00:00+01:00,91.16568008373018,79.45
2025-12-27 05:15:00+01:00,93.60418825549668,81.68
2025-12-27 05:30:00+01:00,96.0628441295553,83.01
2025-12-27 05:45:00+01:00,93.62413611802228,88.54
2025-12-27 06:00:00+01:00,82.67935923487913,77.61
2025-12-27 06:15:00+01:00,83.85114863646994,85.45
2025-12-27 06:30:00+01:00,94.55812677342814,90.82
2025-12-27 06:45:00+01:00,97.29462702164683,98.18
2025-12-27 07:00:00+01:00,90.98184115402168,93.3
2025-12-27 07:15:00+01:00,98.50795838232983,96.53
2025-12-27 07:30:00+01:00,104.33937431053637,103.13
2025-12-27 07:45:00+01:00,109.73568945372249,105.06
2025-12-27 08:00:00+01:00,103.04610850199546,104.95
2025-12-27 08:15:00+01:00,108.60078451915552,104.96
2025-12-27 08:30:00+01:00,103.68133497119578,104.27
2025-12-27 08:45:00+01:00,102.03945895218683,95.1
2025-12-27 09:00:00+01:00,117.14383376667725,108.96
2025-12-27 09:15:00+01:00,103.39335563879315,103.54
2025-12-27 09:30:00+01:00,96.34003828256937,87.84
2025-12-27 09:45:00+01:00,95.13896436782937,74.9
2025-12-27 10:00:00+01:00,86.55135642264113,102.1
2025-12-27 10:15:00+01:00,95.43572500260414,77.61
2025-12-27 10:30:00+01:00,84.48129826026323,71.15
2025-12-27 10:45:00+01:00,73.93128238390366,69.27
2025-12-27 11:00:00+01:00,83.56034507222861,77.86
2025-12-27 11:15:00+01:00,79.86339939492562,77.0
2025-12-27 11:30:00+01:00,82.55707223000628,75.34
2025-12-27 11:45:00+01:00,84.03209550132416,71.38
2025-12-27 12:00:00+01:00,80.1190794502208,77.51
2025-12-27 12:15:00+01:00,81.28827542392203,71.15
2025-12-27 12:30:00+01:00,81.13399677315121,74.43
2025-12-27 12:45:00+01:00,86.34714491129132,75.07
2025-12-27 13:00:00+01:00,78.8058524082333,70.9
2025-12-27 13:15:00+01:00,79.98647449389388,73.83
2025-12-27 13:30:00+01:00,85.02461482772337,77.61
2025-12-27 13:45:00+01:00,82.60396656903154,84.61
2025-12-27 14:00:00+01:00,85.64330004484542,69.16
2025-12-27 14:15:00+01:00,83.22607982861105,78.91
2025-12-27 14:30:00+01:00,91.81129326131364,82.32
2025-12-27 14:45:00+01:00,100.6505797399131,94.41
2025-12-27 15:00:00+01:00,103.63389919760256,76.03
2025-12-27 15:15:00+01:00,93.21808007031986,88.66
2025-12-27 15:30:00+01:00,112.96214394725679,100.3
2025-12-27 15:45:00+01:00,116.39567415085267,113.18
2025-12-27 16:00:00+01:00,109.2913574705552,92.25
2025-12-27 16:15:00+01:00,105.29601533760338,99.16
2025-12-27 16:30:00+01:00,122.32807937017857,107.64
2025-12-27 16:45:00+01:00,136.77029455531644,112.98
2025-12-27 17:00:00+01:00,127.67877397368306,95.79
2025-12-27 17:15:00+01:00,118.61063983470487,108.99
2025-12-27 17:30:00+01:00,116.72671550304204,110.13
2025-12-27 17:45:00+01:00,122.20242055609296,108.79
2025-12-27 18:00:00+01:00,105.71189070309693,109.4
2025-12-27 18:15:00+01:00,104.14698909020325,108.82
2025-12-27 18:30:00+01:00,105.03299978682017,107.63
2025-12-27 18:45:00+01:00,101.62537905579758,107.86
2025-12-27 19:00:00+01:00,123.6317138299447,109.33
2025-12-27 19:15:00+01:00,124.8336171178895,104.94
2025-12-27 19:30:00+01:00,129.2990417975493,100.83
2025-12-27 19:45:00+01:00,134.76997754701534,104.9
2025-12-27 20:00:00+01:00,118.62926417320004,115.05
2025-12-27 20:15:00+01:00,111.87803197953282,105.09
2025-12-27 20:30:00+01:00,110.16694998297929,99.0
2025-12-27 20:45:00+01:00,101.54006213350026,91.21
2025-12-27 21:00:00+01:00,111.83584049693377,102.67
2025-12-27 21:15:00+01:00,97.91327562170657,96.26
2025-12-27 21:30:00+01:00,95.88379296917397,91.51
2025-12-27 21:45:00+01:00,91.04693095303693,85.14
2025-12-27 22:00:00+01:00,107.864025109593,105.23
2025-12-27 22:15:00+01:00,97.30166543519279,99.81
2025-12-27 22:30:00+01:00,90.92904371306359,90.29
2025-12-27 22:45:00+01:00,83.523513232969,86.34
2025-12-27 23:00:00+01:00,96.55237529332035,102.86
2025-12-27 23:15:00+01:00,87.45228252126519,95.2
2025-12-27 23:30:00+01:00,83.13809447768612,88.07
2025-12-27 23:45:00+01:00,78.80019869498223,79.05
2025-12-28 00:00:00+01:00,97.18270535827064,91.17
2025-12-28 00:15:00+01:00,90.44017356835383,88.36
2025-12-28 00:30:00+01:00,86.61151192555364,83.0
2025-12-28 00:45:00+01:00,83.81979678896315,74.81
2025-12-28 01:00:00+01:00,90.12872016480269,91.22
2025-12-28 01:15:00+01:00,85.54978096542347,85.54
2025-12-28 01:30:00+01:00,84.55222061828132,81.73
2025-12-28 01:45:00+01:00,81.67259735811163,74.99
2025-12-28 02:00:00+01:00,88.32399749462243,85.64
2025-12-28 02:15:00+01:00,85.46048249333674,80.37
2025-12-28 02:30:00+01:00,85.14728437622495,76.76
2025-12-28 02:45:00+01:00,83.32172874922023,77.07
2025-12-28 03:00:00+01:00,85.75952595911914,77.0
2025-12-28 03:15:00+01:00,85.89289916291992,76.14
2025-12-28 03:30:00+01:00,82.46758616440705,80.13
2025-12-28 03:45:00+01:00,79.86152350769628,82.0
2025-12-28 04:00:00+01:00,84.93540413016729,78.14
2025-12-28 04:15:00+01:00,85.69069769141123,79.41
2025-12-28 04:30:00+01:00,88.80291605602454,82.56
2025-12-28 04:45:00+01:00,91.84909615764869,81.68
2025-12-28 05:00:00+01:00,83.72628381257881,79.94
2025-12-28 05:15:00+01:00,82.91530371024595,80.82
2025-12-28 05:30:00+01:00,87.53727419905277,84.61
2025-12-28 05:45:00+01:00,87.77394591678929,89.07
2025-12-28 06:00:00+01:00,75.60126116373033,79.21
2025-12-28 06:15:00+01:00,74.19664217759318,84.61
2025-12-28 06:30:00+01:00,86.3022101009844,88.28
2025-12-28 06:45:00+01:00,83.1031394025715,93.81
2025-12-28 07:00:00+01:00,81.69666089710329,81.78
2025-12-28 07:15:00+01:00,88.99709604129424,89.81
2025-12-28 07:30:00+01:00,94.07241539781535,95.11
2025-12-28 07:45:00+01:00,94.45758899703061,101.9
2025-12-28 08:00:00+01:00,85.65582270808922,93.06
2025-12-28 08:15:00+01:00,84.03715830391744,97.75
2025-12-28 08:30:00+01:00,88.08525616731632,99.76
2025-12-28 08:45:00+01:00,95.53277656381061,98.88
2025-12-28 09:00:00+01:00,109.18826279448697,103.62
2025-12-28 09:15:00+01:00,99.15985273259679,100.05
2025-12-28 09:30:00+01:00,91.10218253780772,98.0
2025-12-28 09:45:00+01:00,89.6509553382734,84.59
2025-12-28 10:00:00+01:00,104.23076453752225,99.99
2025-12-28 10:15:00+01:00,99.42476318195776,89.53
2025-12-28 10:30:00+01:00,94.17042881090482,83.33
2025-12-28 10:45:00+01:00,89.57324390226015,80.0
2025-12-28 11:00:00+01:00,94.63326432797372,95.35
2025-12-28 11:15:00+01:00,90.32920689127558,90.58
2025-12-28 11:30:00+01:00,92.80757987662003,86.54
2025-12-28 11:45:00+01:00,91.51114346159459,81.0
2025-12-28 12:00:00+01:00,91.39971615525582,82.71
2025-12-28 12:15:00+01:00,90.32547536281048,78.74
2025-12-28 12:30:00+01:00,92.27189379132314,79.55
2025-12-28 12:45:00+01:00,91.02092985945274,79.09
2025-12-28 13:00:00+01:00,91.0615753936796,76.6
2025-12-28 13:15:00+01:00,89.82276656946826,77.72
2025-12-28 13:30:00+01:00,87.21612623927268,80.97
2025-12-28 13:45:00+01:00,84.12467904298443,84.81
2025-12-28 14:00:00+01:00,89.11119341558825,80.01
2025-12-28 14:15:00+01:00,89.3428078979899,82.02
2025-12-28 14:30:00+01:00,96.48031258119049,87.3
2025-12-28 14:45:00+01:00,93.11586596660038,97.38
2025-12-28 15:00:00+01:00,94.6153966327079,87.45
2025-12-28 15:15:00+01:00,94.52797858083974,96.11
2025-12-28 15:30:00+01:00,101.68694697074996,111.24
2025-12-28 15:45:00+01:00,126.11042477471048,108.68
2025-12-28 16:00:00+01:00,99.43089486586615,102.54
2025-12-28 16:15:00+01:00,98.95671706792893,111.0
2025-12-28 16:30:00+01:00,119.69441396944836,114.39
2025-12-28 16:45:00+01:00,140.37352624369933,115.6
2025-12-28 17:00:00+01:00,116.01380333081202,112.16
2025-12-28 17:15:00+01:00,120.14498227654508,114.66
2025-12-28 17:30:00+01:00,121.95587960497744,114.07
2025-12-28 17:45:00+01:00,140.41146803864515,113.92
2025-12-28 18:00:00+01:00,107.69630014901657,120.51
2025-12-28 18:15:00+01:00,110.0634960783459,115.97
2025-12-28 18:30:00+01:00,112.3386167975232,113.56
2025-12-28 18:45:00+01:00,113.22152155152965,107.78
2025-12-28 19:00:00+01:00,119.73821857653434,114.25
2025-12-28 19:15:00+01:00,114.82167673560315,109.73
2025-12-28 19:30:00+01:00,117.33723715653355,107.59
2025-12-28 19:45:00+01:00,112.96556892389717,105.76
2025-12-28 20:00:00+01:00,122.96325502590473,108.44
2025-12-28 20:15:00+01:00,114.59449652002549,107.0
2025-12-28 20:30:00+01:00,112.46794286842295,103.66
2025-12-28 20:45:00+01:00,103.22300371046514,100.94
2025-12-28 21:00:00+01:00,113.45594157382098,101.08
2025-12-28 21:15:00+01:00,111.57414278983761,100.01
2025-12-28 21:30:00+01:00,108.6767492334719,99.04
2025-12-28 21:45:00+01:00,99.9366542827992,95.98
2025-12-28 22:00:00+01:00,110.31279079446462,100.01
2025-12-28 22:15:00+01:00,100.36337106913233,98.7
2025-12-28 22:30:00+01:00,91.86299883341493,98.22
2025-12-28 22:45:00+01:00,85.15223701391304,96.2
2025-12-28 23:00:00+01:00,98.64953234469644,97.74
2025-12-28 23:15:00+01:00,89.27243550185266,93.01
2025-12-28 23:30:00+01:00,85.43095470074984,85.71
2025-12-28 23:45:00+01:00,79.69759205631362,77.3
2025-12-29 00:00:00+01:00,89.30081186822324,100.75
2025-12-29 00:15:00+01:00,86.19221953071454,94.69
2025-12-29 00:30:00+01:00,84.43372945087864,85.01
2025-12-29 00:45:00+01:00,79.78349195590518,79.07
2025-12-29 01:00:00+01:00,86.29445427774655,89.99
2025-12-29 01:15:00+01:00,82.44740669427783,79.35
2025-12-29 01:30:00+01:00,79.29147716590545,84.6
2025-12-29 01:45:00+01:00,75.60518990207235,85.99
2025-12-29 02:00:00+01:00,81.36111337059222,89.89
2025-12-29 02:15:00+01:00,78.32755115271792,85.28
2025-12-29 02:30:00+01:00,77.34742600331865,81.48
2025-12-29 02:45:00+01:00,75.62607811387328,80.08
2025-12-29 03:00:00+01:00,78.17156305327194,84.38
2025-12-29 03:15:00+01:00,76.28784085974753,82.0
2025-12-29 03:30:00+01:00,76.41930103192787,81.05
2025-12-29 03:45:00+01:00,77.45933121391394,81.33
2025-12-29 04:00:00+01:00,74.2554432226196,80.95
2025-12-29 04:15:00+01:00,77.68004417979344,80.65
2025-12-29 04:30:00+01:00,88.85973611780352,84.79
2025-12-29 04:45:00+01:00,94.83511779150656,88.1
2025-12-29 05:00:00+01:00,76.5354336510864,84.67
2025-12-29 05:15:00+01:00,82.14835195753196,89.0
2025-12-29 05:30:00+01:00,95.1148211042952,92.0
2025-12-29 05:45:00+01:00,95.70205242556112,97.5
2025-12-29 06:00:00+01:00,60.05969403976666,87.64
2025-12-29 06:15:00+01:00,71.51433273591788,95.17
2025-12-29 06:30:00+01:00,93.0342351807971,97.3
2025-12-29 06:45:00+01:00,86.95996785675955,105.22
2025-12-29 07:00:00+01:00,111.77550129403664,96.63
2025-12-29 07:15:00+01:00,126.78607463918043,105.85
2025-12-29 07:30:00+01:00,121.19426031599399,106.62
2025-12-29 07:45:00+01:00,106.98473630193743,109.77
2025-12-29 08:00:00+01:00,124.6309160425535,119.18
2025-12-29 08:15:00+01:00,103.61209748048651,113.83
2025-12-29 08:30:00+01:00,97.40655890814656,112.5
2025-12-29 08:45:00+01:00,86.13211331342822,110.0
2025-12-29 09:00:00+01:00,130.45853295665316,120.05
2025-12-29 09:15:00+01:00,112.44752682211008,112.26
2025-12-29 09:30:00+01:00,86.73035416539355,109.29
2025-12-29 09:45:00+01:00,77.15892679822355,102.44
2025-12-29 10:00:00+01:00,98.35875566231098,107.33
2025-12-29 10:15:00+01:00,113.55144678711996,103.95
2025-12-29 10:30:00+01:00,96.41688226654847,94.9
2025-12-29 10:45:00+01:00,96.97622794153278,84.4
2025-12-29 11:00:00+01:00,118.7901383941533,94.06
2025-12-29 11:15:00+01:00,106.62039278780469,88.09
2025-12-29 11:30:00+01:00,99.86529920910398,91.23
2025-12-29 11:45:00+01:00,105.54285094775025,88.0
2025-12-29 12:00:00+01:00,112.12036673208652,87.45
2025-12-29 12:15:00+01:00,112.47494523566749,86.55
2025-12-29 12:30:00+01:00,114.03329610411487,88.06
2025-12-29 12:45:00+01:00,111.05511529956455,88.57
2025-12-29 13:00:00+01:00,118.49712541018545,87.05
2025-12-29 13:15:00+01:00,98.65849668562393,88.08
2025-12-29 13:30:00+01:00,91.89482208603057,87.73
2025-12-29 13:45:00+01:00,88.03765283562818,91.23
2025-12-29 14:00:00+01:00,101.06273533828019,90.38
2025-12-29 14:15:00+01:00,100.16856539011661,94.27
2025-12-29 14:30:00+01:00,104.46495664436254,97.34
2025-12-29 14:45:00+01:00,92.80024027515266,102.42
2025-12-29 15:00:00+01:00,83.76575402540189,94.51
2025-12-29 15:15:00+01:00,82.24469135078017,104.31
2025-12-29 15:30:00+01:00,95.33937599775795,108.8
2025-12-29 15:45:00+01:00,133.04843994512495,106.41
2025-12-29 16:00:00+01:00,89.1951436317353,105.7
2025-12-29 16:15:00+01:00,79.91656108833365,109.46
2025-12-29 16:30:00+01:00,118.07871006906628,112.48
2025-12-29 16:45:00+01:00,146.1060740352045,106.98
2025-12-29 17:00:00+01:00,43.11582573493026,107.27
2025-12-29 17:15:00+01:00,125.78817374290685,106.52
2025-12-29 17:30:00+01:00,132.8734209479291,107.92
2025-12-29 17:45:00+01:00,123.41653786602946,106.32
2025-12-29 18:00:00+01:00,99.57745949256199,106.44
2025-12-29 18:15:00+01:00,101.02266588296358,106.01
2025-12-29 18:30:00+01:00,105.44322298923817,100.56
2025-12-29 18:45:00+01:00,97.54267082755442,100.22
2025-12-29 19:00:00+01:00,108.88844050765101,105.12
2025-12-29 19:15:00+01:00,116.9259359603746,96.34
2025-12-29 19:30:00+01:00,119.28655743899532,89.51
2025-12-29 19:45:00+01:00,115.12724299372881,89.62
2025-12-29 20:00:00+01:00,118.92628002691126,97.21
2025-12-29 20:15:00+01:00,118.29881074916207,91.72
2025-12-29 20:30:00+01:00,122.0668322206478,88.17
2025-12-29 20:45:00+01:00,118.47563284085729,84.39
2025-12-29 21:00:00+01:00,122.01627258789856,84.61
2025-12-29 21:15:00+01:00,115.03504423074759,83.75
2025-12-29 21:30:00+01:00,118.63595982894755,84.6
2025-12-29 21:45:00+01:00,113.46239443641407,80.02
2025-12-29 22:00:00+01:00,105.80074043294945,90.03
2025-12-29 22:15:00+01:00,95.96132145897168,86.66
2025-12-29 22:30:00+01:00,95.51122351602145,88.64
2025-12-29 22:45:00+01:00,92.0727445448616,86.33
2025-12-29 23:00:00+01:00,95.66565415013208,90.29
2025-12-29 23:15:00+01:00,84.4494938161318,85.48
2025-12-29 23:30:00+01:00,80.99458862038452,83.62
2025-12-29 23:45:00+01:00,76.72543762519967,73.98
2025-12-30 00:00:00+01:00,87.38421559625296,87.0
2025-12-30 00:15:00+01:00,82.1910209073894,81.5
2025-12-30 00:30:00+01:00,80.13858647891078,73.24
2025-12-30 00:45:00+01:00,76.08270964794742,69.71
2025-12-30 01:00:00+01:00,81.77394826875265,76.66
2025-12-30 01:15:00+01:00,78.50787221927911,72.76
2025-12-30 01:30:00+01:00,76.75441570907935,71.95
2025-12-30 01:45:00+01:00,74.99086414595878,71.49
2025-12-30 02:00:00+01:00,78.37763911438354,73.89
2025-12-30 02:15:00+01:00,75.7050973522145,73.42
2025-12-30 02:30:00+01:00,74.84966843383937,70.41
2025-12-30 02:45:00+01:00,72.97632245196179,69.7
2025-12-30 03:00:00+01:00,74.3391399897739,70.63
2025-12-30 03:15:00+01:00,73.91119310818755,69.4
2025-12-30 03:30:00+01:00,74.96544996486254,69.19
2025-12-30 03:45:00+01:00,73.39050297391202,68.21
2025-12-30 04:00:00+01:00,72.80342043393318,68.29
2025-12-30 04:15:00+01:00,73.08316699146374,67.91
2025-12-30 04:30:00+01:00,75.28407453504907,69.15
2025-12-30 04:45:00+01:00,77.46103755699619,68.8
2025-12-30 05:00:00+01:00,74.21088331031103,69.1
2025-12-30 05:15:00+01:00,76.76960441903229,72.09
2025-12-30 05:30:00+01:00,77.7840575470014,69.91
2025-12-30 05:45:00+01:00,77.7570972639572,76.86
2025-12-30 06:00:00+01:00,76.60394040288082,68.85
2025-12-30 06:15:00+01:00,80.40957404578094,78.25
2025-12-30 06:30:00+01:00,81.1378302364043,85.79
2025-12-30 06:45:00+01:00,84.28545039965167,87.19
2025-12-30 07:00:00+01:00,84.50445410086934,79.59
2025-12-30 07:15:00+01:00,87.81136576449555,87.02
2025-12-30 07:30:00+01:00,91.21395440004497,93.26
2025-12-30 07:45:00+01:00,95.57602048070665,92.01
2025-12-30 08:00:00+01:00,97.57653684125553,93.18
2025-12-30 08:15:00+01:00,96.73477029707799,99.0
2025-12-30 08:30:00+01:00,99.17938233485862,95.35
2025-12-30 08:45:00+01:00,97.32444415553545,91.98
2025-12-30 09:00:00+01:00,103.61731679693243,104.6
2025-12-30 09:15:00+01:00,99.47628453298734,99.87
2025-12-30 09:30:00+01:00,95.7297790094658,93.55
2025-12-30 09:45:00+01:00,88.01795157653625,79.55
2025-12-30 10:00:00+01:00,97.20043911329385,96.73
2025-12-30 10:15:00+01:00,90.29559210029146,86.34
2025-12-30 10:30:00+01:00,85.18333209967895,81.14
2025-12-30 10:45:00+01:00,80.88111245678688,79.07
2025-12-30 11:00:00+01:00,86.34024832961065,81.4
2025-12-30 11:15:00+01:00,80.9258500714273,80.23
2025-12-30 11:30:00+01:00,79.29988991390701,79.0
2025-12-30 11:45:00+01:00,78.13539219722306,76.89
2025-12-30 12:00:00+01:00,76.74905591564173,78.97
2025-12-30 12:15:00+01:00,76.80172981742867,76.99
2025-12-30 12:30:00+01:00,77.41368772830535,76.11
2025-12-30 12:45:00+01:00,75.01201185808155,72.55
2025-12-30 13:00:00+01:00,74.82872973391581,72.83
2025-12-30 13:15:00+01:00,75.72024114739341,74.76
2025-12-30 13:30:00+01:00,78.52882671726549,74.89
2025-12-30 13:45:00+01:00,81.41172484225552,84.55
2025-12-30 14:00:00+01:00,78.53084738459437,71.54
2025-12-30 14:15:00+01:00,78.76155324030505,86.4
2025-12-30 14:30:00+01:00,87.38586473181762,93.54
2025-12-30 14:45:00+01:00,98.80229393324782,104.39
2025-12-30 15:00:00+01:00,84.15198660279047,90.16
2025-12-30 15:15:00+01:00,95.51986964316774,96.62
2025-12-30 15:30:00+01:00,105.97706525026683,110.52
2025-12-30 15:45:00+01:00,111.81165310181511,112.0
2025-12-30 16:00:00+01:00,99.80857742406381,100.66
2025-12-30 16:15:00+01:00,109.0766678531925,107.72
2025-12-30 16:30:00+01:00,112.44483894214166,108.09
2025-12-30 16:45:00+01:00,119.1030680768515,119.93
2025-12-30 17:00:00+01:00,116.49807975708448,108.96
2025-12-30 17:15:00+01:00,118.80558864594806,114.24
2025-12-30 17:30:00+01:00,118.56302963457081,109.72
2025-12-30 17:45:00+01:00,120.28487258874024,109.94
2025-12-30 18:00:00+01:00,116.84593994622428,115.28
2025-12-30 18:15:00+01:00,116.34121647284599,108.9
2025-12-30 18:30:00+01:00,115.56117211914993,106.05
2025-12-30 18:45:00+01:00,113.79185791698096,106.25
2025-12-30 19:00:00+01:00,119.20247685800734,106.9
2025-12-30 19:15:00+01:00,116.34723582080292,105.75
2025-12-30 19:30:00+01:00,119.29145949924245,105.03
2025-12-30 19:45:00+01:00,114.28459630812554,104.75
2025-12-30 20:00:00+01:00,114.32211538028774,104.97
2025-12-30 20:15:00+01:00,109.5983163423555,103.16
2025-12-30 20:30:00+01:00,101.89497520551767,100.92
2025-12-30 20:45:00+01:00,98.78066333515974,95.11
2025-12-30 21:00:00+01:00,107.57375785346318,101.83
2025-12-30 21:15:00+01:00,102.2863890347896,94.98
2025-12-30 21:30:00+01:00,97.48083122270793,90.06
2025-12-30 21:45:00+01:00,94.5129498387605,86.42
2025-12-30 22:00:00+01:00,103.67558735083986,101.49
2025-12-30 22:15:00+01:00,99.02530797272757,93.92
2025-12-30 22:30:00+01:00,95.65409177811235,89.48
2025-12-30 22:45:00+01:00,88.8506623102923,83.29
2025-12-30 23:00:00+01:00,97.01547442561038,94.86
2025-12-30 23:15:00+01:00,91.01870894798454,88.45
2025-12-30 23:30:00+01:00,88.04392539698188,82.19
2025-12-30 23:45:00+01:00,83.9126811219803,77.73
2025-12-31 00:00:00+01:00,91.25691414895687,77.73
2025-12-31 00:15:00+01:00,87.30697648869491,90.31
2025-12-31 00:30:00+01:00,84.35556562233424,86.19
2025-12-31 00:45:00+01:00,80.53409192837644,80.96
2025-12-31 01:00:00+01:00,86.71411674318074,90.11
2025-12-31 01:15:00+01:00,83.4091151388948,83.48
2025-12-31 01:30:00+01:00,80.92320072456498,82.67
2025-12-31 01:45:00+01:00,79.12621518299207,81.09
2025-12-31 02:00:00+01:00,83.1818644558942,83.54
2025-12-31 02:15:00+01:00,79.41271783740378,81.06
2025-12-31 02:30:00+01:00,78.90471834968618,79.25
2025-12-31 02:45:00+01:00,77.25051478921173,77.0
2025-12-31 03:00:00+01:00,79.19823423161215,80.0
2025-12-31 03:15:00+01:00,78.85485874846366,76.19
2025-12-31 03:30:00+01:00,78.67542914039608,75.03
2025-12-31 03:45:00+01:00,76.66080039000819,75.1
2025-12-31 04:00:00+01:00,76.21731481402915,74.41
2025-12-31 04:15:00+01:00,77.81779934487815,75.01
2025-12-31 04:30:00+01:00,79.76484155607625,74.71
2025-12-31 04:45:00+01:00,80.19831352931425,75.6
2025-12-31 05:00:00+01:00,77.93773469393403,75.05
2025-12-31 05:15:00+01:00,77.93924452827024,75.62
2025-12-31 05:30:00+01:00,81.43328868342452,78.1
2025-12-31 05:45:00+01:00,79.56578145656984,80.74
2025-12-31 06:00:00+01:00,94.11388999079331,77.82
2025-12-31 06:15:00+01:00,82.12497720435194,82.36
2025-12-31 06:30:00+01:00,79.59480530465737,82.83
2025-12-31 06:45:00+01:00,84.09328506569638,84.46
2025-12-31 07:00:00+01:00,83.46438696973891,79.56
2025-12-31 07:15:00+01:00,84.12146562461162,82.15
2025-12-31 07:30:00+01:00,85.20723427963063,87.17
2025-12-31 07:45:00+01:00,87.16553241953052,92.25
2025-12-31 08:00:00+01:00,92.51124489068626,90.79
2025-12-31 08:15:00+01:00,90.0620342748663,98.39
2025-12-31 08:30:00+01:00,88.85768250872488,97.08
2025-12-31 08:45:00+01:00,87.80036165805697,96.91
2025-12-31 09:00:00+01:00,94.123815876338,102.79
2025-12-31 09:15:00+01:00,88.60382945936105,99.8
2025-12-31 09:30:00+01:00,90.64711971045179,94.0
2025-12-31 09:45:00+01:00,86.61352338617604,84.75
2025-12-31 10:00:00+01:00,92.3045110627942,97.25
2025-12-31 10:15:00+01:00,86.92277935970971,89.82
2025-12-31 10:30:00+01:00,84.97893515316203,87.24
2025-12-31 10:45:00+01:00,79.8252373379574,82.74
2025-12-31 11:00:00+01:00,82.5249338604574,87.93
2025-12-31 11:15:00+01:00,81.56011892185796,83.93
2025-12-31 11:30:00+01:00,80.64398006412775,82.06
2025-12-31 11:45:00+01:00,78.86463162342719,80.0
2025-12-31 12:00:00+01:00,79.4154820870726,83.3
2025-12-31 12:15:00+01:00,77.17207662352351,82.0
2025-12-31 12:30:00+01:00,78.54728400463173,82.0
2025-12-31 12:45:00+01:00,80.15069706775554,84.89
2025-12-31 13:00:00+01:00,75.01484248415036,83.1
2025-12-31 13:15:00+01:00,77.15925929548673,84.14
2025-12-31 13:30:00+01:00,80.4654238642315,85.0
2025-12-31 13:45:00+01:00,80.2389980174342,88.44
2025-12-31 14:00:00+01:00,81.67187105474204,82.62
2025-12-31 14:15:00+01:00,79.18272638323893,85.39
2025-12-31 14:30:00+01:00,83.9779367779946,85.2
2025-12-31 14:45:00+01:00,85.3509012021066,87.5
2025-12-31 15:00:00+01:00,80.48740835055754,84.99
2025-12-31 15:15:00+01:00,85.4667005970637,89.76
2025-12-31 15:30:00+01:00,92.02113217618702,91.7
2025-12-31 15:45:00+01:00,93.91717392695713,96.88
2025-12-31 16:00:00+01:00,93.46250364121617,90.6
2025-12-31 16:15:00+01:00,93.0808820693547,100.66
2025-12-31 16:30:00+01:00,96.61873411564548,103.69
2025-12-31 16:45:00+01:00,103.62206043008783,107.87
2025-12-31 17:00:00+01:00,101.61696089814606,105.81
2025-12-31 17:15:00+01:00,98.09370069523236,106.33
2025-12-31 17:30:00+01:00,106.04704298131905,109.02
2025-12-31 17:45:00+01:00,108.3240320367595,119.24
2025-12-31 18:00:00+01:00,101.59557855072565,110.11
2025-12-31 18:15:00+01:00,96.82091614678104,112.85
2025-12-31 18:30:00+01:00,91.9530418826493,105.65
2025-12-31 18:45:00+01:00,89.30865548760889,101.5
2025-12-31 19:00:00+01:00,90.54237626992843,100.83
2025-12-31 19:15:00+01:00,87.81333406027588,94.67
2025-12-31 19:30:00+01:00,89.04500416108341,97.87
2025-12-31 19:45:00+01:00,88.51969334475754,90.59
2025-12-31 20:00:00+01:00,90.47509285123677,96.22
2025-12-31 20:15:00+01:00,89.17007726308522,88.39
2025-12-31 20:30:00+01:00,79.804818327627,84.27
2025-12-31 20:45:00+01:00,72.71787009954755,78.33
2025-12-31 21:00:00+01:00,88.17958725307972,89.07
2025-12-31 21:15:00+01:00,80.98166449481192,83.71
2025-12-31 21:30:00+01:00,77.537194258736,76.72
2025-12-31 21:45:00+01:00,71.72778485041763,69.69
2025-12-31 22:00:00+01:00,82.54909763661394,87.95
2025-12-31 22:15:00+01:00,76.25070609616512,81.37
2025-12-31 22:30:00+01:00,75.54979542494927,82.47
2025-12-31 22:45:00+01:00,71.19641236975379,73.77
2025-12-31 23:00:00+01:00,78.1485197143131,86.3
2025-12-31 23:15:00+01:00,69.32232947571549,76.48
2025-12-31 23:30:00+01:00,67.5810073425685,75.75
2025-12-31 23:45:00+01:00,62.79500818677882,67.26
2026-01-01 00:00:00+01:00,62.077335712164185,63.64
2026-01-01 00:15:00+01:00,59.944391144690776,61.48
2026-01-01 00:30:00+01:00,52.29552746755252,58.0
2026-01-01 00:45:00+01:00,45.122976479592765,49.99
2026-01-01 01:00:00+01:00,55.587571879120645,60.01
2026-01-01 01:15:00+01:00,47.55488898904659,48.9
2026-01-01 01:30:00+01:00,44.630441877932135,36.74
2026-01-01 01:45:00+01:00,40.27824871109253,23.93
2026-01-01 02:00:00+01:00,43.975059588114554,36.01
2026-01-01 02:15:00+01:00,39.86296504309055,19.92
2026-01-01 02:30:00+01:00,34.46466999282729,14.99
2026-01-01 02:45:00+01:00,27.377688525001062,7.36
2026-01-01 03:00:00+01:00,34.16873262945311,10.08
2026-01-01 03:15:00+01:00,31.358014807704258,6.69
2026-01-01 03:30:00+01:00,20.711883228046283,4.5
2026-01-01 03:45:00+01:00,11.49452812737455,3.87
2026-01-01 04:00:00+01:00,25.478017952032282,4.5
2026-01-01 04:15:00+01:00,27.196471102408978,4.29
2026-01-01 04:30:00+01:00,13.001245399970358,3.48
2026-01-01 04:45:00+01:00,3.704290057661183,0.1
2026-01-01 05:00:00+01:00,33.36244181910402,3.05
2026-01-01 05:15:00+01:00,16.990915776595607,0.1
2026-01-01 05:30:00+01:00,14.649376126285318,0.1
2026-01-01 05:45:00+01:00,4.713006583424786,0.07
2026-01-01 06:00:00+01:00,26.275184672556144,0.01
2026-01-01 06:15:00+01:00,17.023954843167687,0.1
2026-01-01 06:30:00+01:00,13.04758132734996,0.1
2026-01-01 06:45:00+01:00,-5.2657026117860966,0.0
2026-01-01 07:00:00+01:00,19.28278222250772,0.09
2026-01-01 07:15:00+01:00,12.975776781827179,0.01
2026-01-01 07:30:00+01:00,0.20656155091238304,0.0
2026-01-01 07:45:00+01:00,3.844480370689439,0.0
2026-01-01 08:00:00+01:00,21.56395462459062,0.04
2026-01-01 08:15:00+01:00,15.76295839577385,0.1
2026-01-01 08:30:00+01:00,14.044849878708746,0.09
2026-01-01 08:45:00+01:00,34.65144767986088,0.0
2026-01-01 09:00:00+01:00,27.590012496500975,0.0
2026-01-01 09:15:00+01:00,10.228415564139311,0.0
2026-01-01 09:30:00+01:00,17.41135604005501,0.0
2026-01-01 09:45:00+01:00,11.660560981119545,0.0
2026-01-01 10:00:00+01:00,28.45009927706269,0.0
2026-01-01 10:15:00+01:00,14.424701400241517,0.0
2026-01-01 10:30:00+01:00,7.339113001200303,0.0
2026-01-01 10:45:00+01:00,5.192955109650811,-0.01
2026-01-01 11:00:00+01:00,6.833666977458876,0.0
2026-01-01 11:15:00+01:00,4.2262785554674736,0.0
2026-01-01 11:30:00+01:00,5.369984592908267,0.0
2026-01-01 11:45:00+01:00,10.869096863037,-0.01
2026-01-01 12:00:00+01:00,6.353820676018486,-0.01
2026-01-01 12:15:00+01:00,4.702784821986384,-0.01
2026-01-01 12:30:00+01:00,7.648972315186626,-0.01
2026-01-01 12:45:00+01:00,6.5907015745365385,-0.01
2026-01-01 13:00:00+01:00,3.892647374852558,-0.01
2026-01-01 13:15:00+01:00,4.738470467017393,-0.01
2026-01-01 13:30:00+01:00,3.6950738906015914,-0.01
2026-01-01 13:45:00+01:00,2.874373009689691,0.0
2026-01-01 14:00:00+01:00,5.814740648323223,-0.01
2026-01-01 14:15:00+01:00,-2.554829315447776,0.0
2026-01-01 14:30:00+01:00,10.996365779459595,0.0
2026-01-01 14:45:00+01:00,20.63709430320921,0.08
2026-01-01 15:00:00+01:00,13.74005653642952,0.1
2026-01-01 15:15:00+01:00,23.107279311954997,0.1
2026-01-01 15:30:00+01:00,28.20290535136151,3.85
2026-01-01 15:45:00+01:00,20.187727217272723,9.99
2026-01-01 16:00:00+01:00,36.90324318427944,4.51
2026-01-01 16:15:00+01:00,28.897591795311342,10.0
2026-01-01 16:30:00+01:00,22.279722479576066,12.42
2026-01-01 16:45:00+01:00,11.951939557654697,14.45
2026-01-01 17:00:00+01:00,47.54326640576277,20.08
2026-01-01 17:15:00+01:00,32.289779187388106,14.99
2026-01-01 17:30:00+01:00,25.17585431029606,32.08
2026-01-01 17:45:00+01:00,43.613484697120995,20.03
2026-01-01 18:00:00+01:00,21.39135546955113,27.76
2026-01-01 18:15:00+01:00,8.600507038741867,30.0
2026-01-01 18:30:00+01:00,11.19032820656129,22.17
2026-01-01 18:45:00+01:00,4.525277740629008,12.58
2026-01-01 19:00:00+01:00,5.12797841884192,28.96
2026-01-01 19:15:00+01:00,11.519796679584744,18.27
2026-01-01 19:30:00+01:00,25.668332176479467,12.58
2026-01-01 19:45:00+01:00,28.385697233255883,12.56
2026-01-01 20:00:00+01:00,10.623668398902112,12.53
2026-01-01 20:15:00+01:00,17.76946617828814,10.05
2026-01-01 20:30:00+01:00,25.364340788951964,10.08
2026-01-01 20:45:00+01:00,26.885030381187306,7.51
2026-01-01 21:00:00+01:00,20.549292655539958,10.01
2026-01-01 21:15:00+01:00,20.75492446395907,10.1
2026-01-01 21:30:00+01:00,19.434056886151595,9.86
2026-01-01 21:45:00+01:00,16.781444658264533,5.83
2026-01-01 22:00:00+01:00,14.831296447267007,15.28
2026-01-01 22:15:00+01:00,1.7111101472465151,9.61
2026-01-01 22:30:00+01:00,25.35009749985103,4.5
2026-01-01 22:45:00+01:00,28.260092900385395,0.1
2026-01-01 23:00:00+01:00,9.40376288026917,1.14
2026-01-01 23:15:00+01:00,6.136267046437396,0.0
2026-01-01 23:30:00+01:00,6.942876552338532,0.0
2026-01-01 23:45:00+01:00,4.745662602912361,0.0
2026-01-02 00:00:00+01:00,16.134193716371115,13.75
2026-01-02 00:15:00+01:00,15.834597612580367,11.87
2026-01-02 00:30:00+01:00,-6.385201001883743,10.58
2026-01-02 00:45:00+01:00,-10.920682768419155,2.52
2026-01-02 01:00:00+01:00,4.675721038791849,6.64
2026-01-02 01:15:00+01:00,-7.097869126276805,3.92
2026-01-02 01:30:00+01:00,-4.435423392206516,1.38
2026-01-02 01:45:00+01:00,3.0763133696763703,0.1
2026-01-02 02:00:00+01:00,2.282619033673612,4.51
2026-01-02 02:15:00+01:00,-0.7164804079563254,2.58
2026-01-02 02:30:00+01:00,-1.534924871730837,0.1
2026-01-02 02:45:00+01:00,-2.2618516179566512,0.04
2026-01-02 03:00:00+01:00,0.286860266288798,0.83
2026-01-02 03:15:00+01:00,-5.3510409049910095,0.1
2026-01-02 03:30:00+01:00,-2.3431618774318395,0.05
2026-01-02 03:45:00+01:00,-6.292207597172236,0.0
2026-01-02 04:00:00+01:00,-9.625578567466874,0.1
2026-01-02 04:15:00+01:00,-2.9667465924695193,0.1
2026-01-02 04:30:00+01:00,2.2821515096223948,2.06
2026-01-02 04:45:00+01:00,3.742918799778522,4.64
2026-01-02 05:00:00+01:00,-7.085095695283144,4.99
2026-01-02 05:15:00+01:00,7.732698117679945,9.8
2026-01-02 05:30:00+01:00,16.22248741433532,11.41
2026-01-02 05:45:00+01:00,21.23215424906904,21.79
2026-01-02 06:00:00+01:00,9.931031067561975,5.54
2026-01-02 06:15:00+01:00,39.698023729545305,17.16
2026-01-02 06:30:00+01:00,38.15150807839335,25.72
2026-01-02 06:45:00+01:00,54.47136769755737,38.76
2026-01-02 07:00:00+01:00,51.64730153270728,32.93
2026-01-02 07:15:00+01:00,60.22842620667596,44.26
2026-01-02 07:30:00+01:00,64.96541435142026,59.99
2026-01-02 07:45:00+01:00,65.7735990351841,66.68
2026-01-02 08:00:00+01:00,68.55640242309823,66.33
2026-01-02 08:15:00+01:00,67.54655660097413,68.58
2026-01-02 08:30:00+01:00,75.83786976316262,69.93
2026-01-02 08:45:00+01:00,71.95965256567271,70.63
2026-01-02 09:00:00+01:00,74.55807730299748,70.51
2026-01-02 09:15:00+01:00,75.43100978599296,70.5
2026-01-02 09:30:00+01:00,70.27884344120983,71.63
2026-01-02 09:45:00+01:00,65.76075203195458,72.15
2026-01-02 10:00:00+01:00,62.08363447619395,62.59
2026-01-02 10:15:00+01:00,66.37323603201673,58.53
2026-01-02 10:30:00+01:00,64.88547662682925,55.35
2026-01-02 10:45:00+01:00,58.791662711665175,55.08
2026-01-02 11:00:00+01:00,60.837312630728405,53.87
2026-01-02 11:15:00+01:00,63.53457012810507,57.71
2026-01-02 11:30:00+01:00,59.022125455361476,57.35
2026-01-02 11:45:00+01:00,59.81949544931497,54.78
2026-01-02 12:00:00+01:00,55.11557028420138,54.82
2026-01-02 12:15:00+01:00,56.10170034464305,57.5
2026-01-02 12:30:00+01:00,57.49478849509543,60.0
2026-01-02 12:45:00+01:00,58.17127763144502,59.69
2026-01-02 13:00:00+01:00,52.63244072684413,68.6
2026-01-02 13:15:00+01:00,55.47964911085246,65.84
2026-01-02 13:30:00+01:00,59.26528801719868,64.71
2026-01-02 13:45:00+01:00,64.25077553369887,68.64
2026-01-02 14:00:00+01:00,59.89233656005466,65.51
2026-01-02 14:15:00+01:00,54.72922098492311,71.01
2026-01-02 14:30:00+01:00,65.41412843422049,70.01
2026-01-02 14:45:00+01:00,66.09633569758249,73.95
2026-01-02 15:00:00+01:00,59.74323130552001,69.63
2026-01-02 15:15:00+01:00,68.50102394742667,76.93
2026-01-02 15:30:00+01:00,73.9595227947317,81.04
2026-01-02 15:45:00+01:00,76.53052942629387,82.38
2026-01-02 16:00:00+01:00,72.2874992389102,74.28
2026-01-02 16:15:00+01:00,78.15711085493447,81.85
2026-01-02 16:30:00+01:00,81.36416663232598,85.79
2026-01-02 16:45:00+01:00,86.10661449587431,87.9
2026-01-02 17:00:00+01:00,91.93170266957807,83.84
2026-01-02 17:15:00+01:00,88.24693877128448,85.94
2026-01-02 17:30:00+01:00,90.99139578939266,85.98
2026-01-02 17:45:00+01:00,86.31179331432426,85.98
2026-01-02 18:00:00+01:00,96.20454372526243,87.98
2026-01-02 18:15:00+01:00,86.4847995993688,87.96
2026-01-02 18:30:00+01:00,79.59090045942743,89.44
2026-01-02 18:45:00+01:00,74.28349809599777,87.99
2026-01-02 19:00:00+01:00,82.11863586014142,89.95
2026-01-02 19:15:00+01:00,79.04241172600376,89.9
2026-01-02 19:30:00+01:00,82.04366641854156,88.01
2026-01-02 19:45:00+01:00,78.8664666992041,86.43
2026-01-02 20:00:00+01:00,83.18687628977906,94.95
2026-01-02 20:15:00+01:00,83.80399523373465,89.83
2026-01-02 20:30:00+01:00,82.3436486814678,86.65
2026-01-02 20:45:00+01:00,80.7317158493938,85.18
2026-01-02 21:00:00+01:00,82.6071964734521,84.84
2026-01-02 21:15:00+01:00,79.99567641516373,84.41
2026-01-02 21:30:00+01:00,75.04435854824503,84.13
2026-01-02 21:45:00+01:00,65.99363579189671,80.69
2026-01-02 22:00:00+01:00,80.17084744599688,87.25
2026-01-02 22:15:00+01:00,77.47016793912951,84.19
2026-01-02 22:30:00+01:00,78.03331625517188,86.52
2026-01-02 22:45:00+01:00,72.26356829067977,84.41
2026-01-02 23:00:00+01:00,76.05779881380182,83.65
2026-01-02 23:15:00+01:00,73.2703434638046,82.99
2026-01-02 23:30:00+01:00,70.90077710414916,81.72
2026-01-02 23:45:00+01:00,64.90829670484783,78.97
2026-01-03 00:00:00+01:00,79.19529051973869,84.34
2026-01-03 00:15:00+01:00,78.22735134918426,82.79
2026-01-03 00:30:00+01:00,75.70970589999665,78.69
2026-01-03 00:45:00+01:00,72.68502745969523,74.84
2026-01-03 01:00:00+01:00,76.12322631725266,80.9
2026-01-03 01:15:00+01:00,73.28334319392167,77.99
2026-01-03 01:30:00+01:00,73.16993001853129,77.54
2026-01-03 01:45:00+01:00,70.944008200197,76.89
2026-01-03 02:00:00+01:00,72.75305442764527,77.96
2026-01-03 02:15:00+01:00,71.35457632748754,76.39
2026-01-03 02:30:00+01:00,70.5872647827462,75.24
2026-01-03 02:45:00+01:00,69.06922571006373,73.69
2026-01-03 03:00:00+01:00,69.48030354841842,76.49
2026-01-03 03:15:00+01:00,67.13385816744628,75.16
2026-01-03 03:30:00+01:00,65.54192315743846,74.01
2026-01-03 03:45:00+01:00,63.99445917016888,73.62
2026-01-03 04:00:00+01:00,68.049729991963,73.18
2026-01-03 04:15:00+01:00,65.74603491668319,72.93
2026-01-03 04:30:00+01:00,63.36757881497201,73.06
2026-01-03 04:45:00+01:00,65.66146021912812,72.92
2026-01-03 05:00:00+01:00,69.40246146602217,73.95
2026-01-03 05:15:00+01:00,67.0297208773082,73.82
2026-01-03 05:30:00+01:00,65.51247502864766,75.3
2026-01-03 05:45:00+01:00,66.6231768927053,76.89
2026-01-03 06:00:00+01:00,65.10176403313153,72.55
2026-01-03 06:15:00+01:00,71.1998712563803,74.5
2026-01-03 06:30:00+01:00,72.87434714430789,77.03
2026-01-03 06:45:00+01:00,79.17736773549316,79.56
2026-01-03 07:00:00+01:00,75.27390764506944,78.56
2026-01-03 07:15:00+01:00,78.9985390462862,76.83
2026-01-03 07:30:00+01:00,84.4657481179556,79.59
2026-01-03 07:45:00+01:00,89.99890139180317,82.27
2026-01-03 08:00:00+01:00,87.96098150945198,87.85
2026-01-03 08:15:00+01:00,89.45043397994803,90.35
2026-01-03 08:30:00+01:00,95.20880131430617,91.91
2026-01-03 08:45:00+01:00,93.1481180572013,92.65
2026-01-03 09:00:00+01:00,96.83759530458002,95.35
2026-01-03 09:15:00+01:00,96.1877458009776,95.63
2026-01-03 09:30:00+01:00,97.00269583499846,94.34
2026-01-03 09:45:00+01:00,93.86085344579733,91.04
2026-01-03 10:00:00+01:00,98.12687483745303,98.94
2026-01-03 10:15:00+01:00,92.30960947585872,95.0
2026-01-03 10:30:00+01:00,90.14363643845441,91.45
2026-01-03 10:45:00+01:00,88.10895162027687,87.85
2026-01-03 11:00:00+01:00,90.66131116670739,91.95
2026-01-03 11:15:00+01:00,92.99652928998458,89.0
2026-01-03 11:30:00+01:00,91.70969601899245,87.85
2026-01-03 11:45:00+01:00,88.97644596236736,86.03
2026-01-03 12:00:00+01:00,91.37056996022291,87.85
2026-01-03 12:15:00+01:00,89.16230430883114,87.06
2026-01-03 12:30:00+01:00,89.72588011242524,87.16
2026-01-03 12:45:00+01:00,90.48313938427287,87.58
2026-01-03 13:00:00+01:00,86.7308523342157,85.85
2026-01-03 13:15:00+01:00,87.89287789570074,85.55
2026-01-03 13:30:00+01:00,88.5438356469511,86.03
2026-01-03 13:45:00+01:00,89.56097222278892,88.99
2026-01-03 14:00:00+01:00,84.72337792025921,85.11
2026-01-03 14:15:00+01:00,90.95706189656671,88.15
2026-01-03 14:30:00+01:00,98.47772262974178,90.7
2026-01-03 14:45:00+01:00,101.41200059639993,94.77
2026-01-03 15:00:00+01:00,95.12022763661281,90.0
2026-01-03 15:15:00+01:00,100.83121089567041,94.01
2026-01-03 15:30:00+01:00,103.9883038842116,96.68
2026-01-03 15:45:00+01:00,110.42840243834287,97.71
2026-01-03 16:00:00+01:00,97.1210592455856,94.78
2026-01-03 16:15:00+01:00,103.97896456885209,99.39
2026-01-03 16:30:00+01:00,110.45603384448731,100.98
2026-01-03 16:45:00+01:00,114.85038349289697,104.37
2026-01-03 17:00:00+01:00,112.61282542900567,105.95
2026-01-03 17:15:00+01:00,114.55778770426635,109.99
2026-01-03 17:30:00+01:00,114.63094994469078,111.01
2026-01-03 17:45:00+01:00,113.42517117369495,111.91
2026-01-03 18:00:00+01:00,118.52396171435365,112.8
2026-01-03 18:15:00+01:00,112.08339340765747,111.01
2026-01-03 18:30:00+01:00,113.6407930855871,110.0
2026-01-03 18:45:00+01:00,105.00792106236909,109.49
2026-01-03 19:00:00+01:00,116.97802292834228,111.01
2026-01-03 19:15:00+01:00,108.46509241800388,105.92
2026-01-03 19:30:00+01:00,106.94569170242649,102.53
2026-01-03 19:45:00+01:00,105.62497073529035,99.58
2026-01-03 20:00:00+01:00,103.90926599965411,99.28
2026-01-03 20:15:00+01:00,100.94643450441892,99.03
2026-01-03 20:30:00+01:00,95.80069854311088,97.84
2026-01-03 20:45:00+01:00,93.33300077694834,94.35
2026-01-03 21:00:00+01:00,96.89891827995702,95.79
2026-01-03 21:15:00+01:00,92.77329043462422,92.02
2026-01-03 21:30:00+01:00,91.52474744716838,91.18
2026-01-03 21:45:00+01:00,85.05382763146902,85.48
2026-01-03 22:00:00+01:00,95.39686281095673,94.04
2026-01-03 22:15:00+01:00,90.94213361525735,90.99
2026-01-03 22:30:00+01:00,88.69689057814753,90.83
2026-01-03 22:45:00+01:00,83.83860374466316,86.99
2026-01-03 23:00:00+01:00,91.45476342258915,91.44
2026-01-03 23:15:00+01:00,85.60325291437921,86.48
2026-01-03 23:30:00+01:00,84.32307392452526,84.8
2026-01-03 23:45:00+01:00,81.29124546026519,81.34
2026-01-04 00:00:00+01:00,88.30578157529614,94.01
2026-01-04 00:15:00+01:00,85.13826367353437,89.42
2026-01-04 00:30:00+01:00,82.14997718343028,87.78
2026-01-04 00:45:00+01:00,79.98888813261378,84.08
2026-01-04 01:00:00+01:00,83.72983708136128,87.72
2026-01-04 01:15:00+01:00,81.38170134230658,85.43
2026-01-04 01:30:00+01:00,80.86960592237932,84.24
2026-01-04 01:45:00+01:00,78.79792656131924,83.93
2026-01-04 02:00:00+01:00,81.93960260812798,87.13
2026-01-04 02:15:00+01:00,79.55073469786986,84.85
2026-01-04 02:30:00+01:00,79.54817095336307,84.18
2026-01-04 02:45:00+01:00,78.49165755286437,84.01
2026-01-04 03:00:00+01:00,80.23493385054503,84.6
2026-01-04 03:15:00+01:00,77.83772621537278,83.87
2026-01-04 03:30:00+01:00,76.57067996610458,83.43
2026-01-04 03:45:00+01:00,75.62639421319429,83.05
2026-01-04 04:00:00+01:00,77.93575268036048,82.6
2026-01-04 04:15:00+01:00,77.05311214833407,82.19
2026-01-04 04:30:00+01:00,76.03655510174642,82.41
2026-01-04 04:45:00+01:00,77.66109225032572,83.03
2026-01-04 05:00:00+01:00,76.77753090138086,82.51
2026-01-04 05:15:00+01:00,77.09273295415677,83.18
2026-01-04 05:30:00+01:00,78.35522438977146,84.01
2026-01-04 05:45:00+01:00,77.92975425622461,83.93
2026-01-04 06:00:00+01:00,74.75565388160145,82.71
2026-01-04 06:15:00+01:00,76.04649790158902,83.99
2026-01-04 06:30:00+01:00,80.8403921508572,83.69
2026-01-04 06:45:00+01:00,86.6758249927033,84.79
2026-01-04 07:00:00+01:00,81.67398269808817,84.46
2026-01-04 07:15:00+01:00,84.55196696936312,84.47
2026-01-04 07:30:00+01:00,88.82539918536582,86.9
2026-01-04 07:45:00+01:00,92.8923582422851,90.1
2026-01-04 08:00:00+01:00,94.08714165677203,86.51
2026-01-04 08:15:00+01:00,94.11331069293777,87.54
2026-01-04 08:30:00+01:00,93.86871337861908,88.85
2026-01-04 08:45:00+01:00,92.10516278126364,89.59
2026-01-04 09:00:00+01:00,98.96098497506053,94.02
2026-01-04 09:15:00+01:00,95.5474499065821,96.0
2026-01-04 09:30:00+01:00,96.9414666725814,95.99
2026-01-04 09:45:00+01:00,86.41582229267324,91.19
2026-01-04 10:00:00+01:00,98.65743577066222,103.94
2026-01-04 10:15:00+01:00,91.54935752200585,97.19
2026-01-04 10:30:00+01:00,89.72326463197064,90.92
2026-01-04 10:45:00+01:00,87.81385877489853,86.97
2026-01-04 11:00:00+01:00,92.90055146541565,93.85
2026-01-04 11:15:00+01:00,93.09928135323963,89.99
2026-01-04 11:30:00+01:00,91.33878614504715,89.96
2026-01-04 11:45:00+01:00,88.93130076167058,89.71
2026-01-04 12:00:00+01:00,91.61201517722644,91.3
2026-01-04 12:15:00+01:00,87.32740155500016,89.7
2026-01-04 12:30:00+01:00,87.7418838729082,89.94
2026-01-04 12:45:00+01:00,86.93029927518185,87.23
2026-01-04 13:00:00+01:00,86.68103711634663,86.2
2026-01-04 13:15:00+01:00,87.18917393524981,85.27
2026-01-04 13:30:00+01:00,86.67496581565423,86.19
2026-01-04 13:45:00+01:00,87.98213842587512,89.45
2026-01-04 14:00:00+01:00,86.05437342458303,83.5
2026-01-04 14:15:00+01:00,90.65049407213763,89.51
2026-01-04 14:30:00+01:00,97.41572255490536,95.8
2026-01-04 14:45:00+01:00,105.02765410655796,101.89
2026-01-04 15:00:00+01:00,95.28901995291272,83.71
2026-01-04 15:15:00+01:00,103.92217791564829,90.62
2026-01-04 15:30:00+01:00,106.54756169258222,95.88
2026-01-04 15:45:00+01:00,116.77165160308985,102.58
2026-01-04 16:00:00+01:00,102.27666559050566,87.61
2026-01-04 16:15:00+01:00,109.69676303521948,99.08
2026-01-04 16:30:00+01:00,117.34915441133396,103.39
2026-01-04 16:45:00+01:00,124.00733390004291,112.29
2026-01-04 17:00:00+01:00,117.83048070183352,113.99
2026-01-04 17:15:00+01:00,122.61664600240142,119.02
2026-01-04 17:30:00+01:00,124.02635620919892,117.5
2026-01-04 17:45:00+01:00,126.13821478952312,123.19
2026-01-04 18:00:00+01:00,123.89217283053699,121.0
2026-01-04 18:15:00+01:00,121.45147301429891,120.93
2026-01-04 18:30:00+01:00,122.21105383950204,119.49
2026-01-04 18:45:00+01:00,116.79759126685865,123.3
2026-01-04 19:00:00+01:00,124.1502245903518,123.5
2026-01-04 19:15:00+01:00,119.04838966250172,120.92
2026-01-04 19:30:00+01:00,116.00926604020181,119.38
2026-01-04 19:45:00+01:00,113.45678798336674,115.06
2026-01-04 20:00:00+01:00,115.12437314768903,121.3
2026-01-04 20:15:00+01:00,110.4800711968382,115.33
2026-01-04 20:30:00+01:00,104.53149755082909,110.0
2026-01-04 20:45:00+01:00,100.43864591707964,103.17
2026-01-04 21:00:00+01:00,104.31528173845308,106.87
2026-01-04 21:15:00+01:00,101.75085245032038,101.72
2026-01-04 21:30:00+01:00,99.36220316220685,97.57
2026-01-04 21:45:00+01:00,94.51577336016689,92.64
2026-01-04 22:00:00+01:00,103.95971220197112,98.04
2026-01-04 22:15:00+01:00,99.30384387192888,96.51
2026-01-04 22:30:00+01:00,97.6880593912878,97.83
2026-01-04 22:45:00+01:00,92.09044712684668,90.68
2026-01-04 23:00:00+01:00,101.16675814588574,97.61
2026-01-04 23:15:00+01:00,94.83784368839952,89.73
2026-01-04 23:30:00+01:00,92.13809146848465,86.33
2026-01-04 23:45:00+01:00,89.84766749360347,83.17
2026-01-05 00:00:00+01:00,98.70741288692635,107.81
2026-01-05 00:15:00+01:00,95.28541137816717,91.48
2026-01-05 00:30:00+01:00,92.21684156858727,87.94
2026-01-05 00:45:00+01:00,91.65888351085498,82.58
2026-01-05 01:00:00+01:00,95.0608868576464,92.96
2026-01-05 01:15:00+01:00,93.53268611150135,90.0
2026-01-05 01:30:00+01:00,92.97798605706498,86.74
2026-01-05 01:45:00+01:00,92.8441450726317,85.69
2026-01-05 02:00:00+01:00,92.93496596145472,87.21
2026-01-05 02:15:00+01:00,92.89025033622191,86.61
2026-01-05 02:30:00+01:00,89.85590112169717,86.93
2026-01-05 02:45:00+01:00,90.4768813017202,85.28
2026-01-05 03:00:00+01:00,91.04510889939765,86.36
2026-01-05 03:15:00+01:00,89.59468675755907,85.97
2026-01-05 03:30:00+01:00,91.33465267582783,85.74
2026-01-05 03:45:00+01:00,90.93368085203349,87.18
2026-01-05 04:00:00+01:00,90.75991787417541,86.25
2026-01-05 04:15:00+01:00,92.77844356380278,86.73
2026-01-05 04:30:00+01:00,94.54977055418688,87.01
2026-01-05 04:45:00+01:00,95.11555695756367,89.99
2026-01-05 05:00:00+01:00,89.02643245105025,87.46
2026-01-05 05:15:00+01:00,93.62728718345261,88.35
2026-01-05 05:30:00+01:00,99.33983056408685,89.11
2026-01-05 05:45:00+01:00,103.67280688136253,98.51
2026-01-05 06:00:00+01:00,93.42073753665092,87.38
2026-01-05 06:15:00+01:00,106.41376427018706,104.9
2026-01-05 06:30:00+01:00,112.4494046101687,118.71
2026-01-05 06:45:00+01:00,123.62140596450605,125.1
2026-01-05 07:00:00+01:00,120.51962641460042,114.46
2026-01-05 07:15:00+01:00,127.6658605845615,120.92
2026-01-05 07:30:00+01:00,133.5561840264317,132.96
2026-01-05 07:45:00+01:00,142.24852856751554,148.91
2026-01-05 08:00:00+01:00,145.64531738853475,145.35
2026-01-05 08:15:00+01:00,144.55701434865995,156.49
2026-01-05 08:30:00+01:00,142.12533869620532,148.97
2026-01-05 08:45:00+01:00,136.2386113923084,153.89
2026-01-05 09:00:00+01:00,149.58960951319318,162.99
2026-01-05 09:15:00+01:00,142.9526363539413,161.49
2026-01-05 09:30:00+01:00,132.45713163552298,147.22
2026-01-05 09:45:00+01:00,125.58137563997829,136.9
2026-01-05 10:00:00+01:00,138.75817454638315,162.46
2026-01-05 10:15:00+01:00,129.40359211223526,145.86
2026-01-05 10:30:00+01:00,123.60912075617208,139.99
2026-01-05 10:45:00+01:00,117.21104570941739,134.2
2026-01-05 11:00:00+01:00,128.95842894643474,139.9
2026-01-05 11:15:00+01:00,114.67059779597865,136.33
2026-01-05 11:30:00+01:00,121.36371842367683,135.99
2026-01-05 11:45:00+01:00,118.49828017807285,134.06
2026-01-05 12:00:00+01:00,115.72643958848006,134.4
2026-01-05 12:15:00+01:00,120.01371410972,132.97
2026-01-05 12:30:00+01:00,117.90338690308482,133.84
2026-01-05 12:45:00+01:00,120.07544853545515,136.0
2026-01-05 13:00:00+01:00,119.7860449144874,131.59
2026-01-05 13:15:00+01:00,120.15552782061916,131.33
2026-01-05 13:30:00+01:00,119.21509380145945,135.52
2026-01-05 13:45:00+01:00,122.41562557213095,138.77
2026-01-05 14:00:00+01:00,118.21959585180903,128.2
2026-01-05 14:15:00+01:00,121.88472726856608,131.22
2026-01-05 14:30:00+01:00,129.90021916655715,139.9
2026-01-05 14:45:00+01:00,140.94974411892395,161.28
2026-01-05 15:00:00+01:00,124.75819779375138,133.09
2026-01-05 15:15:00+01:00,136.42284154951818,140.02
2026-01-05 15:30:00+01:00,152.31306955756224,166.43
2026-01-05 15:45:00+01:00,176.4801915111455,156.42
2026-01-05 16:00:00+01:00,141.28184110576638,164.87
2026-01-05 16:15:00+01:00,164.69789480513143,166.06
2026-01-05 16:30:00+01:00,177.63479589552654,193.19
2026-01-05 16:45:00+01:00,188.68223434087906,198.71
2026-01-05 17:00:00+01:00,180.86673256597095,198.13
2026-01-05 17:15:00+01:00,166.64540419301701,208.0
2026-01-05 17:30:00+01:00,167.65688538299008,244.39
2026-01-05 17:45:00+01:00,176.5904884171037,243.18
2026-01-05 18:00:00+01:00,179.41717569711275,219.44
2026-01-05 18:15:00+01:00,177.8378082220949,216.52
2026-01-05 18:30:00+01:00,183.96514581158166,217.38
2026-01-05 18:45:00+01:00,185.4886776416867,201.0
2026-01-05 19:00:00+01:00,199.18098621645055,222.12
2026-01-05 19:15:00+01:00,183.62374481034823,208.97
2026-01-05 19:30:00+01:00,172.27342659230547,162.0
2026-01-05 19:45:00+01:00,167.33155571045455,138.11
2026-01-05 20:00:00+01:00,160.0006672052356,171.3
2026-01-05 20:15:00+01:00,152.3207195263058,146.73
2026-01-05 20:30:00+01:00,144.66263687976027,138.09
2026-01-05 20:45:00+01:00,132.84150298822595,132.01
2026-01-05 21:00:00+01:00,144.06160310469784,137.82
2026-01-05 21:15:00+01:00,140.76070766115944,135.05
2026-01-05 21:30:00+01:00,128.70513243661418,125.76
2026-01-05 21:45:00+01:00,120.78928727756232,117.78
2026-01-05 22:00:00+01:00,134.0146462186379,128.71
2026-01-05 22:15:00+01:00,130.3924410966755,122.48
2026-01-05 22:30:00+01:00,123.32895309376036,124.17
2026-01-05 22:45:00+01:00,113.57085638193635,120.04
2026-01-05 23:00:00+01:00,124.9183951588491,119.51
2026-01-05 23:15:00+01:00,118.87843895581341,112.41
2026-01-05 23:30:00+01:00,113.84546662019613,107.26
2026-01-05 23:45:00+01:00,109.54212503688353,106.02
2026-01-06 00:00:00+01:00,109.58987159694085,114.77
2026-01-06 00:15:00+01:00,104.18700123845159,107.38
2026-01-06 00:30:00+01:00,101.40304506052527,100.9
2026-01-06 00:45:00+01:00,98.18271796603335,95.73
2026-01-06 01:00:00+01:00,105.37298096446435,110.0
2026-01-06 01:15:00+01:00,101.19902870320597,106.42
2026-01-06 01:30:00+01:00,99.61963311067011,102.27
2026-01-06 01:45:00+01:00,99.1057014007126,99.71
2026-01-06 02:00:00+01:00,101.70414650228696,104.37
2026-01-06 02:15:00+01:00,98.68667588835858,100.84
2026-01-06 02:30:00+01:00,98.40083532711483,100.86
2026-01-06 02:45:00+01:00,96.79389620151917,100.11
2026-01-06 03:00:00+01:00,98.7819617378261,101.03
2026-01-06 03:15:00+01:00,97.53551800217221,100.05
2026-01-06 03:30:00+01:00,96.97725971440615,100.01
2026-01-06 03:45:00+01:00,96.52883726068,99.26
2026-01-06 04:00:00+01:00,97.61342351843865,99.11
2026-01-06 04:15:00+01:00,99.51220078680268,99.88
2026-01-06 04:30:00+01:00,99.18282866991849,104.01
2026-01-06 04:45:00+01:00,99.5625193008886,106.81
2026-01-06 05:00:00+01:00,98.50079257931314,100.39
2026-01-06 05:15:00+01:00,98.19880845446488,102.33
2026-01-06 05:30:00+01:00,103.162393076726,110.78
2026-01-06 05:45:00+01:00,106.60130731929235,114.5
2026-01-06 06:00:00+01:00,99.88169457735539,112.07
2026-01-06 06:15:00+01:00,107.04322880160241,117.75
2026-01-06 06:30:00+01:00,118.27763759757713,121.42
2026-01-06 06:45:00+01:00,128.98758102896113,133.91
2026-01-06 07:00:00+01:00,125.20884606574481,121.67
2026-01-06 07:15:00+01:00,134.76136007419814,137.9
2026-01-06 07:30:00+01:00,139.93431943727202,147.43
2026-01-06 07:45:00+01:00,149.69638503800607,146.99
2026-01-06 08:00:00+01:00,158.48452698210505,153.51
2026-01-06 08:15:00+01:00,157.04687907283648,168.72
2026-01-06 08:30:00+01:00,151.67167084520813,170.95
2026-01-06 08:45:00+01:00,143.81339834919874,163.56
2026-01-06 09:00:00+01:00,165.28044807929473,189.91
2026-01-06 09:15:00+01:00,149.70563406245628,169.97
2026-01-06 09:30:00+01:00,142.09577183240555,166.34
2026-01-06 09:45:00+01:00,134.58680585177558,149.06
2026-01-06 10:00:00+01:00,153.36779318292963,176.85
2026-01-06 10:15:00+01:00,135.56328445367117,150.1
2026-01-06 10:30:00+01:00,128.54773665698988,150.02
2026-01-06 10:45:00+01:00,115.12247445604663,142.4
2026-01-06 11:00:00+01:00,132.47425631924267,161.63
2026-01-06 11:15:00+01:00,126.8708831656371,148.46
2026-01-06 11:30:00+01:00,121.1148299551683,142.97
2026-01-06 11:45:00+01:00,115.36776689042046,136.0
2026-01-06 12:00:00+01:00,118.21101962712707,140.92
2026-01-06 12:15:00+01:00,112.27541407994109,135.03
2026-01-06 12:30:00+01:00,115.30851746828732,131.86
2026-01-06 12:45:00+01:00,115.46510648494223,129.92
2026-01-06 13:00:00+01:00,112.85707811129646,133.66
2026-01-06 13:15:00+01:00,113.39744701996051,131.3
2026-01-06 13:30:00+01:00,112.09412080657225,127.72
2026-01-06 13:45:00+01:00,115.85064100487003,128.13
2026-01-06 14:00:00+01:00,113.46682543821152,127.07
2026-01-06 14:15:00+01:00,116.29685257867597,130.0
2026-01-06 14:30:00+01:00,121.4371565856193,130.01
2026-01-06 14:45:00+01:00,129.0950864801116,135.73
2026-01-06 15:00:00+01:00,116.67699761374433,127.73
2026-01-06 15:15:00+01:00,123.70763714962689,134.31
2026-01-06 15:30:00+01:00,132.6488364644749,137.37
2026-01-06 15:45:00+01:00,142.2381692692282,148.53
2026-01-06 16:00:00+01:00,123.46164429704824,128.83
2026-01-06 16:15:00+01:00,132.11764270393422,142.62
2026-01-06 16:30:00+01:00,141.56172386894747,147.96
2026-01-06 16:45:00+01:00,157.2867398327509,160.62
2026-01-06 17:00:00+01:00,137.339957239577,142.17
2026-01-06 17:15:00+01:00,143.5613164790506,147.1
2026-01-06 17:30:00+01:00,151.16236862228516,162.0
2026-01-06 17:45:00+01:00,157.0891955870974,160.7
2026-01-06 18:00:00+01:00,146.26935978778658,159.94
2026-01-06 18:15:00+01:00,140.9847841835206,150.29
2026-01-06 18:30:00+01:00,140.81878722942457,146.85
2026-01-06 18:45:00+01:00,137.35784692303562,135.99
2026-01-06 19:00:00+01:00,142.78262582228558,154.98
2026-01-06 19:15:00+01:00,133.56179628540846,139.88
2026-01-06 19:30:00+01:00,126.12660505751765,133.88
2026-01-06 19:45:00+01:00,119.5956436095147,127.73
2026-01-06 20:00:00+01:00,125.20050981206222,133.99
2026-01-06 20:15:00+01:00,116.59169122360451,123.88
2026-01-06 20:30:00+01:00,108.2834733307118,117.76
2026-01-06 20:45:00+01:00,101.65897834995475,110.78
2026-01-06 21:00:00+01:00,110.45939900453916,120.86
2026-01-06 21:15:00+01:00,102.70148079505988,111.69
2026-01-06 21:30:00+01:00,97.49422331477972,102.58
2026-01-06 21:45:00+01:00,89.93563668788177,99.12
2026-01-06 22:00:00+01:00,102.8968387558907,108.14
2026-01-06 22:15:00+01:00,96.92827930149133,105.41
2026-01-06 22:30:00+01:00,94.52272774802704,100.5
2026-01-06 22:45:00+01:00,88.40400049551374,94.84
2026-01-06 23:00:00+01:00,97.29694747920585,102.93
2026-01-06 23:15:00+01:00,87.33364710202048,94.02
2026-01-06 23:30:00+01:00,84.4230382924626,90.11
2026-01-06 23:45:00+01:00,77.82424657419446,84.21
2026-01-07 00:00:00+01:00,94.8082506327068,101.28
2026-01-07 00:15:00+01:00,90.48638234590953,98.99
2026-01-07 00:30:00+01:00,85.79261937643304,89.62
2026-01-07 00:45:00+01:00,81.71937311204832,86.06
2026-01-07 01:00:00+01:00,89.87515291713054,92.96
2026-01-07 01:15:00+01:00,84.94769235224902,90.1
2026-01-07 01:30:00+01:00,81.79835830179002,86.35
2026-01-07 01:45:00+01:00,78.3056833000723,85.03
2026-01-07 02:00:00+01:00,84.61092578319332,86.77
2026-01-07 02:15:00+01:00,80.34053944520517,84.75
2026-01-07 02:30:00+01:00,78.19831806137292,85.51
2026-01-07 02:45:00+01:00,76.71283735118172,83.15
2026-01-07 03:00:00+01:00,80.40011835598591,83.6
2026-01-07 03:15:00+01:00,77.34552235713319,81.69
2026-01-07 03:30:00+01:00,77.04740156721749,81.01
2026-01-07 03:45:00+01:00,74.65364191718578,80.29
2026-01-07 04:00:00+01:00,74.39328970191345,80.79
2026-01-07 04:15:00+01:00,74.98335691329166,80.67
2026-01-07 04:30:00+01:00,77.75384985230795,80.36
2026-01-07 04:45:00+01:00,79.88383110655218,81.31
2026-01-07 05:00:00+01:00,76.93306812472144,84.09
2026-01-07 05:15:00+01:00,77.14137587213071,83.44
2026-01-07 05:30:00+01:00,83.96081105689788,84.69
2026-01-07 05:45:00+01:00,87.0317274936128,87.31
2026-01-07 06:00:00+01:00,79.39461461928799,87.45
2026-01-07 06:15:00+01:00,84.70887573437557,91.01
2026-01-07 06:30:00+01:00,89.80309206316606,95.59
2026-01-07 06:45:00+01:00,99.99350954022846,97.03
2026-01-07 07:00:00+01:00,94.25024605793689,100.1
2026-01-07 07:15:00+01:00,101.45523493203697,98.19
2026-01-07 07:30:00+01:00,106.78807369070542,100.09
2026-01-07 07:45:00+01:00,110.67427785835572,98.42
2026-01-07 08:00:00+01:00,116.50868614554088,106.77
2026-01-07 08:15:00+01:00,116.36939567393834,107.68
2026-01-07 08:30:00+01:00,115.59220103753057,113.68
2026-01-07 08:45:00+01:00,113.18147289148439,109.27
2026-01-07 09:00:00+01:00,120.45440123761018,115.44
2026-01-07 09:15:00+01:00,109.89439953128986,115.58
2026-01-07 09:30:00+01:00,99.71018121318282,114.9
2026-01-07 09:45:00+01:00,91.14559187533581,102.59
2026-01-07 10:00:00+01:00,104.91054323149643,116.56
2026-01-07 10:15:00+01:00,100.27456181253584,109.01
2026-01-07 10:30:00+01:00,95.05459058867255,105.84
2026-01-07 10:45:00+01:00,91.0277975086965,101.84
2026-01-07 11:00:00+01:00,104.02483968448537,102.11
2026-01-07 11:15:00+01:00,98.1691432685302,99.6
2026-01-07 11:30:00+01:00,98.51332469829401,98.3
2026-01-07 11:45:00+01:00,95.34027586192704,99.73
2026-01-07 12:00:00+01:00,100.97113507804582,98.86
2026-01-07 12:15:00+01:00,96.59404908594405,96.01
2026-01-07 12:30:00+01:00,99.11174229442881,96.35
2026-01-07 12:45:00+01:00,101.69258048932758,94.14
2026-01-07 13:00:00+01:00,98.53052938805989,97.91
2026-01-07 13:15:00+01:00,97.73974407776241,93.62
2026-01-07 13:30:00+01:00,95.64247633394663,89.78
2026-01-07 13:45:00+01:00,97.71501803493334,91.31
2026-01-07 14:00:00+01:00,98.56688399470434,91.19
2026-01-07 14:15:00+01:00,98.81022681855931,94.36
2026-01-07 14:30:00+01:00,103.74130873670808,94.09
2026-01-07 14:45:00+01:00,109.0789894982894,101.27
2026-01-07 15:00:00+01:00,98.79643499401912,95.86
2026-01-07 15:15:00+01:00,101.74718814422047,102.81
2026-01-07 15:30:00+01:00,107.88688399729953,105.76
2026-01-07 15:45:00+01:00,110.06647328438079,102.92
2026-01-07 16:00:00+01:00,98.89543447870255,101.86
2026-01-07 16:15:00+01:00,103.27624002727612,101.84
2026-01-07 16:30:00+01:00,111.92217597140271,107.6
2026-01-07 16:45:00+01:00,121.35399030842305,114.24
2026-01-07 17:00:00+01:00,103.24302504903912,118.18
2026-01-07 17:15:00+01:00,110.87484468714736,122.0
2026-01-07 17:30:00+01:00,120.99982956532995,129.0
2026-01-07 17:45:00+01:00,125.21126950601855,131.57
2026-01-07 18:00:00+01:00,113.77426780696393,123.01
2026-01-07 18:15:00+01:00,114.65202260263816,124.05
2026-01-07 18:30:00+01:00,116.08017123809326,123.85
2026-01-07 18:45:00+01:00,115.40267062745816,125.49
2026-01-07 19:00:00+01:00,117.35796172027146,115.51
2026-01-07 19:15:00+01:00,110.96359752191188,119.87
2026-01-07 19:30:00+01:00,105.41526042749362,116.55
2026-01-07 19:45:00+01:00,93.79453561071163,115.0
2026-01-07 20:00:00+01:00,108.14041988937215,107.77
2026-01-07 20:15:00+01:00,100.80478409091877,113.93
2026-01-07 20:30:00+01:00,95.82721983119542,108.25
2026-01-07 20:45:00+01:00,87.7311464378504,104.96
2026-01-07 21:00:00+01:00,103.12931868123088,105.26
2026-01-07 21:15:00+01:00,94.09254036973974,101.54
2026-01-07 21:30:00+01:00,89.9505259376622,96.01
2026-01-07 21:45:00+01:00,82.63593913880906,91.01
2026-01-07 22:00:00+01:00,97.38534232961429,90.73
2026-01-07 22:15:00+01:00,90.84778797632102,95.44
2026-01-07 22:30:00+01:00,89.43605697219685,96.56
2026-01-07 22:45:00+01:00,83.38074989332422,93.11
2026-01-07 23:00:00+01:00,89.16677874594654,95.11
2026-01-07 23:15:00+01:00,84.25147345914786,89.01
2026-01-07 23:30:00+01:00,81.1231227427335,86.83
2026-01-07 23:45:00+01:00,74.78153954206846,84.1
2026-01-08 00:00:00+01:00,93.33146095800126,86.88
2026-01-08 00:15:00+01:00,88.57014240305443,85.94
2026-01-08 00:30:00+01:00,81.67143351732184,82.7
2026-01-08 00:45:00+01:00,83.20992323933552,80.8
2026-01-08 01:00:00+01:00,87.49196203220521,85.0
2026-01-08 01:15:00+01:00,84.92933923365487,82.59
2026-01-08 01:30:00+01:00,85.08056242559967,83.18
2026-01-08 01:45:00+01:00,84.21944070613618,81.56
2026-01-08 02:00:00+01:00,84.68099859677837,84.7
2026-01-08 02:15:00+01:00,84.60870461141342,84.94
2026-01-08 02:30:00+01:00,84.40365792843595,83.59
2026-01-08 02:45:00+01:00,84.59534971490346,84.86
2026-01-08 03:00:00+01:00,84.72657367766195,82.64
2026-01-08 03:15:00+01:00,84.31038519441245,83.01
2026-01-08 03:30:00+01:00,84.59943576604901,81.76
2026-01-08 03:45:00+01:00,84.52066748438874,82.48
2026-01-08 04:00:00+01:00,83.07990728148788,81.04
2026-01-08 04:15:00+01:00,84.33273785934168,85.0
2026-01-08 04:30:00+01:00,85.52239587544577,87.39
2026-01-08 04:45:00+01:00,89.39526821611419,87.63
2026-01-08 05:00:00+01:00,84.14833515975597,85.26
2026-01-08 05:15:00+01:00,87.54928007223813,87.05
2026-01-08 05:30:00+01:00,89.01050294850403,88.6
2026-01-08 05:45:00+01:00,94.11833240076236,90.64
2026-01-08 06:00:00+01:00,87.33799084879534,86.36
2026-01-08 06:15:00+01:00,94.35787015034309,88.53
2026-01-08 06:30:00+01:00,99.61929771731248,103.79
2026-01-08 06:45:00+01:00,118.36476790553014,112.84
2026-01-08 07:00:00+01:00,116.32976685274419,103.27
2026-01-08 07:15:00+01:00,122.75410593601356,109.04
2026-01-08 07:30:00+01:00,126.71949053003733,132.52
2026-01-08 07:45:00+01:00,133.96981079056678,162.02
2026-01-08 08:00:00+01:00,137.3564344039605,167.87
2026-01-08 08:15:00+01:00,140.07098233325436,166.53
2026-01-08 08:30:00+01:00,130.9080794925048,168.53
2026-01-08 08:45:00+01:00,145.23531642831117,172.31
2026-01-08 09:00:00+01:00,149.72293995693371,181.0
2026-01-08 09:15:00+01:00,144.2977417496935,193.48
2026-01-08 09:30:00+01:00,129.44265523626314,211.96
2026-01-08 09:45:00+01:00,146.20218481150758,184.44
2026-01-08 10:00:00+01:00,142.2652381005387,204.01
2026-01-08 10:15:00+01:00,134.04429951254903,222.98
2026-01-08 10:30:00+01:00,133.13940427217938,202.4
2026-01-08 10:45:00+01:00,126.87311581037112,202.34
2026-01-08 11:00:00+01:00,149.79843142271574,222.59
2026-01-08 11:15:00+01:00,151.98166260405605,204.1
2026-01-08 11:30:00+01:00,152.76646036507267,212.95
2026-01-08 11:45:00+01:00,144.79945258391498,212.81
2026-01-08 12:00:00+01:00,150.20590897333767,215.16
2026-01-08 12:15:00+01:00,146.5585718980667,215.93
2026-01-08 12:30:00+01:00,149.019496811247,217.17
2026-01-08 12:45:00+01:00,174.04713487008155,232.82
2026-01-08 13:00:00+01:00,152.00983123860215,217.09
2026-01-08 13:15:00+01:00,161.15553517918966,236.59
2026-01-08 13:30:00+01:00,171.92987147719782,243.96
2026-01-08 13:45:00+01:00,178.28330307624674,247.22
2026-01-08 14:00:00+01:00,156.77696988334338,229.02
2026-01-08 14:15:00+01:00,174.0777183816004,263.05
2026-01-08 14:30:00+01:00,183.17352438569776,291.21
2026-01-08 14:45:00+01:00,181.4649250672897,275.06
2026-01-08 15:00:00+01:00,165.68465722280092,251.17
2026-01-08 15:15:00+01:00,172.4723286385783,270.38
2026-01-08 15:30:00+01:00,175.5713892204182,265.0
2026-01-08 15:45:00+01:00,186.94789108345842,271.13
2026-01-08 16:00:00+01:00,161.3291669589657,224.46
2026-01-08 16:15:00+01:00,182.9384915262305,241.01
2026-01-08 16:30:00+01:00,181.28579983304547,272.44
2026-01-08 16:45:00+01:00,179.38929660969995,300.05
2026-01-08 17:00:00+01:00,170.64280747483008,254.57
2026-01-08 17:15:00+01:00,163.4153521282547,261.06
2026-01-08 17:30:00+01:00,161.23626709585866,224.84
2026-01-08 17:45:00+01:00,154.6128546872257,194.94
2026-01-08 18:00:00+01:00,149.27053376664705,270.09
2026-01-08 18:15:00+01:00,144.5246832016466,200.99
2026-01-08 18:30:00+01:00,135.39733795505225,181.0
2026-01-08 18:45:00+01:00,122.17757978711894,145.51
2026-01-08 19:00:00+01:00,138.38381739086503,176.16
2026-01-08 19:15:00+01:00,121.28221526461715,168.0
2026-01-08 19:30:00+01:00,110.71603549154233,116.85
2026-01-08 19:45:00+01:00,98.46800719175667,95.98
2026-01-08 20:00:00+01:00,115.88218555244194,129.8
2026-01-08 20:15:00+01:00,103.53443626034755,105.6
2026-01-08 20:30:00+01:00,92.64143052625835,88.29
2026-01-08 20:45:00+01:00,84.82829662180843,84.81
2026-01-08 21:00:00+01:00,106.05949219073165,104.36
2026-01-08 21:15:00+01:00,91.88597727968151,97.63
2026-01-08 21:30:00+01:00,83.58022927749509,90.77
2026-01-08 21:45:00+01:00,77.96745829686822,85.17
2026-01-08 22:00:00+01:00,93.48422250782725,103.93
2026-01-08 22:15:00+01:00,86.95037964463741,91.23
2026-01-08 22:30:00+01:00,82.46280114968742,88.72
2026-01-08 22:45:00+01:00,76.01802829779113,81.34
2026-01-08 23:00:00+01:00,84.05501488429087,94.51
2026-01-08 23:15:00+01:00,77.53411576848266,82.48
2026-01-08 23:30:00+01:00,73.07423233197177,70.6
2026-01-08 23:45:00+01:00,65.48333913918923,68.55
2026-01-09 00:00:00+01:00,81.33009014010561,95.56
2026-01-09 00:15:00+01:00,74.03136115023383,80.23
2026-01-09 00:30:00+01:00,68.083720359224,70.1
2026-01-09 00:45:00+01:00,59.28675781995706,69.96
2026-01-09 01:00:00+01:00,72.99237616403961,75.48
2026-01-09 01:15:00+01:00,66.7598548949476,74.24
2026-01-09 01:30:00+01:00,60.724743838668275,69.98
2026-01-09 01:45:00+01:00,60.110920204382666,63.06
2026-01-09 02:00:00+01:00,66.30745932289256,64.21
2026-01-09 02:15:00+01:00,60.903933136297816,58.11
2026-01-09 02:30:00+01:00,54.06140772751888,54.79
2026-01-09 02:45:00+01:00,57.68383113346575,52.29
2026-01-09 03:00:00+01:00,58.310564535840214,55.75
2026-01-09 03:15:00+01:00,54.1148393554851,51.03
2026-01-09 03:30:00+01:00,49.714915043995944,50.09
2026-01-09 03:45:00+01:00,35.33556710881757,46.49
2026-01-09 04:00:00+01:00,52.15585269303372,45.81
2026-01-09 04:15:00+01:00,52.57399258962069,45.81
2026-01-09 04:30:00+01:00,48.913821260056,48.22
2026-01-09 04:45:00+01:00,39.2675468244392,51.54
2026-01-09 05:00:00+01:00,52.550451367080456,49.91
2026-01-09 05:15:00+01:00,50.68507566258218,53.35
2026-01-09 05:30:00+01:00,56.93527142079335,59.38
2026-01-09 05:45:00+01:00,57.34195819873153,63.66
2026-01-09 06:00:00+01:00,46.18003679715412,65.02
2026-01-09 06:15:00+01:00,49.875734629566445,72.64
2026-01-09 06:30:00+01:00,62.30323677711705,74.43
2026-01-09 06:45:00+01:00,78.04523414415546,78.33
2026-01-09 07:00:00+01:00,75.15299721661319,77.25
2026-01-09 07:15:00+01:00,85.44020803910199,83.33
2026-01-09 07:30:00+01:00,88.97658308898039,87.63
2026-01-09 07:45:00+01:00,90.75879651847069,89.0
2026-01-09 08:00:00+01:00,102.08710896039824,87.17
2026-01-09 08:15:00+01:00,104.6310258405287,91.48
2026-01-09 08:30:00+01:00,100.1081342260825,92.18
2026-01-09 08:45:00+01:00,93.02569688596445,88.22
2026-01-09 09:00:00+01:00,108.20641486923651,91.28
2026-01-09 09:15:00+01:00,96.25725495904933,88.99
2026-01-09 09:30:00+01:00,88.64878832502065,86.57
2026-01-09 09:45:00+01:00,83.85016728341738,89.75
2026-01-09 10:00:00+01:00,98.9003211245006,93.49
2026-01-09 10:15:00+01:00,87.03977948888554,89.57
2026-01-09 10:30:00+01:00,80.96814497087053,98.93
2026-01-09 10:45:00+01:00,78.11057142793628,93.73
2026-01-09 11:00:00+01:00,79.52568138706796,88.94
2026-01-09 11:15:00+01:00,75.12202393862646,87.18
2026-01-09 11:30:00+01:00,75.58200038561577,85.06
2026-01-09 11:45:00+01:00,73.12919917475189,82.0
2026-01-09 12:00:00+01:00,74.71330681223525,83.83
2026-01-09 12:15:00+01:00,72.99893545717929,82.17
2026-01-09 12:30:00+01:00,80.13643879604743,83.96
2026-01-09 12:45:00+01:00,81.2947986930663,82.1
2026-01-09 13:00:00+01:00,76.22078381824514,84.92
2026-01-09 13:15:00+01:00,78.77798987030359,82.75
2026-01-09 13:30:00+01:00,83.77988406713648,82.12
2026-01-09 13:45:00+01:00,89.5166680483428,81.61
2026-01-09 14:00:00+01:00,81.51609110106317,81.94
2026-01-09 14:15:00+01:00,81.86343719409246,82.31
2026-01-09 14:30:00+01:00,79.32952694613111,82.3
2026-01-09 14:45:00+01:00,84.92192259755761,84.79
2026-01-09 15:00:00+01:00,78.66550842417416,82.15
2026-01-09 15:15:00+01:00,86.98640361910233,84.91
2026-01-09 15:30:00+01:00,91.93756896405944,84.59
2026-01-09 15:45:00+01:00,94.46162820410542,89.33
2026-01-09 16:00:00+01:00,83.63637322770266,82.39
2026-01-09 16:15:00+01:00,95.43383525109704,86.87
2026-01-09 16:30:00+01:00,91.10958347690217,91.04
2026-01-09 16:45:00+01:00,100.36720508444174,89.99
2026-01-09 17:00:00+01:00,95.00414610353033,92.78
2026-01-09 17:15:00+01:00,98.2386099252301,92.77
2026-01-09 17:30:00+01:00,103.28037370718219,91.07
2026-01-09 17:45:00+01:00,104.85580742579042,93.46
2026-01-09 18:00:00+01:00,89.77538293577415,89.98
2026-01-09 18:15:00+01:00,91.33595318703681,93.62
2026-01-09 18:30:00+01:00,90.1424333825425,93.87
2026-01-09 18:45:00+01:00,94.15323860375777,89.18
2026-01-09 19:00:00+01:00,101.5351097565837,89.94
2026-01-09 19:15:00+01:00,90.98108092022251,86.95
2026-01-09 19:30:00+01:00,112.52189375558491,85.66
2026-01-09 19:45:00+01:00,112.94876896232887,86.57
2026-01-09 20:00:00+01:00,90.96401487001954,83.55
2026-01-09 20:15:00+01:00,100.69547691649939,82.79
2026-01-09 20:30:00+01:00,91.99283668093825,82.15
2026-01-09 20:45:00+01:00,86.85662311187802,82.72
2026-01-09 21:00:00+01:00,96.06824159054331,84.21
2026-01-09 21:15:00+01:00,93.81991614395972,82.14
2026-01-09 21:30:00+01:00,84.59280567004431,79.48
2026-01-09 21:45:00+01:00,77.90259576534507,75.61
2026-01-09 22:00:00+01:00,89.03371536841927,84.33
2026-01-09 22:15:00+01:00,83.77428465779792,80.73
2026-01-09 22:30:00+01:00,84.34715774626633,80.06
2026-01-09 22:45:00+01:00,77.66102581757957,76.28
2026-01-09 23:00:00+01:00,76.07412947950435,77.71
2026-01-09 23:15:00+01:00,75.97046560255683,73.45
2026-01-09 23:30:00+01:00,73.36024873808707,74.09
2026-01-09 23:45:00+01:00,64.62521048812823,72.79
2026-01-10 00:00:00+01:00,74.2435239454952,78.94
2026-01-10 00:15:00+01:00,69.34439204422668,73.53
2026-01-10 00:30:00+01:00,66.09628196224345,70.08
2026-01-10 00:45:00+01:00,64.70679379418092,68.61
2026-01-10 01:00:00+01:00,66.11659509824051,71.44
2026-01-10 01:15:00+01:00,64.85601974134713,70.55
2026-01-10 01:30:00+01:00,66.55762476713353,69.4
2026-01-10 01:45:00+01:00,65.81761220099963,67.71
2026-01-10 02:00:00+01:00,65.29211459704635,67.69
2026-01-10 02:15:00+01:00,66.37996827109792,66.11
2026-01-10 02:30:00+01:00,64.8868323666313,65.63
2026-01-10 02:45:00+01:00,65.29591237488467,65.52
2026-01-10 03:00:00+01:00,65.83348486620045,67.12
2026-01-10 03:15:00+01:00,63.80576539739674,66.38
2026-01-10 03:30:00+01:00,63.325524947622036,66.94
2026-01-10 03:45:00+01:00,62.937687372661756,65.7
2026-01-10 04:00:00+01:00,64.53574960062818,66.72
2026-01-10 04:15:00+01:00,65.63030655565149,66.41
2026-01-10 04:30:00+01:00,63.01178610260432,65.99
2026-01-10 04:45:00+01:00,64.50871003083836,66.93
2026-01-10 05:00:00+01:00,67.25701163962492,66.27
2026-01-10 05:15:00+01:00,67.96572860925932,67.29
2026-01-10 05:30:00+01:00,64.34452411047886,69.47
2026-01-10 05:45:00+01:00,65.00622277842382,70.81
2026-01-10 06:00:00+01:00,63.13301693516509,66.4
2026-01-10 06:15:00+01:00,58.76936450122702,68.6
2026-01-10 06:30:00+01:00,57.80739091105535,71.4
2026-01-10 06:45:00+01:00,74.81487958890897,73.44
2026-01-10 07:00:00+01:00,66.24641048523958,70.19
2026-01-10 07:15:00+01:00,70.56359726644617,75.61
2026-01-10 07:30:00+01:00,74.08164954265699,79.04
2026-01-10 07:45:00+01:00,78.9606742834538,81.82
2026-01-10 08:00:00+01:00,78.51833211540252,79.96
2026-01-10 08:15:00+01:00,86.1186647706445,81.42
2026-01-10 08:30:00+01:00,89.84443009505274,87.58
2026-01-10 08:45:00+01:00,88.39039513060433,91.15
2026-01-10 09:00:00+01:00,94.86785165846294,90.41
2026-01-10 09:15:00+01:00,91.31235264003043,93.37
2026-01-10 09:30:00+01:00,91.15427024901142,93.41
2026-01-10 09:45:00+01:00,85.62686651218645,92.26
2026-01-10 10:00:00+01:00,94.69338560549247,91.85
2026-01-10 10:15:00+01:00,91.35188085485329,94.72
2026-01-10 10:30:00+01:00,97.97601966931343,100.78
2026-01-10 10:45:00+01:00,86.95086749900993,103.03
2026-01-10 11:00:00+01:00,92.56734296498723,94.82
2026-01-10 11:15:00+01:00,92.37920372472394,101.79
2026-01-10 11:30:00+01:00,92.66827959109476,103.59
2026-01-10 11:45:00+01:00,91.42165001840125,106.03
2026-01-10 12:00:00+01:00,93.42017451168643,100.48
2026-01-10 12:15:00+01:00,91.6603490558384,103.43
2026-01-10 12:30:00+01:00,100.83764446452963,100.2
2026-01-10 12:45:00+01:00,101.31950564875561,102.17
2026-01-10 13:00:00+01:00,97.36637597821311,101.42
2026-01-10 13:15:00+01:00,97.53738178717663,103.07
2026-01-10 13:30:00+01:00,101.15243101036647,104.4
2026-01-10 13:45:00+01:00,103.47372181316764,110.41
2026-01-10 14:00:00+01:00,99.66091269470236,107.85
2026-01-10 14:15:00+01:00,106.07850699404489,107.65
2026-01-10 14:30:00+01:00,110.53849635883964,114.71
2026-01-10 14:45:00+01:00,112.453279273408,115.56
2026-01-10 15:00:00+01:00,106.52250560617678,109.89
2026-01-10 15:15:00+01:00,112.53498894865012,115.21
2026-01-10 15:30:00+01:00,120.88630678584133,116.88
2026-01-10 15:45:00+01:00,121.3781651093666,128.89
2026-01-10 16:00:00+01:00,107.83195837204212,120.75
2026-01-10 16:15:00+01:00,115.42422457679152,124.95
2026-01-10 16:30:00+01:00,122.01748078560641,123.59
2026-01-10 16:45:00+01:00,131.76479173031666,142.74
2026-01-10 17:00:00+01:00,120.13783578295107,133.99
2026-01-10 17:15:00+01:00,131.69586680567912,139.07
2026-01-10 17:30:00+01:00,140.17458079573157,142.08
2026-01-10 17:45:00+01:00,141.80603417008544,142.97
2026-01-10 18:00:00+01:00,138.06351780343095,143.57
2026-01-10 18:15:00+01:00,137.56377515560058,137.99
2026-01-10 18:30:00+01:00,133.02726067909066,136.56
2026-01-10 18:45:00+01:00,134.5009554910882,129.52
2026-01-10 19:00:00+01:00,136.42515042578043,134.87
2026-01-10 19:15:00+01:00,134.95461731638412,129.52
2026-01-10 19:30:00+01:00,145.59593423972524,125.36
2026-01-10 19:45:00+01:00,142.7591398129254,123.47
2026-01-10 20:00:00+01:00,128.85541472363988,129.05
2026-01-10 20:15:00+01:00,129.84989242115034,120.72
2026-01-10 20:30:00+01:00,121.22474943064773,118.96
2026-01-10 20:45:00+01:00,112.70375017783353,113.23
2026-01-10 21:00:00+01:00,117.04582366994335,118.49
2026-01-10 21:15:00+01:00,118.38404610513997,114.44
2026-01-10 21:30:00+01:00,113.57521650583162,114.39
2026-01-10 21:45:00+01:00,101.89377262870701,105.52
2026-01-10 22:00:00+01:00,111.20719178223243,114.46
2026-01-10 22:15:00+01:00,109.68742567686179,113.81
2026-01-10 22:30:00+01:00,109.45913851031051,103.33
2026-01-10 22:45:00+01:00,102.47735564337427,99.12
2026-01-10 23:00:00+01:00,108.57689368419672,101.76
2026-01-10 23:15:00+01:00,103.24688381283323,97.5
2026-01-10 23:30:00+01:00,100.3459517177273,97.75
2026-01-10 23:45:00+01:00,96.86858646600542,95.78
2026-01-11 00:00:00+01:00,101.37666681870424,108.2
2026-01-11 00:15:00+01:00,97.63160532844056,97.72
2026-01-11 00:30:00+01:00,95.66994025284502,93.7
2026-01-11 00:45:00+01:00,92.20680721235608,87.99
2026-01-11 01:00:00+01:00,96.93472257500035,98.99
2026-01-11 01:15:00+01:00,94.24374168778616,92.55
2026-01-11 01:30:00+01:00,93.30705118016371,90.91
2026-01-11 01:45:00+01:00,92.50200828386588,88.54
2026-01-11 02:00:00+01:00,93.94806118732197,91.99
2026-01-11 02:15:00+01:00,92.18495643450038,89.09
2026-01-11 02:30:00+01:00,91.7248990592445,86.2
2026-01-11 02:45:00+01:00,90.76012801232017,84.86
2026-01-11 03:00:00+01:00,92.5601043166635,84.18
2026-01-11 03:15:00+01:00,90.76217944770545,84.52
2026-01-11 03:30:00+01:00,89.50987872415651,84.56
2026-01-11 03:45:00+01:00,89.89137058157688,86.18
2026-01-11 04:00:00+01:00,91.36747363396216,85.04
2026-01-11 04:15:00+01:00,90.68346658558872,83.03
2026-01-11 04:30:00+01:00,90.43640877408926,81.42
2026-01-11 04:45:00+01:00,91.11972797718165,81.23
2026-01-11 05:00:00+01:00,91.6039352409062,81.64
2026-01-11 05:15:00+01:00,89.02129415490806,81.64
2026-01-11 05:30:00+01:00,90.10825344201376,82.2
2026-01-11 05:45:00+01:00,89.52480349310702,83.56
2026-01-11 06:00:00+01:00,88.79859049718186,80.93
2026-01-11 06:15:00+01:00,89.44577963898917,81.64
2026-01-11 06:30:00+01:00,93.4315561756282,81.64
2026-01-11 06:45:00+01:00,95.61363137027776,82.2
2026-01-11 07:00:00+01:00,93.59036359184626,81.13
2026-01-11 07:15:00+01:00,96.41301715445508,82.46
2026-01-11 07:30:00+01:00,101.19205195740285,85.68
2026-01-11 07:45:00+01:00,106.02878836675143,87.77
2026-01-11 08:00:00+01:00,108.55378793301092,87.02
2026-01-11 08:15:00+01:00,108.29769691132826,89.97
2026-01-11 08:30:00+01:00,106.93568277355484,92.84
2026-01-11 08:45:00+01:00,105.6691863775563,98.41
2026-01-11 09:00:00+01:00,118.73205924448865,103.91
2026-01-11 09:15:00+01:00,114.18138699628527,103.39
2026-01-11 09:30:00+01:00,113.64973695892061,103.19
2026-01-11 09:45:00+01:00,104.88705546870821,101.92
2026-01-11 10:00:00+01:00,118.87470495165363,103.93
2026-01-11 10:15:00+01:00,110.61920377785661,101.68
2026-01-11 10:30:00+01:00,106.37185990797948,100.48
2026-01-11 10:45:00+01:00,100.02049223983421,96.64
2026-01-11 11:00:00+01:00,106.87706616126897,102.68
2026-01-11 11:15:00+01:00,105.28846063290351,100.64
2026-01-11 11:30:00+01:00,102.59507157822848,99.97
2026-01-11 11:45:00+01:00,100.43789790254434,96.38
2026-01-11 12:00:00+01:00,104.69906395423506,99.71
2026-01-11 12:15:00+01:00,98.7660431135915,97.97
2026-01-11 12:30:00+01:00,96.52175299003963,98.33
2026-01-11 12:45:00+01:00,97.79694075749532,92.34
2026-01-11 13:00:00+01:00,97.08962394687106,98.66
2026-01-11 13:15:00+01:00,96.74645841821311,93.73
2026-01-11 13:30:00+01:00,94.1526845182687,96.36
2026-01-11 13:45:00+01:00,94.2375672760885,97.32
2026-01-11 14:00:00+01:00,94.57985237436249,96.3
2026-01-11 14:15:00+01:00,96.06994453971633,98.31
2026-01-11 14:30:00+01:00,101.60687869329541,100.9
2026-01-11 14:45:00+01:00,106.21402410223531,100.0
2026-01-11 15:00:00+01:00,100.283209970271,90.21
2026-01-11 15:15:00+01:00,104.26238716914644,99.0
2026-01-11 15:30:00+01:00,110.35454885594027,107.23
2026-01-11 15:45:00+01:00,115.28842767608413,108.66
2026-01-11 16:00:00+01:00,106.76059006470838,102.72
2026-01-11 16:15:00+01:00,111.15547341054267,110.56
2026-01-11 16:30:00+01:00,115.45417593640875,113.1
2026-01-11 16:45:00+01:00,124.33558889505811,120.64
2026-01-11 17:00:00+01:00,116.97442787670481,114.29
2026-01-11 17:15:00+01:00,118.90385920738434,117.86
2026-01-11 17:30:00+01:00,120.86079920177957,117.52
2026-01-11 17:45:00+01:00,122.2253954659959,115.33
2026-01-11 18:00:00+01:00,124.27654841128232,118.28
2026-01-11 18:15:00+01:00,121.09065656101603,115.19
2026-01-11 18:30:00+01:00,117.27596902644684,109.17
2026-01-11 18:45:00+01:00,108.33328766079578,106.35
2026-01-11 19:00:00+01:00,118.04183057582975,107.54
2026-01-11 19:15:00+01:00,107.03478030940916,107.43
2026-01-11 19:30:00+01:00,99.48314433096523,106.22
2026-01-11 19:45:00+01:00,93.06256995822149,103.64
2026-01-11 20:00:00+01:00,103.67584817963193,104.1
2026-01-11 20:15:00+01:00,94.66719758952952,97.82
2026-01-11 20:30:00+01:00,89.95533080206437,93.97
2026-01-11 20:45:00+01:00,81.67480449869623,88.27
2026-01-11 21:00:00+01:00,91.31899652309875,100.9
2026-01-11 21:15:00+01:00,86.55369405546725,94.54
2026-01-11 21:30:00+01:00,82.8350814434646,94.17
2026-01-11 21:45:00+01:00,76.60465550422614,90.41
2026-01-11 22:00:00+01:00,92.47886242086082,97.1
2026-01-11 22:15:00+01:00,85.0747048840579,93.15
2026-01-11 22:30:00+01:00,83.0428982464603,92.54
2026-01-11 22:45:00+01:00,76.9207965581734,89.29
2026-01-11 23:00:00+01:00,87.74962190194331,90.38
2026-01-11 23:15:00+01:00,79.32788101454705,85.94
2026-01-11 23:30:00+01:00,76.08488326955292,83.66
2026-01-11 23:45:00+01:00,69.03866143716019,80.94
2026-01-12 00:00:00+01:00,87.94009811645537,80.72
2026-01-12 00:15:00+01:00,84.1928126475486,80.99
2026-01-12 00:30:00+01:00,79.29321611962094,82.37
2026-01-12 00:45:00+01:00,77.48837122748785,80.95
2026-01-12 01:00:00+01:00,81.95296783878693,82.46
2026-01-12 01:15:00+01:00,79.20848334721539,81.86
2026-01-12 01:30:00+01:00,77.97456052313336,80.94
2026-01-12 01:45:00+01:00,76.69756812726158,79.51
2026-01-12 02:00:00+01:00,76.94783981959276,80.14
2026-01-12 02:15:00+01:00,76.71735321758331,79.61
2026-01-12 02:30:00+01:00,75.69700842392518,79.33
2026-01-12 02:45:00+01:00,74.9165611175783,77.09
2026-01-12 03:00:00+01:00,75.2401823415136,77.86
2026-01-12 03:15:00+01:00,75.13811134275907,77.25
2026-01-12 03:30:00+01:00,74.52906952366428,77.55
2026-01-12 03:45:00+01:00,72.6138665320696,76.58
2026-01-12 04:00:00+01:00,72.5177049268466,75.3
2026-01-12 04:15:00+01:00,72.5251867540275,76.23
2026-01-12 04:30:00+01:00,74.09085156137593,76.95
2026-01-12 04:45:00+01:00,75.6277064752058,77.86
2026-01-12 05:00:00+01:00,76.83471327724281,75.3
2026-01-12 05:15:00+01:00,78.07300708849186,75.71
2026-01-12 05:30:00+01:00,80.30913556198071,82.2
2026-01-12 05:45:00+01:00,84.82964645561482,87.44
2026-01-12 06:00:00+01:00,74.11854602014826,78.6
2026-01-12 06:15:00+01:00,88.56267149707845,90.17
2026-01-12 06:30:00+01:00,94.19136401332729,86.63
2026-01-12 06:45:00+01:00,108.24011844352441,92.29
2026-01-12 07:00:00+01:00,98.25998866405617,89.46
2026-01-12 07:15:00+01:00,108.60942381463414,95.8
2026-01-12 07:30:00+01:00,116.03267733001042,102.73
2026-01-12 07:45:00+01:00,120.63989470351409,103.5
2026-01-12 08:00:00+01:00,126.50484208499944,109.49
2026-01-12 08:15:00+01:00,127.6885185486483,117.08
2026-01-12 08:30:00+01:00,120.33959986259521,126.9
2026-01-12 08:45:00+01:00,109.39942048763966,109.0
2026-01-12 09:00:00+01:00,133.10530281867048,126.93
2026-01-12 09:15:00+01:00,120.70975655494284,137.58
2026-01-12 09:30:00+01:00,115.37593968050713,133.99
2026-01-12 09:45:00+01:00,109.50181230847573,120.89
2026-01-12 10:00:00+01:00,116.36396219457531,125.07
2026-01-12 10:15:00+01:00,121.4570619050692,115.27
2026-01-12 10:30:00+01:00,118.5242803545962,129.96
2026-01-12 10:45:00+01:00,110.23847379502239,127.29
2026-01-12 11:00:00+01:00,117.32128865975507,124.01
2026-01-12 11:15:00+01:00,113.94062732752909,136.0
2026-01-12 11:30:00+01:00,111.935322581777,140.09
2026-01-12 11:45:00+01:00,110.90690244226515,119.37
2026-01-12 12:00:00+01:00,110.28924652697387,111.23
2026-01-12 12:15:00+01:00,107.70600119541825,134.28
2026-01-12 12:30:00+01:00,109.56877831554229,136.0
2026-01-12 12:45:00+01:00,114.44732538664509,138.34
2026-01-12 13:00:00+01:00,111.21548049519876,136.34
2026-01-12 13:15:00+01:00,108.74807596849678,138.71
2026-01-12 13:30:00+01:00,109.05855576899789,135.99
2026-01-12 13:45:00+01:00,112.49645301859728,120.0
2026-01-12 14:00:00+01:00,114.86002064242172,119.08
2026-01-12 14:15:00+01:00,115.91010663773028,127.98
2026-01-12 14:30:00+01:00,125.55728675974771,132.09
2026-01-12 14:45:00+01:00,122.5757969057329,134.33
2026-01-12 15:00:00+01:00,118.8715691254755,135.99
2026-01-12 15:15:00+01:00,124.52765748410468,135.98
2026-01-12 15:30:00+01:00,126.62943601460947,126.92
2026-01-12 15:45:00+01:00,117.03475983517289,127.96
2026-01-12 16:00:00+01:00,128.69858200598952,108.53
2026-01-12 16:15:00+01:00,124.1502594715396,129.9
2026-01-12 16:30:00+01:00,124.59605388029624,121.52
2026-01-12 16:45:00+01:00,122.82431225200745,118.37
2026-01-12 17:00:00+01:00,122.56197933740866,123.0
2026-01-12 17:15:00+01:00,124.4923186363306,120.56
2026-01-12 17:30:00+01:00,123.93741008081597,117.01
2026-01-12 17:45:00+01:00,128.64207461629573,117.83
2026-01-12 18:00:00+01:00,123.57626161652337,124.81
2026-01-12 18:15:00+01:00,121.81575130122869,117.0
2026-01-12 18:30:00+01:00,131.82478742317272,107.19
2026-01-12 18:45:00+01:00,121.80164392242673,117.0
2026-01-12 19:00:00+01:00,131.17903722500097,105.0
2026-01-12 19:15:00+01:00,115.77305303353813,104.15
2026-01-12 19:30:00+01:00,110.57843744088498,102.54
2026-01-12 19:45:00+01:00,104.12322048487793,97.66
2026-01-12 20:00:00+01:00,112.46588895520966,102.72
2026-01-12 20:15:00+01:00,105.66095926334161,94.64
2026-01-12 20:30:00+01:00,103.62493205908528,90.1
2026-01-12 20:45:00+01:00,95.66270538198212,86.46
2026-01-12 21:00:00+01:00,104.7668258942056,96.09
2026-01-12 21:15:00+01:00,100.2671012774938,91.02
2026-01-12 21:30:00+01:00,92.83484052881946,87.81
2026-01-12 21:45:00+01:00,86.38608191673266,92.26
2026-01-12 22:00:00+01:00,100.71599615085559,95.35
2026-01-12 22:15:00+01:00,95.02662324242498,92.44
2026-01-12 22:30:00+01:00,92.70427329764694,90.19
2026-01-12 22:45:00+01:00,85.74033201646506,90.68
2026-01-12 23:00:00+01:00,94.76701045467534,90.45
2026-01-12 23:15:00+01:00,88.34537931349675,86.99
2026-01-12 23:30:00+01:00,83.88796647729198,85.0
2026-01-12 23:45:00+01:00,78.43122562831113,81.75
2026-01-13 00:00:00+01:00,89.61989727723463,87.46
2026-01-13 00:15:00+01:00,85.83471268782858,85.0
2026-01-13 00:30:00+01:00,82.37690836771998,83.1
2026-01-13 00:45:00+01:00,82.09577198814524,81.66
2026-01-13 01:00:00+01:00,84.62258462620372,84.96
2026-01-13 01:15:00+01:00,80.2053652780243,83.07
2026-01-13 01:30:00+01:00,81.79444050340854,82.22
2026-01-13 01:45:00+01:00,81.01462280394318,80.51
2026-01-13 02:00:00+01:00,80.56513618701271,83.51
2026-01-13 02:15:00+01:00,80.39166990260013,82.26
2026-01-13 02:30:00+01:00,80.78069601509154,82.36
2026-01-13 02:45:00+01:00,80.55138523131656,82.61
2026-01-13 03:00:00+01:00,81.90051320119974,83.45
2026-01-13 03:15:00+01:00,81.60285766101518,83.88
2026-01-13 03:30:00+01:00,80.9054181576809,84.57
2026-01-13 03:45:00+01:00,80.75376759191182,84.56
2026-01-13 04:00:00+01:00,78.7531285518268,84.6
2026-01-13 04:15:00+01:00,80.89518788652838,85.23
2026-01-13 04:30:00+01:00,81.59034868266417,85.87
2026-01-13 04:45:00+01:00,84.08501866882025,91.29
2026-01-13 05:00:00+01:00,81.07242574035368,84.95
2026-01-13 05:15:00+01:00,83.80438910306657,86.46
2026-01-13 05:30:00+01:00,87.57622328586685,90.0
2026-01-13 05:45:00+01:00,92.3168313266909,93.49
2026-01-13 06:00:00+01:00,82.19531534629554,86.5
2026-01-13 06:15:00+01:00,92.11569076810015,96.01
2026-01-13 06:30:00+01:00,100.85195158318015,98.47
2026-01-13 06:45:00+01:00,111.9425331632709,109.23
2026-01-13 07:00:00+01:00,103.48219259382836,95.13
2026-01-13 07:15:00+01:00,116.96988968172988,120.69
2026-01-13 07:30:00+01:00,124.86852654005119,122.05
2026-01-13 07:45:00+01:00,138.65568630597403,126.25
2026-01-13 08:00:00+01:00,134.79456375123794,122.05
2026-01-13 08:15:00+01:00,149.1431465523892,128.2
2026-01-13 08:30:00+01:00,162.0125885560864,138.95
2026-01-13 08:45:00+01:00,167.397761848409,130.02
2026-01-13 09:00:00+01:00,163.90644410273293,141.13
2026-01-13 09:15:00+01:00,163.898458927337,134.0
2026-01-13 09:30:00+01:00,157.2622280947479,129.93
2026-01-13 09:45:00+01:00,147.247996911112,125.01
2026-01-13 10:00:00+01:00,153.00518994313464,153.99
2026-01-13 10:15:00+01:00,150.82530433601966,147.13
2026-01-13 10:30:00+01:00,145.72968585643332,137.68
2026-01-13 10:45:00+01:00,132.3494822821213,129.99
2026-01-13 11:00:00+01:00,148.85307221404955,125.0
2026-01-13 11:15:00+01:00,144.44139496972252,126.23
2026-01-13 11:30:00+01:00,138.3887019255422,125.0
2026-01-13 11:45:00+01:00,132.8424774248637,119.18
2026-01-13 12:00:00+01:00,137.72980188310066,122.07
2026-01-13 12:15:00+01:00,131.55491656611588,117.59
2026-01-13 12:30:00+01:00,130.13252600538735,115.98
2026-01-13 12:45:00+01:00,131.28541033388166,115.06
2026-01-13 13:00:00+01:00,135.65090776033003,117.43
2026-01-13 13:15:00+01:00,128.91986932888528,114.77
2026-01-13 13:30:00+01:00,136.27444712082968,111.33
2026-01-13 13:45:00+01:00,142.26345314366432,108.38
2026-01-13 14:00:00+01:00,135.98358920956588,119.24
2026-01-13 14:15:00+01:00,131.44878781231512,120.02
2026-01-13 14:30:00+01:00,140.37155623907347,122.29
2026-01-13 14:45:00+01:00,128.3588803481045,127.31
2026-01-13 15:00:00+01:00,123.08602620977572,112.98
2026-01-13 15:15:00+01:00,134.90147952619128,125.0
2026-01-13 15:30:00+01:00,136.19515807114863,122.0
2026-01-13 15:45:00+01:00,134.37685885932012,122.08
2026-01-13 16:00:00+01:00,130.98176791989738,113.87
2026-01-13 16:15:00+01:00,131.60426600259632,122.05
2026-01-13 16:30:00+01:00,131.6879342642017,122.04
2026-01-13 16:45:00+01:00,135.54809844001335,130.64
2026-01-13 17:00:00+01:00,131.8168225011505,122.05
2026-01-13 17:15:00+01:00,134.15651115995655,123.22
2026-01-13 17:30:00+01:00,130.17982121334606,122.04
2026-01-13 17:45:00+01:00,125.33552192722402,122.01
2026-01-13 18:00:00+01:00,126.92327659971325,120.31
2026-01-13 18:15:00+01:00,116.40732003472819,115.53
2026-01-13 18:30:00+01:00,120.0206644440002,110.41
2026-01-13 18:45:00+01:00,110.73970554604855,107.16
2026-01-13 19:00:00+01:00,120.07436384782093,113.21
2026-01-13 19:15:00+01:00,106.98944277826234,102.16
2026-01-13 19:30:00+01:00,102.4435615171303,92.15
2026-01-13 19:45:00+01:00,98.82743132117405,87.42
2026-01-13 20:00:00+01:00,102.9959004500114,100.85
2026-01-13 20:15:00+01:00,94.17112128383413,89.03
2026-01-13 20:30:00+01:00,94.21285111827963,87.82
2026-01-13 20:45:00+01:00,86.37290350048467,86.1
2026-01-13 21:00:00+01:00,97.67302470217165,96.72
2026-01-13 21:15:00+01:00,91.57439359377133,96.89
2026-01-13 21:30:00+01:00,85.87389644259889,90.11
2026-01-13 21:45:00+01:00,83.32871514169337,85.11
2026-01-13 22:00:00+01:00,97.33409066275941,92.43
2026-01-13 22:15:00+01:00,90.72902507459878,89.5
2026-01-13 22:30:00+01:00,87.56108554956194,91.25
2026-01-13 22:45:00+01:00,81.08508251293178,86.82
2026-01-13 23:00:00+01:00,92.0027708546261,92.94
2026-01-13 23:15:00+01:00,82.73512117988038,83.83
2026-01-13 23:30:00+01:00,76.96366199341688,79.91
2026-01-13 23:45:00+01:00,71.57220296173455,74.01
2026-01-14 00:00:00+01:00,89.12573017450445,89.4
2026-01-14 00:15:00+01:00,83.90893423023942,87.32
2026-01-14 00:30:00+01:00,80.92481360028086,82.96
2026-01-14 00:45:00+01:00,79.2007121180457,82.57
2026-01-14 01:00:00+01:00,82.82342018718738,84.93
2026-01-14 01:15:00+01:00,79.45295495006458,83.92
2026-01-14 01:30:00+01:00,79.42537945985617,84.53
2026-01-14 01:45:00+01:00,79.16735427169228,83.8
2026-01-14 02:00:00+01:00,79.52225004285461,86.48
2026-01-14 02:15:00+01:00,79.10759612362105,85.85
2026-01-14 02:30:00+01:00,78.77774240200934,85.9
2026-01-14 02:45:00+01:00,78.51299097794255,85.28
2026-01-14 03:00:00+01:00,78.58820416834068,86.01
2026-01-14 03:15:00+01:00,78.5225109978865,86.29
2026-01-14 03:30:00+01:00,79.74042605567452,86.15
2026-01-14 03:45:00+01:00,79.54603529053114,86.2
2026-01-14 04:00:00+01:00,76.27357444299099,85.47
2026-01-14 04:15:00+01:00,79.70638668020814,86.5
2026-01-14 04:30:00+01:00,82.20575664722834,88.24
2026-01-14 04:45:00+01:00,83.53986346739714,90.37
2026-01-14 05:00:00+01:00,78.30458837199093,89.67
2026-01-14 05:15:00+01:00,81.58766835959388,89.77
2026-01-14 05:30:00+01:00,86.71310928097526,89.62
2026-01-14 05:45:00+01:00,89.51743824613429,90.38
2026-01-14 06:00:00+01:00,81.06520157777527,87.64
2026-01-14 06:15:00+01:00,86.6169960510658,93.93
2026-01-14 06:30:00+01:00,91.93564510422821,97.23
2026-01-14 06:45:00+01:00,105.04468119421756,101.78
2026-01-14 07:00:00+01:00,92.73594758072531,95.59
2026-01-14 07:15:00+01:00,98.4598117701036,100.05
2026-01-14 07:30:00+01:00,104.42876621933037,104.6
2026-01-14 07:45:00+01:00,112.49158762496087,120.32
2026-01-14 08:00:00+01:00,112.47153432038266,121.72
2026-01-14 08:15:00+01:00,117.29235647317664,130.94
2026-01-14 08:30:00+01:00,122.97004237375589,131.71
2026-01-14 08:45:00+01:00,122.34552985487566,131.46
2026-01-14 09:00:00+01:00,127.01642246888531,143.02
2026-01-14 09:15:00+01:00,127.23566978536715,137.45
2026-01-14 09:30:00+01:00,121.89374242557214,128.26
2026-01-14 09:45:00+01:00,109.65743786335938,119.4
2026-01-14 10:00:00+01:00,128.47541792057766,125.43
2026-01-14 10:15:00+01:00,117.53316318818393,117.41
2026-01-14 10:30:00+01:00,110.1310530326054,112.3
2026-01-14 10:45:00+01:00,105.29363016192795,110.67
2026-01-14 11:00:00+01:00,115.18359513955191,111.85
2026-01-14 11:15:00+01:00,111.26468727007348,109.05
2026-01-14 11:30:00+01:00,108.9993567965023,105.4
2026-01-14 11:45:00+01:00,103.7966306304955,103.83
2026-01-14 12:00:00+01:00,104.91338154206892,104.67
2026-01-14 12:15:00+01:00,102.09115360136272,102.86
2026-01-14 12:30:00+01:00,104.21922750609983,103.61
2026-01-14 12:45:00+01:00,108.9822678357762,102.76
2026-01-14 13:00:00+01:00,103.03895629388248,102.74
2026-01-14 13:15:00+01:00,103.350332079895,101.9
2026-01-14 13:30:00+01:00,109.41166977437045,103.02
2026-01-14 13:45:00+01:00,121.05927930413844,106.74
2026-01-14 14:00:00+01:00,106.5407528155842,102.77
2026-01-14 14:15:00+01:00,114.54560874523978,110.01
2026-01-14 14:30:00+01:00,125.64425089138105,124.72
2026-01-14 14:45:00+01:00,132.09837481725282,135.37
2026-01-14 15:00:00+01:00,126.36794030786713,120.46
2026-01-14 15:15:00+01:00,133.5686366902558,131.0
2026-01-14 15:30:00+01:00,159.14663985356765,161.89
2026-01-14 15:45:00+01:00,159.70089345487168,165.17
2026-01-14 16:00:00+01:00,135.61376685514975,112.43
2026-01-14 16:15:00+01:00,153.96940165879568,132.52
2026-01-14 16:30:00+01:00,167.9574838097962,158.21
2026-01-14 16:45:00+01:00,184.40863480276326,208.27
2026-01-14 17:00:00+01:00,163.0593444510228,164.99
2026-01-14 17:15:00+01:00,173.44816652916006,203.99
2026-01-14 17:30:00+01:00,187.3553252784021,224.16
2026-01-14 17:45:00+01:00,177.60897221045852,206.95
2026-01-14 18:00:00+01:00,171.7597226824587,190.89
2026-01-14 18:15:00+01:00,166.37548265521568,181.04
2026-01-14 18:30:00+01:00,164.77873394412853,175.45
2026-01-14 18:45:00+01:00,163.54886283724923,182.04
2026-01-14 19:00:00+01:00,168.54614236744843,189.65
2026-01-14 19:15:00+01:00,160.99350585728894,161.35
2026-01-14 19:30:00+01:00,149.06683847315597,147.38
2026-01-14 19:45:00+01:00,138.49676341500415,136.69
2026-01-14 20:00:00+01:00,147.0827193498323,152.32
2026-01-14 20:15:00+01:00,134.26691340390636,136.0
2026-01-14 20:30:00+01:00,121.77010049605587,129.16
2026-01-14 20:45:00+01:00,115.3389332572225,118.56
2026-01-14 21:00:00+01:00,127.0785200618609,139.99
2026-01-14 21:15:00+01:00,119.849867888076,132.0
2026-01-14 21:30:00+01:00,109.97595981059665,112.38
2026-01-14 21:45:00+01:00,100.80136527562323,102.78
2026-01-14 22:00:00+01:00,115.13402517203268,125.7
2026-01-14 22:15:00+01:00,107.738550340763,129.22
2026-01-14 22:30:00+01:00,103.76705193963743,102.53
2026-01-14 22:45:00+01:00,98.35155367936379,98.0
2026-01-14 23:00:00+01:00,102.4112315055878,106.33
2026-01-14 23:15:00+01:00,96.9856955920853,98.2
2026-01-14 23:30:00+01:00,95.96480606748922,94.07
2026-01-14 23:45:00+01:00,92.05176724254787,89.75
2026-01-15 00:00:00+01:00,103.19940646687654,110.34
2026-01-15 00:15:00+01:00,96.53827264913949,103.51
2026-01-15 00:30:00+01:00,92.15742305411086,95.77
2026-01-15 00:45:00+01:00,88.51800564280988,92.84
2026-01-15 01:00:00+01:00,95.05604409407987,98.48
2026-01-15 01:15:00+01:00,91.9265424531773,95.02
2026-01-15 01:30:00+01:00,88.41171425026369,92.65
2026-01-15 01:45:00+01:00,86.93041161916699,90.04
2026-01-15 02:00:00+01:00,89.37474893469536,94.23
2026-01-15 02:15:00+01:00,85.99808880168406,89.63
2026-01-15 02:30:00+01:00,85.41746964999969,87.0
2026-01-15 02:45:00+01:00,84.60795894396064,86.5
2026-01-15 03:00:00+01:00,86.17484308639496,86.56
2026-01-15 03:15:00+01:00,85.29983846607169,85.7
2026-01-15 03:30:00+01:00,84.00210921636972,84.5
2026-01-15 03:45:00+01:00,82.18813035855752,82.47
2026-01-15 04:00:00+01:00,81.62430539240006,82.52
2026-01-15 04:15:00+01:00,82.93305904600898,82.36
2026-01-15 04:30:00+01:00,85.57707041348273,82.77
2026-01-15 04:45:00+01:00,86.9687061792817,84.07
2026-01-15 05:00:00+01:00,83.88970427679082,84.0
2026-01-15 05:15:00+01:00,83.47827554932927,84.0
2026-01-15 05:30:00+01:00,89.7317442535061,86.51
2026-01-15 05:45:00+01:00,89.20333337981894,89.49
2026-01-15 06:00:00+01:00,87.40585730271448,93.61
2026-01-15 06:15:00+01:00,94.220780875046,96.5
2026-01-15 06:30:00+01:00,102.44067340424392,97.97
2026-01-15 06:45:00+01:00,108.89322687599702,104.73
2026-01-15 07:00:00+01:00,97.69223321938478,100.71
2026-01-15 07:15:00+01:00,104.14463367427875,103.24
2026-01-15 07:30:00+01:00,110.20558625822592,105.79
2026-01-15 07:45:00+01:00,112.98359569034035,110.72
2026-01-15 08:00:00+01:00,119.47636879772138,105.0
2026-01-15 08:15:00+01:00,119.66481083074197,107.74
2026-01-15 08:30:00+01:00,117.81545650646571,105.0
2026-01-15 08:45:00+01:00,111.6468502268477,102.16
2026-01-15 09:00:00+01:00,122.47819461279825,106.77
2026-01-15 09:15:00+01:00,115.27008465139512,103.21
2026-01-15 09:30:00+01:00,108.28359545488695,99.68
2026-01-15 09:45:00+01:00,100.58024558413645,96.0
2026-01-15 10:00:00+01:00,112.28637391967715,107.29
2026-01-15 10:15:00+01:00,102.95284304705892,101.74
2026-01-15 10:30:00+01:00,99.55888973983654,97.51
2026-01-15 10:45:00+01:00,96.13520065814326,95.06
2026-01-15 11:00:00+01:00,100.51232745956304,101.67
2026-01-15 11:15:00+01:00,97.75917774302391,98.28
2026-01-15 11:30:00+01:00,96.53209717963767,96.51
2026-01-15 11:45:00+01:00,96.35941340394905,94.99
2026-01-15 12:00:00+01:00,96.48894898564429,96.51
2026-01-15 12:15:00+01:00,94.04864663305071,93.97
2026-01-15 12:30:00+01:00,97.5000297234026,94.15
2026-01-15 12:45:00+01:00,100.4391979051125,96.5
2026-01-15 13:00:00+01:00,99.25853681719617,98.44
2026-01-15 13:15:00+01:00,101.81860645951343,100.14
2026-01-15 13:30:00+01:00,104.47482688763075,101.68
2026-01-15 13:45:00+01:00,112.43935183785445,102.2
2026-01-15 14:00:00+01:00,100.75452641288442,101.4
2026-01-15 14:15:00+01:00,107.23284033247042,105.0
2026-01-15 14:30:00+01:00,118.3125366407761,104.19
2026-01-15 14:45:00+01:00,126.34871597161691,111.99
2026-01-15 15:00:00+01:00,112.28196076178058,103.21
2026-01-15 15:15:00+01:00,122.71215765640682,120.08
2026-01-15 15:30:00+01:00,136.16557866754198,127.09
2026-01-15 15:45:00+01:00,136.61441714971494,142.0
2026-01-15 16:00:00+01:00,125.05933852402009,124.09
2026-01-15 16:15:00+01:00,130.48099726719556,134.66
2026-01-15 16:30:00+01:00,130.34002088577296,138.34
2026-01-15 16:45:00+01:00,133.5425283070288,144.4
2026-01-15 17:00:00+01:00,135.99344451538454,151.18
2026-01-15 17:15:00+01:00,132.71889253098263,154.92
2026-01-15 17:30:00+01:00,129.44304219940784,143.88
2026-01-15 17:45:00+01:00,121.33697962469631,132.0
2026-01-15 18:00:00+01:00,127.06011594285208,133.49
2026-01-15 18:15:00+01:00,118.85884612938794,116.49
2026-01-15 18:30:00+01:00,119.38802439186243,117.52
2026-01-15 18:45:00+01:00,116.93395370428132,111.48
2026-01-15 19:00:00+01:00,119.96593811848753,112.21
2026-01-15 19:15:00+01:00,108.06338633686505,104.08
2026-01-15 19:30:00+01:00,103.13296462462017,103.3
2026-01-15 19:45:00+01:00,96.03291965057923,102.38
2026-01-15 20:00:00+01:00,102.97199626467099,101.1
2026-01-15 20:15:00+01:00,95.08272830181845,100.15
2026-01-15 20:30:00+01:00,83.86833133370433,97.87
2026-01-15 20:45:00+01:00,75.8044079591382,93.52
2026-01-15 21:00:00+01:00,96.21410905643717,93.36
2026-01-15 21:15:00+01:00,88.29175494547955,90.49
2026-01-15 21:30:00+01:00,80.7119388196221,90.08
2026-01-15 21:45:00+01:00,76.27763744083069,90.05
2026-01-15 22:00:00+01:00,94.09060654500699,94.12
2026-01-15 22:15:00+01:00,84.94116568372023,88.99
2026-01-15 22:30:00+01:00,82.94618817677684,87.74
2026-01-15 22:45:00+01:00,77.09923698586194,82.72
2026-01-15 23:00:00+01:00,84.3542959466405,90.0
2026-01-15 23:15:00+01:00,78.59857485949722,84.12
2026-01-15 23:30:00+01:00,73.69929264390237,81.9
2026-01-15 23:45:00+01:00,62.96999469356186,68.6
2026-01-16 00:00:00+01:00,86.29176076844644,89.62
2026-01-16 00:15:00+01:00,78.44564759312792,83.6
2026-01-16 00:30:00+01:00,74.46635206509193,76.33
2026-01-16 00:45:00+01:00,72.3368281699697,74.65
2026-01-16 01:00:00+01:00,77.34722182727887,78.99
2026-01-16 01:15:00+01:00,74.20113774525097,75.16
2026-01-16 01:30:00+01:00,73.88414390456812,74.2
2026-01-16 01:45:00+01:00,71.11694580401287,71.65
2026-01-16 02:00:00+01:00,70.9315648039061,72.88
2026-01-16 02:15:00+01:00,72.1049446154409,72.14
2026-01-16 02:30:00+01:00,72.32478572726734,69.1
2026-01-16 02:45:00+01:00,70.3703670779355,68.17
2026-01-16 03:00:00+01:00,71.47303906706469,67.46
2026-01-16 03:15:00+01:00,71.23381733563842,66.76
2026-01-16 03:30:00+01:00,71.55598199543819,67.11
2026-01-16 03:45:00+01:00,70.73600228692145,67.59
2026-01-16 04:00:00+01:00,70.69245852966871,68.91
2026-01-16 04:15:00+01:00,72.05032535190128,69.07
2026-01-16 04:30:00+01:00,73.44124411566052,71.5
2026-01-16 04:45:00+01:00,75.64219014456516,76.04
2026-01-16 05:00:00+01:00,71.7065610136233,75.54
2026-01-16 05:15:00+01:00,75.22686589013097,79.25
2026-01-16 05:30:00+01:00,79.18530654488545,83.48
2026-01-16 05:45:00+01:00,84.80296801424927,89.93
2026-01-16 06:00:00+01:00,73.07577858342658,82.21
2026-01-16 06:15:00+01:00,82.30858996065463,88.04
2026-01-16 06:30:00+01:00,87.98649063476601,93.48
2026-01-16 06:45:00+01:00,95.72373335580059,99.16
2026-01-16 07:00:00+01:00,89.66677547074833,94.39
2026-01-16 07:15:00+01:00,94.54221759948422,99.09
2026-01-16 07:30:00+01:00,99.20577271727984,96.5
2026-01-16 07:45:00+01:00,103.48867728546989,104.42
2026-01-16 08:00:00+01:00,108.16453440209551,103.25
2026-01-16 08:15:00+01:00,106.45358481536339,115.78
2026-01-16 08:30:00+01:00,105.74593575545758,113.0
2026-01-16 08:45:00+01:00,103.41392184696245,105.2
2026-01-16 09:00:00+01:00,114.87614641537014,119.03
2026-01-16 09:15:00+01:00,112.61454278440374,113.07
2026-01-16 09:30:00+01:00,106.89790077833383,104.78
2026-01-16 09:45:00+01:00,96.00119167062655,98.83
2026-01-16 10:00:00+01:00,114.97107145154875,108.82
2026-01-16 10:15:00+01:00,105.29123938067974,103.8
2026-01-16 10:30:00+01:00,96.79584629218199,99.61
2026-01-16 10:45:00+01:00,92.99840404148568,99.88
2026-01-16 11:00:00+01:00,102.71246858830384,102.19
2026-01-16 11:15:00+01:00,97.60266772427177,98.99
2026-01-16 11:30:00+01:00,94.93808312881652,98.06
2026-01-16 11:45:00+01:00,92.92612178787157,99.91
2026-01-16 12:00:00+01:00,95.2369972559685,97.13
2026-01-16 12:15:00+01:00,92.91097767246681,98.42
2026-01-16 12:30:00+01:00,96.82082805432009,98.7
2026-01-16 12:45:00+01:00,101.3209650220567,102.54
2026-01-16 13:00:00+01:00,97.20115268232058,95.81
2026-01-16 13:15:00+01:00,99.61641154577147,98.35
2026-01-16 13:30:00+01:00,102.34621052651033,100.68
2026-01-16 13:45:00+01:00,110.39928274646257,102.41
2026-01-16 14:00:00+01:00,93.48483420624852,101.54
2026-01-16 14:15:00+01:00,106.11466785166441,110.31
2026-01-16 14:30:00+01:00,125.03342411730242,114.93
2026-01-16 14:45:00+01:00,135.62220709184598,126.02
2026-01-16 15:00:00+01:00,113.3900571713126,116.08
2026-01-16 15:15:00+01:00,129.4117759300628,136.5
2026-01-16 15:30:00+01:00,151.81334374136563,146.98
2026-01-16 15:45:00+01:00,158.86309382972897,164.44
2026-01-16 16:00:00+01:00,125.13320476316181,129.99
2026-01-16 16:15:00+01:00,146.93815422572635,149.17
2026-01-16 16:30:00+01:00,156.82641030992946,161.59
2026-01-16 16:45:00+01:00,159.2534320068886,209.97
2026-01-16 17:00:00+01:00,157.99379906697808,160.46
2026-01-16 17:15:00+01:00,187.92321811070343,177.17
2026-01-16 17:30:00+01:00,157.12451243808772,180.9
2026-01-16 17:45:00+01:00,152.2024241338423,162.77
2026-01-16 18:00:00+01:00,160.0916572234676,168.02
2026-01-16 18:15:00+01:00,151.5798987652074,158.32
2026-01-16 18:30:00+01:00,149.92191058691174,163.1
2026-01-16 18:45:00+01:00,145.63791711584815,160.33
2026-01-16 19:00:00+01:00,151.5790582306093,165.06
2026-01-16 19:15:00+01:00,146.38795711106482,154.4
2026-01-16 19:30:00+01:00,136.59415250816917,149.94
2026-01-16 19:45:00+01:00,128.8141336999932,147.32
2026-01-16 20:00:00+01:00,136.0629868380447,142.6
2026-01-16 20:15:00+01:00,129.05134709823042,141.0
2026-01-16 20:30:00+01:00,120.46622593524513,135.35
2026-01-16 20:45:00+01:00,114.3174175019715,117.05
2026-01-16 21:00:00+01:00,123.98469167967025,124.97
2026-01-16 21:15:00+01:00,117.25699036021923,124.56
2026-01-16 21:30:00+01:00,113.10291243425345,115.62
2026-01-16 21:45:00+01:00,104.66082957760823,105.3
2026-01-16 22:00:00+01:00,115.55354589654266,125.76
2026-01-16 22:15:00+01:00,112.82628809323145,116.83
2026-01-16 22:30:00+01:00,110.17560782707754,117.0
2026-01-16 22:45:00+01:00,104.25877704145257,111.23
2026-01-16 23:00:00+01:00,109.40841648543741,119.66
2026-01-16 23:15:00+01:00,103.47300838283978,104.32
2026-01-16 23:30:00+01:00,101.54177344125232,98.09
2026-01-16 23:45:00+01:00,99.97486640579515,94.61
2026-01-17 00:00:00+01:00,107.15941903874862,117.99
2026-01-17 00:15:00+01:00,103.21327778791621,109.01
2026-01-17 00:30:00+01:00,100.29801329140649,98.0
2026-01-17 00:45:00+01:00,96.6543564332655,93.64
2026-01-17 01:00:00+01:00,103.38608301401942,107.96
2026-01-17 01:15:00+01:00,99.52256216880151,102.58
2026-01-17 01:30:00+01:00,96.98466215892152,98.62
2026-01-17 01:45:00+01:00,96.38709271936365,95.99
2026-01-17 02:00:00+01:00,99.9922034125022,102.23
2026-01-17 02:15:00+01:00,97.0421206293261,100.03
2026-01-17 02:30:00+01:00,96.55142218526446,96.46
2026-01-17 02:45:00+01:00,95.32204057107123,94.22
2026-01-17 03:00:00+01:00,95.68063350105628,95.34
2026-01-17 03:15:00+01:00,93.86802848765711,98.38
2026-01-17 03:30:00+01:00,93.52293929820509,95.24
2026-01-17 03:45:00+01:00,93.6444355388069,95.59
2026-01-17 04:00:00+01:00,93.99309624399476,95.3
2026-01-17 04:15:00+01:00,93.53912590673932,95.01
2026-01-17 04:30:00+01:00,94.14301447744525,95.07
2026-01-17 04:45:00+01:00,94.37655405619846,95.37
2026-01-17 05:00:00+01:00,94.32012341619759,95.3
2026-01-17 05:15:00+01:00,93.9432069477874,94.31
2026-01-17 05:30:00+01:00,93.74800958501217,95.94
2026-01-17 05:45:00+01:00,93.02520405507815,95.42
2026-01-17 06:00:00+01:00,99.72885967065864,97.87
2026-01-17 06:15:00+01:00,96.39139475206707,92.11
2026-01-17 06:30:00+01:00,99.21099639561231,96.47
2026-01-17 06:45:00+01:00,101.04423751993988,96.96
2026-01-17 07:00:00+01:00,100.64504022225486,94.18
2026-01-17 07:15:00+01:00,102.27752235381672,97.76
2026-01-17 07:30:00+01:00,108.3672875743762,99.88
2026-01-17 07:45:00+01:00,114.70639075090614,104.93
2026-01-17 08:00:00+01:00,112.90817585241682,95.98
2026-01-17 08:15:00+01:00,116.21720724810532,106.85
2026-01-17 08:30:00+01:00,117.32919921227422,109.94
2026-01-17 08:45:00+01:00,118.04541732944989,111.11
2026-01-17 09:00:00+01:00,123.33015478849148,118.56
2026-01-17 09:15:00+01:00,120.12054936386292,120.86
2026-01-17 09:30:00+01:00,119.62672517122844,116.45
2026-01-17 09:45:00+01:00,110.72050714936157,110.75
2026-01-17 10:00:00+01:00,121.53137874349518,123.43
2026-01-17 10:15:00+01:00,112.86025240213975,116.03
2026-01-17 10:30:00+01:00,108.09008895737256,111.71
2026-01-17 10:45:00+01:00,104.28335817412868,109.23
2026-01-17 11:00:00+01:00,109.69091083061635,112.84
2026-01-17 11:15:00+01:00,107.30518594186535,112.11
2026-01-17 11:30:00+01:00,105.71610175199548,111.6
2026-01-17 11:45:00+01:00,102.56578034741469,109.88
2026-01-17 12:00:00+01:00,104.82945220165699,112.91
2026-01-17 12:15:00+01:00,102.1277974739403,110.99
2026-01-17 12:30:00+01:00,106.48050122935742,112.92
2026-01-17 12:45:00+01:00,106.65167273817856,110.97
2026-01-17 13:00:00+01:00,104.56732484536468,109.9
2026-01-17 13:15:00+01:00,105.35750362898914,108.78
2026-01-17 13:30:00+01:00,106.65876253615195,107.9
2026-01-17 13:45:00+01:00,108.23710016677133,107.98
2026-01-17 14:00:00+01:00,106.16977465293778,107.81
2026-01-17 14:15:00+01:00,110.7688931346219,109.78
2026-01-17 14:30:00+01:00,114.40809133060846,113.77
2026-01-17 14:45:00+01:00,119.35232997137155,119.91
2026-01-17 15:00:00+01:00,108.24042804726582,115.01
2026-01-17 15:15:00+01:00,119.4463276652595,120.89
2026-01-17 15:30:00+01:00,122.01510128488025,126.62
2026-01-17 15:45:00+01:00,127.41494311533101,128.56
2026-01-17 16:00:00+01:00,117.49029189425035,127.1
2026-01-17 16:15:00+01:00,125.70448217320865,137.98
2026-01-17 16:30:00+01:00,127.95107577714143,138.86
2026-01-17 16:45:00+01:00,135.7792614192371,139.16
2026-01-17 17:00:00+01:00,131.00391804484514,137.3
2026-01-17 17:15:00+01:00,134.8086729468472,139.91
2026-01-17 17:30:00+01:00,136.78080368533506,140.94
2026-01-17 17:45:00+01:00,144.91573389911275,145.5
2026-01-17 18:00:00+01:00,139.04322837788578,140.49
2026-01-17 18:15:00+01:00,135.70090877025265,140.49
2026-01-17 18:30:00+01:00,140.09381540815684,145.61
2026-01-17 18:45:00+01:00,140.04561275614435,144.8
2026-01-17 19:00:00+01:00,139.69387997926094,141.8
2026-01-17 19:15:00+01:00,133.16323171753723,141.05
2026-01-17 19:30:00+01:00,128.6508500893557,140.14
2026-01-17 19:45:00+01:00,123.16180703910142,131.36
2026-01-17 20:00:00+01:00,125.61450034408227,136.66
2026-01-17 20:15:00+01:00,123.17212693151288,120.35
2026-01-17 20:30:00+01:00,116.11659857257617,118.19
2026-01-17 20:45:00+01:00,109.70579322758884,107.96
2026-01-17 21:00:00+01:00,118.2223859142178,116.81
2026-01-17 21:15:00+01:00,108.28938063994943,111.64
2026-01-17 21:30:00+01:00,103.58109018007796,103.76
2026-01-17 21:45:00+01:00,98.71356264523737,99.01
2026-01-17 22:00:00+01:00,106.69238261845139,108.97
2026-01-17 22:15:00+01:00,103.93351153878919,104.34
2026-01-17 22:30:00+01:00,100.89578189815371,109.96
2026-01-17 22:45:00+01:00,97.30552797537702,113.33
2026-01-17 23:00:00+01:00,102.05229918941374,115.99
2026-01-17 23:15:00+01:00,95.97987450072536,109.0
2026-01-17 23:30:00+01:00,95.07836092217734,104.13
2026-01-17 23:45:00+01:00,90.21977655543498,98.97
2026-01-18 00:00:00+01:00,101.87658567916091,115.24
2026-01-18 00:15:00+01:00,107.36664924353406,112.95
2026-01-18 00:30:00+01:00,99.81612843110193,108.67
2026-01-18 00:45:00+01:00,94.67795743850829,106.0
2026-01-18 01:00:00+01:00,103.47292513393452,112.99
2026-01-18 01:15:00+01:00,97.6434056193694,109.16
2026-01-18 01:30:00+01:00,95.84521720396927,107.09
2026-01-18 01:45:00+01:00,94.71111308190527,107.52
2026-01-18 02:00:00+01:00,98.54879906334803,111.23
2026-01-18 02:15:00+01:00,95.50475013729769,109.17
2026-01-18 02:30:00+01:00,93.67875842518673,104.94
2026-01-18 02:45:00+01:00,92.01460254420374,104.22
2026-01-18 03:00:00+01:00,92.26055113883548,103.83
2026-01-18 03:15:00+01:00,90.84878702916228,103.0
2026-01-18 03:30:00+01:00,89.66453162495023,101.73
2026-01-18 03:45:00+01:00,89.24245954129007,101.6
2026-01-18 04:00:00+01:00,92.31412615737779,102.99
2026-01-18 04:15:00+01:00,90.80013706583246,102.62
2026-01-18 04:30:00+01:00,90.24294628344148,101.73
2026-01-18 04:45:00+01:00,89.018215933717,101.6
2026-01-18 05:00:00+01:00,90.77157766068726,101.43
2026-01-18 05:15:00+01:00,88.29597197556127,101.6
2026-01-18 05:30:00+01:00,89.65458895460415,102.3
2026-01-18 05:45:00+01:00,87.08222211172651,102.99
2026-01-18 06:00:00+01:00,93.45716268403176,100.2
2026-01-18 06:15:00+01:00,91.91682554126558,101.22
2026-01-18 06:30:00+01:00,92.48564324816707,101.22
2026-01-18 06:45:00+01:00,94.21653834788421,101.56
2026-01-18 07:00:00+01:00,94.74965169619247,100.28
2026-01-18 07:15:00+01:00,93.60779207501474,99.32
2026-01-18 07:30:00+01:00,99.05218526426903,100.5
2026-01-18 07:45:00+01:00,103.713261465462,102.32
2026-01-18 08:00:00+01:00,103.66667909837166,104.12
2026-01-18 08:15:00+01:00,105.55315918338086,105.57
2026-01-18 08:30:00+01:00,106.08831414921367,107.37
2026-01-18 08:45:00+01:00,105.74217247149247,105.66
2026-01-18 09:00:00+01:00,113.8765752091364,114.96
2026-01-18 09:15:00+01:00,111.04092542940444,106.96
2026-01-18 09:30:00+01:00,111.21803534540038,105.18
2026-01-18 09:45:00+01:00,104.15418413484997,102.59
2026-01-18 10:00:00+01:00,112.33583391319895,105.31
2026-01-18 10:15:00+01:00,103.85702737849158,103.2
2026-01-18 10:30:00+01:00,101.21459250219633,101.03
2026-01-18 10:45:00+01:00,98.85839083466955,98.1
2026-01-18 11:00:00+01:00,101.80416116974806,98.35
2026-01-18 11:15:00+01:00,99.75599596348012,99.72
2026-01-18 11:30:00+01:00,98.65723634304788,98.1
2026-01-18 11:45:00+01:00,96.46806220230431,97.76
2026-01-18 12:00:00+01:00,98.23000739095389,98.0
2026-01-18 12:15:00+01:00,95.38188730438138,96.59
2026-01-18 12:30:00+01:00,95.87729478587782,96.53
2026-01-18 12:45:00+01:00,94.94754462582601,96.3
2026-01-18 13:00:00+01:00,95.67249457498406,96.13
2026-01-18 13:15:00+01:00,95.70689460418109,96.74
2026-01-18 13:30:00+01:00,94.04990012688916,97.2
2026-01-18 13:45:00+01:00,93.91114647352526,97.78
2026-01-18 14:00:00+01:00,96.49558022986906,98.0
2026-01-18 14:15:00+01:00,98.23681930529253,100.37
2026-01-18 14:30:00+01:00,99.75172209586154,102.17
2026-01-18 14:45:00+01:00,106.25426219545312,102.84
2026-01-18 15:00:00+01:00,98.1872658308501,101.46
2026-01-18 15:15:00+01:00,105.46900251340128,103.4
2026-01-18 15:30:00+01:00,110.47382701261363,105.43
2026-01-18 15:45:00+01:00,109.17451760644431,111.91
2026-01-18 16:00:00+01:00,106.56797614087316,106.1
2026-01-18 16:15:00+01:00,115.7514478750512,116.89
2026-01-18 16:30:00+01:00,123.91520035041916,117.15
2026-01-18 16:45:00+01:00,133.1942166163477,119.36
2026-01-18 17:00:00+01:00,123.23764560000788,117.67
2026-01-18 17:15:00+01:00,127.40818180716155,127.19
2026-01-18 17:30:00+01:00,130.94009498339437,134.47
2026-01-18 17:45:00+01:00,136.3271331721357,140.64
2026-01-18 18:00:00+01:00,130.36446942766418,139.09
2026-01-18 18:15:00+01:00,127.17593077094327,142.49
2026-01-18 18:30:00+01:00,128.55439108038877,146.2
2026-01-18 18:45:00+01:00,132.0500096904761,141.0
2026-01-18 19:00:00+01:00,131.2122744738091,144.22
2026-01-18 19:15:00+01:00,126.41460825279387,141.0
2026-01-18 19:30:00+01:00,124.45969442287415,136.37
2026-01-18 19:45:00+01:00,121.85798552189698,125.1
2026-01-18 20:00:00+01:00,122.95236732962825,125.16
2026-01-18 20:15:00+01:00,119.84835041948372,127.11
2026-01-18 20:30:00+01:00,116.15654808917046,125.43
2026-01-18 20:45:00+01:00,106.65724956790334,114.51
2026-01-18 21:00:00+01:00,110.3376375889705,120.9
2026-01-18 21:15:00+01:00,106.76552459856478,114.08
2026-01-18 21:30:00+01:00,102.20059206087451,106.01
2026-01-18 21:45:00+01:00,96.60508348731727,101.53
2026-01-18 22:00:00+01:00,105.49776507915215,121.3
2026-01-18 22:15:00+01:00,101.17888047858258,114.95
2026-01-18 22:30:00+01:00,99.81216645308487,113.03
2026-01-18 22:45:00+01:00,96.87416527342063,107.84
2026-01-18 23:00:00+01:00,99.89999881522466,110.0
2026-01-18 23:15:00+01:00,95.10107923689193,104.59
2026-01-18 23:30:00+01:00,94.01076476408599,100.33
2026-01-18 23:45:00+01:00,88.73875655334717,100.01
2026-01-19 00:00:00+01:00,102.74862592148385,104.8
2026-01-19 00:15:00+01:00,102.59339641599279,101.6
2026-01-19 00:30:00+01:00,97.97887603122213,99.92
2026-01-19 00:45:00+01:00,93.21302212815252,98.28
2026-01-19 01:00:00+01:00,102.20420289698492,100.2
2026-01-19 01:15:00+01:00,96.20894620001852,101.08
2026-01-19 01:30:00+01:00,95.36959981199908,100.89
2026-01-19 01:45:00+01:00,95.06450448272803,99.59
2026-01-19 02:00:00+01:00,96.47149079168894,102.12
2026-01-19 02:15:00+01:00,94.5622567317106,100.99
2026-01-19 02:30:00+01:00,93.79697957849359,100.21
2026-01-19 02:45:00+01:00,94.81341381160416,100.01
2026-01-19 03:00:00+01:00,93.10915650878323,100.48
2026-01-19 03:15:00+01:00,91.40752903704552,100.54
2026-01-19 03:30:00+01:00,92.04817905747448,100.21
2026-01-19 03:45:00+01:00,94.32856407877553,100.52
2026-01-19 04:00:00+01:00,92.68893177944497,99.45
2026-01-19 04:15:00+01:00,93.18330969437639,100.22
2026-01-19 04:30:00+01:00,93.02826462691758,100.52
2026-01-19 04:45:00+01:00,95.46095843019988,100.35
2026-01-19 05:00:00+01:00,92.41721906736569,97.7
2026-01-19 05:15:00+01:00,93.44053399066527,100.16
2026-01-19 05:30:00+01:00,98.39701604340678,101.05
2026-01-19 05:45:00+01:00,101.88646254283196,111.21
2026-01-19 06:00:00+01:00,99.84877760480173,108.04
2026-01-19 06:15:00+01:00,110.29329147146895,122.76
2026-01-19 06:30:00+01:00,113.31678936464823,130.57
2026-01-19 06:45:00+01:00,131.50779624929316,144.15
2026-01-19 07:00:00+01:00,122.53474978869805,142.29
2026-01-19 07:15:00+01:00,137.55940679195564,157.41
2026-01-19 07:30:00+01:00,148.9563995403572,171.84
2026-01-19 07:45:00+01:00,161.9099566428016,172.79
2026-01-19 08:00:00+01:00,162.5433370466867,177.34
2026-01-19 08:15:00+01:00,163.52090175837276,184.48
2026-01-19 08:30:00+01:00,160.45090797723157,177.11
2026-01-19 08:45:00+01:00,151.64095366740762,165.0
2026-01-19 09:00:00+01:00,168.4551212115279,190.2
2026-01-19 09:15:00+01:00,160.3196037872013,171.03
2026-01-19 09:30:00+01:00,149.9708743523422,151.85
2026-01-19 09:45:00+01:00,138.42849343107264,134.67
2026-01-19 10:00:00+01:00,155.3862756868508,156.81
2026-01-19 10:15:00+01:00,138.1758204886646,139.35
2026-01-19 10:30:00+01:00,126.88709955925302,128.13
2026-01-19 10:45:00+01:00,120.0106448688548,119.4
2026-01-19 11:00:00+01:00,132.41278119477062,126.08
2026-01-19 11:15:00+01:00,126.13489720469275,119.84
2026-01-19 11:30:00+01:00,123.84072590014088,119.07
2026-01-19 11:45:00+01:00,120.9968595702384,117.12
2026-01-19 12:00:00+01:00,123.22430435091451,118.08
2026-01-19 12:15:00+01:00,120.76947332730528,114.59
2026-01-19 12:30:00+01:00,121.74332737249087,117.46
2026-01-19 12:45:00+01:00,121.2524801996001,120.11
2026-01-19 13:00:00+01:00,123.12146876962171,119.0
2026-01-19 13:15:00+01:00,124.08467236665356,121.34
2026-01-19 13:30:00+01:00,120.34060204623799,125.91
2026-01-19 13:45:00+01:00,120.93143069379734,133.76
2026-01-19 14:00:00+01:00,121.35848102883367,120.68
2026-01-19 14:15:00+01:00,128.15411419720596,139.0
2026-01-19 14:30:00+01:00,135.99957854464037,147.67
2026-01-19 14:45:00+01:00,141.73135132027687,170.05
2026-01-19 15:00:00+01:00,131.80957984247,135.0
2026-01-19 15:15:00+01:00,139.98712252683487,159.78
2026-01-19 15:30:00+01:00,147.5196743121271,176.26
2026-01-19 15:45:00+01:00,146.61405871428565,209.13
2026-01-19 16:00:00+01:00,139.2850192434152,168.3
2026-01-19 16:15:00+01:00,152.12954521543205,192.76
2026-01-19 16:30:00+01:00,165.40704584466584,206.93
2026-01-19 16:45:00+01:00,185.7452373864943,211.57
2026-01-19 17:00:00+01:00,166.30320734239868,192.34
2026-01-19 17:15:00+01:00,171.69218416172458,218.25
2026-01-19 17:30:00+01:00,184.33933221971103,216.31
2026-01-19 17:45:00+01:00,187.69431722768132,206.01
2026-01-19 18:00:00+01:00,181.18458543957885,209.99
2026-01-19 18:15:00+01:00,174.2980399235804,191.93
2026-01-19 18:30:00+01:00,170.2100010939754,198.83
2026-01-19 18:45:00+01:00,179.51972109886628,199.47
2026-01-19 19:00:00+01:00,174.80019949579986,192.93
2026-01-19 19:15:00+01:00,169.0116804339244,182.96
2026-01-19 19:30:00+01:00,163.26012474736825,177.63
2026-01-19 19:45:00+01:00,164.76099128412113,170.33
2026-01-19 20:00:00+01:00,156.7272438314773,166.52
2026-01-19 20:15:00+01:00,153.4312099219514,160.21
2026-01-19 20:30:00+01:00,142.7993713549604,158.35
2026-01-19 20:45:00+01:00,128.46017661590412,144.46
2026-01-19 21:00:00+01:00,143.0726274332556,141.01
2026-01-19 21:15:00+01:00,132.86566351631012,137.95
2026-01-19 21:30:00+01:00,119.85606492479363,134.72
2026-01-19 21:45:00+01:00,110.6269670550766,127.0
2026-01-19 22:00:00+01:00,120.93974425340099,131.46
2026-01-19 22:15:00+01:00,117.64999283267663,127.76
2026-01-19 22:30:00+01:00,115.11670069641428,126.47
2026-01-19 22:45:00+01:00,111.48746141873147,119.92
2026-01-19 23:00:00+01:00,113.86543444757157,122.64
2026-01-19 23:15:00+01:00,107.07544139232861,115.01
2026-01-19 23:30:00+01:00,104.7217185522515,107.94
2026-01-19 23:45:00+01:00,99.58096411199745,104.29
2026-01-20 00:00:00+01:00,111.73311521134667,114.06
2026-01-20 00:15:00+01:00,109.86410948011907,117.5
2026-01-20 00:30:00+01:00,103.5884616613944,115.14
2026-01-20 00:45:00+01:00,101.75480877514723,113.54
2026-01-20 01:00:00+01:00,110.20172370352063,115.04
2026-01-20 01:15:00+01:00,105.07889243415761,114.97
2026-01-20 01:30:00+01:00,102.13432703767916,114.9
2026-01-20 01:45:00+01:00,101.7541298682922,112.43
2026-01-20 02:00:00+01:00,100.55217455770355,110.04
2026-01-20 02:15:00+01:00,98.8305587455872,109.68
2026-01-20 02:30:00+01:00,98.45139803510683,110.76
2026-01-20 02:45:00+01:00,99.55740538090507,110.94
2026-01-20 03:00:00+01:00,98.98188284874797,108.91
2026-01-20 03:15:00+01:00,97.32805323082968,109.25
2026-01-20 03:30:00+01:00,93.57275381113867,109.9
2026-01-20 03:45:00+01:00,94.60743652432294,111.41
2026-01-20 04:00:00+01:00,94.96561103693844,108.91
2026-01-20 04:15:00+01:00,96.24059743938662,110.01
2026-01-20 04:30:00+01:00,97.59350298928005,115.52
2026-01-20 04:45:00+01:00,101.70410464071476,118.25
2026-01-20 05:00:00+01:00,94.8824762189394,122.43
2026-01-20 05:15:00+01:00,99.03638353803107,110.91
2026-01-20 05:30:00+01:00,108.60558629960894,128.61
2026-01-20 05:45:00+01:00,117.08842646644668,139.17
2026-01-20 06:00:00+01:00,105.39201681836317,126.45
2026-01-20 06:15:00+01:00,125.13282444641165,159.43
2026-01-20 06:30:00+01:00,139.85176938411638,191.71
2026-01-20 06:45:00+01:00,160.88820970226382,282.83
2026-01-20 07:00:00+01:00,154.17991075355556,176.09
2026-01-20 07:15:00+01:00,181.41005269486914,224.33
2026-01-20 07:30:00+01:00,204.85727532263036,268.09
2026-01-20 07:45:00+01:00,217.80572872574533,295.0
2026-01-20 08:00:00+01:00,226.53945753955747,327.01
2026-01-20 08:15:00+01:00,213.35351576315946,302.01
2026-01-20 08:30:00+01:00,199.13809331536464,236.3
2026-01-20 08:45:00+01:00,166.67451406389227,185.82
2026-01-20 09:00:00+01:00,210.5638924513542,246.84
2026-01-20 09:15:00+01:00,177.73510254369398,194.13
2026-01-20 09:30:00+01:00,148.839237051533,168.0
2026-01-20 09:45:00+01:00,127.97563896378182,109.17
2026-01-20 10:00:00+01:00,173.45363529914735,168.57
2026-01-20 10:15:00+01:00,142.9805401583294,133.43
2026-01-20 10:30:00+01:00,123.6495734206382,121.3
2026-01-20 10:45:00+01:00,118.23971485372927,105.38
2026-01-20 11:00:00+01:00,133.65711607129415,119.0
2026-01-20 11:15:00+01:00,121.18559704301188,106.22
2026-01-20 11:30:00+01:00,118.63726855791535,104.36
2026-01-20 11:45:00+01:00,115.6793598608532,102.23
2026-01-20 12:00:00+01:00,115.03622551706178,104.35
2026-01-20 12:15:00+01:00,104.97816480062028,102.16
2026-01-20 12:30:00+01:00,111.26609905940592,103.02
2026-01-20 12:45:00+01:00,111.99633552077718,104.96
2026-01-20 13:00:00+01:00,110.40288822501043,104.59
2026-01-20 13:15:00+01:00,110.36757709792933,105.76
2026-01-20 13:30:00+01:00,114.48613590861864,105.33
2026-01-20 13:45:00+01:00,123.06926334423883,107.34
2026-01-20 14:00:00+01:00,108.19917597878103,106.18
2026-01-20 14:15:00+01:00,121.98322247437179,123.76
2026-01-20 14:30:00+01:00,138.09860231563468,149.45
2026-01-20 14:45:00+01:00,160.71852211578144,167.5
2026-01-20 15:00:00+01:00,135.26943483280363,136.08
2026-01-20 15:15:00+01:00,154.36434212614756,158.99
2026-01-20 15:30:00+01:00,182.18983302799091,204.43
2026-01-20 15:45:00+01:00,212.4779347068292,213.54
2026-01-20 16:00:00+01:00,158.2678109727229,202.99
2026-01-20 16:15:00+01:00,180.0312307882344,253.17
2026-01-20 16:30:00+01:00,200.4961953386876,291.93
2026-01-20 16:45:00+01:00,235.54044034641132,358.85
2026-01-20 17:00:00+01:00,199.6248046684235,242.97
2026-01-20 17:15:00+01:00,209.08265513881375,266.24
2026-01-20 17:30:00+01:00,203.43648555571622,260.7
2026-01-20 17:45:00+01:00,195.0157875208497,228.61
2026-01-20 18:00:00+01:00,192.7238060340227,221.52
2026-01-20 18:15:00+01:00,176.13112181894616,194.52
2026-01-20 18:30:00+01:00,174.16447790079755,181.95
2026-01-20 18:45:00+01:00,174.92764254451023,177.71
2026-01-20 19:00:00+01:00,183.61321195522336,208.81
2026-01-20 19:15:00+01:00,170.3987990826411,186.84
2026-01-20 19:30:00+01:00,163.794727353334,171.5
2026-01-20 19:45:00+01:00,150.84996947545596,160.52
2026-01-20 20:00:00+01:00,153.979423411949,182.37
2026-01-20 20:15:00+01:00,142.53572929781222,158.99
2026-01-20 20:30:00+01:00,132.07509082587333,144.99
2026-01-20 20:45:00+01:00,117.2258808786188,134.05
2026-01-20 21:00:00+01:00,132.33828277481945,163.73
2026-01-20 21:15:00+01:00,122.72918596835845,152.44
2026-01-20 21:30:00+01:00,112.30219301976845,132.43
2026-01-20 21:45:00+01:00,104.25056820958551,110.96
2026-01-20 22:00:00+01:00,116.2645398091802,131.99
2026-01-20 22:15:00+01:00,112.03625069548228,121.64
2026-01-20 22:30:00+01:00,108.36067850270562,110.09
2026-01-20 22:45:00+01:00,100.05389263581829,105.05
2026-01-20 23:00:00+01:00,109.57210122888621,116.14
2026-01-20 23:15:00+01:00,98.81115080391372,109.65
2026-01-20 23:30:00+01:00,94.25636290203111,107.42
2026-01-20 23:45:00+01:00,88.44547711803143,98.14
2026-01-21 00:00:00+01:00,111.89003188426277,99.93
2026-01-21 00:15:00+01:00,105.62741263370137,99.75
2026-01-21 00:30:00+01:00,102.52656178077996,102.13
2026-01-21 00:45:00+01:00,99.0282563599351,104.15
2026-01-21 01:00:00+01:00,105.27027095231,104.56
2026-01-21 01:15:00+01:00,101.98451501708152,102.45
2026-01-21 01:30:00+01:00,98.64632322369958,101.02
2026-01-21 01:45:00+01:00,96.16414357788948,98.84
2026-01-21 02:00:00+01:00,99.30364797229639,98.66
2026-01-21 02:15:00+01:00,95.40415565643579,99.12
2026-01-21 02:30:00+01:00,96.13927466760902,98.56
2026-01-21 02:45:00+01:00,95.18953873426848,98.69
2026-01-21 03:00:00+01:00,94.02017097160903,104.42
2026-01-21 03:15:00+01:00,94.64457646513482,100.99
2026-01-21 03:30:00+01:00,93.52763830939479,100.01
2026-01-21 03:45:00+01:00,93.7198491427932,98.22
2026-01-21 04:00:00+01:00,91.77974793351652,100.48
2026-01-21 04:15:00+01:00,93.5986091280333,98.02
2026-01-21 04:30:00+01:00,96.37454880985729,98.02
2026-01-21 04:45:00+01:00,96.4230132034651,98.86
2026-01-21 05:00:00+01:00,93.63349320731842,96.54
2026-01-21 05:15:00+01:00,93.87491203543064,97.56
2026-01-21 05:30:00+01:00,100.43220321745179,101.07
2026-01-21 05:45:00+01:00,105.6388101732195,99.6
2026-01-21 06:00:00+01:00,98.72983016404426,105.76
2026-01-21 06:15:00+01:00,112.38674497141297,107.2
2026-01-21 06:30:00+01:00,123.25565383086004,110.95
2026-01-21 06:45:00+01:00,141.06583593108502,107.58
2026-01-21 07:00:00+01:00,134.13149979699648,144.66
2026-01-21 07:15:00+01:00,149.170148089658,149.94
2026-01-21 07:30:00+01:00,160.10422003510047,166.12
2026-01-21 07:45:00+01:00,160.441125557894,179.28
2026-01-21 08:00:00+01:00,177.4632541752041,185.77
2026-01-21 08:15:00+01:00,164.91323601266294,199.49
2026-01-21 08:30:00+01:00,144.41577046883586,170.76
2026-01-21 08:45:00+01:00,119.00923432641324,149.57
2026-01-21 09:00:00+01:00,152.40762446259595,161.78
2026-01-21 09:15:00+01:00,131.2271493530165,149.2
2026-01-21 09:30:00+01:00,114.00151373780248,137.69
2026-01-21 09:45:00+01:00,101.64831115931884,122.9
2026-01-21 10:00:00+01:00,122.53057289076898,146.19
2026-01-21 10:15:00+01:00,110.46547123350732,120.44
2026-01-21 10:30:00+01:00,99.45823485558937,106.27
2026-01-21 10:45:00+01:00,100.82068482193603,100.3
2026-01-21 11:00:00+01:00,104.9909124524887,103.12
2026-01-21 11:15:00+01:00,99.36922699880286,101.54
2026-01-21 11:30:00+01:00,96.54363990085425,99.76
2026-01-21 11:45:00+01:00,96.58593888815369,99.55
2026-01-21 12:00:00+01:00,95.80933027992538,98.89
2026-01-21 12:15:00+01:00,95.8808795998286,98.9
2026-01-21 12:30:00+01:00,97.61127314921927,97.41
2026-01-21 12:45:00+01:00,95.78776948554417,101.32
2026-01-21 13:00:00+01:00,93.51304018849733,101.82
2026-01-21 13:15:00+01:00,93.55350099529471,102.37
2026-01-21 13:30:00+01:00,94.706607124486,102.46
2026-01-21 13:45:00+01:00,97.88970436134866,107.25
2026-01-21 14:00:00+01:00,90.02119122645277,105.05
2026-01-21 14:15:00+01:00,96.09159752376961,105.37
2026-01-21 14:30:00+01:00,106.48842670262876,106.93
2026-01-21 14:45:00+01:00,118.67731853764236,117.14
2026-01-21 15:00:00+01:00,102.83904144034538,106.87
2026-01-21 15:15:00+01:00,113.89372976500356,122.93
2026-01-21 15:30:00+01:00,125.94977924876254,131.74
2026-01-21 15:45:00+01:00,138.97051286743746,146.17
2026-01-21 16:00:00+01:00,115.16416767181713,145.01
2026-01-21 16:15:00+01:00,124.91556633516456,146.13
2026-01-21 16:30:00+01:00,130.49742602304943,141.0
2026-01-21 16:45:00+01:00,139.53285380700814,148.0
2026-01-21 17:00:00+01:00,134.01559046304368,135.99
2026-01-21 17:15:00+01:00,128.8566020056404,142.9
2026-01-21 17:30:00+01:00,132.2696743514297,141.61
2026-01-21 17:45:00+01:00,130.59898318980584,135.94
2026-01-21 18:00:00+01:00,131.12066636830122,144.97
2026-01-21 18:15:00+01:00,122.19459115069183,142.59
2026-01-21 18:30:00+01:00,121.83941532797846,139.06
2026-01-21 18:45:00+01:00,126.47557056729819,129.01
2026-01-21 19:00:00+01:00,125.31810160678467,132.9
2026-01-21 19:15:00+01:00,115.51691142212144,141.33
2026-01-21 19:30:00+01:00,112.65925624822206,129.01
2026-01-21 19:45:00+01:00,107.73051819149167,108.08
2026-01-21 20:00:00+01:00,113.66328660160883,114.05
2026-01-21 20:15:00+01:00,105.94338835651794,103.22
2026-01-21 20:30:00+01:00,102.01196702193303,104.17
2026-01-21 20:45:00+01:00,98.16055764460448,100.35
2026-01-21 21:00:00+01:00,106.24158355368853,108.81
2026-01-21 21:15:00+01:00,99.63572487819214,102.46
2026-01-21 21:30:00+01:00,95.25249104210125,101.96
2026-01-21 21:45:00+01:00,89.31536338723548,96.53
2026-01-21 22:00:00+01:00,100.5401387742129,113.0
2026-01-21 22:15:00+01:00,95.04261348664421,106.29
2026-01-21 22:30:00+01:00,95.95245697733371,100.85
2026-01-21 22:45:00+01:00,89.85780528339586,98.9
2026-01-21 23:00:00+01:00,97.70562711830104,106.5
2026-01-21 23:15:00+01:00,89.85337605785637,98.89
2026-01-21 23:30:00+01:00,87.18014063070169,96.5
2026-01-21 23:45:00+01:00,82.35324803010933,95.61
2026-01-22 00:00:00+01:00,99.69869710258467,92.39
2026-01-22 00:15:00+01:00,96.00684590472493,94.75
2026-01-22 00:30:00+01:00,92.90024982710366,94.05
2026-01-22 00:45:00+01:00,89.9297490089294,90.0
2026-01-22 01:00:00+01:00,95.73686955500179,93.12
2026-01-22 01:15:00+01:00,92.1494119991996,92.4
2026-01-22 01:30:00+01:00,90.43614177095576,92.39
2026-01-22 01:45:00+01:00,89.1791225651495,92.2
2026-01-22 02:00:00+01:00,91.84747884694079,90.09
2026-01-22 02:15:00+01:00,89.68296307721639,91.39
2026-01-22 02:30:00+01:00,89.86322559156494,91.92
2026-01-22 02:45:00+01:00,88.37241770564137,92.4
2026-01-22 03:00:00+01:00,88.98914302793249,92.28
2026-01-22 03:15:00+01:00,89.6949125768997,91.3
2026-01-22 03:30:00+01:00,88.36544570791861,91.72
2026-01-22 03:45:00+01:00,86.19049185717728,91.98
2026-01-22 04:00:00+01:00,87.6281176407655,92.52
2026-01-22 04:15:00+01:00,87.98170968494009,92.28
2026-01-22 04:30:00+01:00,88.558091045934,92.66
2026-01-22 04:45:00+01:00,90.20014354779318,93.94
2026-01-22 05:00:00+01:00,89.51371767620728,91.7
2026-01-22 05:15:00+01:00,88.87935757317818,90.77
2026-01-22 05:30:00+01:00,90.75688731968269,91.5
2026-01-22 05:45:00+01:00,93.55595235095299,98.78
2026-01-22 06:00:00+01:00,91.49924055216894,90.0
2026-01-22 06:15:00+01:00,96.68130579245697,93.16
2026-01-22 06:30:00+01:00,101.42959874069362,103.65
2026-01-22 06:45:00+01:00,114.77889291129382,115.9
2026-01-22 07:00:00+01:00,106.34530191614346,116.07
2026-01-22 07:15:00+01:00,115.58152936525917,122.25
2026-01-22 07:30:00+01:00,124.48126113858203,130.77
2026-01-22 07:45:00+01:00,124.47050718540878,132.99
2026-01-22 08:00:00+01:00,135.4789935776522,141.88
2026-01-22 08:15:00+01:00,133.8801576393381,148.0
2026-01-22 08:30:00+01:00,126.47293087022808,132.91
2026-01-22 08:45:00+01:00,110.20714397177693,125.7
2026-01-22 09:00:00+01:00,132.95356237873514,127.61
2026-01-22 09:15:00+01:00,119.76162245978362,116.54
2026-01-22 09:30:00+01:00,103.3896201680932,112.03
2026-01-22 09:45:00+01:00,88.48728023262129,101.49
2026-01-22 10:00:00+01:00,109.63651827527578,102.58
2026-01-22 10:15:00+01:00,97.07091000672423,93.51
2026-01-22 10:30:00+01:00,91.23538412667868,94.48
2026-01-22 10:45:00+01:00,86.24133225488877,90.46
2026-01-22 11:00:00+01:00,94.78969816267566,91.6
2026-01-22 11:15:00+01:00,87.40407179078987,88.92
2026-01-22 11:30:00+01:00,83.891611086439,88.59
2026-01-22 11:45:00+01:00,84.45482812361395,87.19
2026-01-22 12:00:00+01:00,84.58094450233577,87.12
2026-01-22 12:15:00+01:00,82.0119379034653,83.32
2026-01-22 12:30:00+01:00,86.32501082654154,82.91
2026-01-22 12:45:00+01:00,87.04747938241489,82.08
2026-01-22 13:00:00+01:00,83.89482273246496,86.09
2026-01-22 13:15:00+01:00,85.27771106469656,88.05
2026-01-22 13:30:00+01:00,88.24417134185026,88.92
2026-01-22 13:45:00+01:00,91.35970433756229,89.2
2026-01-22 14:00:00+01:00,86.08037424218908,89.9
2026-01-22 14:15:00+01:00,90.78366432867656,95.76
2026-01-22 14:30:00+01:00,99.52611655511676,93.98
2026-01-22 14:45:00+01:00,110.59738972002317,100.0
2026-01-22 15:00:00+01:00,98.15909203237759,96.19
2026-01-22 15:15:00+01:00,105.76892475484956,104.05
2026-01-22 15:30:00+01:00,117.75346475139013,112.87
2026-01-22 15:45:00+01:00,127.79413456978678,118.01
2026-01-22 16:00:00+01:00,106.9057335377447,114.11
2026-01-22 16:15:00+01:00,114.89165416641535,128.92
2026-01-22 16:30:00+01:00,124.74433286051612,145.95
2026-01-22 16:45:00+01:00,139.00484031347347,134.61
2026-01-22 17:00:00+01:00,119.44551564498424,129.75
2026-01-22 17:15:00+01:00,125.9113202694048,136.45
2026-01-22 17:30:00+01:00,131.56184786736358,141.3
2026-01-22 17:45:00+01:00,133.63055989822374,137.96
2026-01-22 18:00:00+01:00,128.03743049466456,131.29
2026-01-22 18:15:00+01:00,126.18989798606735,129.97
2026-01-22 18:30:00+01:00,124.47283978383832,127.97
2026-01-22 18:45:00+01:00,119.68343282470804,129.44
2026-01-22 19:00:00+01:00,130.31544318924642,129.5
2026-01-22 19:15:00+01:00,121.97659811246275,120.79
2026-01-22 19:30:00+01:00,113.99217678791165,123.15
2026-01-22 19:45:00+01:00,109.02117175722216,112.83
2026-01-22 20:00:00+01:00,115.91581518995275,116.06
2026-01-22 20:15:00+01:00,109.38865538911818,108.43
2026-01-22 20:30:00+01:00,102.80715103433191,106.77
2026-01-22 20:45:00+01:00,101.88204009316578,106.14
2026-01-22 21:00:00+01:00,106.55191505445102,120.17
2026-01-22 21:15:00+01:00,103.23080007440325,107.16
2026-01-22 21:30:00+01:00,99.42741502038668,102.05
2026-01-22 21:45:00+01:00,91.44973337666323,98.4
2026-01-22 22:00:00+01:00,101.03337366423995,103.27
2026-01-22 22:15:00+01:00,97.45335973914605,102.41
2026-01-22 22:30:00+01:00,97.63308492664332,108.98
2026-01-22 22:45:00+01:00,91.45690844195323,98.63
2026-01-22 23:00:00+01:00,96.91027744464678,102.76
2026-01-22 23:15:00+01:00,89.70757915784877,96.97
2026-01-22 23:30:00+01:00,87.7424864189879,99.04
2026-01-22 23:45:00+01:00,84.1708196187021,90.46
2026-01-23 00:00:00+01:00,102.8595413433659,99.35
2026-01-23 00:15:00+01:00,99.35723464010898,97.69
2026-01-23 00:30:00+01:00,96.73368944929766,97.0
2026-01-23 00:45:00+01:00,94.68510623631745,97.51
2026-01-23 01:00:00+01:00,98.97974042397975,99.78
2026-01-23 01:15:00+01:00,97.3356256754762,96.62
2026-01-23 01:30:00+01:00,96.18332421337325,97.04
2026-01-23 01:45:00+01:00,93.41847154286543,95.54
2026-01-23 02:00:00+01:00,97.37473468803415,99.41
2026-01-23 02:15:00+01:00,94.01807047303927,94.92
2026-01-23 02:30:00+01:00,93.39283786663776,95.03
2026-01-23 02:45:00+01:00,93.01518543462781,94.43
2026-01-23 03:00:00+01:00,94.20419693521389,95.35
2026-01-23 03:15:00+01:00,92.97516611349592,95.3
2026-01-23 03:30:00+01:00,91.04517624571918,94.78
2026-01-23 03:45:00+01:00,93.24628994980337,94.58
2026-01-23 04:00:00+01:00,89.95211818381011,95.52
2026-01-23 04:15:00+01:00,90.29769030872603,95.1
2026-01-23 04:30:00+01:00,93.08558800451064,95.83
2026-01-23 04:45:00+01:00,95.39681472137461,96.04
2026-01-23 05:00:00+01:00,90.30285941238974,96.13
2026-01-23 05:15:00+01:00,91.99753292146436,97.21
2026-01-23 05:30:00+01:00,98.1479352547108,97.55
2026-01-23 05:45:00+01:00,101.10349891921369,97.1
2026-01-23 06:00:00+01:00,96.63877188438633,97.66
2026-01-23 06:15:00+01:00,102.99094591255532,104.27
2026-01-23 06:30:00+01:00,109.01346255433037,114.29
2026-01-23 06:45:00+01:00,124.72185703426007,116.57
2026-01-23 07:00:00+01:00,114.4827971470105,116.58
2026-01-23 07:15:00+01:00,127.05926635993686,136.98
2026-01-23 07:30:00+01:00,138.12291235024796,135.31
2026-01-23 07:45:00+01:00,143.93860492174295,143.13
2026-01-23 08:00:00+01:00,153.5618822162014,154.59
2026-01-23 08:15:00+01:00,152.74707011468365,160.4
2026-01-23 08:30:00+01:00,144.79860374588088,153.76
2026-01-23 08:45:00+01:00,127.55045330318539,143.0
2026-01-23 09:00:00+01:00,147.82502794757232,162.67
2026-01-23 09:15:00+01:00,136.7040951320168,149.84
2026-01-23 09:30:00+01:00,120.91976715597613,140.49
2026-01-23 09:45:00+01:00,104.33731751675379,116.95
2026-01-23 10:00:00+01:00,131.45563822031468,132.71
2026-01-23 10:15:00+01:00,111.62934870078959,116.55
2026-01-23 10:30:00+01:00,111.6735448002706,110.13
2026-01-23 10:45:00+01:00,98.4248850185595,102.12
2026-01-23 11:00:00+01:00,107.85199854402896,103.21
2026-01-23 11:15:00+01:00,99.96166286874967,100.02
2026-01-23 11:30:00+01:00,95.90790210418206,99.41
2026-01-23 11:45:00+01:00,92.55180681983866,97.87
2026-01-23 12:00:00+01:00,96.01820065707616,96.83
2026-01-23 12:15:00+01:00,91.54220230621019,95.78
2026-01-23 12:30:00+01:00,93.82674447685777,96.28
2026-01-23 12:45:00+01:00,93.92695790064515,95.96
2026-01-23 13:00:00+01:00,95.92933224764285,95.92
2026-01-23 13:15:00+01:00,93.50380489333216,95.65
2026-01-23 13:30:00+01:00,95.61724020977316,95.55
2026-01-23 13:45:00+01:00,96.80409676567643,95.92
2026-01-23 14:00:00+01:00,94.93784717196931,95.95
2026-01-23 14:15:00+01:00,96.1247764602661,96.53
2026-01-23 14:30:00+01:00,100.96108942619719,96.7
2026-01-23 14:45:00+01:00,108.84947016210015,99.14
2026-01-23 15:00:00+01:00,99.51369483953165,97.87
2026-01-23 15:15:00+01:00,107.07429479248214,101.96
2026-01-23 15:30:00+01:00,114.3749854475018,112.46
2026-01-23 15:45:00+01:00,114.65289805436322,122.78
2026-01-23 16:00:00+01:00,104.71910673033389,111.25
2026-01-23 16:15:00+01:00,111.28010749630367,122.94
2026-01-23 16:30:00+01:00,114.78130615714582,128.14
2026-01-23 16:45:00+01:00,123.1029325301572,133.86
2026-01-23 17:00:00+01:00,105.8955205949499,132.17
2026-01-23 17:15:00+01:00,112.35860390409961,138.22
2026-01-23 17:30:00+01:00,116.57353739614105,137.53
2026-01-23 17:45:00+01:00,114.53568338445088,136.42
2026-01-23 18:00:00+01:00,115.41198259740462,132.0
2026-01-23 18:15:00+01:00,112.97282582123022,127.17
2026-01-23 18:30:00+01:00,109.62785685022534,124.78
2026-01-23 18:45:00+01:00,108.33082942233645,129.98
2026-01-23 19:00:00+01:00,113.15908374493519,125.38
2026-01-23 19:15:00+01:00,105.06462887258027,117.77
2026-01-23 19:30:00+01:00,103.23136885778048,114.16
2026-01-23 19:45:00+01:00,98.75874325855428,109.9
2026-01-23 20:00:00+01:00,101.47519114909635,113.04
2026-01-23 20:15:00+01:00,97.60052741477153,107.9
2026-01-23 20:30:00+01:00,97.4784848720233,105.26
2026-01-23 20:45:00+01:00,96.01067939535533,102.69
2026-01-23 21:00:00+01:00,99.27376699414609,108.73
2026-01-23 21:15:00+01:00,98.19598774581259,105.79
2026-01-23 21:30:00+01:00,96.89226420745617,102.25
2026-01-23 21:45:00+01:00,92.28039497248733,99.07
2026-01-23 22:00:00+01:00,96.53822673886506,105.79
2026-01-23 22:15:00+01:00,95.46242890223046,102.19
2026-01-23 22:30:00+01:00,97.37163241340055,106.89
2026-01-23 22:45:00+01:00,93.42194119468931,104.29
2026-01-23 23:00:00+01:00,99.3882632292362,99.13
2026-01-23 23:15:00+01:00,91.36187964385752,96.23
2026-01-23 23:30:00+01:00,88.9135318772996,97.32
2026-01-23 23:45:00+01:00,85.53550798866905,95.3
2026-01-24 00:00:00+01:00,99.8216030186767,104.19
2026-01-24 00:15:00+01:00,98.0121393002076,101.41
2026-01-24 00:30:00+01:00,94.17318490355117,98.9
2026-01-24 00:45:00+01:00,91.96998703485315,94.7
2026-01-24 01:00:00+01:00,97.68466421508938,103.08
2026-01-24 01:15:00+01:00,94.47980828980425,98.64
2026-01-24 01:30:00+01:00,93.5773536633426,97.5
2026-01-24 01:45:00+01:00,91.82071043995448,96.92
2026-01-24 02:00:00+01:00,94.86986699396509,97.64
2026-01-24 02:15:00+01:00,92.66405414389413,98.3
2026-01-24 02:30:00+01:00,91.6686425563977,98.87
2026-01-24 02:45:00+01:00,91.26098782229795,98.45
2026-01-24 03:00:00+01:00,92.25572003936843,97.36
2026-01-24 03:15:00+01:00,91.45948818544204,98.16
2026-01-24 03:30:00+01:00,90.01189319364235,97.79
2026-01-24 03:45:00+01:00,89.51005823287585,97.99
2026-01-24 04:00:00+01:00,89.8343092030693,98.34
2026-01-24 04:15:00+01:00,90.22868261776283,96.86
2026-01-24 04:30:00+01:00,90.45874878513014,97.49
2026-01-24 04:45:00+01:00,91.67394653321091,97.5
2026-01-24 05:00:00+01:00,88.69493781101768,97.86
2026-01-24 05:15:00+01:00,89.8966116293254,99.36
2026-01-24 05:30:00+01:00,91.79226218819842,98.51
2026-01-24 05:45:00+01:00,92.27166498994374,99.91
2026-01-24 06:00:00+01:00,90.47866774036558,97.5
2026-01-24 06:15:00+01:00,90.33389551155952,100.93
2026-01-24 06:30:00+01:00,92.7757668818137,101.09
2026-01-24 06:45:00+01:00,96.78745871368237,102.07
2026-01-24 07:00:00+01:00,91.36274289347297,102.67
2026-01-24 07:15:00+01:00,93.2007971982833,103.19
2026-01-24 07:30:00+01:00,99.84393056100141,104.42
2026-01-24 07:45:00+01:00,107.58206960085872,105.96
2026-01-24 08:00:00+01:00,104.38239859963936,109.24
2026-01-24 08:15:00+01:00,108.06914869025937,109.7
2026-01-24 08:30:00+01:00,111.00339203089622,112.15
2026-01-24 08:45:00+01:00,111.64140032476426,112.9
2026-01-24 09:00:00+01:00,117.31838026960651,124.9
2026-01-24 09:15:00+01:00,115.70728504904886,126.23
2026-01-24 09:30:00+01:00,112.19885815966867,121.17
2026-01-24 09:45:00+01:00,102.91288824049963,120.07
2026-01-24 10:00:00+01:00,114.954426669563,135.3
2026-01-24 10:15:00+01:00,107.24246186524591,120.06
2026-01-24 10:30:00+01:00,102.91166004977057,115.22
2026-01-24 10:45:00+01:00,100.25827526069868,106.38
2026-01-24 11:00:00+01:00,106.39476854281921,114.77
2026-01-24 11:15:00+01:00,102.9195534678576,110.46
2026-01-24 11:30:00+01:00,100.99968239972098,109.7
2026-01-24 11:45:00+01:00,98.326760925564,106.26
2026-01-24 12:00:00+01:00,100.61353094393502,108.21
2026-01-24 12:15:00+01:00,97.75295235056967,106.75
2026-01-24 12:30:00+01:00,98.76407118697004,106.3
2026-01-24 12:45:00+01:00,97.57211277583262,103.61
2026-01-24 13:00:00+01:00,99.57933960338573,103.0
2026-01-24 13:15:00+01:00,98.664868947014,101.6
2026-01-24 13:30:00+01:00,96.9399908967031,101.59
2026-01-24 13:45:00+01:00,97.03141025395321,101.3
2026-01-24 14:00:00+01:00,95.02517702081774,102.3
2026-01-24 14:15:00+01:00,99.81304895174644,103.25
2026-01-24 14:30:00+01:00,105.43537652083155,105.54
2026-01-24 14:45:00+01:00,112.68149990145886,109.39
2026-01-24 15:00:00+01:00,103.67465223049923,104.22
2026-01-24 15:15:00+01:00,111.15181330700864,112.02
2026-01-24 15:30:00+01:00,119.69239250874256,125.55
2026-01-24 15:45:00+01:00,129.23686110428991,131.12
2026-01-24 16:00:00+01:00,108.5099183645327,118.39
2026-01-24 16:15:00+01:00,118.01118432348284,126.95
2026-01-24 16:30:00+01:00,129.52918595371875,141.47
2026-01-24 16:45:00+01:00,144.14363893531032,140.81
2026-01-24 17:00:00+01:00,124.69403665992925,141.21
2026-01-24 17:15:00+01:00,135.30033350932092,147.9
2026-01-24 17:30:00+01:00,140.98948314637707,148.95
2026-01-24 17:45:00+01:00,141.86935434981595,148.83
2026-01-24 18:00:00+01:00,135.94851844391687,146.17
2026-01-24 18:15:00+01:00,133.56400871160403,146.25
2026-01-24 18:30:00+01:00,134.94475071187648,140.59
2026-01-24 18:45:00+01:00,135.98621122888235,133.98
2026-01-24 19:00:00+01:00,136.6703748709916,139.18
2026-01-24 19:15:00+01:00,130.513361249313,134.99
2026-01-24 19:30:00+01:00,133.08510121915782,130.13
2026-01-24 19:45:00+01:00,124.92310366187667,123.43
2026-01-24 20:00:00+01:00,123.47698375948208,129.56
2026-01-24 20:15:00+01:00,115.3859197995067,122.23
2026-01-24 20:30:00+01:00,113.30511082162161,113.34
2026-01-24 20:45:00+01:00,106.6547947738477,109.56
2026-01-24 21:00:00+01:00,112.26940994660553,112.76
2026-01-24 21:15:00+01:00,107.32583554037393,112.15
2026-01-24 21:30:00+01:00,103.75607758734337,109.92
2026-01-24 21:45:00+01:00,98.56993818045878,107.32
2026-01-24 22:00:00+01:00,107.50682695738779,111.79
2026-01-24 22:15:00+01:00,103.8288813935593,108.3
2026-01-24 22:30:00+01:00,102.30432070997888,112.12
2026-01-24 22:45:00+01:00,98.70214232404692,109.03
2026-01-24 23:00:00+01:00,103.32210526665169,107.98
2026-01-24 23:15:00+01:00,98.72158289702031,104.22
2026-01-24 23:30:00+01:00,96.16276941361541,103.47
2026-01-24 23:45:00+01:00,91.48933803294575,100.93
2026-01-25 00:00:00+01:00,108.16120514570663,101.5
2026-01-25 00:15:00+01:00,103.56995561368089,102.31
2026-01-25 00:30:00+01:00,98.42962654223756,101.59
2026-01-25 00:45:00+01:00,96.90186776060933,100.37
2026-01-25 01:00:00+01:00,104.21411525743505,102.21
2026-01-25 01:15:00+01:00,100.35161415322655,101.59
2026-01-25 01:30:00+01:00,99.0614311970048,102.07
2026-01-25 01:45:00+01:00,97.03777619917345,101.16
2026-01-25 02:00:00+01:00,101.53547564818217,102.03
2026-01-25 02:15:00+01:00,97.67488913193338,100.97
2026-01-25 02:30:00+01:00,96.90367418996105,100.94
2026-01-25 02:45:00+01:00,95.04668914432413,101.32
2026-01-25 03:00:00+01:00,97.62084804594409,102.02
2026-01-25 03:15:00+01:00,96.23897412884742,101.6
2026-01-25 03:30:00+01:00,94.55199034630799,102.71
2026-01-25 03:45:00+01:00,95.62077556288126,100.75
2026-01-25 04:00:00+01:00,94.57775379279776,101.19
2026-01-25 04:15:00+01:00,94.33322762984929,100.69
2026-01-25 04:30:00+01:00,95.02193455606587,100.88
2026-01-25 04:45:00+01:00,95.89059176079788,100.69
2026-01-25 05:00:00+01:00,95.09192879169402,98.99
2026-01-25 05:15:00+01:00,95.12973154518798,101.59
2026-01-25 05:30:00+01:00,96.32651204810539,100.84
2026-01-25 05:45:00+01:00,94.60061183613372,100.63
2026-01-25 06:00:00+01:00,97.8135300160271,99.29
2026-01-25 06:15:00+01:00,94.45115332680389,100.09
2026-01-25 06:30:00+01:00,96.45644613904615,100.3
2026-01-25 06:45:00+01:00,99.6691607520917,100.18
2026-01-25 07:00:00+01:00,96.4621463769544,100.05
2026-01-25 07:15:00+01:00,99.11007493721077,101.01
2026-01-25 07:30:00+01:00,105.27197738083247,103.43
2026-01-25 07:45:00+01:00,111.11661440582328,103.75
2026-01-25 08:00:00+01:00,111.50593924382872,101.59
2026-01-25 08:15:00+01:00,111.20710491537304,103.19
2026-01-25 08:30:00+01:00,109.60203384509522,104.98
2026-01-25 08:45:00+01:00,113.54269899939848,105.27
2026-01-25 09:00:00+01:00,116.52317998138315,109.07
2026-01-25 09:15:00+01:00,115.04711464524891,108.93
2026-01-25 09:30:00+01:00,117.70454826377217,109.75
2026-01-25 09:45:00+01:00,112.65987474120155,107.8
2026-01-25 10:00:00+01:00,118.53765112706155,112.77
2026-01-25 10:15:00+01:00,111.6835974577261,114.77
2026-01-25 10:30:00+01:00,111.0364694155266,112.3
2026-01-25 10:45:00+01:00,106.41374586370699,112.93
2026-01-25 11:00:00+01:00,113.07781716129038,117.41
2026-01-25 11:15:00+01:00,110.37514314307714,116.57
2026-01-25 11:30:00+01:00,107.95850344310182,116.59
2026-01-25 11:45:00+01:00,104.63326796756513,113.5
2026-01-25 12:00:00+01:00,108.61951273431586,123.74
2026-01-25 12:15:00+01:00,106.67624718034878,119.86
2026-01-25 12:30:00+01:00,105.42847920007036,120.09
2026-01-25 12:45:00+01:00,104.50941286691008,116.43
2026-01-25 13:00:00+01:00,107.61878201686228,119.87
2026-01-25 13:15:00+01:00,107.02420490156511,116.8
2026-01-25 13:30:00+01:00,102.27656458164253,114.65
2026-01-25 13:45:00+01:00,100.29177746793722,113.11
2026-01-25 14:00:00+01:00,105.36644449921359,112.9
2026-01-25 14:15:00+01:00,104.46913950573139,112.9
2026-01-25 14:30:00+01:00,108.37209211033985,114.42
2026-01-25 14:45:00+01:00,110.32521354268337,117.04
2026-01-25 15:00:00+01:00,106.16635172583342,107.6
2026-01-25 15:15:00+01:00,111.79564070784505,109.3
2026-01-25 15:30:00+01:00,119.93284668571705,113.27
2026-01-25 15:45:00+01:00,122.8085307961262,116.84
2026-01-25 16:00:00+01:00,115.48517175348422,107.79
2026-01-25 16:15:00+01:00,120.5984786273165,111.73
2026-01-25 16:30:00+01:00,128.42392540008314,120.38
2026-01-25 16:45:00+01:00,140.71812513526686,127.7
2026-01-25 17:00:00+01:00,125.31621862297052,123.99
2026-01-25 17:15:00+01:00,132.74140592569603,132.91
2026-01-25 17:30:00+01:00,136.01245004846845,133.37
2026-01-25 17:45:00+01:00,141.67763901453125,134.58
2026-01-25 18:00:00+01:00,133.31968554667526,138.83
2026-01-25 18:15:00+01:00,132.3781860030156,139.33
2026-01-25 18:30:00+01:00,133.52611517401928,137.97
2026-01-25 18:45:00+01:00,140.0851364912411,133.37
2026-01-25 19:00:00+01:00,133.71718680021274,136.74
2026-01-25 19:15:00+01:00,135.79944824625105,133.13
2026-01-25 19:30:00+01:00,135.49074849958293,130.77
2026-01-25 19:45:00+01:00,129.62262805422256,129.66
2026-01-25 20:00:00+01:00,128.96797887656922,132.65
2026-01-25 20:15:00+01:00,121.56559586466868,129.26
2026-01-25 20:30:00+01:00,117.82379671988798,120.89
2026-01-25 20:45:00+01:00,116.57157982456755,113.27
2026-01-25 21:00:00+01:00,111.89095895217841,120.37
2026-01-25 21:15:00+01:00,113.31089713527606,116.53
2026-01-25 21:30:00+01:00,110.76336513713278,111.85
2026-01-25 21:45:00+01:00,105.25275541768937,107.34
2026-01-25 22:00:00+01:00,110.80862132379129,119.05
2026-01-25 22:15:00+01:00,108.2443072252145,112.79
2026-01-25 22:30:00+01:00,110.74258039159703,109.47
2026-01-25 22:45:00+01:00,105.6612264251898,106.46
2026-01-25 23:00:00+01:00,106.38960821835823,108.3
2026-01-25 23:15:00+01:00,102.62873918486142,104.76
2026-01-25 23:30:00+01:00,102.06496299408084,102.74
2026-01-25 23:45:00+01:00,96.48392525772303,102.16
2026-01-26 00:00:00+01:00,109.50433373847065,109.76
2026-01-26 00:15:00+01:00,107.59334307405817,105.42
2026-01-26 00:30:00+01:00,102.27423247500487,101.11
2026-01-26 00:45:00+01:00,104.07487529969512,99.41
2026-01-26 01:00:00+01:00,107.27885827511248,102.49
2026-01-26 01:15:00+01:00,103.9939188766594,101.24
2026-01-26 01:30:00+01:00,105.35480410710088,100.85
2026-01-26 01:45:00+01:00,105.49420457374154,99.87
2026-01-26 02:00:00+01:00,107.43104159352748,100.8
2026-01-26 02:15:00+01:00,106.6658210306515,99.4
2026-01-26 02:30:00+01:00,107.97477712653574,96.92
2026-01-26 02:45:00+01:00,107.86798378387965,97.79
2026-01-26 03:00:00+01:00,106.3638503456273,95.44
2026-01-26 03:15:00+01:00,106.59348592858964,96.38
2026-01-26 03:30:00+01:00,108.31208765858918,95.55
2026-01-26 03:45:00+01:00,110.53527747103152,96.04
2026-01-26 04:00:00+01:00,106.6707912742761,94.69
2026-01-26 04:15:00+01:00,108.94827324239291,94.85
2026-01-26 04:30:00+01:00,110.90838323006035,95.29
2026-01-26 04:45:00+01:00,119.88738020362699,95.3
2026-01-26 05:00:00+01:00,109.6681688711723,93.64
2026-01-26 05:15:00+01:00,112.18275888568132,94.2
2026-01-26 05:30:00+01:00,119.35533102516678,99.48
2026-01-26 05:45:00+01:00,121.30094980695628,101.45
2026-01-26 06:00:00+01:00,117.09971659262085,103.55
2026-01-26 06:15:00+01:00,129.81493144169963,110.03
2026-01-26 06:30:00+01:00,154.53406552533096,113.57
2026-01-26 06:45:00+01:00,160.48210851576997,129.96
2026-01-26 07:00:00+01:00,154.89524969314192,131.83
2026-01-26 07:15:00+01:00,172.98437520032664,145.83
2026-01-26 07:30:00+01:00,191.55748386115448,159.19
2026-01-26 07:45:00+01:00,212.79910611975737,175.94
2026-01-26 08:00:00+01:00,220.81093346024673,163.86
2026-01-26 08:15:00+01:00,215.18091748384347,177.32
2026-01-26 08:30:00+01:00,189.3392358992138,184.51
2026-01-26 08:45:00+01:00,184.60927058942895,174.84
2026-01-26 09:00:00+01:00,197.87675983078833,191.5
2026-01-26 09:15:00+01:00,196.54589822308603,184.5
2026-01-26 09:30:00+01:00,174.82911007652802,172.9
2026-01-26 09:45:00+01:00,184.8556897403841,162.97
2026-01-26 10:00:00+01:00,205.27198372821326,186.82
2026-01-26 10:15:00+01:00,183.25732115301827,184.64
2026-01-26 10:30:00+01:00,206.16597062208842,177.18
2026-01-26 10:45:00+01:00,168.30865491913448,163.41
2026-01-26 11:00:00+01:00,165.78616127876836,177.78
2026-01-26 11:15:00+01:00,160.0596547503671,171.99
2026-01-26 11:30:00+01:00,152.61012410790394,167.9
2026-01-26 11:45:00+01:00,167.69628127423704,163.7
2026-01-26 12:00:00+01:00,153.7031393554126,168.65
2026-01-26 12:15:00+01:00,158.40255273001173,158.57
2026-01-26 12:30:00+01:00,156.93592677312114,151.0
2026-01-26 12:45:00+01:00,162.27516408553066,145.9
2026-01-26 13:00:00+01:00,171.11507355657272,158.13
2026-01-26 13:15:00+01:00,162.3056970739101,150.89
2026-01-26 13:30:00+01:00,162.65674724091764,147.57
2026-01-26 13:45:00+01:00,155.05437957536304,140.99
2026-01-26 14:00:00+01:00,157.7080643433764,141.83
2026-01-26 14:15:00+01:00,163.37788118586192,149.99
2026-01-26 14:30:00+01:00,166.37432011920586,147.6
2026-01-26 14:45:00+01:00,170.7545069326141,151.7
2026-01-26 15:00:00+01:00,170.76451445976608,152.67
2026-01-26 15:15:00+01:00,170.651234745537,151.94
2026-01-26 15:30:00+01:00,186.76167662476217,163.7
2026-01-26 15:45:00+01:00,206.33229870346238,171.57
2026-01-26 16:00:00+01:00,178.89179533453222,151.97
2026-01-26 16:15:00+01:00,198.97207487565908,153.0
2026-01-26 16:30:00+01:00,217.22616497672806,170.0
2026-01-26 16:45:00+01:00,261.54932982600235,190.35
2026-01-26 17:00:00+01:00,200.47379934755128,152.12
2026-01-26 17:15:00+01:00,233.9211578215794,170.5
2026-01-26 17:30:00+01:00,259.9781026227818,192.14
2026-01-26 17:45:00+01:00,287.44166654731936,200.03
2026-01-26 18:00:00+01:00,226.822966560104,187.36
2026-01-26 18:15:00+01:00,218.46738272289025,175.96
2026-01-26 18:30:00+01:00,231.1427986451614,178.59
2026-01-26 18:45:00+01:00,277.5226310838674,170.18
2026-01-26 19:00:00+01:00,247.82473993817354,182.77
2026-01-26 19:15:00+01:00,183.81430606139634,179.57
2026-01-26 19:30:00+01:00,218.00073080937761,164.59
2026-01-26 19:45:00+01:00,207.1702748583021,152.96
2026-01-26 20:00:00+01:00,174.18107738280926,167.85
2026-01-26 20:15:00+01:00,175.8030188624109,153.27
2026-01-26 20:30:00+01:00,171.4409226344374,151.02
2026-01-26 20:45:00+01:00,156.6085882102982,144.52
2026-01-26 21:00:00+01:00,158.06140001650877,149.95
2026-01-26 21:15:00+01:00,154.21059527945118,141.05
2026-01-26 21:30:00+01:00,139.0609410619321,140.99
2026-01-26 21:45:00+01:00,127.78114530212466,116.46
2026-01-26 22:00:00+01:00,138.37505072908334,138.28
2026-01-26 22:15:00+01:00,138.35552852818287,124.03
2026-01-26 22:30:00+01:00,139.23519246167245,113.75
2026-01-26 22:45:00+01:00,129.82059503099308,109.94
2026-01-26 23:00:00+01:00,129.05751899400934,118.32
2026-01-26 23:15:00+01:00,119.43977592739412,115.87
2026-01-26 23:30:00+01:00,118.00431580581271,107.72
2026-01-26 23:45:00+01:00,127.21848595639462,104.83
2026-01-27 00:00:00+01:00,114.44660599241463,123.39
2026-01-27 00:15:00+01:00,111.18629265718315,119.09
2026-01-27 00:30:00+01:00,106.13795716915003,117.52
2026-01-27 00:45:00+01:00,105.87794068255488,115.07
2026-01-27 01:00:00+01:00,111.81421591076175,116.8
2026-01-27 01:15:00+01:00,108.01461946084481,114.88
2026-01-27 01:30:00+01:00,104.58550153580443,113.13
2026-01-27 01:45:00+01:00,103.0936980435776,110.0
2026-01-27 02:00:00+01:00,104.5184915523245,113.07
2026-01-27 02:15:00+01:00,102.98755451427695,112.25
2026-01-27 02:30:00+01:00,104.16348054005711,111.96
2026-01-27 02:45:00+01:00,103.79977054035352,111.35
2026-01-27 03:00:00+01:00,103.62918300057422,113.09
2026-01-27 03:15:00+01:00,102.54031316686476,110.98
2026-01-27 03:30:00+01:00,103.57082919299452,110.95
2026-01-27 03:45:00+01:00,103.97589998897901,110.93
2026-01-27 04:00:00+01:00,100.26958240400192,110.5
2026-01-27 04:15:00+01:00,102.19799805846685,110.59
2026-01-27 04:30:00+01:00,104.0746128439512,110.04
2026-01-27 04:45:00+01:00,106.60497090515742,111.05
2026-01-27 05:00:00+01:00,105.71844738458663,107.0
2026-01-27 05:15:00+01:00,99.83339357256574,109.98
2026-01-27 05:30:00+01:00,109.34060523746233,112.8
2026-01-27 05:45:00+01:00,114.7049733262098,116.82
2026-01-27 06:00:00+01:00,112.63372943948758,113.92
2026-01-27 06:15:00+01:00,128.24443713514395,122.68
2026-01-27 06:30:00+01:00,146.98353071319303,140.17
2026-01-27 06:45:00+01:00,160.38946224396352,157.67
2026-01-27 07:00:00+01:00,154.748235297633,133.03
2026-01-27 07:15:00+01:00,180.71885860294822,152.98
2026-01-27 07:30:00+01:00,193.7780173358031,167.0
2026-01-27 07:45:00+01:00,195.625336179356,186.49
2026-01-27 08:00:00+01:00,217.75883779090435,186.4
2026-01-27 08:15:00+01:00,202.08587290783152,185.95
2026-01-27 08:30:00+01:00,178.04703019188432,170.7
2026-01-27 08:45:00+01:00,162.31819799034835,163.49
2026-01-27 09:00:00+01:00,188.46518483414275,188.69
2026-01-27 09:15:00+01:00,168.75104550745112,173.11
2026-01-27 09:30:00+01:00,169.5623383437084,169.99
2026-01-27 09:45:00+01:00,156.52276934112854,152.99
2026-01-27 10:00:00+01:00,171.69168234336416,169.94
2026-01-27 10:15:00+01:00,153.10542741925275,152.64
2026-01-27 10:30:00+01:00,151.61209003714046,138.16
2026-01-27 10:45:00+01:00,141.15098077281903,133.09
2026-01-27 11:00:00+01:00,142.5097395541597,141.89
2026-01-27 11:15:00+01:00,143.0733799106155,135.24
2026-01-27 11:30:00+01:00,130.86284024274883,133.01
2026-01-27 11:45:00+01:00,134.71292462505326,123.02
2026-01-27 12:00:00+01:00,128.1688682621325,131.25
2026-01-27 12:15:00+01:00,126.12428781736898,127.0
2026-01-27 12:30:00+01:00,126.95444590104901,119.79
2026-01-27 12:45:00+01:00,131.23335725194752,114.08
2026-01-27 13:00:00+01:00,135.40343256437632,114.95
2026-01-27 13:15:00+01:00,128.35257044088036,112.28
2026-01-27 13:30:00+01:00,127.87850334041735,110.03
2026-01-27 13:45:00+01:00,121.21723230159522,112.69
2026-01-27 14:00:00+01:00,125.98980697560961,124.87
2026-01-27 14:15:00+01:00,124.8679065298103,129.44
2026-01-27 14:30:00+01:00,129.52894234289693,133.77
2026-01-27 14:45:00+01:00,130.06005143520872,136.25
2026-01-27 15:00:00+01:00,127.4995466574743,131.72
2026-01-27 15:15:00+01:00,130.45922289799253,126.43
2026-01-27 15:30:00+01:00,134.33768624812618,124.64
2026-01-27 15:45:00+01:00,136.30478669690416,127.0
2026-01-27 16:00:00+01:00,131.24480936166643,136.98
2026-01-27 16:15:00+01:00,136.97559627601674,127.01
2026-01-27 16:30:00+01:00,145.05615869915732,129.03
2026-01-27 16:45:00+01:00,153.79449795771848,138.9
2026-01-27 17:00:00+01:00,142.70084689381918,137.49
2026-01-27 17:15:00+01:00,147.46509863383685,158.07
2026-01-27 17:30:00+01:00,150.19161356568736,170.01
2026-01-27 17:45:00+01:00,163.54109979695943,144.91
2026-01-27 18:00:00+01:00,149.69913168105404,133.6
2026-01-27 18:15:00+01:00,143.02505822157943,135.77
2026-01-27 18:30:00+01:00,149.97540632237687,143.64
2026-01-27 18:45:00+01:00,159.98622515864542,151.55
2026-01-27 19:00:00+01:00,153.34793658562936,149.81
2026-01-27 19:15:00+01:00,142.27704312157022,138.37
2026-01-27 19:30:00+01:00,135.75400297560313,136.34
2026-01-27 19:45:00+01:00,130.2897006526552,131.01
2026-01-27 20:00:00+01:00,128.61818782307728,134.38
2026-01-27 20:15:00+01:00,111.4695993506152,123.24
2026-01-27 20:30:00+01:00,108.2676598378207,115.88
2026-01-27 20:45:00+01:00,110.87290895660175,112.85
2026-01-27 21:00:00+01:00,115.91259661700279,117.99
2026-01-27 21:15:00+01:00,112.27477859862213,119.36
2026-01-27 21:30:00+01:00,108.76976967553811,123.01
2026-01-27 21:45:00+01:00,104.96815453050311,117.11
2026-01-27 22:00:00+01:00,108.14802570846149,122.79
2026-01-27 22:15:00+01:00,106.74967135699191,120.0
2026-01-27 22:30:00+01:00,106.86481893860322,122.29
2026-01-27 22:45:00+01:00,105.52828487080086,117.72
2026-01-27 23:00:00+01:00,104.53706896740361,119.11
2026-01-27 23:15:00+01:00,99.48568610603044,111.58
2026-01-27 23:30:00+01:00,97.71198401675923,110.03
2026-01-27 23:45:00+01:00,95.72877160139197,106.68
2026-01-28 00:00:00+01:00,108.18563717355408,111.06
2026-01-28 00:15:00+01:00,106.4343618817529,109.12
2026-01-28 00:30:00+01:00,102.84869344024533,101.32
2026-01-28 00:45:00+01:00,101.50503614939518,100.4
2026-01-28 01:00:00+01:00,107.05825417681706,109.29
2026-01-28 01:15:00+01:00,102.60483212725983,105.51
2026-01-28 01:30:00+01:00,103.11706435983345,102.66
2026-01-28 01:45:00+01:00,101.78542968509572,100.4
2026-01-28 02:00:00+01:00,103.3612028942191,106.72
2026-01-28 02:15:00+01:00,101.30591369795967,105.6
2026-01-28 02:30:00+01:00,101.07832931458624,102.91
2026-01-28 02:45:00+01:00,100.73648106675114,102.63
2026-01-28 03:00:00+01:00,100.42463814558714,102.34
2026-01-28 03:15:00+01:00,100.93358379039304,101.25
2026-01-28 03:30:00+01:00,99.2223817646705,102.38
2026-01-28 03:45:00+01:00,99.04449885758072,102.99
2026-01-28 04:00:00+01:00,100.01723414277367,103.23
2026-01-28 04:15:00+01:00,100.00669494148163,103.46
2026-01-28 04:30:00+01:00,100.51043656613022,104.91
2026-01-28 04:45:00+01:00,102.6929154305037,107.25
2026-01-28 05:00:00+01:00,99.99050254032389,104.59
2026-01-28 05:15:00+01:00,101.28129318467865,106.18
2026-01-28 05:30:00+01:00,105.81000060757827,109.92
2026-01-28 05:45:00+01:00,107.74174543214984,105.71
2026-01-28 06:00:00+01:00,105.75116945219145,105.44
2026-01-28 06:15:00+01:00,111.45396902344052,109.29
2026-01-28 06:30:00+01:00,117.86139783379728,117.32
2026-01-28 06:45:00+01:00,130.58333220177155,122.74
2026-01-28 07:00:00+01:00,127.02156116801535,132.01
2026-01-28 07:15:00+01:00,138.3702125782945,142.03
2026-01-28 07:30:00+01:00,150.92564070664918,144.4
2026-01-28 07:45:00+01:00,163.28149079472644,155.95
2026-01-28 08:00:00+01:00,167.4778105337067,158.21
2026-01-28 08:15:00+01:00,164.69342419457473,168.21
2026-01-28 08:30:00+01:00,159.2322357810956,174.19
2026-01-28 08:45:00+01:00,157.98715893651607,183.4
2026-01-28 09:00:00+01:00,170.2776798184635,182.38
2026-01-28 09:15:00+01:00,164.98241246861795,179.82
2026-01-28 09:30:00+01:00,165.11994626373226,167.78
2026-01-28 09:45:00+01:00,152.99423606391352,164.6
2026-01-28 10:00:00+01:00,171.3827188430213,188.34
2026-01-28 10:15:00+01:00,151.91912627561004,174.74
2026-01-28 10:30:00+01:00,150.6458463325079,169.37
2026-01-28 10:45:00+01:00,144.01778813535432,156.85
2026-01-28 11:00:00+01:00,145.6897046054127,170.97
2026-01-28 11:15:00+01:00,142.52157609267164,164.35
2026-01-28 11:30:00+01:00,137.89316315714086,165.6
2026-01-28 11:45:00+01:00,139.72265402761138,164.04
2026-01-28 12:00:00+01:00,138.4184574125499,162.75
2026-01-28 12:15:00+01:00,135.3418095642415,158.34
2026-01-28 12:30:00+01:00,135.66405938779496,154.27
2026-01-28 12:45:00+01:00,135.10264164039086,152.99
2026-01-28 13:00:00+01:00,140.5368322254987,152.99
2026-01-28 13:15:00+01:00,136.98261473759567,155.44
2026-01-28 13:30:00+01:00,133.98018348226208,145.1
2026-01-28 13:45:00+01:00,127.33348023098702,138.12
2026-01-28 14:00:00+01:00,136.69226095916707,145.6
2026-01-28 14:15:00+01:00,136.24210261673548,142.02
2026-01-28 14:30:00+01:00,135.01871319662257,143.52
2026-01-28 14:45:00+01:00,131.22508866002806,149.0
2026-01-28 15:00:00+01:00,134.7967051273618,143.24
2026-01-28 15:15:00+01:00,140.13837363237997,136.33
2026-01-28 15:30:00+01:00,140.72630025017224,139.61
2026-01-28 15:45:00+01:00,143.78480853887294,145.37
2026-01-28 16:00:00+01:00,138.8135901327828,140.46
2026-01-28 16:15:00+01:00,147.49360362934215,143.15
2026-01-28 16:30:00+01:00,157.38547998252844,148.1
2026-01-28 16:45:00+01:00,164.5314355941632,156.8
2026-01-28 17:00:00+01:00,153.49058249566892,150.01
2026-01-28 17:15:00+01:00,154.38857390811285,168.4
2026-01-28 17:30:00+01:00,161.2076510980299,168.49
2026-01-28 17:45:00+01:00,164.99401806483465,169.99
2026-01-28 18:00:00+01:00,156.8497481418808,173.56
2026-01-28 18:15:00+01:00,152.4316603263074,171.5
2026-01-28 18:30:00+01:00,149.19010995783447,168.4
2026-01-28 18:45:00+01:00,149.65388958419527,168.24
2026-01-28 19:00:00+01:00,155.4272361594588,169.73
2026-01-28 19:15:00+01:00,143.49647666586543,166.8
2026-01-28 19:30:00+01:00,140.5559198775312,161.2
2026-01-28 19:45:00+01:00,130.9219714464902,147.17
2026-01-28 20:00:00+01:00,133.07346713946313,145.15
2026-01-28 20:15:00+01:00,130.13565258787162,137.14
2026-01-28 20:30:00+01:00,124.98528690564298,133.9
2026-01-28 20:45:00+01:00,115.49932544408594,120.87
2026-01-28 21:00:00+01:00,120.64720947307241,132.0
2026-01-28 21:15:00+01:00,114.7891354088818,121.05
2026-01-28 21:30:00+01:00,108.67755771443653,113.08
2026-01-28 21:45:00+01:00,101.57810692182564,109.91
2026-01-28 22:00:00+01:00,110.79480160869691,123.43
2026-01-28 22:15:00+01:00,107.01798472616498,115.41
2026-01-28 22:30:00+01:00,107.7567278448575,117.84
2026-01-28 22:45:00+01:00,104.55790855220184,111.32
2026-01-28 23:00:00+01:00,105.39711190839243,119.23
2026-01-28 23:15:00+01:00,98.83183351237847,110.54
2026-01-28 23:30:00+01:00,97.36435741106757,110.05
2026-01-28 23:45:00+01:00,93.23236171829053,104.01
2026-01-29 00:00:00+01:00,112.03430280389016,107.89
2026-01-29 00:15:00+01:00,108.42989850773529,104.58
2026-01-29 00:30:00+01:00,102.90430292079152,103.82
2026-01-29 00:45:00+01:00,100.6201594947521,101.91
2026-01-29 01:00:00+01:00,108.95189643023417,105.8
2026-01-29 01:15:00+01:00,104.14574377295739,104.03
2026-01-29 01:30:00+01:00,102.73752505191338,103.74
2026-01-29 01:45:00+01:00,101.42254722569339,102.43
2026-01-29 02:00:00+01:00,102.50934693940992,103.01
2026-01-29 02:15:00+01:00,101.25241287382993,102.6
2026-01-29 02:30:00+01:00,101.79616697436511,101.68
2026-01-29 02:45:00+01:00,100.5591346434643,100.23
2026-01-29 03:00:00+01:00,100.17400319506854,100.03
2026-01-29 03:15:00+01:00,100.0376331634372,100.0
2026-01-29 03:30:00+01:00,99.52245723340481,99.98
2026-01-29 03:45:00+01:00,99.4809225927975,100.08
2026-01-29 04:00:00+01:00,100.98920653295305,99.48
2026-01-29 04:15:00+01:00,100.07149523674241,100.29
2026-01-29 04:30:00+01:00,100.83813830966747,100.53
2026-01-29 04:45:00+01:00,104.12057935440197,103.43
2026-01-29 05:00:00+01:00,100.1002155528256,101.36
2026-01-29 05:15:00+01:00,101.88742661440443,102.82
2026-01-29 05:30:00+01:00,106.06682313613382,107.52
2026-01-29 05:45:00+01:00,108.56566184570478,106.85
2026-01-29 06:00:00+01:00,105.56500946794893,103.85
2026-01-29 06:15:00+01:00,111.41575047270749,108.74
2026-01-29 06:30:00+01:00,119.04353451358371,118.35
2026-01-29 06:45:00+01:00,127.43028066916635,133.54
2026-01-29 07:00:00+01:00,123.83398116079506,126.9
2026-01-29 07:15:00+01:00,129.4490591358574,145.84
2026-01-29 07:30:00+01:00,141.6400046743043,161.36
2026-01-29 07:45:00+01:00,156.08189086854884,164.28
2026-01-29 08:00:00+01:00,155.40345342989835,163.58
2026-01-29 08:15:00+01:00,159.57477426832756,165.62
2026-01-29 08:30:00+01:00,162.30689522280522,167.25
2026-01-29 08:45:00+01:00,162.32747701601426,166.28
2026-01-29 09:00:00+01:00,172.07718679698877,173.07
2026-01-29 09:15:00+01:00,169.74621908002325,166.21
2026-01-29 09:30:00+01:00,160.74225764018752,168.33
2026-01-29 09:45:00+01:00,150.0474144927001,164.53
2026-01-29 10:00:00+01:00,171.7053100850341,168.34
2026-01-29 10:15:00+01:00,157.8924186147307,163.72
2026-01-29 10:30:00+01:00,153.59069031880725,158.04
2026-01-29 10:45:00+01:00,144.37305151976096,152.6
2026-01-29 11:00:00+01:00,155.1099260868848,159.49
2026-01-29 11:15:00+01:00,151.95977154075038,154.32
2026-01-29 11:30:00+01:00,148.9106454991463,151.17
2026-01-29 11:45:00+01:00,147.14942730547622,146.19
2026-01-29 12:00:00+01:00,147.86611701800183,147.59
2026-01-29 12:15:00+01:00,144.2452956585558,143.91
2026-01-29 12:30:00+01:00,146.2185964951086,141.57
2026-01-29 12:45:00+01:00,143.75483110649998,139.07
2026-01-29 13:00:00+01:00,149.53121543335493,148.88
2026-01-29 13:15:00+01:00,146.74076447456636,141.24
2026-01-29 13:30:00+01:00,143.22023430619134,140.29
2026-01-29 13:45:00+01:00,134.79694729257716,140.85
2026-01-29 14:00:00+01:00,142.42373641023082,140.77
2026-01-29 14:15:00+01:00,140.237522810732,141.38
2026-01-29 14:30:00+01:00,144.14575793893556,143.86
2026-01-29 14:45:00+01:00,144.8701545905259,145.96
2026-01-29 15:00:00+01:00,140.48175930370246,143.31
2026-01-29 15:15:00+01:00,147.0606710563278,145.35
2026-01-29 15:30:00+01:00,152.61407269296188,148.25
2026-01-29 15:45:00+01:00,158.77891607980433,153.54
2026-01-29 16:00:00+01:00,143.98432501090497,145.47
2026-01-29 16:15:00+01:00,154.44308345286782,151.21
2026-01-29 16:30:00+01:00,164.18034493303054,153.07
2026-01-29 16:45:00+01:00,178.33417716377605,162.66
2026-01-29 17:00:00+01:00,160.8954940414987,155.66
2026-01-29 17:15:00+01:00,166.60852909667332,159.21
2026-01-29 17:30:00+01:00,171.68149528582305,161.82
2026-01-29 17:45:00+01:00,170.14269260642465,161.22
2026-01-29 18:00:00+01:00,167.15589258955558,158.94
2026-01-29 18:15:00+01:00,158.55892985102406,157.74
2026-01-29 18:30:00+01:00,155.6872129856602,155.81
2026-01-29 18:45:00+01:00,150.11133651047547,156.47
2026-01-29 19:00:00+01:00,159.5989474406877,152.24
2026-01-29 19:15:00+01:00,148.11761710572563,154.7
2026-01-29 19:30:00+01:00,141.84804493397098,152.99
2026-01-29 19:45:00+01:00,130.0252565332343,140.22
2026-01-29 20:00:00+01:00,137.60622424768871,144.57
2026-01-29 20:15:00+01:00,128.0694093204425,129.66
2026-01-29 20:30:00+01:00,119.58994357355986,120.03
2026-01-29 20:45:00+01:00,113.42803731442683,111.97
2026-01-29 21:00:00+01:00,125.56678768835957,121.98
2026-01-29 21:15:00+01:00,116.3652168037978,115.19
2026-01-29 21:30:00+01:00,110.69178416634159,109.65
2026-01-29 21:45:00+01:00,101.67350300674686,107.46
2026-01-29 22:00:00+01:00,112.93742057012399,113.21
2026-01-29 22:15:00+01:00,108.33081675082337,109.51
2026-01-29 22:30:00+01:00,107.31092662927071,109.06
2026-01-29 22:45:00+01:00,101.1156706818677,105.48
2026-01-29 23:00:00+01:00,104.77882891721643,110.93
2026-01-29 23:15:00+01:00,97.97876545699951,101.4
2026-01-29 23:30:00+01:00,95.46475171129563,103.12
2026-01-29 23:45:00+01:00,90.26287232044473,96.46
2026-01-30 00:00:00+01:00,106.28794736091159,125.08
2026-01-30 00:15:00+01:00,103.38220407931263,114.0
2026-01-30 00:30:00+01:00,98.22949870685659,104.21
2026-01-30 00:45:00+01:00,96.44036562967736,100.97
2026-01-30 01:00:00+01:00,101.87124687113825,106.22
2026-01-30 01:15:00+01:00,98.19389837035116,104.65
2026-01-30 01:30:00+01:00,97.71517261822545,102.47
2026-01-30 01:45:00+01:00,96.58991643154121,99.91
2026-01-30 02:00:00+01:00,98.99853666262487,104.26
2026-01-30 02:15:00+01:00,96.98184724082694,101.87
2026-01-30 02:30:00+01:00,96.25516376828612,99.12
2026-01-30 02:45:00+01:00,94.27796639079298,98.16
2026-01-30 03:00:00+01:00,96.06825254158372,99.22
2026-01-30 03:15:00+01:00,94.8697433024132,96.9
2026-01-30 03:30:00+01:00,93.60812272390615,96.71
2026-01-30 03:45:00+01:00,91.93479825364925,96.72
2026-01-30 04:00:00+01:00,93.47580042242794,97.32
2026-01-30 04:15:00+01:00,93.0930468212384,95.66
2026-01-30 04:30:00+01:00,94.74100641971907,96.82
2026-01-30 04:45:00+01:00,96.79541466882081,99.4
2026-01-30 05:00:00+01:00,93.68052249136123,94.3
2026-01-30 05:15:00+01:00,94.14136641042008,93.4
2026-01-30 05:30:00+01:00,98.80247253947167,93.74
2026-01-30 05:45:00+01:00,100.87241765202981,103.67
2026-01-30 06:00:00+01:00,97.52474502079653,99.41
2026-01-30 06:15:00+01:00,104.31883008319991,108.44
2026-01-30 06:30:00+01:00,111.5380713337616,116.71
2026-01-30 06:45:00+01:00,121.56711710499532,119.94
2026-01-30 07:00:00+01:00,117.84823127510381,118.64
2026-01-30 07:15:00+01:00,125.18017012377875,132.46
2026-01-30 07:30:00+01:00,133.8362476143091,134.32
2026-01-30 07:45:00+01:00,140.94640372932773,141.69
2026-01-30 08:00:00+01:00,148.00524126570133,141.86
2026-01-30 08:15:00+01:00,149.03920667862775,150.01
2026-01-30 08:30:00+01:00,143.2662939623957,145.36
2026-01-30 08:45:00+01:00,133.67106008739586,137.79
2026-01-30 09:00:00+01:00,149.26465164961178,152.99
2026-01-30 09:15:00+01:00,140.135927785682,149.05
2026-01-30 09:30:00+01:00,129.14086866556644,145.48
2026-01-30 09:45:00+01:00,120.03974314878548,140.62
2026-01-30 10:00:00+01:00,134.8083604741347,145.01
2026-01-30 10:15:00+01:00,123.69562976850965,136.36
2026-01-30 10:30:00+01:00,120.38760649272868,127.0
2026-01-30 10:45:00+01:00,112.08922609015444,122.15
2026-01-30 11:00:00+01:00,120.42961470805224,134.07
2026-01-30 11:15:00+01:00,115.22082274290263,125.28
2026-01-30 11:30:00+01:00,113.16244263051452,126.13
2026-01-30 11:45:00+01:00,108.54673275387054,118.92
2026-01-30 12:00:00+01:00,109.78707575633659,127.01
2026-01-30 12:15:00+01:00,107.76259093544301,117.8
2026-01-30 12:30:00+01:00,107.77489415018735,115.32
2026-01-30 12:45:00+01:00,106.36386502062612,112.69
2026-01-30 13:00:00+01:00,108.25357544838752,114.11
2026-01-30 13:15:00+01:00,107.3133752670998,111.01
2026-01-30 13:30:00+01:00,105.55910165981673,108.24
2026-01-30 13:45:00+01:00,104.79119497694215,108.2
2026-01-30 14:00:00+01:00,105.69041682927161,109.94
2026-01-30 14:15:00+01:00,108.88225428549543,109.38
2026-01-30 14:30:00+01:00,112.42935950906981,111.07
2026-01-30 14:45:00+01:00,114.17347548381898,110.88
2026-01-30 15:00:00+01:00,109.18219920935408,108.03
2026-01-30 15:15:00+01:00,114.7402130735956,109.3
2026-01-30 15:30:00+01:00,117.68285455492014,111.23
2026-01-30 15:45:00+01:00,118.07713612882641,116.22
2026-01-30 16:00:00+01:00,112.29305018170679,110.35
2026-01-30 16:15:00+01:00,117.45644027767403,113.16
2026-01-30 16:30:00+01:00,120.66733871599796,117.21
2026-01-30 16:45:00+01:00,124.13110356155737,119.03
2026-01-30 17:00:00+01:00,119.13183017462843,118.64
2026-01-30 17:15:00+01:00,123.9001774122819,124.0
2026-01-30 17:30:00+01:00,125.91104087124111,129.6
2026-01-30 17:45:00+01:00,125.18001505753485,127.0
2026-01-30 18:00:00+01:00,123.8185942602492,129.43
2026-01-30 18:15:00+01:00,119.56109752204829,122.56
2026-01-30 18:30:00+01:00,116.70073390182192,123.56
2026-01-30 18:45:00+01:00,112.61508215862641,116.0
2026-01-30 19:00:00+01:00,117.92801595782574,117.3
2026-01-30 19:15:00+01:00,111.02582705510262,112.05
2026-01-30 19:30:00+01:00,108.59743878242212,112.5
2026-01-30 19:45:00+01:00,104.69216463126563,110.5
2026-01-30 20:00:00+01:00,107.44099358297379,113.76
2026-01-30 20:15:00+01:00,100.10898391098168,108.66
2026-01-30 20:30:00+01:00,100.43054506758388,106.27
2026-01-30 20:45:00+01:00,95.34889116497077,105.7
2026-01-30 21:00:00+01:00,102.67774118139882,107.77
2026-01-30 21:15:00+01:00,99.28438711637055,104.99
2026-01-30 21:30:00+01:00,95.82173220476822,98.56
2026-01-30 21:45:00+01:00,91.74833409457047,95.41
2026-01-30 22:00:00+01:00,100.46154243135886,105.32
2026-01-30 22:15:00+01:00,96.39293585280652,101.15
2026-01-30 22:30:00+01:00,97.89415460544582,100.68
2026-01-30 22:45:00+01:00,92.83347687371595,97.21
2026-01-30 23:00:00+01:00,96.81522542206406,95.78
2026-01-30 23:15:00+01:00,91.02146611534393,92.77
2026-01-30 23:30:00+01:00,87.9948547849134,92.67
2026-01-30 23:45:00+01:00,82.55823498826537,89.56
2026-01-31 00:00:00+01:00,100.89423270341129,108.65
2026-01-31 00:15:00+01:00,95.09921645271089,96.71
2026-01-31 00:30:00+01:00,91.3979290649963,92.11
2026-01-31 00:45:00+01:00,89.11955139717753,90.34
2026-01-31 01:00:00+01:00,93.8093971692014,99.41
2026-01-31 01:15:00+01:00,91.07326152753106,95.75
2026-01-31 01:30:00+01:00,91.04108917625709,98.84
2026-01-31 01:45:00+01:00,89.97539261215442,95.51
2026-01-31 02:00:00+01:00,92.42905047263602,92.72
2026-01-31 02:15:00+01:00,90.84912244445356,89.96
2026-01-31 02:30:00+01:00,89.64835703082542,98.78
2026-01-31 02:45:00+01:00,87.34567245809122,96.57
2026-01-31 03:00:00+01:00,90.52004029537929,93.95
2026-01-31 03:15:00+01:00,89.73529315697,94.15
2026-01-31 03:30:00+01:00,87.97085438790883,93.84
2026-01-31 03:45:00+01:00,86.755359086819,94.38
2026-01-31 04:00:00+01:00,87.97770816931582,92.88
2026-01-31 04:15:00+01:00,87.75338486347725,93.35
2026-01-31 04:30:00+01:00,87.89183324386198,93.43
2026-01-31 04:45:00+01:00,88.56037978960047,93.64
2026-01-31 05:00:00+01:00,88.62052805065859,93.62
2026-01-31 05:15:00+01:00,88.64423711951599,93.99
2026-01-31 05:30:00+01:00,91.24834811810649,94.03
2026-01-31 05:45:00+01:00,93.16863887149982,94.59
2026-01-31 06:00:00+01:00,91.18577481357194,92.15
2026-01-31 06:15:00+01:00,91.94588215380311,92.8
2026-01-31 06:30:00+01:00,93.87303694177784,94.62
2026-01-31 06:45:00+01:00,96.0917560430621,94.23
2026-01-31 07:00:00+01:00,91.84195504411817,93.44
2026-01-31 07:15:00+01:00,94.44175405411555,94.64
2026-01-31 07:30:00+01:00,100.69131723429282,91.61
2026-01-31 07:45:00+01:00,107.10308610769039,91.92
2026-01-31 08:00:00+01:00,106.79273714286946,100.96
2026-01-31 08:15:00+01:00,109.13324200258403,103.67
2026-01-31 08:30:00+01:00,111.79829037883248,105.25
2026-01-31 08:45:00+01:00,111.72993592298766,105.94
2026-01-31 09:00:00+01:00,118.56406677771403,106.97
2026-01-31 09:15:00+01:00,114.92136015710263,107.86
2026-01-31 09:30:00+01:00,113.0470379173999,111.35
2026-01-31 09:45:00+01:00,107.02460221221594,110.07
2026-01-31 10:00:00+01:00,115.26365118425475,119.86
2026-01-31 10:15:00+01:00,110.63058217627153,114.87
2026-01-31 10:30:00+01:00,110.39030441914298,113.84
2026-01-31 10:45:00+01:00,107.56386485015612,108.29
2026-01-31 11:00:00+01:00,108.63502468071792,118.79
2026-01-31 11:15:00+01:00,107.72877261379466,112.62
2026-01-31 11:30:00+01:00,106.43431517081581,113.18
2026-01-31 11:45:00+01:00,103.78878192495212,109.29
2026-01-31 12:00:00+01:00,105.00428631941224,115.42
2026-01-31 12:15:00+01:00,103.85917453768819,109.42
2026-01-31 12:30:00+01:00,104.08191104492572,110.94
2026-01-31 12:45:00+01:00,101.6730819308992,109.33
2026-01-31 13:00:00+01:00,105.43415104533723,109.49
2026-01-31 13:15:00+01:00,102.09898844102426,107.55
2026-01-31 13:30:00+01:00,98.42159396063721,106.65
2026-01-31 13:45:00+01:00,98.30050600742051,105.87
2026-01-31 14:00:00+01:00,101.55327747349892,109.06
2026-01-31 14:15:00+01:00,99.52739625034422,108.51
2026-01-31 14:30:00+01:00,102.4573968331756,111.76
2026-01-31 14:45:00+01:00,105.37749160034328,111.89
2026-01-31 15:00:00+01:00,100.86816301145682,107.59
2026-01-31 15:15:00+01:00,104.54571676143875,112.09
2026-01-31 15:30:00+01:00,112.60921426015364,114.45
2026-01-31 15:45:00+01:00,116.42711892312217,118.54
2026-01-31 16:00:00+01:00,105.48811980604246,105.07
2026-01-31 16:15:00+01:00,113.55645529395323,119.27
2026-01-31 16:30:00+01:00,121.5785611102594,123.72
2026-01-31 16:45:00+01:00,132.23107417658395,129.37
2026-01-31 17:00:00+01:00,117.36632234919934,129.5
2026-01-31 17:15:00+01:00,127.31024462449606,130.38
2026-01-31 17:30:00+01:00,134.11981520559792,137.53
2026-01-31 17:45:00+01:00,139.4731858164134,141.01
2026-01-31 18:00:00+01:00,131.71984582535475,139.72
2026-01-31 18:15:00+01:00,130.74841141463892,140.08
2026-01-31 18:30:00+01:00,134.2524654872898,138.66
2026-01-31 18:45:00+01:00,136.84001344112187,133.69
2026-01-31 19:00:00+01:00,134.55761772747817,142.09
2026-01-31 19:15:00+01:00,131.99202184213135,134.72
2026-01-31 19:30:00+01:00,128.96686466610785,130.94
2026-01-31 19:45:00+01:00,121.63772166620618,128.05
2026-01-31 20:00:00+01:00,124.63432969298358,134.12
2026-01-31 20:15:00+01:00,117.8325502324642,129.05
2026-01-31 20:30:00+01:00,112.89062295829993,125.07
2026-01-31 20:45:00+01:00,106.32202732242453,114.34
2026-01-31 21:00:00+01:00,112.78443763515781,121.58
2026-01-31 21:15:00+01:00,108.5790361533796,115.79
2026-01-31 21:30:00+01:00,104.69065155154505,112.82
2026-01-31 21:45:00+01:00,99.88423112370765,106.64
2026-01-31 22:00:00+01:00,106.882259917939,120.41
2026-01-31 22:15:00+01:00,104.46721500565033,113.65
2026-01-31 22:30:00+01:00,104.7585204703923,115.7
2026-01-31 22:45:00+01:00,101.93689946968725,106.82
2026-01-31 23:00:00+01:00,102.82448171239375,109.8
2026-01-31 23:15:00+01:00,97.51884440436952,108.99
2026-01-31 23:30:00+01:00,96.7086857542266,104.28
2026-01-31 23:45:00+01:00,94.41853694797516,100.53
2026-02-01 00:00:00+01:00,109.03958452675586,100.0
2026-02-01 00:15:00+01:00,103.83884942077917,95.14
2026-02-01 00:30:00+01:00,99.85471143600935,95.01
2026-02-01 00:45:00+01:00,97.36984170793434,94.21
2026-02-01 01:00:00+01:00,104.30488198301238,94.63
2026-02-01 01:15:00+01:00,100.50339518381975,94.32
2026-02-01 01:30:00+01:00,98.65872333034258,94.15
2026-02-01 01:45:00+01:00,96.83041680702587,92.93
2026-02-01 02:00:00+01:00,102.08949399057727,98.36
2026-02-01 02:15:00+01:00,98.41823225452839,98.69
2026-02-01 02:30:00+01:00,95.76327670732884,99.09
2026-02-01 02:45:00+01:00,93.94148744863628,97.47
2026-02-01 03:00:00+01:00,96.34065098146382,93.39
2026-02-01 03:15:00+01:00,95.74657616672002,96.77
2026-02-01 03:30:00+01:00,93.28971216664543,95.33
2026-02-01 03:45:00+01:00,92.9267264504033,98.74
2026-02-01 04:00:00+01:00,92.58869669438786,98.85
2026-02-01 04:15:00+01:00,92.60083312876793,98.69
2026-02-01 04:30:00+01:00,93.65000325332437,98.0
2026-02-01 04:45:00+01:00,93.93450570838665,97.71
2026-02-01 05:00:00+01:00,93.94769766362253,97.71
2026-02-01 05:15:00+01:00,91.69570965585777,95.41
2026-02-01 05:30:00+01:00,93.92637746935819,99.89
2026-02-01 05:45:00+01:00,94.8441238812824,99.88
2026-02-01 06:00:00+01:00,95.47576536270127,94.47
2026-02-01 06:15:00+01:00,95.29446489587575,96.68
2026-02-01 06:30:00+01:00,94.95732571731897,95.46
2026-02-01 06:45:00+01:00,95.31610808662815,97.45
2026-02-01 07:00:00+01:00,95.47278531072836,96.84
2026-02-01 07:15:00+01:00,96.16984588047025,96.56
2026-02-01 07:30:00+01:00,101.18357888100432,101.34
2026-02-01 07:45:00+01:00,106.08109968917972,103.26
2026-02-01 08:00:00+01:00,107.23311719055094,102.95
2026-02-01 08:15:00+01:00,107.2454431214926,104.77
2026-02-01 08:30:00+01:00,107.82746987930457,107.23
2026-02-01 08:45:00+01:00,107.56563621962125,106.07
2026-02-01 09:00:00+01:00,114.94063363987254,110.16
2026-02-01 09:15:00+01:00,111.62643086215742,109.3
2026-02-01 09:30:00+01:00,107.31575820034311,108.57
2026-02-01 09:45:00+01:00,100.94366657834914,108.91
2026-02-01 10:00:00+01:00,111.84708759688097,114.07
2026-02-01 10:15:00+01:00,108.39679173243077,109.72
2026-02-01 10:30:00+01:00,104.98891156017386,108.95
2026-02-01 10:45:00+01:00,100.67856007926073,106.64
2026-02-01 11:00:00+01:00,104.90643997336309,108.66
2026-02-01 11:15:00+01:00,101.98122594551003,108.12
2026-02-01 11:30:00+01:00,101.84440301587586,108.1
2026-02-01 11:45:00+01:00,97.8497106248256,107.75
2026-02-01 12:00:00+01:00,101.9349774581424,110.16
2026-02-01 12:15:00+01:00,100.20559103124008,106.27
2026-02-01 12:30:00+01:00,97.39311570545843,107.56
2026-02-01 12:45:00+01:00,95.08726004862504,104.51
2026-02-01 13:00:00+01:00,98.1336867956297,102.81
2026-02-01 13:15:00+01:00,95.05452978641887,99.93
2026-02-01 13:30:00+01:00,93.86506058181351,99.41
2026-02-01 13:45:00+01:00,94.12837958321829,99.4
2026-02-01 14:00:00+01:00,94.69486768217065,100.05
2026-02-01 14:15:00+01:00,94.94898788539162,101.03
2026-02-01 14:30:00+01:00,97.77042372573047,103.42
2026-02-01 14:45:00+01:00,102.3152641274809,104.44
2026-02-01 15:00:00+01:00,96.3202499700813,103.26
2026-02-01 15:15:00+01:00,101.41596067380189,107.36
2026-02-01 15:30:00+01:00,107.87734933638703,111.5
2026-02-01 15:45:00+01:00,108.30485404448977,113.71
2026-02-01 16:00:00+01:00,99.57209226756545,106.35
2026-02-01 16:15:00+01:00,107.5196464465965,112.32
2026-02-01 16:30:00+01:00,113.93902298515367,115.0
2026-02-01 16:45:00+01:00,123.70312945403936,125.0
2026-02-01 17:00:00+01:00,109.20937303123429,123.73
2026-02-01 17:15:00+01:00,121.66245288313932,126.23
2026-02-01 17:30:00+01:00,125.26400631500638,132.01
2026-02-01 17:45:00+01:00,132.68310709619323,135.98
2026-02-01 18:00:00+01:00,123.21366531527443,133.24
2026-02-01 18:15:00+01:00,122.2462353938233,133.81
2026-02-01 18:30:00+01:00,124.13826906226264,141.96
2026-02-01 18:45:00+01:00,127.04501617939903,138.36
2026-02-01 19:00:00+01:00,122.38790741234362,141.0
2026-02-01 19:15:00+01:00,122.73788212462208,136.22
2026-02-01 19:30:00+01:00,120.61014192647897,137.51
2026-02-01 19:45:00+01:00,112.31755290969313,134.83
2026-02-01 20:00:00+01:00,118.59395975545333,131.0
2026-02-01 20:15:00+01:00,110.5943232758329,132.0
2026-02-01 20:30:00+01:00,106.81250937313573,123.74
2026-02-01 20:45:00+01:00,102.04671482359873,115.63
2026-02-01 21:00:00+01:00,108.99824906167323,122.15
2026-02-01 21:15:00+01:00,102.2411928796441,118.56
2026-02-01 21:30:00+01:00,99.53118955146275,111.96
2026-02-01 21:45:00+01:00,95.38226760831569,102.76
2026-02-01 22:00:00+01:00,103.96031464174852,117.52
2026-02-01 22:15:00+01:00,99.82985975942836,113.49
2026-02-01 22:30:00+01:00,100.17456533188599,115.49
2026-02-01 22:45:00+01:00,98.50901560359591,109.04
2026-02-01 23:00:00+01:00,98.84099466848767,113.88
2026-02-01 23:15:00+01:00,93.64382786322749,106.17
2026-02-01 23:30:00+01:00,94.23056279821078,106.44
2026-02-01 23:45:00+01:00,93.46565293277776,99.72
2026-02-02 00:00:00+01:00,102.870764632792,100.41
2026-02-02 00:15:00+01:00,100.21388718703993,101.91
2026-02-02 00:30:00+01:00,97.20767226742512,100.04
2026-02-02 00:45:00+01:00,94.7360919029052,96.01
2026-02-02 01:00:00+01:00,100.18577960422583,99.41
2026-02-02 01:15:00+01:00,96.82427187060122,95.0
2026-02-02 01:30:00+01:00,97.18021196319471,99.62
2026-02-02 01:45:00+01:00,94.03279145219743,97.94
2026-02-02 02:00:00+01:00,97.65343460833748,96.59
2026-02-02 02:15:00+01:00,94.9768617711253,95.2
2026-02-02 02:30:00+01:00,93.00450622955742,94.28
2026-02-02 02:45:00+01:00,91.10400851460867,94.3
2026-02-02 03:00:00+01:00,93.06521334518916,93.01
2026-02-02 03:15:00+01:00,91.58208668662837,90.52
2026-02-02 03:30:00+01:00,89.17499918105183,90.41
2026-02-02 03:45:00+01:00,90.20241723842355,90.06
2026-02-02 04:00:00+01:00,89.07084006022663,91.0
2026-02-02 04:15:00+01:00,89.12754401209482,91.63
2026-02-02 04:30:00+01:00,89.90274125918457,92.05
2026-02-02 04:45:00+01:00,91.99993458672024,92.25
2026-02-02 05:00:00+01:00,88.60004142938843,94.65
2026-02-02 05:15:00+01:00,90.14827640159095,90.57
2026-02-02 05:30:00+01:00,94.51149023573538,95.85
2026-02-02 05:45:00+01:00,98.88155830938399,97.82
2026-02-02 06:00:00+01:00,92.80726658684279,89.78
2026-02-02 06:15:00+01:00,102.4597424847415,103.31
2026-02-02 06:30:00+01:00,110.18864073590227,112.82
2026-02-02 06:45:00+01:00,117.77163018029749,120.39
2026-02-02 07:00:00+01:00,117.47473067498142,112.97
2026-02-02 07:15:00+01:00,127.28976378450551,117.19
2026-02-02 07:30:00+01:00,136.25898901843777,131.19
2026-02-02 07:45:00+01:00,141.39537081045668,130.19
2026-02-02 08:00:00+01:00,151.93131947149797,132.06
2026-02-02 08:15:00+01:00,150.37164500504525,139.01
2026-02-02 08:30:00+01:00,143.16741095550708,139.83
2026-02-02 08:45:00+01:00,135.30981539699647,136.57
2026-02-02 09:00:00+01:00,148.91256897204715,154.13
2026-02-02 09:15:00+01:00,142.8313919869088,142.7
2026-02-02 09:30:00+01:00,132.15623724699185,136.03
2026-02-02 09:45:00+01:00,120.5296777209401,127.76
2026-02-02 10:00:00+01:00,137.75404359346163,132.26
2026-02-02 10:15:00+01:00,126.66128039033228,128.66
2026-02-02 10:30:00+01:00,116.74960929371876,123.15
2026-02-02 10:45:00+01:00,105.68832792631619,114.09
2026-02-02 11:00:00+01:00,117.01609281432964,124.83
2026-02-02 11:15:00+01:00,110.11340569041121,116.25
2026-02-02 11:30:00+01:00,107.37088631158933,110.01
2026-02-02 11:45:00+01:00,103.25243093635444,107.58
2026-02-02 12:00:00+01:00,105.39025303527767,112.69
2026-02-02 12:15:00+01:00,102.58097286737433,107.5
2026-02-02 12:30:00+01:00,101.58059201597551,109.15
2026-02-02 12:45:00+01:00,99.06500640413353,107.51
2026-02-02 13:00:00+01:00,103.038082960938,105.2
2026-02-02 13:15:00+01:00,99.45817949887808,104.1
2026-02-02 13:30:00+01:00,95.97496809763406,103.44
2026-02-02 13:45:00+01:00,94.90739843232345,103.26
2026-02-02 14:00:00+01:00,98.71211499954362,101.49
2026-02-02 14:15:00+01:00,97.54343898374721,101.98
2026-02-02 14:30:00+01:00,100.43488387363517,103.45
2026-02-02 14:45:00+01:00,101.80131253347918,104.69
2026-02-02 15:00:00+01:00,97.55588721361244,101.43
2026-02-02 15:15:00+01:00,101.60048667479613,103.45
2026-02-02 15:30:00+01:00,107.85720710988039,104.75
2026-02-02 15:45:00+01:00,112.09749834734123,110.68
2026-02-02 16:00:00+01:00,98.9942669744589,101.8
2026-02-02 16:15:00+01:00,108.31994797910534,107.3
2026-02-02 16:30:00+01:00,115.01333308478223,112.37
2026-02-02 16:45:00+01:00,120.70731280353583,117.64
2026-02-02 17:00:00+01:00,107.65356077827508,108.94
2026-02-02 17:15:00+01:00,117.86207598024744,117.57
2026-02-02 17:30:00+01:00,121.09322968649484,125.54
2026-02-02 17:45:00+01:00,119.78942435398983,120.74
2026-02-02 18:00:00+01:00,117.99738726518146,123.41
2026-02-02 18:15:00+01:00,116.42756386480191,117.7
2026-02-02 18:30:00+01:00,115.78352602453579,118.83
2026-02-02 18:45:00+01:00,113.24370546361055,115.93
2026-02-02 19:00:00+01:00,116.65620312102386,105.95
2026-02-02 19:15:00+01:00,108.76864292706924,105.35
2026-02-02 19:30:00+01:00,103.03390628960508,106.08
2026-02-02 19:45:00+01:00,100.04316293258401,102.62
2026-02-02 20:00:00+01:00,104.3783680532725,105.23
2026-02-02 20:15:00+01:00,96.87419179825918,103.45
2026-02-02 20:30:00+01:00,95.83580870905884,100.93
2026-02-02 20:45:00+01:00,90.89947333328284,99.41
2026-02-02 21:00:00+01:00,97.22254339257267,107.12
2026-02-02 21:15:00+01:00,92.5256644343082,103.98
2026-02-02 21:30:00+01:00,88.41416106895112,100.0
2026-02-02 21:45:00+01:00,82.65879464120277,96.96
2026-02-02 22:00:00+01:00,96.13283211083467,103.9
2026-02-02 22:15:00+01:00,88.06151316490937,101.22
2026-02-02 22:30:00+01:00,88.30245358240309,100.86
2026-02-02 22:45:00+01:00,83.38045813946303,98.93
2026-02-02 23:00:00+01:00,88.0327305490499,98.56
2026-02-02 23:15:00+01:00,80.49958843579,90.96
2026-02-02 23:30:00+01:00,78.02474113620778,90.41
2026-02-02 23:45:00+01:00,73.19371690070646,85.61
2026-02-03 00:00:00+01:00,91.66976690349718,97.41
2026-02-03 00:15:00+01:00,88.26969630048437,92.88
2026-02-03 00:30:00+01:00,83.64190996802245,89.07
2026-02-03 00:45:00+01:00,80.52215205516397,87.51
2026-02-03 01:00:00+01:00,86.19417116808772,91.84
2026-02-03 01:15:00+01:00,83.13817784150042,89.62
2026-02-03 01:30:00+01:00,82.6520498884408,88.49
2026-02-03 01:45:00+01:00,79.43996529214382,87.51
2026-02-03 02:00:00+01:00,82.46594806800087,89.08
2026-02-03 02:15:00+01:00,80.76208253033077,85.01
2026-02-03 02:30:00+01:00,79.9561965609719,82.55
2026-02-03 02:45:00+01:00,77.54658718700212,79.39
2026-02-03 03:00:00+01:00,81.0610918162541,82.8
2026-02-03 03:15:00+01:00,78.75000042507077,80.16
2026-02-03 03:30:00+01:00,76.53683282220302,79.37
2026-02-03 03:45:00+01:00,74.0473622344637,77.42
2026-02-03 04:00:00+01:00,77.716274893768,76.67
2026-02-03 04:15:00+01:00,76.526436954053,76.02
2026-02-03 04:30:00+01:00,75.24647699188617,76.41
2026-02-03 04:45:00+01:00,76.83624776933378,78.26
2026-02-03 05:00:00+01:00,75.99326903784358,78.29
2026-02-03 05:15:00+01:00,77.12673572810077,78.08
2026-02-03 05:30:00+01:00,78.93278497468604,82.27
2026-02-03 05:45:00+01:00,83.65464973238323,90.0
2026-02-03 06:00:00+01:00,76.79829296042367,84.03
2026-02-03 06:15:00+01:00,84.14954251038249,87.11
2026-02-03 06:30:00+01:00,93.62957361807648,92.58
2026-02-03 06:45:00+01:00,92.91866043394549,100.92
2026-02-03 07:00:00+01:00,90.34540304234405,92.5
2026-02-03 07:15:00+01:00,94.43820959102875,97.01
2026-02-03 07:30:00+01:00,100.20325272136363,99.26
2026-02-03 07:45:00+01:00,102.99945569419555,102.0
2026-02-03 08:00:00+01:00,105.81180817325038,104.03
2026-02-03 08:15:00+01:00,106.85452730418785,107.01
2026-02-03 08:30:00+01:00,107.8818185640471,109.15
2026-02-03 08:45:00+01:00,105.82662020902215,104.9
2026-02-03 09:00:00+01:00,111.79021146136981,118.45
2026-02-03 09:15:00+01:00,109.73504725044342,110.16
2026-02-03 09:30:00+01:00,104.3711272734361,106.32
2026-02-03 09:45:00+01:00,95.91944145772094,97.97
2026-02-03 10:00:00+01:00,108.28349386686604,105.92
2026-02-03 10:15:00+01:00,100.30627582147751,100.01
2026-02-03 10:30:00+01:00,95.01818335969301,98.6
2026-02-03 10:45:00+01:00,89.30338318197397,95.23
2026-02-03 11:00:00+01:00,95.67108988367252,97.07
2026-02-03 11:15:00+01:00,91.7058500876271,93.1
2026-02-03 11:30:00+01:00,91.70742613333596,89.4
2026-02-03 11:45:00+01:00,88.63571756116208,83.75
2026-02-03 12:00:00+01:00,87.073017794719,89.77
2026-02-03 12:15:00+01:00,85.20922302035034,85.35
2026-02-03 12:30:00+01:00,85.88141100773046,87.29
2026-02-03 12:45:00+01:00,84.02726245887655,89.38
2026-02-03 13:00:00+01:00,84.15540077670838,89.81
2026-02-03 13:15:00+01:00,83.16059247711055,89.39
2026-02-03 13:30:00+01:00,83.28519218410023,90.02
2026-02-03 13:45:00+01:00,84.65544714514294,90.4
2026-02-03 14:00:00+01:00,81.94131709426239,86.52
2026-02-03 14:15:00+01:00,86.84101712885575,92.02
2026-02-03 14:30:00+01:00,93.84308299878715,95.69
2026-02-03 14:45:00+01:00,97.0959324817749,98.38
2026-02-03 15:00:00+01:00,90.75616519033078,93.09
2026-02-03 15:15:00+01:00,96.65019938095193,99.89
2026-02-03 15:30:00+01:00,101.48915308314271,102.27
2026-02-03 15:45:00+01:00,100.29086644422104,106.39
2026-02-03 16:00:00+01:00,92.56056680265739,98.5
2026-02-03 16:15:00+01:00,102.75496532672433,103.4
2026-02-03 16:30:00+01:00,106.93584224137015,107.05
2026-02-03 16:45:00+01:00,113.8516377972824,117.51
2026-02-03 17:00:00+01:00,106.56132681555894,112.95
2026-02-03 17:15:00+01:00,112.852024042714,124.96
2026-02-03 17:30:00+01:00,120.94249548134427,132.58
2026-02-03 17:45:00+01:00,124.60035955887194,132.6
2026-02-03 18:00:00+01:00,118.04958107690626,125.52
2026-02-03 18:15:00+01:00,118.73866830431352,125.55
2026-02-03 18:30:00+01:00,122.11067361323984,126.89
2026-02-03 18:45:00+01:00,121.51303570384275,127.43
2026-02-03 19:00:00+01:00,120.96617101204627,124.38
2026-02-03 19:15:00+01:00,117.49362381597938,124.35
2026-02-03 19:30:00+01:00,113.87014394206511,123.96
2026-02-03 19:45:00+01:00,114.16914209281705,120.22
2026-02-03 20:00:00+01:00,113.62634611543068,118.72
2026-02-03 20:15:00+01:00,110.9078491742811,115.9
2026-02-03 20:30:00+01:00,106.08726325785436,110.84
2026-02-03 20:45:00+01:00,101.66048575573346,106.14
2026-02-03 21:00:00+01:00,108.31834624815244,108.04
2026-02-03 21:15:00+01:00,103.0659346508879,104.82
2026-02-03 21:30:00+01:00,98.9902839022763,101.87
2026-02-03 21:45:00+01:00,93.79084904330315,98.44
2026-02-03 22:00:00+01:00,103.92571798474592,105.86
2026-02-03 22:15:00+01:00,99.91274871288749,101.46
2026-02-03 22:30:00+01:00,101.03806944950689,100.21
2026-02-03 22:45:00+01:00,98.11746309554611,96.05
2026-02-03 23:00:00+01:00,99.41361886643254,98.12
2026-02-03 23:15:00+01:00,94.37851276863789,97.33
2026-02-03 23:30:00+01:00,93.22995132133079,94.88
2026-02-03 23:45:00+01:00,88.17767691437533,88.92
2026-02-04 00:00:00+01:00,97.61870781856014,96.79
2026-02-04 00:15:00+01:00,95.2410201949284,93.22
2026-02-04 00:30:00+01:00,92.88417577139776,94.59
2026-02-04 00:45:00+01:00,89.6444273032299,95.41
2026-02-04 01:00:00+01:00,95.19466795777969,93.65
2026-02-04 01:15:00+01:00,92.1163309466238,92.79
2026-02-04 01:30:00+01:00,91.09897261030464,92.75
2026-02-04 01:45:00+01:00,88.8729884589392,91.96
2026-02-04 02:00:00+01:00,92.54071264524725,92.71
2026-02-04 02:15:00+01:00,90.43675787892202,91.83
2026-02-04 02:30:00+01:00,89.56654046687589,92.85
2026-02-04 02:45:00+01:00,88.83580468969089,94.46
2026-02-04 03:00:00+01:00,88.89225778773637,94.63
2026-02-04 03:15:00+01:00,88.36070327643459,93.53
2026-02-04 03:30:00+01:00,89.31958885953954,95.5
2026-02-04 03:45:00+01:00,89.43482057155178,94.83
2026-02-04 04:00:00+01:00,88.24188607503218,92.53
2026-02-04 04:15:00+01:00,88.88920272927638,92.54
2026-02-04 04:30:00+01:00,90.7478636532042,94.56
2026-02-04 04:45:00+01:00,92.70196774939964,96.2
2026-02-04 05:00:00+01:00,90.26319518221696,92.95
2026-02-04 05:15:00+01:00,91.03113897499166,95.01
2026-02-04 05:30:00+01:00,93.60409835950153,96.98
2026-02-04 05:45:00+01:00,97.82059987447686,101.4
2026-02-04 06:00:00+01:00,92.13898389103365,98.61
2026-02-04 06:15:00+01:00,101.69126122612356,102.56
2026-02-04 06:30:00+01:00,108.75615783766064,108.01
2026-02-04 06:45:00+01:00,118.51029229332437,111.96
2026-02-04 07:00:00+01:00,115.13572824200025,115.02
2026-02-04 07:15:00+01:00,123.54326780961267,120.22
2026-02-04 07:30:00+01:00,131.7849574010353,126.29
2026-02-04 07:45:00+01:00,135.68201765033723,130.21
2026-02-04 08:00:00+01:00,145.31065454260914,133.59
2026-02-04 08:15:00+01:00,142.24605309605823,137.49
2026-02-04 08:30:00+01:00,134.62097057938584,131.01
2026-02-04 08:45:00+01:00,125.72508717934389,124.33
2026-02-04 09:00:00+01:00,140.8439923973894,135.94
2026-02-04 09:15:00+01:00,129.56027361783245,123.76
2026-02-04 09:30:00+01:00,122.6655110239601,118.63
2026-02-04 09:45:00+01:00,110.19126968373453,112.36
2026-02-04 10:00:00+01:00,125.6280213919014,119.73
2026-02-04 10:15:00+01:00,115.25277407417346,113.9
2026-02-04 10:30:00+01:00,107.50296314035184,105.54
2026-02-04 10:45:00+01:00,100.97370411229471,100.83
2026-02-04 11:00:00+01:00,107.9709483537663,102.53
2026-02-04 11:15:00+01:00,102.20480552730967,100.29
2026-02-04 11:30:00+01:00,100.45863320076309,96.54
2026-02-04 11:45:00+01:00,96.69947328807419,95.47
2026-02-04 12:00:00+01:00,97.93419934266393,94.67
2026-02-04 12:15:00+01:00,93.91449603104009,92.14
2026-02-04 12:30:00+01:00,95.781432722963,90.46
2026-02-04 12:45:00+01:00,95.6004236829815,90.39
2026-02-04 13:00:00+01:00,96.45758190310067,91.4
2026-02-04 13:15:00+01:00,95.48416256297918,90.27
2026-02-04 13:30:00+01:00,95.47123531825744,90.4
2026-02-04 13:45:00+01:00,94.39760719298594,93.46
2026-02-04 14:00:00+01:00,95.009641653374,92.75
2026-02-04 14:15:00+01:00,99.71172455404962,93.56
2026-02-04 14:30:00+01:00,100.52878075398206,95.41
2026-02-04 14:45:00+01:00,104.39804168585711,102.59
2026-02-04 15:00:00+01:00,100.8519296378759,95.24
2026-02-04 15:15:00+01:00,107.66614153443925,100.56
2026-02-04 15:30:00+01:00,109.94927033269738,106.66
2026-02-04 15:45:00+01:00,110.56902623573845,109.04
2026-02-04 16:00:00+01:00,103.71839486107697,105.65
2026-02-04 16:15:00+01:00,110.1594512652314,109.41
2026-02-04 16:30:00+01:00,116.31545831372878,116.85
2026-02-04 16:45:00+01:00,125.6217424691403,124.83
2026-02-04 17:00:00+01:00,116.38401648918088,117.9
2026-02-04 17:15:00+01:00,121.22507249226537,124.13
2026-02-04 17:30:00+01:00,126.76552994659846,128.43
2026-02-04 17:45:00+01:00,130.53201376226303,128.01
2026-02-04 18:00:00+01:00,125.53382094584242,119.38
2026-02-04 18:15:00+01:00,123.62032561523833,117.03
2026-02-04 18:30:00+01:00,123.40616430181116,116.69
2026-02-04 18:45:00+01:00,122.53773857296333,115.06
2026-02-04 19:00:00+01:00,124.27745666614825,116.57
2026-02-04 19:15:00+01:00,116.56122759679266,105.28
2026-02-04 19:30:00+01:00,113.14026855357011,99.98
2026-02-04 19:45:00+01:00,111.59853651772826,96.25
2026-02-04 20:00:00+01:00,112.5051009752523,103.89
2026-02-04 20:15:00+01:00,108.52131886130901,96.23
2026-02-04 20:30:00+01:00,105.24825391644832,93.58
2026-02-04 20:45:00+01:00,98.45515849766397,91.45
2026-02-04 21:00:00+01:00,105.73639906670068,99.22
2026-02-04 21:15:00+01:00,101.82000101295779,95.29
2026-02-04 21:30:00+01:00,95.19635141140876,92.96
2026-02-04 21:45:00+01:00,92.0857692526867,91.54
2026-02-04 22:00:00+01:00,102.56913005166345,98.24
2026-02-04 22:15:00+01:00,95.56544258365193,95.4
2026-02-04 22:30:00+01:00,96.9524692117642,93.71
2026-02-04 22:45:00+01:00,93.01274998028704,87.94
2026-02-04 23:00:00+01:00,98.64434690320353,92.4
2026-02-04 23:15:00+01:00,91.81405438613207,87.98
2026-02-04 23:30:00+01:00,88.5927300938097,85.09
2026-02-04 23:45:00+01:00,86.50511679409816,79.76
2026-02-05 00:00:00+01:00,92.08900688388843,90.11
2026-02-05 00:15:00+01:00,87.84728308914781,90.55
2026-02-05 00:30:00+01:00,84.89971578550741,90.25
2026-02-05 00:45:00+01:00,81.86196217815288,90.3
2026-02-05 01:00:00+01:00,87.11371927739413,89.79
2026-02-05 01:15:00+01:00,83.58619027842975,88.89
2026-02-05 01:30:00+01:00,83.38865155587324,88.61
2026-02-05 01:45:00+01:00,81.7228770591158,86.46
2026-02-05 02:00:00+01:00,84.55081114225469,87.06
2026-02-05 02:15:00+01:00,83.48346652661643,87.12
2026-02-05 02:30:00+01:00,83.26352327544396,88.17
2026-02-05 02:45:00+01:00,82.7032954867124,87.38
2026-02-05 03:00:00+01:00,83.18563852425804,86.59
2026-02-05 03:15:00+01:00,82.72025824333915,88.2
2026-02-05 03:30:00+01:00,83.65793815661857,88.18
2026-02-05 03:45:00+01:00,83.4840822092258,88.21
2026-02-05 04:00:00+01:00,81.78837033548572,87.44
2026-02-05 04:15:00+01:00,83.39208157501696,88.99
2026-02-05 04:30:00+01:00,84.7240785438357,90.17
2026-02-05 04:45:00+01:00,86.94477345083482,91.66
2026-02-05 05:00:00+01:00,81.31997452813889,88.3
2026-02-05 05:15:00+01:00,84.71842385456414,90.56
2026-02-05 05:30:00+01:00,88.55802546656882,92.26
2026-02-05 05:45:00+01:00,94.47759294417051,94.92
2026-02-05 06:00:00+01:00,85.45022528360934,93.33
2026-02-05 06:15:00+01:00,93.82737927856704,104.99
2026-02-05 06:30:00+01:00,99.15924235852198,105.0
2026-02-05 06:45:00+01:00,105.89804768870121,108.06
2026-02-05 07:00:00+01:00,100.2711095041604,103.15
2026-02-05 07:15:00+01:00,104.82611997919412,110.05
2026-02-05 07:30:00+01:00,110.65277373691237,118.63
2026-02-05 07:45:00+01:00,115.85540269318138,121.45
2026-02-05 08:00:00+01:00,115.98009140735508,122.62
2026-02-05 08:15:00+01:00,118.62540831443408,125.34
2026-02-05 08:30:00+01:00,118.67504921460156,127.65
2026-02-05 08:45:00+01:00,116.57147253811024,125.85
2026-02-05 09:00:00+01:00,124.79241587667467,127.66
2026-02-05 09:15:00+01:00,120.04056057992881,122.98
2026-02-05 09:30:00+01:00,115.1514109203678,119.63
2026-02-05 09:45:00+01:00,109.09833954834438,115.81
2026-02-05 10:00:00+01:00,118.90712687806051,127.01
2026-02-05 10:15:00+01:00,108.07611663949417,121.37
2026-02-05 10:30:00+01:00,108.68340272423283,115.5
2026-02-05 10:45:00+01:00,103.17055928713434,108.89
2026-02-05 11:00:00+01:00,110.05212268581465,128.26
2026-02-05 11:15:00+01:00,105.07666334358775,121.58
2026-02-05 11:30:00+01:00,104.9903118036783,120.13
2026-02-05 11:45:00+01:00,100.4779387457194,114.3
2026-02-05 12:00:00+01:00,99.34993159108946,110.44
2026-02-05 12:15:00+01:00,98.34450692864425,108.08
2026-02-05 12:30:00+01:00,101.35077634728451,107.56
2026-02-05 12:45:00+01:00,98.81063928274438,106.93
2026-02-05 13:00:00+01:00,101.63834178605389,108.38
2026-02-05 13:15:00+01:00,100.0692211979761,110.0
2026-02-05 13:30:00+01:00,98.10169725710428,110.21
2026-02-05 13:45:00+01:00,99.98508012320055,110.44
2026-02-05 14:00:00+01:00,98.07084617539446,105.28
2026-02-05 14:15:00+01:00,104.10453164467258,108.71
2026-02-05 14:30:00+01:00,107.58171623684818,110.51
2026-02-05 14:45:00+01:00,112.61564266023802,115.91
2026-02-05 15:00:00+01:00,109.17321574986072,107.75
2026-02-05 15:15:00+01:00,114.2593751984367,111.99
2026-02-05 15:30:00+01:00,119.31322107928872,119.87
2026-02-05 15:45:00+01:00,124.40607547999596,128.31
2026-02-05 16:00:00+01:00,113.75558400582713,118.01
2026-02-05 16:15:00+01:00,117.83852223411338,124.01
2026-02-05 16:30:00+01:00,125.80917979470048,130.57
2026-02-05 16:45:00+01:00,139.2956163164754,131.41
2026-02-05 17:00:00+01:00,127.52381439749401,127.82
2026-02-05 17:15:00+01:00,135.143715084748,134.93
2026-02-05 17:30:00+01:00,140.738667652591,147.94
2026-02-05 17:45:00+01:00,140.96810500737485,151.31
2026-02-05 18:00:00+01:00,139.05485321085473,139.82
2026-02-05 18:15:00+01:00,134.31319811758436,135.23
2026-02-05 18:30:00+01:00,134.77985376857683,137.98
2026-02-05 18:45:00+01:00,137.66896778409546,133.55
2026-02-05 19:00:00+01:00,134.5658463129525,138.04
2026-02-05 19:15:00+01:00,127.46113922053534,133.45
2026-02-05 19:30:00+01:00,127.21162173793272,131.66
2026-02-05 19:45:00+01:00,125.13185680087217,128.48
2026-02-05 20:00:00+01:00,130.680290259771,131.0
2026-02-05 20:15:00+01:00,120.20341260622044,124.39
2026-02-05 20:30:00+01:00,116.12322531212288,118.14
2026-02-05 20:45:00+01:00,107.74664754540284,109.71
2026-02-05 21:00:00+01:00,116.23412345325335,113.44
2026-02-05 21:15:00+01:00,112.2194496295712,109.22
2026-02-05 21:30:00+01:00,103.18655829624011,106.98
2026-02-05 21:45:00+01:00,97.99466549728905,101.49
2026-02-05 22:00:00+01:00,110.75060628540781,110.95
2026-02-05 22:15:00+01:00,105.37572381706084,106.57
2026-02-05 22:30:00+01:00,104.80079389657207,104.26
2026-02-05 22:45:00+01:00,97.50200300974133,101.74
2026-02-05 23:00:00+01:00,103.89070521903808,107.33
2026-02-05 23:15:00+01:00,99.77617484574148,103.9
2026-02-05 23:30:00+01:00,94.59805661596118,97.52
2026-02-05 23:45:00+01:00,96.26248649146702,91.4
2026-02-06 00:00:00+01:00,105.33534353992073,100.52
2026-02-06 00:15:00+01:00,101.14246268563765,98.45
2026-02-06 00:30:00+01:00,97.74396971058289,98.16
2026-02-06 00:45:00+01:00,95.08238592830422,100.11
2026-02-06 01:00:00+01:00,101.97066534798944,101.13
2026-02-06 01:15:00+01:00,97.80303882027403,99.4
2026-02-06 01:30:00+01:00,94.7187184243437,98.31
2026-02-06 01:45:00+01:00,94.71026800363258,97.67
2026-02-06 02:00:00+01:00,96.83451515286652,98.8
2026-02-06 02:15:00+01:00,96.2207660745342,97.88
2026-02-06 02:30:00+01:00,95.23741639879674,97.27
2026-02-06 02:45:00+01:00,95.66475001160026,98.4
2026-02-06 03:00:00+01:00,95.27566033972353,96.86
2026-02-06 03:15:00+01:00,95.49541680253839,98.74
2026-02-06 03:30:00+01:00,95.8147485890748,98.4
2026-02-06 03:45:00+01:00,96.5830557005128,98.91
2026-02-06 04:00:00+01:00,94.71683204772458,97.26
2026-02-06 04:15:00+01:00,95.38198186423763,98.78
2026-02-06 04:30:00+01:00,97.33610407148223,98.98
2026-02-06 04:45:00+01:00,100.20701010156053,99.95
2026-02-06 05:00:00+01:00,98.6573310512836,99.36
2026-02-06 05:15:00+01:00,99.13675964404885,100.5
2026-02-06 05:30:00+01:00,100.12139094346395,101.32
2026-02-06 05:45:00+01:00,106.66414891140197,108.15
2026-02-06 06:00:00+01:00,99.22295004693875,99.09
2026-02-06 06:15:00+01:00,108.80576224476334,109.67
2026-02-06 06:30:00+01:00,117.55462286924464,116.35
2026-02-06 06:45:00+01:00,132.02287637351407,136.58
2026-02-06 07:00:00+01:00,121.48455988950903,126.87
2026-02-06 07:15:00+01:00,130.0859272104589,136.82
2026-02-06 07:30:00+01:00,136.3454225537066,147.99
2026-02-06 07:45:00+01:00,143.19492082592234,146.17
2026-02-06 08:00:00+01:00,147.47292646156447,138.67
2026-02-06 08:15:00+01:00,147.2822667310149,145.7
2026-02-06 08:30:00+01:00,144.36881171723658,146.6
2026-02-06 08:45:00+01:00,141.36460783403956,147.99
2026-02-06 09:00:00+01:00,150.38443544040194,148.13
2026-02-06 09:15:00+01:00,146.54100775973683,147.99
2026-02-06 09:30:00+01:00,142.62810100022347,141.71
2026-02-06 09:45:00+01:00,137.31323843147425,138.98
2026-02-06 10:00:00+01:00,144.43411146062328,148.06
2026-02-06 10:15:00+01:00,138.7222555720045,143.59
2026-02-06 10:30:00+01:00,136.18016581298554,140.04
2026-02-06 10:45:00+01:00,136.68393303554873,136.68
2026-02-06 11:00:00+01:00,136.4078990291112,143.66
2026-02-06 11:15:00+01:00,137.03132114514818,141.19
2026-02-06 11:30:00+01:00,137.83624759490684,137.77
2026-02-06 11:45:00+01:00,132.0813382325127,133.02
2026-02-06 12:00:00+01:00,134.90766716266586,138.8
2026-02-06 12:15:00+01:00,130.36635599551929,135.34
2026-02-06 12:30:00+01:00,131.85596102454414,136.68
2026-02-06 12:45:00+01:00,131.8653510130431,134.02
2026-02-06 13:00:00+01:00,130.80094626078986,137.76
2026-02-06 13:15:00+01:00,129.85196104569349,135.66
2026-02-06 13:30:00+01:00,129.7988185820114,136.96
2026-02-06 13:45:00+01:00,125.4170206449908,133.19
2026-02-06 14:00:00+01:00,131.68716141953917,128.35
2026-02-06 14:15:00+01:00,140.27077441213024,134.05
2026-02-06 14:30:00+01:00,132.93267807704214,137.9
2026-02-06 14:45:00+01:00,132.48398478848628,142.37
2026-02-06 15:00:00+01:00,136.98515355968965,132.03
2026-02-06 15:15:00+01:00,141.51746817332895,136.86
2026-02-06 15:30:00+01:00,136.81379903451585,142.29
2026-02-06 15:45:00+01:00,141.8134162210616,146.71
2026-02-06 16:00:00+01:00,134.50003035977366,131.82
2026-02-06 16:15:00+01:00,135.88553908909023,133.74
2026-02-06 16:30:00+01:00,141.55309639329812,135.28
2026-02-06 16:45:00+01:00,150.59926782100666,135.01
2026-02-06 17:00:00+01:00,147.15757327456575,128.16
2026-02-06 17:15:00+01:00,148.03784061867324,136.04
2026-02-06 17:30:00+01:00,149.10514377984026,141.27
2026-02-06 17:45:00+01:00,148.88309146697216,143.28
2026-02-06 18:00:00+01:00,147.9226574307425,140.19
2026-02-06 18:15:00+01:00,140.68530723529076,137.62
2026-02-06 18:30:00+01:00,139.52155111683294,125.95
2026-02-06 18:45:00+01:00,146.0676708475434,125.0
2026-02-06 19:00:00+01:00,138.9411502353368,137.26
2026-02-06 19:15:00+01:00,132.73781355901409,124.73
2026-02-06 19:30:00+01:00,134.55424399428165,125.56
2026-02-06 19:45:00+01:00,129.57991721269383,114.96
2026-02-06 20:00:00+01:00,134.29780467176414,119.51
2026-02-06 20:15:00+01:00,123.51427276557028,110.53
2026-02-06 20:30:00+01:00,121.92080179522307,107.55
2026-02-06 20:45:00+01:00,114.08136166582662,106.34
2026-02-06 21:00:00+01:00,123.59619499918401,114.35
2026-02-06 21:15:00+01:00,119.98288965766565,109.83
2026-02-06 21:30:00+01:00,108.58653023587097,107.01
2026-02-06 21:45:00+01:00,103.87166378173362,104.21
2026-02-06 22:00:00+01:00,116.56252141931199,109.8
2026-02-06 22:15:00+01:00,111.86377584186545,106.06
2026-02-06 22:30:00+01:00,109.76431661406129,105.06
2026-02-06 22:45:00+01:00,102.12573336876383,104.13
2026-02-06 23:00:00+01:00,112.1218513934974,107.05
2026-02-06 23:15:00+01:00,103.0797225691835,103.65
2026-02-06 23:30:00+01:00,97.27885267925465,101.41
2026-02-06 23:45:00+01:00,98.20074996993647,96.84
2026-02-07 00:00:00+01:00,109.73332384469377,104.57
2026-02-07 00:15:00+01:00,102.48751053462595,101.03
2026-02-07 00:30:00+01:00,99.29259835929595,100.53
2026-02-07 00:45:00+01:00,97.36565782961621,99.84
2026-02-07 01:00:00+01:00,103.86987165672835,100.25
2026-02-07 01:15:00+01:00,99.9539839994962,98.78
2026-02-07 01:30:00+01:00,98.80109300602699,100.7
2026-02-07 01:45:00+01:00,98.22431756930374,100.27
2026-02-07 02:00:00+01:00,99.74476614644179,100.17
2026-02-07 02:15:00+01:00,97.96090352418761,99.41
2026-02-07 02:30:00+01:00,98.73112889903939,96.89
2026-02-07 02:45:00+01:00,97.83771982756281,95.7
2026-02-07 03:00:00+01:00,98.20243575896653,98.28
2026-02-07 03:15:00+01:00,98.50813568173297,96.5
2026-02-07 03:30:00+01:00,97.94005391183258,97.31
2026-02-07 03:45:00+01:00,98.64538167335796,95.45
2026-02-07 04:00:00+01:00,98.85984674419228,95.86
2026-02-07 04:15:00+01:00,98.33284964777006,96.58
2026-02-07 04:30:00+01:00,97.95914184446136,96.8
2026-02-07 04:45:00+01:00,98.00571365845707,96.34
2026-02-07 05:00:00+01:00,100.6966093981595,94.57
2026-02-07 05:15:00+01:00,98.52218605000763,96.34
2026-02-07 05:30:00+01:00,96.91341383082957,96.74
2026-02-07 05:45:00+01:00,98.87277299249325,99.25
2026-02-07 06:00:00+01:00,96.84540321578524,90.06
2026-02-07 06:15:00+01:00,97.93514568123351,95.97
2026-02-07 06:30:00+01:00,101.32883679224098,98.97
2026-02-07 06:45:00+01:00,105.53296241095191,103.38
2026-02-07 07:00:00+01:00,99.99861026058,100.28
2026-02-07 07:15:00+01:00,102.4705646638799,102.39
2026-02-07 07:30:00+01:00,107.03667984992933,107.13
2026-02-07 07:45:00+01:00,112.48014994062676,112.39
2026-02-07 08:00:00+01:00,108.48107002292005,108.15
2026-02-07 08:15:00+01:00,113.3931496807789,113.61
2026-02-07 08:30:00+01:00,116.87574648613754,116.99
2026-02-07 08:45:00+01:00,116.68290154077155,117.57
2026-02-07 09:00:00+01:00,123.12254481547072,125.0
2026-02-07 09:15:00+01:00,119.7235028674481,119.51
2026-02-07 09:30:00+01:00,120.08661502983479,117.06
2026-02-07 09:45:00+01:00,117.34536611763268,110.33
2026-02-07 10:00:00+01:00,124.98841650582139,117.03
2026-02-07 10:15:00+01:00,118.60017944791879,109.37
2026-02-07 10:30:00+01:00,117.8314692617434,107.78
2026-02-07 10:45:00+01:00,117.66337490951031,106.07
2026-02-07 11:00:00+01:00,116.33124832672698,106.89
2026-02-07 11:15:00+01:00,116.72178727932284,105.84
2026-02-07 11:30:00+01:00,118.58359971575743,103.76
2026-02-07 11:45:00+01:00,111.91236785171638,101.64
2026-02-07 12:00:00+01:00,118.19518198498051,103.69
2026-02-07 12:15:00+01:00,112.16125660637437,101.15
2026-02-07 12:30:00+01:00,110.48952498327291,98.1
2026-02-07 12:45:00+01:00,107.4685021998173,97.53
2026-02-07 13:00:00+01:00,110.59910417112653,97.92
2026-02-07 13:15:00+01:00,107.50398865544948,97.32
2026-02-07 13:30:00+01:00,106.57377932687334,96.89
2026-02-07 13:45:00+01:00,106.49002957346323,97.42
2026-02-07 14:00:00+01:00,107.00489957335233,96.46
2026-02-07 14:15:00+01:00,110.709335496367,97.68
2026-02-07 14:30:00+01:00,110.91141763915869,101.43
2026-02-07 14:45:00+01:00,116.83231723908169,104.14
2026-02-07 15:00:00+01:00,110.63157261482634,101.41
2026-02-07 15:15:00+01:00,116.73303960162235,103.59
2026-02-07 15:30:00+01:00,118.35453365666163,108.77
2026-02-07 15:45:00+01:00,122.09676243150736,111.56
2026-02-07 16:00:00+01:00,117.42290411358917,108.08
2026-02-07 16:15:00+01:00,120.71429429353188,116.82
2026-02-07 16:30:00+01:00,125.72803279718035,124.21
2026-02-07 16:45:00+01:00,135.8102612105965,132.05
2026-02-07 17:00:00+01:00,125.87628415402229,127.43
2026-02-07 17:15:00+01:00,133.6678234075015,131.08
2026-02-07 17:30:00+01:00,137.99632667925852,137.11
2026-02-07 17:45:00+01:00,139.91833870424523,140.53
2026-02-07 18:00:00+01:00,136.98512439582314,137.98
2026-02-07 18:15:00+01:00,132.92709086879717,136.38
2026-02-07 18:30:00+01:00,132.4783582542321,134.22
2026-02-07 18:45:00+01:00,131.01121965084573,132.75
2026-02-07 19:00:00+01:00,131.4433179656877,131.43
2026-02-07 19:15:00+01:00,126.5201219040977,132.13
2026-02-07 19:30:00+01:00,124.77197345062332,126.72
2026-02-07 19:45:00+01:00,121.44410454459006,119.71
2026-02-07 20:00:00+01:00,122.2340050154079,125.25
2026-02-07 20:15:00+01:00,119.32929002634776,115.47
2026-02-07 20:30:00+01:00,112.31258539844953,108.07
2026-02-07 20:45:00+01:00,106.23374425175535,104.79
2026-02-07 21:00:00+01:00,114.13348714594689,109.19
2026-02-07 21:15:00+01:00,112.15778439032891,105.36
2026-02-07 21:30:00+01:00,104.96169757915467,102.94
2026-02-07 21:45:00+01:00,101.59691819660621,100.07
2026-02-07 22:00:00+01:00,111.11146713826443,107.6
2026-02-07 22:15:00+01:00,106.76201217241496,105.41
2026-02-07 22:30:00+01:00,105.02561931505353,103.25
2026-02-07 22:45:00+01:00,99.61037594991488,100.03
2026-02-07 23:00:00+01:00,105.11135710363065,105.96
2026-02-07 23:15:00+01:00,99.14407771171724,101.17
2026-02-07 23:30:00+01:00,95.26673853569243,96.11
2026-02-07 23:45:00+01:00,90.36061685896368,91.8
2026-02-08 00:00:00+01:00,104.53756646174945,110.04
2026-02-08 00:15:00+01:00,99.89198052825233,101.13
2026-02-08 00:30:00+01:00,96.69496722631737,99.99
2026-02-08 00:45:00+01:00,93.2722801122596,96.98
2026-02-08 01:00:00+01:00,100.76706912028992,101.51
2026-02-08 01:15:00+01:00,98.38948686797804,101.37
2026-02-08 01:30:00+01:00,93.96552302683205,97.1
2026-02-08 01:45:00+01:00,92.72815025672563,96.2
2026-02-08 02:00:00+01:00,95.2910777873843,99.9
2026-02-08 02:15:00+01:00,93.40381715785222,97.49
2026-02-08 02:30:00+01:00,92.9580370418741,96.63
2026-02-08 02:45:00+01:00,92.20751973471008,96.25
2026-02-08 03:00:00+01:00,92.4184646998288,97.43
2026-02-08 03:15:00+01:00,93.08485266813277,96.7
2026-02-08 03:30:00+01:00,93.15616978009805,95.64
2026-02-08 03:45:00+01:00,93.40399580873998,95.93
2026-02-08 04:00:00+01:00,93.20220181830143,94.9
2026-02-08 04:15:00+01:00,92.17760405179268,94.5
2026-02-08 04:30:00+01:00,93.17380821398228,95.05
2026-02-08 04:45:00+01:00,93.5771229389768,94.99
2026-02-08 05:00:00+01:00,93.79499235504223,95.59
2026-02-08 05:15:00+01:00,92.67007253637233,95.41
2026-02-08 05:30:00+01:00,91.45806538695057,95.49
2026-02-08 05:45:00+01:00,92.69232031609148,96.51
2026-02-08 06:00:00+01:00,92.65923765491459,90.28
2026-02-08 06:15:00+01:00,92.35041024448935,92.8
2026-02-08 06:30:00+01:00,93.21550858565973,96.45
2026-02-08 06:45:00+01:00,88.15760532596941,100.47
2026-02-08 07:00:00+01:00,91.68231740633591,91.09
2026-02-08 07:15:00+01:00,92.06964216873276,94.71
2026-02-08 07:30:00+01:00,95.49668746142954,96.3
2026-02-08 07:45:00+01:00,98.82143727072564,101.12
2026-02-08 08:00:00+01:00,95.88301433191012,96.05
2026-02-08 08:15:00+01:00,100.77385929173086,101.24
2026-02-08 08:30:00+01:00,101.31071679429219,101.57
2026-02-08 08:45:00+01:00,101.01350975548729,102.53
2026-02-08 09:00:00+01:00,106.5063785284019,101.92
2026-02-08 09:15:00+01:00,104.18775374958585,102.84
2026-02-08 09:30:00+01:00,103.08736954872816,102.36
2026-02-08 09:45:00+01:00,99.2818824907541,100.83
2026-02-08 10:00:00+01:00,105.35839890158121,104.37
2026-02-08 10:15:00+01:00,102.54177730043601,103.81
2026-02-08 10:30:00+01:00,100.36736300482401,101.62
2026-02-08 10:45:00+01:00,99.2230124976322,100.78
2026-02-08 11:00:00+01:00,101.91501484871397,102.14
2026-02-08 11:15:00+01:00,100.37283752162317,100.85
2026-02-08 11:30:00+01:00,99.38701075154681,98.64
2026-02-08 11:45:00+01:00,96.41773501431094,96.77
2026-02-08 12:00:00+01:00,100.47230621527642,97.86
2026-02-08 12:15:00+01:00,97.58191673738155,96.77
2026-02-08 12:30:00+01:00,96.28101026056339,96.97
2026-02-08 12:45:00+01:00,94.72201256105417,94.69
2026-02-08 13:00:00+01:00,96.41067304081416,95.1
2026-02-08 13:15:00+01:00,95.14291919134392,94.01
2026-02-08 13:30:00+01:00,94.46170309485842,96.26
2026-02-08 13:45:00+01:00,95.1781241927437,96.43
2026-02-08 14:00:00+01:00,95.19283768958157,94.09
2026-02-08 14:15:00+01:00,95.37654956401023,96.62
2026-02-08 14:30:00+01:00,97.19477194682754,97.71
2026-02-08 14:45:00+01:00,103.3678753644971,100.46
2026-02-08 15:00:00+01:00,95.603468846809,98.03
2026-02-08 15:15:00+01:00,100.71128784057426,100.52
2026-02-08 15:30:00+01:00,106.8399238027856,104.32
2026-02-08 15:45:00+01:00,110.28495911832718,110.42
2026-02-08 16:00:00+01:00,101.90054492214946,100.84
2026-02-08 16:15:00+01:00,107.73052248349036,107.64
2026-02-08 16:30:00+01:00,114.96652100805105,115.03
2026-02-08 16:45:00+01:00,123.97436158255587,123.63
2026-02-08 17:00:00+01:00,114.9336221822038,119.54
2026-02-08 17:15:00+01:00,123.67394445770873,125.98
2026-02-08 17:30:00+01:00,132.04760207067187,131.0
2026-02-08 17:45:00+01:00,133.81813811686243,134.01
2026-02-08 18:00:00+01:00,129.34918066200575,129.79
2026-02-08 18:15:00+01:00,127.64039465275161,132.89
2026-02-08 18:30:00+01:00,128.59831598301642,132.55
2026-02-08 18:45:00+01:00,126.1576958517263,129.84
2026-02-08 19:00:00+01:00,127.56245866575814,132.96
2026-02-08 19:15:00+01:00,124.9652957767793,129.56
2026-02-08 19:30:00+01:00,119.5194297090745,125.09
2026-02-08 19:45:00+01:00,116.56208465715989,120.02
2026-02-08 20:00:00+01:00,118.41094094436221,122.86
2026-02-08 20:15:00+01:00,116.26344408518877,114.26
2026-02-08 20:30:00+01:00,109.83829208456943,109.93
2026-02-08 20:45:00+01:00,105.96413912135682,106.08
2026-02-08 21:00:00+01:00,111.27317340017382,110.84
2026-02-08 21:15:00+01:00,106.94475498860284,109.25
2026-02-08 21:30:00+01:00,103.08614735420181,106.93
2026-02-08 21:45:00+01:00,97.89256713982888,103.49
2026-02-08 22:00:00+01:00,108.42230779387839,108.08
2026-02-08 22:15:00+01:00,104.2601861080667,106.56
2026-02-08 22:30:00+01:00,101.31966310469736,104.14
2026-02-08 22:45:00+01:00,97.38675429133944,101.78
2026-02-08 23:00:00+01:00,101.37004712283859,103.42
2026-02-08 23:15:00+01:00,97.60013541571077,101.71
2026-02-08 23:30:00+01:00,96.57091904692471,100.28
2026-02-08 23:45:00+01:00,91.10179973699425,94.52
2026-02-09 00:00:00+01:00,103.57962815554744,99.98
2026-02-09 00:15:00+01:00,100.0653766567093,97.44
2026-02-09 00:30:00+01:00,99.49011796070164,95.51
2026-02-09 00:45:00+01:00,98.3037239653406,94.05
2026-02-09 01:00:00+01:00,100.92520655953562,97.68
2026-02-09 01:15:00+01:00,98.75415860775703,95.58
2026-02-09 01:30:00+01:00,98.8798114385784,94.9
2026-02-09 01:45:00+01:00,97.47176842762485,93.65
2026-02-09 02:00:00+01:00,98.77058257252916,95.32
2026-02-09 02:15:00+01:00,97.81314257710125,95.17
2026-02-09 02:30:00+01:00,98.43842188268164,96.54
2026-02-09 02:45:00+01:00,99.12828969053547,95.78
2026-02-09 03:00:00+01:00,97.19274682231891,95.71
2026-02-09 03:15:00+01:00,98.14452062414094,94.67
2026-02-09 03:30:00+01:00,100.368222331715,95.34
2026-02-09 03:45:00+01:00,101.61762351052086,96.15
2026-02-09 04:00:00+01:00,97.90944583736722,93.42
2026-02-09 04:15:00+01:00,99.03364091723483,95.12
2026-02-09 04:30:00+01:00,101.3579343959421,96.81
2026-02-09 04:45:00+01:00,102.66043711674638,100.91
2026-02-09 05:00:00+01:00,100.54159381532551,95.7
2026-02-09 05:15:00+01:00,103.5375591488889,100.99
2026-02-09 05:30:00+01:00,105.64618539627186,105.65
2026-02-09 05:45:00+01:00,115.40754699190671,116.6
2026-02-09 06:00:00+01:00,105.79288271559813,105.0
2026-02-09 06:15:00+01:00,115.32238721677524,121.37
2026-02-09 06:30:00+01:00,125.20456554583572,136.18
2026-02-09 06:45:00+01:00,131.79754079068783,166.39
2026-02-09 07:00:00+01:00,129.68713111062374,137.14
2026-02-09 07:15:00+01:00,141.75543654719036,159.03
2026-02-09 07:30:00+01:00,150.4275766545921,168.26
2026-02-09 07:45:00+01:00,157.26186820323827,169.95
2026-02-09 08:00:00+01:00,163.49810757552353,170.29
2026-02-09 08:15:00+01:00,166.1830184303493,188.94
2026-02-09 08:30:00+01:00,159.87633481724828,185.46
2026-02-09 08:45:00+01:00,149.04351958869597,186.15
2026-02-09 09:00:00+01:00,164.6834870609267,183.9
2026-02-09 09:15:00+01:00,155.87881031365538,174.8
2026-02-09 09:30:00+01:00,148.21287052019773,160.07
2026-02-09 09:45:00+01:00,139.37950795120503,158.06
2026-02-09 10:00:00+01:00,155.27004093605834,166.23
2026-02-09 10:15:00+01:00,144.93501614321866,164.12
2026-02-09 10:30:00+01:00,137.77011413634725,153.99
2026-02-09 10:45:00+01:00,129.8992040235693,144.82
2026-02-09 11:00:00+01:00,141.46037037655086,151.01
2026-02-09 11:15:00+01:00,137.73937447648814,146.46
2026-02-09 11:30:00+01:00,136.42771981037728,142.9
2026-02-09 11:45:00+01:00,130.38306219092772,137.15
2026-02-09 12:00:00+01:00,133.79996124696498,143.19
2026-02-09 12:15:00+01:00,128.15005076760067,138.08
2026-02-09 12:30:00+01:00,128.2275909935938,135.18
2026-02-09 12:45:00+01:00,132.40440877332233,131.84
2026-02-09 13:00:00+01:00,128.38212987827077,136.23
2026-02-09 13:15:00+01:00,131.72116393694648,137.59
2026-02-09 13:30:00+01:00,131.23522980867762,134.26
2026-02-09 13:45:00+01:00,131.32614837892717,132.02
2026-02-09 14:00:00+01:00,129.9315289822494,123.66
2026-02-09 14:15:00+01:00,136.8693363830999,133.63
2026-02-09 14:30:00+01:00,139.7511808834172,142.14
2026-02-09 14:45:00+01:00,142.6189588519906,151.2
2026-02-09 15:00:00+01:00,134.3941390714255,128.85
2026-02-09 15:15:00+01:00,140.18985536046745,138.68
2026-02-09 15:30:00+01:00,149.033144834129,157.78
2026-02-09 15:45:00+01:00,166.39563555629024,171.0
2026-02-09 16:00:00+01:00,143.10265972193974,141.73
2026-02-09 16:15:00+01:00,148.58057788410923,160.39
2026-02-09 16:30:00+01:00,166.55478191932704,183.82
2026-02-09 16:45:00+01:00,193.2568594383489,189.99
2026-02-09 17:00:00+01:00,164.7364451944815,186.86
2026-02-09 17:15:00+01:00,180.48607219675455,233.57
2026-02-09 17:30:00+01:00,192.56712910443935,244.77
2026-02-09 17:45:00+01:00,183.12664335410636,243.65
2026-02-09 18:00:00+01:00,186.49393856632835,196.61
2026-02-09 18:15:00+01:00,173.62126898156728,186.03
2026-02-09 18:30:00+01:00,171.04240317065378,171.0
2026-02-09 18:45:00+01:00,162.2500660394243,175.26
2026-02-09 19:00:00+01:00,175.93759469921986,187.92
2026-02-09 19:15:00+01:00,161.16071003405187,170.54
2026-02-09 19:30:00+01:00,151.27384893437073,160.74
2026-02-09 19:45:00+01:00,142.58046237985525,144.04
2026-02-09 20:00:00+01:00,148.25914762241928,162.88
2026-02-09 20:15:00+01:00,142.15841696588274,148.31
2026-02-09 20:30:00+01:00,132.0007559969946,139.51
2026-02-09 20:45:00+01:00,125.8169444567448,125.81
2026-02-09 21:00:00+01:00,130.87866516402073,146.31
2026-02-09 21:15:00+01:00,126.78481582461762,142.66
2026-02-09 21:30:00+01:00,121.46556970093,131.05
2026-02-09 21:45:00+01:00,112.89928571217254,118.38
2026-02-09 22:00:00+01:00,122.39727848067558,130.45
2026-02-09 22:15:00+01:00,119.17544688024422,124.32
2026-02-09 22:30:00+01:00,115.67968203468145,123.09
2026-02-09 22:45:00+01:00,111.60119240210165,113.72
2026-02-09 23:00:00+01:00,113.84822086643652,117.03
2026-02-09 23:15:00+01:00,108.36979269071865,109.09
2026-02-09 23:30:00+01:00,106.62930165620219,107.19
2026-02-09 23:45:00+01:00,99.86067101790526,102.38
2026-02-10 00:00:00+01:00,110.65428412272564,106.37
2026-02-10 00:15:00+01:00,106.43346443667073,104.65
2026-02-10 00:30:00+01:00,103.50779380737258,103.98
2026-02-10 00:45:00+01:00,101.83881041996099,103.57
2026-02-10 01:00:00+01:00,106.13777841041396,105.03
2026-02-10 01:15:00+01:00,104.64569420362875,104.03
2026-02-10 01:30:00+01:00,102.26763387781038,103.04
2026-02-10 01:45:00+01:00,100.34503078685103,102.88
2026-02-10 02:00:00+01:00,102.44659841680938,103.21
2026-02-10 02:15:00+01:00,100.54645416433603,102.54
2026-02-10 02:30:00+01:00,100.04853642841182,102.51
2026-02-10 02:45:00+01:00,99.1389314146802,102.73
2026-02-10 03:00:00+01:00,99.34590709447886,102.83
2026-02-10 03:15:00+01:00,98.84176698146125,102.58
2026-02-10 03:30:00+01:00,97.90188929594599,102.23
2026-02-10 03:45:00+01:00,96.63250829194715,102.1
2026-02-10 04:00:00+01:00,96.81080479747564,102.02
2026-02-10 04:15:00+01:00,96.43907922603213,100.7
2026-02-10 04:30:00+01:00,99.53101346370602,102.95
2026-02-10 04:45:00+01:00,98.98788475416349,104.07
2026-02-10 05:00:00+01:00,98.12212740339108,103.59
2026-02-10 05:15:00+01:00,98.67977029270997,103.2
2026-02-10 05:30:00+01:00,100.76789477001093,104.81
2026-02-10 05:45:00+01:00,105.7929360606915,110.11
2026-02-10 06:00:00+01:00,103.58119040523013,102.5
2026-02-10 06:15:00+01:00,112.30045763581892,112.26
2026-02-10 06:30:00+01:00,120.56271683648463,124.49
2026-02-10 06:45:00+01:00,128.41999404872712,140.42
2026-02-10 07:00:00+01:00,127.38115676045008,122.95
2026-02-10 07:15:00+01:00,135.5988710098365,130.57
2026-02-10 07:30:00+01:00,141.89705047418747,141.2
2026-02-10 07:45:00+01:00,144.70341728464422,144.84
2026-02-10 08:00:00+01:00,158.78167986258012,146.49
2026-02-10 08:15:00+01:00,150.3250045589304,150.1
2026-02-10 08:30:00+01:00,142.15175572874068,141.92
2026-02-10 08:45:00+01:00,135.49073346685793,136.8
2026-02-10 09:00:00+01:00,148.14563462146646,141.6
2026-02-10 09:15:00+01:00,141.9778852799501,135.57
2026-02-10 09:30:00+01:00,134.22725277270308,129.51
2026-02-10 09:45:00+01:00,124.2004146728972,121.65
2026-02-10 10:00:00+01:00,143.42701658447177,141.67
2026-02-10 10:15:00+01:00,125.56557286392828,131.0
2026-02-10 10:30:00+01:00,120.89868344623972,126.16
2026-02-10 10:45:00+01:00,123.7419551370915,117.52
2026-02-10 11:00:00+01:00,121.77829577868198,129.96
2026-02-10 11:15:00+01:00,117.70122677317559,124.03
2026-02-10 11:30:00+01:00,115.10372044602138,115.04
2026-02-10 11:45:00+01:00,113.00935529995289,108.74
2026-02-10 12:00:00+01:00,116.28499797497446,112.55
2026-02-10 12:15:00+01:00,113.8149595925288,107.28
2026-02-10 12:30:00+01:00,112.52769707633794,109.13
2026-02-10 12:45:00+01:00,114.1733549658843,107.93
2026-02-10 13:00:00+01:00,113.63094660057223,110.26
2026-02-10 13:15:00+01:00,113.25023738441998,107.42
2026-02-10 13:30:00+01:00,112.2235473653652,109.36
2026-02-10 13:45:00+01:00,114.29114056754509,110.84
2026-02-10 14:00:00+01:00,113.35638046990988,108.79
2026-02-10 14:15:00+01:00,117.025353546659,112.4
2026-02-10 14:30:00+01:00,122.35968916921067,119.12
2026-02-10 14:45:00+01:00,128.51826440198732,124.58
2026-02-10 15:00:00+01:00,121.26386477708752,118.74
2026-02-10 15:15:00+01:00,125.03903240992119,122.28
2026-02-10 15:30:00+01:00,134.47993481669664,134.65
2026-02-10 15:45:00+01:00,145.8247631669312,136.79
2026-02-10 16:00:00+01:00,126.31695112848077,120.09
2026-02-10 16:15:00+01:00,135.04863075025133,127.42
2026-02-10 16:30:00+01:00,143.11229897839644,126.16
2026-02-10 16:45:00+01:00,151.27531532127634,136.98
2026-02-10 17:00:00+01:00,143.36380861345452,130.45
2026-02-10 17:15:00+01:00,149.3020387031283,131.01
2026-02-10 17:30:00+01:00,153.26501389265917,138.89
2026-02-10 17:45:00+01:00,156.57581570260027,140.62
2026-02-10 18:00:00+01:00,149.5763422488093,141.29
2026-02-10 18:15:00+01:00,147.87691345576803,135.94
2026-02-10 18:30:00+01:00,143.44697831329356,129.53
2026-02-10 18:45:00+01:00,148.13380884538336,120.09
2026-02-10 19:00:00+01:00,143.0352677084704,130.44
2026-02-10 19:15:00+01:00,135.85862178908835,124.28
2026-02-10 19:30:00+01:00,133.65057660917506,118.48
2026-02-10 19:45:00+01:00,126.83841162439273,108.11
2026-02-10 20:00:00+01:00,129.341084127446,122.78
2026-02-10 20:15:00+01:00,121.25695700138128,112.57
2026-02-10 20:30:00+01:00,116.96781128053792,105.28
2026-02-10 20:45:00+01:00,112.23180845411446,104.38
2026-02-10 21:00:00+01:00,120.77262980391009,110.52
2026-02-10 21:15:00+01:00,118.15376828399964,107.38
2026-02-10 21:30:00+01:00,109.96794420170312,106.56
2026-02-10 21:45:00+01:00,103.39357981980216,104.17
2026-02-10 22:00:00+01:00,114.31276968426928,109.33
2026-02-10 22:15:00+01:00,111.11095147882924,107.91
2026-02-10 22:30:00+01:00,108.34688118578362,106.32
2026-02-10 22:45:00+01:00,101.65162989574702,103.2
2026-02-10 23:00:00+01:00,110.36515721744274,106.03
2026-02-10 23:15:00+01:00,103.87698459913798,103.42
2026-02-10 23:30:00+01:00,97.8700220426,99.4
2026-02-10 23:45:00+01:00,95.62754832550863,93.26
2026-02-11 00:00:00+01:00,104.1017914006913,96.96
2026-02-11 00:15:00+01:00,101.4568767750155,97.18
2026-02-11 00:30:00+01:00,97.94187023648523,97.03
2026-02-11 00:45:00+01:00,95.70352126323247,95.96
2026-02-11 01:00:00+01:00,100.90500872875977,97.12
2026-02-11 01:15:00+01:00,98.72178802736804,96.99
2026-02-11 01:30:00+01:00,96.21476462022432,96.7
2026-02-11 01:45:00+01:00,94.30872423025366,95.71
2026-02-11 02:00:00+01:00,98.96239535836216,96.84
2026-02-11 02:15:00+01:00,95.87125744245185,95.37
2026-02-11 02:30:00+01:00,95.0345158320887,95.1
2026-02-11 02:45:00+01:00,95.19317053020758,95.11
2026-02-11 03:00:00+01:00,93.90180238175415,94.87
2026-02-11 03:15:00+01:00,93.99205314772593,94.87
2026-02-11 03:30:00+01:00,96.49153523779883,94.87
2026-02-11 03:45:00+01:00,97.22645760848849,94.11
2026-02-11 04:00:00+01:00,92.56205466523218,94.87
2026-02-11 04:15:00+01:00,93.22042382651706,94.77
2026-02-11 04:30:00+01:00,100.47202736100283,94.87
2026-02-11 04:45:00+01:00,100.59276667022769,94.87
2026-02-11 05:00:00+01:00,96.5538491583096,94.83
2026-02-11 05:15:00+01:00,99.71755263827193,96.05
2026-02-11 05:30:00+01:00,95.10125120048073,100.65
2026-02-11 05:45:00+01:00,94.72806537825355,105.04
2026-02-11 06:00:00+01:00,98.10359862453804,98.4
2026-02-11 06:15:00+01:00,100.74672409711903,106.74
2026-02-11 06:30:00+01:00,107.64610333818463,112.91
2026-02-11 06:45:00+01:00,121.22295542015895,123.86
2026-02-11 07:00:00+01:00,112.78024655554908,113.26
2026-02-11 07:15:00+01:00,122.89481129755643,130.5
2026-02-11 07:30:00+01:00,128.23951580538713,136.21
2026-02-11 07:45:00+01:00,134.11899362625203,136.03
2026-02-11 08:00:00+01:00,138.725282041301,134.48
2026-02-11 08:15:00+01:00,136.88167713652564,136.9
2026-02-11 08:30:00+01:00,136.57612133175064,141.0
2026-02-11 08:45:00+01:00,137.17260294836603,135.89
2026-02-11 09:00:00+01:00,142.84670599928612,134.36
2026-02-11 09:15:00+01:00,141.0972405193317,132.83
2026-02-11 09:30:00+01:00,134.21750951366556,131.64
2026-02-11 09:45:00+01:00,136.93338341517764,126.92
2026-02-11 10:00:00+01:00,145.05869396187475,131.0
2026-02-11 10:15:00+01:00,131.56492065446136,128.93
2026-02-11 10:30:00+01:00,134.87164513045093,125.52
2026-02-11 10:45:00+01:00,136.33247228951538,124.55
2026-02-11 11:00:00+01:00,130.77358611133909,131.42
2026-02-11 11:15:00+01:00,125.57318781143077,130.61
2026-02-11 11:30:00+01:00,123.85059332164582,123.17
2026-02-11 11:45:00+01:00,120.53542225452885,118.56
2026-02-11 12:00:00+01:00,123.054271525838,119.87
2026-02-11 12:15:00+01:00,119.85679510138854,116.05
2026-02-11 12:30:00+01:00,119.74456448226987,113.82
2026-02-11 12:45:00+01:00,118.84250550325049,113.71
2026-02-11 13:00:00+01:00,121.18677061610353,119.17
2026-02-11 13:15:00+01:00,118.13491225813894,118.05
2026-02-11 13:30:00+01:00,116.20538910133456,116.01
2026-02-11 13:45:00+01:00,114.58890371959072,113.57
2026-02-11 14:00:00+01:00,119.06168783250038,114.28
2026-02-11 14:15:00+01:00,119.78384166090022,116.5
2026-02-11 14:30:00+01:00,118.10983471041921,117.14
2026-02-11 14:45:00+01:00,119.66488589909213,118.88
2026-02-11 15:00:00+01:00,115.57788207365198,116.37
2026-02-11 15:15:00+01:00,119.78763895098987,116.34
2026-02-11 15:30:00+01:00,116.24076393412902,119.0
2026-02-11 15:45:00+01:00,124.73258067456314,121.03
2026-02-11 16:00:00+01:00,117.87560793181142,117.25
2026-02-11 16:15:00+01:00,121.04604541570711,118.26
2026-02-11 16:30:00+01:00,124.10765852800756,121.99
2026-02-11 16:45:00+01:00,130.66032745643406,131.76
2026-02-11 17:00:00+01:00,124.51752783346625,119.71
2026-02-11 17:15:00+01:00,130.67489176687258,129.83
2026-02-11 17:30:00+01:00,134.03340249466723,130.14
2026-02-11 17:45:00+01:00,140.34004676299645,131.92
2026-02-11 18:00:00+01:00,131.72970250031764,131.01
2026-02-11 18:15:00+01:00,124.98326624959134,128.06
2026-02-11 18:30:00+01:00,128.09062600007803,123.4
2026-02-11 18:45:00+01:00,134.80172393225962,119.39
2026-02-11 19:00:00+01:00,124.48496719601769,122.96
2026-02-11 19:15:00+01:00,117.80077875333822,111.77
2026-02-11 19:30:00+01:00,117.36471815029607,107.41
2026-02-11 19:45:00+01:00,115.46589474633463,105.94
2026-02-11 20:00:00+01:00,114.60532493461487,109.17
2026-02-11 20:15:00+01:00,111.465365246434,106.36
2026-02-11 20:30:00+01:00,107.97429575086933,103.59
2026-02-11 20:45:00+01:00,101.29747420831637,100.59
2026-02-11 21:00:00+01:00,108.5851035481622,107.41
2026-02-11 21:15:00+01:00,104.74572875933848,106.93
2026-02-11 21:30:00+01:00,101.18307956753482,104.67
2026-02-11 21:45:00+01:00,99.74409804731084,98.51
2026-02-11 22:00:00+01:00,105.40437048120879,106.11
2026-02-11 22:15:00+01:00,102.76111775761078,103.51
2026-02-11 22:30:00+01:00,101.2751598679207,99.99
2026-02-11 22:45:00+01:00,95.83668283103509,98.38
2026-02-11 23:00:00+01:00,101.64668890773169,102.31
2026-02-11 23:15:00+01:00,94.59278900649466,96.33
2026-02-11 23:30:00+01:00,87.6862272386871,93.89
2026-02-11 23:45:00+01:00,87.94819073004984,88.7
2026-02-12 00:00:00+01:00,96.19583950616405,90.02
2026-02-12 00:15:00+01:00,95.0310125167679,87.4
2026-02-12 00:30:00+01:00,92.31771254880627,89.11
2026-02-12 00:45:00+01:00,89.56578035082546,86.24
2026-02-12 01:00:00+01:00,93.46666913010579,88.07
2026-02-12 01:15:00+01:00,91.42187465763256,86.55
2026-02-12 01:30:00+01:00,88.9879006392496,87.6
2026-02-12 01:45:00+01:00,87.4908080492519,88.1
2026-02-12 02:00:00+01:00,91.99000931797617,86.94
2026-02-12 02:15:00+01:00,89.74404476452071,87.45
2026-02-12 02:30:00+01:00,87.97460597791354,85.77
2026-02-12 02:45:00+01:00,89.5312187595338,84.65
2026-02-12 03:00:00+01:00,86.62800454610115,85.03
2026-02-12 03:15:00+01:00,87.26031580143916,83.76
2026-02-12 03:30:00+01:00,87.61376490908235,84.93
2026-02-12 03:45:00+01:00,87.1182537795449,85.85
2026-02-12 04:00:00+01:00,86.1893898296441,85.07
2026-02-12 04:15:00+01:00,85.43613371978518,85.7
2026-02-12 04:30:00+01:00,90.16648983322013,86.09
2026-02-12 04:45:00+01:00,90.6383275749949,87.19
2026-02-12 05:00:00+01:00,89.77278778751784,86.65
2026-02-12 05:15:00+01:00,90.41876282412726,87.2
2026-02-12 05:30:00+01:00,87.04687594875448,90.49
2026-02-12 05:45:00+01:00,87.70539361766777,93.38
2026-02-12 06:00:00+01:00,88.35108848007599,90.7
2026-02-12 06:15:00+01:00,91.55260460241969,97.29
2026-02-12 06:30:00+01:00,96.05128798024897,103.96
2026-02-12 06:45:00+01:00,105.60060651855541,107.5
2026-02-12 07:00:00+01:00,101.3740540492115,103.1
2026-02-12 07:15:00+01:00,109.85333284838087,115.0
2026-02-12 07:30:00+01:00,113.68687102568248,121.04
2026-02-12 07:45:00+01:00,120.350338940673,124.89
2026-02-12 08:00:00+01:00,120.40262456582978,122.67
2026-02-12 08:15:00+01:00,123.73680601545139,123.92
2026-02-12 08:30:00+01:00,124.74976377388708,123.68
2026-02-12 08:45:00+01:00,124.20685966354984,122.02
2026-02-12 09:00:00+01:00,134.3165393624582,129.67
2026-02-12 09:15:00+01:00,125.28603132109659,123.03
2026-02-12 09:30:00+01:00,119.77250848636702,117.45
2026-02-12 09:45:00+01:00,112.1839907387289,114.67
2026-02-12 10:00:00+01:00,126.74775502869764,124.64
2026-02-12 10:15:00+01:00,111.82812083226526,116.27
2026-02-12 10:30:00+01:00,110.29786549502755,115.13
2026-02-12 10:45:00+01:00,107.53653522914118,114.04
2026-02-12 11:00:00+01:00,110.34684602185713,114.92
2026-02-12 11:15:00+01:00,105.860836849427,113.16
2026-02-12 11:30:00+01:00,101.86508732827018,110.1
2026-02-12 11:45:00+01:00,99.69470760361992,106.43
2026-02-12 12:00:00+01:00,101.58464593406147,107.59
2026-02-12 12:15:00+01:00,98.58234138009675,104.95
2026-02-12 12:30:00+01:00,101.03548481499689,105.44
2026-02-12 12:45:00+01:00,99.64153959107793,104.08
2026-02-12 13:00:00+01:00,100.21535213154505,105.48
2026-02-12 13:15:00+01:00,98.97791148334949,104.44
2026-02-12 13:30:00+01:00,100.09806329222084,102.87
2026-02-12 13:45:00+01:00,100.80850938949098,101.43
2026-02-12 14:00:00+01:00,97.69425635919583,104.37
2026-02-12 14:15:00+01:00,105.48481521833382,104.7
2026-02-12 14:30:00+01:00,108.56707413849756,105.48
2026-02-12 14:45:00+01:00,113.56532266221016,106.3
2026-02-12 15:00:00+01:00,106.48801842258814,103.56
2026-02-12 15:15:00+01:00,112.99909901730311,103.26
2026-02-12 15:30:00+01:00,116.89147533804977,109.47
2026-02-12 15:45:00+01:00,122.1405975992446,115.63
2026-02-12 16:00:00+01:00,111.99954723734017,103.91
2026-02-12 16:15:00+01:00,120.30635901228422,107.15
2026-02-12 16:30:00+01:00,120.08461492567605,113.61
2026-02-12 16:45:00+01:00,125.31718568004737,118.47
2026-02-12 17:00:00+01:00,120.31604498838452,109.02
2026-02-12 17:15:00+01:00,125.56573689410664,121.71
2026-02-12 17:30:00+01:00,130.2468407603724,129.8
2026-02-12 17:45:00+01:00,138.21784910705,131.67
2026-02-12 18:00:00+01:00,126.43286080755406,130.01
2026-02-12 18:15:00+01:00,122.93209969519428,128.13
2026-02-12 18:30:00+01:00,130.45889244288915,123.15
2026-02-12 18:45:00+01:00,137.4162973545152,121.36
2026-02-12 19:00:00+01:00,124.22656770624327,132.11
2026-02-12 19:15:00+01:00,125.04790936508613,124.16
2026-02-12 19:30:00+01:00,125.89427367610624,117.01
2026-02-12 19:45:00+01:00,122.27748500722807,110.21
2026-02-12 20:00:00+01:00,117.54917512521021,126.27
2026-02-12 20:15:00+01:00,113.62536927957522,107.29
2026-02-12 20:30:00+01:00,111.54540499772979,103.15
2026-02-12 20:45:00+01:00,104.88341352358188,99.7
2026-02-12 21:00:00+01:00,114.095521127132,106.6
2026-02-12 21:15:00+01:00,107.79044839940204,103.12
2026-02-12 21:30:00+01:00,102.3977207296829,98.19
2026-02-12 21:45:00+01:00,99.73065495079783,90.86
2026-02-12 22:00:00+01:00,110.2222344551399,104.59
2026-02-12 22:15:00+01:00,103.94199535356287,96.66
2026-02-12 22:30:00+01:00,101.24348640744114,94.13
2026-02-12 22:45:00+01:00,95.49687690949884,93.32
2026-02-12 23:00:00+01:00,101.88872638252823,98.42
2026-02-12 23:15:00+01:00,96.03808002937014,90.93
2026-02-12 23:30:00+01:00,90.97347271483328,85.92
2026-02-12 23:45:00+01:00,88.58715256658414,82.06
2026-02-13 00:00:00+01:00,91.95429906505547,85.72
2026-02-13 00:15:00+01:00,88.99980199144059,85.02
2026-02-13 00:30:00+01:00,86.8901431395683,83.16
2026-02-13 00:45:00+01:00,83.46558680949931,81.53
2026-02-13 01:00:00+01:00,88.12950436706149,83.9
2026-02-13 01:15:00+01:00,84.58840784740777,83.89
2026-02-13 01:30:00+01:00,83.72550388000728,83.36
2026-02-13 01:45:00+01:00,82.45579048314985,83.49
2026-02-13 02:00:00+01:00,85.1705637899388,81.72
2026-02-13 02:15:00+01:00,83.9199697564284,82.05
2026-02-13 02:30:00+01:00,83.53111513603119,82.43
2026-02-13 02:45:00+01:00,84.87391027507769,82.67
2026-02-13 03:00:00+01:00,84.57101638420055,81.18
2026-02-13 03:15:00+01:00,83.51761507928776,81.87
2026-02-13 03:30:00+01:00,86.55665456102392,82.31
2026-02-13 03:45:00+01:00,87.47766500966061,82.06
2026-02-13 04:00:00+01:00,84.27414476639154,81.57
2026-02-13 04:15:00+01:00,83.88222209993802,82.66
2026-02-13 04:30:00+01:00,90.9882017197296,83.89
2026-02-13 04:45:00+01:00,91.6711298036035,85.28
2026-02-13 05:00:00+01:00,85.91201003294398,84.06
2026-02-13 05:15:00+01:00,89.59237193523376,83.66
2026-02-13 05:30:00+01:00,88.24529556698852,87.75
2026-02-13 05:45:00+01:00,91.86353430567677,93.28
2026-02-13 06:00:00+01:00,85.50101846315042,84.42
2026-02-13 06:15:00+01:00,94.31464913997524,93.56
2026-02-13 06:30:00+01:00,99.92415087218293,103.67
2026-02-13 06:45:00+01:00,109.68967948222041,113.26
2026-02-13 07:00:00+01:00,102.58118588827226,105.21
2026-02-13 07:15:00+01:00,111.74922242342659,119.26
2026-02-13 07:30:00+01:00,117.10370122701839,121.64
2026-02-13 07:45:00+01:00,122.98169214007478,124.8
2026-02-13 08:00:00+01:00,124.68844651379032,122.21
2026-02-13 08:15:00+01:00,124.76077975246852,125.86
2026-02-13 08:30:00+01:00,121.11718526582156,124.58
2026-02-13 08:45:00+01:00,116.16041597666441,122.75
2026-02-13 09:00:00+01:00,128.5268761299848,128.75
2026-02-13 09:15:00+01:00,121.01763434382174,123.8
2026-02-13 09:30:00+01:00,114.75763185096778,115.43
2026-02-13 09:45:00+01:00,112.47972488179909,108.62
2026-02-13 10:00:00+01:00,121.52824918240819,112.71
2026-02-13 10:15:00+01:00,109.18658379006848,107.88
2026-02-13 10:30:00+01:00,111.25754611627221,104.38
2026-02-13 10:45:00+01:00,109.80835367798329,100.6
2026-02-13 11:00:00+01:00,108.6182895152579,104.18
2026-02-13 11:15:00+01:00,105.17102038618329,101.7
2026-02-13 11:30:00+01:00,102.92599866143253,99.54
2026-02-13 11:45:00+01:00,101.98067381417015,98.7
2026-02-13 12:00:00+01:00,104.15941057603958,98.62
2026-02-13 12:15:00+01:00,100.96459037600991,97.41
2026-02-13 12:30:00+01:00,102.03850409100713,97.03
2026-02-13 12:45:00+01:00,101.06312984361634,96.14
2026-02-13 13:00:00+01:00,103.9161972208167,96.49
2026-02-13 13:15:00+01:00,102.2899327518102,96.94
2026-02-13 13:30:00+01:00,101.69465873294628,98.61
2026-02-13 13:45:00+01:00,101.85109597469527,97.94
2026-02-13 14:00:00+01:00,99.75110527098525,98.93
2026-02-13 14:15:00+01:00,102.49456717744151,99.74
2026-02-13 14:30:00+01:00,107.49946844424962,103.6
2026-02-13 14:45:00+01:00,114.88475590965766,106.09
2026-02-13 15:00:00+01:00,104.10056006872966,105.73
2026-02-13 15:15:00+01:00,109.89457615395214,111.95
2026-02-13 15:30:00+01:00,120.56101645300966,122.63
2026-02-13 15:45:00+01:00,127.11799319763021,132.08
2026-02-13 16:00:00+01:00,114.10163065301678,117.97
2026-02-13 16:15:00+01:00,123.33900616710059,122.34
2026-02-13 16:30:00+01:00,127.7042271214241,126.63
2026-02-13 16:45:00+01:00,135.9649899115708,136.68
2026-02-13 17:00:00+01:00,130.93457042243915,122.62
2026-02-13 17:15:00+01:00,136.53749112659594,131.77
2026-02-13 17:30:00+01:00,143.66009969812805,135.7
2026-02-13 17:45:00+01:00,144.80614857732292,137.85
2026-02-13 18:00:00+01:00,136.72743555457436,140.35
2026-02-13 18:15:00+01:00,132.74196113247666,135.88
2026-02-13 18:30:00+01:00,132.47052504336824,134.76
2026-02-13 18:45:00+01:00,137.3354036506225,133.1
2026-02-13 19:00:00+01:00,134.47444520571867,144.63
2026-02-13 19:15:00+01:00,128.14262340417176,134.85
2026-02-13 19:30:00+01:00,129.4426998712914,127.69
2026-02-13 19:45:00+01:00,125.49516550041508,120.4
2026-02-13 20:00:00+01:00,124.93499806843803,137.0
2026-02-13 20:15:00+01:00,118.51430972567374,130.66
2026-02-13 20:30:00+01:00,114.58669707333974,122.0
2026-02-13 20:45:00+01:00,108.34168990395513,114.34
2026-02-13 21:00:00+01:00,116.16248261144679,127.41
2026-02-13 21:15:00+01:00,111.07265453226462,121.8
2026-02-13 21:30:00+01:00,106.75777757963327,114.7
2026-02-13 21:45:00+01:00,99.92864611778631,106.41
2026-02-13 22:00:00+01:00,113.06672641798566,119.88
2026-02-13 22:15:00+01:00,106.94595574995505,110.36
2026-02-13 22:30:00+01:00,104.0978156307527,106.71
2026-02-13 22:45:00+01:00,100.19579569837362,102.84
2026-02-13 23:00:00+01:00,106.15143455770905,106.35
2026-02-13 23:15:00+01:00,98.36419871767563,102.19
2026-02-13 23:30:00+01:00,94.73541835909113,100.72
2026-02-13 23:45:00+01:00,84.36596881979716,94.17
2026-02-14 00:00:00+01:00,102.15038436256948,103.97
2026-02-14 00:15:00+01:00,98.1506068403784,98.7
2026-02-14 00:30:00+01:00,97.10120731344279,94.02
2026-02-14 00:45:00+01:00,93.98994450016912,91.28
2026-02-14 01:00:00+01:00,98.15570357848787,94.83
2026-02-14 01:15:00+01:00,95.95643165703511,93.76
2026-02-14 01:30:00+01:00,94.91371988510343,90.55
2026-02-14 01:45:00+01:00,93.32900581653873,88.18
2026-02-14 02:00:00+01:00,95.66463358803311,91.9
2026-02-14 02:15:00+01:00,93.84622099441884,88.96
2026-02-14 02:30:00+01:00,92.7689607612412,87.21
2026-02-14 02:45:00+01:00,93.10537010814558,88.29
2026-02-14 03:00:00+01:00,91.85881883155986,91.69
2026-02-14 03:15:00+01:00,91.30702948358598,88.76
2026-02-14 03:30:00+01:00,92.71389242707255,87.45
2026-02-14 03:45:00+01:00,91.90478856095683,86.79
2026-02-14 04:00:00+01:00,92.31368460660177,87.63
2026-02-14 04:15:00+01:00,89.6911928396843,88.07
2026-02-14 04:30:00+01:00,91.06720848514088,87.55
2026-02-14 04:45:00+01:00,92.02490935125655,86.78
2026-02-14 05:00:00+01:00,92.47495403267027,88.35
2026-02-14 05:15:00+01:00,92.40949078429647,86.62
2026-02-14 05:30:00+01:00,91.37021313549008,89.24
2026-02-14 05:45:00+01:00,90.41704907447895,90.79
2026-02-14 06:00:00+01:00,91.02299363613805,88.94
2026-02-14 06:15:00+01:00,92.40933440881926,89.5
2026-02-14 06:30:00+01:00,93.08472756420643,89.63
2026-02-14 06:45:00+01:00,95.10069500101257,92.8
2026-02-14 07:00:00+01:00,92.58167035351693,90.94
2026-02-14 07:15:00+01:00,92.93409240084226,90.52
2026-02-14 07:30:00+01:00,96.95085440916144,94.15
2026-02-14 07:45:00+01:00,99.8453943436342,96.86
2026-02-14 08:00:00+01:00,96.54255651702816,97.1
2026-02-14 08:15:00+01:00,101.63152031010794,102.41
2026-02-14 08:30:00+01:00,101.94253020734881,103.9
2026-02-14 08:45:00+01:00,102.01622852820938,103.92
2026-02-14 09:00:00+01:00,107.08239434934396,110.11
2026-02-14 09:15:00+01:00,104.77274433734209,109.13
2026-02-14 09:30:00+01:00,104.82036625147799,106.96
2026-02-14 09:45:00+01:00,102.39666373812224,103.76
2026-02-14 10:00:00+01:00,107.50304960338143,109.93
2026-02-14 10:15:00+01:00,104.56778333073018,104.89
2026-02-14 10:30:00+01:00,103.54216196033128,102.64
2026-02-14 10:45:00+01:00,102.60437402407823,98.42
2026-02-14 11:00:00+01:00,103.25637987249358,101.49
2026-02-14 11:15:00+01:00,102.09616008963287,98.81
2026-02-14 11:30:00+01:00,99.00648173153431,96.87
2026-02-14 11:45:00+01:00,97.859336058464,95.48
2026-02-14 12:00:00+01:00,99.01249850126601,96.84
2026-02-14 12:15:00+01:00,96.17655051421261,96.54
2026-02-14 12:30:00+01:00,96.65160074545885,94.62
2026-02-14 12:45:00+01:00,96.17906028197996,92.64
2026-02-14 13:00:00+01:00,98.07059479315404,95.24
2026-02-14 13:15:00+01:00,96.20856688136882,94.78
2026-02-14 13:30:00+01:00,96.92939871419716,92.47
2026-02-14 13:45:00+01:00,98.19512245244755,93.4
2026-02-14 14:00:00+01:00,94.64876448322178,91.93
2026-02-14 14:15:00+01:00,99.06704538511399,95.21
2026-02-14 14:30:00+01:00,101.53058189435056,97.87
2026-02-14 14:45:00+01:00,105.89594069051482,103.44
2026-02-14 15:00:00+01:00,99.40542941393662,98.77
2026-02-14 15:15:00+01:00,104.74001632131538,101.92
2026-02-14 15:30:00+01:00,108.49364418393183,106.49
2026-02-14 15:45:00+01:00,114.57210989894605,112.63
2026-02-14 16:00:00+01:00,104.3071352619391,104.96
2026-02-14 16:15:00+01:00,109.02178692046213,114.63
2026-02-14 16:30:00+01:00,116.17798531796223,122.34
2026-02-14 16:45:00+01:00,125.23083558578875,125.62
2026-02-14 17:00:00+01:00,118.39601928810835,113.79
2026-02-14 17:15:00+01:00,128.09779539759037,125.2
2026-02-14 17:30:00+01:00,137.01350371275387,131.94
2026-02-14 17:45:00+01:00,145.93584107159379,133.47
2026-02-14 18:00:00+01:00,135.35901295819536,131.01
2026-02-14 18:15:00+01:00,138.57780544531025,132.22
2026-02-14 18:30:00+01:00,140.28275133420993,133.92
2026-02-14 18:45:00+01:00,141.04968441235803,130.56
2026-02-14 19:00:00+01:00,136.19680493296013,135.0
2026-02-14 19:15:00+01:00,134.06837903675708,129.4
2026-02-14 19:30:00+01:00,137.3501513151983,127.0
2026-02-14 19:45:00+01:00,140.01431300510058,123.48
2026-02-14 20:00:00+01:00,132.8435021915388,129.99
2026-02-14 20:15:00+01:00,125.01573602277975,126.73
2026-02-14 20:30:00+01:00,126.37417686980861,118.33
2026-02-14 20:45:00+01:00,112.33505916851111,117.72
2026-02-14 21:00:00+01:00,119.7889876833024,126.28
2026-02-14 21:15:00+01:00,114.97210889325011,120.97
2026-02-14 21:30:00+01:00,109.61793468082581,114.01
2026-02-14 21:45:00+01:00,103.04306883017138,106.66
2026-02-14 22:00:00+01:00,113.48028715595372,120.88
2026-02-14 22:15:00+01:00,115.63736525114561,113.23
2026-02-14 22:30:00+01:00,106.14750533557746,106.94
2026-02-14 22:45:00+01:00,102.56871648863206,103.76
2026-02-14 23:00:00+01:00,116.74528788859888,103.75
2026-02-14 23:15:00+01:00,107.17570864780537,103.42
2026-02-14 23:30:00+01:00,98.08691632249752,100.9
2026-02-14 23:45:00+01:00,97.68432684731773,96.33
2026-02-15 00:00:00+01:00,105.38360078319273,107.51
2026-02-15 00:15:00+01:00,102.46368337974216,101.67
2026-02-15 00:30:00+01:00,100.00123539817582,99.67
2026-02-15 00:45:00+01:00,96.72625222534478,98.26
2026-02-15 01:00:00+01:00,103.46785163190175,103.9
2026-02-15 01:15:00+01:00,98.85246173137702,100.44
2026-02-15 01:30:00+01:00,97.69682228223975,99.06
2026-02-15 01:45:00+01:00,97.19013796382484,96.39
2026-02-15 02:00:00+01:00,98.36172686489557,100.54
2026-02-15 02:15:00+01:00,96.15869783139064,100.75
2026-02-15 02:30:00+01:00,95.51572709576439,100.9
2026-02-15 02:45:00+01:00,94.51571113920357,100.83
2026-02-15 03:00:00+01:00,95.80634922972989,100.29
2026-02-15 03:15:00+01:00,94.16856001355605,99.15
2026-02-15 03:30:00+01:00,93.94922267617682,97.35
2026-02-15 03:45:00+01:00,92.89842718194774,95.31
2026-02-15 04:00:00+01:00,92.70575354588541,98.25
2026-02-15 04:15:00+01:00,92.01290811282088,97.5
2026-02-15 04:30:00+01:00,93.43157298487937,95.59
2026-02-15 04:45:00+01:00,90.37880355793396,94.74
2026-02-15 05:00:00+01:00,96.02593885671149,96.67
2026-02-15 05:15:00+01:00,89.69527691155572,93.89
2026-02-15 05:30:00+01:00,91.90000375204464,93.19
2026-02-15 05:45:00+01:00,93.2330249765369,93.67
2026-02-15 06:00:00+01:00,89.9498862723853,92.85
2026-02-15 06:15:00+01:00,91.3556866649163,94.19
2026-02-15 06:30:00+01:00,92.69242547867016,94.73
2026-02-15 06:45:00+01:00,93.17453795962514,94.9
2026-02-15 07:00:00+01:00,92.69275831518928,96.58
2026-02-15 07:15:00+01:00,92.14568063242135,94.97
2026-02-15 07:30:00+01:00,94.65616806981147,96.25
2026-02-15 07:45:00+01:00,94.97738872788744,96.66
2026-02-15 08:00:00+01:00,100.91166758275216,100.67
2026-02-15 08:15:00+01:00,96.94495426189917,97.54
2026-02-15 08:30:00+01:00,91.04207546983764,95.67
2026-02-15 08:45:00+01:00,84.08415085149136,93.32
2026-02-15 09:00:00+01:00,97.52190474921255,99.15
2026-02-15 09:15:00+01:00,86.78538550876073,94.3
2026-02-15 09:30:00+01:00,82.36973345773555,92.51
2026-02-15 09:45:00+01:00,71.03966669885085,86.3
2026-02-15 10:00:00+01:00,84.30779604724276,91.49
2026-02-15 10:15:00+01:00,76.89480776460358,86.74
2026-02-15 10:30:00+01:00,69.48764470136744,82.92
2026-02-15 10:45:00+01:00,64.0370897504319,70.92
2026-02-15 11:00:00+01:00,72.73032621068808,79.73
2026-02-15 11:15:00+01:00,64.51094933907511,76.39
2026-02-15 11:30:00+01:00,61.636698325812915,74.42
2026-02-15 11:45:00+01:00,60.862386304427254,68.35
2026-02-15 12:00:00+01:00,62.542747630307645,69.92
2026-02-15 12:15:00+01:00,58.456668782568656,71.3
2026-02-15 12:30:00+01:00,60.93569729982637,66.69
2026-02-15 12:45:00+01:00,66.65537722116363,61.57
2026-02-15 13:00:00+01:00,58.11771784854284,66.88
2026-02-15 13:15:00+01:00,63.99257017953113,64.72
2026-02-15 13:30:00+01:00,69.64226521096685,64.04
2026-02-15 13:45:00+01:00,70.45287486038619,61.99
2026-02-15 14:00:00+01:00,67.26821608290075,63.71
2026-02-15 14:15:00+01:00,76.65143414693317,60.3
2026-02-15 14:30:00+01:00,75.85625473810089,65.83
2026-02-15 14:45:00+01:00,85.34900532638683,67.85
2026-02-15 15:00:00+01:00,75.29683927032478,62.05
2026-02-15 15:15:00+01:00,81.57214277882406,66.37
2026-02-15 15:30:00+01:00,88.31484030853295,74.29
2026-02-15 15:45:00+01:00,88.76475827965825,85.1
2026-02-15 16:00:00+01:00,91.15810164701288,71.2
2026-02-15 16:15:00+01:00,88.63091611620362,82.67
2026-02-15 16:30:00+01:00,94.59863911810668,88.68
2026-02-15 16:45:00+01:00,100.39080207884057,94.27
2026-02-15 17:00:00+01:00,97.16748183219516,92.5
2026-02-15 17:15:00+01:00,103.23485324388008,96.99
2026-02-15 17:30:00+01:00,106.82592594526936,98.5
2026-02-15 17:45:00+01:00,102.58009151644208,97.55
2026-02-15 18:00:00+01:00,103.57282832274655,99.73
2026-02-15 18:15:00+01:00,101.60967983101212,99.98
2026-02-15 18:30:00+01:00,100.8151103712986,98.82
2026-02-15 18:45:00+01:00,97.87706541906451,94.28
2026-02-15 19:00:00+01:00,105.16182215648416,92.7
2026-02-15 19:15:00+01:00,98.79528835247791,87.91
2026-02-15 19:30:00+01:00,96.68168579167924,81.9
2026-02-15 19:45:00+01:00,83.93149499113491,71.94
2026-02-15 20:00:00+01:00,98.26560398997421,82.82
2026-02-15 20:15:00+01:00,86.42742879349309,76.7
2026-02-15 20:30:00+01:00,85.45597504785742,69.49
2026-02-15 20:45:00+01:00,83.5450193741741,55.0
2026-02-15 21:00:00+01:00,90.10436895492877,74.93
2026-02-15 21:15:00+01:00,87.3892363118238,70.25
2026-02-15 21:30:00+01:00,83.60317098394282,65.94
2026-02-15 21:45:00+01:00,77.56941511971428,57.93
2026-02-15 22:00:00+01:00,92.91952499454719,73.0
2026-02-15 22:15:00+01:00,87.30100233727005,66.94
2026-02-15 22:30:00+01:00,84.62486566057828,65.18
2026-02-15 22:45:00+01:00,81.86760683351261,57.34
2026-02-15 23:00:00+01:00,88.7958043966599,71.5
2026-02-15 23:15:00+01:00,80.848087462645,65.1
2026-02-15 23:30:00+01:00,75.69301570512042,58.49
2026-02-15 23:45:00+01:00,70.35595785795203,37.07
2026-02-16 00:00:00+01:00,75.04551348113102,75.64
2026-02-16 00:15:00+01:00,66.70694917348654,74.09
2026-02-16 00:30:00+01:00,65.12573204755326,65.08
2026-02-16 00:45:00+01:00,62.234242718723465,60.91
2026-02-16 01:00:00+01:00,64.71651507274406,69.29
2026-02-16 01:15:00+01:00,64.4598336638408,64.77
2026-02-16 01:30:00+01:00,57.2515282385591,64.55
2026-02-16 01:45:00+01:00,55.16200852920869,62.89
2026-02-16 02:00:00+01:00,62.36621886935215,64.63
2026-02-16 02:15:00+01:00,60.18791472696719,63.81
2026-02-16 02:30:00+01:00,59.28869527290432,64.63
2026-02-16 02:45:00+01:00,56.80070955463276,64.57
2026-02-16 03:00:00+01:00,55.142995897748406,63.2
2026-02-16 03:15:00+01:00,56.6635527263776,63.71
2026-02-16 03:30:00+01:00,62.33360504072428,65.64
2026-02-16 03:45:00+01:00,62.95114650983377,65.1
2026-02-16 04:00:00+01:00,58.318245989421996,63.01
2026-02-16 04:15:00+01:00,59.9329785787412,63.37
2026-02-16 04:30:00+01:00,64.19339433547738,66.76
2026-02-16 04:45:00+01:00,68.74448179444019,71.07
2026-02-16 05:00:00+01:00,61.10550837100831,60.1
2026-02-16 05:15:00+01:00,69.5111623953247,66.37
2026-02-16 05:30:00+01:00,73.82733584935139,75.91
2026-02-16 05:45:00+01:00,81.26111250363863,77.56
2026-02-16 06:00:00+01:00,69.57557138473925,60.47
2026-02-16 06:15:00+01:00,83.33943168752373,73.23
2026-02-16 06:30:00+01:00,87.83427075630797,83.91
2026-02-16 06:45:00+01:00,95.822237877451,99.7
2026-02-16 07:00:00+01:00,87.90797754146436,82.37
2026-02-16 07:15:00+01:00,95.4854296271255,94.32
2026-02-16 07:30:00+01:00,100.70515156335044,99.24
2026-02-16 07:45:00+01:00,103.57022558459113,100.36
2026-02-16 08:00:00+01:00,102.09474312027096,97.01
2026-02-16 08:15:00+01:00,106.52071400387462,103.01
2026-02-16 08:30:00+01:00,107.98592560971898,103.1
2026-02-16 08:45:00+01:00,103.90420786934197,101.01
2026-02-16 09:00:00+01:00,112.36279175609765,106.53
2026-02-16 09:15:00+01:00,107.98207601894936,104.14
2026-02-16 09:30:00+01:00,103.4294871285122,104.0
2026-02-16 09:45:00+01:00,98.27439511460474,103.03
2026-02-16 10:00:00+01:00,107.03367727469183,111.82
2026-02-16 10:15:00+01:00,100.27286032974162,102.01
2026-02-16 10:30:00+01:00,97.79135132931494,97.7
2026-02-16 10:45:00+01:00,93.92308196652208,94.63
2026-02-16 11:00:00+01:00,97.65038525496192,97.58
2026-02-16 11:15:00+01:00,95.01305685756772,94.52
2026-02-16 11:30:00+01:00,93.1587892937969,93.94
2026-02-16 11:45:00+01:00,91.03336869980112,93.4
2026-02-16 12:00:00+01:00,92.19475027679374,91.89
2026-02-16 12:15:00+01:00,90.21097908402612,91.9
2026-02-16 12:30:00+01:00,91.04362935368694,92.27
2026-02-16 12:45:00+01:00,90.3107843702762,91.95
2026-02-16 13:00:00+01:00,90.81843155746111,93.57
2026-02-16 13:15:00+01:00,90.72671529848947,93.46
2026-02-16 13:30:00+01:00,91.83960100590693,93.75
2026-02-16 13:45:00+01:00,93.62589785409183,96.83
2026-02-16 14:00:00+01:00,88.94572491841438,90.99
2026-02-16 14:15:00+01:00,93.18910956144279,93.68
2026-02-16 14:30:00+01:00,96.8847790772886,99.42
2026-02-16 14:45:00+01:00,101.9913319126093,99.96
2026-02-16 15:00:00+01:00,94.34191757553215,95.91
2026-02-16 15:15:00+01:00,103.14544705932921,98.6
2026-02-16 15:30:00+01:00,106.86849011941169,107.87
2026-02-16 15:45:00+01:00,115.0375701631904,113.92
2026-02-16 16:00:00+01:00,101.66492445538995,106.11
2026-02-16 16:15:00+01:00,109.15924130687331,114.65
2026-02-16 16:30:00+01:00,113.16698975702185,118.03
2026-02-16 16:45:00+01:00,118.96676264170857,122.42
2026-02-16 17:00:00+01:00,113.34790902235095,120.2
2026-02-16 17:15:00+01:00,121.54427220597447,129.39
2026-02-16 17:30:00+01:00,129.1682193566458,131.77
2026-02-16 17:45:00+01:00,133.4651295433501,140.06
2026-02-16 18:00:00+01:00,124.44538794032461,132.03
2026-02-16 18:15:00+01:00,124.46330072556276,129.22
2026-02-16 18:30:00+01:00,126.57298164440311,128.8
2026-02-16 18:45:00+01:00,129.04819596194176,126.42
2026-02-16 19:00:00+01:00,126.44922554312305,133.14
2026-02-16 19:15:00+01:00,123.2859429953617,126.59
2026-02-16 19:30:00+01:00,120.97514433107615,126.61
2026-02-16 19:45:00+01:00,117.60687270915356,119.08
2026-02-16 20:00:00+01:00,118.70350118034918,121.79
2026-02-16 20:15:00+01:00,116.29596109926494,119.5
2026-02-16 20:30:00+01:00,111.84241428572237,113.81
2026-02-16 20:45:00+01:00,105.49810710341515,107.43
2026-02-16 21:00:00+01:00,110.79593370025228,112.26
2026-02-16 21:15:00+01:00,105.62260296821776,107.94
2026-02-16 21:30:00+01:00,101.9549936101426,99.73
2026-02-16 21:45:00+01:00,94.89441260813884,95.66
2026-02-16 22:00:00+01:00,106.17581293091435,106.0
2026-02-16 22:15:00+01:00,102.80488418668138,104.98
2026-02-16 22:30:00+01:00,97.56552690205834,101.23
2026-02-16 22:45:00+01:00,96.3312116169739,95.47
2026-02-16 23:00:00+01:00,98.28476581792276,101.58
2026-02-16 23:15:00+01:00,94.69466940134647,94.64
2026-02-16 23:30:00+01:00,91.92970518549475,89.32
2026-02-16 23:45:00+01:00,89.39795032826356,85.48
2026-02-17 00:00:00+01:00,94.99297454947337,89.45
2026-02-17 00:15:00+01:00,92.32059887891272,88.09
2026-02-17 00:30:00+01:00,89.87943942938512,85.73
2026-02-17 00:45:00+01:00,86.80071714846258,84.81
2026-02-17 01:00:00+01:00,90.60294761686241,86.56
2026-02-17 01:15:00+01:00,88.26601625160694,84.78
2026-02-17 01:30:00+01:00,86.78516363513252,84.81
2026-02-17 01:45:00+01:00,86.59277079014186,84.27
2026-02-17 02:00:00+01:00,88.3793579731419,84.45
2026-02-17 02:15:00+01:00,87.12032064642688,84.39
2026-02-17 02:30:00+01:00,86.39824676804,85.27
2026-02-17 02:45:00+01:00,86.90776232603916,85.01
2026-02-17 03:00:00+01:00,87.24514684061195,86.33
2026-02-17 03:15:00+01:00,86.63798489732895,85.85
2026-02-17 03:30:00+01:00,87.22864193709398,85.92
2026-02-17 03:45:00+01:00,87.01580024439787,84.5
2026-02-17 04:00:00+01:00,85.56287984045973,82.47
2026-02-17 04:15:00+01:00,86.90267183528417,86.05
2026-02-17 04:30:00+01:00,89.45787956325404,83.78
2026-02-17 04:45:00+01:00,88.56444064489979,86.97
2026-02-17 05:00:00+01:00,88.2116828715909,83.21
2026-02-17 05:15:00+01:00,88.26025450567514,85.72
2026-02-17 05:30:00+01:00,91.84859368810109,87.98
2026-02-17 05:45:00+01:00,97.52619377716606,98.46
2026-02-17 06:00:00+01:00,89.15399287998537,87.85
2026-02-17 06:15:00+01:00,96.76425027248888,102.99
2026-02-17 06:30:00+01:00,102.60671229663343,105.55
2026-02-17 06:45:00+01:00,110.17515092089593,114.5
2026-02-17 07:00:00+01:00,104.69336984924475,105.66
2026-02-17 07:15:00+01:00,112.40499615408115,110.15
2026-02-17 07:30:00+01:00,116.43850872553114,116.46
2026-02-17 07:45:00+01:00,119.95393388657611,125.04
2026-02-17 08:00:00+01:00,123.48527439417579,118.04
2026-02-17 08:15:00+01:00,124.76495475323046,116.29
2026-02-17 08:30:00+01:00,121.99244347545928,113.54
2026-02-17 08:45:00+01:00,114.1932372137522,111.55
2026-02-17 09:00:00+01:00,127.1330877148453,125.25
2026-02-17 09:15:00+01:00,118.69586020994765,111.8
2026-02-17 09:30:00+01:00,110.28979449961214,105.88
2026-02-17 09:45:00+01:00,101.58462542818843,100.42
2026-02-17 10:00:00+01:00,116.39566165702388,106.26
2026-02-17 10:15:00+01:00,101.49597096836678,103.13
2026-02-17 10:30:00+01:00,97.85479329394948,100.73
2026-02-17 10:45:00+01:00,96.50657642141579,99.48
2026-02-17 11:00:00+01:00,97.33691176818984,100.41
2026-02-17 11:15:00+01:00,93.85521331405134,97.08
2026-02-17 11:30:00+01:00,91.02657118828071,89.44
2026-02-17 11:45:00+01:00,88.81172630588081,85.29
2026-02-17 12:00:00+01:00,90.89329262662832,88.32
2026-02-17 12:15:00+01:00,87.707265065176,84.42
2026-02-17 12:30:00+01:00,88.9332283695772,83.71
2026-02-17 12:45:00+01:00,88.24650090335929,79.31
2026-02-17 13:00:00+01:00,89.12660748161089,86.98
2026-02-17 13:15:00+01:00,88.60018504054167,83.1
2026-02-17 13:30:00+01:00,89.42725451359107,79.0
2026-02-17 13:45:00+01:00,90.23836364105195,80.09
2026-02-17 14:00:00+01:00,90.44101168308822,82.21
2026-02-17 14:15:00+01:00,92.4562978589906,82.03
2026-02-17 14:30:00+01:00,93.67334920161828,82.29
2026-02-17 14:45:00+01:00,99.32012360911564,83.14
2026-02-17 15:00:00+01:00,94.10344104196814,82.11
2026-02-17 15:15:00+01:00,97.00786666595184,82.74
2026-02-17 15:30:00+01:00,104.30603831595317,86.68
2026-02-17 15:45:00+01:00,110.64813250146773,93.98
2026-02-17 16:00:00+01:00,101.2799747687792,90.35
2026-02-17 16:15:00+01:00,105.42602101418407,91.03
2026-02-17 16:30:00+01:00,111.75868963365316,92.03
2026-02-17 16:45:00+01:00,118.27068107094209,102.92
2026-02-17 17:00:00+01:00,112.87529741842644,103.0
2026-02-17 17:15:00+01:00,121.45297936194467,107.8
2026-02-17 17:30:00+01:00,129.52374375552247,111.84
2026-02-17 17:45:00+01:00,132.9406757307909,120.58
2026-02-17 18:00:00+01:00,122.39522228787288,120.37
2026-02-17 18:15:00+01:00,122.18454203583161,121.5
2026-02-17 18:30:00+01:00,123.64316969147383,131.89
2026-02-17 18:45:00+01:00,123.16275908980707,134.14
2026-02-17 19:00:00+01:00,124.31166251861553,133.39
2026-02-17 19:15:00+01:00,119.62779318328917,129.76
2026-02-17 19:30:00+01:00,116.62336983660241,123.75
2026-02-17 19:45:00+01:00,114.50947675068278,119.5
2026-02-17 20:00:00+01:00,115.74954282766063,119.41
2026-02-17 20:15:00+01:00,109.10311783337394,112.24
2026-02-17 20:30:00+01:00,107.9818572858456,108.43
2026-02-17 20:45:00+01:00,102.58074008893674,104.83
2026-02-17 21:00:00+01:00,107.99534283836581,110.94
2026-02-17 21:15:00+01:00,107.53034653478021,105.19
2026-02-17 21:30:00+01:00,101.32927577664165,97.18
2026-02-17 21:45:00+01:00,93.19166669654525,86.5
2026-02-17 22:00:00+01:00,107.31920440953097,98.04
2026-02-17 22:15:00+01:00,103.57901345680911,95.52
2026-02-17 22:30:00+01:00,98.96062740076827,89.88
2026-02-17 22:45:00+01:00,92.64062673507416,89.46
2026-02-17 23:00:00+01:00,99.87403654403974,93.89
2026-02-17 23:15:00+01:00,95.5417112138459,90.57
2026-02-17 23:30:00+01:00,88.94557446169068,88.26
2026-02-17 23:45:00+01:00,84.38004409760879,85.72
2026-02-18 00:00:00+01:00,91.48538018072882,96.14
2026-02-18 00:15:00+01:00,90.89606422439348,96.66
2026-02-18 00:30:00+01:00,88.73769980019397,95.12
2026-02-18 00:45:00+01:00,86.30217227534645,94.6
2026-02-18 01:00:00+01:00,90.83493156236457,94.66
2026-02-18 01:15:00+01:00,86.97526452477739,93.08
2026-02-18 01:30:00+01:00,86.91501612876468,93.46
2026-02-18 01:45:00+01:00,86.83136713149437,93.05
2026-02-18 02:00:00+01:00,87.36936824904141,92.84
2026-02-18 02:15:00+01:00,87.47598883028894,93.64
2026-02-18 02:30:00+01:00,87.29955431241994,93.85
2026-02-18 02:45:00+01:00,88.42565199747106,92.84
2026-02-18 03:00:00+01:00,86.66622988734069,93.73
2026-02-18 03:15:00+01:00,87.89005873554393,92.44
2026-02-18 03:30:00+01:00,90.56927470723402,91.47
2026-02-18 03:45:00+01:00,91.5230946754773,93.06
2026-02-18 04:00:00+01:00,88.40762413490489,90.4
2026-02-18 04:15:00+01:00,90.60980849102627,93.07
2026-02-18 04:30:00+01:00,94.90231106682533,94.37
2026-02-18 04:45:00+01:00,94.01742835328503,95.83
2026-02-18 05:00:00+01:00,88.21984125901974,96.72
2026-02-18 05:15:00+01:00,92.06903368205664,96.92
2026-02-18 05:30:00+01:00,96.18027336957935,100.99
2026-02-18 05:45:00+01:00,107.57391368434328,110.16
2026-02-18 06:00:00+01:00,91.75441125772842,98.15
2026-02-18 06:15:00+01:00,107.64486548794142,111.62
2026-02-18 06:30:00+01:00,118.73171163356372,129.49
2026-02-18 06:45:00+01:00,145.07812710469722,150.79
2026-02-18 07:00:00+01:00,130.01268749119646,148.45
2026-02-18 07:15:00+01:00,153.89834967197825,165.93
2026-02-18 07:30:00+01:00,161.3897437867701,187.44
2026-02-18 07:45:00+01:00,162.46947058284007,200.93
2026-02-18 08:00:00+01:00,182.99801859137892,206.43
2026-02-18 08:15:00+01:00,175.9112324200933,202.47
2026-02-18 08:30:00+01:00,165.92780091137746,182.48
2026-02-18 08:45:00+01:00,140.17661654939687,152.99
2026-02-18 09:00:00+01:00,172.83541795905154,156.12
2026-02-18 09:15:00+01:00,147.80827962436535,147.6
2026-02-18 09:30:00+01:00,129.03238414142874,125.49
2026-02-18 09:45:00+01:00,113.3581424370792,113.36
2026-02-18 10:00:00+01:00,136.03899027747536,133.54
2026-02-18 10:15:00+01:00,114.83454050136184,118.27
2026-02-18 10:30:00+01:00,104.80035013947342,109.96
2026-02-18 10:45:00+01:00,97.46011756165454,101.75
2026-02-18 11:00:00+01:00,107.36911111228659,112.8
2026-02-18 11:15:00+01:00,101.80107084733162,106.17
2026-02-18 11:30:00+01:00,98.34538492850504,104.34
2026-02-18 11:45:00+01:00,96.12461981175302,101.58
2026-02-18 12:00:00+01:00,98.22535948887239,105.21
2026-02-18 12:15:00+01:00,94.77323314671264,100.81
2026-02-18 12:30:00+01:00,95.24274370323681,99.29
2026-02-18 12:45:00+01:00,95.2264494017278,100.02
2026-02-18 13:00:00+01:00,95.1839235463597,102.36
2026-02-18 13:15:00+01:00,95.07423662003943,100.82
2026-02-18 13:30:00+01:00,96.54799141960768,99.84
2026-02-18 13:45:00+01:00,98.12787375968593,98.99
2026-02-18 14:00:00+01:00,93.28199678689406,97.88
2026-02-18 14:15:00+01:00,99.48339412267192,100.06
2026-02-18 14:30:00+01:00,101.34595525852365,106.16
2026-02-18 14:45:00+01:00,107.29383104299258,110.47
2026-02-18 15:00:00+01:00,100.38257332504475,106.16
2026-02-18 15:15:00+01:00,105.36060531604177,109.5
2026-02-18 15:30:00+01:00,112.64208086841043,114.99
2026-02-18 15:45:00+01:00,121.9414032189939,125.71
2026-02-18 16:00:00+01:00,107.69568367130393,111.0
2026-02-18 16:15:00+01:00,114.52353370869314,120.43
2026-02-18 16:30:00+01:00,120.15447716612141,128.14
2026-02-18 16:45:00+01:00,126.92588149127783,128.76
2026-02-18 17:00:00+01:00,121.26020752536843,137.99
2026-02-18 17:15:00+01:00,127.71596369802094,137.3
2026-02-18 17:30:00+01:00,128.28272479636962,142.38
2026-02-18 17:45:00+01:00,124.46386155885997,143.95
2026-02-18 18:00:00+01:00,127.48414736367849,153.49
2026-02-18 18:15:00+01:00,120.01626702711727,144.94
2026-02-18 18:30:00+01:00,117.01090605595373,139.09
2026-02-18 18:45:00+01:00,112.19190765168595,132.87
2026-02-18 19:00:00+01:00,118.58555783895618,129.54
2026-02-18 19:15:00+01:00,109.88896096632162,120.5
2026-02-18 19:30:00+01:00,106.407395866781,119.46
2026-02-18 19:45:00+01:00,98.07744070649137,109.87
2026-02-18 20:00:00+01:00,107.07821826909226,117.63
2026-02-18 20:15:00+01:00,100.65034771742505,103.29
2026-02-18 20:30:00+01:00,90.4571727958372,97.78
2026-02-18 20:45:00+01:00,89.74288072225254,91.98
2026-02-18 21:00:00+01:00,99.08602395038231,106.14
2026-02-18 21:15:00+01:00,97.32354710987923,101.21
2026-02-18 21:30:00+01:00,93.45478695525529,88.95
2026-02-18 21:45:00+01:00,87.25522204857928,88.26
2026-02-18 22:00:00+01:00,97.997242303563,101.94
2026-02-18 22:15:00+01:00,94.82101390086335,96.01
2026-02-18 22:30:00+01:00,91.6626176745742,90.79
2026-02-18 22:45:00+01:00,84.93852216346787,91.65
2026-02-18 23:00:00+01:00,92.14416725699692,97.42
2026-02-18 23:15:00+01:00,85.54538004365114,92.41
2026-02-18 23:30:00+01:00,81.18754856763847,86.92
2026-02-18 23:45:00+01:00,73.52162573458217,81.11
2026-02-19 00:00:00+01:00,87.4611367891737,87.84
2026-02-19 00:15:00+01:00,86.19231459330747,83.29
2026-02-19 00:30:00+01:00,83.83796975257744,83.29
2026-02-19 00:45:00+01:00,80.54146815483176,80.68
2026-02-19 01:00:00+01:00,86.05988166169696,86.75
2026-02-19 01:15:00+01:00,82.24056044233676,83.83
2026-02-19 01:30:00+01:00,81.07972302552768,80.8
2026-02-19 01:45:00+01:00,80.03806528753982,76.02
2026-02-19 02:00:00+01:00,82.17140814829041,84.89
2026-02-19 02:15:00+01:00,79.57150595548202,82.0
2026-02-19 02:30:00+01:00,78.69442890033577,81.0
2026-02-19 02:45:00+01:00,78.74350095440202,79.83
2026-02-19 03:00:00+01:00,80.09380180282629,83.58
2026-02-19 03:15:00+01:00,79.56603128869229,80.76
2026-02-19 03:30:00+01:00,78.50684104189239,80.67
2026-02-19 03:45:00+01:00,75.79923059165053,80.79
2026-02-19 04:00:00+01:00,77.10719965827647,74.09
2026-02-19 04:15:00+01:00,79.41555160508592,76.14
2026-02-19 04:30:00+01:00,76.51524267631564,78.71
2026-02-19 04:45:00+01:00,80.31366843629607,81.68
2026-02-19 05:00:00+01:00,78.97381894391252,79.61
2026-02-19 05:15:00+01:00,77.21037397107352,82.26
2026-02-19 05:30:00+01:00,80.89811514533646,86.39
2026-02-19 05:45:00+01:00,85.66930423112052,88.34
2026-02-19 06:00:00+01:00,78.13761418092261,79.98
2026-02-19 06:15:00+01:00,84.08668023192357,83.37
2026-02-19 06:30:00+01:00,86.53423199520589,87.18
2026-02-19 06:45:00+01:00,90.49787009928528,97.92
2026-02-19 07:00:00+01:00,85.31189267485914,82.01
2026-02-19 07:15:00+01:00,86.67538385860642,89.34
2026-02-19 07:30:00+01:00,91.3915194221826,93.55
2026-02-19 07:45:00+01:00,96.30021414658579,92.05
2026-02-19 08:00:00+01:00,90.6369584868261,94.37
2026-02-19 08:15:00+01:00,96.39680918590508,97.84
2026-02-19 08:30:00+01:00,98.01375860957916,98.26
2026-02-19 08:45:00+01:00,96.75602069432041,97.31
2026-02-19 09:00:00+01:00,102.68001008729846,105.63
2026-02-19 09:15:00+01:00,100.52241959968624,104.25
2026-02-19 09:30:00+01:00,97.70306523208576,103.58
2026-02-19 09:45:00+01:00,92.21590213430737,100.98
2026-02-19 10:00:00+01:00,99.50893403696014,106.81
2026-02-19 10:15:00+01:00,95.74043516027163,101.26
2026-02-19 10:30:00+01:00,91.4091652531817,98.3
2026-02-19 10:45:00+01:00,88.99236667692647,97.61
2026-02-19 11:00:00+01:00,92.80019045317376,97.22
2026-02-19 11:15:00+01:00,91.04450993280422,96.84
2026-02-19 11:30:00+01:00,89.38170702779264,95.3
2026-02-19 11:45:00+01:00,87.47818493153238,91.07
2026-02-19 12:00:00+01:00,87.81578183893333,94.52
2026-02-19 12:15:00+01:00,86.34021992313465,90.17
2026-02-19 12:30:00+01:00,87.00657503989584,89.5
2026-02-19 12:45:00+01:00,86.42045045911978,89.81
2026-02-19 13:00:00+01:00,86.34330534090807,90.86
2026-02-19 13:15:00+01:00,84.62785590037907,90.16
2026-02-19 13:30:00+01:00,83.98674567591853,89.76
2026-02-19 13:45:00+01:00,84.98947852579789,89.62
2026-02-19 14:00:00+01:00,85.8766362266511,89.19
2026-02-19 14:15:00+01:00,89.45990932614204,89.7
2026-02-19 14:30:00+01:00,88.69013038242518,89.96
2026-02-19 14:45:00+01:00,90.40494475158873,91.79
2026-02-19 15:00:00+01:00,87.50550082192692,85.28
2026-02-19 15:15:00+01:00,91.07066167287442,88.35
2026-02-19 15:30:00+01:00,92.11977220139876,96.49
2026-02-19 15:45:00+01:00,93.9521782254067,100.23
2026-02-19 16:00:00+01:00,91.03912124889288,88.0
2026-02-19 16:15:00+01:00,92.0554101498092,96.53
2026-02-19 16:30:00+01:00,96.39665002332642,99.33
2026-02-19 16:45:00+01:00,100.64754589754524,101.71
2026-02-19 17:00:00+01:00,98.9115905673032,98.21
2026-02-19 17:15:00+01:00,104.33380151478246,103.36
2026-02-19 17:30:00+01:00,109.10876324272469,108.93
2026-02-19 17:45:00+01:00,110.35775640693346,112.27
2026-02-19 18:00:00+01:00,107.07997113149253,103.92
2026-02-19 18:15:00+01:00,111.2054060339861,106.95
2026-02-19 18:30:00+01:00,109.43049697617013,120.04
2026-02-19 18:45:00+01:00,105.67928981319886,123.16
2026-02-19 19:00:00+01:00,109.0402170232374,123.65
2026-02-19 19:15:00+01:00,104.99636518910056,117.36
2026-02-19 19:30:00+01:00,104.56833315120811,104.44
2026-02-19 19:45:00+01:00,101.70865797644107,100.09
2026-02-19 20:00:00+01:00,105.40909955866405,110.58
2026-02-19 20:15:00+01:00,98.51734967859477,100.0
2026-02-19 20:30:00+01:00,94.96035401639175,97.75
2026-02-19 20:45:00+01:00,90.48899032689417,93.61
2026-02-19 21:00:00+01:00,99.34158024519621,103.92
2026-02-19 21:15:00+01:00,96.39016509112052,97.52
2026-02-19 21:30:00+01:00,92.66344918363417,97.09
2026-02-19 21:45:00+01:00,87.79644546576063,93.93
2026-02-19 22:00:00+01:00,98.92908525778697,98.96
2026-02-19 22:15:00+01:00,93.16502277756881,96.86
2026-02-19 22:30:00+01:00,92.8037311276274,89.05
2026-02-19 22:45:00+01:00,88.34034113693123,83.53
2026-02-19 23:00:00+01:00,93.37035297764706,90.72
2026-02-19 23:15:00+01:00,89.29597167549427,85.34
2026-02-19 23:30:00+01:00,85.558763797726,83.2
2026-02-19 23:45:00+01:00,80.93533456647926,81.48
2026-02-20 00:00:00+01:00,96.63912447258565,87.53
2026-02-20 00:15:00+01:00,92.5112131650281,85.16
2026-02-20 00:30:00+01:00,85.86095440874315,86.27
2026-02-20 00:45:00+01:00,82.7703773012187,85.28
2026-02-20 01:00:00+01:00,91.96032449059565,86.83
2026-02-20 01:15:00+01:00,87.81586527250487,86.57
2026-02-20 01:30:00+01:00,85.41435385830484,85.62
2026-02-20 01:45:00+01:00,83.34346277951353,84.69
2026-02-20 02:00:00+01:00,86.2775635570186,86.25
2026-02-20 02:15:00+01:00,83.75604817620588,85.28
2026-02-20 02:30:00+01:00,82.87746946163361,84.57
2026-02-20 02:45:00+01:00,83.05754412733346,85.65
2026-02-20 03:00:00+01:00,83.0150230634045,84.74
2026-02-20 03:15:00+01:00,82.28048908649143,84.74
2026-02-20 03:30:00+01:00,81.90836356345717,84.86
2026-02-20 03:45:00+01:00,82.0713155640634,85.18
2026-02-20 04:00:00+01:00,79.92208024050059,82.4
2026-02-20 04:15:00+01:00,82.35060960400841,83.41
2026-02-20 04:30:00+01:00,85.19888788574866,85.08
2026-02-20 04:45:00+01:00,85.7601055639746,86.78
2026-02-20 05:00:00+01:00,84.2636618312497,85.53
2026-02-20 05:15:00+01:00,83.84056971515454,85.32
2026-02-20 05:30:00+01:00,88.21440196886623,89.61
2026-02-20 05:45:00+01:00,97.894294571375,100.62
2026-02-20 06:00:00+01:00,84.61717433356755,85.22
2026-02-20 06:15:00+01:00,96.84069645661387,105.27
2026-02-20 06:30:00+01:00,103.70172471668454,111.97
2026-02-20 06:45:00+01:00,114.82904874437249,116.87
2026-02-20 07:00:00+01:00,111.32403637432782,109.21
2026-02-20 07:15:00+01:00,122.40298153854008,112.4
2026-02-20 07:30:00+01:00,125.55403231696299,118.81
2026-02-20 07:45:00+01:00,123.71973812783978,114.71
2026-02-20 08:00:00+01:00,145.13436758707564,121.17
2026-02-20 08:15:00+01:00,128.37576534277468,121.93
2026-02-20 08:30:00+01:00,116.71917812939006,114.72
2026-02-20 08:45:00+01:00,106.45550118970631,106.75
2026-02-20 09:00:00+01:00,119.20883962340764,122.42
2026-02-20 09:15:00+01:00,110.34670126567936,115.72
2026-02-20 09:30:00+01:00,102.17103392911493,104.29
2026-02-20 09:45:00+01:00,92.46415851970104,94.3
2026-02-20 10:00:00+01:00,104.77690845888911,103.41
2026-02-20 10:15:00+01:00,94.54720413257547,94.34
2026-02-20 10:30:00+01:00,90.31245800620012,85.05
2026-02-20 10:45:00+01:00,83.34703319203948,81.6
2026-02-20 11:00:00+01:00,91.19949640519492,90.08
2026-02-20 11:15:00+01:00,86.11879012037973,85.9
2026-02-20 11:30:00+01:00,83.31723802888686,82.71
2026-02-20 11:45:00+01:00,81.70570458602909,76.04
2026-02-20 12:00:00+01:00,83.66167272602917,84.93
2026-02-20 12:15:00+01:00,80.70687768481855,82.41
2026-02-20 12:30:00+01:00,81.99149327076606,79.02
2026-02-20 12:45:00+01:00,81.24040298730327,77.69
2026-02-20 13:00:00+01:00,81.48195169322379,80.22
2026-02-20 13:15:00+01:00,81.1247534666167,81.02
2026-02-20 13:30:00+01:00,83.0103279173436,80.52
2026-02-20 13:45:00+01:00,83.8157942160237,76.64
2026-02-20 14:00:00+01:00,83.04137383564748,75.62
2026-02-20 14:15:00+01:00,84.41114827970105,80.13
2026-02-20 14:30:00+01:00,86.0342392289975,81.04
2026-02-20 14:45:00+01:00,91.87363314191194,83.04
2026-02-20 15:00:00+01:00,84.13352056981007,73.55
2026-02-20 15:15:00+01:00,89.37541006278019,83.59
2026-02-20 15:30:00+01:00,96.1504899217081,85.41
2026-02-20 15:45:00+01:00,95.35446067411833,91.31
2026-02-20 16:00:00+01:00,91.83364617642223,82.52
2026-02-20 16:15:00+01:00,93.62357361459797,93.41
2026-02-20 16:30:00+01:00,93.39403292155222,94.73
2026-02-20 16:45:00+01:00,96.07646910381385,96.77
2026-02-20 17:00:00+01:00,96.23449670055868,97.39
2026-02-20 17:15:00+01:00,95.891427278176,99.46
2026-02-20 17:30:00+01:00,93.83021886971574,104.94
2026-02-20 17:45:00+01:00,93.40708052014267,103.96
2026-02-20 18:00:00+01:00,95.0247844085042,98.57
2026-02-20 18:15:00+01:00,94.68061868224618,98.16
2026-02-20 18:30:00+01:00,90.82354743101057,90.34
2026-02-20 18:45:00+01:00,85.1224910797569,88.06
2026-02-20 19:00:00+01:00,90.27385614682123,91.46
2026-02-20 19:15:00+01:00,81.67237167283412,89.63
2026-02-20 19:30:00+01:00,81.0520605635526,82.26
2026-02-20 19:45:00+01:00,72.46876863982791,68.6
2026-02-20 20:00:00+01:00,85.99436294804389,96.0
2026-02-20 20:15:00+01:00,74.82690477042864,83.48
2026-02-20 20:30:00+01:00,66.78050234946357,73.02
2026-02-20 20:45:00+01:00,67.21175867877392,62.36
2026-02-20 21:00:00+01:00,85.43679201818082,87.84
2026-02-20 21:15:00+01:00,76.50937637601785,75.43
2026-02-20 21:30:00+01:00,68.10627028873591,61.88
2026-02-20 21:45:00+01:00,64.69593723098822,46.84
2026-02-20 22:00:00+01:00,82.45435320058426,81.64
2026-02-20 22:15:00+01:00,74.12955425425244,69.55
2026-02-20 22:30:00+01:00,69.0143392708148,61.26
2026-02-20 22:45:00+01:00,65.693518659094,46.11
2026-02-20 23:00:00+01:00,72.47613007723936,59.79
2026-02-20 23:15:00+01:00,65.37522123998666,48.65
2026-02-20 23:30:00+01:00,57.59730786357469,45.6
2026-02-20 23:45:00+01:00,49.14244840581543,33.18
2026-02-21 00:00:00+01:00,59.03186754332601,56.53
2026-02-21 00:15:00+01:00,47.97385208397124,52.63
2026-02-21 00:30:00+01:00,41.47701259390431,51.49
2026-02-21 00:45:00+01:00,38.33915212789067,49.11
2026-02-21 01:00:00+01:00,42.17711750161797,52.88
2026-02-21 01:15:00+01:00,38.52488020371898,47.1
2026-02-21 01:30:00+01:00,33.909782149886404,48.18
2026-02-21 01:45:00+01:00,32.354386162110515,38.42
2026-02-21 02:00:00+01:00,34.23940534341151,50.23
2026-02-21 02:15:00+01:00,32.065206699280026,47.09
2026-02-21 02:30:00+01:00,32.400056474434,41.52
2026-02-21 02:45:00+01:00,31.648583469425937,34.99
2026-02-21 03:00:00+01:00,39.618572933226034,46.37
2026-02-21 03:15:00+01:00,30.19146516490003,41.05
2026-02-21 03:30:00+01:00,28.623875165455978,37.58
2026-02-21 03:45:00+01:00,27.733019376900174,41.63
2026-02-21 04:00:00+01:00,29.66475363361787,40.08
2026-02-21 04:15:00+01:00,29.142863022916472,38.79
2026-02-21 04:30:00+01:00,33.470391150133906,40.03
2026-02-21 04:45:00+01:00,31.301171801831785,37.0
2026-02-21 05:00:00+01:00,33.37936016108283,36.8
2026-02-21 05:15:00+01:00,36.58755922575876,35.72
2026-02-21 05:30:00+01:00,38.898358927967806,40.16
2026-02-21 05:45:00+01:00,47.79885283851941,45.23
2026-02-21 06:00:00+01:00,35.27812970174173,24.94
2026-02-21 06:15:00+01:00,47.45716408599342,29.95
2026-02-21 06:30:00+01:00,50.61995228974609,38.01
2026-02-21 06:45:00+01:00,44.87001650607228,50.54
2026-02-21 07:00:00+01:00,46.37812979148337,42.37
2026-02-21 07:15:00+01:00,56.883283666045,38.35
2026-02-21 07:30:00+01:00,53.46931069324708,50.66
2026-02-21 07:45:00+01:00,54.963433207105375,56.58
2026-02-21 08:00:00+01:00,56.12456518248781,51.96
2026-02-21 08:15:00+01:00,55.864510734355726,52.93
2026-02-21 08:30:00+01:00,59.168362603998446,59.08
2026-02-21 08:45:00+01:00,62.42090534428696,60.23
2026-02-21 09:00:00+01:00,61.02303613295923,60.02
2026-02-21 09:15:00+01:00,64.35903525306733,55.31
2026-02-21 09:30:00+01:00,64.23838520736824,59.95
2026-02-21 09:45:00+01:00,61.499731779009274,56.86
2026-02-21 10:00:00+01:00,66.98332318730093,64.52
2026-02-21 10:15:00+01:00,62.34043686256897,61.99
2026-02-21 10:30:00+01:00,59.30345960440676,57.18
2026-02-21 10:45:00+01:00,61.638089741068,54.41
2026-02-21 11:00:00+01:00,60.103388976346814,61.81
2026-02-21 11:15:00+01:00,59.15481894800881,57.78
2026-02-21 11:30:00+01:00,60.34428680249749,53.96
2026-02-21 11:45:00+01:00,58.58575934485736,47.99
2026-02-21 12:00:00+01:00,56.29523498513362,61.8
2026-02-21 12:15:00+01:00,57.989050377985684,51.36
2026-02-21 12:30:00+01:00,60.2606071849222,46.47
2026-02-21 12:45:00+01:00,59.73967831855746,42.48
2026-02-21 13:00:00+01:00,58.5931579028463,47.75
2026-02-21 13:15:00+01:00,57.45707618607848,44.92
2026-02-21 13:30:00+01:00,57.578798872667235,44.79
2026-02-21 13:45:00+01:00,61.276712994312305,43.19
2026-02-21 14:00:00+01:00,57.81546471709809,43.05
2026-02-21 14:15:00+01:00,59.87793135349902,50.7
2026-02-21 14:30:00+01:00,61.00523809471868,59.1
2026-02-21 14:45:00+01:00,74.22185017647163,71.17
2026-02-21 15:00:00+01:00,59.1053104026192,49.33
2026-02-21 15:15:00+01:00,69.89559380412251,60.23
2026-02-21 15:30:00+01:00,81.06902505509487,78.08
2026-02-21 15:45:00+01:00,87.51126591669947,87.9
2026-02-21 16:00:00+01:00,76.40079455647893,67.51
2026-02-21 16:15:00+01:00,83.25410960429772,82.75
2026-02-21 16:30:00+01:00,93.30024866508073,88.57
2026-02-21 16:45:00+01:00,98.69615152899206,88.93
2026-02-21 17:00:00+01:00,96.71203766152311,88.26
2026-02-21 17:15:00+01:00,105.99397429068571,96.89
2026-02-21 17:30:00+01:00,111.24260756627194,102.69
2026-02-21 17:45:00+01:00,114.65930802053742,106.7
2026-02-21 18:00:00+01:00,108.81755468530147,106.8
2026-02-21 18:15:00+01:00,110.18630541418443,109.48
2026-02-21 18:30:00+01:00,109.19898222166903,109.72
2026-02-21 18:45:00+01:00,109.09975080490929,107.25
2026-02-21 19:00:00+01:00,110.16025095291906,107.01
2026-02-21 19:15:00+01:00,105.01077689527537,101.8
2026-02-21 19:30:00+01:00,104.7489746638997,98.73
2026-02-21 19:45:00+01:00,100.72056428583139,97.15
2026-02-21 20:00:00+01:00,104.0145017921152,96.49
2026-02-21 20:15:00+01:00,100.0514163418837,87.27
2026-02-21 20:30:00+01:00,96.4657502989549,87.31
2026-02-21 20:45:00+01:00,92.02462356732248,85.32
2026-02-21 21:00:00+01:00,101.01700340958605,86.18
2026-02-21 21:15:00+01:00,94.44213282248639,84.84
2026-02-21 21:30:00+01:00,90.5155767834159,82.23
2026-02-21 21:45:00+01:00,81.77231766130522,78.0
2026-02-21 22:00:00+01:00,94.93831503580327,86.0
2026-02-21 22:15:00+01:00,88.2331661837336,80.64
2026-02-21 22:30:00+01:00,80.46923667335359,72.45
2026-02-21 22:45:00+01:00,76.97639087037194,67.28
2026-02-21 23:00:00+01:00,76.45192248485573,79.7
2026-02-21 23:15:00+01:00,75.66400877736115,73.26
2026-02-21 23:30:00+01:00,71.15755848967169,66.7
2026-02-21 23:45:00+01:00,65.85646149638515,47.18
2026-02-22 00:00:00+01:00,67.55321594584508,68.03
2026-02-22 00:15:00+01:00,61.554097569732946,59.34
2026-02-22 00:30:00+01:00,61.81983157567457,53.62
2026-02-22 00:45:00+01:00,57.645963492714394,45.71
2026-02-22 01:00:00+01:00,61.40393174116498,60.23
2026-02-22 01:15:00+01:00,56.34568464851331,55.96
2026-02-22 01:30:00+01:00,54.435352574038916,50.29
2026-02-22 01:45:00+01:00,51.23730117234739,43.56
2026-02-22 02:00:00+01:00,56.210689970639365,50.01
2026-02-22 02:15:00+01:00,52.10570048901221,45.44
2026-02-22 02:30:00+01:00,52.541414717814405,41.68
2026-02-22 02:45:00+01:00,47.434167638108235,39.1
2026-02-22 03:00:00+01:00,52.740272128707694,38.79
2026-02-22 03:15:00+01:00,45.36826760153037,38.07
2026-02-22 03:30:00+01:00,43.03481669107964,45.16
2026-02-22 03:45:00+01:00,41.477802660475426,41.81
2026-02-22 04:00:00+01:00,45.27924385448357,36.91
2026-02-22 04:15:00+01:00,42.83170159399709,35.54
2026-02-22 04:30:00+01:00,44.55419472401707,41.82
2026-02-22 04:45:00+01:00,41.70407183245751,41.8
2026-02-22 05:00:00+01:00,50.548861465073514,39.08
2026-02-22 05:15:00+01:00,55.97460733513479,40.08
2026-02-22 05:30:00+01:00,42.14620977654164,37.94
2026-02-22 05:45:00+01:00,34.0627110365063,36.05
2026-02-22 06:00:00+01:00,38.97510071060277,32.3
2026-02-22 06:15:00+01:00,44.90452013832528,34.0
2026-02-22 06:30:00+01:00,39.74243512484757,35.26
2026-02-22 06:45:00+01:00,32.50237500383096,37.94
2026-02-22 07:00:00+01:00,32.050589878765706,37.11
2026-02-22 07:15:00+01:00,30.515965112829477,42.65
2026-02-22 07:30:00+01:00,29.32995641869266,41.32
2026-02-22 07:45:00+01:00,28.161603879469723,44.93
2026-02-22 08:00:00+01:00,32.80665999874138,42.06
2026-02-22 08:15:00+01:00,29.814438550407672,44.33
2026-02-22 08:30:00+01:00,29.521740723512934,47.97
2026-02-22 08:45:00+01:00,34.645233853691096,55.06
2026-02-22 09:00:00+01:00,27.735384370579396,53.6
2026-02-22 09:15:00+01:00,33.85158356069606,56.09
2026-02-22 09:30:00+01:00,40.33958145543153,56.09
2026-02-22 09:45:00+01:00,43.465964872079375,56.07
2026-02-22 10:00:00+01:00,40.64515759966453,59.08
2026-02-22 10:15:00+01:00,40.7432587430999,57.35
2026-02-22 10:30:00+01:00,41.76170712059899,54.71
2026-02-22 10:45:00+01:00,48.753974403627275,49.27
2026-02-22 11:00:00+01:00,41.41763854389731,54.71
2026-02-22 11:15:00+01:00,42.502276916315665,55.84
2026-02-22 11:30:00+01:00,43.830432134595725,54.59
2026-02-22 11:45:00+01:00,40.67537620358055,50.71
2026-02-22 12:00:00+01:00,39.35707221293543,51.79
2026-02-22 12:15:00+01:00,40.43404422289227,57.35
2026-02-22 12:30:00+01:00,41.501855359652026,50.37
2026-02-22 12:45:00+01:00,40.97061805971059,42.83
2026-02-22 13:00:00+01:00,40.00747037302964,56.33
2026-02-22 13:15:00+01:00,41.59401348409701,46.09
2026-02-22 13:30:00+01:00,44.67451271130821,40.97
2026-02-22 13:45:00+01:00,45.08483359881797,36.93
2026-02-22 14:00:00+01:00,48.8049035858184,44.13
2026-02-22 14:15:00+01:00,45.23291649310433,42.29
2026-02-22 14:30:00+01:00,35.946746296355826,42.02
2026-02-22 14:45:00+01:00,38.564780716759756,44.79
2026-02-22 15:00:00+01:00,39.80455855942946,45.51
2026-02-22 15:15:00+01:00,40.774408327580446,43.32
2026-02-22 15:30:00+01:00,38.34537549211103,45.51
2026-02-22 15:45:00+01:00,49.07667264874199,57.43
2026-02-22 16:00:00+01:00,50.55212440764616,52.77
2026-02-22 16:15:00+01:00,46.82941523341867,51.12
2026-02-22 16:30:00+01:00,58.204643048015775,57.46
2026-02-22 16:45:00+01:00,56.44089858656916,66.36
2026-02-22 17:00:00+01:00,63.50724172421605,66.42
2026-02-22 17:15:00+01:00,64.45567523969088,72.27
2026-02-22 17:30:00+01:00,67.0855701295389,75.88
2026-02-22 17:45:00+01:00,64.7185281449296,89.23
2026-02-22 18:00:00+01:00,68.76381983477552,74.81
2026-02-22 18:15:00+01:00,78.75299328426836,81.23
2026-02-22 18:30:00+01:00,76.49943826143394,82.0
2026-02-22 18:45:00+01:00,73.19238717887384,79.73
2026-02-22 19:00:00+01:00,74.3096539232294,73.0
2026-02-22 19:15:00+01:00,72.40216632884102,75.28
2026-02-22 19:30:00+01:00,68.16159249347311,80.2
2026-02-22 19:45:00+01:00,67.9305712282137,72.0
2026-02-22 20:00:00+01:00,68.80599707022395,71.98
2026-02-22 20:15:00+01:00,71.72454793030073,68.91
2026-02-22 20:30:00+01:00,66.36751170693024,68.24
2026-02-22 20:45:00+01:00,57.196629257699456,64.94
2026-02-22 21:00:00+01:00,65.46312802388324,69.11
2026-02-22 21:15:00+01:00,63.87787643953116,68.12
2026-02-22 21:30:00+01:00,61.06445094925662,68.97
2026-02-22 21:45:00+01:00,54.70205390823372,64.56
2026-02-22 22:00:00+01:00,71.8915907305738,79.94
2026-02-22 22:15:00+01:00,64.43640168540341,76.39
2026-02-22 22:30:00+01:00,60.08384562862094,69.22
2026-02-22 22:45:00+01:00,53.4894050735055,56.09
2026-02-22 23:00:00+01:00,57.13730135430907,71.17
2026-02-22 23:15:00+01:00,57.690085843011545,56.16
2026-02-22 23:30:00+01:00,54.12542245711605,49.36
2026-02-22 23:45:00+01:00,39.32219720792887,31.1
2026-02-23 00:00:00+01:00,54.4040558224744,50.7
2026-02-23 00:15:00+01:00,50.493578931680624,45.71
2026-02-23 00:30:00+01:00,50.656053363727075,37.92
2026-02-23 00:45:00+01:00,46.18449449818974,47.07
2026-02-23 01:00:00+01:00,47.81482873832258,46.0
2026-02-23 01:15:00+01:00,41.92080739831304,43.14
2026-02-23 01:30:00+01:00,44.05792992937726,42.73
2026-02-23 01:45:00+01:00,41.87387267359006,50.18
2026-02-23 02:00:00+01:00,45.57405492346531,45.92
2026-02-23 02:15:00+01:00,42.86773701068675,43.52
2026-02-23 02:30:00+01:00,42.176088262869875,45.56
2026-02-23 02:45:00+01:00,38.58842691599655,40.9
2026-02-23 03:00:00+01:00,37.58119280874707,45.23
2026-02-23 03:15:00+01:00,36.546114321109926,45.1
2026-02-23 03:30:00+01:00,38.65377988001217,44.29
2026-02-23 03:45:00+01:00,39.6116018911142,45.04
2026-02-23 04:00:00+01:00,37.45047550509639,40.75
2026-02-23 04:15:00+01:00,37.91147531191476,44.14
2026-02-23 04:30:00+01:00,44.665279842651685,46.7
2026-02-23 04:45:00+01:00,48.02195492022854,48.99
2026-02-23 05:00:00+01:00,35.09190809090949,47.75
2026-02-23 05:15:00+01:00,51.26237534173072,42.73
2026-02-23 05:30:00+01:00,61.253103282290056,55.11
2026-02-23 05:45:00+01:00,73.97649118107364,78.69
2026-02-23 06:00:00+01:00,51.27580627412577,55.27
2026-02-23 06:15:00+01:00,74.31598242939316,74.45
2026-02-23 06:30:00+01:00,84.68199685166222,88.12
2026-02-23 06:45:00+01:00,92.86644742505881,93.21
2026-02-23 07:00:00+01:00,85.92154484165556,91.8
2026-02-23 07:15:00+01:00,95.87505084336453,94.78
2026-02-23 07:30:00+01:00,103.14283320333608,98.57
2026-02-23 07:45:00+01:00,103.22684823931071,98.68
2026-02-23 08:00:00+01:00,110.4080436659422,102.64
2026-02-23 08:15:00+01:00,105.36733530080939,100.49
2026-02-23 08:30:00+01:00,100.11583423379062,99.02
2026-02-23 08:45:00+01:00,91.9441493198876,94.02
2026-02-23 09:00:00+01:00,103.4044961297084,97.26
2026-02-23 09:15:00+01:00,96.24598179854873,94.73
2026-02-23 09:30:00+01:00,85.87190398706787,89.81
2026-02-23 09:45:00+01:00,72.17271406097939,68.07
2026-02-23 10:00:00+01:00,88.69159906572145,92.85
2026-02-23 10:15:00+01:00,72.72400734482261,88.14
2026-02-23 10:30:00+01:00,65.57745866420608,58.16
2026-02-23 10:45:00+01:00,63.540663552652774,28.91
2026-02-23 11:00:00+01:00,63.94652248226975,60.36
2026-02-23 11:15:00+01:00,54.501856986602164,64.46
2026-02-23 11:30:00+01:00,51.47390793942867,47.89
2026-02-23 11:45:00+01:00,48.118122267741555,22.69
2026-02-23 12:00:00+01:00,48.05966582754993,22.95
2026-02-23 12:15:00+01:00,48.324445574450394,5.0
2026-02-23 12:30:00+01:00,49.522813517664936,2.5
2026-02-23 12:45:00+01:00,47.21134208298946,1.07
2026-02-23 13:00:00+01:00,48.40772694907027,2.25
2026-02-23 13:15:00+01:00,49.821704896990234,1.16
2026-02-23 13:30:00+01:00,50.20771307211519,1.36
2026-02-23 13:45:00+01:00,55.430196533331284,6.84
2026-02-23 14:00:00+01:00,50.34678219866252,10.1
2026-02-23 14:15:00+01:00,52.91248389740856,33.32
2026-02-23 14:30:00+01:00,54.823470964881835,47.16
2026-02-23 14:45:00+01:00,68.69812853723698,48.99
2026-02-23 15:00:00+01:00,50.486511284000045,20.09
2026-02-23 15:15:00+01:00,62.15201378877684,39.0
2026-02-23 15:30:00+01:00,82.41745320497105,78.44
2026-02-23 15:45:00+01:00,89.94883766562083,96.5
2026-02-23 16:00:00+01:00,74.09147419756653,41.64
2026-02-23 16:15:00+01:00,81.32964036972245,80.42
2026-02-23 16:30:00+01:00,88.3376635090247,93.56
2026-02-23 16:45:00+01:00,93.24422824010026,102.41
2026-02-23 17:00:00+01:00,92.68943848754171,83.61
2026-02-23 17:15:00+01:00,97.75628881152306,96.58
2026-02-23 17:30:00+01:00,102.34157119081134,99.57
2026-02-23 17:45:00+01:00,107.72063955020008,104.6
2026-02-23 18:00:00+01:00,101.04575372816853,103.96
2026-02-23 18:15:00+01:00,104.45427962130174,105.46
2026-02-23 18:30:00+01:00,104.31278018280634,105.99
2026-02-23 18:45:00+01:00,102.71642668715042,113.67
2026-02-23 19:00:00+01:00,102.84968685849739,109.04
2026-02-23 19:15:00+01:00,102.92174354886714,110.49
2026-02-23 19:30:00+01:00,99.11647193437943,110.91
2026-02-23 19:45:00+01:00,95.40790550608538,113.15
2026-02-23 20:00:00+01:00,100.747721913852,102.74
2026-02-23 20:15:00+01:00,96.16256211041878,102.8
2026-02-23 20:30:00+01:00,92.166229720656,93.74
2026-02-23 20:45:00+01:00,89.3736354345752,92.82
2026-02-23 21:00:00+01:00,93.77585558626832,101.27
2026-02-23 21:15:00+01:00,90.820844803463,99.93
2026-02-23 21:30:00+01:00,87.04358869911573,95.36
2026-02-23 21:45:00+01:00,74.79743994086817,92.38
2026-02-23 22:00:00+01:00,90.7678599360066,100.65
2026-02-23 22:15:00+01:00,88.41089608216976,96.97
2026-02-23 22:30:00+01:00,85.02104653428265,95.37
2026-02-23 22:45:00+01:00,80.43062538515538,90.43
2026-02-23 23:00:00+01:00,85.56409580668054,91.26
2026-02-23 23:15:00+01:00,81.21218940505041,87.89
2026-02-23 23:30:00+01:00,78.83522807864009,87.3
2026-02-23 23:45:00+01:00,73.94267831237538,82.7
2026-02-24 00:00:00+01:00,85.14047263563079,83.99
2026-02-24 00:15:00+01:00,86.01984707695183,84.22
2026-02-24 00:30:00+01:00,84.97449885874818,83.68
2026-02-24 00:45:00+01:00,83.19130789497653,77.54
2026-02-24 01:00:00+01:00,86.04327479986058,83.47
2026-02-24 01:15:00+01:00,84.49532002470251,83.82
2026-02-24 01:30:00+01:00,83.67889574658443,84.2
2026-02-24 01:45:00+01:00,86.71269662540148,84.36
2026-02-24 02:00:00+01:00,85.97021228701747,85.16
2026-02-24 02:15:00+01:00,83.45008824171664,85.66
2026-02-24 02:30:00+01:00,87.62908870453634,85.82
2026-02-24 02:45:00+01:00,84.08396398389056,87.26
2026-02-24 03:00:00+01:00,83.5428083605731,84.15
2026-02-24 03:15:00+01:00,87.82127745601714,85.69
2026-02-24 03:30:00+01:00,85.25641161941695,86.58
2026-02-24 03:45:00+01:00,90.41463540110495,89.38
2026-02-24 04:00:00+01:00,84.07962669247446,87.23
2026-02-24 04:15:00+01:00,86.21947285018958,87.64
2026-02-24 04:30:00+01:00,88.24785112207974,88.01
2026-02-24 04:45:00+01:00,89.60270939116438,89.94
2026-02-24 05:00:00+01:00,85.46757622593944,87.66
2026-02-24 05:15:00+01:00,88.73925356699961,88.73
2026-02-24 05:30:00+01:00,92.18680627317622,96.95
2026-02-24 05:45:00+01:00,101.30018790831132,103.34
2026-02-24 06:00:00+01:00,87.77980388327423,94.0
2026-02-24 06:15:00+01:00,101.70181255947365,106.15
2026-02-24 06:30:00+01:00,117.30686400762517,118.74
2026-02-24 06:45:00+01:00,128.9954158373149,125.6
2026-02-24 07:00:00+01:00,111.0536674757984,118.67
2026-02-24 07:15:00+01:00,121.35567696094517,129.59
2026-02-24 07:30:00+01:00,127.51510555337647,138.39
2026-02-24 07:45:00+01:00,138.62680333323027,145.74
2026-02-24 08:00:00+01:00,134.77158945600766,140.56
2026-02-24 08:15:00+01:00,140.6043344454265,147.1
2026-02-24 08:30:00+01:00,144.0889552766771,151.38
2026-02-24 08:45:00+01:00,133.37176459191397,150.86
2026-02-24 09:00:00+01:00,148.35955857588095,147.02
2026-02-24 09:15:00+01:00,137.7926294510184,145.18
2026-02-24 09:30:00+01:00,126.56940855810237,139.39
2026-02-24 09:45:00+01:00,115.22448341827626,131.29
2026-02-24 10:00:00+01:00,132.40017407766027,149.6
2026-02-24 10:15:00+01:00,117.09479378178993,130.37
2026-02-24 10:30:00+01:00,111.57922085209289,121.62
2026-02-24 10:45:00+01:00,112.12232908987511,113.48
2026-02-24 11:00:00+01:00,113.57839687189278,120.98
2026-02-24 11:15:00+01:00,109.14457887484028,111.61
2026-02-24 11:30:00+01:00,106.7999550946857,109.84
2026-02-24 11:45:00+01:00,103.95894401449935,103.15
2026-02-24 12:00:00+01:00,105.6609293463485,104.44
2026-02-24 12:15:00+01:00,103.67279486965882,99.95
2026-02-24 12:30:00+01:00,103.62295924860183,98.57
2026-02-24 12:45:00+01:00,103.57874531241104,97.8
2026-02-24 13:00:00+01:00,103.78023901185989,101.02
2026-02-24 13:15:00+01:00,103.19776921370406,99.98
2026-02-24 13:30:00+01:00,107.99941424634967,98.45
2026-02-24 13:45:00+01:00,107.66598556819895,97.75
2026-02-24 14:00:00+01:00,104.01660309120048,90.33
2026-02-24 14:15:00+01:00,106.89145310997726,95.06
2026-02-24 14:30:00+01:00,109.99034978473053,96.28
2026-02-24 14:45:00+01:00,116.99736226598057,98.35
2026-02-24 15:00:00+01:00,107.59762745223841,97.87
2026-02-24 15:15:00+01:00,115.4116157890183,100.19
2026-02-24 15:30:00+01:00,127.81889936506853,107.99
2026-02-24 15:45:00+01:00,139.7353096731593,122.24
2026-02-24 16:00:00+01:00,118.07425225340602,111.0
2026-02-24 16:15:00+01:00,125.62377253475574,115.74
2026-02-24 16:30:00+01:00,141.6231354210265,131.49
2026-02-24 16:45:00+01:00,156.494891786552,145.0
2026-02-24 17:00:00+01:00,145.92987444196416,132.44
2026-02-24 17:15:00+01:00,161.55077280682832,157.95
2026-02-24 17:30:00+01:00,167.66537406109947,195.47
2026-02-24 17:45:00+01:00,168.36444876853633,243.02
2026-02-24 18:00:00+01:00,170.71187155475087,198.97
2026-02-24 18:15:00+01:00,156.68735678316912,193.97
2026-02-24 18:30:00+01:00,168.05737016830145,181.84
2026-02-24 18:45:00+01:00,160.88748757009247,161.41
2026-02-24 19:00:00+01:00,160.27903492392542,179.73
2026-02-24 19:15:00+01:00,154.70257015096533,144.44
2026-02-24 19:30:00+01:00,138.91481733688732,137.86
2026-02-24 19:45:00+01:00,126.7751228996538,115.64
2026-02-24 20:00:00+01:00,138.08793381436038,130.83
2026-02-24 20:15:00+01:00,124.46579887130032,125.01
2026-02-24 20:30:00+01:00,129.97696359518966,115.11
2026-02-24 20:45:00+01:00,110.86159882992794,104.88
2026-02-24 21:00:00+01:00,130.60882803577746,117.82
2026-02-24 21:15:00+01:00,114.31396242375644,111.2
2026-02-24 21:30:00+01:00,107.2887033950781,106.48
2026-02-24 21:45:00+01:00,114.40281566526485,99.4
2026-02-24 22:00:00+01:00,114.25723038891395,107.43
2026-02-24 22:15:00+01:00,122.96242299148066,103.25
2026-02-24 22:30:00+01:00,102.10462203061704,100.11
2026-02-24 22:45:00+01:00,100.2143132790881,96.03
2026-02-24 23:00:00+01:00,107.78886954870501,98.11
2026-02-24 23:15:00+01:00,97.43375657103773,96.61
2026-02-24 23:30:00+01:00,92.83715298648085,92.43
2026-02-24 23:45:00+01:00,88.39085353570346,88.46
2026-02-25 00:00:00+01:00,100.84877970532983,99.04
2026-02-25 00:15:00+01:00,96.24714922501208,92.68
2026-02-25 00:30:00+01:00,92.30419284952164,89.93
2026-02-25 00:45:00+01:00,90.64902841772009,86.92
2026-02-25 01:00:00+01:00,97.54977997545816,91.48
2026-02-25 01:15:00+01:00,96.1287278786379,89.45
2026-02-25 01:30:00+01:00,95.47780476466106,85.32
2026-02-25 01:45:00+01:00,92.45449289774515,83.36
2026-02-25 02:00:00+01:00,95.7888387899085,87.69
2026-02-25 02:15:00+01:00,92.18664208186388,85.81
2026-02-25 02:30:00+01:00,94.79952238088447,83.54
2026-02-25 02:45:00+01:00,90.80616951738999,82.29
2026-02-25 03:00:00+01:00,97.86492698498411,88.53
2026-02-25 03:15:00+01:00,94.21833390738982,88.06
2026-02-25 03:30:00+01:00,93.31406974916327,88.19
2026-02-25 03:45:00+01:00,93.55686379314305,87.6
2026-02-25 04:00:00+01:00,90.18695571654769,88.31
2026-02-25 04:15:00+01:00,91.0258547394556,87.31
2026-02-25 04:30:00+01:00,92.04690413979277,89.24
2026-02-25 04:45:00+01:00,93.5673609230879,89.58
2026-02-25 05:00:00+01:00,94.87312619145567,87.14
2026-02-25 05:15:00+01:00,99.97203748154415,89.72
2026-02-25 05:30:00+01:00,94.51492026667911,96.15
2026-02-25 05:45:00+01:00,118.96525379016185,99.68
2026-02-25 06:00:00+01:00,92.24188906499941,95.7
2026-02-25 06:15:00+01:00,106.3050409438344,108.48
2026-02-25 06:30:00+01:00,120.52088233128902,120.15
2026-02-25 06:45:00+01:00,137.39718546187345,130.94
2026-02-25 07:00:00+01:00,118.71773952701152,124.64
2026-02-25 07:15:00+01:00,131.0089415310411,133.31
2026-02-25 07:30:00+01:00,132.77916052074272,136.42
2026-02-25 07:45:00+01:00,131.2265674687724,128.56
2026-02-25 08:00:00+01:00,140.71917304311336,137.57
2026-02-25 08:15:00+01:00,134.7584496922235,123.9
2026-02-25 08:30:00+01:00,122.9362188775299,115.85
2026-02-25 08:45:00+01:00,103.8698063169324,102.09
2026-02-25 09:00:00+01:00,123.74992198917475,123.76
2026-02-25 09:15:00+01:00,105.22629799127189,110.7
2026-02-25 09:30:00+01:00,93.1164662792878,100.28
2026-02-25 09:45:00+01:00,83.89643647239674,93.96
2026-02-25 10:00:00+01:00,93.64270634859749,102.16
2026-02-25 10:15:00+01:00,83.79782436120749,95.18
2026-02-25 10:30:00+01:00,75.5921887251043,85.25
2026-02-25 10:45:00+01:00,65.73478533578758,80.73
2026-02-25 11:00:00+01:00,77.86487092390892,87.43
2026-02-25 11:15:00+01:00,69.6143207998555,84.29
2026-02-25 11:30:00+01:00,62.06223477996669,82.67
2026-02-25 11:45:00+01:00,59.536214007055776,65.0
2026-02-25 12:00:00+01:00,59.884594284206,84.4
2026-02-25 12:15:00+01:00,57.65807003481502,70.91
2026-02-25 12:30:00+01:00,57.88935820713642,57.88
2026-02-25 12:45:00+01:00,54.19588087644021,50.02
2026-02-25 13:00:00+01:00,58.38456706759343,66.07
2026-02-25 13:15:00+01:00,59.949734367745116,60.2
2026-02-25 13:30:00+01:00,59.07685174876776,58.81
2026-02-25 13:45:00+01:00,65.62530830088538,55.71
2026-02-25 14:00:00+01:00,48.946938720505514,45.03
2026-02-25 14:15:00+01:00,66.19117943691278,65.92
2026-02-25 14:30:00+01:00,66.72942430845791,75.47
2026-02-25 14:45:00+01:00,79.21272967306152,84.97
2026-02-25 15:00:00+01:00,64.1203299100376,68.65
2026-02-25 15:15:00+01:00,75.22786366051018,73.43
2026-02-25 15:30:00+01:00,91.17639183348767,86.08
2026-02-25 15:45:00+01:00,109.89378093348165,95.77
2026-02-25 16:00:00+01:00,86.10598940773653,77.13
2026-02-25 16:15:00+01:00,93.06461855334088,95.04
2026-02-25 16:30:00+01:00,112.72175014393738,103.98
2026-02-25 16:45:00+01:00,118.31212673512434,129.33
2026-02-25 17:00:00+01:00,118.04152670230464,100.37
2026-02-25 17:15:00+01:00,117.00040342791598,108.21
2026-02-25 17:30:00+01:00,120.2793739962006,120.19
2026-02-25 17:45:00+01:00,123.48138400795824,145.8
2026-02-25 18:00:00+01:00,123.50530085018278,134.34
2026-02-25 18:15:00+01:00,116.45023399012739,123.16
2026-02-25 18:30:00+01:00,116.63838116397638,114.91
2026-02-25 18:45:00+01:00,116.91599875109051,114.67
2026-02-25 19:00:00+01:00,117.35535638772444,112.9
2026-02-25 19:15:00+01:00,108.20027533091974,108.83
2026-02-25 19:30:00+01:00,109.07493537592677,104.23
2026-02-25 19:45:00+01:00,101.68873367653575,102.65
2026-02-25 20:00:00+01:00,105.6791720555638,104.99
2026-02-25 20:15:00+01:00,102.1479260856814,96.24
2026-02-25 20:30:00+01:00,98.44404194855241,91.07
2026-02-25 20:45:00+01:00,94.04567036501557,84.72
2026-02-25 21:00:00+01:00,104.33376770900779,94.9
2026-02-25 21:15:00+01:00,97.42557214858009,90.21
2026-02-25 21:30:00+01:00,92.74444152876696,85.01
2026-02-25 21:45:00+01:00,87.97615482310104,79.0
2026-02-25 22:00:00+01:00,102.14547103703327,98.99
2026-02-25 22:15:00+01:00,94.02444072800907,87.1
2026-02-25 22:30:00+01:00,90.44864335557192,82.3
2026-02-25 22:45:00+01:00,82.27724360237845,78.92
2026-02-25 23:00:00+01:00,91.26571438347068,87.83
2026-02-25 23:15:00+01:00,86.9833965254633,82.39
2026-02-25 23:30:00+01:00,83.21842386689676,78.99
2026-02-25 23:45:00+01:00,68.88875029926602,67.27
2026-02-26 00:00:00+01:00,84.16301385906485,82.39
2026-02-26 00:15:00+01:00,80.81366795065381,77.17
2026-02-26 00:30:00+01:00,78.22446484347626,75.14
2026-02-26 00:45:00+01:00,75.26729188703818,70.99
2026-02-26 01:00:00+01:00,81.09822158465245,80.0
2026-02-26 01:15:00+01:00,78.8835482408836,72.22
2026-02-26 01:30:00+01:00,78.84333677525284,70.64
2026-02-26 01:45:00+01:00,76.50672508093898,66.7
2026-02-26 02:00:00+01:00,79.03662536366635,69.24
2026-02-26 02:15:00+01:00,76.68350239448213,68.24
2026-02-26 02:30:00+01:00,76.99129359740162,68.25
2026-02-26 02:45:00+01:00,74.7441422658432,69.24
2026-02-26 03:00:00+01:00,76.88786388352518,69.46
2026-02-26 03:15:00+01:00,75.19381225075219,69.3
2026-02-26 03:30:00+01:00,74.78776149914499,70.5
2026-02-26 03:45:00+01:00,74.23069105850068,62.47
2026-02-26 04:00:00+01:00,72.9496686048421,64.47
2026-02-26 04:15:00+01:00,72.83025887681205,65.86
2026-02-26 04:30:00+01:00,76.85418011261264,68.25
2026-02-26 04:45:00+01:00,76.52463196837577,70.93
2026-02-26 05:00:00+01:00,75.46650491339686,64.38
2026-02-26 05:15:00+01:00,75.01996136191737,69.19
2026-02-26 05:30:00+01:00,75.8832102872123,76.84
2026-02-26 05:45:00+01:00,82.85642524828245,93.01
2026-02-26 06:00:00+01:00,73.45851805436706,74.06
2026-02-26 06:15:00+01:00,84.0348540082672,101.77
2026-02-26 06:30:00+01:00,90.3505942075717,112.4
2026-02-26 06:45:00+01:00,103.16205479008154,115.04
2026-02-26 07:00:00+01:00,94.2553749648153,112.0
2026-02-26 07:15:00+01:00,101.96794259756061,113.77
2026-02-26 07:30:00+01:00,105.40702562340567,112.2
2026-02-26 07:45:00+01:00,102.60890646917868,102.43
2026-02-26 08:00:00+01:00,112.47846441709726,108.19
2026-02-26 08:15:00+01:00,105.19171097272162,101.64
2026-02-26 08:30:00+01:00,94.3211338493318,95.34
2026-02-26 08:45:00+01:00,82.67809873675728,84.62
2026-02-26 09:00:00+01:00,97.17285910414682,95.51
2026-02-26 09:15:00+01:00,86.75814560660154,87.54
2026-02-26 09:30:00+01:00,77.52516493352712,71.39
2026-02-26 09:45:00+01:00,55.49523010365243,67.26
2026-02-26 10:00:00+01:00,78.30801299263777,73.47
2026-02-26 10:15:00+01:00,62.25991280819206,68.74
2026-02-26 10:30:00+01:00,47.563343320485714,66.75
2026-02-26 10:45:00+01:00,32.838695162330424,62.44
2026-02-26 11:00:00+01:00,48.3380444287959,74.62
2026-02-26 11:15:00+01:00,36.45857552279813,63.48
2026-02-26 11:30:00+01:00,30.167047508400927,50.2
2026-02-26 11:45:00+01:00,29.334192345875323,25.08
2026-02-26 12:00:00+01:00,29.821728304825,44.09
2026-02-26 12:15:00+01:00,27.75659980635257,19.78
2026-02-26 12:30:00+01:00,28.069362433460057,8.85
2026-02-26 12:45:00+01:00,28.325876520035862,7.43
2026-02-26 13:00:00+01:00,26.91819674586803,11.31
2026-02-26 13:15:00+01:00,30.967712819175127,10.06
2026-02-26 13:30:00+01:00,24.773744887966743,13.09
2026-02-26 13:45:00+01:00,37.23157720942628,21.75
2026-02-26 14:00:00+01:00,20.60066038209608,13.52
2026-02-26 14:15:00+01:00,40.176063331249296,40.06
2026-02-26 14:30:00+01:00,43.77317126354557,56.31
2026-02-26 14:45:00+01:00,66.16941575483744,68.66
2026-02-26 15:00:00+01:00,42.08571690927293,54.12
2026-02-26 15:15:00+01:00,57.69046186557858,65.54
2026-02-26 15:30:00+01:00,85.38838294440521,73.4
2026-02-26 15:45:00+01:00,95.61579127737623,92.17
2026-02-26 16:00:00+01:00,74.98383012253576,64.68
2026-02-26 16:15:00+01:00,88.50709010326693,89.92
2026-02-26 16:30:00+01:00,96.75016831095853,109.1
2026-02-26 16:45:00+01:00,103.19372118125548,115.23
2026-02-26 17:00:00+01:00,99.55223344706064,100.79
2026-02-26 17:15:00+01:00,107.13835544206952,107.72
2026-02-26 17:30:00+01:00,112.88407358811929,114.24
2026-02-26 17:45:00+01:00,113.76791141050371,121.8
2026-02-26 18:00:00+01:00,108.77676860199428,111.53
2026-02-26 18:15:00+01:00,107.58528739796151,112.56
2026-02-26 18:30:00+01:00,106.81123655620716,114.32
2026-02-26 18:45:00+01:00,103.60353483580619,113.97
2026-02-26 19:00:00+01:00,106.52257745047085,118.5
2026-02-26 19:15:00+01:00,100.64327178667064,111.61
2026-02-26 19:30:00+01:00,97.3305457910931,104.42
2026-02-26 19:45:00+01:00,94.1638829421944,97.41
2026-02-26 20:00:00+01:00,96.8884350557874,104.99
2026-02-26 20:15:00+01:00,94.41097504540502,93.99
2026-02-26 20:30:00+01:00,89.28685528766012,90.29
2026-02-26 20:45:00+01:00,84.5730210786708,84.52
2026-02-26 21:00:00+01:00,94.43470554867041,97.23
2026-02-26 21:15:00+01:00,89.26733824899796,86.25
2026-02-26 21:30:00+01:00,85.54946551137454,81.24
2026-02-26 21:45:00+01:00,80.86715596998935,71.59
2026-02-26 22:00:00+01:00,91.86207475237795,93.23
2026-02-26 22:15:00+01:00,85.63588205098371,82.29
2026-02-26 22:30:00+01:00,83.02383020847795,76.26
2026-02-26 22:45:00+01:00,76.50644671044671,70.05
2026-02-26 23:00:00+01:00,82.32341069597666,81.97
2026-02-26 23:15:00+01:00,77.75245826907022,73.09
2026-02-26 23:30:00+01:00,74.90487032419358,67.93
2026-02-26 23:45:00+01:00,65.71206155884613,63.31
2026-02-27 00:00:00+01:00,72.00980050026342,56.57
2026-02-27 00:15:00+01:00,71.27795188111534,56.55
2026-02-27 00:30:00+01:00,67.85231255146093,52.18
2026-02-27 00:45:00+01:00,63.477366064190846,55.29
2026-02-27 01:00:00+01:00,69.03525231955669,59.39
2026-02-27 01:15:00+01:00,65.90681398341107,58.09
2026-02-27 01:30:00+01:00,64.51242426099238,53.63
2026-02-27 01:45:00+01:00,59.14939675326086,52.92
2026-02-27 02:00:00+01:00,64.75677144080782,57.73
2026-02-27 02:15:00+01:00,61.51180634690586,56.56
2026-02-27 02:30:00+01:00,60.224096272656666,57.17
2026-02-27 02:45:00+01:00,57.47514496389944,57.75
2026-02-27 03:00:00+01:00,62.2228960785513,60.34
2026-02-27 03:15:00+01:00,60.491443864041685,57.38
2026-02-27 03:30:00+01:00,61.73788201362698,59.04
2026-02-27 03:45:00+01:00,61.29018091724316,63.24
2026-02-27 04:00:00+01:00,58.36500440627998,54.99
2026-02-27 04:15:00+01:00,59.63703733450655,60.04
2026-02-27 04:30:00+01:00,64.61715249214956,63.92
2026-02-27 04:45:00+01:00,63.612692128762134,68.23
2026-02-27 05:00:00+01:00,62.44401037051489,59.8
2026-02-27 05:15:00+01:00,63.63063565912414,61.29
2026-02-27 05:30:00+01:00,66.11802741398678,70.0
2026-02-27 05:45:00+01:00,75.18177274688094,72.88
2026-02-27 06:00:00+01:00,62.28545297644012,61.0
2026-02-27 06:15:00+01:00,77.76768119094082,77.0
2026-02-27 06:30:00+01:00,83.370855196959,83.02
2026-02-27 06:45:00+01:00,96.66056351530518,85.24
2026-02-27 07:00:00+01:00,84.4602675597874,87.55
2026-02-27 07:15:00+01:00,90.62340095557127,92.22
2026-02-27 07:30:00+01:00,95.12372250257346,87.8
2026-02-27 07:45:00+01:00,95.01814431096368,86.53
2026-02-27 08:00:00+01:00,98.75979065606668,92.08
2026-02-27 08:15:00+01:00,95.81159021558861,84.78
2026-02-27 08:30:00+01:00,89.57235006797026,78.52
2026-02-27 08:45:00+01:00,74.64013017842707,61.94
2026-02-27 09:00:00+01:00,92.59190703157125,84.62
2026-02-27 09:15:00+01:00,77.97541846538076,69.0
2026-02-27 09:30:00+01:00,62.01577003975283,59.05
2026-02-27 09:45:00+01:00,37.323827615895624,44.99
2026-02-27 10:00:00+01:00,64.98713274275721,61.0
2026-02-27 10:15:00+01:00,38.800804761724635,40.08
2026-02-27 10:30:00+01:00,32.85744717995827,19.17
2026-02-27 10:45:00+01:00,26.43329942546825,5.94
2026-02-27 11:00:00+01:00,32.90259627482631,3.89
2026-02-27 11:15:00+01:00,23.726848046708284,0.0
2026-02-27 11:30:00+01:00,21.859128629683582,0.0
2026-02-27 11:45:00+01:00,18.68220555364006,-0.01
2026-02-27 12:00:00+01:00,21.857111517729507,0.0
2026-02-27 12:15:00+01:00,17.51088554949108,-0.01
2026-02-27 12:30:00+01:00,16.426790627850252,-0.01
2026-02-27 12:45:00+01:00,16.40519036636651,-0.03
2026-02-27 13:00:00+01:00,16.598765932982985,-0.01
2026-02-27 13:15:00+01:00,18.756310752619044,-0.01
2026-02-27 13:30:00+01:00,19.210113074969982,-0.01
2026-02-27 13:45:00+01:00,29.07987046421134,-0.01
2026-02-27 14:00:00+01:00,6.631351789002352,-0.01
2026-02-27 14:15:00+01:00,25.940632420466613,0.0
2026-02-27 14:30:00+01:00,32.58856320068833,1.05
2026-02-27 14:45:00+01:00,63.679963988109314,29.91
2026-02-27 15:00:00+01:00,25.959743357901502,17.34
2026-02-27 15:15:00+01:00,45.409451405839036,53.95
2026-02-27 15:30:00+01:00,84.29226741147113,77.53
2026-02-27 15:45:00+01:00,95.27397466722478,90.2
2026-02-27 16:00:00+01:00,68.24729092763945,68.59
2026-02-27 16:15:00+01:00,89.14178868509006,86.94
2026-02-27 16:30:00+01:00,97.73902138217417,100.76
2026-02-27 16:45:00+01:00,105.91252266066974,111.71
2026-02-27 17:00:00+01:00,100.08866280207675,97.48
2026-02-27 17:15:00+01:00,111.00218254968033,109.68
2026-02-27 17:30:00+01:00,120.20263867073535,121.89
2026-02-27 17:45:00+01:00,123.4224572126852,131.73
2026-02-27 18:00:00+01:00,115.94157616890357,122.05
2026-02-27 18:15:00+01:00,113.47545859599207,120.0
2026-02-27 18:30:00+01:00,111.56335633037015,116.68
2026-02-27 18:45:00+01:00,107.62599997558205,113.67
2026-02-27 19:00:00+01:00,111.6059485527282,117.16
2026-02-27 19:15:00+01:00,100.04218563947731,111.29
2026-02-27 19:30:00+01:00,100.24452007542028,105.0
2026-02-27 19:45:00+01:00,98.1425537458865,103.56
2026-02-27 20:00:00+01:00,102.49967630183536,103.48
2026-02-27 20:15:00+01:00,96.06000364166933,101.77
2026-02-27 20:30:00+01:00,97.6286738006262,99.43
2026-02-27 20:45:00+01:00,86.24207605615503,95.44
2026-02-27 21:00:00+01:00,97.17885428616782,97.48
2026-02-27 21:15:00+01:00,91.7530802759602,93.01
2026-02-27 21:30:00+01:00,88.42270256277077,90.22
2026-02-27 21:45:00+01:00,84.6034247914779,83.14
2026-02-27 22:00:00+01:00,95.59081940520234,93.89
2026-02-27 22:15:00+01:00,88.29484956838256,91.43
2026-02-27 22:30:00+01:00,84.63896783314001,83.51
2026-02-27 22:45:00+01:00,78.41868968512384,81.21
2026-02-27 23:00:00+01:00,89.18892540317083,83.36
2026-02-27 23:15:00+01:00,83.76420286104135,82.21
2026-02-27 23:30:00+01:00,78.30149006383225,78.72
2026-02-27 23:45:00+01:00,70.78182931787144,75.72
2026-02-28 00:00:00+01:00,86.70306507016795,82.58
2026-02-28 00:15:00+01:00,83.32628645627155,80.7
2026-02-28 00:30:00+01:00,79.69472009935741,79.45
2026-02-28 00:45:00+01:00,76.58053898476167,77.35
2026-02-28 01:00:00+01:00,82.63334486996865,78.71
2026-02-28 01:15:00+01:00,78.85931411759871,78.0
2026-02-28 01:30:00+01:00,77.93755194175786,75.51
2026-02-28 01:45:00+01:00,75.0930391245117,73.0
2026-02-28 02:00:00+01:00,79.10124094907735,78.51
2026-02-28 02:15:00+01:00,76.0243247756064,75.08
2026-02-28 02:30:00+01:00,73.8814743884472,73.17
2026-02-28 02:45:00+01:00,71.90356873358509,72.15
2026-02-28 03:00:00+01:00,75.66414687732394,74.4
2026-02-28 03:15:00+01:00,73.89377407013902,73.01
2026-02-28 03:30:00+01:00,73.62853386215642,72.19
2026-02-28 03:45:00+01:00,71.09043072579789,67.5
2026-02-28 04:00:00+01:00,69.26095972283841,72.27
2026-02-28 04:15:00+01:00,71.25413923700782,72.32
2026-02-28 04:30:00+01:00,71.04183744182578,71.45
2026-02-28 04:45:00+01:00,71.37455480933583,71.53
2026-02-28 05:00:00+01:00,70.25578453204068,71.86
2026-02-28 05:15:00+01:00,69.76786414484044,70.65
2026-02-28 05:30:00+01:00,73.85241422788997,72.32
2026-02-28 05:45:00+01:00,81.91571701826737,74.17
2026-02-28 06:00:00+01:00,71.37945617812484,69.52
2026-02-28 06:15:00+01:00,75.09110861890107,72.25
2026-02-28 06:30:00+01:00,83.81358861976959,74.31
2026-02-28 06:45:00+01:00,84.26288851798338,75.61
2026-02-28 07:00:00+01:00,80.26944086053516,82.7
2026-02-28 07:15:00+01:00,76.80113417526752,83.01
2026-02-28 07:30:00+01:00,80.46767725194245,75.75
2026-02-28 07:45:00+01:00,78.68765274843986,63.7
2026-02-28 08:00:00+01:00,83.56916180785271,82.97
2026-02-28 08:15:00+01:00,78.19324824354905,67.78
2026-02-28 08:30:00+01:00,69.97022318677503,48.41
2026-02-28 08:45:00+01:00,58.34873567722544,29.3
2026-02-28 09:00:00+01:00,73.36328587055186,47.41
2026-02-28 09:15:00+01:00,58.94865946011439,20.73
2026-02-28 09:30:00+01:00,50.79487855746099,3.04
2026-02-28 09:45:00+01:00,27.456124334110328,0.01
2026-02-28 10:00:00+01:00,50.962196390910115,0.0
2026-02-28 10:15:00+01:00,35.94930340789935,0.0
2026-02-28 10:30:00+01:00,28.803246931280327,0.0
2026-02-28 10:45:00+01:00,25.56123632458616,-0.04
2026-02-28 11:00:00+01:00,31.105151505929598,0.0
2026-02-28 11:15:00+01:00,25.595860925011962,-0.01
2026-02-28 11:30:00+01:00,23.555242791153816,-0.02
2026-02-28 11:45:00+01:00,16.636485414326387,-0.08
2026-02-28 12:00:00+01:00,25.48132336360861,-0.02
2026-02-28 12:15:00+01:00,17.226107947600184,-0.06
2026-02-28 12:30:00+01:00,12.590369633328464,-0.28
2026-02-28 12:45:00+01:00,7.507010991467411,-0.65
2026-02-28 13:00:00+01:00,12.018897715682897,-0.27
2026-02-28 13:15:00+01:00,11.992266816342209,-0.48
2026-02-28 13:30:00+01:00,4.178398592412805,-0.09
2026-02-28 13:45:00+01:00,14.535208970396255,-0.05
2026-02-28 14:00:00+01:00,10.38070821770286,-0.03
2026-02-28 14:15:00+01:00,20.098588322807856,-0.01
2026-02-28 14:30:00+01:00,12.796567777834639,0.0
2026-02-28 14:45:00+01:00,32.32430066410073,0.01
2026-02-28 15:00:00+01:00,17.429183071139988,0.0
2026-02-28 15:15:00+01:00,33.47028341356203,0.07
2026-02-28 15:30:00+01:00,61.954272656775615,10.05
2026-02-28 15:45:00+01:00,79.58774492564844,49.33
2026-02-28 16:00:00+01:00,55.04623228797753,33.96
2026-02-28 16:15:00+01:00,68.33719736090305,58.41
2026-02-28 16:30:00+01:00,82.68374538080202,80.33
2026-02-28 16:45:00+01:00,86.79761138754,89.89
2026-02-28 17:00:00+01:00,83.57376394470668,75.05
2026-02-28 17:15:00+01:00,90.22419804470476,83.1
2026-02-28 17:30:00+01:00,96.02422753624273,96.59
2026-02-28 17:45:00+01:00,96.79272663633681,105.0
2026-02-28 18:00:00+01:00,94.97896794301835,97.21
2026-02-28 18:15:00+01:00,91.9198625634013,96.32
2026-02-28 18:30:00+01:00,93.84499039479597,96.36
2026-02-28 18:45:00+01:00,90.20992956845285,90.88
2026-02-28 19:00:00+01:00,94.8287171182508,92.25
2026-02-28 19:15:00+01:00,90.50173418119091,87.71
2026-02-28 19:30:00+01:00,80.38758141425123,85.12
2026-02-28 19:45:00+01:00,82.08401451336941,75.59
2026-02-28 20:00:00+01:00,78.84335343932365,83.37
2026-02-28 20:15:00+01:00,83.05387117616628,74.27
2026-02-28 20:30:00+01:00,82.41779102296279,61.44
2026-02-28 20:45:00+01:00,71.13562816754204,57.39
2026-02-28 21:00:00+01:00,83.0835747191155,67.91
2026-02-28 21:15:00+01:00,77.05435267830904,68.93
2026-02-28 21:30:00+01:00,72.25457768762229,67.31
2026-02-28 21:45:00+01:00,67.28516748303953,54.52
2026-02-28 22:00:00+01:00,83.46680012955647,72.78
2026-02-28 22:15:00+01:00,74.7316982848451,66.17
2026-02-28 22:30:00+01:00,74.08719089008343,64.23
2026-02-28 22:45:00+01:00,61.14810193570148,55.47
2026-02-28 23:00:00+01:00,73.26156703675707,72.72
2026-02-28 23:15:00+01:00,68.91477376756056,59.07
2026-02-28 23:30:00+01:00,62.84047038635802,59.32
2026-02-28 23:45:00+01:00,56.2245917537245,51.58
